time,0
1979-10-01,3.0512881e-05
1979-10-02,0.0029145633
1979-10-03,0.0
1979-10-04,0.0
1979-10-05,9.813848e-06
1979-10-06,7.437624e-06
1979-10-07,1.5565734e-06
1979-10-08,7.331404e-06
1979-10-09,9.335445e-10
1979-10-10,0.0
1979-10-11,0.0
1979-10-12,1.9865829e-05
1979-10-13,0.00027839752
1979-10-14,0.52097565
1979-10-15,1.3233492
1979-10-16,2.792873
1979-10-17,6.1822557
1979-10-18,10.424122
1979-10-19,20.702972
1979-10-20,4.0222993
1979-10-21,0.112461306
1979-10-22,10.744515
1979-10-23,12.019461
1979-10-24,18.428139
1979-10-25,21.861383
1979-10-26,29.849005
1979-10-27,40.46234
1979-10-28,11.874187
1979-10-29,3.8949735
1979-10-30,0.86551905
1979-10-31,0.0072378158
1979-11-01,2.2082107e-09
1979-11-02,1.1711686
1979-11-03,8.88126
1979-11-04,1.6008759
1979-11-05,1.4053226
1979-11-06,0.055472285
1979-11-07,1.1466249e-11
1979-11-08,0.0
1979-11-09,3.8700608e-07
1979-11-10,0.00027518207
1979-11-11,0.0010604484
1979-11-12,4.1379895e-05
1979-11-13,4.115809e-06
1979-11-14,8.214914e-08
1979-11-15,0.0
1979-11-16,18.101196
1979-11-17,13.341197
1979-11-18,3.4488785
1979-11-19,1.173035
1979-11-20,0.00094371755
1979-11-21,1.3800745e-08
1979-11-22,17.11599
1979-11-23,11.409616
1979-11-24,2.6043997
1979-11-25,7.394766
1979-11-26,0.06590925
1979-11-27,0.014114012
1979-11-28,1.9619075e-11
1979-11-29,0.00012786855
1979-11-30,3.7963483
1979-12-01,4.971885
1979-12-02,34.129814
1979-12-03,8.338785
1979-12-04,44.547714
1979-12-05,12.851571
1979-12-06,9.676973
1979-12-07,1.7020397
1979-12-08,0.026077027
1979-12-09,32.303658
1979-12-10,6.133338
1979-12-11,7.038067
1979-12-12,21.798851
1979-12-13,49.20823
1979-12-14,97.732864
1979-12-15,12.327028
1979-12-16,2.8397393
1979-12-17,120.00383
1979-12-18,34.421165
1979-12-19,28.20842
1979-12-20,11.319209
1979-12-21,17.165167
1979-12-22,1.2381217
1979-12-23,5.0677185
1979-12-24,9.538624
1979-12-25,7.069066
1979-12-26,12.011391
1979-12-27,0.72784424
1979-12-28,0.5130073
1979-12-29,0.20306349
1979-12-30,5.4605007
1979-12-31,13.036829
1980-01-01,9.443592
1980-01-02,14.6011
1980-01-03,7.4163985
1980-01-04,0.097221926
1980-01-05,1.3044803
1980-01-06,5.9158185e-05
1980-01-07,0.14511266
1980-01-08,5.3101726
1980-01-09,7.9897223
1980-01-10,8.3881645
1980-01-11,10.0802355
1980-01-12,63.887085
1980-01-13,3.9598563
1980-01-14,3.1507912
1980-01-15,10.584843
1980-01-16,20.250507
1980-01-17,1.1132061
1980-01-18,0.0017886988
1980-01-19,0.0
1980-01-20,1.1816067
1980-01-21,8.142393e-05
1980-01-22,9.9991745e-08
1980-01-23,0.00040230885
1980-01-24,0.13943592
1980-01-25,0.03370784
1980-01-26,0.0002669827
1980-01-27,0.0
1980-01-28,0.00040827674
1980-01-29,0.0002460481
1980-01-30,0.0
1980-01-31,1.910237
1980-02-01,46.419365
1980-02-02,30.895586
1980-02-03,20.7477
1980-02-04,10.477316
1980-02-05,1.3081284
1980-02-06,17.606358
1980-02-07,0.093285695
1980-02-08,0.0015890563
1980-02-09,0.00010474083
1980-02-10,1.0800718e-05
1980-02-11,8.715807e-05
1980-02-12,2.160904e-07
1980-02-13,0.04954529
1980-02-14,0.09222092
1980-02-15,0.60519886
1980-02-16,0.35980058
1980-02-17,2.6010222
1980-02-18,23.920036
1980-02-19,18.990042
1980-02-20,2.0396295
1980-02-21,0.61191034
1980-02-22,1.5310361e-06
1980-02-23,0.0
1980-02-24,0.93538547
1980-02-25,5.791643
1980-02-26,37.016357
1980-02-27,45.97277
1980-02-28,19.563393
1980-02-29,3.492779
1980-03-01,0.026249483
1980-03-02,1.65676
1980-03-03,1.3111188
1980-03-04,3.9706364
1980-03-05,0.74912727
1980-03-06,0.0
1980-03-07,0.0
1980-03-08,0.11326326
1980-03-09,5.801688
1980-03-10,21.432587
1980-03-11,15.905049
1980-03-12,8.882546
1980-03-13,33.310387
1980-03-14,11.066732
1980-03-15,11.354258
1980-03-16,2.2194433
1980-03-17,30.163204
1980-03-18,7.723383
1980-03-19,5.1688037
1980-03-20,6.2345266
1980-03-21,0.35891557
1980-03-22,0.26721004
1980-03-23,10.757616
1980-03-24,0.43801343
1980-03-25,0.039708994
1980-03-26,6.20249
1980-03-27,6.819513
1980-03-28,5.9493423
1980-03-29,15.738314
1980-03-30,2.817016
1980-03-31,0.61146903
1980-04-01,0.27491072
1980-04-02,0.0
1980-04-03,7.813743e-06
1980-04-04,0.5585613
1980-04-05,10.695224
1980-04-06,11.441188
1980-04-07,7.975231
1980-04-08,6.058054
1980-04-09,22.826925
1980-04-10,11.43272
1980-04-11,0.29805028
1980-04-12,0.0
1980-04-13,0.0
1980-04-14,3.8394582
1980-04-15,23.34003
1980-04-16,0.00022776236
1980-04-17,0.00043552188
1980-04-18,3.0155993
1980-04-19,32.528534
1980-04-20,14.682629
1980-04-21,1.4478567
1980-04-22,0.00630434
1980-04-23,6.846541e-05
1980-04-24,1.5793643
1980-04-25,0.01858889
1980-04-26,3.7097867e-05
1980-04-27,7.076926e-07
1980-04-28,5.027225
1980-04-29,4.632377
1980-04-30,0.0017072149
1980-05-01,2.5661457e-05
1980-05-02,0.088175684
1980-05-03,0.00016977478
1980-05-04,0.0
1980-05-05,1.5975065
1980-05-06,2.4531305
1980-05-07,0.06503285
1980-05-08,0.04011852
1980-05-09,8.220094
1980-05-10,5.180687
1980-05-11,0.20173791
1980-05-12,3.9477491
1980-05-13,0.61183274
1980-05-14,8.130973
1980-05-15,9.4891205
1980-05-16,0.60192096
1980-05-17,0.055996083
1980-05-18,0.0034958231
1980-05-19,0.0015935365
1980-05-20,15.071518
1980-05-21,21.749851
1980-05-22,3.7777898
1980-05-23,1.8976725
1980-05-24,6.169779
1980-05-25,4.9873695
1980-05-26,21.326508
1980-05-27,9.975185
1980-05-28,0.49122936
1980-05-29,0.6413199
1980-05-30,0.9555477
1980-05-31,0.57576406
1980-06-01,6.5448003
1980-06-02,7.0370073
1980-06-03,4.1512475
1980-06-04,5.7224216
1980-06-05,5.545826
1980-06-06,3.199499
1980-06-07,0.788419
1980-06-08,0.65332794
1980-06-09,3.0470173
1980-06-10,0.09089365
1980-06-11,0.0040147207
1980-06-12,2.4318304
1980-06-13,1.7383009
1980-06-14,6.131088
1980-06-15,0.5559757
1980-06-16,3.1401231
1980-06-17,13.566178
1980-06-18,0.016243706
1980-06-19,0.0026485794
1980-06-20,0.0013230705
1980-06-21,3.888696e-05
1980-06-22,2.6526725
1980-06-23,1.957226
1980-06-24,0.8224399
1980-06-25,14.1686535
1980-06-26,2.1333385
1980-06-27,10.324471
1980-06-28,0.057655126
1980-06-29,0.2818145
1980-06-30,0.01312208
1980-07-01,0.005812967
1980-07-02,9.379366e-06
1980-07-03,6.5441093
1980-07-04,12.035493
1980-07-05,2.5210319
1980-07-06,0.00016115842
1980-07-07,9.0550035e-05
1980-07-08,0.000108366025
1980-07-09,0.15372604
1980-07-10,0.24413487
1980-07-11,8.013325
1980-07-12,2.2863915
1980-07-13,0.53608876
1980-07-14,0.8243339
1980-07-15,0.2679814
1980-07-16,1.9530946
1980-07-17,0.047942273
1980-07-18,0.0006063908
1980-07-19,0.058148384
1980-07-20,0.36229256
1980-07-21,3.1442876e-05
1980-07-22,7.3599317e-06
1980-07-23,0.0045162197
1980-07-24,0.00035196272
1980-07-25,0.0008333654
1980-07-26,9.083067e-06
1980-07-27,6.5815478e-09
1980-07-28,0.0
1980-07-29,2.9747291e-06
1980-07-30,7.270056e-07
1980-07-31,2.1216913e-10
1980-08-01,0.02301361
1980-08-02,0.20964158
1980-08-03,0.97333723
1980-08-04,0.0003793904
1980-08-05,0.43933526
1980-08-06,0.17970742
1980-08-07,0.2799561
1980-08-08,0.057023317
1980-08-09,0.0075536203
1980-08-10,0.00059172214
1980-08-11,0.14590693
1980-08-12,0.1493017
1980-08-13,0.01028838
1980-08-14,0.1026379
1980-08-15,0.02461383
1980-08-16,0.043250043
1980-08-17,13.252523
1980-08-18,20.493362
1980-08-19,0.001402204
1980-08-20,0.00025819606
1980-08-21,0.0015858172
1980-08-22,0.08949299
1980-08-23,0.0059852516
1980-08-24,0.08780417
1980-08-25,1.410954e-09
1980-08-26,0.014854731
1980-08-27,13.932605
1980-08-28,1.6585827
1980-08-29,0.004309983
1980-08-30,0.064962536
1980-08-31,0.8996215
1980-09-01,16.991638
1980-09-02,10.494797
1980-09-03,0.06512226
1980-09-04,0.009834223
1980-09-05,0.000115419294
1980-09-06,0.00027470238
1980-09-07,3.154164
1980-09-08,0.0007036241
1980-09-09,0.0
1980-09-10,0.0
1980-09-11,0.00015823303
1980-09-12,3.222282
1980-09-13,7.173888
1980-09-14,0.2879567
1980-09-15,0.0
1980-09-16,0.0
1980-09-17,0.0008261119
1980-09-18,0.51383436
1980-09-19,18.22812
1980-09-20,24.331223
1980-09-21,3.2841654
1980-09-22,0.050323453
1980-09-23,0.086362734
1980-09-24,0.00029707234
1980-09-25,9.0279955e-06
1980-09-26,0.0
1980-09-27,0.0
1980-09-28,2.5195374
1980-09-29,9.836466
1980-09-30,10.032102
1980-10-01,0.00798456
1980-10-02,1.0997738e-06
1980-10-03,0.0
1980-10-04,5.7690333e-05
1980-10-05,0.0
1980-10-06,0.0
1980-10-07,0.0003847517
1980-10-08,1.061431
1980-10-09,0.0008949098
1980-10-10,0.0
1980-10-11,0.2450741
1980-10-12,10.733904
1980-10-13,8.183778
1980-10-14,0.030400082
1980-10-15,0.0012809035
1980-10-16,3.087217e-07
1980-10-17,0.0
1980-10-18,6.011129e-05
1980-10-19,0.020286009
1980-10-20,1.1812462
1980-10-21,2.1178088
1980-10-22,0.00089997984
1980-10-23,0.0
1980-10-24,0.38909674
1980-10-25,7.712346
1980-10-26,1.0863204
1980-10-27,0.00072608417
1980-10-28,0.0
1980-10-29,5.0091757e-07
1980-10-30,0.0
1980-10-31,5.118793
1980-11-01,39.282425
1980-11-02,21.138329
1980-11-03,26.593748
1980-11-04,21.45521
1980-11-05,0.0052187024
1980-11-06,26.589588
1980-11-07,68.36812
1980-11-08,41.698242
1980-11-09,13.393929
1980-11-10,5.222564
1980-11-11,9.422458e-05
1980-11-12,5.384038e-08
1980-11-13,0.0
1980-11-14,0.28070816
1980-11-15,0.0923294
1980-11-16,0.00023803378
1980-11-17,5.1518126
1980-11-18,10.588903
1980-11-19,20.061184
1980-11-20,5.401799
1980-11-21,66.23001
1980-11-22,0.038324267
1980-11-23,0.17510977
1980-11-24,0.026253376
1980-11-25,5.0329676
1980-11-26,0.0015130247
1980-11-27,36.39364
1980-11-28,1.1680564
1980-11-29,44.63297
1980-11-30,17.474882
1980-12-01,7.930825
1980-12-02,8.78738
1980-12-03,14.358697
1980-12-04,4.8548813
1980-12-05,7.315672
1980-12-06,2.7469826
1980-12-07,1.1242162e-05
1980-12-08,0.7201167
1980-12-09,0.13793753
1980-12-10,45.405685
1980-12-11,11.075359
1980-12-12,0.98312837
1980-12-13,0.17573455
1980-12-14,11.503953
1980-12-15,5.4581385
1980-12-16,0.0020959415
1980-12-17,0.009736675
1980-12-18,0.0042863027
1980-12-19,0.0
1980-12-20,5.3395348
1980-12-21,36.527428
1980-12-22,30.700281
1980-12-23,4.3903
1980-12-24,15.146975
1980-12-25,33.184338
1980-12-26,77.801346
1980-12-27,34.94117
1980-12-28,4.3695774
1980-12-29,0.75910115
1980-12-30,5.756921
1980-12-31,0.5932019
1981-01-01,1.5012816e-05
1981-01-02,0.0
1981-01-03,9.1884453e-07
1981-01-04,2.2114022e-10
1981-01-05,5.172928e-08
1981-01-06,0.4006227
1981-01-07,7.169863e-05
1981-01-08,1.3359759e-06
1981-01-09,2.453686
1981-01-10,2.2757372e-07
1981-01-11,1.1241127e-08
1981-01-12,0.0
1981-01-13,0.0
1981-01-14,1.8828561e-07
1981-01-15,0.0
1981-01-16,0.0
1981-01-17,4.8781395
1981-01-18,6.4041576
1981-01-19,1.3260506
1981-01-20,2.1670842
1981-01-21,11.043924
1981-01-22,15.21049
1981-01-23,6.3825502
1981-01-24,3.1577768
1981-01-25,2.4069397
1981-01-26,13.64942
1981-01-27,9.539869
1981-01-28,4.6626606
1981-01-29,7.1727133
1981-01-30,0.29413262
1981-01-31,0.035377283
1981-02-01,0.007381091
1981-02-02,3.189286e-05
1981-02-03,4.177647e-09
1981-02-04,1.8986943e-07
1981-02-05,0.0
1981-02-06,0.0
1981-02-07,0.0
1981-02-08,0.0
1981-02-09,0.00066837535
1981-02-10,0.0
1981-02-11,0.87012523
1981-02-12,18.887753
1981-02-13,24.701086
1981-02-14,37.184723
1981-02-15,40.273506
1981-02-16,60.570404
1981-02-17,40.46428
1981-02-18,27.866417
1981-02-19,52.430817
1981-02-20,14.2026005
1981-02-21,5.2839775
1981-02-22,0.00013265116
1981-02-23,0.21389255
1981-02-24,6.7490883
1981-02-25,14.0133915
1981-02-26,0.60275304
1981-02-27,2.5959506
1981-02-28,8.65229e-05
1981-03-01,0.0
1981-03-02,0.0
1981-03-03,4.522196
1981-03-04,10.301949
1981-03-05,0.0013850494
1981-03-06,0.0
1981-03-07,2.4898174
1981-03-08,0.9214885
1981-03-09,4.110714e-09
1981-03-10,0.0
1981-03-11,2.106585e-05
1981-03-12,0.0
1981-03-13,0.017088313
1981-03-14,0.06814986
1981-03-15,4.773009
1981-03-16,11.393934
1981-03-17,0.11757137
1981-03-18,0.0028033545
1981-03-19,0.0
1981-03-20,0.0
1981-03-21,0.17368928
1981-03-22,10.209877
1981-03-23,9.420025
1981-03-24,0.5933143
1981-03-25,7.444961
1981-03-26,3.7254202
1981-03-27,0.0018424498
1981-03-28,1.3343129
1981-03-29,28.933886
1981-03-30,12.5241
1981-03-31,30.526207
1981-04-01,10.423854
1981-04-02,6.21672
1981-04-03,10.766047
1981-04-04,3.1062653
1981-04-05,25.102873
1981-04-06,8.945042
1981-04-07,6.202657
1981-04-08,27.537851
1981-04-09,17.208055
1981-04-10,8.70601
1981-04-11,16.675127
1981-04-12,16.041195
1981-04-13,0.98843056
1981-04-14,0.0
1981-04-15,0.17812511
1981-04-16,9.510863
1981-04-17,0.47479117
1981-04-18,4.011507e-07
1981-04-19,0.0
1981-04-20,1.7867672
1981-04-21,6.9491234
1981-04-22,33.675385
1981-04-23,3.3253562
1981-04-24,17.942667
1981-04-25,0.9256729
1981-04-26,2.1903918e-05
1981-04-27,5.572398
1981-04-28,42.38468
1981-04-29,3.1015172
1981-04-30,0.006043204
1981-05-01,0.7426553
1981-05-02,10.628853
1981-05-03,3.3061013
1981-05-04,8.745821
1981-05-05,0.62140906
1981-05-06,1.784682
1981-05-07,3.9771519
1981-05-08,1.5507944
1981-05-09,1.853893
1981-05-10,0.011063534
1981-05-11,5.345524
1981-05-12,0.2302757
1981-05-13,0.101118684
1981-05-14,9.318027
1981-05-15,4.205564
1981-05-16,0.13074626
1981-05-17,0.018635234
1981-05-18,6.330028
1981-05-19,11.974125
1981-05-20,2.6537242
1981-05-21,2.119122
1981-05-22,0.23345643
1981-05-23,0.004752757
1981-05-24,5.9357853
1981-05-25,11.4601555
1981-05-26,0.49247137
1981-05-27,0.0012531544
1981-05-28,0.0
1981-05-29,0.0027513043
1981-05-30,6.7417293
1981-05-31,0.083592236
1981-06-01,0.0
1981-06-02,1.3140168
1981-06-03,3.7635188
1981-06-04,9.352182
1981-06-05,14.380474
1981-06-06,8.396456
1981-06-07,2.3720653
1981-06-08,11.16773
1981-06-09,16.864485
1981-06-10,12.170277
1981-06-11,4.171293
1981-06-12,3.6874003
1981-06-13,20.09896
1981-06-14,8.9135685
1981-06-15,0.11442533
1981-06-16,11.758448
1981-06-17,9.209225
1981-06-18,15.413049
1981-06-19,15.745723
1981-06-20,4.1173973
1981-06-21,8.403939
1981-06-22,8.499221
1981-06-23,6.4989986
1981-06-24,0.013519397
1981-06-25,0.0
1981-06-26,0.0010259994
1981-06-27,0.04190916
1981-06-28,0.00022627393
1981-06-29,0.18984586
1981-06-30,0.180644
1981-07-01,0.12194883
1981-07-02,6.298913e-07
1981-07-03,0.0
1981-07-04,2.568963e-10
1981-07-05,1.3455229
1981-07-06,0.0020913524
1981-07-07,10.888373
1981-07-08,0.0416244
1981-07-09,0.0008878638
1981-07-10,0.2491067
1981-07-11,1.6433676
1981-07-12,0.6480175
1981-07-13,14.566145
1981-07-14,3.2420354
1981-07-15,0.007733945
1981-07-16,0.019944409
1981-07-17,1.0791085
1981-07-18,1.7370319
1981-07-19,1.4366717
1981-07-20,0.39354107
1981-07-21,0.051129892
1981-07-22,0.021130143
1981-07-23,1.3872298
1981-07-24,0.57631046
1981-07-25,0.27887768
1981-07-26,0.0010341757
1981-07-27,0.002573044
1981-07-28,0.08357318
1981-07-29,4.25526
1981-07-30,1.2300088
1981-07-31,0.010897739
1981-08-01,0.0024833174
1981-08-02,0.0043945075
1981-08-03,0.66242737
1981-08-04,0.35666412
1981-08-05,0.0055496744
1981-08-06,0.0
1981-08-07,0.0
1981-08-08,2.8796794e-05
1981-08-09,0.00010319331
1981-08-10,5.6427865e-08
1981-08-11,0.0
1981-08-12,0.0
1981-08-13,6.327946e-07
1981-08-14,0.0
1981-08-15,0.0
1981-08-16,0.100662924
1981-08-17,0.020382782
1981-08-18,0.0001026712
1981-08-19,1.4662114
1981-08-20,0.30655423
1981-08-21,0.018425994
1981-08-22,3.6808856e-06
1981-08-23,0.0
1981-08-24,0.00037774566
1981-08-25,0.22260565
1981-08-26,9.934475e-05
1981-08-27,4.4510685e-08
1981-08-28,3.986817e-09
1981-08-29,0.14580528
1981-08-30,3.0133083
1981-08-31,0.75866085
1981-09-01,19.804298
1981-09-02,0.14134149
1981-09-03,0.00012645047
1981-09-04,1.8671336
1981-09-05,0.10814387
1981-09-06,4.4697563e-06
1981-09-07,0.0
1981-09-08,0.0
1981-09-09,0.28597137
1981-09-10,1.1368558
1981-09-11,2.4956395e-05
1981-09-12,1.2119837e-05
1981-09-13,0.0
1981-09-14,0.0
1981-09-15,0.0
1981-09-16,0.0
1981-09-17,0.0
1981-09-18,0.0052466122
1981-09-19,3.45046
1981-09-20,2.92945
1981-09-21,27.54601
1981-09-22,8.527906
1981-09-23,3.9889405
1981-09-24,2.1957939
1981-09-25,0.9061238
1981-09-26,0.28221178
1981-09-27,13.138749
1981-09-28,22.152016
1981-09-29,9.926929
1981-09-30,2.6681514
1981-10-01,22.539196
1981-10-02,23.381239
1981-10-03,5.3065605
1981-10-04,0.63729674
1981-10-05,14.850934
1981-10-06,48.629517
1981-10-07,18.818253
1981-10-08,9.564357
1981-10-09,17.236227
1981-10-10,1.3469363
1981-10-11,0.12252844
1981-10-12,0.00011371611
1981-10-13,0.0
1981-10-14,0.0
1981-10-15,1.7496336e-06
1981-10-16,0.00012716837
1981-10-17,0.00210523
1981-10-18,0.00010862418
1981-10-19,0.0042151874
1981-10-20,0.00038682242
1981-10-21,0.0
1981-10-22,0.0
1981-10-23,0.0
1981-10-24,0.00019008525
1981-10-25,0.16884652
1981-10-26,10.633049
1981-10-27,36.19184
1981-10-28,20.393898
1981-10-29,10.677994
1981-10-30,13.606127
1981-10-31,21.800365
1981-11-01,2.2925427
1981-11-02,6.3403746e-08
1981-11-03,3.7993493
1981-11-04,0.6515429
1981-11-05,6.89892e-06
1981-11-06,1.4820631e-06
1981-11-07,0.00018795472
1981-11-08,0.0003051236
1981-11-09,0.00044499576
1981-11-10,0.0065617017
1981-11-11,28.94458
1981-11-12,23.825783
1981-11-13,5.5471945
1981-11-14,30.632416
1981-11-15,12.6063385
1981-11-16,12.78158
1981-11-17,9.574188
1981-11-18,23.294764
1981-11-19,5.524704
1981-11-20,10.610242
1981-11-21,27.429495
1981-11-22,24.477757
1981-11-23,3.6918983
1981-11-24,0.83094686
1981-11-25,2.117616
1981-11-26,0.93205905
1981-11-27,0.005614138
1981-11-28,0.0
1981-11-29,6.958365
1981-11-30,8.429128
1981-12-01,35.29287
1981-12-02,30.961018
1981-12-03,6.0154996
1981-12-04,6.1252885
1981-12-05,41.452644
1981-12-06,5.9596934
1981-12-07,18.468115
1981-12-08,5.8046513
1981-12-09,5.8274393
1981-12-10,34.18389
1981-12-11,7.0314302
1981-12-12,0.0050440994
1981-12-13,1.4227192
1981-12-14,12.650038
1981-12-15,15.084993
1981-12-16,0.7862679
1981-12-17,5.458364e-06
1981-12-18,3.2216198
1981-12-19,35.705566
1981-12-20,3.921886
1981-12-21,0.3586863
1981-12-22,0.17907032
1981-12-23,2.7478013
1981-12-24,20.217587
1981-12-25,5.2573776
1981-12-26,11.898212
1981-12-27,4.2948217
1981-12-28,2.0333617
1981-12-29,0.30108166
1981-12-30,1.5872226
1981-12-31,1.4187452
1982-01-01,7.8526416
1982-01-02,4.383182
1982-01-03,2.2065482
1982-01-04,3.4415746
1982-01-05,1.7297571
1982-01-06,0.50197476
1982-01-07,5.752481
1982-01-08,21.45993
1982-01-09,0.17098677
1982-01-10,0.39714575
1982-01-11,10.121352
1982-01-12,1.8892825
1982-01-13,3.735207
1982-01-14,23.047672
1982-01-15,12.654744
1982-01-16,52.63155
1982-01-17,39.74758
1982-01-18,11.640129
1982-01-19,0.088582024
1982-01-20,1.0726937
1982-01-21,1.4140974
1982-01-22,9.20598
1982-01-23,78.4729
1982-01-24,47.73822
1982-01-25,15.473459
1982-01-26,50.929474
1982-01-27,6.15582
1982-01-28,1.5562093
1982-01-29,12.377097
1982-01-30,37.892273
1982-01-31,23.698883
1982-02-01,12.097512
1982-02-02,4.939213
1982-02-03,0.07659304
1982-02-04,0.010919143
1982-02-05,0.009784424
1982-02-06,0.11749387
1982-02-07,1.6797707e-05
1982-02-08,0.0010260699
1982-02-09,0.000117747564
1982-02-10,0.0
1982-02-11,10.61874
1982-02-12,24.061989
1982-02-13,73.042656
1982-02-14,66.47834
1982-02-15,52.02214
1982-02-16,39.795433
1982-02-17,20.107832
1982-02-18,25.659828
1982-02-19,11.782336
1982-02-20,35.105583
1982-02-21,4.9828105
1982-02-22,6.0723248
1982-02-23,5.606435
1982-02-24,4.0972843
1982-02-25,3.1444468
1982-02-26,5.5372443
1982-02-27,10.995331
1982-02-28,5.397934
1982-03-01,36.840523
1982-03-02,9.015348
1982-03-03,9.240465
1982-03-04,1.1763046
1982-03-05,0.107980065
1982-03-06,0.004543994
1982-03-07,0.00019062286
1982-03-08,0.058926404
1982-03-09,19.165075
1982-03-10,0.25431237
1982-03-11,21.737381
1982-03-12,15.623203
1982-03-13,15.208944
1982-03-14,4.1448536
1982-03-15,0.6093484
1982-03-16,0.41093588
1982-03-17,0.0036115148
1982-03-18,0.011508804
1982-03-19,3.1321279e-06
1982-03-20,0.07893641
1982-03-21,9.601017e-05
1982-03-22,3.7035413e-06
1982-03-23,8.181132e-05
1982-03-24,0.00044458697
1982-03-25,8.790683e-06
1982-03-26,1.0844572
1982-03-27,9.905379
1982-03-28,8.313326
1982-03-29,4.0445004
1982-03-30,4.922303
1982-03-31,8.496201
1982-04-01,8.336676
1982-04-02,4.459105
1982-04-03,19.648735
1982-04-04,8.552103
1982-04-05,3.4960942
1982-04-06,0.14134797
1982-04-07,0.45574355
1982-04-08,0.045088656
1982-04-09,0.0
1982-04-10,1.8044651e-06
1982-04-11,26.739174
1982-04-12,24.315022
1982-04-13,28.528496
1982-04-14,7.0663443
1982-04-15,10.652922
1982-04-16,2.3474808
1982-04-17,11.202995
1982-04-18,7.018318
1982-04-19,0.3482929
1982-04-20,0.0
1982-04-21,0.0
1982-04-22,0.0
1982-04-23,0.008793488
1982-04-24,0.0016356147
1982-04-25,1.6259446e-06
1982-04-26,0.0
1982-04-27,0.0034296825
1982-04-28,22.12245
1982-04-29,2.8486962
1982-04-30,6.2226565e-05
1982-05-01,2.0329404
1982-05-02,2.8410864
1982-05-03,13.659045
1982-05-04,6.068413
1982-05-05,0.000867579
1982-05-06,0.87089777
1982-05-07,4.119862
1982-05-08,5.903243
1982-05-09,6.9306583
1982-05-10,1.5302389
1982-05-11,0.00027399143
1982-05-12,0.25110418
1982-05-13,0.45857912
1982-05-14,1.2474616
1982-05-15,0.0010415795
1982-05-16,0.00017561376
1982-05-17,10.571747
1982-05-18,1.681514
1982-05-19,0.030429158
1982-05-20,4.040981e-08
1982-05-21,1.6050119e-05
1982-05-22,0.38993093
1982-05-23,0.006106003
1982-05-24,0.0019308107
1982-05-25,0.0266372
1982-05-26,4.546809
1982-05-27,9.357107
1982-05-28,1.4605458
1982-05-29,0.000107583604
1982-05-30,0.0007337866
1982-05-31,0.00030495183
1982-06-01,0.011800201
1982-06-02,4.1489487
1982-06-03,0.017762017
1982-06-04,0.17563003
1982-06-05,2.132831
1982-06-06,1.741331
1982-06-07,0.10009887
1982-06-08,0.0013296292
1982-06-09,0.00011115252
1982-06-10,1.6106716e-05
1982-06-11,0.0
1982-06-12,0.036945436
1982-06-13,0.092859685
1982-06-14,0.007890722
1982-06-15,0.000371681
1982-06-16,0.0
1982-06-17,8.72171e-06
1982-06-18,8.3027595e-07
1982-06-19,0.0
1982-06-20,5.0911103e-07
1982-06-21,0.18583235
1982-06-22,0.042669415
1982-06-23,4.663255e-05
1982-06-24,0.0
1982-06-25,0.13117942
1982-06-26,1.3663143
1982-06-27,2.7252479
1982-06-28,0.13348824
1982-06-29,4.1458874
1982-06-30,11.289801
1982-07-01,0.16410565
1982-07-02,0.658769
1982-07-03,16.073818
1982-07-04,4.9153094
1982-07-05,0.4676951
1982-07-06,0.5770059
1982-07-07,8.256959
1982-07-08,0.3138256
1982-07-09,4.1765054e-07
1982-07-10,0.0
1982-07-11,1.3120979e-07
1982-07-12,1.5064821e-05
1982-07-13,2.22002
1982-07-14,12.412195
1982-07-15,10.650532
1982-07-16,2.0369475
1982-07-17,0.0005339603
1982-07-18,0.0076986817
1982-07-19,0.32332093
1982-07-20,0.01701488
1982-07-21,0.06533672
1982-07-22,0.0006798626
1982-07-23,0.0010643952
1982-07-24,3.1607567e-07
1982-07-25,0.0
1982-07-26,0.0
1982-07-27,0.0
1982-07-28,0.037245482
1982-07-29,0.02162143
1982-07-30,0.0004131041
1982-07-31,0.07608092
1982-08-01,0.3273978
1982-08-02,2.0501742
1982-08-03,0.15054047
1982-08-04,0.0062784487
1982-08-05,0.0008284319
1982-08-06,0.0
1982-08-07,0.0
1982-08-08,0.0042402837
1982-08-09,0.640957
1982-08-10,1.2685027
1982-08-11,1.607847
1982-08-12,3.7062063
1982-08-13,20.808529
1982-08-14,0.04509513
1982-08-15,7.324122e-07
1982-08-16,0.0
1982-08-17,5.642158e-07
1982-08-18,2.97181e-10
1982-08-19,8.342939e-09
1982-08-20,0.00042140562
1982-08-21,0.0
1982-08-22,0.0
1982-08-23,0.0
1982-08-24,0.0
1982-08-25,0.0
1982-08-26,0.0
1982-08-27,0.027623378
1982-08-28,0.08625709
1982-08-29,0.0032437409
1982-08-30,3.6449928
1982-08-31,0.4460345
1982-09-01,8.300016e-07
1982-09-02,3.3342528e-06
1982-09-03,0.23875453
1982-09-04,9.343959
1982-09-05,1.2288437
1982-09-06,1.619581e-05
1982-09-07,0.12411058
1982-09-08,0.027678503
1982-09-09,16.81351
1982-09-10,6.0603814
1982-09-11,16.082508
1982-09-12,5.8317137
1982-09-13,0.12510064
1982-09-14,0.124328256
1982-09-15,0.0
1982-09-16,0.0
1982-09-17,0.0
1982-09-18,0.0
1982-09-19,0.00079531287
1982-09-20,0.57012033
1982-09-21,9.834734
1982-09-22,0.0015132679
1982-09-23,9.707497e-05
1982-09-24,1.1797427
1982-09-25,3.8317032
1982-09-26,3.4112449
1982-09-27,0.34706035
1982-09-28,11.324032
1982-09-29,1.3993164
1982-09-30,0.0
1982-10-01,5.8431167e-05
1982-10-02,11.019924
1982-10-03,3.2875223
1982-10-04,0.6264169
1982-10-05,0.24887708
1982-10-06,12.687766
1982-10-07,20.49458
1982-10-08,1.5193045
1982-10-09,0.54991233
1982-10-10,1.198615e-06
1982-10-11,3.093541e-06
1982-10-12,1.8304365e-05
1982-10-13,6.335452e-08
1982-10-14,0.0
1982-10-15,2.2511497e-07
1982-10-16,9.054949
1982-10-17,11.302229
1982-10-18,0.12942165
1982-10-19,5.2386213e-06
1982-10-20,0.0008586314
1982-10-21,6.21055
1982-10-22,51.774048
1982-10-23,3.0171294
1982-10-24,0.22491956
1982-10-25,3.1434345
1982-10-26,22.467817
1982-10-27,18.60275
1982-10-28,11.825935
1982-10-29,1.412791
1982-10-30,0.011728162
1982-10-31,8.950407
1982-11-01,8.628241
1982-11-02,0.00029741955
1982-11-03,0.07096961
1982-11-04,16.831352
1982-11-05,30.934834
1982-11-06,14.252515
1982-11-07,3.1200006
1982-11-08,1.5917498e-05
1982-11-09,0.0
1982-11-10,0.0
1982-11-11,1.901752e-05
1982-11-12,3.3512683
1982-11-13,0.055398956
1982-11-14,0.0
1982-11-15,0.35222828
1982-11-16,24.123508
1982-11-17,13.874865
1982-11-18,3.2314944
1982-11-19,12.086602
1982-11-20,7.7077184
1982-11-21,1.676079
1982-11-22,2.9877724e-06
1982-11-23,0.0
1982-11-24,0.0
1982-11-25,4.063439e-14
1982-11-26,9.05806
1982-11-27,13.548176
1982-11-28,30.299938
1982-11-29,10.000637
1982-11-30,1.854276
1982-12-01,4.3495917
1982-12-02,10.188425
1982-12-03,102.99963
1982-12-04,4.988948
1982-12-05,0.00010188171
1982-12-06,0.76988256
1982-12-07,9.20821e-07
1982-12-08,0.0
1982-12-09,0.0
1982-12-10,0.0
1982-12-11,0.0
1982-12-12,20.3373
1982-12-13,4.2402363
1982-12-14,10.131655
1982-12-15,30.29473
1982-12-16,53.05784
1982-12-17,21.014107
1982-12-18,25.323658
1982-12-19,18.67747
1982-12-20,4.7486176
1982-12-21,8.265406
1982-12-22,11.472605
1982-12-23,0.17198002
1982-12-24,0.13886598
1982-12-25,6.143962
1982-12-26,4.2916923
1982-12-27,0.0069996645
1982-12-28,0.021194747
1982-12-29,0.0
1982-12-30,0.0
1982-12-31,0.0
1983-01-01,0.0
1983-01-02,12.234187
1983-01-03,17.611332
1983-01-04,25.243069
1983-01-05,43.64494
1983-01-06,10.224119
1983-01-07,42.857628
1983-01-08,58.8198
1983-01-09,34.686672
1983-01-10,90.0531
1983-01-11,1.727656
1983-01-12,0.00614266
1983-01-13,7.2049522
1983-01-14,6.1971873e-06
1983-01-15,1.3522704e-06
1983-01-16,6.040148e-07
1983-01-17,0.14495265
1983-01-18,2.9168415
1983-01-19,9.165804
1983-01-20,3.1418877
1983-01-21,0.048491202
1983-01-22,0.02364308
1983-01-23,16.696957
1983-01-24,10.75456
1983-01-25,8.885332
1983-01-26,24.160984
1983-01-27,13.774989
1983-01-28,0.19714713
1983-01-29,0.0058274604
1983-01-30,5.0177636
1983-01-31,0.008679521
1983-02-01,4.696747e-06
1983-02-02,1.0037731e-06
1983-02-03,0.0
1983-02-04,0.0
1983-02-05,0.0
1983-02-06,7.310332
1983-02-07,12.322018
1983-02-08,0.44799584
1983-02-09,23.127907
1983-02-10,5.5307126
1983-02-11,38.255257
1983-02-12,29.084507
1983-02-13,18.556923
1983-02-14,12.831175
1983-02-15,3.4755678
1983-02-16,16.879353
1983-02-17,34.893517
1983-02-18,6.6260366
1983-02-19,3.6196032
1983-02-20,39.742973
1983-02-21,1.4268359
1983-02-22,18.589197
1983-02-23,4.6004715
1983-02-24,8.602923
1983-02-25,2.189901
1983-02-26,10.816777
1983-02-27,10.198683
1983-02-28,3.4020305
1983-03-01,2.4464688
1983-03-02,0.06801361
1983-03-03,0.020385107
1983-03-04,5.7542286
1983-03-05,4.2747974
1983-03-06,6.6679826
1983-03-07,15.796204
1983-03-08,13.443474
1983-03-09,43.0394
1983-03-10,22.809668
1983-03-11,0.6572086
1983-03-12,9.452587
1983-03-13,10.784647
1983-03-14,13.95892
1983-03-15,1.9510367
1983-03-16,1.6912255e-08
1983-03-17,5.6433246e-06
1983-03-18,2.0919865e-06
1983-03-19,5.5178066e-07
1983-03-20,0.0
1983-03-21,8.4961414e-08
1983-03-22,0.52853
1983-03-23,5.91641
1983-03-24,0.37213406
1983-03-25,0.29813695
1983-03-26,2.546678
1983-03-27,8.96279
1983-03-28,8.090906
1983-03-29,39.075123
1983-03-30,27.741709
1983-03-31,10.35801
1983-04-01,4.751704
1983-04-02,15.512949
1983-04-03,6.0858707
1983-04-04,0.21827969
1983-04-05,0.02704652
1983-04-06,0.0
1983-04-07,1.4718733
1983-04-08,0.3872791
1983-04-09,2.949747
1983-04-10,11.20446
1983-04-11,7.8421097
1983-04-12,3.8636427
1983-04-13,0.14895374
1983-04-14,0.0
1983-04-15,0.0
1983-04-16,0.0
1983-04-17,0.0
1983-04-18,0.0
1983-04-19,2.9445943e-07
1983-04-20,1.2561369
1983-04-21,7.5545216
1983-04-22,0.0125606395
1983-04-23,5.064619
1983-04-24,9.659378
1983-04-25,25.089499
1983-04-26,11.898466
1983-04-27,0.76995647
1983-04-28,0.000764127
1983-04-29,0.0011706125
1983-04-30,0.6570946
1983-05-01,0.10748978
1983-05-02,1.2776868
1983-05-03,2.135896
1983-05-04,0.047346964
1983-05-05,0.3704694
1983-05-06,14.25999
1983-05-07,11.719017
1983-05-08,8.384527
1983-05-09,11.622572
1983-05-10,0.9637024
1983-05-11,1.1085855
1983-05-12,0.1553909
1983-05-13,0.018569449
1983-05-14,2.2938666
1983-05-15,15.46737
1983-05-16,1.1583263
1983-05-17,0.85524
1983-05-18,2.2774405
1983-05-19,0.0017676601
1983-05-20,0.00027205492
1983-05-21,0.055796206
1983-05-22,2.4170327e-05
1983-05-23,0.0
1983-05-24,0.0
1983-05-25,0.0
1983-05-26,1.9737693e-07
1983-05-27,0.0
1983-05-28,0.0
1983-05-29,0.0
1983-05-30,0.005298532
1983-05-31,0.022431873
1983-06-01,0.21006346
1983-06-02,1.5941408
1983-06-03,0.6983737
1983-06-04,0.006007321
1983-06-05,0.38513768
1983-06-06,0.020066466
1983-06-07,4.4208577e-05
1983-06-08,0.00056208356
1983-06-09,0.41596797
1983-06-10,27.87527
1983-06-11,11.451382
1983-06-12,1.3491011
1983-06-13,0.00401826
1983-06-14,0.043762382
1983-06-15,11.631098
1983-06-16,0.47853628
1983-06-17,22.794312
1983-06-18,17.632221
1983-06-19,9.342962
1983-06-20,3.3404534
1983-06-21,0.38767174
1983-06-22,0.60478854
1983-06-23,5.6987343
1983-06-24,7.266897
1983-06-25,0.21739468
1983-06-26,2.2236798
1983-06-27,1.1205399
1983-06-28,0.025553448
1983-06-29,0.24763465
1983-06-30,3.4258478
1983-07-01,15.050863
1983-07-02,16.167206
1983-07-03,0.8361177
1983-07-04,3.2554886e-05
1983-07-05,0.022874018
1983-07-06,14.700089
1983-07-07,0.52442926
1983-07-08,0.7885487
1983-07-09,0.79202193
1983-07-10,0.027072044
1983-07-11,18.007223
1983-07-12,50.38018
1983-07-13,22.306442
1983-07-14,15.690166
1983-07-15,3.4919903
1983-07-16,0.9126434
1983-07-17,1.1152189
1983-07-18,0.6466865
1983-07-19,0.46432918
1983-07-20,2.1283743
1983-07-21,0.7242392
1983-07-22,4.6272098e-07
1983-07-23,0.110001385
1983-07-24,0.26499456
1983-07-25,8.610609
1983-07-26,1.0063152
1983-07-27,5.7648945
1983-07-28,1.5195212
1983-07-29,0.0026405929
1983-07-30,0.0
1983-07-31,2.579656e-07
1983-08-01,0.017699078
1983-08-02,0.0006045514
1983-08-03,0.31239718
1983-08-04,0.00038848238
1983-08-05,0.002090039
1983-08-06,3.176143e-07
1983-08-07,0.0007377239
1983-08-08,0.9263193
1983-08-09,0.040127635
1983-08-10,6.296707
1983-08-11,1.8811464
1983-08-12,0.0038457257
1983-08-13,8.8189345e-06
1983-08-14,2.0874634e-06
1983-08-15,8.675967e-05
1983-08-16,0.00044160167
1983-08-17,0.00041670047
1983-08-18,0.0005317258
1983-08-19,7.824078e-06
1983-08-20,1.1442141e-06
1983-08-21,0.0
1983-08-22,0.0014339216
1983-08-23,0.40594494
1983-08-24,1.3627362
1983-08-25,0.2140859
1983-08-26,0.0076123616
1983-08-27,2.459833
1983-08-28,0.22616498
1983-08-29,7.5213203
1983-08-30,6.335639
1983-08-31,0.42129993
1983-09-01,14.004667
1983-09-02,10.297017
1983-09-03,0.9418159
1983-09-04,0.7016312
1983-09-05,0.11846967
1983-09-06,1.1404077
1983-09-07,1.1063836
1983-09-08,2.4676046
1983-09-09,2.4904928
1983-09-10,23.841625
1983-09-11,11.052293
1983-09-12,0.029098779
1983-09-13,1.4174404e-06
1983-09-14,0.3127575
1983-09-15,0.0023025125
1983-09-16,1.4574591
1983-09-17,1.2304169
1983-09-18,3.0928497
1983-09-19,0.0007002775
1983-09-20,0.0
1983-09-21,0.0
1983-09-22,0.0
1983-09-23,0.0
1983-09-24,0.00035710243
1983-09-25,2.6205129e-05
1983-09-26,2.2042572
1983-09-27,1.7801343
1983-09-28,1.3321139e-05
1983-09-29,0.0
1983-09-30,0.0
1983-10-01,0.0
1983-10-02,0.04958968
1983-10-03,3.2167194
1983-10-04,5.000316
1983-10-05,0.00093281793
1983-10-06,0.23207769
1983-10-07,0.02153574
1983-10-08,3.0741421e-06
1983-10-09,0.50838083
1983-10-10,0.009300043
1983-10-11,7.579662e-05
1983-10-12,1.0265638e-05
1983-10-13,0.0017021594
1983-10-14,0.6429603
1983-10-15,0.08589749
1983-10-16,7.813265e-08
1983-10-17,7.8632717
1983-10-18,0.347301
1983-10-19,2.3038373
1983-10-20,7.709814
1983-10-21,0.16657218
1983-10-22,33.561832
1983-10-23,2.1972065
1983-10-24,1.7089777
1983-10-25,0.8327959
1983-10-26,1.3041511e-05
1983-10-27,1.5303295
1983-10-28,0.00017644503
1983-10-29,1.4924778e-05
1983-10-30,12.390669
1983-10-31,14.822099
1983-11-01,9.843231
1983-11-02,24.042763
1983-11-03,58.232937
1983-11-04,25.567924
1983-11-05,6.3359947
1983-11-06,24.912048
1983-11-07,9.151979
1983-11-08,2.7268744
1983-11-09,6.9735103
1983-11-10,16.878073
1983-11-11,16.448616
1983-11-12,6.592448
1983-11-13,12.122061
1983-11-14,25.52724
1983-11-15,88.15539
1983-11-16,39.306488
1983-11-17,27.860231
1983-11-18,29.980091
1983-11-19,15.074843
1983-11-20,17.507675
1983-11-21,0.041741382
1983-11-22,2.2063074
1983-11-23,2.388331
1983-11-24,29.812656
1983-11-25,14.983458
1983-11-26,10.199057
1983-11-27,17.54162
1983-11-28,0.16518143
1983-11-29,9.3914845e-05
1983-11-30,6.2742656e-05
1983-12-01,5.4997895e-11
1983-12-02,0.34036022
1983-12-03,0.40372714
1983-12-04,0.014554319
1983-12-05,1.2766836
1983-12-06,0.86992943
1983-12-07,3.1571727
1983-12-08,40.209343
1983-12-09,13.58181
1983-12-10,10.055927
1983-12-11,10.091844
1983-12-12,9.174042
1983-12-13,29.451202
1983-12-14,12.897373
1983-12-15,0.3344061
1983-12-16,0.1853388
1983-12-17,3.6179654e-06
1983-12-18,0.07379227
1983-12-19,1.562973
1983-12-20,0.0178051
1983-12-21,2.9018825e-05
1983-12-22,0.0056245215
1983-12-23,0.0069880416
1983-12-24,0.0031489776
1983-12-25,0.43334988
1983-12-26,11.446245
1983-12-27,1.7907233
1983-12-28,3.0177425e-06
1983-12-29,7.5556507
1983-12-30,20.715637
1983-12-31,15.579916
1984-01-01,0.0780207
1984-01-02,19.200666
1984-01-03,39.534092
1984-01-04,29.791042
1984-01-05,8.498425
1984-01-06,5.1289062
1984-01-07,3.82527
1984-01-08,9.200614
1984-01-09,0.16992402
1984-01-10,9.363203
1984-01-11,4.135608
1984-01-12,0.11279927
1984-01-13,0.00029973267
1984-01-14,0.0007730204
1984-01-15,0.0
1984-01-16,1.8643375e-05
1984-01-17,0.0
1984-01-18,0.0
1984-01-19,0.0
1984-01-20,1.8339332e-06
1984-01-21,11.171149
1984-01-22,33.80253
1984-01-23,29.748672
1984-01-24,40.772804
1984-01-25,61.376907
1984-01-26,5.986575
1984-01-27,6.226278
1984-01-28,3.7142816
1984-01-29,1.1086011
1984-01-30,1.288037e-05
1984-01-31,3.912171e-06
1984-02-01,1.06761
1984-02-02,0.006497626
1984-02-03,5.5789915e-06
1984-02-04,4.07704e-05
1984-02-05,1.7833095e-07
1984-02-06,0.7781207
1984-02-07,0.0017732546
1984-02-08,8.534342
1984-02-09,10.403694
1984-02-10,23.666489
1984-02-11,18.802273
1984-02-12,36.92514
1984-02-13,17.337063
1984-02-14,8.768755
1984-02-15,9.285704
1984-02-16,0.8612336
1984-02-17,7.375136e-05
1984-02-18,0.10568006
1984-02-19,6.5306635
1984-02-20,14.243211
1984-02-21,9.591199
1984-02-22,7.1627555
1984-02-23,13.54678
1984-02-24,9.260573
1984-02-25,4.3723803
1984-02-26,0.056994922
1984-02-27,2.0651982
1984-02-28,3.5381641
1984-02-29,2.4196095
1984-03-01,10.196387
1984-03-02,9.889273
1984-03-03,0.30569112
1984-03-04,2.0863872e-07
1984-03-05,0.0
1984-03-06,4.8613924e-07
1984-03-07,0.0
1984-03-08,3.4606564e-06
1984-03-09,0.02140923
1984-03-10,7.1243777
1984-03-11,5.3676305
1984-03-12,34.011414
1984-03-13,13.162683
1984-03-14,3.7668014
1984-03-15,5.2757783
1984-03-16,2.7228065
1984-03-17,12.479747
1984-03-18,16.714909
1984-03-19,3.472693
1984-03-20,19.416971
1984-03-21,24.597052
1984-03-22,13.3168545
1984-03-23,10.933859
1984-03-24,9.511687
1984-03-25,13.331131
1984-03-26,7.3785644
1984-03-27,0.22991034
1984-03-28,8.955668
1984-03-29,1.3952262
1984-03-30,0.00019060158
1984-03-31,0.049739316
1984-04-01,0.76307243
1984-04-02,0.5640509
1984-04-03,3.6055276
1984-04-04,1.7211777
1984-04-05,1.1916443
1984-04-06,6.805817
1984-04-07,9.487323
1984-04-08,5.4531403
1984-04-09,6.508233
1984-04-10,21.816986
1984-04-11,9.645866
1984-04-12,27.348885
1984-04-13,7.6518526
1984-04-14,2.7627106
1984-04-15,0.14066839
1984-04-16,1.637316
1984-04-17,0.77404284
1984-04-18,2.6809912
1984-04-19,4.0007987
1984-04-20,1.9159436
1984-04-21,5.83486
1984-04-22,5.3456373
1984-04-23,10.943739
1984-04-24,0.55873865
1984-04-25,0.082521774
1984-04-26,0.4206025
1984-04-27,0.00020878461
1984-04-28,3.2528515
1984-04-29,3.9401045
1984-04-30,9.972387
1984-05-01,9.711094
1984-05-02,35.47233
1984-05-03,13.359131
1984-05-04,2.56732
1984-05-05,6.0718536
1984-05-06,3.3474128
1984-05-07,0.005630994
1984-05-08,5.086175
1984-05-09,12.535372
1984-05-10,8.502075
1984-05-11,17.795454
1984-05-12,8.709929
1984-05-13,6.8789864
1984-05-14,7.696582
1984-05-15,5.617191
1984-05-16,4.246041
1984-05-17,0.48640192
1984-05-18,0.11941107
1984-05-19,33.33557
1984-05-20,13.0424595
1984-05-21,5.8034863
1984-05-22,5.830743
1984-05-23,14.772897
1984-05-24,4.3850017
1984-05-25,4.0520487
1984-05-26,30.436874
1984-05-27,0.0019497781
1984-05-28,0.0
1984-05-29,0.0
1984-05-30,0.7797234
1984-05-31,9.238537
1984-06-01,0.030648477
1984-06-02,0.1917721
1984-06-03,0.08482905
1984-06-04,14.477456
1984-06-05,15.084299
1984-06-06,10.248159
1984-06-07,18.10949
1984-06-08,11.174818
1984-06-09,5.866573
1984-06-10,0.061820645
1984-06-11,0.04542165
1984-06-12,2.1601267
1984-06-13,0.5716449
1984-06-14,0.45138702
1984-06-15,0.003385697
1984-06-16,0.025830029
1984-06-17,0.00044093293
1984-06-18,0.00030605117
1984-06-19,0.0031501115
1984-06-20,3.842598
1984-06-21,6.50957
1984-06-22,0.19742525
1984-06-23,3.3673791e-06
1984-06-24,0.087534994
1984-06-25,0.0010907677
1984-06-26,9.707706
1984-06-27,3.3151033
1984-06-28,0.7013802
1984-06-29,18.458729
1984-06-30,4.957897
1984-07-01,3.6400936
1984-07-02,0.0694029
1984-07-03,1.3036044e-05
1984-07-04,8.630137e-06
1984-07-05,0.10631323
1984-07-06,0.0900605
1984-07-07,0.002095483
1984-07-08,0.00048631764
1984-07-09,7.063222e-06
1984-07-10,1.250702e-06
1984-07-11,4.2161787e-07
1984-07-12,0.0483091
1984-07-13,0.0174735
1984-07-14,0.0030312855
1984-07-15,0.0
1984-07-16,0.0
1984-07-17,0.0
1984-07-18,8.4762223e-07
1984-07-19,3.2386012e-08
1984-07-20,0.22000018
1984-07-21,0.41055477
1984-07-22,0.0
1984-07-23,0.0
1984-07-24,0.0
1984-07-25,0.0018064012
1984-07-26,0.00755622
1984-07-27,9.618587e-07
1984-07-28,1.2160801e-05
1984-07-29,8.331941e-05
1984-07-30,1.7363415e-06
1984-07-31,7.0894705e-05
1984-08-01,0.48177883
1984-08-02,0.013913034
1984-08-03,0.3173493
1984-08-04,2.2106837e-08
1984-08-05,3.633932
1984-08-06,0.7542573
1984-08-07,6.289663e-05
1984-08-08,0.0
1984-08-09,2.707689e-05
1984-08-10,1.1313293e-10
1984-08-11,0.0
1984-08-12,3.5619357
1984-08-13,1.2392035
1984-08-14,0.00010301086
1984-08-15,0.0
1984-08-16,2.8038572e-05
1984-08-17,0.02249115
1984-08-18,0.0006834663
1984-08-19,0.0085385945
1984-08-20,5.0143164e-08
1984-08-21,0.0
1984-08-22,3.6862048e-06
1984-08-23,0.038509313
1984-08-24,0.030028794
1984-08-25,0.013755105
1984-08-26,0.0
1984-08-27,24.931473
1984-08-28,0.46574843
1984-08-29,6.492416e-05
1984-08-30,7.267605e-06
1984-08-31,0.56499493
1984-09-01,5.379299
1984-09-02,4.8818358e-05
1984-09-03,0.0
1984-09-04,0.018904151
1984-09-05,19.86285
1984-09-06,14.318051
1984-09-07,0.0136358775
1984-09-08,8.274348
1984-09-09,1.4889054
1984-09-10,1.5238807
1984-09-11,4.7994585
1984-09-12,14.384063
1984-09-13,2.4279184
1984-09-14,0.0
1984-09-15,0.06868899
1984-09-16,0.015846983
1984-09-17,1.2249789e-05
1984-09-18,0.01363383
1984-09-19,0.0018369666
1984-09-20,1.7368653
1984-09-21,3.8277826
1984-09-22,8.796974
1984-09-23,0.4581164
1984-09-24,0.050948806
1984-09-25,0.00021870107
1984-09-26,0.74874425
1984-09-27,0.04305621
1984-09-28,0.0
1984-09-29,0.0
1984-09-30,0.0
1984-10-01,7.531964e-05
1984-10-02,9.251195e-08
1984-10-03,4.725918e-08
1984-10-04,8.905219
1984-10-05,1.2556776
1984-10-06,0.4315101
1984-10-07,5.3550262
1984-10-08,4.498883
1984-10-09,11.031307
1984-10-10,31.029888
1984-10-11,13.074419
1984-10-12,19.22474
1984-10-13,28.370255
1984-10-14,7.98639
1984-10-15,0.35595062
1984-10-16,0.0039763236
1984-10-17,0.0022924498
1984-10-18,0.06868332
1984-10-19,6.594299e-11
1984-10-20,0.014377973
1984-10-21,0.0010825896
1984-10-22,8.033028e-09
1984-10-23,0.32850498
1984-10-24,0.86138785
1984-10-25,30.437223
1984-10-26,21.068867
1984-10-27,5.5441756
1984-10-28,15.504164
1984-10-29,1.6013103
1984-10-30,15.53093
1984-10-31,0.30297166
1984-11-01,20.895683
1984-11-02,62.38553
1984-11-03,40.360123
1984-11-04,27.849915
1984-11-05,2.052514
1984-11-06,14.408974
1984-11-07,18.197933
1984-11-08,0.12236105
1984-11-09,9.788845
1984-11-10,16.560577
1984-11-11,16.36309
1984-11-12,11.9699
1984-11-13,11.504818
1984-11-14,0.5244146
1984-11-15,9.521617e-09
1984-11-16,4.229513e-06
1984-11-17,0.0038995075
1984-11-18,10.387674
1984-11-19,17.33256
1984-11-20,9.582323
1984-11-21,0.24640909
1984-11-22,0.0006187622
1984-11-23,27.9567
1984-11-24,3.3992705
1984-11-25,1.6774786
1984-11-26,2.5215049
1984-11-27,30.940207
1984-11-28,22.691818
1984-11-29,8.350377
1984-11-30,15.019651
1984-12-01,1.993943
1984-12-02,5.1880234e-06
1984-12-03,3.3345652e-06
1984-12-04,0.0
1984-12-05,0.0
1984-12-06,0.0
1984-12-07,22.763704
1984-12-08,35.576824
1984-12-09,0.06128872
1984-12-10,9.853218
1984-12-11,3.4936364
1984-12-12,13.276793
1984-12-13,1.579304
1984-12-14,56.69787
1984-12-15,8.928577
1984-12-16,1.1764057
1984-12-17,0.61262
1984-12-18,8.270532e-06
1984-12-19,7.585606e-05
1984-12-20,10.253449
1984-12-21,8.408599
1984-12-22,18.193602
1984-12-23,19.802994
1984-12-24,0.022551037
1984-12-25,0.8217376
1984-12-26,6.413636
1984-12-27,11.108204
1984-12-28,2.5307336
1984-12-29,9.873845
1984-12-30,20.424023
1984-12-31,0.007482023
1985-01-01,2.5765262e-06
1985-01-02,2.6782245e-05
1985-01-03,2.3958196e-06
1985-01-04,0.0
1985-01-05,0.051825345
1985-01-06,0.00017765461
1985-01-07,0.2705561
1985-01-08,1.7523216e-06
1985-01-09,2.4213068e-06
1985-01-10,2.969518e-05
1985-01-11,1.0964006e-11
1985-01-12,0.00018629683
1985-01-13,0.011512629
1985-01-14,2.9659643
1985-01-15,6.75833
1985-01-16,0.0003797434
1985-01-17,4.671013
1985-01-18,0.26270837
1985-01-19,0.4041335
1985-01-20,8.653075
1985-01-21,0.0004857888
1985-01-22,6.7353753e-06
1985-01-23,1.0031815e-07
1985-01-24,0.0
1985-01-25,0.0
1985-01-26,7.533027e-06
1985-01-27,0.003123909
1985-01-28,0.0031820626
1985-01-29,0.09360041
1985-01-30,0.00040124092
1985-01-31,0.0359861
1985-02-01,4.621688
1985-02-02,0.010695388
1985-02-03,5.6684457e-06
1985-02-04,0.031205086
1985-02-05,5.0352707
1985-02-06,4.4591074
1985-02-07,18.99691
1985-02-08,0.7255155
1985-02-09,5.8461123
1985-02-10,15.39291
1985-02-11,49.077595
1985-02-12,12.18181
1985-02-13,0.31339115
1985-02-14,4.275368
1985-02-15,9.992521
1985-02-16,3.3444705
1985-02-17,1.4026296
1985-02-18,0.006956773
1985-02-19,15.12027
1985-02-20,3.217179
1985-02-21,7.1508017
1985-02-22,5.241335
1985-02-23,4.232771
1985-02-24,14.535983
1985-02-25,0.66471946
1985-02-26,0.008868212
1985-02-27,1.543248e-05
1985-02-28,0.78315127
1985-03-01,0.46907043
1985-03-02,0.002772504
1985-03-03,0.00015184954
1985-03-04,9.222403
1985-03-05,2.1950376
1985-03-06,2.5859149
1985-03-07,0.112845406
1985-03-08,3.1463142e-07
1985-03-09,0.0
1985-03-10,0.0
1985-03-11,0.0
1985-03-12,0.0068719313
1985-03-13,2.4807476e-05
1985-03-14,0.00594123
1985-03-15,0.0019438714
1985-03-16,7.502636e-08
1985-03-17,4.742079e-05
1985-03-18,2.9172386e-05
1985-03-19,0.07705636
1985-03-20,6.555768
1985-03-21,10.101189
1985-03-22,17.959675
1985-03-23,30.373371
1985-03-24,7.266823
1985-03-25,6.4929395
1985-03-26,1.5224514
1985-03-27,4.727826
1985-03-28,5.3922176
1985-03-29,2.072499
1985-03-30,38.13588
1985-03-31,8.031738
1985-04-01,5.523489
1985-04-02,1.6601152
1985-04-03,12.1441
1985-04-04,4.480531
1985-04-05,0.60198355
1985-04-06,5.649584e-05
1985-04-07,0.0
1985-04-08,9.108967e-05
1985-04-09,2.4519482e-05
1985-04-10,0.00022747571
1985-04-11,10.857653
1985-04-12,2.0311272
1985-04-13,0.00010869893
1985-04-14,0.047550708
1985-04-15,0.0066320244
1985-04-16,4.3256645
1985-04-17,0.68991554
1985-04-18,6.6421304
1985-04-19,8.01176
1985-04-20,6.153352
1985-04-21,0.31668785
1985-04-22,8.54631
1985-04-23,30.05631
1985-04-24,10.72295
1985-04-25,4.480087
1985-04-26,18.222054
1985-04-27,42.72252
1985-04-28,0.8011253
1985-04-29,1.8907549
1985-04-30,0.0
1985-05-01,0.0
1985-05-02,0.47165862
1985-05-03,7.327786
1985-05-04,10.202608
1985-05-05,2.0056202
1985-05-06,2.7314606
1985-05-07,0.01403215
1985-05-08,0.85302544
1985-05-09,0.24411206
1985-05-10,6.54446
1985-05-11,7.6209435
1985-05-12,0.05894877
1985-05-13,0.27966636
1985-05-14,4.507767
1985-05-15,7.869857e-05
1985-05-16,0.0
1985-05-17,3.658581e-07
1985-05-18,0.00013785716
1985-05-19,0.002718815
1985-05-20,0.03528954
1985-05-21,0.0010850977
1985-05-22,2.7269502e-05
1985-05-23,1.2537422
1985-05-24,0.3913679
1985-05-25,1.3003792
1985-05-26,0.6829537
1985-05-27,0.97882247
1985-05-28,2.7821739
1985-05-29,0.88222134
1985-05-30,4.205991
1985-05-31,1.4793509
1985-06-01,0.20241114
1985-06-02,0.12438702
1985-06-03,0.2799471
1985-06-04,8.729343
1985-06-05,5.126503
1985-06-06,3.6133356
1985-06-07,48.636528
1985-06-08,7.929785
1985-06-09,4.0385444e-08
1985-06-10,0.0
1985-06-11,0.0
1985-06-12,0.1465464
1985-06-13,0.752663
1985-06-14,2.8012142
1985-06-15,2.9345374
1985-06-16,0.0
1985-06-17,0.0
1985-06-18,0.0
1985-06-19,0.0
1985-06-20,9.24434e-05
1985-06-21,0.0
1985-06-22,0.039549116
1985-06-23,0.09911493
1985-06-24,0.41915077
1985-06-25,0.0027419152
1985-06-26,0.0023257534
1985-06-27,3.0920112e-06
1985-06-28,0.0
1985-06-29,0.03324662
1985-06-30,0.0001061847
1985-07-01,0.0
1985-07-02,1.1359045e-07
1985-07-03,0.0
1985-07-04,0.0009960508
1985-07-05,0.14729837
1985-07-06,3.2617795e-06
1985-07-07,6.964617e-07
1985-07-08,0.0
1985-07-09,0.002125877
1985-07-10,0.011005368
1985-07-11,1.8316664e-06
1985-07-12,0.0002309414
1985-07-13,3.8053847e-06
1985-07-14,4.3938435e-06
1985-07-15,0.0
1985-07-16,0.16684812
1985-07-17,0.12692314
1985-07-18,0.0
1985-07-19,0.0
1985-07-20,0.0
1985-07-21,0.0
1985-07-22,1.773775e-06
1985-07-23,0.005154107
1985-07-24,0.24857801
1985-07-25,9.184551e-08
1985-07-26,0.0
1985-07-27,0.0
1985-07-28,0.0
1985-07-29,0.00022821302
1985-07-30,0.13997398
1985-07-31,1.3354943
1985-08-01,13.481091
1985-08-02,0.6864927
1985-08-03,0.033624955
1985-08-04,0.007076236
1985-08-05,1.8856097e-09
1985-08-06,0.0
1985-08-07,9.880547
1985-08-08,10.12203
1985-08-09,1.2281455
1985-08-10,1.1397934
1985-08-11,7.641115e-05
1985-08-12,1.7741648e-06
1985-08-13,0.0
1985-08-14,0.0
1985-08-15,8.065905e-06
1985-08-16,0.0
1985-08-17,0.0
1985-08-18,0.0
1985-08-19,0.000104158695
1985-08-20,0.17143609
1985-08-21,0.48432335
1985-08-22,0.0009617168
1985-08-23,0.0
1985-08-24,0.0
1985-08-25,0.0
1985-08-26,0.0
1985-08-27,0.056187492
1985-08-28,0.018699478
1985-08-29,1.1207503e-06
1985-08-30,5.3029423
1985-08-31,5.0258417
1985-09-01,0.52626246
1985-09-02,1.9786526
1985-09-03,2.432212e-05
1985-09-04,1.326849
1985-09-05,11.752116
1985-09-06,34.240524
1985-09-07,9.520787
1985-09-08,7.334262
1985-09-09,2.231997
1985-09-10,5.557273
1985-09-11,4.5320983
1985-09-12,3.8755894
1985-09-13,5.3707438
1985-09-14,1.1412914
1985-09-15,1.4608493
1985-09-16,4.582756
1985-09-17,9.771582
1985-09-18,1.1593333
1985-09-19,0.020841252
1985-09-20,0.089163035
1985-09-21,0.6221472
1985-09-22,0.00064500846
1985-09-23,0.0
1985-09-24,4.220563e-07
1985-09-25,0.0
1985-09-26,9.483869e-06
1985-09-27,0.0
1985-09-28,0.0
1985-09-29,0.0
1985-09-30,0.0
1985-10-01,0.7092341
1985-10-02,0.36337283
1985-10-03,0.3621179
1985-10-04,0.0
1985-10-05,0.013513172
1985-10-06,4.7672048
1985-10-07,0.73947334
1985-10-08,2.8479835e-07
1985-10-09,8.2831684e-05
1985-10-10,0.63612247
1985-10-11,34.17032
1985-10-12,5.794261
1985-10-13,3.0601034
1985-10-14,20.971272
1985-10-15,9.323779
1985-10-16,16.695553
1985-10-17,5.1533756
1985-10-18,0.832428
1985-10-19,25.591406
1985-10-20,17.977768
1985-10-21,10.017036
1985-10-22,34.79886
1985-10-23,18.492214
1985-10-24,32.806183
1985-10-25,25.478941
1985-10-26,43.516876
1985-10-27,40.454464
1985-10-28,19.13897
1985-10-29,0.0002529591
1985-10-30,16.067654
1985-10-31,12.192137
1985-11-01,66.3759
1985-11-02,15.658897
1985-11-03,21.483814
1985-11-04,4.09076
1985-11-05,15.728676
1985-11-06,10.843794
1985-11-07,10.538831
1985-11-08,6.3104095
1985-11-09,3.856813
1985-11-10,0.15167932
1985-11-11,3.5859415e-07
1985-11-12,0.0
1985-11-13,0.0
1985-11-14,0.0
1985-11-15,14.531765
1985-11-16,10.929318
1985-11-17,6.914626
1985-11-18,0.09663795
1985-11-19,0.33109894
1985-11-20,0.7512319
1985-11-21,0.13435099
1985-11-22,0.34666994
1985-11-23,1.8472008e-09
1985-11-24,0.01166771
1985-11-25,0.3013196
1985-11-26,3.211689
1985-11-27,3.0997233
1985-11-28,9.8055345e-05
1985-11-29,3.6997793e-05
1985-11-30,4.9850905e-06
1985-12-01,5.3986128e-06
1985-12-02,5.2278566
1985-12-03,28.130264
1985-12-04,6.836365
1985-12-05,4.3732085
1985-12-06,15.240117
1985-12-07,12.93494
1985-12-08,1.4804692
1985-12-09,5.674571e-07
1985-12-10,2.1933072e-07
1985-12-11,0.0039860555
1985-12-12,0.0
1985-12-13,6.879148e-06
1985-12-14,0.00559264
1985-12-15,0.07864352
1985-12-16,1.41016235e-05
1985-12-17,1.2879438e-05
1985-12-18,1.5416665e-05
1985-12-19,8.09204e-05
1985-12-20,2.5533296e-05
1985-12-21,7.641348e-09
1985-12-22,9.673621e-05
1985-12-23,2.3884666e-05
1985-12-24,3.499752e-05
1985-12-25,2.3216717e-06
1985-12-26,5.2517862e-08
1985-12-27,0.0
1985-12-28,0.0
1985-12-29,4.894945
1985-12-30,1.1532503
1985-12-31,0.058263518
1986-01-01,23.838251
1986-01-02,1.9400476
1986-01-03,11.040495
1986-01-04,3.9023762e-05
1986-01-05,16.803188
1986-01-06,34.904144
1986-01-07,3.4862314e-05
1986-01-08,14.57911
1986-01-09,3.4198647
1986-01-10,9.588711
1986-01-11,14.69062
1986-01-12,0.0
1986-01-13,0.025916465
1986-01-14,3.3776598
1986-01-15,3.1763797
1986-01-16,20.623386
1986-01-17,37.541553
1986-01-18,80.784454
1986-01-19,23.218945
1986-01-20,1.6962652
1986-01-21,0.2800429
1986-01-22,17.082373
1986-01-23,18.105894
1986-01-24,3.6752243
1986-01-25,0.001982112
1986-01-26,3.398549e-06
1986-01-27,9.347029
1986-01-28,5.2295656
1986-01-29,4.741738
1986-01-30,15.491389
1986-01-31,0.22010088
1986-02-01,14.157085
1986-02-02,3.0037146
1986-02-03,2.104782
1986-02-04,1.1681541
1986-02-05,13.567942
1986-02-06,0.033278935
1986-02-07,3.4687045e-07
1986-02-08,0.0
1986-02-09,1.474237e-06
1986-02-10,0.017377319
1986-02-11,1.7229325
1986-02-12,0.004226359
1986-02-13,6.789929e-08
1986-02-14,2.5511594e-05
1986-02-15,44.124664
1986-02-16,33.392673
1986-02-17,7.61683
1986-02-18,1.5048959
1986-02-19,1.0909085
1986-02-20,0.20061292
1986-02-21,6.357213
1986-02-22,23.488491
1986-02-23,43.933514
1986-02-24,67.38082
1986-02-25,34.945576
1986-02-26,3.1657755
1986-02-27,0.00021696073
1986-02-28,0.024264712
1986-03-01,0.00453102
1986-03-02,0.0055663316
1986-03-03,6.565495e-08
1986-03-04,0.45723122
1986-03-05,7.810278e-06
1986-03-06,0.34007865
1986-03-07,39.737984
1986-03-08,19.652796
1986-03-09,3.4708364
1986-03-10,1.0717833
1986-03-11,5.3533764
1986-03-12,9.163719
1986-03-13,0.5953531
1986-03-14,11.091079
1986-03-15,0.07730756
1986-03-16,0.07582047
1986-03-17,0.25356704
1986-03-18,6.195452
1986-03-19,1.3131095
1986-03-20,6.525385e-06
1986-03-21,12.888187
1986-03-22,2.3367739
1986-03-23,3.9350252
1986-03-24,27.462118
1986-03-25,4.941755
1986-03-26,6.248424
1986-03-27,3.0085187
1986-03-28,4.6417437
1986-03-29,0.13528344
1986-03-30,11.670765
1986-03-31,0.82962006
1986-04-01,1.5379386
1986-04-02,0.41470927
1986-04-03,0.007788015
1986-04-04,1.9287933
1986-04-05,0.15343152
1986-04-06,7.1754384e-06
1986-04-07,2.3963858e-06
1986-04-08,0.046542443
1986-04-09,0.39691633
1986-04-10,0.00012907869
1986-04-11,8.5442505
1986-04-12,9.003577
1986-04-13,5.5446258
1986-04-14,1.2758751
1986-04-15,10.152981
1986-04-16,5.955736
1986-04-17,11.314775
1986-04-18,1.3025541
1986-04-19,2.9143531
1986-04-20,10.539167
1986-04-21,7.80295
1986-04-22,6.1020174
1986-04-23,1.0283409
1986-04-24,0.09400566
1986-04-25,19.085396
1986-04-26,5.3663206
1986-04-27,19.912737
1986-04-28,12.628715
1986-04-29,10.746247
1986-04-30,0.37681735
1986-05-01,0.24481604
1986-05-02,19.290623
1986-05-03,8.499992
1986-05-04,1.0564945
1986-05-05,2.9644039
1986-05-06,1.4763161
1986-05-07,0.9899566
1986-05-08,0.5924728
1986-05-09,2.2004962
1986-05-10,10.366631
1986-05-11,6.7710114
1986-05-12,17.126625
1986-05-13,41.061977
1986-05-14,4.789448
1986-05-15,0.15309075
1986-05-16,0.12119892
1986-05-17,1.7017237
1986-05-18,7.5899925
1986-05-19,3.7708325
1986-05-20,12.457443
1986-05-21,0.6976112
1986-05-22,2.7090144
1986-05-23,0.010993573
1986-05-24,2.5603077
1986-05-25,8.476836e-05
1986-05-26,0.65923107
1986-05-27,0.019538451
1986-05-28,4.041804e-05
1986-05-29,2.466731e-08
1986-05-30,0.0
1986-05-31,0.0
1986-06-01,0.0
1986-06-02,0.0
1986-06-03,0.0007730169
1986-06-04,1.571085
1986-06-05,1.5095866
1986-06-06,0.02241162
1986-06-07,0.23816928
1986-06-08,0.25735152
1986-06-09,9.389582e-05
1986-06-10,0.0
1986-06-11,0.00029613965
1986-06-12,0.0
1986-06-13,0.0
1986-06-14,1.2697654
1986-06-15,0.69218355
1986-06-16,1.7274983
1986-06-17,2.428769
1986-06-18,7.8910074
1986-06-19,10.135344
1986-06-20,2.5947614
1986-06-21,0.3516909
1986-06-22,1.2613272e-06
1986-06-23,4.81112e-07
1986-06-24,6.4029045e-06
1986-06-25,0.0
1986-06-26,0.0
1986-06-27,0.0
1986-06-28,3.9668114
1986-06-29,3.8060503
1986-06-30,0.0009835028
1986-07-01,1.780592
1986-07-02,5.819517
1986-07-03,3.119575
1986-07-04,7.0904818
1986-07-05,0.11637487
1986-07-06,0.0039394307
1986-07-07,0.016308974
1986-07-08,0.13853952
1986-07-09,0.690454
1986-07-10,15.67123
1986-07-11,6.597539
1986-07-12,2.536995
1986-07-13,0.16222845
1986-07-14,0.15493523
1986-07-15,1.0158415
1986-07-16,19.083403
1986-07-17,17.85854
1986-07-18,0.012461267
1986-07-19,0.0
1986-07-20,2.1243432e-07
1986-07-21,0.0019267708
1986-07-22,0.0056088427
1986-07-23,0.034580253
1986-07-24,0.004686609
1986-07-25,0.002517779
1986-07-26,0.14090276
1986-07-27,0.17988822
1986-07-28,0.39007884
1986-07-29,0.10549058
1986-07-30,1.2600668e-06
1986-07-31,4.5081925e-09
1986-08-01,1.8940638e-07
1986-08-02,0.0
1986-08-03,0.0
1986-08-04,2.2025082e-05
1986-08-05,2.0921752e-05
1986-08-06,3.7919286e-05
1986-08-07,0.0
1986-08-08,6.427815e-05
1986-08-09,0.00014147401
1986-08-10,5.629945e-05
1986-08-11,0.26172704
1986-08-12,0.06277768
1986-08-13,0.003694424
1986-08-14,0.001680669
1986-08-15,0.0
1986-08-16,0.0
1986-08-17,0.0
1986-08-18,0.0
1986-08-19,1.6486197e-09
1986-08-20,0.0
1986-08-21,0.0
1986-08-22,0.0
1986-08-23,0.0
1986-08-24,0.012461604
1986-08-25,0.019652225
1986-08-26,0.0
1986-08-27,0.0
1986-08-28,0.008307675
1986-08-29,1.7964593
1986-08-30,1.2213032
1986-08-31,0.075840086
1986-09-01,0.14110571
1986-09-02,0.061129782
1986-09-03,0.0036773286
1986-09-04,2.41623e-06
1986-09-05,6.703489e-05
1986-09-06,0.0005124455
1986-09-07,0.00047610345
1986-09-08,0.68626344
1986-09-09,0.40509215
1986-09-10,1.0057201
1986-09-11,0.045539647
1986-09-12,9.1266793e-07
1986-09-13,6.0955734
1986-09-14,1.413244
1986-09-15,6.2071724
1986-09-16,22.254837
1986-09-17,3.9961786
1986-09-18,5.139167
1986-09-19,0.78441626
1986-09-20,0.75688875
1986-09-21,0.0005908812
1986-09-22,0.00015157255
1986-09-23,31.14666
1986-09-24,11.360685
1986-09-25,0.73460364
1986-09-26,0.5006293
1986-09-27,9.042923
1986-09-28,4.6148224
1986-09-29,15.206611
1986-09-30,0.8944638
1986-10-01,0.33557746
1986-10-02,0.0051403916
1986-10-03,0.07279073
1986-10-04,0.121346
1986-10-05,0.0010049008
1986-10-06,0.0005585429
1986-10-07,5.7214602e-05
1986-10-08,0.00033778689
1986-10-09,0.00010153101
1986-10-10,8.600058e-05
1986-10-11,0.0
1986-10-12,0.0
1986-10-13,0.0
1986-10-14,0.0
1986-10-15,0.0
1986-10-16,0.0
1986-10-17,0.00024208543
1986-10-18,0.0011997932
1986-10-19,0.00022720732
1986-10-20,1.2388079e-05
1986-10-21,0.0
1986-10-22,3.9610774e-07
1986-10-23,0.0
1986-10-24,0.0053360355
1986-10-25,11.973444
1986-10-26,56.2312
1986-10-27,14.996415
1986-10-28,3.6136177
1986-10-29,2.137461
1986-10-30,24.233505
1986-10-31,1.6154578
1986-11-01,3.7109952e-05
1986-11-02,1.0901398e-07
1986-11-03,1.8772821e-06
1986-11-04,0.004642821
1986-11-05,13.470375
1986-11-06,5.0422664
1986-11-07,6.391389
1986-11-08,2.8408287
1986-11-09,4.8009042e-05
1986-11-10,0.09168897
1986-11-11,9.347854
1986-11-12,0.36289865
1986-11-13,2.8491573
1986-11-14,11.865414
1986-11-15,2.8174086
1986-11-16,20.787338
1986-11-17,5.922517
1986-11-18,40.732952
1986-11-19,24.206009
1986-11-20,71.7507
1986-11-21,14.554138
1986-11-22,22.493523
1986-11-23,88.5863
1986-11-24,35.450157
1986-11-25,0.5352918
1986-11-26,12.977728
1986-11-27,23.002808
1986-11-28,3.082591
1986-11-29,0.1164924
1986-11-30,0.1164593
1986-12-01,17.357456
1986-12-02,0.000661847
1986-12-03,0.0
1986-12-04,5.2055265e-07
1986-12-05,1.574276
1986-12-06,0.014694618
1986-12-07,0.00027488274
1986-12-08,0.0013899195
1986-12-09,0.0
1986-12-10,1.6105934e-08
1986-12-11,0.0013498939
1986-12-12,8.258835
1986-12-13,7.4905643
1986-12-14,18.459846
1986-12-15,7.6400523
1986-12-16,0.0005149403
1986-12-17,5.3237363e-07
1986-12-18,8.201918e-05
1986-12-19,1.0679933
1986-12-20,8.910703e-05
1986-12-21,32.332733
1986-12-22,7.7198896
1986-12-23,23.837025
1986-12-24,6.3314543
1986-12-25,4.2563667
1986-12-26,11.309896
1986-12-27,2.2939487
1986-12-28,8.381109
1986-12-29,54.984848
1986-12-30,7.2253942
1986-12-31,0.41212943
1987-01-01,17.517853
1987-01-02,28.736567
1987-01-03,32.73105
1987-01-04,14.5485735
1987-01-05,0.37336656
1987-01-06,0.0
1987-01-07,0.0
1987-01-08,4.8215425e-11
1987-01-09,0.048023388
1987-01-10,0.16623722
1987-01-11,0.91900563
1987-01-12,33.630344
1987-01-13,16.563423
1987-01-14,5.2588387
1987-01-15,6.66851e-06
1987-01-16,0.002110889
1987-01-17,0.0007778347
1987-01-18,3.8967335
1987-01-19,0.0004234438
1987-01-20,3.342693e-05
1987-01-21,4.9964495e-07
1987-01-22,3.717562e-08
1987-01-23,4.0025625
1987-01-24,20.354683
1987-01-25,14.954352
1987-01-26,14.22785
1987-01-27,10.923304
1987-01-28,25.991508
1987-01-29,14.527125
1987-01-30,10.189135
1987-01-31,12.461455
1987-02-01,46.22615
1987-02-02,0.40272903
1987-02-03,4.7735376
1987-02-04,8.309738
1987-02-05,4.945194
1987-02-06,0.0
1987-02-07,0.0
1987-02-08,0.0758006
1987-02-09,2.245055e-06
1987-02-10,1.2463281
1987-02-11,6.522581
1987-02-12,0.01542384
1987-02-13,9.371824
1987-02-14,7.285181
1987-02-15,0.6099916
1987-02-16,15.056246
1987-02-17,9.604792
1987-02-18,0.9094876
1987-02-19,1.1023709
1987-02-20,0.0045192456
1987-02-21,0.5958921
1987-02-22,8.517038
1987-02-23,0.88910717
1987-02-24,0.0
1987-02-25,0.0
1987-02-26,2.0049731e-07
1987-02-27,8.518955
1987-02-28,6.8123236
1987-03-01,11.691206
1987-03-02,38.389717
1987-03-03,69.37801
1987-03-04,41.176613
1987-03-05,14.143232
1987-03-06,13.624815
1987-03-07,0.89472175
1987-03-08,0.0
1987-03-09,3.2922423
1987-03-10,22.74451
1987-03-11,3.2009768
1987-03-12,18.301888
1987-03-13,15.438244
1987-03-14,10.5042515
1987-03-15,0.83157164
1987-03-16,3.023624
1987-03-17,19.73861
1987-03-18,4.553505
1987-03-19,1.2535166
1987-03-20,1.1746867
1987-03-21,1.172349e-05
1987-03-22,0.00080625096
1987-03-23,0.46036714
1987-03-24,1.8441503
1987-03-25,1.5402427
1987-03-26,8.067314
1987-03-27,0.23032469
1987-03-28,0.12211901
1987-03-29,0.0
1987-03-30,0.0
1987-03-31,0.0
1987-04-01,0.0
1987-04-02,0.0
1987-04-03,1.8215718
1987-04-04,1.7701068
1987-04-05,1.0393143
1987-04-06,4.8756175
1987-04-07,7.6577525
1987-04-08,26.241394
1987-04-09,2.3145103
1987-04-10,20.406733
1987-04-11,13.375041
1987-04-12,4.4891276
1987-04-13,0.046843216
1987-04-14,8.1630125
1987-04-15,9.669033
1987-04-16,24.174732
1987-04-17,5.568038
1987-04-18,1.4013282
1987-04-19,0.28102636
1987-04-20,8.7299835e-05
1987-04-21,0.00016775618
1987-04-22,0.00025417822
1987-04-23,0.29745972
1987-04-24,0.0
1987-04-25,0.0
1987-04-26,1.08172294e-07
1987-04-27,0.0
1987-04-28,1.0241402
1987-04-29,0.5841986
1987-04-30,11.476128
1987-05-01,13.455978
1987-05-02,12.544748
1987-05-03,3.0547886
1987-05-04,0.035370022
1987-05-05,2.328766e-05
1987-05-06,0.0
1987-05-07,0.0
1987-05-08,0.011691833
1987-05-09,0.0004774697
1987-05-10,0.0
1987-05-11,1.5590585
1987-05-12,32.852047
1987-05-13,0.07221417
1987-05-14,17.560232
1987-05-15,0.17158636
1987-05-16,4.9902206e-05
1987-05-17,1.4213081e-05
1987-05-18,0.80646443
1987-05-19,7.967894
1987-05-20,0.48204717
1987-05-21,0.05483474
1987-05-22,0.10864779
1987-05-23,0.0060566072
1987-05-24,0.19429195
1987-05-25,0.6494241
1987-05-26,2.7384138
1987-05-27,3.8538327
1987-05-28,4.9805593
1987-05-29,0.35283566
1987-05-30,37.8238
1987-05-31,25.633978
1987-06-01,13.993643
1987-06-02,0.042375937
1987-06-03,9.462369e-07
1987-06-04,0.10213439
1987-06-05,2.4017937
1987-06-06,0.40938708
1987-06-07,9.2743653e-07
1987-06-08,0.38804016
1987-06-09,2.055026
1987-06-10,0.0042837868
1987-06-11,1.7857597e-07
1987-06-12,4.6868315
1987-06-13,3.254226e-06
1987-06-14,1.2767632e-06
1987-06-15,0.00078680937
1987-06-16,0.04449876
1987-06-17,0.008633792
1987-06-18,0.0017875067
1987-06-19,0.026140332
1987-06-20,3.6496763
1987-06-21,9.804413
1987-06-22,8.300367
1987-06-23,0.010147305
1987-06-24,0.0
1987-06-25,0.0
1987-06-26,0.0
1987-06-27,9.702311e-06
1987-06-28,6.857558e-05
1987-06-29,0.0026509988
1987-06-30,0.00047273166
1987-07-01,0.0
1987-07-02,0.0016392425
1987-07-03,0.006229771
1987-07-04,0.06623542
1987-07-05,16.869015
1987-07-06,0.7463217
1987-07-07,0.12067845
1987-07-08,1.4553552
1987-07-09,0.60480136
1987-07-10,0.33006522
1987-07-11,0.15495726
1987-07-12,0.0822136
1987-07-13,0.0
1987-07-14,8.103625e-07
1987-07-15,1.45724725e-05
1987-07-16,0.45323277
1987-07-17,0.43920973
1987-07-18,1.9776807
1987-07-19,16.271643
1987-07-20,1.1509011
1987-07-21,2.5531812
1987-07-22,0.10883863
1987-07-23,0.34507382
1987-07-24,5.527218
1987-07-25,1.0213821
1987-07-26,3.3280332e-05
1987-07-27,0.0004920609
1987-07-28,7.010344e-07
1987-07-29,0.0
1987-07-30,0.2872191
1987-07-31,1.250295
1987-08-01,0.3324429
1987-08-02,0.0
1987-08-03,0.0
1987-08-04,0.0
1987-08-05,0.042044435
1987-08-06,0.104765855
1987-08-07,0.00035701605
1987-08-08,0.0
1987-08-09,0.0
1987-08-10,0.030532029
1987-08-11,0.010073638
1987-08-12,0.029054534
1987-08-13,3.4966877
1987-08-14,1.0368434
1987-08-15,0.48390585
1987-08-16,0.60836273
1987-08-17,0.00023788749
1987-08-18,0.0
1987-08-19,1.6742408e-06
1987-08-20,0.14969811
1987-08-21,8.715961e-06
1987-08-22,5.402076e-09
1987-08-23,0.0
1987-08-24,0.00030334175
1987-08-25,0.0017587222
1987-08-26,6.512694e-05
1987-08-27,2.0765967e-06
1987-08-28,0.0010357245
1987-08-29,0.0
1987-08-30,0.0
1987-08-31,0.0
1987-09-01,0.0
1987-09-02,3.7771049
1987-09-03,0.35151848
1987-09-04,0.0
1987-09-05,1.1284546e-11
1987-09-06,5.2110613e-06
1987-09-07,1.896268e-05
1987-09-08,0.0
1987-09-09,1.757987e-07
1987-09-10,3.5895832e-06
1987-09-11,0.0
1987-09-12,0.00884302
1987-09-13,0.034978323
1987-09-14,9.520834
1987-09-15,16.518915
1987-09-16,1.297926
1987-09-17,0.0026030373
1987-09-18,5.145296e-10
1987-09-19,0.0
1987-09-20,0.0
1987-09-21,1.6552822e-06
1987-09-22,7.0188776e-06
1987-09-23,8.141257e-08
1987-09-24,0.0
1987-09-25,0.48530656
1987-09-26,4.3275204
1987-09-27,0.003266567
1987-09-28,1.0749104e-07
1987-09-29,0.0
1987-09-30,0.0
1987-10-01,0.0
1987-10-02,0.0
1987-10-03,0.643594
1987-10-04,0.78364646
1987-10-05,0.0
1987-10-06,0.0
1987-10-07,0.0
1987-10-08,7.6763274e-07
1987-10-09,0.0
1987-10-10,0.0
1987-10-11,0.0
1987-10-12,0.0
1987-10-13,4.1290758e-07
1987-10-14,0.004219849
1987-10-15,0.001106507
1987-10-16,5.7154775e-06
1987-10-17,0.0006749532
1987-10-18,5.476484e-06
1987-10-19,4.835601e-06
1987-10-20,0.0
1987-10-21,0.0
1987-10-22,0.0
1987-10-23,1.1406283e-07
1987-10-24,8.5493986e-05
1987-10-25,1.3119173
1987-10-26,0.11904791
1987-10-27,2.9922881e-05
1987-10-28,6.364064e-07
1987-10-29,0.00030689308
1987-10-30,0.026350573
1987-10-31,13.227044
1987-11-01,3.624945
1987-11-02,0.09219822
1987-11-03,0.003984915
1987-11-04,0.0022357032
1987-11-05,0.00036074937
1987-11-06,0.0016868775
1987-11-07,0.1819331
1987-11-08,3.9951874e-06
1987-11-09,3.7808886
1987-11-10,1.2540672
1987-11-11,32.00596
1987-11-12,5.078967
1987-11-13,16.072823
1987-11-14,6.086214
1987-11-15,8.227097
1987-11-16,16.358322
1987-11-17,3.4097888e-05
1987-11-18,0.029201953
1987-11-19,0.066329986
1987-11-20,0.0017497488
1987-11-21,12.279663
1987-11-22,33.430885
1987-11-23,13.8893385
1987-11-24,33.657883
1987-11-25,5.59274
1987-11-26,0.000115575145
1987-11-27,0.31803694
1987-11-28,6.479533e-07
1987-11-29,1.3572903e-06
1987-11-30,3.5422251
1987-12-01,47.45724
1987-12-02,22.987736
1987-12-03,38.366997
1987-12-04,6.157775
1987-12-05,0.6067723
1987-12-06,45.67844
1987-12-07,24.242554
1987-12-08,4.091588
1987-12-09,48.561096
1987-12-10,32.44198
1987-12-11,11.079361
1987-12-12,0.80478746
1987-12-13,0.0
1987-12-14,10.426844
1987-12-15,1.3708586
1987-12-16,0.37444398
1987-12-17,2.3406961e-05
1987-12-18,1.8324873
1987-12-19,0.04034012
1987-12-20,8.944516
1987-12-21,17.200779
1987-12-22,6.8127346
1987-12-23,0.09009305
1987-12-24,9.2063846e-07
1987-12-25,0.0
1987-12-26,0.0
1987-12-27,0.0
1987-12-28,0.0047302605
1987-12-29,7.4015293
1987-12-30,4.3955007
1987-12-31,0.19265598
1988-01-01,8.906954e-06
1988-01-02,0.0
1988-01-03,0.0
1988-01-04,0.0005340231
1988-01-05,0.00068454293
1988-01-06,0.0017596241
1988-01-07,0.0019687111
1988-01-08,1.5526606
1988-01-09,12.471174
1988-01-10,8.536932
1988-01-11,11.9368725
1988-01-12,6.5349045
1988-01-13,17.567707
1988-01-14,76.803894
1988-01-15,25.08839
1988-01-16,16.201979
1988-01-17,4.2999997
1988-01-18,0.11718886
1988-01-19,0.37362194
1988-01-20,15.400368
1988-01-21,0.86461276
1988-01-22,13.736628
1988-01-23,1.2542615
1988-01-24,0.0019975533
1988-01-25,0.034591563
1988-01-26,6.734912e-08
1988-01-27,0.10954692
1988-01-28,7.52374
1988-01-29,27.799309
1988-01-30,4.758817
1988-01-31,0.0043924963
1988-02-01,0.0
1988-02-02,1.808679
1988-02-03,8.25572
1988-02-04,0.03286356
1988-02-05,0.0005071053
1988-02-06,3.3594198
1988-02-07,16.321213
1988-02-08,3.7486377
1988-02-09,33.584915
1988-02-10,7.6489387
1988-02-11,3.080695
1988-02-12,0.037993375
1988-02-13,20.569025
1988-02-14,22.665379
1988-02-15,25.279877
1988-02-16,5.168313
1988-02-17,15.464194
1988-02-18,2.8553963
1988-02-19,0.01086163
1988-02-20,0.0075147664
1988-02-21,0.00092539523
1988-02-22,6.992811e-05
1988-02-23,0.0
1988-02-24,0.0
1988-02-25,3.4652614e-06
1988-02-26,0.0
1988-02-27,7.25955e-07
1988-02-28,3.7842412e-07
1988-02-29,1.31492
1988-03-01,0.0091170985
1988-03-02,3.3545458
1988-03-03,10.722887
1988-03-04,18.067427
1988-03-05,9.30237
1988-03-06,31.050886
1988-03-07,5.3073626
1988-03-08,14.621029
1988-03-09,17.806023
1988-03-10,0.7641742
1988-03-11,2.5087736e-08
1988-03-12,0.0
1988-03-13,0.7140293
1988-03-14,0.7861184
1988-03-15,0.0024931927
1988-03-16,0.0
1988-03-17,0.0
1988-03-18,0.0
1988-03-19,5.0215163e-05
1988-03-20,8.526827
1988-03-21,15.988868
1988-03-22,14.981613
1988-03-23,50.507683
1988-03-24,24.34653
1988-03-25,21.92723
1988-03-26,55.410583
1988-03-27,10.307783
1988-03-28,0.5521168
1988-03-29,16.074722
1988-03-30,2.248663
1988-03-31,0.16139966
1988-04-01,0.31653723
1988-04-02,24.081186
1988-04-03,26.697653
1988-04-04,17.665668
1988-04-05,26.077654
1988-04-06,50.658813
1988-04-07,10.858657
1988-04-08,5.215965
1988-04-09,0.019898823
1988-04-10,0.0
1988-04-11,7.1395436e-07
1988-04-12,0.0
1988-04-13,1.0142809
1988-04-14,0.0040291897
1988-04-15,0.0048515825
1988-04-16,0.13806228
1988-04-17,2.8062754
1988-04-18,3.8915706
1988-04-19,0.00018324281
1988-04-20,0.00061215874
1988-04-21,0.051244147
1988-04-22,8.420472
1988-04-23,5.1905255
1988-04-24,12.981846
1988-04-25,1.297643
1988-04-26,0.01299136
1988-04-27,0.029271163
1988-04-28,6.82104
1988-04-29,13.071061
1988-04-30,18.486128
1988-05-01,7.098333
1988-05-02,17.948544
1988-05-03,5.8375106
1988-05-04,4.9056716
1988-05-05,0.8581205
1988-05-06,3.244072
1988-05-07,0.21113835
1988-05-08,0.00016516942
1988-05-09,8.613081e-05
1988-05-10,2.902444e-06
1988-05-11,2.6072446e-05
1988-05-12,5.316001e-06
1988-05-13,20.727478
1988-05-14,9.401239
1988-05-15,0.011189626
1988-05-16,4.862974
1988-05-17,6.079553
1988-05-18,6.5131683
1988-05-19,2.176764
1988-05-20,0.0006984244
1988-05-21,0.0
1988-05-22,0.00363877
1988-05-23,1.1220329
1988-05-24,0.00021481892
1988-05-25,0.0
1988-05-26,4.820561e-07
1988-05-27,10.852148
1988-05-28,21.933437
1988-05-29,2.6012893
1988-05-30,0.08616281
1988-05-31,3.7272243
1988-06-01,12.034185
1988-06-02,3.03367
1988-06-03,21.23431
1988-06-04,4.432836
1988-06-05,1.6170092
1988-06-06,1.7791708
1988-06-07,19.172188
1988-06-08,6.3820868
1988-06-09,0.2515496
1988-06-10,15.215773
1988-06-11,0.09097402
1988-06-12,0.0010421147
1988-06-13,1.1992317e-05
1988-06-14,5.8082383e-06
1988-06-15,0.0
1988-06-16,2.0941341e-07
1988-06-17,0.002028739
1988-06-18,1.0762335
1988-06-19,0.0006774537
1988-06-20,2.238661e-07
1988-06-21,3.880876e-05
1988-06-22,0.032058448
1988-06-23,0.31132078
1988-06-24,3.289593e-05
1988-06-25,0.0
1988-06-26,0.38520592
1988-06-27,0.048689716
1988-06-28,0.0644946
1988-06-29,8.830179
1988-06-30,0.008670826
1988-07-01,5.7045584
1988-07-02,6.3009233
1988-07-03,0.6155025
1988-07-04,0.00476103
1988-07-05,0.28769702
1988-07-06,5.4232235
1988-07-07,0.00016000502
1988-07-08,0.0
1988-07-09,0.0
1988-07-10,2.5476876e-11
1988-07-11,1.1686022
1988-07-12,13.380716
1988-07-13,8.262096
1988-07-14,1.3266382
1988-07-15,0.0008781193
1988-07-16,6.747423e-06
1988-07-17,3.133756e-05
1988-07-18,1.5020961e-05
1988-07-19,0.0
1988-07-20,0.0
1988-07-21,1.9519557e-05
1988-07-22,0.00067348895
1988-07-23,6.106253e-07
1988-07-24,3.8783792e-11
1988-07-25,0.0
1988-07-26,0.0
1988-07-27,0.0
1988-07-28,2.327444e-06
1988-07-29,6.275149e-05
1988-07-30,0.0
1988-07-31,7.483921e-06
1988-08-01,1.0301089
1988-08-02,0.98921657
1988-08-03,0.00010205484
1988-08-04,0.0
1988-08-05,0.00010657839
1988-08-06,0.266632
1988-08-07,0.015624998
1988-08-08,0.031075932
1988-08-09,0.070818886
1988-08-10,0.031946015
1988-08-11,0.0077036247
1988-08-12,2.9756914e-06
1988-08-13,7.1113885e-05
1988-08-14,0.0013949852
1988-08-15,0.0070725107
1988-08-16,12.779303
1988-08-17,0.38636738
1988-08-18,0.21650879
1988-08-19,0.038338933
1988-08-20,0.09461644
1988-08-21,0.0017254759
1988-08-22,0.0
1988-08-23,0.0
1988-08-24,0.0
1988-08-25,0.00018101039
1988-08-26,0.00060058635
1988-08-27,6.541115e-07
1988-08-28,8.7008715e-08
1988-08-29,0.28297645
1988-08-30,0.007659105
1988-08-31,4.4181103e-05
1988-09-01,7.662542e-06
1988-09-02,0.0
1988-09-03,0.0
1988-09-04,0.0
1988-09-05,0.0
1988-09-06,0.5848354
1988-09-07,3.5538256
1988-09-08,3.8852344e-05
1988-09-09,0.00066507066
1988-09-10,0.24212343
1988-09-11,0.0
1988-09-12,0.0
1988-09-13,0.0
1988-09-14,0.0
1988-09-15,2.1775399e-05
1988-09-16,0.05987241
1988-09-17,2.124113
1988-09-18,0.0075653847
1988-09-19,31.899685
1988-09-20,0.8859191
1988-09-21,0.00054991676
1988-09-22,6.670895e-05
1988-09-23,16.808538
1988-09-24,0.860978
1988-09-25,41.16789
1988-09-26,3.4529753
1988-09-27,21.510353
1988-09-28,0.2783026
1988-09-29,0.0
1988-09-30,1.9351367e-06
1988-10-01,4.0124387e-06
1988-10-02,0.0
1988-10-03,3.1379615e-05
1988-10-04,0.00023687564
1988-10-05,0.00040180658
1988-10-06,0.002572076
1988-10-07,0.00025615544
1988-10-08,1.2549126e-05
1988-10-09,2.1295667e-05
1988-10-10,7.832554e-06
1988-10-11,3.8097923e-07
1988-10-12,0.002355495
1988-10-13,0.85106426
1988-10-14,29.919746
1988-10-15,33.301125
1988-10-16,54.10974
1988-10-17,0.009454136
1988-10-18,4.717167
1988-10-19,1.7891062
1988-10-20,0.31101766
1988-10-21,7.6967373
1988-10-22,2.5944238
1988-10-23,0.08218935
1988-10-24,0.65509427
1988-10-25,3.3828885e-05
1988-10-26,0.9223069
1988-10-27,8.421091e-07
1988-10-28,0.0
1988-10-29,1.0919495e-06
1988-10-30,4.6848793
1988-10-31,2.8677015
1988-11-01,15.32194
1988-11-02,36.48452
1988-11-03,44.887154
1988-11-04,12.458428
1988-11-05,48.53397
1988-11-06,37.48346
1988-11-07,1.7180594
1988-11-08,5.962016
1988-11-09,1.6187351
1988-11-10,15.564693
1988-11-11,11.662075
1988-11-12,24.772903
1988-11-13,2.6158123
1988-11-14,1.2800901e-06
1988-11-15,1.7727185
1988-11-16,3.328967
1988-11-17,5.138792
1988-11-18,0.01619317
1988-11-19,22.685707
1988-11-20,20.756096
1988-11-21,26.535011
1988-11-22,37.846485
1988-11-23,21.851559
1988-11-24,8.829915
1988-11-25,6.8295107
1988-11-26,6.932658
1988-11-27,24.637207
1988-11-28,19.279827
1988-11-29,5.295319
1988-11-30,0.012250149
1988-12-01,0.0
1988-12-02,7.2996235
1988-12-03,2.4151743e-05
1988-12-04,0.0
1988-12-05,4.3261375
1988-12-06,23.106812
1988-12-07,3.891336
1988-12-08,3.5283387
1988-12-09,1.1300464
1988-12-10,2.5594192
1988-12-11,1.1330113
1988-12-12,18.74733
1988-12-13,27.003212
1988-12-14,0.39224964
1988-12-15,0.0
1988-12-16,0.0
1988-12-17,4.8300244e-08
1988-12-18,1.5724378
1988-12-19,5.768393
1988-12-20,2.314183
1988-12-21,7.575695
1988-12-22,1.2738029
1988-12-23,7.8491783
1988-12-24,3.3207183
1988-12-25,0.0037678743
1988-12-26,9.567224e-07
1988-12-27,1.5808909
1988-12-28,0.42386687
1988-12-29,22.162191
1988-12-30,66.75329
1988-12-31,7.1635513
1989-01-01,0.10300022
1989-01-02,12.740572
1989-01-03,26.500263
1989-01-04,13.846984
1989-01-05,4.2508855
1989-01-06,1.0197053
1989-01-07,0.13812925
1989-01-08,5.7960515
1989-01-09,23.586956
1989-01-10,11.678509
1989-01-11,5.101966
1989-01-12,4.1282454
1989-01-13,25.360909
1989-01-14,13.58963
1989-01-15,33.209755
1989-01-16,37.036964
1989-01-17,33.88889
1989-01-18,30.049248
1989-01-19,0.106808186
1989-01-20,3.6389027
1989-01-21,8.015268
1989-01-22,5.604869
1989-01-23,0.079866424
1989-01-24,0.42243853
1989-01-25,0.08222133
1989-01-26,0.00088607194
1989-01-27,6.0025544
1989-01-28,0.0022963937
1989-01-29,2.8542724
1989-01-30,13.172954
1989-01-31,20.9822
1989-02-01,2.697783
1989-02-02,0.15833528
1989-02-03,0.0025847317
1989-02-04,2.6180046e-13
1989-02-05,0.0
1989-02-06,0.0
1989-02-07,0.0
1989-02-08,0.0
1989-02-09,0.0
1989-02-10,0.0
1989-02-11,0.0
1989-02-12,0.001396284
1989-02-13,0.009366387
1989-02-14,0.00013519336
1989-02-15,0.0
1989-02-16,4.1895947
1989-02-17,15.403663
1989-02-18,15.136945
1989-02-19,1.2670662
1989-02-20,2.2456143
1989-02-21,0.6461948
1989-02-22,29.487423
1989-02-23,13.749102
1989-02-24,7.498696
1989-02-25,2.1409795
1989-02-26,0.31491458
1989-02-27,1.979914
1989-02-28,3.058961
1989-03-01,11.640718
1989-03-02,1.8112025
1989-03-03,0.0037001262
1989-03-04,0.049997687
1989-03-05,17.384884
1989-03-06,27.408953
1989-03-07,6.7734737
1989-03-08,0.4146604
1989-03-09,10.29846
1989-03-10,18.15468
1989-03-11,8.611972
1989-03-12,12.051749
1989-03-13,13.464851
1989-03-14,3.3771834
1989-03-15,0.50962406
1989-03-16,8.22499
1989-03-17,10.461287
1989-03-18,5.817051
1989-03-19,1.078389
1989-03-20,0.0031728959
1989-03-21,17.484993
1989-03-22,11.4929085
1989-03-23,0.6127523
1989-03-24,0.2614077
1989-03-25,12.872087
1989-03-26,3.5374775
1989-03-27,23.242374
1989-03-28,10.831608
1989-03-29,14.247312
1989-03-30,1.5739374
1989-03-31,17.597961
1989-04-01,14.763273
1989-04-02,22.20321
1989-04-03,11.894632
1989-04-04,13.844269
1989-04-05,57.294075
1989-04-06,7.947219
1989-04-07,1.0578089
1989-04-08,1.2337543e-05
1989-04-09,0.0
1989-04-10,1.6904861e-06
1989-04-11,0.0
1989-04-12,0.0
1989-04-13,0.0
1989-04-14,0.010890585
1989-04-15,0.011723421
1989-04-16,0.0060356744
1989-04-17,0.0043116333
1989-04-18,2.7239e-07
1989-04-19,2.2544599
1989-04-20,14.287166
1989-04-21,1.1898916
1989-04-22,0.9308857
1989-04-23,0.010456776
1989-04-24,0.0024097005
1989-04-25,0.27285302
1989-04-26,4.4636393
1989-04-27,2.4674551
1989-04-28,0.13968542
1989-04-29,0.0
1989-04-30,0.0
1989-05-01,0.090761125
1989-05-02,0.8476711
1989-05-03,0.016210806
1989-05-04,3.5777397e-05
1989-05-05,0.10771926
1989-05-06,1.3568704
1989-05-07,0.006887386
1989-05-08,0.0008533492
1989-05-09,0.21030208
1989-05-10,8.3448
1989-05-11,7.3986225
1989-05-12,0.039073378
1989-05-13,0.0003800755
1989-05-14,0.011089131
1989-05-15,0.01979366
1989-05-16,1.5019026
1989-05-17,14.628296
1989-05-18,17.22691
1989-05-19,3.9866974
1989-05-20,0.0045411964
1989-05-21,0.0012025305
1989-05-22,0.02421954
1989-05-23,14.47303
1989-05-24,17.19661
1989-05-25,2.1144657
1989-05-26,4.7417536
1989-05-27,14.913847
1989-05-28,11.234816
1989-05-29,4.6215506
1989-05-30,0.024547324
1989-05-31,0.002134499
1989-06-01,0.0034824014
1989-06-02,0.0011700316
1989-06-03,0.0
1989-06-04,0.0
1989-06-05,0.0
1989-06-06,7.499803e-10
1989-06-07,2.0304515e-07
1989-06-08,0.0
1989-06-09,0.0082480395
1989-06-10,0.0051430454
1989-06-11,0.012702264
1989-06-12,0.00046946126
1989-06-13,0.09374576
1989-06-14,3.1034524
1989-06-15,3.815051
1989-06-16,0.29333535
1989-06-17,0.6854216
1989-06-18,3.5050588
1989-06-19,11.293879
1989-06-20,9.004864
1989-06-21,0.004053049
1989-06-22,0.01338401
1989-06-23,5.126835e-05
1989-06-24,0.0019347189
1989-06-25,0.0021882006
1989-06-26,0.28411
1989-06-27,0.47233558
1989-06-28,4.7452774
1989-06-29,9.027643
1989-06-30,9.888761
1989-07-01,17.640312
1989-07-02,1.9398212
1989-07-03,0.9918157
1989-07-04,0.18796778
1989-07-05,0.005638859
1989-07-06,2.0646518e-09
1989-07-07,0.0005284089
1989-07-08,0.22933957
1989-07-09,1.0711299
1989-07-10,0.932935
1989-07-11,0.30339852
1989-07-12,1.5012594e-08
1989-07-13,0.119510934
1989-07-14,9.3095674e-05
1989-07-15,0.0054488024
1989-07-16,7.094171
1989-07-17,2.7233315
1989-07-18,0.0005148418
1989-07-19,0.002989202
1989-07-20,0.0006819356
1989-07-21,0.092338994
1989-07-22,0.00020274326
1989-07-23,0.0
1989-07-24,4.052704e-05
1989-07-25,0.0
1989-07-26,0.033991456
1989-07-27,0.47851962
1989-07-28,4.5330104e-05
1989-07-29,1.0406619e-05
1989-07-30,0.00014586681
1989-07-31,0.005468782
1989-08-01,0.80872965
1989-08-02,5.024806
1989-08-03,1.5282959
1989-08-04,0.017750174
1989-08-05,0.004370438
1989-08-06,1.4638385e-05
1989-08-07,0.024007896
1989-08-08,0.030830909
1989-08-09,0.13328078
1989-08-10,0.00067738624
1989-08-11,1.0107757e-06
1989-08-12,0.02051504
1989-08-13,0.008382125
1989-08-14,1.5166003
1989-08-15,7.6412234
1989-08-16,6.49007
1989-08-17,0.42983577
1989-08-18,0.16334629
1989-08-19,0.9200515
1989-08-20,1.7328334
1989-08-21,22.755417
1989-08-22,12.431038
1989-08-23,0.8466537
1989-08-24,0.8209511
1989-08-25,0.40376303
1989-08-26,1.8311267
1989-08-27,0.7079545
1989-08-28,0.052374944
1989-08-29,0.0034109235
1989-08-30,0.32245412
1989-08-31,0.66491246
1989-09-01,0.021028003
1989-09-02,4.0056753
1989-09-03,0.009387721
1989-09-04,0.005345599
1989-09-05,0.2958681
1989-09-06,0.0063488004
1989-09-07,5.5891853e-08
1989-09-08,0.046168897
1989-09-09,0.012937678
1989-09-10,0.0
1989-09-11,0.0
1989-09-12,0.0
1989-09-13,0.0
1989-09-14,0.0
1989-09-15,0.0
1989-09-16,1.7318125
1989-09-17,4.5749083
1989-09-18,1.0556375
1989-09-19,5.074426e-07
1989-09-20,1.4096304e-05
1989-09-21,0.0
1989-09-22,0.0
1989-09-23,0.0
1989-09-24,0.0
1989-09-25,0.0011401523
1989-09-26,2.2557096
1989-09-27,0.74929553
1989-09-28,1.3482242e-05
1989-09-29,0.00034644763
1989-09-30,0.60424626
1989-10-01,1.1129924
1989-10-02,0.00502714
1989-10-03,0.0
1989-10-04,0.002085345
1989-10-05,0.2135
1989-10-06,0.085595965
1989-10-07,6.030138e-05
1989-10-08,0.0026240684
1989-10-09,5.9709382e-05
1989-10-10,10.093798
1989-10-11,17.49143
1989-10-12,28.098724
1989-10-13,9.905067
1989-10-14,0.99909896
1989-10-15,1.27914245e-05
1989-10-16,0.0
1989-10-17,0.040082544
1989-10-18,5.709692
1989-10-19,0.09058565
1989-10-20,1.8402966
1989-10-21,26.81521
1989-10-22,8.929759
1989-10-23,16.78576
1989-10-24,13.361098
1989-10-25,0.08272216
1989-10-26,20.647617
1989-10-27,5.63813
1989-10-28,0.30808818
1989-10-29,0.0
1989-10-30,1.6906418
1989-10-31,0.0032180864
1989-11-01,0.0
1989-11-02,0.112477094
1989-11-03,25.12421
1989-11-04,37.76883
1989-11-05,6.0755205
1989-11-06,40.496433
1989-11-07,8.387735
1989-11-08,39.40474
1989-11-09,73.39854
1989-11-10,66.03836
1989-11-11,10.213223
1989-11-12,14.898323
1989-11-13,14.427235
1989-11-14,6.224594
1989-11-15,0.00018038902
1989-11-16,4.5403004
1989-11-17,3.2212138
1989-11-18,0.029474992
1989-11-19,3.9685445
1989-11-20,6.2064104
1989-11-21,9.959194
1989-11-22,1.0239198e-05
1989-11-23,18.040989
1989-11-24,17.955914
1989-11-25,7.5460353
1989-11-26,1.6548854
1989-11-27,1.452449
1989-11-28,0.0029449651
1989-11-29,2.933364e-05
1989-11-30,0.0
1989-12-01,0.1035244
1989-12-02,7.09966
1989-12-03,34.887733
1989-12-04,81.542175
1989-12-05,9.741978
1989-12-06,2.9860997
1989-12-07,0.8445548
1989-12-08,25.049992
1989-12-09,14.888405
1989-12-10,0.061260477
1989-12-11,1.0780622e-06
1989-12-12,2.9981402e-06
1989-12-13,3.980708e-06
1989-12-14,2.0738415e-05
1989-12-15,0.000568945
1989-12-16,0.0002300932
1989-12-17,0.00062004256
1989-12-18,5.8630403e-06
1989-12-19,5.0944695
1989-12-20,2.3853264
1989-12-21,0.84068394
1989-12-22,0.15024452
1989-12-23,4.9235454
1989-12-24,0.022040376
1989-12-25,0.0002954449
1989-12-26,2.2318893e-05
1989-12-27,0.41310394
1989-12-28,1.2118825
1989-12-29,0.91809267
1989-12-30,2.00412
1989-12-31,9.546316
1990-01-01,21.496262
1990-01-02,7.20426
1990-01-03,14.327041
1990-01-04,19.042374
1990-01-05,28.818249
1990-01-06,16.610806
1990-01-07,60.11066
1990-01-08,29.16867
1990-01-09,56.87209
1990-01-10,11.172766
1990-01-11,0.6395481
1990-01-12,3.2783604
1990-01-13,4.059507
1990-01-14,0.38633072
1990-01-15,0.70360684
1990-01-16,1.2071223
1990-01-17,0.00020208125
1990-01-18,0.0
1990-01-19,0.0
1990-01-20,0.0
1990-01-21,1.8975152
1990-01-22,26.844433
1990-01-23,28.418533
1990-01-24,11.425056
1990-01-25,34.351692
1990-01-26,8.058441
1990-01-27,32.00375
1990-01-28,41.30702
1990-01-29,12.959194
1990-01-30,20.898354
1990-01-31,4.302573
1990-02-01,16.752352
1990-02-02,24.819193
1990-02-03,31.595081
1990-02-04,5.163298
1990-02-05,32.941826
1990-02-06,12.644215
1990-02-07,27.046856
1990-02-08,7.205615
1990-02-09,27.333698
1990-02-10,64.846375
1990-02-11,49.11603
1990-02-12,11.356728
1990-02-13,1.8556433
1990-02-14,0.0718776
1990-02-15,18.0322
1990-02-16,5.4329696
1990-02-17,0.15464649
1990-02-18,8.0238286e-05
1990-02-19,0.0
1990-02-20,28.774033
1990-02-21,1.925821
1990-02-22,0.0025052028
1990-02-23,3.1317482e-05
1990-02-24,1.9423301
1990-02-25,0.00809085
1990-02-26,1.532361e-05
1990-02-27,3.0516144e-06
1990-02-28,0.0
1990-03-01,0.0
1990-03-02,0.0
1990-03-03,1.1826077
1990-03-04,2.7295623
1990-03-05,1.2892867
1990-03-06,11.956541
1990-03-07,26.893194
1990-03-08,15.280122
1990-03-09,14.864292
1990-03-10,36.00644
1990-03-11,3.144044
1990-03-12,1.3149732
1990-03-13,0.0035321803
1990-03-14,18.441162
1990-03-15,0.75945723
1990-03-16,2.5024542e-06
1990-03-17,3.6896806
1990-03-18,4.0855403
1990-03-19,3.714148
1990-03-20,8.699432
1990-03-21,0.80018014
1990-03-22,5.364995
1990-03-23,7.5521927
1990-03-24,0.06328855
1990-03-25,0.0
1990-03-26,0.0
1990-03-27,0.0
1990-03-28,0.0
1990-03-29,1.6619931e-06
1990-03-30,1.0009525e-05
1990-03-31,0.3529665
1990-04-01,0.023884084
1990-04-02,0.011288103
1990-04-03,3.4286826e-05
1990-04-04,2.0597697e-06
1990-04-05,0.0
1990-04-06,0.0
1990-04-07,1.4048686e-05
1990-04-08,0.06380054
1990-04-09,0.2346534
1990-04-10,0.19559324
1990-04-11,4.286596
1990-04-12,9.221594
1990-04-13,4.721941
1990-04-14,0.3259555
1990-04-15,0.00026962275
1990-04-16,0.0
1990-04-17,0.6513286
1990-04-18,0.46093327
1990-04-19,1.2748804
1990-04-20,3.2942
1990-04-21,0.027514895
1990-04-22,3.5467
1990-04-23,15.209368
1990-04-24,12.5565605
1990-04-25,19.240803
1990-04-26,10.9520645
1990-04-27,10.879818
1990-04-28,7.2389126
1990-04-29,1.4062091
1990-04-30,8.37558e-08
1990-05-01,0.5752895
1990-05-02,1.1895514
1990-05-03,0.03581167
1990-05-04,8.002321e-06
1990-05-05,4.7146514e-06
1990-05-06,4.3132496
1990-05-07,10.4904995
1990-05-08,0.29317164
1990-05-09,0.00043321316
1990-05-10,0.59042084
1990-05-11,3.167784
1990-05-12,3.6737466
1990-05-13,9.573238
1990-05-14,7.4571276
1990-05-15,1.6361718
1990-05-16,0.07728121
1990-05-17,0.32624787
1990-05-18,3.286903
1990-05-19,0.42132986
1990-05-20,13.513676
1990-05-21,2.6122284
1990-05-22,4.7286096
1990-05-23,5.7955027
1990-05-24,10.828512
1990-05-25,5.220887
1990-05-26,0.09073318
1990-05-27,5.333039
1990-05-28,4.95719
1990-05-29,6.059527
1990-05-30,1.2029493
1990-05-31,22.521801
1990-06-01,27.782402
1990-06-02,0.74685574
1990-06-03,20.487213
1990-06-04,23.604942
1990-06-05,3.1126041
1990-06-06,19.01022
1990-06-07,10.074703
1990-06-08,7.4181933
1990-06-09,3.953608
1990-06-10,17.385818
1990-06-11,23.044191
1990-06-12,5.575488
1990-06-13,6.032539
1990-06-14,0.42085513
1990-06-15,0.4365996
1990-06-16,0.62104994
1990-06-17,0.13808024
1990-06-18,0.0731304
1990-06-19,0.34679008
1990-06-20,0.06912391
1990-06-21,0.0026908761
1990-06-22,0.2508194
1990-06-23,0.035313457
1990-06-24,1.3486225e-07
1990-06-25,2.3528251e-05
1990-06-26,0.013426436
1990-06-27,1.073871e-05
1990-06-28,0.29588315
1990-06-29,0.0019462836
1990-06-30,0.06779774
1990-07-01,0.15184419
1990-07-02,12.765558
1990-07-03,1.1603782
1990-07-04,0.0
1990-07-05,0.016392305
1990-07-06,3.9111304
1990-07-07,0.81992626
1990-07-08,0.00018064998
1990-07-09,1.7108442e-06
1990-07-10,4.036021e-07
1990-07-11,0.0
1990-07-12,0.5832243
1990-07-13,6.2954234e-07
1990-07-14,0.0
1990-07-15,0.0
1990-07-16,2.8189714e-05
1990-07-17,0.0
1990-07-18,7.897042e-07
1990-07-19,0.0
1990-07-20,1.3429779e-05
1990-07-21,0.0019857755
1990-07-22,0.07616966
1990-07-23,0.069436915
1990-07-24,3.1447792
1990-07-25,20.804207
1990-07-26,3.7661376
1990-07-27,0.011590189
1990-07-28,0.010651021
1990-07-29,0.11402653
1990-07-30,0.17700943
1990-07-31,0.13816497
1990-08-01,0.10009214
1990-08-02,0.00058474205
1990-08-03,0.00016362098
1990-08-04,0.0017387458
1990-08-05,0.0
1990-08-06,1.7576222e-05
1990-08-07,1.3626907e-06
1990-08-08,0.00027062726
1990-08-09,0.02662729
1990-08-10,0.24518017
1990-08-11,1.8681726
1990-08-12,0.08142057
1990-08-13,0.048089597
1990-08-14,0.0059848027
1990-08-15,6.2663185e-07
1990-08-16,0.07459207
1990-08-17,3.7525375
1990-08-18,11.406881
1990-08-19,0.88966244
1990-08-20,0.67242795
1990-08-21,13.090733
1990-08-22,3.6841357
1990-08-23,0.042294506
1990-08-24,0.6141095
1990-08-25,12.393322
1990-08-26,0.09836849
1990-08-27,0.0023051766
1990-08-28,6.46691e-05
1990-08-29,4.4320784
1990-08-30,24.935585
1990-08-31,18.225079
1990-09-01,0.0005522551
1990-09-02,0.38392192
1990-09-03,1.4100677e-05
1990-09-04,0.0
1990-09-05,0.0
1990-09-06,4.8194806e-08
1990-09-07,0.098495975
1990-09-08,0.14378513
1990-09-09,0.009757845
1990-09-10,0.0002535196
1990-09-11,1.3497532e-06
1990-09-12,0.14801778
1990-09-13,0.00011873667
1990-09-14,7.596094e-06
1990-09-15,3.1710157
1990-09-16,23.907484
1990-09-17,0.051009223
1990-09-18,1.8642091e-05
1990-09-19,1.9179475e-05
1990-09-20,1.868117e-05
1990-09-21,0.0
1990-09-22,0.0
1990-09-23,0.0
1990-09-24,2.7068596e-05
1990-09-25,2.9166882e-05
1990-09-26,0.00014376467
1990-09-27,0.00026911614
1990-09-28,1.1202124e-05
1990-09-29,0.009069278
1990-09-30,4.2004736e-08
1990-10-01,7.470149
1990-10-02,5.3819914
1990-10-03,38.18817
1990-10-04,67.4905
1990-10-05,17.303179
1990-10-06,0.1924068
1990-10-07,0.06704916
1990-10-08,0.00032003
1990-10-09,11.1258335
1990-10-10,7.1925063
1990-10-11,0.46975225
1990-10-12,32.942207
1990-10-13,15.789424
1990-10-14,7.3424125
1990-10-15,20.430445
1990-10-16,8.7345295
1990-10-17,0.27366027
1990-10-18,20.636284
1990-10-19,2.620629
1990-10-20,0.03687393
1990-10-21,27.030178
1990-10-22,1.8755288
1990-10-23,0.4259675
1990-10-24,0.079308905
1990-10-25,24.148436
1990-10-26,10.578648
1990-10-27,2.7072736e-06
1990-10-28,19.4599
1990-10-29,8.380165
1990-10-30,22.003551
1990-10-31,0.17891301
1990-11-01,1.8951466
1990-11-02,0.09355278
1990-11-03,24.19675
1990-11-04,19.114706
1990-11-05,2.625885
1990-11-06,0.00030548117
1990-11-07,16.545025
1990-11-08,7.8361177
1990-11-09,109.84067
1990-11-10,82.2115
1990-11-11,11.765783
1990-11-12,4.554514e-08
1990-11-13,52.717415
1990-11-14,12.491743
1990-11-15,7.5382357
1990-11-16,0.4192309
1990-11-17,8.495262
1990-11-18,0.003946707
1990-11-19,6.0812263
1990-11-20,15.026457
1990-11-21,7.827677
1990-11-22,65.18533
1990-11-23,78.22413
1990-11-24,78.44066
1990-11-25,11.393119
1990-11-26,0.34775424
1990-11-27,12.949202
1990-11-28,4.640154
1990-11-29,38.493065
1990-11-30,13.996385
1990-12-01,22.14589
1990-12-02,5.681484
1990-12-03,32.91798
1990-12-04,46.60038
1990-12-05,12.1765175
1990-12-06,3.275525
1990-12-07,1.6528988e-05
1990-12-08,24.6595
1990-12-09,23.448746
1990-12-10,2.8567493
1990-12-11,3.508052
1990-12-12,0.23139632
1990-12-13,3.9873624
1990-12-14,3.3363614
1990-12-15,10.384697
1990-12-16,1.7079428
1990-12-17,38.24443
1990-12-18,9.506639
1990-12-19,0.4129144
1990-12-20,4.5698973e-05
1990-12-21,1.1316324e-07
1990-12-22,0.2516293
1990-12-23,0.000100313686
1990-12-24,0.6828821
1990-12-25,5.343037
1990-12-26,4.7201757
1990-12-27,29.653723
1990-12-28,6.2881927
1990-12-29,0.0005341615
1990-12-30,12.701275
1990-12-31,58.829502
1991-01-01,10.661624
1991-01-02,0.12080006
1991-01-03,4.5276503e-09
1991-01-04,0.0
1991-01-05,0.0
1991-01-06,0.36004657
1991-01-07,10.860769
1991-01-08,18.71282
1991-01-09,18.007996
1991-01-10,6.4878154
1991-01-11,26.704369
1991-01-12,40.269783
1991-01-13,43.075733
1991-01-14,18.013233
1991-01-15,21.248875
1991-01-16,3.327053
1991-01-17,0.9054146
1991-01-18,2.9611173
1991-01-19,0.033027977
1991-01-20,0.0
1991-01-21,0.0
1991-01-22,0.0
1991-01-23,0.01044037
1991-01-24,0.79534405
1991-01-25,0.00044738993
1991-01-26,3.0721253e-10
1991-01-27,0.022741377
1991-01-28,0.55096155
1991-01-29,0.0
1991-01-30,6.464329e-05
1991-01-31,30.588825
1991-02-01,22.588945
1991-02-02,50.60182
1991-02-03,20.299393
1991-02-04,53.430584
1991-02-05,16.124657
1991-02-06,5.3896358e-05
1991-02-07,1.3806967
1991-02-08,8.230019
1991-02-09,7.491399e-08
1991-02-10,0.0
1991-02-11,1.1113567
1991-02-12,29.890999
1991-02-13,0.9913174
1991-02-14,12.705156
1991-02-15,1.111951
1991-02-16,4.036823
1991-02-17,5.637743
1991-02-18,5.462616
1991-02-19,46.84949
1991-02-20,17.437698
1991-02-21,0.6889674
1991-02-22,0.0119832335
1991-02-23,0.0043740114
1991-02-24,2.9308196e-05
1991-02-25,1.534028e-06
1991-02-26,0.0
1991-02-27,0.0
1991-02-28,0.0066530677
1991-03-01,9.201014
1991-03-02,47.712692
1991-03-03,40.48
1991-03-04,17.100353
1991-03-05,1.3779837
1991-03-06,4.404669
1991-03-07,2.7684321
1991-03-08,0.73210716
1991-03-09,2.9339569
1991-03-10,7.262909
1991-03-11,7.2596464
1991-03-12,18.485405
1991-03-13,1.1122696
1991-03-14,0.73829114
1991-03-15,0.2508635
1991-03-16,0.0014936287
1991-03-17,0.0
1991-03-18,2.5101901e-06
1991-03-19,6.1381674
1991-03-20,0.53259176
1991-03-21,1.0238507
1991-03-22,6.5543556
1991-03-23,1.583655
1991-03-24,2.821973
1991-03-25,3.5630093
1991-03-26,0.27274764
1991-03-27,0.0
1991-03-28,5.86453
1991-03-29,1.637302
1991-03-30,0.20253505
1991-03-31,0.002418615
1991-04-01,1.3471203
1991-04-02,7.480404
1991-04-03,30.598915
1991-04-04,72.82434
1991-04-05,50.34205
1991-04-06,9.021011
1991-04-07,14.618763
1991-04-08,4.2933483
1991-04-09,20.923756
1991-04-10,2.6164522
1991-04-11,0.005505007
1991-04-12,0.0
1991-04-13,0.0
1991-04-14,2.7843235
1991-04-15,5.2770233
1991-04-16,0.16302982
1991-04-17,0.0036087092
1991-04-18,4.7677804e-06
1991-04-19,0.00089638087
1991-04-20,0.0007387418
1991-04-21,0.00034830184
1991-04-22,0.003356719
1991-04-23,0.983168
1991-04-24,11.365823
1991-04-25,10.204508
1991-04-26,0.9638488
1991-04-27,6.141468
1991-04-28,4.730338
1991-04-29,3.2320602
1991-04-30,2.1035119e-05
1991-05-01,0.0013756151
1991-05-02,0.00025531393
1991-05-03,0.00038895255
1991-05-04,0.005368645
1991-05-05,9.689132
1991-05-06,9.882233
1991-05-07,15.601629
1991-05-08,20.00613
1991-05-09,4.4649973
1991-05-10,2.3344197
1991-05-11,0.00046369032
1991-05-12,2.5384965
1991-05-13,0.95592296
1991-05-14,0.08117483
1991-05-15,0.00096618786
1991-05-16,2.59834
1991-05-17,17.56774
1991-05-18,5.8940587
1991-05-19,3.920057
1991-05-20,0.1371666
1991-05-21,0.13557884
1991-05-22,0.0014762196
1991-05-23,0.003554285
1991-05-24,2.8016615
1991-05-25,13.628977
1991-05-26,2.7678504
1991-05-27,0.090192884
1991-05-28,0.03845122
1991-05-29,4.7092557
1991-05-30,5.3813095
1991-05-31,0.20210123
1991-06-01,0.010217175
1991-06-02,0.000121384306
1991-06-03,2.9069328
1991-06-04,1.0126367
1991-06-05,2.8595508e-05
1991-06-06,0.63613725
1991-06-07,6.0182815
1991-06-08,2.4384935
1991-06-09,0.0049989014
1991-06-10,0.22382888
1991-06-11,3.293912
1991-06-12,11.149648
1991-06-13,6.010303
1991-06-14,0.9400789
1991-06-15,0.5865305
1991-06-16,12.427502
1991-06-17,4.0404987
1991-06-18,0.0053687533
1991-06-19,0.09248006
1991-06-20,14.0496435
1991-06-21,5.0560446
1991-06-22,0.31374592
1991-06-23,0.4704019
1991-06-24,0.74114347
1991-06-25,4.4274287
1991-06-26,1.9786348
1991-06-27,0.054641984
1991-06-28,0.6946662
1991-06-29,2.3195934
1991-06-30,0.7889454
1991-07-01,0.004030372
1991-07-02,4.187754e-09
1991-07-03,8.91798e-07
1991-07-04,0.0
1991-07-05,4.052541e-06
1991-07-06,1.4259944e-06
1991-07-07,2.4529112e-05
1991-07-08,6.8268986e-05
1991-07-09,0.0028492147
1991-07-10,0.006730144
1991-07-11,0.024388066
1991-07-12,0.0002613638
1991-07-13,0.8805462
1991-07-14,0.03377185
1991-07-15,9.946663
1991-07-16,0.65051234
1991-07-17,1.7632391
1991-07-18,0.0027370676
1991-07-19,0.0009640658
1991-07-20,8.6386906e-05
1991-07-21,0.049219668
1991-07-22,0.0014497209
1991-07-23,0.0
1991-07-24,0.086105675
1991-07-25,2.6686704
1991-07-26,0.02319645
1991-07-27,0.009569335
1991-07-28,0.0004699664
1991-07-29,0.00028319698
1991-07-30,3.9100247e-05
1991-07-31,0.0
1991-08-01,7.873134e-06
1991-08-02,4.675864e-05
1991-08-03,1.328969e-06
1991-08-04,0.0
1991-08-05,0.014412453
1991-08-06,0.18528655
1991-08-07,3.7515583
1991-08-08,1.1045425
1991-08-09,0.8208031
1991-08-10,4.6676865
1991-08-11,1.9068906
1991-08-12,3.0266633
1991-08-13,2.2434368
1991-08-14,0.54116654
1991-08-15,0.035905927
1991-08-16,0.5827927
1991-08-17,0.34412986
1991-08-18,0.52281904
1991-08-19,2.3565086e-05
1991-08-20,3.3683898e-06
1991-08-21,0.0
1991-08-22,0.0
1991-08-23,0.00062994915
1991-08-24,0.014968151
1991-08-25,0.01875313
1991-08-26,2.5529356
1991-08-27,37.51645
1991-08-28,11.676867
1991-08-29,15.387998
1991-08-30,1.7485235
1991-08-31,5.255949
1991-09-01,1.30764
1991-09-02,0.0002406354
1991-09-03,0.0
1991-09-04,0.0
1991-09-05,0.0
1991-09-06,3.7511752e-05
1991-09-07,0.3319251
1991-09-08,0.11412644
1991-09-09,0.10876405
1991-09-10,0.0
1991-09-11,0.0
1991-09-12,0.0003900441
1991-09-13,2.9107485
1991-09-14,1.2186346e-05
1991-09-15,8.6267434e-08
1991-09-16,0.0
1991-09-17,0.0
1991-09-18,0.0
1991-09-19,0.0
1991-09-20,0.00020844695
1991-09-21,0.49060014
1991-09-22,0.0085974885
1991-09-23,6.8048876e-06
1991-09-24,0.0
1991-09-25,4.43575e-06
1991-09-26,0.0
1991-09-27,6.633158e-05
1991-09-28,0.00012689066
1991-09-29,0.00028722794
1991-09-30,0.0
1991-10-01,9.541935e-05
1991-10-02,4.6424626e-05
1991-10-03,0.0
1991-10-04,0.0
1991-10-05,0.0
1991-10-06,0.0
1991-10-07,0.0016386588
1991-10-08,2.9518518e-05
1991-10-09,0.0
1991-10-10,0.0
1991-10-11,1.381139e-07
1991-10-12,0.0068313014
1991-10-13,0.0
1991-10-14,0.0
1991-10-15,0.0
1991-10-16,12.778706
1991-10-17,4.003032
1991-10-18,0.1128364
1991-10-19,1.1125321
1991-10-20,0.00097106793
1991-10-21,10.450827
1991-10-22,10.739056
1991-10-23,0.94334495
1991-10-24,8.932255
1991-10-25,4.6713023
1991-10-26,0.009545272
1991-10-27,0.00017854935
1991-10-28,7.489184e-05
1991-10-29,1.7425606e-05
1991-10-30,0.0005638219
1991-10-31,6.6289277
1991-11-01,0.23264126
1991-11-02,2.0466269e-09
1991-11-03,0.08337909
1991-11-04,30.756424
1991-11-05,13.173767
1991-11-06,0.081456035
1991-11-07,3.4179766
1991-11-08,10.524797
1991-11-09,0.81339407
1991-11-10,3.5842013
1991-11-11,28.129692
1991-11-12,25.082083
1991-11-13,20.226608
1991-11-14,2.470961
1991-11-15,0.00022557579
1991-11-16,28.397675
1991-11-17,53.352684
1991-11-18,8.017916
1991-11-19,53.576
1991-11-20,37.464226
1991-11-21,5.362808
1991-11-22,0.24070662
1991-11-23,1.2650433
1991-11-24,11.521769
1991-11-25,28.691528
1991-11-26,9.232683
1991-11-27,1.867397
1991-11-28,15.041363
1991-11-29,0.4715817
1991-11-30,0.103845224
1991-12-01,12.1907425
1991-12-02,1.4971766
1991-12-03,5.7483454
1991-12-04,7.022085
1991-12-05,47.992577
1991-12-06,25.476837
1991-12-07,11.151634
1991-12-08,20.732288
1991-12-09,31.118542
1991-12-10,2.4436219
1991-12-11,37.357265
1991-12-12,27.71725
1991-12-13,0.19678251
1991-12-14,4.923361e-07
1991-12-15,0.0
1991-12-16,0.0
1991-12-17,1.8737308e-06
1991-12-18,6.9053535
1991-12-19,2.7841382
1991-12-20,0.09088555
1991-12-21,6.3786182
1991-12-22,0.006000787
1991-12-23,4.3999607e-06
1991-12-24,2.2649455
1991-12-25,0.30318987
1991-12-26,0.003382955
1991-12-27,1.36829
1991-12-28,0.0021367825
1991-12-29,1.718266
1991-12-30,2.0082407
1991-12-31,0.0013817744
1992-01-01,0.36742902
1992-01-02,32.683456
1992-01-03,4.4014454
1992-01-04,20.91977
1992-01-05,0.10751836
1992-01-06,0.06393769
1992-01-07,9.5391094e-08
1992-01-08,0.072832406
1992-01-09,0.20397192
1992-01-10,15.156654
1992-01-11,23.116879
1992-01-12,0.15126984
1992-01-13,0.83307695
1992-01-14,0.044516735
1992-01-15,3.9539063
1992-01-16,18.458687
1992-01-17,2.2318343e-10
1992-01-18,6.721214e-08
1992-01-19,0.0
1992-01-20,0.0
1992-01-21,12.629601
1992-01-22,6.8728952
1992-01-23,67.10598
1992-01-24,28.021763
1992-01-25,16.080208
1992-01-26,2.1017551
1992-01-27,49.551186
1992-01-28,41.404205
1992-01-29,55.435482
1992-01-30,25.616138
1992-01-31,35.676804
1992-02-01,11.4691515
1992-02-02,11.86893
1992-02-03,4.397464
1992-02-04,0.0
1992-02-05,3.73848e-05
1992-02-06,2.1730411e-05
1992-02-07,7.017724e-06
1992-02-08,3.6525817
1992-02-09,0.6582383
1992-02-10,0.2663143
1992-02-11,0.51285565
1992-02-12,1.9934784
1992-02-13,2.3112202
1992-02-14,4.277754
1992-02-15,8.2113285
1992-02-16,0.21423239
1992-02-17,4.7409253
1992-02-18,17.91288
1992-02-19,7.3175287
1992-02-20,11.413473
1992-02-21,23.718597
1992-02-22,27.320715
1992-02-23,3.5893738
1992-02-24,11.945801
1992-02-25,0.0028886707
1992-02-26,2.4458248e-05
1992-02-27,0.0
1992-02-28,0.0
1992-02-29,3.269637
1992-03-01,1.1461825
1992-03-02,4.188458
1992-03-03,0.00018552615
1992-03-04,0.6599316
1992-03-05,7.3534765
1992-03-06,3.102673
1992-03-07,0.22645843
1992-03-08,4.7958903e-05
1992-03-09,0.0
1992-03-10,1.6196567e-05
1992-03-11,0.00014055506
1992-03-12,4.7861042e-05
1992-03-13,8.4241746e-11
1992-03-14,3.2650893e-05
1992-03-15,3.3500762
1992-03-16,1.6486104
1992-03-17,10.187844
1992-03-18,0.28987032
1992-03-19,1.4758165e-05
1992-03-20,0.0
1992-03-21,0.0
1992-03-22,0.0
1992-03-23,8.621108e-07
1992-03-24,8.869666e-05
1992-03-25,9.806308e-05
1992-03-26,0.097595744
1992-03-27,4.2933364
1992-03-28,2.2108995e-09
1992-03-29,0.0
1992-03-30,0.2166324
1992-03-31,2.031603e-05
1992-04-01,1.36147655e-05
1992-04-02,0.0
1992-04-03,2.0173721
1992-04-04,8.907905
1992-04-05,14.690046
1992-04-06,9.31197
1992-04-07,1.5857956
1992-04-08,0.06851508
1992-04-09,0.019043174
1992-04-10,0.0011712494
1992-04-11,0.031634025
1992-04-12,4.284809
1992-04-13,11.704874
1992-04-14,12.406733
1992-04-15,2.2854736
1992-04-16,25.751345
1992-04-17,31.514126
1992-04-18,6.4127192
1992-04-19,0.1127492
1992-04-20,2.0583649
1992-04-21,0.7065483
1992-04-22,10.065004
1992-04-23,0.25648963
1992-04-24,0.0
1992-04-25,0.0026535976
1992-04-26,0.026962174
1992-04-27,7.863984
1992-04-28,3.2225604
1992-04-29,33.085
1992-04-30,16.966541
1992-05-01,1.2078991
1992-05-02,8.39875e-07
1992-05-03,6.218689e-07
1992-05-04,0.0
1992-05-05,0.0
1992-05-06,7.830758e-08
1992-05-07,0.0
1992-05-08,3.8214836
1992-05-09,3.7634158
1992-05-10,18.009037
1992-05-11,7.4553337
1992-05-12,0.46715954
1992-05-13,1.0212953e-05
1992-05-14,0.0
1992-05-15,6.5741033e-06
1992-05-16,0.0
1992-05-17,0.00042336315
1992-05-18,0.020901632
1992-05-19,2.4735731e-05
1992-05-20,0.040004674
1992-05-21,0.015461465
1992-05-22,1.2027327e-05
1992-05-23,7.378641e-06
1992-05-24,0.0
1992-05-25,1.6210905e-07
1992-05-26,4.969155
1992-05-27,0.0029917664
1992-05-28,0.09457386
1992-05-29,0.8720893
1992-05-30,0.0009510905
1992-05-31,0.0
1992-06-01,0.0013122542
1992-06-02,0.01226995
1992-06-03,0.0
1992-06-04,3.450008e-05
1992-06-05,0.0009301521
1992-06-06,0.002305211
1992-06-07,1.68082e-05
1992-06-08,4.458408e-06
1992-06-09,0.0435611
1992-06-10,0.1711
1992-06-11,0.011913959
1992-06-12,15.99289
1992-06-13,27.59034
1992-06-14,3.0827765
1992-06-15,0.42333817
1992-06-16,0.58498824
1992-06-17,0.036494777
1992-06-18,0.0004653578
1992-06-19,0.00024663477
1992-06-20,4.6820242e-07
1992-06-21,7.4876493e-07
1992-06-22,0.0
1992-06-23,0.0
1992-06-24,0.0
1992-06-25,0.0
1992-06-26,0.0
1992-06-27,1.2670001e-06
1992-06-28,2.57762
1992-06-29,24.447742
1992-06-30,1.8155621
1992-07-01,3.917457
1992-07-02,0.29106513
1992-07-03,0.44863304
1992-07-04,4.1405125
1992-07-05,6.478461
1992-07-06,3.154985
1992-07-07,0.29773748
1992-07-08,0.3510632
1992-07-09,0.2792077
1992-07-10,3.0529025
1992-07-11,3.3160038
1992-07-12,0.92001534
1992-07-13,0.2810363
1992-07-14,0.060534753
1992-07-15,2.1515407e-05
1992-07-16,0.0
1992-07-17,0.0
1992-07-18,0.0
1992-07-19,0.03620771
1992-07-20,5.5889482
1992-07-21,1.1618155
1992-07-22,0.32593307
1992-07-23,15.757973
1992-07-24,0.15375756
1992-07-25,0.012253985
1992-07-26,9.51614e-05
1992-07-27,0.0
1992-07-28,0.0
1992-07-29,2.6287466e-06
1992-07-30,0.0
1992-07-31,0.0
1992-08-01,0.0
1992-08-02,2.4863705e-06
1992-08-03,4.9575476e-08
1992-08-04,0.000113627204
1992-08-05,0.0024169185
1992-08-06,11.92707
1992-08-07,9.3177185
1992-08-08,0.6755631
1992-08-09,2.5102086
1992-08-10,0.0
1992-08-11,1.7866e-08
1992-08-12,0.00040734085
1992-08-13,0.06798401
1992-08-14,0.0027877209
1992-08-15,0.0
1992-08-16,3.9869825e-08
1992-08-17,1.0093437e-05
1992-08-18,0.0
1992-08-19,3.2590165e-07
1992-08-20,0.0
1992-08-21,2.7154774e-05
1992-08-22,0.22561868
1992-08-23,0.07355558
1992-08-24,0.0027807197
1992-08-25,0.0
1992-08-26,9.36383e-06
1992-08-27,0.035965838
1992-08-28,0.012668284
1992-08-29,3.2037445e-07
1992-08-30,0.812652
1992-08-31,0.7235609
1992-09-01,0.060669016
1992-09-02,6.315603e-05
1992-09-03,0.008166878
1992-09-04,2.50193
1992-09-05,3.1503713
1992-09-06,0.73287535
1992-09-07,0.075494684
1992-09-08,30.997059
1992-09-09,0.0
1992-09-10,0.0
1992-09-11,1.0545275e-06
1992-09-12,0.16916886
1992-09-13,3.3226483
1992-09-14,0.14946678
1992-09-15,5.3960528e-05
1992-09-16,0.0
1992-09-17,0.024895795
1992-09-18,0.0
1992-09-19,0.015043528
1992-09-20,3.1368334
1992-09-21,0.40135813
1992-09-22,1.563984e-05
1992-09-23,21.18816
1992-09-24,36.260513
1992-09-25,5.944985
1992-09-26,11.46961
1992-09-27,0.019253774
1992-09-28,1.7892592e-07
1992-09-29,0.0
1992-09-30,0.0
1992-10-01,5.9267812e-08
1992-10-02,1.3358248
1992-10-03,3.097486
1992-10-04,0.25023696
1992-10-05,2.306455e-06
1992-10-06,2.094814e-07
1992-10-07,0.0
1992-10-08,0.51204
1992-10-09,0.0013379861
1992-10-10,0.0018443763
1992-10-11,0.009243764
1992-10-12,1.9589794
1992-10-13,9.704768
1992-10-14,0.63187915
1992-10-15,0.17319575
1992-10-16,0.29582828
1992-10-17,0.54967356
1992-10-18,12.912306
1992-10-19,10.624798
1992-10-20,15.52236
1992-10-21,6.5287704
1992-10-22,4.7985554
1992-10-23,0.013013578
1992-10-24,0.43257165
1992-10-25,0.0004010941
1992-10-26,0.00039559562
1992-10-27,9.975397e-05
1992-10-28,0.28211796
1992-10-29,4.3749676
1992-10-30,6.3620267
1992-10-31,16.946192
1992-11-01,17.552923
1992-11-02,12.901347
1992-11-03,0.0013107634
1992-11-04,15.946177
1992-11-05,0.14089686
1992-11-06,2.640997
1992-11-07,33.8035
1992-11-08,15.445307
1992-11-09,4.4743786
1992-11-10,0.45215052
1992-11-11,22.846985
1992-11-12,0.8849953
1992-11-13,0.009263279
1992-11-14,8.823781e-06
1992-11-15,0.31438592
1992-11-16,17.606297
1992-11-17,6.2570753
1992-11-18,4.9409914
1992-11-19,17.226952
1992-11-20,4.4507136
1992-11-21,45.18322
1992-11-22,19.826595
1992-11-23,0.00014065758
1992-11-24,0.0
1992-11-25,0.0
1992-11-26,0.001135919
1992-11-27,19.689892
1992-11-28,4.825283
1992-11-29,0.0629698
1992-11-30,34.330868
1992-12-01,0.0020730593
1992-12-02,4.6950143e-05
1992-12-03,3.6521534e-08
1992-12-04,0.0
1992-12-05,0.0
1992-12-06,0.16036229
1992-12-07,3.8576581
1992-12-08,19.260368
1992-12-09,22.735039
1992-12-10,15.486721
1992-12-11,10.297867
1992-12-12,0.33525312
1992-12-13,2.1607566
1992-12-14,18.772192
1992-12-15,2.9121358
1992-12-16,2.719761
1992-12-17,5.5306196
1992-12-18,0.21773663
1992-12-19,16.621319
1992-12-20,24.772762
1992-12-21,12.483713
1992-12-22,26.609978
1992-12-23,4.615177
1992-12-24,8.019301
1992-12-25,0.0053091934
1992-12-26,21.800764
1992-12-27,3.5471225
1992-12-28,8.466124
1992-12-29,1.5750048
1992-12-30,3.1732967
1992-12-31,0.42495862
1993-01-01,0.06603253
1993-01-02,0.018166803
1993-01-03,18.22614
1993-01-04,6.740146
1993-01-05,0.06347493
1993-01-06,4.3304835e-13
1993-01-07,0.0
1993-01-08,0.6299993
1993-01-09,0.11330406
1993-01-10,1.2283434e-05
1993-01-11,0.00016534491
1993-01-12,0.00031507656
1993-01-13,7.70755e-05
1993-01-14,0.19496207
1993-01-15,0.72428244
1993-01-16,2.8626824e-05
1993-01-17,0.0026848707
1993-01-18,0.00019353275
1993-01-19,15.318262
1993-01-20,37.408966
1993-01-21,17.95599
1993-01-22,0.061801042
1993-01-23,1.0959914
1993-01-24,29.131893
1993-01-25,67.37521
1993-01-26,11.739886
1993-01-27,5.1759496
1993-01-28,2.1643407
1993-01-29,0.056721255
1993-01-30,2.400833e-06
1993-01-31,4.399163e-06
1993-02-01,0.0001211646
1993-02-02,0.0
1993-02-03,4.143717e-06
1993-02-04,0.0009766932
1993-02-05,1.740827e-07
1993-02-06,0.06831497
1993-02-07,0.00018868012
1993-02-08,5.538798e-05
1993-02-09,3.418694
1993-02-10,3.2599797
1993-02-11,0.010335019
1993-02-12,0.16513368
1993-02-13,0.36264983
1993-02-14,0.10301519
1993-02-15,7.044421e-09
1993-02-16,0.0
1993-02-17,0.0
1993-02-18,1.5018404e-07
1993-02-19,0.3395089
1993-02-20,3.568446
1993-02-21,3.2157764
1993-02-22,3.6009593
1993-02-23,0.15156545
1993-02-24,9.070014e-09
1993-02-25,0.0
1993-02-26,0.0
1993-02-27,0.0
1993-02-28,0.0
1993-03-01,3.588999
1993-03-02,3.561749
1993-03-03,5.8003917
1993-03-04,34.61664
1993-03-05,7.8089294
1993-03-06,0.39282066
1993-03-07,9.625703e-05
1993-03-08,0.23419747
1993-03-09,0.0010781273
1993-03-10,0.0
1993-03-11,0.0
1993-03-12,0.0
1993-03-13,0.0
1993-03-14,12.048498
1993-03-15,16.916447
1993-03-16,0.14910045
1993-03-17,15.521351
1993-03-18,6.551354
1993-03-19,0.4955955
1993-03-20,15.258465
1993-03-21,8.981321
1993-03-22,30.012615
1993-03-23,29.899101
1993-03-24,3.9002419
1993-03-25,0.5742284
1993-03-26,0.06177562
1993-03-27,0.006952105
1993-03-28,4.936151e-06
1993-03-29,0.94049966
1993-03-30,2.724154
1993-03-31,0.07407609
1993-04-01,7.5625353
1993-04-02,4.4481435
1993-04-03,9.378054
1993-04-04,2.366154
1993-04-05,0.8030286
1993-04-06,6.8188887
1993-04-07,1.6979442
1993-04-08,15.339146
1993-04-09,13.961792
1993-04-10,8.651236
1993-04-11,19.896736
1993-04-12,0.48688358
1993-04-13,2.153996
1993-04-14,2.6677477
1993-04-15,7.244336
1993-04-16,1.0360689
1993-04-17,4.1467495
1993-04-18,8.623917
1993-04-19,1.9613025
1993-04-20,0.0
1993-04-21,3.5328045
1993-04-22,6.395399
1993-04-23,7.8864365
1993-04-24,9.275678
1993-04-25,15.654936
1993-04-26,27.643826
1993-04-27,16.929197
1993-04-28,5.904167
1993-04-29,9.249856
1993-04-30,2.7344031
1993-05-01,8.043693
1993-05-02,11.28945
1993-05-03,4.5965853
1993-05-04,8.854543
1993-05-05,0.04734239
1993-05-06,14.360823
1993-05-07,6.7047443
1993-05-08,7.39349
1993-05-09,0.45375326
1993-05-10,0.5851967
1993-05-11,0.00033273164
1993-05-12,8.420041e-05
1993-05-13,0.016334955
1993-05-14,0.37841597
1993-05-15,2.6441141e-05
1993-05-16,3.533445e-06
1993-05-17,7.0155966e-06
1993-05-18,8.218132e-06
1993-05-19,0.004015207
1993-05-20,5.281086
1993-05-21,12.974165
1993-05-22,7.803661
1993-05-23,0.12626767
1993-05-24,0.0
1993-05-25,0.0
1993-05-26,0.09341551
1993-05-27,0.71203125
1993-05-28,6.400179
1993-05-29,19.859129
1993-05-30,4.0970373
1993-05-31,10.28311
1993-06-01,3.3438096
1993-06-02,9.352081
1993-06-03,1.8302032
1993-06-04,6.562627
1993-06-05,0.6304676
1993-06-06,2.5049863
1993-06-07,9.115428
1993-06-08,0.07584614
1993-06-09,20.23893
1993-06-10,8.275876
1993-06-11,8.152281
1993-06-12,4.8618546
1993-06-13,0.01803637
1993-06-14,6.7137337
1993-06-15,5.7154417
1993-06-16,0.32662305
1993-06-17,0.14086592
1993-06-18,0.00048883405
1993-06-19,0.0018652005
1993-06-20,1.3438353e-08
1993-06-21,2.2726188
1993-06-22,10.306068
1993-06-23,5.7840486
1993-06-24,0.00077958836
1993-06-25,7.6605196e-05
1993-06-26,1.359737e-05
1993-06-27,8.52516
1993-06-28,2.6922908
1993-06-29,1.5142288
1993-06-30,0.104186445
1993-07-01,0.46985757
1993-07-02,1.3740065
1993-07-03,1.3576252
1993-07-04,0.08702002
1993-07-05,0.33690232
1993-07-06,0.3107536
1993-07-07,1.2771184
1993-07-08,0.04746484
1993-07-09,1.7318349
1993-07-10,3.96451
1993-07-11,3.266018
1993-07-12,8.842993
1993-07-13,6.7574854
1993-07-14,2.7015839
1993-07-15,1.4719481
1993-07-16,0.6923059
1993-07-17,6.3237762
1993-07-18,1.5088999
1993-07-19,6.81544
1993-07-20,32.34184
1993-07-21,11.2316065
1993-07-22,3.9370012
1993-07-23,3.4147258
1993-07-24,1.0743971
1993-07-25,0.35843536
1993-07-26,0.09008545
1993-07-27,0.029067079
1993-07-28,2.0384645
1993-07-29,6.4836483
1993-07-30,14.209574
1993-07-31,0.00019477573
1993-08-01,3.1398906e-06
1993-08-02,1.11574145e-05
1993-08-03,0.00042443402
1993-08-04,0.06552239
1993-08-05,0.458254
1993-08-06,0.0019240038
1993-08-07,4.505382e-05
1993-08-08,0.027919013
1993-08-09,0.07839994
1993-08-10,0.4723847
1993-08-11,0.65074
1993-08-12,1.9248968e-10
1993-08-13,0.0007131563
1993-08-14,2.5779138
1993-08-15,8.749272
1993-08-16,4.4728117
1993-08-17,0.85363233
1993-08-18,0.60390747
1993-08-19,0.13137686
1993-08-20,0.0008151442
1993-08-21,0.096373454
1993-08-22,0.03414976
1993-08-23,8.983658
1993-08-24,5.2623463
1993-08-25,0.43468857
1993-08-26,0.0032392144
1993-08-27,0.06325305
1993-08-28,2.0457208
1993-08-29,0.71260345
1993-08-30,0.00022978512
1993-08-31,0.0
1993-09-01,7.349098e-07
1993-09-02,8.8614036e-07
1993-09-03,0.0
1993-09-04,0.00043274064
1993-09-05,0.0010123826
1993-09-06,7.702579e-06
1993-09-07,0.0
1993-09-08,0.0
1993-09-09,0.0
1993-09-10,0.0
1993-09-11,0.6219953
1993-09-12,0.3852926
1993-09-13,0.0
1993-09-14,0.5442481
1993-09-15,1.2755189
1993-09-16,0.038193062
1993-09-17,0.0
1993-09-18,8.885497e-05
1993-09-19,0.32923904
1993-09-20,5.701806
1993-09-21,0.09663774
1993-09-22,0.0
1993-09-23,0.0
1993-09-24,0.08821762
1993-09-25,0.04208167
1993-09-26,1.5589557e-06
1993-09-27,0.0
1993-09-28,0.0
1993-09-29,0.0
1993-09-30,2.9478319e-05
1993-10-01,2.3373742e-08
1993-10-02,4.6372847e-06
1993-10-03,0.0
1993-10-04,0.0
1993-10-05,5.3091546e-05
1993-10-06,6.9760113
1993-10-07,1.9546435
1993-10-08,0.000112311245
1993-10-09,5.752253e-06
1993-10-10,0.0
1993-10-11,0.0017119834
1993-10-12,0.22609779
1993-10-13,7.0526934
1993-10-14,5.4846287
1993-10-15,5.303365
1993-10-16,0.57594776
1993-10-17,0.03250745
1993-10-18,0.045686074
1993-10-19,7.8910675
1993-10-20,0.0
1993-10-21,0.0012681747
1993-10-22,7.284641
1993-10-23,34.93131
1993-10-24,15.361464
1993-10-25,0.0006298608
1993-10-26,2.824818e-07
1993-10-27,0.1664422
1993-10-28,9.773509
1993-10-29,6.0254984e-06
1993-10-30,0.0
1993-10-31,4.0832295
1993-11-01,0.07362873
1993-11-02,0.005278306
1993-11-03,14.950989
1993-11-04,0.60693026
1993-11-05,5.3388567e-07
1993-11-06,4.918121e-07
1993-11-07,8.405635e-06
1993-11-08,1.7301227e-05
1993-11-09,0.014076224
1993-11-10,0.21645352
1993-11-11,3.281891e-07
1993-11-12,0.00021585671
1993-11-13,0.053343408
1993-11-14,0.006326162
1993-11-15,28.316168
1993-11-16,5.050043
1993-11-17,2.4532278
1993-11-18,3.673915
1993-11-19,0.6415144
1993-11-20,2.4818134
1993-11-21,38.260002
1993-11-22,6.9181213
1993-11-23,0.035497744
1993-11-24,0.0
1993-11-25,0.0
1993-11-26,0.0
1993-11-27,4.7359524
1993-11-28,1.0799437
1993-11-29,18.918793
1993-11-30,16.142195
1993-12-01,25.579918
1993-12-02,13.623849
1993-12-03,11.458743
1993-12-04,17.99906
1993-12-05,0.045576386
1993-12-06,0.034035496
1993-12-07,20.11029
1993-12-08,8.718296
1993-12-09,34.384796
1993-12-10,38.760838
1993-12-11,14.123751
1993-12-12,9.298414
1993-12-13,14.6247635
1993-12-14,6.943131
1993-12-15,0.123163015
1993-12-16,1.6319571e-05
1993-12-17,1.3660195e-06
1993-12-18,0.0
1993-12-19,2.2403296e-05
1993-12-20,0.00070517923
1993-12-21,0.0030886726
1993-12-22,0.033697702
1993-12-23,0.0
1993-12-24,0.0
1993-12-25,1.5834164e-06
1993-12-26,1.2960444e-06
1993-12-27,1.5858808e-05
1993-12-28,0.028551053
1993-12-29,2.5783343
1993-12-30,20.123981
1993-12-31,12.008572
1994-01-01,33.124046
1994-01-02,11.08514
1994-01-03,13.388872
1994-01-04,59.244476
1994-01-05,19.685661
1994-01-06,1.3425018
1994-01-07,1.5293262
1994-01-08,26.367401
1994-01-09,9.402642
1994-01-10,13.773645
1994-01-11,14.154429
1994-01-12,10.514975
1994-01-13,3.7673445
1994-01-14,0.042925667
1994-01-15,7.4331045
1994-01-16,5.3407764
1994-01-17,0.5405327
1994-01-18,0.059244025
1994-01-19,0.124640465
1994-01-20,9.596637e-06
1994-01-21,0.6278825
1994-01-22,19.763357
1994-01-23,6.194222
1994-01-24,2.2691789
1994-01-25,1.8185816
1994-01-26,3.9572783
1994-01-27,0.09084302
1994-01-28,3.2195778e-05
1994-01-29,1.7947748e-05
1994-01-30,0.00011680477
1994-01-31,0.0
1994-02-01,3.207489e-08
1994-02-02,0.0
1994-02-03,0.0
1994-02-04,0.0
1994-02-05,0.0
1994-02-06,0.00015045363
1994-02-07,0.5914444
1994-02-08,0.0146332765
1994-02-09,15.191364
1994-02-10,4.3534126
1994-02-11,4.0663805
1994-02-12,7.8119273
1994-02-13,38.59617
1994-02-14,17.087353
1994-02-15,41.490074
1994-02-16,27.506853
1994-02-17,21.775097
1994-02-18,7.85899
1994-02-19,8.638245
1994-02-20,2.8326263
1994-02-21,7.872451
1994-02-22,16.872791
1994-02-23,22.636276
1994-02-24,0.6745955
1994-02-25,23.065536
1994-02-26,7.378223
1994-02-27,11.669278
1994-02-28,48.067543
1994-03-01,26.765747
1994-03-02,17.708252
1994-03-03,11.8672695
1994-03-04,15.451994
1994-03-05,0.653309
1994-03-06,0.0
1994-03-07,0.0
1994-03-08,0.0
1994-03-09,6.249221e-14
1994-03-10,6.5293417
1994-03-11,1.9924018
1994-03-12,0.00017653417
1994-03-13,0.17804188
1994-03-14,0.08438814
1994-03-15,0.005876633
1994-03-16,18.92963
1994-03-17,21.779274
1994-03-18,33.702076
1994-03-19,9.922688
1994-03-20,11.88088
1994-03-21,29.57872
1994-03-22,2.6697283
1994-03-23,4.151452
1994-03-24,0.013859935
1994-03-25,0.0
1994-03-26,6.117676e-08
1994-03-27,0.0
1994-03-28,0.0
1994-03-29,0.0
1994-03-30,1.1159491e-05
1994-03-31,0.006266487
1994-04-01,0.10329863
1994-04-02,0.051123172
1994-04-03,12.401096
1994-04-04,3.9320931
1994-04-05,0.23856056
1994-04-06,18.654934
1994-04-07,8.904323
1994-04-08,18.0652
1994-04-09,5.8883104
1994-04-10,0.36242998
1994-04-11,0.012040187
1994-04-12,7.896812
1994-04-13,7.077754
1994-04-14,3.0419564
1994-04-15,0.53167635
1994-04-16,1.15016865e-05
1994-04-17,0.00049259124
1994-04-18,0.27635485
1994-04-19,3.8550205
1994-04-20,0.00021409859
1994-04-21,15.313847
1994-04-22,1.6536441
1994-04-23,0.0016323032
1994-04-24,0.6249382
1994-04-25,5.5939646
1994-04-26,2.5122428
1994-04-27,1.7135582
1994-04-28,0.0124102505
1994-04-29,0.118217506
1994-04-30,13.618498
1994-05-01,0.08000221
1994-05-02,2.7021801
1994-05-03,0.00904475
1994-05-04,6.6211786
1994-05-05,0.24456625
1994-05-06,0.0
1994-05-07,0.0
1994-05-08,0.0
1994-05-09,0.0
1994-05-10,0.00015464531
1994-05-11,1.9122459e-07
1994-05-12,0.10348022
1994-05-13,2.008132
1994-05-14,1.4704325
1994-05-15,12.286846
1994-05-16,13.04318
1994-05-17,0.649521
1994-05-18,1.3810335
1994-05-19,2.0077553
1994-05-20,5.236395
1994-05-21,1.4277048
1994-05-22,0.0048685186
1994-05-23,0.00011686205
1994-05-24,0.0
1994-05-25,0.026555214
1994-05-26,0.01210863
1994-05-27,0.020129977
1994-05-28,2.7313328
1994-05-29,30.891815
1994-05-30,8.86297
1994-05-31,1.2125868
1994-06-01,5.0445805
1994-06-02,0.005365809
1994-06-03,0.048154797
1994-06-04,2.7008033
1994-06-05,5.813964
1994-06-06,10.565601
1994-06-07,10.11965
1994-06-08,0.9525778
1994-06-09,4.1517037e-06
1994-06-10,1.1864115e-07
1994-06-11,0.12535852
1994-06-12,0.35002384
1994-06-13,16.788269
1994-06-14,21.004463
1994-06-15,1.9855685
1994-06-16,1.9395561
1994-06-17,0.55889714
1994-06-18,20.316708
1994-06-19,0.5591714
1994-06-20,0.0
1994-06-21,0.0
1994-06-22,0.022393627
1994-06-23,2.891263
1994-06-24,1.0272404
1994-06-25,0.0010708743
1994-06-26,2.2876923
1994-06-27,0.09550336
1994-06-28,1.0578678e-07
1994-06-29,0.004730507
1994-06-30,0.00014520204
1994-07-01,15.036312
1994-07-02,7.222327
1994-07-03,0.1872281
1994-07-04,0.3878304
1994-07-05,3.257121
1994-07-06,0.0036265536
1994-07-07,3.1769648e-07
1994-07-08,6.888625e-05
1994-07-09,0.0
1994-07-10,0.0
1994-07-11,0.0
1994-07-12,0.0014669052
1994-07-13,0.01780376
1994-07-14,0.08924287
1994-07-15,0.0073406785
1994-07-16,0.0012138061
1994-07-17,7.4271156e-05
1994-07-18,0.33049944
1994-07-19,7.143002e-06
1994-07-20,0.0
1994-07-21,0.0
1994-07-22,0.0
1994-07-23,0.32407647
1994-07-24,0.523794
1994-07-25,0.10847191
1994-07-26,9.020269e-09
1994-07-27,9.3992423e-07
1994-07-28,2.1219312e-06
1994-07-29,0.0010761146
1994-07-30,0.0027788272
1994-07-31,1.0014003e-06
1994-08-01,0.0
1994-08-02,3.4537843e-05
1994-08-03,2.4758477
1994-08-04,0.11275147
1994-08-05,0.19342141
1994-08-06,0.0010083683
1994-08-07,0.072438024
1994-08-08,2.0171475
1994-08-09,3.593331
1994-08-10,0.008566597
1994-08-11,4.9581155e-05
1994-08-12,0.0062370743
1994-08-13,0.00089397526
1994-08-14,8.3293077e-07
1994-08-15,0.0046834145
1994-08-16,0.19941261
1994-08-17,1.1955451
1994-08-18,0.0034424397
1994-08-19,0.03050827
1994-08-20,0.14106883
1994-08-21,0.5450117
1994-08-22,0.8223231
1994-08-23,0.23684993
1994-08-24,0.00013487633
1994-08-25,0.00033952636
1994-08-26,0.22710931
1994-08-27,0.00035942733
1994-08-28,0.000635765
1994-08-29,0.060656574
1994-08-30,0.0010473793
1994-08-31,0.0126062585
1994-09-01,0.22666351
1994-09-02,0.15545894
1994-09-03,23.35941
1994-09-04,11.129842
1994-09-05,6.1022598e-05
1994-09-06,0.0
1994-09-07,2.091881e-05
1994-09-08,11.20446
1994-09-09,7.5187254
1994-09-10,8.915804
1994-09-11,0.9668136
1994-09-12,0.16739301
1994-09-13,0.00032412788
1994-09-14,14.964216
1994-09-15,3.8838048
1994-09-16,8.04653e-05
1994-09-17,0.0
1994-09-18,1.7925648e-05
1994-09-19,7.457666e-05
1994-09-20,1.9969458e-07
1994-09-21,0.0
1994-09-22,0.0
1994-09-23,0.0
1994-09-24,0.0
1994-09-25,8.504473e-06
1994-09-26,0.0004527833
1994-09-27,0.0
1994-09-28,4.0469308e-07
1994-09-29,0.009549915
1994-09-30,0.07444957
1994-10-01,3.6380672
1994-10-02,0.00024071621
1994-10-03,0.0
1994-10-04,0.0
1994-10-05,0.0201521
1994-10-06,0.009216687
1994-10-07,0.00014240638
1994-10-08,5.665928e-05
1994-10-09,7.616693e-07
1994-10-10,1.1237609
1994-10-11,1.8480179
1994-10-12,0.0048714224
1994-10-13,0.024294838
1994-10-14,27.094158
1994-10-15,3.2939374
1994-10-16,0.00022647
1994-10-17,0.11373682
1994-10-18,0.07132082
1994-10-19,1.7442713
1994-10-20,29.350414
1994-10-21,21.120274
1994-10-22,2.319795
1994-10-23,8.309083
1994-10-24,5.822818e-06
1994-10-25,0.0
1994-10-26,46.53294
1994-10-27,28.265415
1994-10-28,11.3426075
1994-10-29,1.5687389
1994-10-30,10.293074
1994-10-31,36.91352
1994-11-01,18.898718
1994-11-02,7.4118514
1994-11-03,0.08471803
1994-11-04,28.437675
1994-11-05,0.04003452
1994-11-06,9.012478
1994-11-07,9.123251
1994-11-08,4.787444
1994-11-09,19.927872
1994-11-10,0.11851366
1994-11-11,1.790689
1994-11-12,7.616632
1994-11-13,4.671492
1994-11-14,26.52541
1994-11-15,7.112576
1994-11-16,13.79089
1994-11-17,2.8187485
1994-11-18,0.0010060344
1994-11-19,27.6221
1994-11-20,10.938393
1994-11-21,0.1718375
1994-11-22,0.013126258
1994-11-23,14.797852
1994-11-24,1.6945606
1994-11-25,6.844223
1994-11-26,2.0330431
1994-11-27,19.367592
1994-11-28,6.7001867
1994-11-29,42.710876
1994-11-30,63.247547
1994-12-01,19.052053
1994-12-02,16.978912
1994-12-03,1.5493593
1994-12-04,2.8776668e-07
1994-12-05,0.0
1994-12-06,5.434775
1994-12-07,6.8115826
1994-12-08,24.2938
1994-12-09,9.0762825
1994-12-10,0.99572897
1994-12-11,3.3731556
1994-12-12,2.091597
1994-12-13,1.3884493e-06
1994-12-14,1.5449786
1994-12-15,8.432928
1994-12-16,39.90044
1994-12-17,52.167667
1994-12-18,25.002647
1994-12-19,54.354897
1994-12-20,60.143383
1994-12-21,5.7828746
1994-12-22,0.016757363
1994-12-23,0.0022166758
1994-12-24,1.2431417
1994-12-25,5.8000774
1994-12-26,56.114113
1994-12-27,68.80045
1994-12-28,13.31278
1994-12-29,0.37000602
1994-12-30,4.1257656e-05
1994-12-31,3.0025918e-10
1995-01-01,0.0
1995-01-02,0.0
1995-01-03,0.0
1995-01-04,0.0
1995-01-05,0.0
1995-01-06,0.012519197
1995-01-07,1.0748509
1995-01-08,26.24963
1995-01-09,10.286701
1995-01-10,9.220095
1995-01-11,11.994227
1995-01-12,6.8127384
1995-01-13,20.287045
1995-01-14,11.387739
1995-01-15,17.40644
1995-01-16,4.215516
1995-01-17,3.9402664
1995-01-18,41.488033
1995-01-19,4.1395497
1995-01-20,2.5409003e-10
1995-01-21,0.0
1995-01-22,0.0
1995-01-23,7.0708215e-06
1995-01-24,1.4584281e-05
1995-01-25,0.6859247
1995-01-26,5.690829
1995-01-27,0.013625147
1995-01-28,4.3538775
1995-01-29,46.42266
1995-01-30,21.323444
1995-01-31,36.59052
1995-02-01,19.688004
1995-02-02,9.314524
1995-02-03,3.3750682
1995-02-04,0.0031760829
1995-02-05,1.0776167
1995-02-06,0.35024178
1995-02-07,0.8222748
1995-02-08,0.0
1995-02-09,0.0
1995-02-10,0.0035409164
1995-02-11,2.872827
1995-02-12,0.48547047
1995-02-13,0.00721888
1995-02-14,0.016132673
1995-02-15,30.053413
1995-02-16,14.798668
1995-02-17,53.723152
1995-02-18,35.593674
1995-02-19,53.214737
1995-02-20,32.80449
1995-02-21,7.6721363
1995-02-22,0.0043865065
1995-02-23,4.9746282e-05
1995-02-24,3.3813095
1995-02-25,4.3203707
1995-02-26,0.0035794037
1995-02-27,0.0
1995-02-28,0.0
1995-03-01,0.0
1995-03-02,0.0
1995-03-03,0.0
1995-03-04,12.156468
1995-03-05,3.296519
1995-03-06,0.47923908
1995-03-07,0.213348
1995-03-08,19.402378
1995-03-09,37.316437
1995-03-10,28.050385
1995-03-11,24.4558
1995-03-12,11.357172
1995-03-13,17.875917
1995-03-14,18.149643
1995-03-15,11.264468
1995-03-16,1.4767059
1995-03-17,3.1839e-05
1995-03-18,14.936574
1995-03-19,13.541132
1995-03-20,14.261186
1995-03-21,12.565476
1995-03-22,3.749362
1995-03-23,6.765472
1995-03-24,5.2950544
1995-03-25,0.10886764
1995-03-26,1.3355327e-06
1995-03-27,0.0
1995-03-28,0.0
1995-03-29,0.0
1995-03-30,0.0
1995-03-31,0.0022404161
1995-04-01,5.0261374
1995-04-02,0.5739032
1995-04-03,0.00020371983
1995-04-04,4.3670073
1995-04-05,0.012576414
1995-04-06,3.228229
1995-04-07,11.336561
1995-04-08,9.134867
1995-04-09,4.980339
1995-04-10,2.6928039
1995-04-11,10.280107
1995-04-12,1.9087589
1995-04-13,22.605328
1995-04-14,6.972125
1995-04-15,0.717641
1995-04-16,0.06803655
1995-04-17,1.5207388
1995-04-18,7.3718452
1995-04-19,1.4934225
1995-04-20,0.44846708
1995-04-21,0.63317144
1995-04-22,0.00020848814
1995-04-23,0.0
1995-04-24,0.015207668
1995-04-25,0.06534963
1995-04-26,0.0031681494
1995-04-27,0.0012735958
1995-04-28,0.0114212
1995-04-29,0.13118151
1995-04-30,1.5784999
1995-05-01,0.98489535
1995-05-02,15.548188
1995-05-03,2.9930716
1995-05-04,0.19510889
1995-05-05,1.7065383
1995-05-06,0.18657207
1995-05-07,0.02868275
1995-05-08,0.17805755
1995-05-09,4.0578747
1995-05-10,11.137955
1995-05-11,10.924917
1995-05-12,1.162971
1995-05-13,0.7941184
1995-05-14,0.0
1995-05-15,0.0081490595
1995-05-16,0.07213239
1995-05-17,0.9916084
1995-05-18,0.0011563699
1995-05-19,2.0610028e-06
1995-05-20,0.0
1995-05-21,4.475287e-08
1995-05-22,1.3985455e-07
1995-05-23,0.0002573571
1995-05-24,0.07886239
1995-05-25,0.09364577
1995-05-26,0.0
1995-05-27,0.0001941585
1995-05-28,7.793328e-06
1995-05-29,4.6694146e-09
1995-05-30,0.0
1995-05-31,0.0
1995-06-01,2.8129258e-05
1995-06-02,0.0017886759
1995-06-03,0.0008192325
1995-06-04,0.17294227
1995-06-05,6.716981
1995-06-06,22.118874
1995-06-07,2.3680708
1995-06-08,0.004254883
1995-06-09,9.047675e-06
1995-06-10,2.2583401
1995-06-11,17.78396
1995-06-12,0.20213065
1995-06-13,5.4236073
1995-06-14,6.991435
1995-06-15,7.068746
1995-06-16,0.014491006
1995-06-17,1.7683161
1995-06-18,3.3404117
1995-06-19,4.2831306
1995-06-20,9.463076
1995-06-21,0.52648515
1995-06-22,0.006591496
1995-06-23,8.17742e-07
1995-06-24,3.4958884e-08
1995-06-25,2.0811817e-06
1995-06-26,0.0049516796
1995-06-27,0.008453308
1995-06-28,0.00013321603
1995-06-29,0.008159096
1995-06-30,0.05270371
1995-07-01,0.032811366
1995-07-02,0.6610689
1995-07-03,1.5841261
1995-07-04,1.4416244
1995-07-05,0.1158859
1995-07-06,0.08080834
1995-07-07,0.21539703
1995-07-08,2.4259207
1995-07-09,0.67011535
1995-07-10,1.6129186
1995-07-11,0.011388851
1995-07-12,0.003364594
1995-07-13,0.013661621
1995-07-14,0.020453168
1995-07-15,0.028013423
1995-07-16,2.216693e-05
1995-07-17,0.0
1995-07-18,3.1331474e-05
1995-07-19,0.00032424295
1995-07-20,0.001453604
1995-07-21,0.006316042
1995-07-22,0.14156966
1995-07-23,0.3434814
1995-07-24,0.25727227
1995-07-25,2.1951404
1995-07-26,20.450245
1995-07-27,2.5635395
1995-07-28,2.7280272e-05
1995-07-29,1.386541
1995-07-30,1.3124112
1995-07-31,1.7780039e-06
1995-08-01,0.00048261366
1995-08-02,0.004925619
1995-08-03,0.00762626
1995-08-04,0.0003518919
1995-08-05,0.003926587
1995-08-06,12.308425
1995-08-07,27.284903
1995-08-08,10.386043
1995-08-09,0.0021296255
1995-08-10,0.27739894
1995-08-11,4.70692
1995-08-12,1.4142061
1995-08-13,0.07339888
1995-08-14,0.03654633
1995-08-15,2.6256206
1995-08-16,0.7259972
1995-08-17,18.636066
1995-08-18,0.6622113
1995-08-19,0.939626
1995-08-20,1.2420074e-05
1995-08-21,4.1210202e-11
1995-08-22,0.00013370131
1995-08-23,0.1529772
1995-08-24,0.13530706
1995-08-25,0.0012535548
1995-08-26,0.0034289698
1995-08-27,0.0012688964
1995-08-28,0.0025220923
1995-08-29,5.18309
1995-08-30,0.022499656
1995-08-31,2.5291956e-07
1995-09-01,0.0
1995-09-02,0.0
1995-09-03,0.0
1995-09-04,0.9058864
1995-09-05,2.441772
1995-09-06,3.9522212
1995-09-07,1.2195323
1995-09-08,0.037247427
1995-09-09,0.032202102
1995-09-10,0.0089244135
1995-09-11,2.6908617e-06
1995-09-12,7.41345e-05
1995-09-13,0.00010109703
1995-09-14,6.84669e-08
1995-09-15,0.0
1995-09-16,0.0
1995-09-17,0.0034718828
1995-09-18,0.061447624
1995-09-19,0.08382784
1995-09-20,0.010700751
1995-09-21,0.0
1995-09-22,0.0
1995-09-23,0.0
1995-09-24,0.0
1995-09-25,0.0063764253
1995-09-26,0.93750936
1995-09-27,19.98683
1995-09-28,15.5628605
1995-09-29,1.0437832
1995-09-30,15.726412
1995-10-01,0.13754542
1995-10-02,15.995047
1995-10-03,18.508743
1995-10-04,1.9038677
1995-10-05,0.00010989807
1995-10-06,2.2220275
1995-10-07,3.0809736
1995-10-08,8.800964
1995-10-09,5.4794426
1995-10-10,65.21994
1995-10-11,13.511755
1995-10-12,13.361526
1995-10-13,0.3741282
1995-10-14,0.02589034
1995-10-15,3.491273e-05
1995-10-16,18.762745
1995-10-17,38.712395
1995-10-18,0.14465317
1995-10-19,7.4352414e-05
1995-10-20,7.208871
1995-10-21,8.14671
1995-10-22,0.03438179
1995-10-23,0.23951119
1995-10-24,1.4317509
1995-10-25,20.785751
1995-10-26,18.110546
1995-10-27,1.687806
1995-10-28,0.0010452836
1995-10-29,0.00022210921
1995-10-30,0.0
1995-10-31,0.0
1995-11-01,0.0
1995-11-02,0.0
1995-11-03,0.0
1995-11-04,1.3605428
1995-11-05,16.527092
1995-11-06,7.0083294
1995-11-07,51.37275
1995-11-08,108.05358
1995-11-09,8.2914715
1995-11-10,10.001652
1995-11-11,58.34088
1995-11-12,8.359969
1995-11-13,9.982061
1995-11-14,7.3788834
1995-11-15,10.740719
1995-11-16,2.261166
1995-11-17,8.152473
1995-11-18,30.978569
1995-11-19,0.93971455
1995-11-20,9.445739e-10
1995-11-21,0.0011889086
1995-11-22,12.94796
1995-11-23,67.45709
1995-11-24,14.003048
1995-11-25,38.028122
1995-11-26,17.90421
1995-11-27,17.315609
1995-11-28,63.17611
1995-11-29,99.981674
1995-11-30,27.268856
1995-12-01,16.834698
1995-12-02,25.674122
1995-12-03,7.070265
1995-12-04,26.219448
1995-12-05,0.16303882
1995-12-06,0.0
1995-12-07,0.52305245
1995-12-08,9.581497e-08
1995-12-09,4.901133
1995-12-10,52.780224
1995-12-11,36.396812
1995-12-12,17.338852
1995-12-13,47.9696
1995-12-14,26.586912
1995-12-15,15.287731
1995-12-16,7.131658
1995-12-17,0.67994297
1995-12-18,6.559738
1995-12-19,3.0821466
1995-12-20,0.2012437
1995-12-21,0.00015824512
1995-12-22,6.128857e-05
1995-12-23,1.4406075e-10
1995-12-24,0.0
1995-12-25,0.0
1995-12-26,0.0
1995-12-27,0.4940165
1995-12-28,1.5736787
1995-12-29,29.098286
1995-12-30,17.746593
1995-12-31,10.936022
1996-01-01,2.2163036
1996-01-02,4.765254
1996-01-03,28.586678
1996-01-04,3.4393415
1996-01-05,0.3952996
1996-01-06,24.455994
1996-01-07,39.680595
1996-01-08,2.2812164
1996-01-09,3.762024
1996-01-10,9.516962
1996-01-11,0.6578057
1996-01-12,5.0242475e-06
1996-01-13,14.490616
1996-01-14,46.27182
1996-01-15,52.167587
1996-01-16,14.611574
1996-01-17,0.64023226
1996-01-18,0.052880716
1996-01-19,4.0514097
1996-01-20,18.659327
1996-01-21,22.865017
1996-01-22,1.1919537
1996-01-23,16.712873
1996-01-24,5.3898606
1996-01-25,0.8643984
1996-01-26,1.2332101
1996-01-27,0.6917359
1996-01-28,4.0658994
1996-01-29,0.14572296
1996-01-30,1.3247996e-05
1996-01-31,0.0
1996-02-01,0.0
1996-02-02,1.6433992e-06
1996-02-03,1.8887891e-09
1996-02-04,12.583963
1996-02-05,32.711838
1996-02-06,43.80851
1996-02-07,28.744675
1996-02-08,69.12409
1996-02-09,11.7001505
1996-02-10,0.0
1996-02-11,0.0
1996-02-12,0.0
1996-02-13,4.0644487e-08
1996-02-14,1.3617894e-06
1996-02-15,3.5655095e-08
1996-02-16,0.0
1996-02-17,7.7870293
1996-02-18,30.580893
1996-02-19,20.023693
1996-02-20,10.79973
1996-02-21,12.052883
1996-02-22,8.257767
1996-02-23,20.760498
1996-02-24,4.1435947
1996-02-25,0.28134423
1996-02-26,0.0016523866
1996-02-27,0.028562216
1996-02-28,1.5673719e-05
1996-02-29,0.0
1996-03-01,0.0
1996-03-02,0.0
1996-03-03,9.780063
1996-03-04,4.82588
1996-03-05,0.19489646
1996-03-06,3.892255
1996-03-07,3.6467729
1996-03-08,3.985567
1996-03-09,12.649107
1996-03-10,18.87032
1996-03-11,3.3015604
1996-03-12,1.4824953
1996-03-13,0.05143463
1996-03-14,0.0
1996-03-15,3.4092464
1996-03-16,0.7144565
1996-03-17,0.89095557
1996-03-18,0.00013829189
1996-03-19,4.7346554
1996-03-20,5.650755
1996-03-21,0.10818355
1996-03-22,12.549799
1996-03-23,1.1656419
1996-03-24,0.29359388
1996-03-25,0.0
1996-03-26,2.3523976e-08
1996-03-27,0.382644
1996-03-28,2.8290699e-05
1996-03-29,7.8463464
1996-03-30,1.6225772
1996-03-31,6.5498714
1996-04-01,32.91666
1996-04-02,8.540168
1996-04-03,0.013168486
1996-04-04,0.006858685
1996-04-05,0.084351175
1996-04-06,4.6675787
1996-04-07,5.387023
1996-04-08,0.00027082732
1996-04-09,1.439286
1996-04-10,5.418965
1996-04-11,8.163936
1996-04-12,10.056614
1996-04-13,6.7079706
1996-04-14,0.00084668095
1996-04-15,3.3790078
1996-04-16,13.044987
1996-04-17,9.716822
1996-04-18,9.198841
1996-04-19,7.4886093
1996-04-20,6.4814353
1996-04-21,0.89726764
1996-04-22,6.0254455
1996-04-23,67.368484
1996-04-24,22.397696
1996-04-25,16.196384
1996-04-26,20.081945
1996-04-27,5.6254034
1996-04-28,0.06410808
1996-04-29,2.1293778
1996-04-30,0.0021363762
1996-05-01,9.503294
1996-05-02,3.7345433
1996-05-03,3.4310632
1996-05-04,1.4563115
1996-05-05,0.019678975
1996-05-06,0.0032762976
1996-05-07,10.695752
1996-05-08,5.606375
1996-05-09,0.1662122
1996-05-10,0.015545079
1996-05-11,4.4539814
1996-05-12,0.8171181
1996-05-13,17.603395
1996-05-14,8.825708
1996-05-15,5.7689505
1996-05-16,0.8195182
1996-05-17,6.7477026
1996-05-18,18.361057
1996-05-19,18.925594
1996-05-20,2.1550784
1996-05-21,2.8674998
1996-05-22,21.791014
1996-05-23,4.0828705
1996-05-24,0.011330239
1996-05-25,0.001776888
1996-05-26,0.0017771347
1996-05-27,0.085387275
1996-05-28,3.998444
1996-05-29,10.825811
1996-05-30,4.0773807
1996-05-31,0.039292954
1996-06-01,0.0011620949
1996-06-02,0.081517816
1996-06-03,0.00034599545
1996-06-04,1.3539762
1996-06-05,0.25838894
1996-06-06,0.002612629
1996-06-07,2.416238e-06
1996-06-08,4.664057e-05
1996-06-09,0.17873889
1996-06-10,0.050857034
1996-06-11,2.0869977
1996-06-12,1.2490926e-05
1996-06-13,0.00714494
1996-06-14,8.015685e-06
1996-06-15,0.0038603086
1996-06-16,0.0013239861
1996-06-17,0.07882768
1996-06-18,4.9402385
1996-06-19,0.004931255
1996-06-20,2.40276e-06
1996-06-21,0.4328136
1996-06-22,2.2551444
1996-06-23,3.7424772
1996-06-24,14.092132
1996-06-25,2.51233
1996-06-26,0.09284058
1996-06-27,0.37381014
1996-06-28,3.3791094
1996-06-29,0.0410724
1996-06-30,0.0
1996-07-01,1.475781e-05
1996-07-02,0.0
1996-07-03,0.013517604
1996-07-04,0.8095164
1996-07-05,0.027187813
1996-07-06,2.5856258e-08
1996-07-07,0.0
1996-07-08,9.400412e-08
1996-07-09,0.008441938
1996-07-10,9.146423e-05
1996-07-11,0.0
1996-07-12,0.0
1996-07-13,0.0
1996-07-14,0.0
1996-07-15,0.0
1996-07-16,0.00087473344
1996-07-17,12.705708
1996-07-18,8.488987
1996-07-19,26.118864
1996-07-20,1.0109549
1996-07-21,0.032359425
1996-07-22,0.00017348808
1996-07-23,0.0
1996-07-24,0.0
1996-07-25,0.0
1996-07-26,0.0
1996-07-27,0.0
1996-07-28,7.771229e-05
1996-07-29,0.09188286
1996-07-30,0.0
1996-07-31,3.0234396e-06
1996-08-01,5.0150813e-08
1996-08-02,10.695978
1996-08-03,7.0891194
1996-08-04,3.0539727
1996-08-05,12.113331
1996-08-06,0.021620883
1996-08-07,7.84638e-08
1996-08-08,0.0
1996-08-09,0.0
1996-08-10,0.0
1996-08-11,0.0052229185
1996-08-12,0.00968135
1996-08-13,3.4851207e-06
1996-08-14,0.0
1996-08-15,0.0
1996-08-16,0.035747953
1996-08-17,0.12823531
1996-08-18,0.05589991
1996-08-19,1.3266717
1996-08-20,1.0628743
1996-08-21,0.023416812
1996-08-22,0.0
1996-08-23,0.0
1996-08-24,0.0
1996-08-25,0.0
1996-08-26,0.0
1996-08-27,0.14818664
1996-08-28,0.1787535
1996-08-29,0.00016335388
1996-08-30,2.877982
1996-08-31,8.685803
1996-09-01,0.017587287
1996-09-02,0.00053952826
1996-09-03,4.104929
1996-09-04,5.4339075
1996-09-05,3.0393236
1996-09-06,2.0942397
1996-09-07,2.3961983
1996-09-08,2.5023336
1996-09-09,0.091544956
1996-09-10,8.923881e-06
1996-09-11,4.1239437e-06
1996-09-12,0.004311757
1996-09-13,0.063704126
1996-09-14,17.35236
1996-09-15,27.700777
1996-09-16,4.0866246
1996-09-17,0.21175382
1996-09-18,0.08188913
1996-09-19,7.2398295
1996-09-20,2.046767
1996-09-21,6.9606285
1996-09-22,6.6162806
1996-09-23,0.04987172
1996-09-24,0.0
1996-09-25,0.0
1996-09-26,6.842473e-07
1996-09-27,9.4902095e-09
1996-09-28,0.00012525335
1996-09-29,2.0086803e-05
1996-09-30,0.0037297008
1996-10-01,0.0
1996-10-02,4.9899e-06
1996-10-03,0.15564504
1996-10-04,17.699383
1996-10-05,5.978262
1996-10-06,0.00843147
1996-10-07,0.03108783
1996-10-08,9.315014e-05
1996-10-09,4.390138e-06
1996-10-10,0.2930748
1996-10-11,5.7284875
1996-10-12,0.011799099
1996-10-13,19.843178
1996-10-14,47.204758
1996-10-15,14.963583
1996-10-16,1.5898929
1996-10-17,12.185711
1996-10-18,43.362183
1996-10-19,5.9894648
1996-10-20,0.12856482
1996-10-21,19.974136
1996-10-22,29.058023
1996-10-23,8.018604
1996-10-24,27.427002
1996-10-25,9.530379
1996-10-26,0.0078086616
1996-10-27,0.1373801
1996-10-28,35.598648
1996-10-29,3.2159762
1996-10-30,2.507046e-07
1996-10-31,0.0
1996-11-01,0.0
1996-11-02,3.988872e-07
1996-11-03,5.557644
1996-11-04,17.9937
1996-11-05,1.4227159
1996-11-06,31.111181
1996-11-07,4.385257
1996-11-08,26.013107
1996-11-09,0.676759
1996-11-10,3.832932e-05
1996-11-11,0.04935074
1996-11-12,3.6888535
1996-11-13,22.52303
1996-11-14,9.028193
1996-11-15,1.0046452
1996-11-16,13.319824
1996-11-17,13.541354
1996-11-18,2.396822
1996-11-19,8.117632
1996-11-20,4.348407
1996-11-21,0.13520311
1996-11-22,0.033863507
1996-11-23,0.12258507
1996-11-24,8.58757
1996-11-25,10.897488
1996-11-26,1.4306061
1996-11-27,40.310436
1996-11-28,35.530663
1996-11-29,0.14163032
1996-11-30,19.978643
1996-12-01,29.774643
1996-12-02,20.255342
1996-12-03,10.774746
1996-12-04,43.24695
1996-12-05,28.176058
1996-12-06,16.244673
1996-12-07,17.956581
1996-12-08,17.77666
1996-12-09,3.324524
1996-12-10,14.866896
1996-12-11,12.477646
1996-12-12,7.537876
1996-12-13,16.021114
1996-12-14,7.4133253
1996-12-15,9.61077
1996-12-16,1.2912368
1996-12-17,0.0
1996-12-18,6.880093e-08
1996-12-19,4.6468916
1996-12-20,24.091312
1996-12-21,4.7236156
1996-12-22,12.293559
1996-12-23,11.803369
1996-12-24,8.833202
1996-12-25,2.9158924
1996-12-26,2.113394
1996-12-27,24.68562
1996-12-28,6.1377907
1996-12-29,67.78683
1996-12-30,28.140991
1996-12-31,26.743805
1997-01-01,71.166855
1997-01-02,34.266834
1997-01-03,11.848524
1997-01-04,7.3896823
1997-01-05,0.5203922
1997-01-06,29.424276
1997-01-07,34.86686
1997-01-08,5.377612
1997-01-09,3.5223532
1997-01-10,2.394617
1997-01-11,0.08323924
1997-01-12,2.4460465e-05
1997-01-13,0.0
1997-01-14,0.0
1997-01-15,3.3696033e-08
1997-01-16,0.18038893
1997-01-17,49.096558
1997-01-18,25.149422
1997-01-19,32.369465
1997-01-20,20.253292
1997-01-21,6.6664853
1997-01-22,10.685265
1997-01-23,19.715694
1997-01-24,6.345007
1997-01-25,7.5562995e-05
1997-01-26,9.569609e-06
1997-01-27,0.001490727
1997-01-28,16.847769
1997-01-29,1.6831224
1997-01-30,59.381157
1997-01-31,1.2264445
1997-02-01,16.153915
1997-02-02,10.948176
1997-02-03,4.07058
1997-02-04,3.5192313e-06
1997-02-05,0.0
1997-02-06,0.0
1997-02-07,0.005236758
1997-02-08,5.330449e-05
1997-02-09,1.2660329e-06
1997-02-10,0.009133322
1997-02-11,4.4154577
1997-02-12,29.872139
1997-02-13,12.157694
1997-02-14,30.743519
1997-02-15,11.1021385
1997-02-16,1.7274716e-06
1997-02-17,13.28416
1997-02-18,11.965549
1997-02-19,32.804337
1997-02-20,18.57158
1997-02-21,0.54513645
1997-02-22,7.89558e-05
1997-02-23,5.143568e-08
1997-02-24,2.1029409e-07
1997-02-25,0.017787486
1997-02-26,1.4846363
1997-02-27,1.0437168
1997-02-28,0.00035686974
1997-03-01,37.776634
1997-03-02,22.882608
1997-03-03,10.639708
1997-03-04,4.179928
1997-03-05,1.8250852
1997-03-06,29.228905
1997-03-07,27.80978
1997-03-08,4.389438
1997-03-09,27.77784
1997-03-10,9.027689
1997-03-11,5.438272
1997-03-12,5.231287
1997-03-13,10.14529
1997-03-14,2.3379087
1997-03-15,30.584787
1997-03-16,17.373472
1997-03-17,16.938286
1997-03-18,61.477432
1997-03-19,89.10284
1997-03-20,24.955898
1997-03-21,0.49035108
1997-03-22,0.19405968
1997-03-23,1.9934515
1997-03-24,0.007771607
1997-03-25,0.00057918084
1997-03-26,8.662918
1997-03-27,9.741375
1997-03-28,18.638342
1997-03-29,1.6571183
1997-03-30,0.37572104
1997-03-31,19.401913
1997-04-01,2.8876395
1997-04-02,1.5077122e-05
1997-04-03,5.999297
1997-04-04,0.3503565
1997-04-05,0.0
1997-04-06,0.0
1997-04-07,0.0005478055
1997-04-08,1.9205558
1997-04-09,1.108537
1997-04-10,3.0041444
1997-04-11,7.3909973e-07
1997-04-12,1.1653023e-08
1997-04-13,14.62249
1997-04-14,6.904552
1997-04-15,6.5032554
1997-04-16,18.083992
1997-04-17,8.402489
1997-04-18,1.4158435
1997-04-19,13.579476
1997-04-20,44.12856
1997-04-21,0.814667
1997-04-22,0.15796009
1997-04-23,20.047974
1997-04-24,2.9637527
1997-04-25,2.2736797
1997-04-26,0.0991707
1997-04-27,13.261625
1997-04-28,8.924145
1997-04-29,11.565226
1997-04-30,8.018369
1997-05-01,15.68882
1997-05-02,0.03646176
1997-05-03,10.87908
1997-05-04,7.2608757
1997-05-05,4.5460052
1997-05-06,20.26829
1997-05-07,3.9006643
1997-05-08,0.0
1997-05-09,0.0
1997-05-10,1.8822223e-06
1997-05-11,0.0
1997-05-12,0.0
1997-05-13,0.0
1997-05-14,0.0016982779
1997-05-15,0.255471
1997-05-16,0.0004467141
1997-05-17,0.001938324
1997-05-18,0.0
1997-05-19,0.0
1997-05-20,3.8710337
1997-05-21,4.3100944
1997-05-22,0.13216093
1997-05-23,2.6742456
1997-05-24,1.9437964
1997-05-25,0.058383327
1997-05-26,0.4259767
1997-05-27,0.612394
1997-05-28,1.4852393
1997-05-29,11.622095
1997-05-30,6.956431
1997-05-31,17.77591
1997-06-01,9.192576
1997-06-02,6.4823027
1997-06-03,3.6389408
1997-06-04,4.4676485
1997-06-05,3.6128583
1997-06-06,0.0006415698
1997-06-07,0.0860023
1997-06-08,0.004900082
1997-06-09,1.1106746e-06
1997-06-10,0.0
1997-06-11,0.0004668681
1997-06-12,11.19409
1997-06-13,0.04270826
1997-06-14,0.00039699976
1997-06-15,0.00032942955
1997-06-16,0.12822714
1997-06-17,9.224037
1997-06-18,9.173859
1997-06-19,1.2124078
1997-06-20,0.014415612
1997-06-21,8.31427
1997-06-22,12.611242
1997-06-23,31.736961
1997-06-24,2.849217
1997-06-25,0.18756126
1997-06-26,1.5570059
1997-06-27,1.4833741
1997-06-28,0.5553665
1997-06-29,5.1549864
1997-06-30,0.8678108
1997-07-01,3.0731993
1997-07-02,0.063444786
1997-07-03,0.013717392
1997-07-04,0.0
1997-07-05,1.8024817
1997-07-06,8.678545
1997-07-07,0.0661837
1997-07-08,34.476494
1997-07-09,17.88327
1997-07-10,9.660076
1997-07-11,0.49884337
1997-07-12,0.026710905
1997-07-13,0.0015868031
1997-07-14,0.0016163999
1997-07-15,0.23691975
1997-07-16,0.0003969621
1997-07-17,0.014582785
1997-07-18,0.0052683
1997-07-19,2.2236869e-05
1997-07-20,0.00021481545
1997-07-21,0.0024367715
1997-07-22,0.19941422
1997-07-23,0.004828934
1997-07-24,0.0019225742
1997-07-25,0.015592931
1997-07-26,0.015264063
1997-07-27,7.9656354e-07
1997-07-28,2.660619e-06
1997-07-29,6.726032e-06
1997-07-30,0.23445153
1997-07-31,1.2843661e-06
1997-08-01,0.0
1997-08-02,0.0
1997-08-03,1.6325069e-07
1997-08-04,1.5598981e-07
1997-08-05,0.0
1997-08-06,0.040964775
1997-08-07,1.31918645e-08
1997-08-08,0.0027524005
1997-08-09,0.0
1997-08-10,0.0
1997-08-11,0.0
1997-08-12,0.0
1997-08-13,0.0
1997-08-14,0.0
1997-08-15,7.7948225e-06
1997-08-16,0.018693788
1997-08-17,0.04116889
1997-08-18,0.0020414256
1997-08-19,0.0012045132
1997-08-20,0.09942177
1997-08-21,2.3167217
1997-08-22,5.6962275e-08
1997-08-23,0.1144612
1997-08-24,2.5064135
1997-08-25,4.080451
1997-08-26,11.20965
1997-08-27,5.895095
1997-08-28,1.0180027
1997-08-29,2.3229532
1997-08-30,0.024062423
1997-08-31,0.00011733755
1997-09-01,0.049735412
1997-09-02,0.00025582846
1997-09-03,1.8327487e-06
1997-09-04,0.0011691129
1997-09-05,0.022404112
1997-09-06,0.032482162
1997-09-07,0.00046704023
1997-09-08,0.0
1997-09-09,0.0
1997-09-10,0.06271573
1997-09-11,3.8189635
1997-09-12,1.9917073
1997-09-13,1.4910846
1997-09-14,7.8731456
1997-09-15,19.583168
1997-09-16,18.895346
1997-09-17,53.428707
1997-09-18,16.746075
1997-09-19,0.0724551
1997-09-20,0.0
1997-09-21,0.0
1997-09-22,0.0
1997-09-23,0.0
1997-09-24,0.0
1997-09-25,0.013186868
1997-09-26,22.752447
1997-09-27,46.481834
1997-09-28,4.922242
1997-09-29,0.38076675
1997-09-30,10.730793
1997-10-01,12.932033
1997-10-02,16.27038
1997-10-03,27.49723
1997-10-04,53.956024
1997-10-05,22.033413
1997-10-06,0.010963902
1997-10-07,0.4527135
1997-10-08,12.589537
1997-10-09,9.913525
1997-10-10,11.423325
1997-10-11,5.4639883
1997-10-12,1.2929037
1997-10-13,3.3254251
1997-10-14,1.359769
1997-10-15,0.2796675
1997-10-16,6.0601873e-05
1997-10-17,1.7805917
1997-10-18,0.016062882
1997-10-19,3.401708e-05
1997-10-20,6.1498224e-07
1997-10-21,3.1886357e-06
1997-10-22,1.6386392
1997-10-23,4.025056
1997-10-24,0.5518645
1997-10-25,0.0021202385
1997-10-26,13.62043
1997-10-27,3.3165507
1997-10-28,8.099125
1997-10-29,49.29985
1997-10-30,65.685074
1997-10-31,32.705063
1997-11-01,10.90526
1997-11-02,3.5430634e-07
1997-11-03,19.420574
1997-11-04,3.0543268
1997-11-05,0.033649486
1997-11-06,5.544848
1997-11-07,0.62624025
1997-11-08,0.09191772
1997-11-09,0.0
1997-11-10,0.0
1997-11-11,0.0
1997-11-12,0.0
1997-11-13,0.0
1997-11-14,0.0
1997-11-15,0.0
1997-11-16,0.029493932
1997-11-17,16.802357
1997-11-18,8.563732
1997-11-19,8.825934
1997-11-20,32.037685
1997-11-21,6.2851286
1997-11-22,0.20918033
1997-11-23,30.473387
1997-11-24,20.13768
1997-11-25,3.309341
1997-11-26,0.00010134035
1997-11-27,16.638435
1997-11-28,26.682146
1997-11-29,7.1237087
1997-11-30,16.380833
1997-12-01,0.98537457
1997-12-02,4.8837346e-06
1997-12-03,0.0
1997-12-04,6.884172e-05
1997-12-05,8.0696e-07
1997-12-06,0.0
1997-12-07,0.16388121
1997-12-08,10.757076
1997-12-09,3.2860212
1997-12-10,5.1198473
1997-12-11,0.0025376312
1997-12-12,0.0
1997-12-13,0.0
1997-12-14,10.177845
1997-12-15,11.8302765
1997-12-16,72.79169
1997-12-17,30.58654
1997-12-18,10.618547
1997-12-19,9.045124
1997-12-20,14.048287
1997-12-21,5.428396
1997-12-22,0.03706345
1997-12-23,10.060059
1997-12-24,1.230792
1997-12-25,1.6568638e-05
1997-12-26,0.81309146
1997-12-27,15.9814415
1997-12-28,31.110168
1997-12-29,15.5354
1997-12-30,0.57184136
1997-12-31,0.025908435
1998-01-01,26.12337
1998-01-02,9.630745
1998-01-03,0.51148915
1998-01-04,13.423791
1998-01-05,22.316685
1998-01-06,27.431923
1998-01-07,7.5043983
1998-01-08,4.8551297
1998-01-09,1.5743112e-08
1998-01-10,0.0038783466
1998-01-11,0.0005657708
1998-01-12,0.9093664
1998-01-13,43.030807
1998-01-14,47.87943
1998-01-15,42.040733
1998-01-16,9.482895
1998-01-17,25.07045
1998-01-18,5.109975
1998-01-19,11.815163
1998-01-20,3.4097528
1998-01-21,4.8380175
1998-01-22,8.016924
1998-01-23,40.54712
1998-01-24,34.391434
1998-01-25,9.257946
1998-01-26,19.215456
1998-01-27,2.2116885
1998-01-28,0.6110698
1998-01-29,7.4879575
1998-01-30,6.092539
1998-01-31,3.7077414e-05
1998-02-01,0.018959112
1998-02-02,4.863355
1998-02-03,3.6762428
1998-02-04,3.7651014
1998-02-05,3.2276192
1998-02-06,0.79702723
1998-02-07,1.4338837
1998-02-08,6.0801096
1998-02-09,16.504297
1998-02-10,3.919278
1998-02-11,3.14255
1998-02-12,34.671967
1998-02-13,23.09654
1998-02-14,0.9070759
1998-02-15,2.5286665
1998-02-16,0.099350244
1998-02-17,1.1092021
1998-02-18,11.769491
1998-02-19,18.237469
1998-02-20,3.4504642
1998-02-21,32.037388
1998-02-22,11.388493
1998-02-23,1.1814067
1998-02-24,0.014100479
1998-02-25,9.159334
1998-02-26,5.409526
1998-02-27,0.22884998
1998-02-28,3.405486
1998-03-01,23.938492
1998-03-02,4.1623254
1998-03-03,4.774755
1998-03-04,0.39825642
1998-03-05,0.041022312
1998-03-06,0.02236587
1998-03-07,3.936258e-06
1998-03-08,5.7486734
1998-03-09,20.242996
1998-03-10,9.342169
1998-03-11,3.086802
1998-03-12,0.00167166
1998-03-13,0.10333632
1998-03-14,0.2993151
1998-03-15,1.9374039
1998-03-16,8.136215
1998-03-17,0.5038168
1998-03-18,2.7001237e-05
1998-03-19,0.0
1998-03-20,3.3707598e-05
1998-03-21,4.9438095
1998-03-22,13.76453
1998-03-23,11.493622
1998-03-24,16.807508
1998-03-25,2.1469064
1998-03-26,9.141285
1998-03-27,9.537612
1998-03-28,0.5713135
1998-03-29,0.034708913
1998-03-30,1.0662075
1998-03-31,3.2959056
1998-04-01,0.14376621
1998-04-02,4.697593e-06
1998-04-03,0.050405055
1998-04-04,3.2896051
1998-04-05,1.6830105
1998-04-06,0.23204784
1998-04-07,5.2395644
1998-04-08,1.1343373
1998-04-09,0.043539148
1998-04-10,3.7058368
1998-04-11,12.071899
1998-04-12,7.724085
1998-04-13,0.42308375
1998-04-14,0.033288315
1998-04-15,0.00808628
1998-04-16,0.18136023
1998-04-17,0.0056887157
1998-04-18,1.3538404
1998-04-19,4.3321013
1998-04-20,0.0
1998-04-21,0.0027238526
1998-04-22,1.2781548e-07
1998-04-23,5.2555676
1998-04-24,4.78179
1998-04-25,1.7590928
1998-04-26,0.0033221326
1998-04-27,4.4042576e-05
1998-04-28,0.0
1998-04-29,0.0
1998-04-30,0.0
1998-05-01,0.0
1998-05-02,0.017114824
1998-05-03,0.008082412
1998-05-04,0.00042571704
1998-05-05,8.7879084e-07
1998-05-06,0.0001337315
1998-05-07,0.092855975
1998-05-08,0.4804591
1998-05-09,0.2671366
1998-05-10,0.032038778
1998-05-11,1.2761554
1998-05-12,0.8381863
1998-05-13,0.92796946
1998-05-14,10.740698
1998-05-15,7.3538103
1998-05-16,0.42015442
1998-05-17,0.22393602
1998-05-18,0.7973021
1998-05-19,0.0028046838
1998-05-20,0.0055123325
1998-05-21,0.5267264
1998-05-22,0.09711372
1998-05-23,5.8891
1998-05-24,6.213394
1998-05-25,31.913424
1998-05-26,13.233717
1998-05-27,33.267937
1998-05-28,0.7885918
1998-05-29,0.08728452
1998-05-30,0.02454523
1998-05-31,0.1563847
1998-06-01,0.30330154
1998-06-02,0.09282638
1998-06-03,1.1956847
1998-06-04,2.2033353
1998-06-05,6.905636
1998-06-06,3.6194181
1998-06-07,0.9057282
1998-06-08,5.754803
1998-06-09,4.7507973
1998-06-10,1.8681087
1998-06-11,0.30508572
1998-06-12,0.019649101
1998-06-13,0.0056002624
1998-06-14,0.8807391
1998-06-15,7.440584
1998-06-16,3.0817037
1998-06-17,0.28510946
1998-06-18,1.9715443
1998-06-19,0.7410575
1998-06-20,2.4394488
1998-06-21,2.3706405
1998-06-22,3.3078103
1998-06-23,0.6413858
1998-06-24,6.2445774
1998-06-25,7.9069424
1998-06-26,4.331642
1998-06-27,0.28179318
1998-06-28,1.9873288
1998-06-29,4.544197
1998-06-30,0.20895162
1998-07-01,0.007126661
1998-07-02,0.021446131
1998-07-03,5.9869366
1998-07-04,2.4877954
1998-07-05,0.5204073
1998-07-06,0.010303797
1998-07-07,0.005195358
1998-07-08,0.005277681
1998-07-09,2.5894985e-06
1998-07-10,0.11195049
1998-07-11,0.27028173
1998-07-12,1.2041585
1998-07-13,0.83235615
1998-07-14,0.22159931
1998-07-15,9.319176
1998-07-16,0.004925228
1998-07-17,3.2520362e-05
1998-07-18,0.00044132178
1998-07-19,0.02901742
1998-07-20,0.004304696
1998-07-21,0.0
1998-07-22,0.0
1998-07-23,7.828018e-05
1998-07-24,0.00059874466
1998-07-25,3.601494e-05
1998-07-26,0.0008206579
1998-07-27,0.015899695
1998-07-28,0.40968177
1998-07-29,0.057784688
1998-07-30,0.5317474
1998-07-31,0.4465213
1998-08-01,0.06429908
1998-08-02,0.0016265039
1998-08-03,4.678667e-05
1998-08-04,0.0
1998-08-05,0.0
1998-08-06,0.0008766772
1998-08-07,1.7405338e-05
1998-08-08,1.0890106e-05
1998-08-09,1.5843865e-07
1998-08-10,0.000107261694
1998-08-11,0.00012612493
1998-08-12,1.77939e-08
1998-08-13,4.9111134e-07
1998-08-14,9.644052e-06
1998-08-15,0.041992906
1998-08-16,0.5859822
1998-08-17,3.1862028
1998-08-18,3.9477792
1998-08-19,0.008061119
1998-08-20,0.0
1998-08-21,0.60252297
1998-08-22,0.22424135
1998-08-23,0.06581149
1998-08-24,0.14126618
1998-08-25,6.546613e-05
1998-08-26,0.006747336
1998-08-27,0.0003267724
1998-08-28,0.0
1998-08-29,8.504175e-06
1998-08-30,1.336167e-05
1998-08-31,0.0
1998-09-01,3.531884e-08
1998-09-02,0.0005025835
1998-09-03,2.3912176e-07
1998-09-04,4.0766108e-07
1998-09-05,3.5581866e-06
1998-09-06,0.0
1998-09-07,1.9008435e-06
1998-09-08,0.10791841
1998-09-09,0.00022430383
1998-09-10,4.322192e-06
1998-09-11,0.00029794784
1998-09-12,0.0005872065
1998-09-13,3.0436717e-05
1998-09-14,0.00018151071
1998-09-15,0.0
1998-09-16,0.0
1998-09-17,0.002598391
1998-09-18,1.7137526
1998-09-19,2.4534798
1998-09-20,0.0066617453
1998-09-21,3.5887468e-05
1998-09-22,3.0366e-08
1998-09-23,0.0
1998-09-24,0.00680456
1998-09-25,9.683468
1998-09-26,0.02638881
1998-09-27,0.0
1998-09-28,1.311247e-07
1998-09-29,1.3462264e-07
1998-09-30,0.0
1998-10-01,0.007535946
1998-10-02,10.817382
1998-10-03,12.493118
1998-10-04,4.1847587
1998-10-05,0.17500566
1998-10-06,0.00039831153
1998-10-07,1.991805e-06
1998-10-08,12.210219
1998-10-09,12.568761
1998-10-10,7.4458075
1998-10-11,0.09295584
1998-10-12,6.568624
1998-10-13,24.37149
1998-10-14,19.988567
1998-10-15,8.402405
1998-10-16,0.19146557
1998-10-17,19.835358
1998-10-18,0.006010999
1998-10-19,5.452101e-07
1998-10-20,4.6746328e-07
1998-10-21,1.3385524e-07
1998-10-22,0.0
1998-10-23,3.5842536e-08
1998-10-24,0.00086284266
1998-10-25,0.07361433
1998-10-26,0.058234967
1998-10-27,5.595957
1998-10-28,9.652094
1998-10-29,0.06922135
1998-10-30,6.2149496e-07
1998-10-31,3.0124552
1998-11-01,2.1590667
1998-11-02,2.3410378
1998-11-03,0.66746736
1998-11-04,8.220496
1998-11-05,8.796338
1998-11-06,3.0138528
1998-11-07,0.05914624
1998-11-08,0.5069961
1998-11-09,3.0816352
1998-11-10,0.28591284
1998-11-11,0.5929256
1998-11-12,26.457981
1998-11-13,66.57433
1998-11-14,32.450176
1998-11-15,46.53376
1998-11-16,27.793983
1998-11-17,0.020618899
1998-11-18,3.0753207
1998-11-19,10.042662
1998-11-20,64.482605
1998-11-21,46.696365
1998-11-22,27.300919
1998-11-23,8.273832
1998-11-24,35.85504
1998-11-25,71.18484
1998-11-26,36.94639
1998-11-27,4.415855
1998-11-28,2.0995343
1998-11-29,5.104492
1998-11-30,9.388304
1998-12-01,31.488802
1998-12-02,39.608013
1998-12-03,8.625682
1998-12-04,4.397457
1998-12-05,20.505245
1998-12-06,6.7952156
1998-12-07,33.98446
1998-12-08,10.384142
1998-12-09,1.5864034
1998-12-10,14.202362
1998-12-11,14.637649
1998-12-12,47.610943
1998-12-13,55.761887
1998-12-14,5.0553613
1998-12-15,22.23537
1998-12-16,7.0381665
1998-12-17,6.0033655
1998-12-18,0.19596626
1998-12-19,0.07869586
1998-12-20,0.008130027
1998-12-21,1.4279678
1998-12-22,0.0021284244
1998-12-23,0.09086849
1998-12-24,27.912367
1998-12-25,17.365852
1998-12-26,45.883366
1998-12-27,40.07773
1998-12-28,38.406715
1998-12-29,47.899193
1998-12-30,3.3591137
1998-12-31,8.70162
1999-01-01,0.42998382
1999-01-02,1.3520747e-07
1999-01-03,5.5241344e-07
1999-01-04,0.8493564
1999-01-05,0.00423584
1999-01-06,0.7625166
1999-01-07,8.467837
1999-01-08,3.488378
1999-01-09,9.079067
1999-01-10,20.91809
1999-01-11,1.7907729
1999-01-12,13.489063
1999-01-13,1.2292998
1999-01-14,81.45259
1999-01-15,6.908146
1999-01-16,23.715715
1999-01-17,11.701918
1999-01-18,45.977005
1999-01-19,16.858036
1999-01-20,5.283807
1999-01-21,9.068535
1999-01-22,11.952435
1999-01-23,3.3117995
1999-01-24,0.0009481751
1999-01-25,0.051855218
1999-01-26,0.38755462
1999-01-27,11.017086
1999-01-28,40.4271
1999-01-29,53.083626
1999-01-30,13.6810055
1999-01-31,7.108926
1999-02-01,23.086157
1999-02-02,53.328136
1999-02-03,8.3281975
1999-02-04,33.64402
1999-02-05,9.403795
1999-02-06,34.21731
1999-02-07,25.266483
1999-02-08,24.623604
1999-02-09,5.7615952
1999-02-10,6.5743375
1999-02-11,1.459563
1999-02-12,0.061953604
1999-02-13,5.63808
1999-02-14,0.37690085
1999-02-15,0.053937696
1999-02-16,21.529425
1999-02-17,20.76738
1999-02-18,7.131112
1999-02-19,12.699465
1999-02-20,0.57189375
1999-02-21,18.122646
1999-02-22,45.405838
1999-02-23,13.480074
1999-02-24,71.65853
1999-02-25,18.494883
1999-02-26,12.417457
1999-02-27,39.924904
1999-02-28,19.3975
1999-03-01,22.096497
1999-03-02,7.900091
1999-03-03,29.204737
1999-03-04,16.203978
1999-03-05,5.636133
1999-03-06,0.1981374
1999-03-07,0.013925236
1999-03-08,2.7617002
1999-03-09,4.661084
1999-03-10,1.4641438
1999-03-11,0.015824381
1999-03-12,7.129109
1999-03-13,28.47126
1999-03-14,15.67544
1999-03-15,1.4701836
1999-03-16,8.537426
1999-03-17,2.5278316
1999-03-18,1.753073
1999-03-19,0.23044202
1999-03-20,0.0
1999-03-21,3.4597936
1999-03-22,0.4078704
1999-03-23,6.606876
1999-03-24,1.5205278
1999-03-25,9.996702
1999-03-26,21.787964
1999-03-27,13.058321
1999-03-28,4.9958563
1999-03-29,20.593796
1999-03-30,8.274399
1999-03-31,0.5066364
1999-04-01,0.0012578256
1999-04-02,0.00068229175
1999-04-03,8.821622
1999-04-04,1.9969983
1999-04-05,2.5590982
1999-04-06,0.13524671
1999-04-07,3.379263
1999-04-08,10.905153
1999-04-09,5.001262
1999-04-10,0.7551302
1999-04-11,3.7449308e-07
1999-04-12,4.7423325
1999-04-13,0.6701803
1999-04-14,3.1435777e-06
1999-04-15,0.0
1999-04-16,0.0
1999-04-17,0.0009982157
1999-04-18,0.35728884
1999-04-19,2.4834406
1999-04-20,11.508849
1999-04-21,1.6463698
1999-04-22,0.4816512
1999-04-23,5.544803e-06
1999-04-24,0.0
1999-04-25,1.6490519
1999-04-26,2.2518764
1999-04-27,2.507562
1999-04-28,0.38839173
1999-04-29,0.010833327
1999-04-30,0.0
1999-05-01,17.314396
1999-05-02,8.82115
1999-05-03,10.135952
1999-05-04,12.678725
1999-05-05,1.6893663
1999-05-06,0.23199861
1999-05-07,22.093422
1999-05-08,11.029951
1999-05-09,4.2469034
1999-05-10,0.39244723
1999-05-11,2.6807938
1999-05-12,5.612955
1999-05-13,1.5591626
1999-05-14,1.0655022
1999-05-15,5.74666
1999-05-16,6.2858357
1999-05-17,10.871963
1999-05-18,21.22517
1999-05-19,0.40446573
1999-05-20,0.15590677
1999-05-21,0.050561577
1999-05-22,2.6039123e-05
1999-05-23,0.0
1999-05-24,0.0
1999-05-25,0.33468926
1999-05-26,2.0363987e-06
1999-05-27,4.856624e-10
1999-05-28,0.0014343255
1999-05-29,0.007115441
1999-05-30,0.2364546
1999-05-31,3.8319879
1999-06-01,1.6818241
1999-06-02,2.1197824
1999-06-03,0.00021388227
1999-06-04,0.91520494
1999-06-05,13.646061
1999-06-06,10.360051
1999-06-07,5.1747866
1999-06-08,2.7162347
1999-06-09,0.5964417
1999-06-10,0.7135849
1999-06-11,0.015819775
1999-06-12,0.0
1999-06-13,0.0018143703
1999-06-14,1.2268727e-06
1999-06-15,6.230873e-05
1999-06-16,3.3681011
1999-06-17,0.030889016
1999-06-18,0.28145915
1999-06-19,0.8800443
1999-06-20,1.2199217
1999-06-21,5.0971165
1999-06-22,1.3295238
1999-06-23,0.52357495
1999-06-24,17.740498
1999-06-25,11.7496605
1999-06-26,3.2057252
1999-06-27,0.2803152
1999-06-28,2.5578094
1999-06-29,0.91113675
1999-06-30,1.3267072
1999-07-01,4.421786
1999-07-02,14.483007
1999-07-03,10.737748
1999-07-04,3.410898
1999-07-05,0.09483569
1999-07-06,1.8971726e-08
1999-07-07,5.899397
1999-07-08,0.5747651
1999-07-09,0.0
1999-07-10,0.0
1999-07-11,0.0
1999-07-12,0.0
1999-07-13,6.9788994e-06
1999-07-14,5.9052258
1999-07-15,1.7734344
1999-07-16,2.8480148
1999-07-17,0.5914692
1999-07-18,8.365812
1999-07-19,1.2851577
1999-07-20,0.0050104638
1999-07-21,0.0022516437
1999-07-22,0.008849529
1999-07-23,1.8404415e-05
1999-07-24,0.66338927
1999-07-25,0.24447931
1999-07-26,1.6284853e-06
1999-07-27,0.0
1999-07-28,0.0
1999-07-29,0.07614175
1999-07-30,0.065833226
1999-07-31,0.0005478732
1999-08-01,2.0764526e-06
1999-08-02,0.000105725136
1999-08-03,0.06746572
1999-08-04,0.20645833
1999-08-05,0.2139044
1999-08-06,1.292627
1999-08-07,2.4911473
1999-08-08,18.821213
1999-08-09,0.01076718
1999-08-10,0.0029291795
1999-08-11,0.0018093147
1999-08-12,0.30413097
1999-08-13,0.28636792
1999-08-14,2.3555746
1999-08-15,5.2633667
1999-08-16,11.061903
1999-08-17,3.165696e-05
1999-08-18,1.0820049e-05
1999-08-19,0.023821985
1999-08-20,2.507644e-05
1999-08-21,0.2396205
1999-08-22,0.0
1999-08-23,0.0
1999-08-24,0.00013066987
1999-08-25,3.0128782
1999-08-26,0.0023317179
1999-08-27,0.0
1999-08-28,4.1545564e-07
1999-08-29,0.22631449
1999-08-30,1.3637106
1999-08-31,10.522339
1999-09-01,0.0038092462
1999-09-02,0.00017768046
1999-09-03,1.0845952e-05
1999-09-04,0.011316989
1999-09-05,6.069922
1999-09-06,11.718857
1999-09-07,0.05407358
1999-09-08,0.0
1999-09-09,6.5460954e-06
1999-09-10,0.0002736975
1999-09-11,1.3281873e-07
1999-09-12,0.0
1999-09-13,0.0
1999-09-14,0.0
1999-09-15,0.0
1999-09-16,5.2201427e-05
1999-09-17,0.0001598658
1999-09-18,6.0532788e-05
1999-09-19,0.0
1999-09-20,6.8680994e-10
1999-09-21,0.0
1999-09-22,0.0
1999-09-23,0.9267051
1999-09-24,0.769752
1999-09-25,14.17424
1999-09-26,3.3566694
1999-09-27,0.62278444
1999-09-28,0.0
1999-09-29,0.17093274
1999-09-30,3.462662e-05
1999-10-01,0.0
1999-10-02,0.0
1999-10-03,0.0
1999-10-04,7.655599e-10
1999-10-05,0.060429633
1999-10-06,0.81771696
1999-10-07,17.640495
1999-10-08,51.266785
1999-10-09,1.4655248
1999-10-10,0.0069870283
1999-10-11,3.9903646
1999-10-12,2.579298
1999-10-13,9.049883
1999-10-14,0.42988366
1999-10-15,0.06883382
1999-10-16,2.4951197e-07
1999-10-17,1.977839e-06
1999-10-18,7.6274337e-06
1999-10-19,6.6046746e-06
1999-10-20,0.0
1999-10-21,0.0
1999-10-22,3.1204595e-06
1999-10-23,0.0
1999-10-24,8.135996
1999-10-25,5.120262
1999-10-26,4.3600826
1999-10-27,10.211596
1999-10-28,47.96297
1999-10-29,15.787343
1999-10-30,29.636095
1999-10-31,28.9071
1999-11-01,0.0015753818
1999-11-02,0.0
1999-11-03,3.1473231
1999-11-04,9.331774
1999-11-05,0.00013211364
1999-11-06,40.58568
1999-11-07,0.0011519011
1999-11-08,10.043924
1999-11-09,23.801926
1999-11-10,20.58382
1999-11-11,41.317497
1999-11-12,69.16075
1999-11-13,15.044358
1999-11-14,3.942388
1999-11-15,1.2162429
1999-11-16,0.777071
1999-11-17,16.607277
1999-11-18,0.600711
1999-11-19,11.135075
1999-11-20,26.113194
1999-11-21,12.296061
1999-11-22,4.5618477
1999-11-23,9.584265
1999-11-24,43.823906
1999-11-25,18.836311
1999-11-26,7.64876
1999-11-27,2.1234217
1999-11-28,4.218255
1999-11-29,2.027372
1999-11-30,19.988796
1999-12-01,14.137188
1999-12-02,51.952663
1999-12-03,0.3485093
1999-12-04,0.08337659
1999-12-05,14.239646
1999-12-06,42.662346
1999-12-07,4.3028927
1999-12-08,2.8614774
1999-12-09,19.95534
1999-12-10,15.658302
1999-12-11,30.359203
1999-12-12,43.736477
1999-12-13,15.205562
1999-12-14,33.110237
1999-12-15,75.37726
1999-12-16,7.953359
1999-12-17,17.263245
1999-12-18,32.2722
1999-12-19,1.6205115
1999-12-20,0.18243513
1999-12-21,0.004512539
1999-12-22,6.0193288e-05
1999-12-23,1.8150735e-05
1999-12-24,1.2370577e-06
1999-12-25,7.533366e-06
1999-12-26,1.6318367e-07
1999-12-27,1.4183956e-07
1999-12-28,1.886681e-06
1999-12-29,2.7148485e-06
1999-12-30,0.0008243547
1999-12-31,17.388208
2000-01-01,20.120766
2000-01-02,13.180103
2000-01-03,12.763311
2000-01-04,42.94436
2000-01-05,6.316871
2000-01-06,4.2349987
2000-01-07,6.37566
2000-01-08,32.45342
2000-01-09,27.00241
2000-01-10,11.044958
2000-01-11,7.932193
2000-01-12,9.987197
2000-01-13,6.8446836
2000-01-14,16.24668
2000-01-15,14.569153
2000-01-16,23.804672
2000-01-17,18.649712
2000-01-18,2.4565577e-06
2000-01-19,0.001158904
2000-01-20,6.459343
2000-01-21,11.513235
2000-01-22,2.3675425
2000-01-23,0.25747627
2000-01-24,0.07322231
2000-01-25,2.6936028
2000-01-26,7.522101
2000-01-27,0.82402766
2000-01-28,2.5963864e-05
2000-01-29,9.577562e-09
2000-01-30,0.0014231435
2000-01-31,5.1109476
2000-02-01,37.947784
2000-02-02,15.520591
2000-02-03,1.6689548e-06
2000-02-04,0.0
2000-02-05,0.005436553
2000-02-06,3.576365
2000-02-07,0.64656687
2000-02-08,15.435892
2000-02-09,10.178377
2000-02-10,0.198813
2000-02-11,0.12233695
2000-02-12,0.49790624
2000-02-13,2.4643338
2000-02-14,2.6912284
2000-02-15,6.820883
2000-02-16,0.9588108
2000-02-17,6.710021e-10
2000-02-18,0.0
2000-02-19,0.0
2000-02-20,1.05323e-06
2000-02-21,10.288769
2000-02-22,15.718422
2000-02-23,5.9899397
2000-02-24,0.8660314
2000-02-25,0.26910812
2000-02-26,10.042428
2000-02-27,9.586977
2000-02-28,2.4953256
2000-02-29,9.516864
2000-03-01,6.069778
2000-03-02,7.823083
2000-03-03,5.712929
2000-03-04,13.970671
2000-03-05,0.6979787
2000-03-06,0.0
2000-03-07,5.698888e-08
2000-03-08,0.61836004
2000-03-09,0.8285681
2000-03-10,0.06946436
2000-03-11,15.329605
2000-03-12,4.745551
2000-03-13,0.5455364
2000-03-14,25.220081
2000-03-15,0.07965989
2000-03-16,22.654137
2000-03-17,16.056295
2000-03-18,23.270493
2000-03-19,17.063515
2000-03-20,0.29032713
2000-03-21,0.3694081
2000-03-22,15.109831
2000-03-23,11.405712
2000-03-24,0.6202569
2000-03-25,1.3751324
2000-03-26,0.0627356
2000-03-27,7.4121923
2000-03-28,12.725938
2000-03-29,3.9420004
2000-03-30,0.0018162163
2000-03-31,0.0
2000-04-01,0.0077443123
2000-04-02,2.3233015e-05
2000-04-03,4.613154e-06
2000-04-04,2.0218399
2000-04-05,3.691895
2000-04-06,16.016214
2000-04-07,0.067241766
2000-04-08,7.0478656e-08
2000-04-09,1.2859259e-05
2000-04-10,0.0013736838
2000-04-11,2.541782e-06
2000-04-12,0.03981342
2000-04-13,8.443092
2000-04-14,34.14749
2000-04-15,9.616502
2000-04-16,0.43228984
2000-04-17,8.2813014e-05
2000-04-18,0.0
2000-04-19,0.0013313146
2000-04-20,0.22075139
2000-04-21,1.9803476e-05
2000-04-22,7.496175
2000-04-23,10.779058
2000-04-24,2.3589945
2000-04-25,6.618759
2000-04-26,3.5207071
2000-04-27,1.0698497
2000-04-28,11.321066
2000-04-29,6.933244
2000-04-30,1.0240877
2000-05-01,1.5412188
2000-05-02,0.2806068
2000-05-03,9.005999
2000-05-04,3.171039
2000-05-05,6.8100853
2000-05-06,7.2027354
2000-05-07,1.3810573
2000-05-08,0.87387705
2000-05-09,7.089123
2000-05-10,22.676132
2000-05-11,12.319333
2000-05-12,4.2855415
2000-05-13,0.047044303
2000-05-14,0.14308983
2000-05-15,0.5189006
2000-05-16,0.25808153
2000-05-17,0.12986529
2000-05-18,0.106103234
2000-05-19,6.809348
2000-05-20,0.5442662
2000-05-21,6.2607512
2000-05-22,4.477299
2000-05-23,0.01889134
2000-05-24,0.0
2000-05-25,1.9535949e-07
2000-05-26,9.282497
2000-05-27,20.61794
2000-05-28,10.594446
2000-05-29,3.7955945
2000-05-30,5.9026747
2000-05-31,3.895843
2000-06-01,0.2731838
2000-06-02,0.07247353
2000-06-03,0.13165583
2000-06-04,0.0
2000-06-05,1.0685788
2000-06-06,2.6126518
2000-06-07,6.6269245
2000-06-08,2.3574846
2000-06-09,2.1767354
2000-06-10,10.401087
2000-06-11,9.462427
2000-06-12,60.206993
2000-06-13,0.42370248
2000-06-14,10.285854
2000-06-15,0.4999509
2000-06-16,5.2756244e-05
2000-06-17,0.0
2000-06-18,0.29132098
2000-06-19,0.09976582
2000-06-20,1.133285e-05
2000-06-21,0.00015631971
2000-06-22,1.2271143e-05
2000-06-23,3.120225e-06
2000-06-24,2.4803145
2000-06-25,0.0014564638
2000-06-26,1.9426724e-07
2000-06-27,0.00045946415
2000-06-28,0.00022947922
2000-06-29,0.00014027326
2000-06-30,0.023824837
2000-07-01,0.20261367
2000-07-02,0.92204297
2000-07-03,1.0766797
2000-07-04,3.0882978
2000-07-05,0.029257642
2000-07-06,0.07435106
2000-07-07,0.07309613
2000-07-08,0.034457903
2000-07-09,0.67635113
2000-07-10,0.11833483
2000-07-11,0.008946099
2000-07-12,2.5496054e-05
2000-07-13,0.005169275
2000-07-14,0.52317846
2000-07-15,0.0061568627
2000-07-16,6.1082783e-06
2000-07-17,0.0
2000-07-18,4.215684e-05
2000-07-19,0.00011951471
2000-07-20,0.007758572
2000-07-21,0.0019782868
2000-07-22,1.3561447
2000-07-23,2.3305092
2000-07-24,0.00033316333
2000-07-25,0.18583477
2000-07-26,0.43739536
2000-07-27,1.4718606
2000-07-28,0.8498615
2000-07-29,0.030830625
2000-07-30,0.0
2000-07-31,4.4853843e-07
2000-08-01,0.010273801
2000-08-02,6.3968116e-08
2000-08-03,7.533569e-07
2000-08-04,0.00030635792
2000-08-05,0.0013945552
2000-08-06,1.4035309e-06
2000-08-07,0.00015669718
2000-08-08,3.4088594e-06
2000-08-09,8.534464e-06
2000-08-10,4.5057294e-07
2000-08-11,0.09559676
2000-08-12,6.1675666e-05
2000-08-13,0.005360823
2000-08-14,0.00076876604
2000-08-15,0.002333975
2000-08-16,0.00013866724
2000-08-17,4.0933823e-08
2000-08-18,6.132918
2000-08-19,10.436201
2000-08-20,5.68414
2000-08-21,0.018744698
2000-08-22,3.0003728e-06
2000-08-23,1.0010345e-08
2000-08-24,1.5738076e-05
2000-08-25,0.20853123
2000-08-26,0.73882306
2000-08-27,0.14778599
2000-08-28,0.00054005836
2000-08-29,4.3282385
2000-08-30,0.3988347
2000-08-31,0.82193273
2000-09-01,1.0200665
2000-09-02,1.2737525
2000-09-03,3.5428095
2000-09-04,4.0328336
2000-09-05,2.5663857
2000-09-06,1.0584047
2000-09-07,0.017987449
2000-09-08,17.113255
2000-09-09,7.053465
2000-09-10,18.859638
2000-09-11,0.017200422
2000-09-12,0.0
2000-09-13,8.234855e-05
2000-09-14,2.1518445e-06
2000-09-15,0.008059241
2000-09-16,0.031680442
2000-09-17,0.050334647
2000-09-18,3.058825
2000-09-19,1.7014183
2000-09-20,0.951277
2000-09-21,0.9105966
2000-09-22,0.0
2000-09-23,0.0
2000-09-24,0.0
2000-09-25,0.0
2000-09-26,0.0
2000-09-27,0.0
2000-09-28,0.0
2000-09-29,20.915178
2000-09-30,47.960682
2000-10-01,0.020636553
2000-10-02,0.45010555
2000-10-03,0.019140095
2000-10-04,2.6901538e-05
2000-10-05,0.0
2000-10-06,0.0
2000-10-07,0.0
2000-10-08,0.00035896705
2000-10-09,5.5918665
2000-10-10,3.8574982
2000-10-11,0.008089281
2000-10-12,0.00033005327
2000-10-13,0.6070262
2000-10-14,4.077439
2000-10-15,0.0010858969
2000-10-16,17.464003
2000-10-17,15.325607
2000-10-18,15.453859
2000-10-19,1.9895742
2000-10-20,39.701305
2000-10-21,2.7978106
2000-10-22,0.001812298
2000-10-23,0.0
2000-10-24,3.0982178e-06
2000-10-25,0.0
2000-10-26,1.2276699e-06
2000-10-27,0.031239629
2000-10-28,17.60395
2000-10-29,2.2750175
2000-10-30,0.032295946
2000-10-31,3.145184
2000-11-01,0.03376358
2000-11-02,0.00061941246
2000-11-03,0.027373476
2000-11-04,21.395645
2000-11-05,0.42112276
2000-11-06,1.0478094
2000-11-07,0.024537815
2000-11-08,11.315914
2000-11-09,3.2546887
2000-11-10,0.0044959015
2000-11-11,7.3329835e-07
2000-11-12,4.4640336e-05
2000-11-13,3.0782894e-06
2000-11-14,1.0420482e-10
2000-11-15,0.0
2000-11-16,0.0
2000-11-17,0.0
2000-11-18,0.0
2000-11-19,0.0
2000-11-20,0.0118557755
2000-11-21,0.0
2000-11-22,0.0
2000-11-23,7.989025
2000-11-24,4.3475533
2000-11-25,8.916594
2000-11-26,27.567703
2000-11-27,22.260778
2000-11-28,0.20591588
2000-11-29,14.050799
2000-11-30,18.221422
2000-12-01,0.01981995
2000-12-02,12.919455
2000-12-03,0.48508608
2000-12-04,8.2281476e-10
2000-12-05,0.0
2000-12-06,0.0
2000-12-07,9.616161e-06
2000-12-08,3.618085e-05
2000-12-09,4.2689157
2000-12-10,0.9577531
2000-12-11,2.2624706e-06
2000-12-12,7.983816e-08
2000-12-13,0.0011945261
2000-12-14,8.97213
2000-12-15,16.780094
2000-12-16,40.459602
2000-12-17,21.81462
2000-12-18,0.05042153
2000-12-19,0.61169934
2000-12-20,0.0029161868
2000-12-21,3.1411238
2000-12-22,8.827225
2000-12-23,8.993672
2000-12-24,7.129098
2000-12-25,4.322813
2000-12-26,5.9089896e-05
2000-12-27,4.3506165
2000-12-28,0.0009526414
2000-12-29,0.0
2000-12-30,5.3726687
2000-12-31,2.1747365
2001-01-01,0.06566844
2001-01-02,0.009804955
2001-01-03,0.54673225
2001-01-04,8.378635
2001-01-05,46.514633
2001-01-06,1.4144019
2001-01-07,0.0
2001-01-08,7.664886
2001-01-09,2.4012532
2001-01-10,5.615855
2001-01-11,1.1828
2001-01-12,0.31436104
2001-01-13,1.4638269
2001-01-14,1.1615946
2001-01-15,0.042591516
2001-01-16,0.0
2001-01-17,0.030387402
2001-01-18,1.8941088
2001-01-19,11.776008
2001-01-20,1.6660006
2001-01-21,21.515568
2001-01-22,0.10087333
2001-01-23,0.00010784027
2001-01-24,0.5999518
2001-01-25,6.142079
2001-01-26,0.00073653914
2001-01-27,2.1490253e-08
2001-01-28,0.00803286
2001-01-29,16.073875
2001-01-30,14.009092
2001-01-31,14.169035
2001-02-01,0.002365194
2001-02-02,19.293106
2001-02-03,12.715483
2001-02-04,17.362713
2001-02-05,12.629149
2001-02-06,0.30551958
2001-02-07,0.0
2001-02-08,3.3365185
2001-02-09,0.4440782
2001-02-10,0.023932522
2001-02-11,0.06604441
2001-02-12,0.0028670891
2001-02-13,2.1542032e-13
2001-02-14,2.5928279e-07
2001-02-15,3.6701202
2001-02-16,19.464672
2001-02-17,0.9722522
2001-02-18,5.1115236
2001-02-19,0.051403757
2001-02-20,0.0
2001-02-21,5.510955e-05
2001-02-22,2.9967093
2001-02-23,1.7370477
2001-02-24,6.1184025
2001-02-25,0.0040064263
2001-02-26,1.2462693e-06
2001-02-27,0.0
2001-02-28,0.00072167895
2001-03-01,2.7222548
2001-03-02,17.384157
2001-03-03,3.4161901
2001-03-04,0.03253591
2001-03-05,0.16783549
2001-03-06,0.00015802462
2001-03-07,0.0
2001-03-08,6.3963757
2001-03-09,2.6113172
2001-03-10,0.012464528
2001-03-11,0.2112206
2001-03-12,1.2462482
2001-03-13,15.238784
2001-03-14,3.3183537
2001-03-15,3.9680357
2001-03-16,7.7867174
2001-03-17,3.1834726
2001-03-18,16.720406
2001-03-19,24.198223
2001-03-20,1.1466876
2001-03-21,0.003905541
2001-03-22,2.2863404e-07
2001-03-23,0.0
2001-03-24,0.0017943738
2001-03-25,8.644124
2001-03-26,12.14562
2001-03-27,8.478337
2001-03-28,14.557613
2001-03-29,2.9892192
2001-03-30,7.8141336
2001-03-31,13.503885
2001-04-01,6.516464
2001-04-02,1.150883
2001-04-03,3.6881819
2001-04-04,0.62412214
2001-04-05,5.358629
2001-04-06,13.269821
2001-04-07,2.4914508
2001-04-08,1.2441905
2001-04-09,0.47902516
2001-04-10,9.274361
2001-04-11,1.0697339
2001-04-12,0.60645616
2001-04-13,10.690775
2001-04-14,0.24428086
2001-04-15,3.8913055e-05
2001-04-16,0.0007450082
2001-04-17,11.692562
2001-04-18,9.6080475
2001-04-19,1.9049937
2001-04-20,0.3442968
2001-04-21,1.177944
2001-04-22,5.1186323
2001-04-23,19.959576
2001-04-24,0.11219467
2001-04-25,0.00012610179
2001-04-26,0.0002823198
2001-04-27,0.08333655
2001-04-28,11.549354
2001-04-29,20.418789
2001-04-30,21.582489
2001-05-01,21.618755
2001-05-02,4.72828
2001-05-03,0.069161095
2001-05-04,2.185104
2001-05-05,14.808298
2001-05-06,0.10128893
2001-05-07,0.0
2001-05-08,0.31438574
2001-05-09,1.1490418e-05
2001-05-10,8.9327485e-05
2001-05-11,0.0
2001-05-12,0.0
2001-05-13,0.08123959
2001-05-14,30.689526
2001-05-15,15.510186
2001-05-16,26.940786
2001-05-17,1.1680049
2001-05-18,0.37815845
2001-05-19,3.3094969
2001-05-20,0.0016920912
2001-05-21,0.0
2001-05-22,0.0
2001-05-23,0.0
2001-05-24,6.3340573e-09
2001-05-25,1.0362503e-05
2001-05-26,8.857057e-08
2001-05-27,0.0
2001-05-28,5.864381
2001-05-29,8.05475
2001-05-30,1.6798384
2001-05-31,0.0129806325
2001-06-01,2.074988
2001-06-02,13.693431
2001-06-03,4.9987574
2001-06-04,0.04759154
2001-06-05,4.227195
2001-06-06,5.5029545
2001-06-07,0.1341719
2001-06-08,5.0220776
2001-06-09,8.9569645
2001-06-10,6.226226
2001-06-11,23.895348
2001-06-12,12.07461
2001-06-13,0.064584695
2001-06-14,0.22228196
2001-06-15,0.35768655
2001-06-16,0.31564736
2001-06-17,0.24923016
2001-06-18,0.30250072
2001-06-19,0.00015619707
2001-06-20,0.0
2001-06-21,0.0
2001-06-22,0.0010960922
2001-06-23,0.00040938635
2001-06-24,0.55229163
2001-06-25,4.4481916
2001-06-26,0.0378436
2001-06-27,16.882675
2001-06-28,4.1684675
2001-06-29,5.4137756e-05
2001-06-30,8.5784313e-07
2001-07-01,0.00014530905
2001-07-02,0.0
2001-07-03,0.0
2001-07-04,3.2103648e-07
2001-07-05,0.0009542927
2001-07-06,1.3575994e-05
2001-07-07,9.1017586e-07
2001-07-08,1.7687471e-08
2001-07-09,1.4433193e-07
2001-07-10,5.6015703e-10
2001-07-11,2.2145923e-07
2001-07-12,1.8390817e-07
2001-07-13,1.1142133e-06
2001-07-14,0.004115195
2001-07-15,1.1405376
2001-07-16,4.957531
2001-07-17,8.487587
2001-07-18,1.4948496
2001-07-19,0.28591418
2001-07-20,0.050554357
2001-07-21,0.31699142
2001-07-22,0.20750436
2001-07-23,0.0100093195
2001-07-24,0.010937294
2001-07-25,8.082695e-05
2001-07-26,0.0002977135
2001-07-27,0.000105408064
2001-07-28,18.154995
2001-07-29,0.5450346
2001-07-30,0.25442705
2001-07-31,0.1429367
2001-08-01,0.0011563434
2001-08-02,0.0920297
2001-08-03,2.6793456
2001-08-04,1.5643721
2001-08-05,0.1770262
2001-08-06,0.37804723
2001-08-07,0.059487663
2001-08-08,6.77295e-05
2001-08-09,0.0
2001-08-10,0.0
2001-08-11,0.0
2001-08-12,0.0
2001-08-13,0.3418893
2001-08-14,0.002493398
2001-08-15,0.0055151456
2001-08-16,6.3414525e-05
2001-08-17,0.0014470811
2001-08-18,0.06857755
2001-08-19,0.13458763
2001-08-20,0.00050854805
2001-08-21,7.60828
2001-08-22,47.58184
2001-08-23,18.293978
2001-08-24,8.7086735
2001-08-25,2.2173172e-05
2001-08-26,0.0
2001-08-27,2.1764106e-05
2001-08-28,0.0056351107
2001-08-29,0.0034955712
2001-08-30,4.91699e-06
2001-08-31,0.40330338
2001-09-01,6.731764
2001-09-02,0.004394783
2001-09-03,3.7024226
2001-09-04,0.00812419
2001-09-05,0.05937928
2001-09-06,0.05676986
2001-09-07,0.18182367
2001-09-08,0.0
2001-09-09,0.0
2001-09-10,1.161345e-08
2001-09-11,1.4137253e-06
2001-09-12,1.0391445e-07
2001-09-13,1.1417577e-06
2001-09-14,2.5946733e-06
2001-09-15,1.1323091e-05
2001-09-16,3.6298076e-07
2001-09-17,0.00013563297
2001-09-18,0.09530556
2001-09-19,0.349468
2001-09-20,0.24117646
2001-09-21,3.081678
2001-09-22,0.031879198
2001-09-23,0.00033678836
2001-09-24,0.0017694974
2001-09-25,1.7365353
2001-09-26,19.943455
2001-09-27,4.36264
2001-09-28,0.0
2001-09-29,1.5417065e-06
2001-09-30,4.6986963e-07
2001-10-01,0.0
2001-10-02,0.0
2001-10-03,5.246934e-08
2001-10-04,0.0
2001-10-05,0.0
2001-10-06,0.92965806
2001-10-07,0.2641983
2001-10-08,5.402748
2001-10-09,3.6877131
2001-10-10,20.72514
2001-10-11,10.004797
2001-10-12,22.602108
2001-10-13,2.9973798
2001-10-14,14.682138
2001-10-15,0.0010557225
2001-10-16,5.63963
2001-10-17,7.0515656
2001-10-18,4.048383
2001-10-19,18.971907
2001-10-20,0.016846895
2001-10-21,14.75144
2001-10-22,28.97311
2001-10-23,48.930313
2001-10-24,19.453056
2001-10-25,10.307566
2001-10-26,2.1901686
2001-10-27,18.274284
2001-10-28,0.14346221
2001-10-29,1.7246762e-06
2001-10-30,7.338044
2001-10-31,38.939194
2001-11-01,8.1740265
2001-11-02,4.812265
2001-11-03,2.338464e-05
2001-11-04,4.5345964
2001-11-05,3.4673994
2001-11-06,0.35055602
2001-11-07,0.037178457
2001-11-08,0.0
2001-11-09,0.0
2001-11-10,0.0
2001-11-11,0.00037341315
2001-11-12,2.4790034
2001-11-13,15.059267
2001-11-14,90.60537
2001-11-15,42.636276
2001-11-16,6.282273
2001-11-17,0.05137151
2001-11-18,4.482134e-07
2001-11-19,16.450674
2001-11-20,21.813847
2001-11-21,28.733816
2001-11-22,7.4712157
2001-11-23,9.763476
2001-11-24,0.33244848
2001-11-25,0.13902289
2001-11-26,1.7176162
2001-11-27,5.2847047
2001-11-28,27.688786
2001-11-29,24.017689
2001-11-30,13.584644
2001-12-01,42.287163
2001-12-02,10.139133
2001-12-03,1.044328
2001-12-04,14.500471
2001-12-05,2.1919665
2001-12-06,32.687263
2001-12-07,1.9335604
2001-12-08,8.193579
2001-12-09,7.7665157
2001-12-10,10.305227
2001-12-11,2.9370024
2001-12-12,7.2385015
2001-12-13,64.115036
2001-12-14,32.723892
2001-12-15,10.506018
2001-12-16,71.818954
2001-12-17,29.920456
2001-12-18,12.34972
2001-12-19,13.002327
2001-12-20,0.30804706
2001-12-21,0.07471107
2001-12-22,0.044454068
2001-12-23,0.00032078807
2001-12-24,2.5189677e-06
2001-12-25,2.640517e-08
2001-12-26,0.0
2001-12-27,0.00022388682
2001-12-28,7.935707
2001-12-29,0.0039708
2001-12-30,0.0017681273
2001-12-31,1.8474731
2002-01-01,3.9643815
2002-01-02,13.17544
2002-01-03,1.5786141
2002-01-04,2.1906877
2002-01-05,1.6684909
2002-01-06,17.009298
2002-01-07,97.9336
2002-01-08,36.3379
2002-01-09,3.7789125
2002-01-10,1.4561481
2002-01-11,1.8599141
2002-01-12,22.424429
2002-01-13,2.9793515
2002-01-14,0.017948965
2002-01-15,1.0148844e-05
2002-01-16,1.9697925
2002-01-17,0.031143181
2002-01-18,1.1987541
2002-01-19,11.744037
2002-01-20,32.014114
2002-01-21,16.634563
2002-01-22,11.028884
2002-01-23,13.1773205
2002-01-24,54.420242
2002-01-25,40.68006
2002-01-26,9.087293
2002-01-27,7.293192
2002-01-28,1.4913753
2002-01-29,1.1051362
2002-01-30,12.552342
2002-01-31,22.283726
2002-02-01,5.7289276
2002-02-02,1.8350363
2002-02-03,11.983648
2002-02-04,1.3369745
2002-02-05,4.37779
2002-02-06,22.486557
2002-02-07,19.191164
2002-02-08,9.355677
2002-02-09,0.8019184
2002-02-10,3.3045797
2002-02-11,11.403378
2002-02-12,0.0022341688
2002-02-13,0.00044322124
2002-02-14,0.010458739
2002-02-15,2.0240141e-07
2002-02-16,0.28605688
2002-02-17,1.3636935
2002-02-18,3.201706
2002-02-19,23.726234
2002-02-20,2.80086
2002-02-21,52.07524
2002-02-22,71.31449
2002-02-23,14.17485
2002-02-24,0.26536474
2002-02-25,0.0
2002-02-26,1.7012599e-06
2002-02-27,0.29900676
2002-02-28,0.2637974
2002-03-01,0.0
2002-03-02,0.0
2002-03-03,0.0
2002-03-04,1.7767085e-05
2002-03-05,5.62022
2002-03-06,0.043254342
2002-03-07,3.480513
2002-03-08,2.8741026
2002-03-09,0.97620016
2002-03-10,23.1893
2002-03-11,54.3981
2002-03-12,26.35612
2002-03-13,18.280224
2002-03-14,6.961179
2002-03-15,6.4483414
2002-03-16,6.9312553
2002-03-17,1.2298012
2002-03-18,9.624235
2002-03-19,28.437492
2002-03-20,18.778631
2002-03-21,1.9606616
2002-03-22,3.4464648e-07
2002-03-23,0.23566201
2002-03-24,0.48781586
2002-03-25,1.2974858
2002-03-26,4.3879595
2002-03-27,10.525702
2002-03-28,13.911175
2002-03-29,1.7936695
2002-03-30,3.6046305
2002-03-31,1.3752053
2002-04-01,8.346593
2002-04-02,1.8086303e-06
2002-04-03,0.0
2002-04-04,0.0
2002-04-05,1.3646216
2002-04-06,10.603224
2002-04-07,13.774435
2002-04-08,0.003706764
2002-04-09,11.6115265
2002-04-10,13.679799
2002-04-11,7.079482
2002-04-12,18.422943
2002-04-13,23.81549
2002-04-14,35.188553
2002-04-15,12.197592
2002-04-16,6.569595
2002-04-17,11.0581455
2002-04-18,3.037354
2002-04-19,0.0020843258
2002-04-20,0.00048833276
2002-04-21,0.08419168
2002-04-22,2.1410458
2002-04-23,5.708666
2002-04-24,7.4496944e-05
2002-04-25,0.018181602
2002-04-26,1.6035316
2002-04-27,4.903808
2002-04-28,0.075319044
2002-04-29,0.0
2002-04-30,0.0
2002-05-01,1.12892536e-10
2002-05-02,1.1039362
2002-05-03,1.8360562
2002-05-04,1.5364594
2002-05-05,15.674065
2002-05-06,6.6065445
2002-05-07,8.357591
2002-05-08,1.2470796
2002-05-09,2.0435824
2002-05-10,0.99258447
2002-05-11,0.00017819567
2002-05-12,9.5369664e-08
2002-05-13,0.8357145
2002-05-14,9.861812
2002-05-15,0.016132321
2002-05-16,0.07482818
2002-05-17,5.602635
2002-05-18,0.08999105
2002-05-19,0.1468989
2002-05-20,8.887548
2002-05-21,1.8355398
2002-05-22,2.1489358
2002-05-23,0.12133202
2002-05-24,0.0098892
2002-05-25,2.5227232
2002-05-26,0.68080056
2002-05-27,0.110083774
2002-05-28,10.991505
2002-05-29,13.18681
2002-05-30,0.4742514
2002-05-31,0.0017297502
2002-06-01,0.00835495
2002-06-02,0.03196967
2002-06-03,0.00075850496
2002-06-04,0.20052168
2002-06-05,6.1412306
2002-06-06,5.476217
2002-06-07,2.627565
2002-06-08,8.864341
2002-06-09,0.046327613
2002-06-10,0.025849788
2002-06-11,0.10008559
2002-06-12,0.00725397
2002-06-13,0.072814725
2002-06-14,1.5662328e-05
2002-06-15,0.0010278132
2002-06-16,5.245438e-06
2002-06-17,0.15841857
2002-06-18,13.636623
2002-06-19,0.4463726
2002-06-20,0.000109212284
2002-06-21,0.0
2002-06-22,9.3732975e-05
2002-06-23,0.010183543
2002-06-24,0.10563193
2002-06-25,0.0
2002-06-26,0.0
2002-06-27,0.5335666
2002-06-28,14.839056
2002-06-29,36.587837
2002-06-30,1.5917199
2002-07-01,0.5429028
2002-07-02,4.6364107e-07
2002-07-03,0.028032651
2002-07-04,3.3309107
2002-07-05,0.91667867
2002-07-06,0.0
2002-07-07,0.093804285
2002-07-08,11.40111
2002-07-09,0.007741616
2002-07-10,0.0
2002-07-11,8.4694386e-07
2002-07-12,2.832825e-06
2002-07-13,0.021111084
2002-07-14,0.00052547577
2002-07-15,2.5021034e-06
2002-07-16,7.7726156e-08
2002-07-17,0.0029175389
2002-07-18,0.010728228
2002-07-19,0.09597092
2002-07-20,0.0026610736
2002-07-21,0.0
2002-07-22,0.0
2002-07-23,0.0
2002-07-24,4.3246415e-05
2002-07-25,0.0005383131
2002-07-26,0.4127391
2002-07-27,0.0039699133
2002-07-28,0.6796231
2002-07-29,0.8512657
2002-07-30,0.06220713
2002-07-31,0.0105832815
2002-08-01,0.0001894396
2002-08-02,1.4682817
2002-08-03,0.0062356703
2002-08-04,2.0685215
2002-08-05,2.8277574
2002-08-06,6.086632
2002-08-07,2.819542
2002-08-08,0.38715369
2002-08-09,0.0034009952
2002-08-10,0.013576845
2002-08-11,0.0
2002-08-12,0.0
2002-08-13,0.0
2002-08-14,1.089038e-06
2002-08-15,0.0
2002-08-16,1.232841e-07
2002-08-17,0.0
2002-08-18,0.0
2002-08-19,0.028075743
2002-08-20,0.16693655
2002-08-21,0.23427941
2002-08-22,0.0018782552
2002-08-23,0.0006438367
2002-08-24,0.011344173
2002-08-25,0.13369238
2002-08-26,0.25569612
2002-08-27,0.0015574178
2002-08-28,0.00023320116
2002-08-29,0.0021746838
2002-08-30,0.012900691
2002-08-31,5.560409e-05
2002-09-01,0.97025335
2002-09-02,3.0205204
2002-09-03,1.7887993
2002-09-04,0.2547297
2002-09-05,0.04046318
2002-09-06,0.7485818
2002-09-07,0.14617261
2002-09-08,0.6113735
2002-09-09,2.7761722
2002-09-10,6.8760605e-06
2002-09-11,2.3297649e-05
2002-09-12,9.317496e-07
2002-09-13,3.209388e-05
2002-09-14,6.5393715e-06
2002-09-15,0.010790626
2002-09-16,4.024234
2002-09-17,7.5647297
2002-09-18,0.0029243806
2002-09-19,1.9153998
2002-09-20,0.48548785
2002-09-21,0.0
2002-09-22,0.0
2002-09-23,6.162678e-08
2002-09-24,2.0457846e-06
2002-09-25,2.0741206e-08
2002-09-26,0.7171296
2002-09-27,0.094471216
2002-09-28,2.2616492e-05
2002-09-29,3.804294
2002-09-30,6.3864613
2002-10-01,0.9998225
2002-10-02,0.04362535
2002-10-03,13.457224
2002-10-04,0.24485582
2002-10-05,0.742465
2002-10-06,0.7279582
2002-10-07,0.045337103
2002-10-08,0.002622996
2002-10-09,0.4452322
2002-10-10,1.2355303
2002-10-11,0.08410314
2002-10-12,4.2249923e-08
2002-10-13,3.7926263e-06
2002-10-14,0.0
2002-10-15,2.5961972e-06
2002-10-16,0.0
2002-10-17,1.324254e-06
2002-10-18,0.0
2002-10-19,0.8590658
2002-10-20,0.044915445
2002-10-21,0.006342696
2002-10-22,0.0014497653
2002-10-23,8.3203086e-05
2002-10-24,0.0
2002-10-25,3.8029853e-08
2002-10-26,9.419451e-06
2002-10-27,1.7847751
2002-10-28,0.3727844
2002-10-29,0.14605913
2002-10-30,0.0
2002-10-31,0.0
2002-11-01,0.0
2002-11-02,0.0
2002-11-03,0.0
2002-11-04,0.0
2002-11-05,0.010767282
2002-11-06,12.544287
2002-11-07,8.938967
2002-11-08,35.16669
2002-11-09,17.891102
2002-11-10,17.107632
2002-11-11,17.848764
2002-11-12,29.801403
2002-11-13,13.365204
2002-11-14,11.255658
2002-11-15,0.014298065
2002-11-16,25.604538
2002-11-17,11.860861
2002-11-18,26.104088
2002-11-19,50.79733
2002-11-20,4.8750577
2002-11-21,3.141499e-05
2002-11-22,0.0023067512
2002-11-23,0.0034048997
2002-11-24,6.526487e-05
2002-11-25,0.0
2002-11-26,0.0
2002-11-27,0.0
2002-11-28,7.7212286e-07
2002-11-29,7.09138e-06
2002-11-30,3.525536e-07
2002-12-01,2.0668745e-06
2002-12-02,0.002735714
2002-12-03,3.0173665e-05
2002-12-04,2.6507003
2002-12-05,0.7349709
2002-12-06,2.9798645e-07
2002-12-07,1.17197e-10
2002-12-08,4.523507e-12
2002-12-09,0.1466531
2002-12-10,18.645279
2002-12-11,30.130943
2002-12-12,35.10278
2002-12-13,11.718672
2002-12-14,47.92768
2002-12-15,25.314232
2002-12-16,28.251726
2002-12-17,8.77449
2002-12-18,4.910117
2002-12-19,2.0121338
2002-12-20,0.27320647
2002-12-21,0.011402415
2002-12-22,0.049494695
2002-12-23,0.0010119389
2002-12-24,1.2446725
2002-12-25,24.565472
2002-12-26,21.85166
2002-12-27,33.716755
2002-12-28,1.1491644
2002-12-29,3.1259112
2002-12-30,18.99086
2002-12-31,0.51331925
2003-01-01,22.244759
2003-01-02,50.678314
2003-01-03,19.06616
2003-01-04,30.27953
2003-01-05,10.061775
2003-01-06,1.3930561e-05
2003-01-07,0.00028691912
2003-01-08,6.252309e-07
2003-01-09,1.2082354e-06
2003-01-10,0.0
2003-01-11,1.6458406
2003-01-12,35.91039
2003-01-13,0.1486431
2003-01-14,9.329125
2003-01-15,0.012896725
2003-01-16,0.0007076532
2003-01-17,0.0
2003-01-18,2.9498058e-06
2003-01-19,0.007997974
2003-01-20,1.2981915
2003-01-21,11.487026
2003-01-22,27.643616
2003-01-23,32.468296
2003-01-24,15.537498
2003-01-25,2.9396749
2003-01-26,69.08943
2003-01-27,13.897224
2003-01-28,2.0852609
2003-01-29,15.183457
2003-01-30,11.395281
2003-01-31,23.014229
2003-02-01,8.647741
2003-02-02,1.1662345
2003-02-03,5.173272
2003-02-04,0.103492655
2003-02-05,0.0
2003-02-06,8.623887e-06
2003-02-07,0.0
2003-02-08,7.037673e-05
2003-02-09,0.0
2003-02-10,0.0042152456
2003-02-11,1.7647559e-05
2003-02-12,1.0866394e-05
2003-02-13,0.0
2003-02-14,1.61521
2003-02-15,4.576974
2003-02-16,10.8968315
2003-02-17,16.765953
2003-02-18,0.30466214
2003-02-19,3.7270567
2003-02-20,35.25216
2003-02-21,13.816094
2003-02-22,5.13783
2003-02-23,0.2124266
2003-02-24,0.0
2003-02-25,0.0
2003-02-26,5.7203497e-06
2003-02-27,0.0004074777
2003-02-28,2.1481223
2003-03-01,0.0418422
2003-03-02,2.3384876
2003-03-03,1.5491164
2003-03-04,2.0907273e-05
2003-03-05,17.17798
2003-03-06,22.484272
2003-03-07,10.835444
2003-03-08,1.6916649
2003-03-09,39.626884
2003-03-10,8.898682
2003-03-11,22.764334
2003-03-12,35.187286
2003-03-13,49.506683
2003-03-14,24.505966
2003-03-15,6.5934873
2003-03-16,4.085905
2003-03-17,6.1547003
2003-03-18,5.3228
2003-03-19,0.86771715
2003-03-20,15.874777
2003-03-21,18.425667
2003-03-22,52.802147
2003-03-23,15.272004
2003-03-24,0.46623045
2003-03-25,6.802395
2003-03-26,15.258921
2003-03-27,4.6142864
2003-03-28,0.51480466
2003-03-29,0.18417077
2003-03-30,0.8475013
2003-03-31,22.141764
2003-04-01,5.735152
2003-04-02,1.7824339
2003-04-03,14.924274
2003-04-04,2.9748755
2003-04-05,4.8063254
2003-04-06,7.6800957
2003-04-07,12.356106
2003-04-08,5.310939
2003-04-09,12.222212
2003-04-10,3.4481044
2003-04-11,3.0760915
2003-04-12,4.854365
2003-04-13,10.980073
2003-04-14,4.845643
2003-04-15,5.6682653
2003-04-16,4.968742
2003-04-17,7.794448
2003-04-18,5.2541823
2003-04-19,0.03894318
2003-04-20,0.009974505
2003-04-21,0.45133173
2003-04-22,1.2435731
2003-04-23,2.367673
2003-04-24,17.694279
2003-04-25,4.146954
2003-04-26,0.0032024614
2003-04-27,2.2317402
2003-04-28,0.003976419
2003-04-29,0.1574097
2003-04-30,0.82091904
2003-05-01,0.22473592
2003-05-02,0.0068003163
2003-05-03,1.0283158
2003-05-04,4.794244
2003-05-05,8.806749
2003-05-06,1.3388407
2003-05-07,2.2301548
2003-05-08,3.276163
2003-05-09,3.6479146
2003-05-10,1.516036
2003-05-11,1.9990451
2003-05-12,0.7818859
2003-05-13,0.0027120514
2003-05-14,3.1199515
2003-05-15,6.015581
2003-05-16,9.918814
2003-05-17,13.399282
2003-05-18,3.6859362
2003-05-19,1.7047839
2003-05-20,1.6644433
2003-05-21,5.4668984
2003-05-22,4.272799
2003-05-23,1.4614769
2003-05-24,0.0067394604
2003-05-25,1.334211
2003-05-26,8.36335e-05
2003-05-27,0.060995884
2003-05-28,6.9341672e-06
2003-05-29,0.030992834
2003-05-30,0.0039750687
2003-05-31,4.570031
2003-06-01,0.26098776
2003-06-02,0.7230461
2003-06-03,1.2567638e-07
2003-06-04,0.0
2003-06-05,0.0
2003-06-06,0.0
2003-06-07,0.0
2003-06-08,4.3162778e-05
2003-06-09,0.06564219
2003-06-10,1.0639066
2003-06-11,0.030471012
2003-06-12,0.0018441435
2003-06-13,3.972985
2003-06-14,0.051526427
2003-06-15,0.00016988488
2003-06-16,1.7039533e-06
2003-06-17,0.0
2003-06-18,0.016104955
2003-06-19,0.02128467
2003-06-20,4.1273413
2003-06-21,9.844355
2003-06-22,12.72657
2003-06-23,0.30922124
2003-06-24,0.107815884
2003-06-25,0.033495102
2003-06-26,2.5499538e-05
2003-06-27,3.098047e-05
2003-06-28,0.0
2003-06-29,0.034292247
2003-06-30,7.119538
2003-07-01,0.33053234
2003-07-02,0.018881757
2003-07-03,0.0007692635
2003-07-04,0.00028626906
2003-07-05,0.22713783
2003-07-06,0.0016625754
2003-07-07,0.00017069359
2003-07-08,0.34220248
2003-07-09,0.0024140528
2003-07-10,0.0
2003-07-11,5.8896654e-10
2003-07-12,4.3235963e-05
2003-07-13,3.8821642
2003-07-14,0.43539724
2003-07-15,0.020072054
2003-07-16,0.0004977067
2003-07-17,6.7927474e-05
2003-07-18,0.0
2003-07-19,0.0
2003-07-20,0.0020963403
2003-07-21,0.00038689864
2003-07-22,0.0
2003-07-23,1.3502321e-08
2003-07-24,8.231405e-05
2003-07-25,7.3443878e-09
2003-07-26,1.1134049e-06
2003-07-27,1.9513796e-05
2003-07-28,0.0
2003-07-29,0.0
2003-07-30,3.504106e-05
2003-07-31,1.030641e-05
2003-08-01,0.00019598269
2003-08-02,1.5052642e-06
2003-08-03,0.0020831125
2003-08-04,1.1757404e-05
2003-08-05,0.016424822
2003-08-06,0.032926824
2003-08-07,0.00012361063
2003-08-08,0.008233393
2003-08-09,0.018857252
2003-08-10,0.14143035
2003-08-11,0.0092432005
2003-08-12,0.023418419
2003-08-13,0.0009006595
2003-08-14,6.108286e-07
2003-08-15,4.71662e-09
2003-08-16,0.5414018
2003-08-17,0.0045485944
2003-08-18,5.200945e-06
2003-08-19,0.0001628506
2003-08-20,0.0
2003-08-21,0.0
2003-08-22,1.2081391e-06
2003-08-23,0.00033656284
2003-08-24,0.0
2003-08-25,5.574858e-06
2003-08-26,0.08913337
2003-08-27,0.20241225
2003-08-28,0.01845082
2003-08-29,5.3850996e-05
2003-08-30,0.0
2003-08-31,1.1148837e-05
2003-09-01,0.0
2003-09-02,0.0
2003-09-03,0.0
2003-09-04,0.33523905
2003-09-05,4.3564687e-06
2003-09-06,2.623043e-06
2003-09-07,2.5304093
2003-09-08,2.382148
2003-09-09,0.8353752
2003-09-10,2.153839
2003-09-11,10.544445
2003-09-12,0.87653565
2003-09-13,9.415583e-08
2003-09-14,1.6035722
2003-09-15,0.002324484
2003-09-16,7.246628
2003-09-17,2.7677035
2003-09-18,1.7180412
2003-09-19,3.5670693
2003-09-20,0.040685616
2003-09-21,1.2880536e-05
2003-09-22,0.0
2003-09-23,0.049122624
2003-09-24,2.7117849e-06
2003-09-25,0.0013299093
2003-09-26,1.588498e-05
2003-09-27,0.0
2003-09-28,0.0
2003-09-29,0.0
2003-09-30,0.0004161836
2003-10-01,1.7025772e-05
2003-10-02,0.000111737674
2003-10-03,0.00014743794
2003-10-04,1.5687876e-05
2003-10-05,0.193683
2003-10-06,0.009109861
2003-10-07,17.52494
2003-10-08,10.125603
2003-10-09,16.195347
2003-10-10,5.6450243
2003-10-11,11.074431
2003-10-12,45.299507
2003-10-13,7.9985003
2003-10-14,0.0035556601
2003-10-15,7.042692
2003-10-16,70.88595
2003-10-17,82.48405
2003-10-18,0.0075094365
2003-10-19,14.1539
2003-10-20,104.77706
2003-10-21,49.998863
2003-10-22,0.25592813
2003-10-23,19.134432
2003-10-24,0.03378352
2003-10-25,1.9797324e-09
2003-10-26,9.7393e-06
2003-10-27,0.09662222
2003-10-28,34.773026
2003-10-29,2.6252737
2003-10-30,0.021431774
2003-10-31,0.0
2003-11-01,0.1313494
2003-11-02,0.7834664
2003-11-03,0.000851316
2003-11-04,0.0
2003-11-05,0.0
2003-11-06,0.0
2003-11-07,0.0
2003-11-08,0.14762615
2003-11-09,0.016961448
2003-11-10,12.155466
2003-11-11,29.417622
2003-11-12,0.011978585
2003-11-13,1.5405574e-05
2003-11-14,0.053085446
2003-11-15,7.80564
2003-11-16,30.059416
2003-11-17,40.156216
2003-11-18,91.84387
2003-11-19,67.127426
2003-11-20,6.2298574
2003-11-21,0.10337067
2003-11-22,0.003494614
2003-11-23,4.0696754
2003-11-24,15.873381
2003-11-25,25.285572
2003-11-26,8.170816
2003-11-27,1.7766193
2003-11-28,58.754128
2003-11-29,17.932463
2003-11-30,0.00018349361
2003-12-01,1.2466084
2003-12-02,5.9933934
2003-12-03,19.206469
2003-12-04,0.7192421
2003-12-05,35.304947
2003-12-06,18.208584
2003-12-07,1.1438094
2003-12-08,1.7096828
2003-12-09,0.041479535
2003-12-10,1.0602715
2003-12-11,0.5072695
2003-12-12,19.278727
2003-12-13,18.732449
2003-12-14,13.158662
2003-12-15,7.327153
2003-12-16,23.746782
2003-12-17,7.6991773
2003-12-18,9.823145e-06
2003-12-19,2.7862866e-06
2003-12-20,11.5512085
2003-12-21,7.7160354
2003-12-22,0.0014454908
2003-12-23,0.035178244
2003-12-24,14.91293
2003-12-25,15.009003
2003-12-26,3.4670074
2003-12-27,13.642042
2003-12-28,14.194368
2003-12-29,0.29978222
2003-12-30,0.43937433
2003-12-31,9.02861
2004-01-01,4.7916613
2004-01-02,0.6967664
2004-01-03,6.009353
2004-01-04,0.000490653
2004-01-05,1.1061242e-07
2004-01-06,3.7934504
2004-01-07,25.096811
2004-01-08,17.705341
2004-01-09,5.486394
2004-01-10,10.849091
2004-01-11,0.071750015
2004-01-12,0.0054954784
2004-01-13,3.5770195
2004-01-14,26.40094
2004-01-15,20.464462
2004-01-16,0.06442941
2004-01-17,1.89494e-10
2004-01-18,5.570755
2004-01-19,6.2270346
2004-01-20,0.00036195977
2004-01-21,0.00089074444
2004-01-22,0.101615585
2004-01-23,16.389986
2004-01-24,11.031021
2004-01-25,4.3530674
2004-01-26,8.79101
2004-01-27,5.5181584
2004-01-28,24.038965
2004-01-29,30.44728
2004-01-30,45.421875
2004-01-31,10.21159
2004-02-01,8.6615715
2004-02-02,1.0224233
2004-02-03,0.61207116
2004-02-04,6.4191456
2004-02-05,0.027552858
2004-02-06,12.333209
2004-02-07,6.0416684
2004-02-08,0.2592152
2004-02-09,0.00026696498
2004-02-10,6.1794044e-06
2004-02-11,1.1177573e-05
2004-02-12,0.0
2004-02-13,0.0
2004-02-14,6.7173414
2004-02-15,10.8659725
2004-02-16,10.088542
2004-02-17,4.8963165
2004-02-18,23.13501
2004-02-19,4.0200224
2004-02-20,0.14600933
2004-02-21,5.4094147e-07
2004-02-22,7.8828816e-07
2004-02-23,0.4697742
2004-02-24,4.3623943
2004-02-25,3.2549486
2004-02-26,4.565795
2004-02-27,3.2061892
2004-02-28,2.9603386
2004-02-29,1.6820241
2004-03-01,0.38002586
2004-03-02,0.030135548
2004-03-03,7.2477036
2004-03-04,17.771961
2004-03-05,20.323444
2004-03-06,8.919065
2004-03-07,27.710426
2004-03-08,2.2373161
2004-03-09,3.331417
2004-03-10,5.5126875e-05
2004-03-11,1.7705559e-09
2004-03-12,0.18230341
2004-03-13,0.0042086267
2004-03-14,1.7475166
2004-03-15,0.23144889
2004-03-16,0.79923296
2004-03-17,1.8941369
2004-03-18,7.380367
2004-03-19,13.82123
2004-03-20,0.3385174
2004-03-21,0.0
2004-03-22,0.008856635
2004-03-23,0.5567437
2004-03-24,12.476063
2004-03-25,8.689581
2004-03-26,16.975643
2004-03-27,18.074781
2004-03-28,0.78402543
2004-03-29,0.0
2004-03-30,5.425202
2004-03-31,1.1979303
2004-04-01,0.14433146
2004-04-02,0.0
2004-04-03,0.0
2004-04-04,0.0011547599
2004-04-05,1.0470018e-06
2004-04-06,0.00039537557
2004-04-07,0.0058056433
2004-04-08,0.03491169
2004-04-09,5.956974e-06
2004-04-10,0.0
2004-04-11,0.0
2004-04-12,5.2047417e-06
2004-04-13,1.1758167
2004-04-14,4.882144
2004-04-15,4.556881
2004-04-16,7.7365255
2004-04-17,0.9461324
2004-04-18,0.71363527
2004-04-19,2.5223136
2004-04-20,7.1079836
2004-04-21,1.9101115
2004-04-22,0.00060498435
2004-04-23,4.7850103
2004-04-24,0.0703281
2004-04-25,2.4536837e-07
2004-04-26,0.0
2004-04-27,6.522958
2004-04-28,3.2864146
2004-04-29,0.0
2004-04-30,0.0
2004-05-01,0.0
2004-05-02,0.49030268
2004-05-03,0.046953127
2004-05-04,2.601552
2004-05-05,3.3194876
2004-05-06,0.05550398
2004-05-07,1.6076529
2004-05-08,5.2217264
2004-05-09,2.7047963
2004-05-10,2.3003235
2004-05-11,4.7392435
2004-05-12,1.0272834
2004-05-13,0.17350979
2004-05-14,0.031728543
2004-05-15,0.30502734
2004-05-16,1.8715849
2004-05-17,3.295879
2004-05-18,0.5065532
2004-05-19,2.247679
2004-05-20,1.0694859
2004-05-21,4.788189
2004-05-22,23.924496
2004-05-23,9.106012
2004-05-24,1.3268745
2004-05-25,1.8275316
2004-05-26,12.87798
2004-05-27,17.90915
2004-05-28,13.887613
2004-05-29,3.6851673
2004-05-30,17.656021
2004-05-31,1.516257
2004-06-01,0.31045833
2004-06-02,0.00321001
2004-06-03,0.0
2004-06-04,0.0
2004-06-05,4.640578
2004-06-06,15.674746
2004-06-07,6.470216
2004-06-08,1.9989398
2004-06-09,0.31981468
2004-06-10,6.00756
2004-06-11,1.3390244
2004-06-12,0.8352323
2004-06-13,16.97915
2004-06-14,2.4426374
2004-06-15,0.9295061
2004-06-16,5.904563e-08
2004-06-17,0.08328432
2004-06-18,0.52101296
2004-06-19,5.71262e-05
2004-06-20,5.1093835e-08
2004-06-21,0.0037637888
2004-06-22,0.02150912
2004-06-23,0.08121544
2004-06-24,0.37350515
2004-06-25,0.0017366001
2004-06-26,0.08797406
2004-06-27,0.0009963643
2004-06-28,0.0030999123
2004-06-29,2.953573e-06
2004-06-30,5.612421e-06
2004-07-01,3.1705981e-06
2004-07-02,0.012294206
2004-07-03,0.9184145
2004-07-04,0.082882546
2004-07-05,0.0042443904
2004-07-06,2.081617
2004-07-07,2.1626782
2004-07-08,0.6816579
2004-07-09,0.014137756
2004-07-10,0.8963728
2004-07-11,0.98236966
2004-07-12,7.697992e-06
2004-07-13,0.042689677
2004-07-14,0.001270751
2004-07-15,0.021132719
2004-07-16,0.0
2004-07-17,4.1468516e-07
2004-07-18,0.33405265
2004-07-19,1.2107913
2004-07-20,0.71292156
2004-07-21,0.06812467
2004-07-22,8.764058e-05
2004-07-23,4.1756313e-05
2004-07-24,0.0005172175
2004-07-25,1.2225802e-07
2004-07-26,0.0
2004-07-27,0.0
2004-07-28,0.0
2004-07-29,0.018945523
2004-07-30,0.0024427401
2004-07-31,0.0005552481
2004-08-01,1.0385783e-06
2004-08-02,1.7156534e-06
2004-08-03,0.2988261
2004-08-04,0.331654
2004-08-05,3.0732841
2004-08-06,11.893873
2004-08-07,6.41599
2004-08-08,0.032272942
2004-08-09,9.715222e-05
2004-08-10,0.0
2004-08-11,7.6484095e-05
2004-08-12,1.1753686e-05
2004-08-13,6.251171e-08
2004-08-14,0.0017044287
2004-08-15,0.015863378
2004-08-16,0.05294989
2004-08-17,5.1587753
2004-08-18,0.37377137
2004-08-19,1.5403206
2004-08-20,0.016330041
2004-08-21,15.75749
2004-08-22,28.831104
2004-08-23,1.7511301
2004-08-24,19.57708
2004-08-25,42.407238
2004-08-26,10.33846
2004-08-27,1.5077045
2004-08-28,1.4850295
2004-08-29,0.11422854
2004-08-30,0.00010927016
2004-08-31,3.9189497e-05
2004-09-01,6.746978
2004-09-02,14.925963
2004-09-03,5.684492
2004-09-04,0.5572586
2004-09-05,0.46071044
2004-09-06,9.14102e-06
2004-09-07,5.3514268e-05
2004-09-08,0.20375961
2004-09-09,6.6418943
2004-09-10,0.31642544
2004-09-11,40.788803
2004-09-12,0.93061364
2004-09-13,8.939956
2004-09-14,18.198338
2004-09-15,27.40036
2004-09-16,6.424714
2004-09-17,15.581881
2004-09-18,10.686562
2004-09-19,7.0967827
2004-09-20,1.0808073
2004-09-21,0.017995842
2004-09-22,0.7163893
2004-09-23,0.18636355
2004-09-24,0.0027126938
2004-09-25,8.5237e-06
2004-09-26,2.2361317e-05
2004-09-27,2.5469926e-05
2004-09-28,1.0153282e-05
2004-09-29,2.0304455e-05
2004-09-30,0.00018920028
2004-10-01,0.0
2004-10-02,0.0
2004-10-03,0.0
2004-10-04,1.4720508e-05
2004-10-05,0.016529411
2004-10-06,11.25684
2004-10-07,0.0056004524
2004-10-08,10.364258
2004-10-09,16.422602
2004-10-10,5.6269407
2004-10-11,0.0008145016
2004-10-12,0.05894465
2004-10-13,2.9646306e-05
2004-10-14,0.0001347345
2004-10-15,0.3868708
2004-10-16,15.418364
2004-10-17,11.903417
2004-10-18,15.106657
2004-10-19,1.5238322
2004-10-20,1.3956065
2004-10-21,1.5307089
2004-10-22,13.276005
2004-10-23,6.17832
2004-10-24,7.698171
2004-10-25,0.035114393
2004-10-26,0.03400387
2004-10-27,3.7507916e-06
2004-10-28,0.027851418
2004-10-29,1.1148813
2004-10-30,23.09211
2004-10-31,5.125976
2004-11-01,17.760628
2004-11-02,52.39116
2004-11-03,0.7804351
2004-11-04,0.0005911587
2004-11-05,2.2992342e-06
2004-11-06,9.875218
2004-11-07,4.830971
2004-11-08,7.4667594e-05
2004-11-09,7.355825e-05
2004-11-10,0.00031982127
2004-11-11,2.6392117e-05
2004-11-12,1.557572e-06
2004-11-13,1.73493
2004-11-14,0.8216574
2004-11-15,15.486376
2004-11-16,2.2159398
2004-11-17,6.229433
2004-11-18,27.917309
2004-11-19,2.4563696
2004-11-20,0.0010349036
2004-11-21,0.01151225
2004-11-22,4.952471
2004-11-23,3.025915
2004-11-24,58.642036
2004-11-25,26.51231
2004-11-26,2.7918506
2004-11-27,6.70173
2004-11-28,4.2668602e-05
2004-11-29,1.0379403e-05
2004-11-30,4.6072345
2004-12-01,0.12979239
2004-12-02,0.04491686
2004-12-03,0.75235504
2004-12-04,21.087904
2004-12-05,12.025429
2004-12-06,5.2008677
2004-12-07,12.709312
2004-12-08,40.48153
2004-12-09,9.747065
2004-12-10,75.34129
2004-12-11,32.440624
2004-12-12,0.0
2004-12-13,4.38375
2004-12-14,39.61869
2004-12-15,6.311711
2004-12-16,0.026856976
2004-12-17,0.6866126
2004-12-18,0.37218842
2004-12-19,2.332336
2004-12-20,3.793866
2004-12-21,5.5039425
2004-12-22,0.010850098
2004-12-23,0.0
2004-12-24,0.0010311692
2004-12-25,11.951132
2004-12-26,8.745075
2004-12-27,1.4421657
2004-12-28,9.927483e-07
2004-12-29,7.226109
2004-12-30,4.4350767
2004-12-31,1.7175031
2005-01-01,1.670932
2005-01-02,0.17482305
2005-01-03,2.8045672e-08
2005-01-04,0.00034830402
2005-01-05,0.0
2005-01-06,2.3909955
2005-01-07,9.55256
2005-01-08,8.474604
2005-01-09,2.3648553
2005-01-10,0.0064517884
2005-01-11,0.014647214
2005-01-12,12.719213
2005-01-13,0.1513536
2005-01-14,5.179443e-05
2005-01-15,0.32261333
2005-01-16,23.02211
2005-01-17,51.179626
2005-01-18,61.65026
2005-01-19,17.184301
2005-01-20,17.882334
2005-01-21,2.3142276
2005-01-22,27.979347
2005-01-23,10.272009
2005-01-24,0.42651838
2005-01-25,1.9956044
2005-01-26,1.2930562
2005-01-27,5.2990046
2005-01-28,0.07587225
2005-01-29,0.5646153
2005-01-30,0.99789923
2005-01-31,5.2071238
2005-02-01,0.5345061
2005-02-02,0.047696732
2005-02-03,0.006330445
2005-02-04,18.064766
2005-02-05,11.47884
2005-02-06,3.4373255
2005-02-07,0.43251124
2005-02-08,9.86477e-06
2005-02-09,1.604117e-08
2005-02-10,0.0
2005-02-11,0.0
2005-02-12,4.037202
2005-02-13,6.843153
2005-02-14,8.795426
2005-02-15,0.015638648
2005-02-16,7.8352336e-08
2005-02-17,0.0
2005-02-18,0.0
2005-02-19,9.474925e-06
2005-02-20,1.8932065e-12
2005-02-21,0.0
2005-02-22,0.0
2005-02-23,1.6236224e-07
2005-02-24,0.0
2005-02-25,2.299588e-05
2005-02-26,0.00011557282
2005-02-27,0.0
2005-02-28,3.8158593
2005-03-01,6.852964
2005-03-02,1.7992623
2005-03-03,0.32155728
2005-03-04,3.0178793e-05
2005-03-05,0.014269678
2005-03-06,0.13089694
2005-03-07,0.7836819
2005-03-08,0.052982345
2005-03-09,2.0255404
2005-03-10,0.00042135266
2005-03-11,0.0034595341
2005-03-12,0.08615277
2005-03-13,0.0
2005-03-14,0.0
2005-03-15,1.5367887e-08
2005-03-16,17.425747
2005-03-17,6.817797
2005-03-18,1.9572678
2005-03-19,3.9716535
2005-03-20,37.92833
2005-03-21,13.416429
2005-03-22,0.09575228
2005-03-23,0.13029152
2005-03-24,0.1546522
2005-03-25,0.032639787
2005-03-26,50.512455
2005-03-27,15.212114
2005-03-28,15.814569
2005-03-29,19.830757
2005-03-30,10.122665
2005-03-31,1.6124761
2005-04-01,29.455479
2005-04-02,11.501221
2005-04-03,7.788488
2005-04-04,5.7751865
2005-04-05,1.1776782
2005-04-06,0.6654785
2005-04-07,5.787288
2005-04-08,7.3699203
2005-04-09,0.013643155
2005-04-10,0.130125
2005-04-11,18.152088
2005-04-12,6.1944504
2005-04-13,3.9399219
2005-04-14,6.774
2005-04-15,10.737175
2005-04-16,40.31375
2005-04-17,4.634902
2005-04-18,4.0820966
2005-04-19,0.01122778
2005-04-20,0.0
2005-04-21,3.0281456e-08
2005-04-22,1.0468692e-05
2005-04-23,0.027947586
2005-04-24,2.2872353
2005-04-25,0.41120616
2005-04-26,0.00253811
2005-04-27,0.0036506797
2005-04-28,3.2146679e-07
2005-04-29,2.6353078
2005-04-30,2.3623145
2005-05-01,2.4193902
2005-05-02,0.37755835
2005-05-03,8.173671
2005-05-04,0.9630934
2005-05-05,1.7493657
2005-05-06,1.1731818
2005-05-07,0.19642088
2005-05-08,0.41652113
2005-05-09,7.7705
2005-05-10,6.311821
2005-05-11,1.3691412
2005-05-12,0.62830913
2005-05-13,0.021854732
2005-05-14,5.043382
2005-05-15,13.049133
2005-05-16,3.1530437
2005-05-17,6.2549424
2005-05-18,14.829405
2005-05-19,20.802635
2005-05-20,5.2678204
2005-05-21,7.261841
2005-05-22,13.575211
2005-05-23,6.529918
2005-05-24,1.3605493
2005-05-25,0.025425388
2005-05-26,0.0
2005-05-27,0.0
2005-05-28,4.9170517e-08
2005-05-29,0.6427926
2005-05-30,0.8199918
2005-05-31,2.4148586
2005-06-01,6.465252
2005-06-02,0.80097675
2005-06-03,0.24324055
2005-06-04,0.088380195
2005-06-05,12.491256
2005-06-06,1.4850006
2005-06-07,4.5515404
2005-06-08,16.586485
2005-06-09,0.05149887
2005-06-10,0.053667385
2005-06-11,4.927436
2005-06-12,2.278321
2005-06-13,7.4957857
2005-06-14,0.5320045
2005-06-15,1.586832
2005-06-16,0.27071708
2005-06-17,20.626682
2005-06-18,3.149365
2005-06-19,0.089746304
2005-06-20,8.486336e-06
2005-06-21,0.0011025197
2005-06-22,12.261212
2005-06-23,0.028799988
2005-06-24,0.00604791
2005-06-25,0.3612289
2005-06-26,1.560991
2005-06-27,12.40119
2005-06-28,4.8639402
2005-06-29,0.2422284
2005-06-30,0.0597213
2005-07-01,0.024166245
2005-07-02,1.5093381
2005-07-03,0.008324668
2005-07-04,1.8848226e-07
2005-07-05,0.039251603
2005-07-06,15.278788
2005-07-07,0.123920746
2005-07-08,18.028896
2005-07-09,8.777521
2005-07-10,0.03613688
2005-07-11,0.4324924
2005-07-12,0.4378846
2005-07-13,0.23215783
2005-07-14,0.004211099
2005-07-15,3.1666725
2005-07-16,0.928216
2005-07-17,0.0009801385
2005-07-18,1.79499e-07
2005-07-19,3.8571103e-05
2005-07-20,0.00041452778
2005-07-21,0.0
2005-07-22,1.7838969
2005-07-23,0.0012598899
2005-07-24,6.09884e-06
2005-07-25,4.2337466e-05
2005-07-26,9.241364e-08
2005-07-27,0.0
2005-07-28,4.337698e-06
2005-07-29,0.0
2005-07-30,0.0
2005-07-31,0.0
2005-08-01,2.1177802
2005-08-02,0.0011305405
2005-08-03,0.0
2005-08-04,0.0
2005-08-05,2.457452e-07
2005-08-06,2.4031993e-05
2005-08-07,5.5397624e-07
2005-08-08,1.8134923e-06
2005-08-09,3.0222622e-05
2005-08-10,0.014531401
2005-08-11,0.5002257
2005-08-12,0.12495698
2005-08-13,4.7734e-07
2005-08-14,4.1781896e-05
2005-08-15,7.532221e-05
2005-08-16,4.137764e-05
2005-08-17,6.590726
2005-08-18,0.020363688
2005-08-19,2.9246073e-06
2005-08-20,2.8234194e-06
2005-08-21,5.4905586e-06
2005-08-22,0.0017601703
2005-08-23,0.05437115
2005-08-24,0.0012733478
2005-08-25,0.0
2005-08-26,0.0
2005-08-27,2.3830007e-06
2005-08-28,0.0011496814
2005-08-29,6.5818653
2005-08-30,1.5485644
2005-08-31,0.06821633
2005-09-01,6.129643e-09
2005-09-02,0.0004661475
2005-09-03,0.0014999055
2005-09-04,1.6523656
2005-09-05,0.43249494
2005-09-06,9.90706e-09
2005-09-07,0.0
2005-09-08,0.00012279308
2005-09-09,5.6319733
2005-09-10,6.8539777
2005-09-11,0.5457457
2005-09-12,0.023386799
2005-09-13,0.07907521
2005-09-14,0.0029066901
2005-09-15,0.34344393
2005-09-16,1.8205643
2005-09-17,2.3813915
2005-09-18,0.017227605
2005-09-19,0.088801295
2005-09-20,0.28110772
2005-09-21,3.86124e-07
2005-09-22,6.531897e-05
2005-09-23,7.572477e-05
2005-09-24,0.0
2005-09-25,0.0
2005-09-26,6.3045877e-07
2005-09-27,0.0008481495
2005-09-28,0.01379017
2005-09-29,57.306313
2005-09-30,7.927244
2005-10-01,8.137821
2005-10-02,1.8427496
2005-10-03,4.2008476
2005-10-04,0.10711197
2005-10-05,0.181119
2005-10-06,6.0681896
2005-10-07,24.026272
2005-10-08,0.56693757
2005-10-09,0.40794566
2005-10-10,5.146372
2005-10-11,1.2157446
2005-10-12,0.36023518
2005-10-13,12.866015
2005-10-14,0.67199266
2005-10-15,5.9051256
2005-10-16,13.60747
2005-10-17,20.793472
2005-10-18,3.481154
2005-10-19,19.774189
2005-10-20,6.8113813
2005-10-21,9.508223e-06
2005-10-22,2.5844654e-08
2005-10-23,2.0008683
2005-10-24,1.8952863
2005-10-25,0.01020031
2005-10-26,9.687589
2005-10-27,0.00026124992
2005-10-28,9.548007
2005-10-29,14.961678
2005-10-30,5.237763
2005-10-31,28.482346
2005-11-01,21.785828
2005-11-02,8.776096
2005-11-03,25.127552
2005-11-04,26.50893
2005-11-05,17.330673
2005-11-06,26.218878
2005-11-07,10.689698
2005-11-08,4.6944337
2005-11-09,1.0080228
2005-11-10,11.929258
2005-11-11,15.475395
2005-11-12,9.817574
2005-11-13,27.512184
2005-11-14,3.5285494
2005-11-15,2.0295422
2005-11-16,5.7991676
2005-11-17,0.020911515
2005-11-18,4.3776658e-05
2005-11-19,1.4981319e-05
2005-11-20,0.00014241625
2005-11-21,6.038595e-05
2005-11-22,9.774727e-06
2005-11-23,3.9826136e-06
2005-11-24,0.02445712
2005-11-25,17.226116
2005-11-26,2.6914766
2005-11-27,3.249567
2005-11-28,0.19447298
2005-11-29,13.373391
2005-11-30,4.5829597
2005-12-01,2.5025775
2005-12-02,4.346917
2005-12-03,0.4059615
2005-12-04,1.2145619
2005-12-05,5.6506968
2005-12-06,1.5849206
2005-12-07,1.666369e-07
2005-12-08,3.250322e-07
2005-12-09,0.00025832694
2005-12-10,0.0
2005-12-11,4.3148575e-06
2005-12-12,0.0044232854
2005-12-13,0.2818301
2005-12-14,1.1166454e-05
2005-12-15,0.0
2005-12-16,0.0
2005-12-17,0.0
2005-12-18,0.0
2005-12-19,2.3380704
2005-12-20,14.4366455
2005-12-21,22.53811
2005-12-22,43.870506
2005-12-23,22.808582
2005-12-24,61.889153
2005-12-25,24.8428
2005-12-26,16.700209
2005-12-27,20.24076
2005-12-28,25.001747
2005-12-29,6.8328943
2005-12-30,17.447464
2005-12-31,18.861094
2006-01-01,13.934837
2006-01-02,8.82384
2006-01-03,5.011541
2006-01-04,10.653253
2006-01-05,23.025074
2006-01-06,22.822996
2006-01-07,18.920992
2006-01-08,11.895382
2006-01-09,44.70363
2006-01-10,37.06234
2006-01-11,41.364388
2006-01-12,20.548746
2006-01-13,47.865036
2006-01-14,8.572514
2006-01-15,6.5444384
2006-01-16,16.359657
2006-01-17,33.592926
2006-01-18,6.6433635
2006-01-19,3.663807
2006-01-20,25.277664
2006-01-21,1.3018289
2006-01-22,0.9517189
2006-01-23,2.4283266
2006-01-24,0.00024580923
2006-01-25,2.9861202
2006-01-26,15.746513
2006-01-27,16.077812
2006-01-28,30.096476
2006-01-29,13.06424
2006-01-30,63.23502
2006-01-31,14.888308
2006-02-01,37.98857
2006-02-02,27.761393
2006-02-03,8.3117695
2006-02-04,39.10605
2006-02-05,13.991186
2006-02-06,1.1198999e-06
2006-02-07,1.608964e-08
2006-02-08,3.9923248
2006-02-09,0.00034363352
2006-02-10,0.0
2006-02-11,0.0
2006-02-12,0.0
2006-02-13,1.4842467
2006-02-14,0.99253136
2006-02-15,0.0009807296
2006-02-16,3.5669225e-05
2006-02-17,0.0
2006-02-18,0.0
2006-02-19,0.0
2006-02-20,0.06435656
2006-02-21,1.4039514
2006-02-22,10.634385
2006-02-23,27.53748
2006-02-24,0.48918694
2006-02-25,0.23947524
2006-02-26,11.1900215
2006-02-27,25.562504
2006-02-28,8.110361
2006-03-01,0.5792692
2006-03-02,7.2765617
2006-03-03,0.6367689
2006-03-04,0.82392657
2006-03-05,3.806386
2006-03-06,3.9825346
2006-03-07,13.865047
2006-03-08,23.645836
2006-03-09,23.270758
2006-03-10,9.048653
2006-03-11,0.4929145
2006-03-12,2.4566472e-05
2006-03-13,0.035137806
2006-03-14,4.08255
2006-03-15,4.0881224
2006-03-16,4.777252
2006-03-17,8.392645
2006-03-18,1.6551577
2006-03-19,0.34823433
2006-03-20,1.136765e-07
2006-03-21,0.687435
2006-03-22,8.282088
2006-03-23,1.1090032
2006-03-24,10.277302
2006-03-25,2.215624
2006-03-26,6.740858
2006-03-27,3.6605678
2006-03-28,2.7547615
2006-03-29,0.019010203
2006-03-30,4.8400483
2006-03-31,6.548492
2006-04-01,4.4750147
2006-04-02,1.3756987
2006-04-03,1.187336
2006-04-04,4.224922
2006-04-05,0.4209677
2006-04-06,0.006614616
2006-04-07,0.0037901946
2006-04-08,3.9006746
2006-04-09,19.972248
2006-04-10,7.081772
2006-04-11,0.77094513
2006-04-12,7.9639206
2006-04-13,4.6756973
2006-04-14,31.33686
2006-04-15,10.231222
2006-04-16,13.390324
2006-04-17,9.66429
2006-04-18,4.292548
2006-04-19,0.00010306872
2006-04-20,0.0001948983
2006-04-21,2.9123435
2006-04-22,0.07043434
2006-04-23,1.5206494e-07
2006-04-24,0.0
2006-04-25,3.2379305e-07
2006-04-26,0.118962824
2006-04-27,0.10820531
2006-04-28,1.2354645e-05
2006-04-29,4.430653
2006-04-30,2.7319336
2006-05-01,1.2030858
2006-05-02,0.257091
2006-05-03,0.0
2006-05-04,0.0
2006-05-05,0.0
2006-05-06,0.25679475
2006-05-07,15.0955925
2006-05-08,3.272635
2006-05-09,0.0098864855
2006-05-10,0.0
2006-05-11,0.21952593
2006-05-12,1.574558
2006-05-13,0.0065828473
2006-05-14,0.0
2006-05-15,0.0
2006-05-16,0.0
2006-05-17,0.0
2006-05-18,2.8183138e-06
2006-05-19,0.00033516446
2006-05-20,5.9939528
2006-05-21,1.707526
2006-05-22,12.512089
2006-05-23,6.4062643
2006-05-24,6.3419
2006-05-25,9.636159
2006-05-26,16.90024
2006-05-27,8.752726
2006-05-28,6.7560787
2006-05-29,6.477408
2006-05-30,0.019690959
2006-05-31,0.0018687664
2006-06-01,3.213994
2006-06-02,16.944115
2006-06-03,0.7200542
2006-06-04,6.5831385
2006-06-05,3.9604003
2006-06-06,3.1818072e-05
2006-06-07,4.9294476e-06
2006-06-08,0.39042702
2006-06-09,6.430197
2006-06-10,1.7333853
2006-06-11,2.4256163
2006-06-12,2.7549534
2006-06-13,4.396795
2006-06-14,5.4772167
2006-06-15,1.4312928
2006-06-16,3.3323014
2006-06-17,3.2786117
2006-06-18,0.055577934
2006-06-19,0.056478806
2006-06-20,0.0535203
2006-06-21,0.031707972
2006-06-22,0.005040262
2006-06-23,1.6439673e-05
2006-06-24,0.0
2006-06-25,0.0
2006-06-26,0.0
2006-06-27,0.0
2006-06-28,0.0
2006-06-29,0.0
2006-06-30,0.0
2006-07-01,0.0
2006-07-02,0.0
2006-07-03,0.0
2006-07-04,0.020226493
2006-07-05,0.024526887
2006-07-06,0.023582492
2006-07-07,0.07558023
2006-07-08,0.0
2006-07-09,0.004840819
2006-07-10,0.09953757
2006-07-11,6.883399e-05
2006-07-12,2.0314674
2006-07-13,5.494855
2006-07-14,0.23465228
2006-07-15,0.017337948
2006-07-16,5.3508245e-07
2006-07-17,0.0011777913
2006-07-18,0.0006035185
2006-07-19,0.0018687907
2006-07-20,0.0
2006-07-21,0.0
2006-07-22,0.0
2006-07-23,0.032277845
2006-07-24,0.32374883
2006-07-25,0.11406031
2006-07-26,1.5161941e-05
2006-07-27,1.432471e-06
2006-07-28,0.0001766942
2006-07-29,0.055216435
2006-07-30,5.1809216
2006-07-31,0.085871354
2006-08-01,0.035977095
2006-08-02,0.0006853311
2006-08-03,5.3650845e-05
2006-08-04,3.3799537e-07
2006-08-05,0.0
2006-08-06,0.0
2006-08-07,0.0
2006-08-08,0.0014409445
2006-08-09,1.1361367
2006-08-10,0.67694634
2006-08-11,0.07004082
2006-08-12,0.16160063
2006-08-13,0.012095069
2006-08-14,7.250146e-08
2006-08-15,0.00017465094
2006-08-16,0.0009227829
2006-08-17,1.154542e-07
2006-08-18,1.0109423e-05
2006-08-19,0.0
2006-08-20,0.0
2006-08-21,0.0
2006-08-22,1.5471685e-09
2006-08-23,0.04433347
2006-08-24,0.1555455
2006-08-25,0.0343697
2006-08-26,0.0
2006-08-27,1.0647891e-07
2006-08-28,1.1767601e-07
2006-08-29,0.040497627
2006-08-30,4.0028095
2006-08-31,0.0106959045
2006-09-01,2.5438776e-08
2006-09-02,0.0
2006-09-03,0.0
2006-09-04,0.0007008448
2006-09-05,6.2484025e-05
2006-09-06,2.369875e-06
2006-09-07,2.9053017e-05
2006-09-08,0.00022379633
2006-09-09,3.002365
2006-09-10,0.01453411
2006-09-11,3.854094e-07
2006-09-12,3.028472e-05
2006-09-13,0.002469723
2006-09-14,11.639874
2006-09-15,3.2171657
2006-09-16,1.765296
2006-09-17,1.1306522
2006-09-18,6.5374403
2006-09-19,2.066227
2006-09-20,12.364323
2006-09-21,5.9557395
2006-09-22,0.2620959
2006-09-23,0.0
2006-09-24,0.0
2006-09-25,4.962753e-07
2006-09-26,0.0
2006-09-27,5.835363e-08
2006-09-28,1.6747475e-06
2006-09-29,1.1680002e-05
2006-09-30,5.8213165e-05
2006-10-01,0.04244406
2006-10-02,0.0021300295
2006-10-03,0.0047862865
2006-10-04,0.031100783
2006-10-05,0.0
2006-10-06,0.19038421
2006-10-07,0.03308334
2006-10-08,1.5102555
2006-10-09,5.228308e-05
2006-10-10,0.0
2006-10-11,0.0
2006-10-12,0.0
2006-10-13,5.1668003e-06
2006-10-14,6.5124885e-05
2006-10-15,17.241875
2006-10-16,10.375156
2006-10-17,0.3059539
2006-10-18,1.0520816
2006-10-19,10.969431
2006-10-20,0.3583432
2006-10-21,2.2631255e-05
2006-10-22,3.540482e-07
2006-10-23,7.779197e-07
2006-10-24,9.884663
2006-10-25,3.3994696
2006-10-26,4.16084
2006-10-27,4.199475
2006-10-28,0.017436761
2006-10-29,8.206477
2006-10-30,0.12150312
2006-10-31,0.0
2006-11-01,0.0
2006-11-02,13.874631
2006-11-03,74.56273
2006-11-04,61.303337
2006-11-05,20.926088
2006-11-06,134.93622
2006-11-07,33.96872
2006-11-08,13.054373
2006-11-09,0.9661277
2006-11-10,30.451836
2006-11-11,11.178424
2006-11-12,49.312477
2006-11-13,36.35606
2006-11-14,5.999688
2006-11-15,45.545933
2006-11-16,15.73032
2006-11-17,4.091035
2006-11-18,8.261467
2006-11-19,21.050974
2006-11-20,5.968197
2006-11-21,35.228268
2006-11-22,10.248231
2006-11-23,20.563347
2006-11-24,16.897697
2006-11-25,5.5528936
2006-11-26,28.456223
2006-11-27,11.886741
2006-11-28,1.1324961
2006-11-29,0.7561227
2006-11-30,24.23581
2006-12-01,1.1923652
2006-12-02,0.0094752805
2006-12-03,0.0
2006-12-04,8.115755
2006-12-05,2.1536582
2006-12-06,0.0038544026
2006-12-07,6.546036e-05
2006-12-08,0.007505886
2006-12-09,6.5670977
2006-12-10,8.894724
2006-12-11,44.84951
2006-12-12,23.516579
2006-12-13,37.591576
2006-12-14,32.566734
2006-12-15,45.9998
2006-12-16,1.0044293
2006-12-17,1.7354338
2006-12-18,0.018174747
2006-12-19,3.1569939
2006-12-20,1.8387549
2006-12-21,26.042866
2006-12-22,5.9738226
2006-12-23,14.635304
2006-12-24,6.018563
2006-12-25,28.500498
2006-12-26,2.4050992
2006-12-27,10.833978
2006-12-28,0.0037180334
2006-12-29,0.9533651
2006-12-30,0.60622376
2006-12-31,0.006763154
2007-01-01,11.4717045
2007-01-02,82.66769
2007-01-03,19.927122
2007-01-04,14.251583
2007-01-05,17.450655
2007-01-06,34.006355
2007-01-07,42.172585
2007-01-08,2.8492622
2007-01-09,9.315474
2007-01-10,14.869979
2007-01-11,0.37641558
2007-01-12,0.0
2007-01-13,0.05016832
2007-01-14,3.4529723e-05
2007-01-15,0.0
2007-01-16,5.965764
2007-01-17,1.049691
2007-01-18,9.848575
2007-01-19,10.877681
2007-01-20,12.542263
2007-01-21,1.6915383
2007-01-22,10.327226
2007-01-23,15.048044
2007-01-24,0.18984346
2007-01-25,0.019641468
2007-01-26,0.0024329303
2007-01-27,1.4932766e-08
2007-01-28,0.0
2007-01-29,2.5285271e-07
2007-01-30,0.0
2007-01-31,8.214955e-07
2007-02-01,0.0
2007-02-02,0.0
2007-02-03,1.561003
2007-02-04,3.2346475
2007-02-05,0.666284
2007-02-06,0.001247351
2007-02-07,1.7748415
2007-02-08,7.3275313
2007-02-09,3.6174052
2007-02-10,3.0985088
2007-02-11,8.833127
2007-02-12,9.624495
2007-02-13,6.7008934
2007-02-14,5.4309206
2007-02-15,29.538193
2007-02-16,4.3842635
2007-02-17,1.5496341
2007-02-18,28.125776
2007-02-19,24.075365
2007-02-20,39.601322
2007-02-21,9.364126
2007-02-22,2.8925366
2007-02-23,6.283874
2007-02-24,10.825951
2007-02-25,6.590846
2007-02-26,9.439659
2007-02-27,1.2455342
2007-02-28,11.350546
2007-03-01,3.691862
2007-03-02,1.4028072
2007-03-03,4.257514
2007-03-04,0.024474833
2007-03-05,9.901192
2007-03-06,0.006511124
2007-03-07,9.786787
2007-03-08,10.619459
2007-03-09,11.786459
2007-03-10,8.408171
2007-03-11,56.848244
2007-03-12,32.94881
2007-03-13,2.6238618
2007-03-14,11.711698
2007-03-15,0.017585533
2007-03-16,22.072739
2007-03-17,8.742157
2007-03-18,9.697208
2007-03-19,12.2083435
2007-03-20,15.282797
2007-03-21,1.3649553
2007-03-22,11.694775
2007-03-23,11.492644
2007-03-24,59.485275
2007-03-25,11.808796
2007-03-26,0.6779498
2007-03-27,0.0421567
2007-03-28,0.068038724
2007-03-29,5.0020503e-08
2007-03-30,0.08288284
2007-03-31,1.5365849
2007-04-01,1.5630732
2007-04-02,8.750275
2007-04-03,0.014270604
2007-04-04,0.5092031
2007-04-05,0.0009774864
2007-04-06,0.0
2007-04-07,0.36661506
2007-04-08,2.873548
2007-04-09,23.788229
2007-04-10,7.8044934
2007-04-11,0.1592359
2007-04-12,0.0029325706
2007-04-13,7.963677
2007-04-14,6.820818
2007-04-15,4.4036202
2007-04-16,6.468544
2007-04-17,6.647669
2007-04-18,5.142064
2007-04-19,3.4657648
2007-04-20,0.68917835
2007-04-21,0.6314782
2007-04-22,3.9360185
2007-04-23,0.10486578
2007-04-24,5.2926416
2007-04-25,1.7473233
2007-04-26,6.606719
2007-04-27,10.678364
2007-04-28,15.417334
2007-04-29,1.0921209
2007-04-30,5.283935e-06
2007-05-01,4.531583
2007-05-02,6.8939166
2007-05-03,4.6321096
2007-05-04,9.206357
2007-05-05,0.6884041
2007-05-06,0.15075992
2007-05-07,0.71703625
2007-05-08,8.8507506e-05
2007-05-09,0.0914824
2007-05-10,4.6221567e-06
2007-05-11,2.5223238e-07
2007-05-12,2.629055e-06
2007-05-13,0.7202513
2007-05-14,0.00019186121
2007-05-15,0.0
2007-05-16,5.510052e-05
2007-05-17,0.0041211485
2007-05-18,0.00023931167
2007-05-19,1.1923201
2007-05-20,5.2109957
2007-05-21,25.073236
2007-05-22,0.3994105
2007-05-23,0.033615187
2007-05-24,0.004245309
2007-05-25,0.0
2007-05-26,0.0031955736
2007-05-27,1.1298373
2007-05-28,0.12605554
2007-05-29,5.0179386e-07
2007-05-30,0.0
2007-05-31,0.0
2007-06-01,0.0
2007-06-02,0.0
2007-06-03,0.008710823
2007-06-04,6.4151707
2007-06-05,10.141506
2007-06-06,7.970929
2007-06-07,5.908757
2007-06-08,0.09536829
2007-06-09,11.496994
2007-06-10,7.332121
2007-06-11,4.399328
2007-06-12,1.9544783
2007-06-13,1.3837948
2007-06-14,0.20076758
2007-06-15,4.177288
2007-06-16,6.056078
2007-06-17,22.769306
2007-06-18,0.802147
2007-06-19,5.5738707e-05
2007-06-20,0.0
2007-06-21,0.15058145
2007-06-22,0.39422518
2007-06-23,0.36704525
2007-06-24,2.81855
2007-06-25,6.7925944
2007-06-26,0.00057208387
2007-06-27,0.0
2007-06-28,0.34992412
2007-06-29,4.1890783
2007-06-30,2.7845068
2007-07-01,1.306529e-07
2007-07-02,1.6011273e-07
2007-07-03,6.9621586e-10
2007-07-04,2.5471363e-06
2007-07-05,2.8450893e-07
2007-07-06,0.0
2007-07-07,2.411605e-09
2007-07-08,4.017664e-06
2007-07-09,0.0030434686
2007-07-10,0.0
2007-07-11,0.0
2007-07-12,8.6168666e-07
2007-07-13,0.5146733
2007-07-14,6.267016e-05
2007-07-15,0.44324636
2007-07-16,0.017650785
2007-07-17,0.077536404
2007-07-18,1.9592577
2007-07-19,1.711962
2007-07-20,9.679194
2007-07-21,4.849509
2007-07-22,15.22941
2007-07-23,0.44017887
2007-07-24,0.5385834
2007-07-25,0.00017659162
2007-07-26,1.7576869e-07
2007-07-27,4.7447866e-05
2007-07-28,0.00063757354
2007-07-29,0.17373109
2007-07-30,0.021390453
2007-07-31,1.950094e-06
2007-08-01,2.302171e-06
2007-08-02,0.0
2007-08-03,0.16934013
2007-08-04,0.2724161
2007-08-05,0.9066217
2007-08-06,0.32859153
2007-08-07,0.1421884
2007-08-08,1.0150304
2007-08-09,0.003724447
2007-08-10,1.5344435
2007-08-11,8.956e-05
2007-08-12,0.15992588
2007-08-13,0.024638247
2007-08-14,0.0
2007-08-15,0.0
2007-08-16,0.008333738
2007-08-17,0.35713252
2007-08-18,0.020574648
2007-08-19,8.90935
2007-08-20,2.7654185
2007-08-21,4.2614455
2007-08-22,0.37173682
2007-08-23,0.047061563
2007-08-24,0.01182449
2007-08-25,0.13164368
2007-08-26,5.4157577
2007-08-27,0.005948393
2007-08-28,0.00078850193
2007-08-29,0.0
2007-08-30,4.2350655e-07
2007-08-31,0.054651793
2007-09-01,0.013697585
2007-09-02,0.0
2007-09-03,0.00014771862
2007-09-04,0.20146763
2007-09-05,0.041668203
2007-09-06,0.0061197947
2007-09-07,0.0019075994
2007-09-08,7.5841513e-06
2007-09-09,0.0
2007-09-10,0.0
2007-09-11,0.0
2007-09-12,0.0
2007-09-13,1.64911e-05
2007-09-14,0.00042480003
2007-09-15,0.0015537945
2007-09-16,2.522918
2007-09-17,0.2654437
2007-09-18,1.0178609
2007-09-19,1.109103
2007-09-20,0.25355488
2007-09-21,0.07770306
2007-09-22,3.8656805
2007-09-23,0.02188129
2007-09-24,0.002686841
2007-09-25,0.8172915
2007-09-26,0.02243445
2007-09-27,0.015742535
2007-09-28,11.331982
2007-09-29,0.37681693
2007-09-30,42.09944
2007-10-01,24.863108
2007-10-02,42.817894
2007-10-03,17.152931
2007-10-04,14.96509
2007-10-05,0.23319143
2007-10-06,0.93480265
2007-10-07,29.90828
2007-10-08,3.16083
2007-10-09,0.022036448
2007-10-10,12.720792
2007-10-11,3.324049
2007-10-12,0.77151716
2007-10-13,0.06662732
2007-10-14,3.229096e-07
2007-10-15,0.062601894
2007-10-16,9.253172
2007-10-17,6.9768023
2007-10-18,21.051495
2007-10-19,26.804508
2007-10-20,18.176987
2007-10-21,9.868715
2007-10-22,17.707039
2007-10-23,0.05656662
2007-10-24,3.6190164
2007-10-25,1.6788529
2007-10-26,3.371466e-05
2007-10-27,5.002875e-06
2007-10-28,0.0013274522
2007-10-29,0.5188152
2007-10-30,0.005383194
2007-10-31,1.7670776e-05
2007-11-01,0.58698714
2007-11-02,4.110377e-05
2007-11-03,2.9155655
2007-11-04,4.4654207
2007-11-05,9.7540345e-05
2007-11-06,7.1469886e-10
2007-11-07,3.4870088
2007-11-08,5.1357026
2007-11-09,6.1288633
2007-11-10,22.23055
2007-11-11,4.8838086
2007-11-12,31.133015
2007-11-13,12.19643
2007-11-14,0.3041079
2007-11-15,23.465569
2007-11-16,33.407974
2007-11-17,6.707995
2007-11-18,6.9627714
2007-11-19,0.33068782
2007-11-20,0.13560694
2007-11-21,0.0
2007-11-22,0.0
2007-11-23,0.0
2007-11-24,0.2749247
2007-11-25,0.006352747
2007-11-26,0.49370146
2007-11-27,16.766968
2007-11-28,1.6747494
2007-11-29,2.6787927
2007-11-30,0.027303103
2007-12-01,0.3561387
2007-12-02,34.407784
2007-12-03,108.51107
2007-12-04,51.476208
2007-12-05,14.03985
2007-12-06,0.126902
2007-12-07,3.041319e-05
2007-12-08,0.00026296935
2007-12-09,1.6698585
2007-12-10,0.41927034
2007-12-11,6.655536e-05
2007-12-12,1.8248103
2007-12-13,4.559162
2007-12-14,9.178704
2007-12-15,21.803944
2007-12-16,10.6663475
2007-12-17,17.368202
2007-12-18,14.559504
2007-12-19,32.00122
2007-12-20,15.914743
2007-12-21,0.14521705
2007-12-22,22.08093
2007-12-23,26.033762
2007-12-24,18.387764
2007-12-25,1.556726
2007-12-26,16.53026
2007-12-27,5.184841
2007-12-28,19.958244
2007-12-29,8.65657
2007-12-30,31.828665
2007-12-31,4.143386
2008-01-01,0.19341725
2008-01-02,15.623159
2008-01-03,16.681547
2008-01-04,17.48564
2008-01-05,20.342846
2008-01-06,5.6047997
2008-01-07,2.4213457
2008-01-08,15.477409
2008-01-09,12.253532
2008-01-10,39.010586
2008-01-11,32.935486
2008-01-12,8.9876995
2008-01-13,4.380147
2008-01-14,12.629652
2008-01-15,4.870879
2008-01-16,0.034793913
2008-01-17,0.053112842
2008-01-18,0.0012941184
2008-01-19,6.642422
2008-01-20,1.5656693
2008-01-21,0.0
2008-01-22,0.0
2008-01-23,0.0
2008-01-24,0.0
2008-01-25,0.0
2008-01-26,8.600081
2008-01-27,13.530313
2008-01-28,2.1319942
2008-01-29,19.096928
2008-01-30,9.077006
2008-01-31,22.79877
2008-02-01,13.22298
2008-02-02,5.1999197
2008-02-03,0.11053495
2008-02-04,0.5774816
2008-02-05,27.674582
2008-02-06,19.26474
2008-02-07,51.66911
2008-02-08,37.76937
2008-02-09,13.830063
2008-02-10,16.291344
2008-02-11,7.120366
2008-02-12,8.252286
2008-02-13,6.903036
2008-02-14,0.14018406
2008-02-15,8.122597
2008-02-16,5.429515
2008-02-17,0.0018007571
2008-02-18,2.2789045e-07
2008-02-19,0.0
2008-02-20,0.15650289
2008-02-21,2.1929345e-05
2008-02-22,2.1796913
2008-02-23,1.1030728
2008-02-24,0.2615806
2008-02-25,1.015199
2008-02-26,0.6076008
2008-02-27,0.43764797
2008-02-28,0.37508303
2008-02-29,1.169409
2008-03-01,22.451607
2008-03-02,3.7041056
2008-03-03,15.426218
2008-03-04,10.622582
2008-03-05,0.002257539
2008-03-06,4.4921376e-06
2008-03-07,0.12576503
2008-03-08,4.1507044
2008-03-09,0.043273225
2008-03-10,14.839405
2008-03-11,19.648884
2008-03-12,1.1636139
2008-03-13,1.8174913
2008-03-14,6.705044
2008-03-15,10.144125
2008-03-16,1.1881914
2008-03-17,13.503418
2008-03-18,5.547619
2008-03-19,0.91266775
2008-03-20,10.58303
2008-03-21,9.988157
2008-03-22,0.2330676
2008-03-23,20.985437
2008-03-24,8.747601
2008-03-25,1.2318101
2008-03-26,11.516134
2008-03-27,9.76024
2008-03-28,10.037657
2008-03-29,11.331987
2008-03-30,7.5144434
2008-03-31,3.7819808
2008-04-01,1.1042335
2008-04-02,0.00011084697
2008-04-03,3.405271e-08
2008-04-04,6.269276
2008-04-05,2.4754617
2008-04-06,7.6642504
2008-04-07,6.4586353
2008-04-08,6.2949266
2008-04-09,2.7393453
2008-04-10,4.8987737
2008-04-11,0.15645081
2008-04-12,3.6919113e-07
2008-04-13,0.0003553562
2008-04-14,1.5140657
2008-04-15,6.233628
2008-04-16,2.5949197
2008-04-17,0.23806354
2008-04-18,5.9411736
2008-04-19,5.241473
2008-04-20,7.7382793
2008-04-21,6.838062
2008-04-22,0.92016304
2008-04-23,10.171578
2008-04-24,6.7618666
2008-04-25,2.9347754
2008-04-26,0.0001755757
2008-04-27,0.015590577
2008-04-28,3.0308337
2008-04-29,16.837118
2008-04-30,7.0771065
2008-05-01,0.26127392
2008-05-02,0.0009376112
2008-05-03,1.9723924
2008-05-04,0.044472426
2008-05-05,0.00028147514
2008-05-06,0.035795595
2008-05-07,0.14887938
2008-05-08,0.5714382
2008-05-09,0.21603917
2008-05-10,0.11547101
2008-05-11,15.940451
2008-05-12,0.7453471
2008-05-13,6.0164156
2008-05-14,6.6186295
2008-05-15,0.12513414
2008-05-16,2.4548373e-07
2008-05-17,0.0
2008-05-18,9.233924e-06
2008-05-19,0.00079847005
2008-05-20,13.673106
2008-05-21,13.086184
2008-05-22,1.1767417
2008-05-23,0.40795994
2008-05-24,0.25260094
2008-05-25,0.5560231
2008-05-26,4.332367
2008-05-27,1.3237299
2008-05-28,0.32284433
2008-05-29,0.5176173
2008-05-30,0.017536756
2008-05-31,0.00016167681
2008-06-01,1.7182363
2008-06-02,4.125715
2008-06-03,7.729852
2008-06-04,8.088675
2008-06-05,6.101946
2008-06-06,18.284945
2008-06-07,3.095615
2008-06-08,0.19778806
2008-06-09,6.3330336
2008-06-10,13.04451
2008-06-11,2.587297
2008-06-12,0.11823193
2008-06-13,0.6068498
2008-06-14,0.00441626
2008-06-15,0.0006240818
2008-06-16,2.1004655e-05
2008-06-17,0.12691072
2008-06-18,0.2657446
2008-06-19,0.093088076
2008-06-20,0.0021424617
2008-06-21,0.13582231
2008-06-22,1.2266024
2008-06-23,0.0030478393
2008-06-24,0.030159716
2008-06-25,0.00018943421
2008-06-26,0.0039032002
2008-06-27,0.0019269562
2008-06-28,0.0
2008-06-29,0.0
2008-06-30,0.0
2008-07-01,4.4120083
2008-07-02,0.00025386357
2008-07-03,3.0085788
2008-07-04,0.22761448
2008-07-05,1.4784887
2008-07-06,1.1432054
2008-07-07,0.00080697646
2008-07-08,0.0
2008-07-09,1.0067978e-09
2008-07-10,0.014514904
2008-07-11,3.3209324e-09
2008-07-12,0.0
2008-07-13,0.0
2008-07-14,0.0
2008-07-15,0.0
2008-07-16,0.00024379027
2008-07-17,0.0001459853
2008-07-18,0.0035386449
2008-07-19,0.0015598818
2008-07-20,3.3001794e-05
2008-07-21,1.1942584e-06
2008-07-22,0.0033317723
2008-07-23,0.012685122
2008-07-24,0.0062238337
2008-07-25,6.0880643e-06
2008-07-26,0.03990885
2008-07-27,1.3516555
2008-07-28,0.07802499
2008-07-29,2.4127278
2008-07-30,7.149624
2008-07-31,0.039533436
2008-08-01,9.683315
2008-08-02,1.1087868
2008-08-03,0.027471999
2008-08-04,0.00088051136
2008-08-05,0.0
2008-08-06,0.0
2008-08-07,3.7456343e-07
2008-08-08,0.7422941
2008-08-09,2.1444914
2008-08-10,7.5007
2008-08-11,0.01811944
2008-08-12,8.889634e-06
2008-08-13,2.8032595e-05
2008-08-14,3.004139e-05
2008-08-15,0.0
2008-08-16,0.0
2008-08-17,5.4280186e-05
2008-08-18,0.18847644
2008-08-19,2.0301347
2008-08-20,22.268162
2008-08-21,23.42134
2008-08-22,0.052784674
2008-08-23,6.916661e-05
2008-08-24,3.7002735
2008-08-25,3.6563525
2008-08-26,1.1177137
2008-08-27,15.953474
2008-08-28,5.568215
2008-08-29,4.295761
2008-08-30,2.187445
2008-08-31,1.1112117
2008-09-01,1.0033257
2008-09-02,0.0025842092
2008-09-03,0.0021492112
2008-09-04,0.0022166192
2008-09-05,0.018839765
2008-09-06,0.08885649
2008-09-07,0.000101089914
2008-09-08,0.0
2008-09-09,0.00020996938
2008-09-10,2.0191894e-05
2008-09-11,0.0
2008-09-12,5.252094e-07
2008-09-13,7.7623537e-07
2008-09-14,0.0
2008-09-15,4.5110014e-08
2008-09-16,8.7388505e-09
2008-09-17,0.0
2008-09-18,1.7955812e-05
2008-09-19,0.00016523656
2008-09-20,0.6082125
2008-09-21,4.0730124
2008-09-22,2.3802648
2008-09-23,0.0006790883
2008-09-24,1.7167066
2008-09-25,14.668174
2008-09-26,3.2671766
2008-09-27,0.01094757
2008-09-28,2.054004e-06
2008-09-29,0.0
2008-09-30,4.4744112e-08
2008-10-01,0.0
2008-10-02,1.0756161
2008-10-03,4.985587
2008-10-04,21.510227
2008-10-05,16.362698
2008-10-06,0.7674574
2008-10-07,25.053818
2008-10-08,3.7653556
2008-10-09,0.6406214
2008-10-10,1.5037863
2008-10-11,5.5440665e-07
2008-10-12,0.039119296
2008-10-13,5.804389
2008-10-14,8.210468
2008-10-15,4.8583747e-06
2008-10-16,3.5625181
2008-10-17,1.5295787
2008-10-18,1.4442959
2008-10-19,1.9071203e-05
2008-10-20,8.610298
2008-10-21,3.716765
2008-10-22,5.1052975e-06
2008-10-23,0.13828716
2008-10-24,0.022849515
2008-10-25,0.21592508
2008-10-26,1.6491779e-06
2008-10-27,0.0
2008-10-28,6.5953276e-07
2008-10-29,0.00018442213
2008-10-30,0.00015295068
2008-10-31,10.465189
2008-11-01,2.135566
2008-11-02,15.328844
2008-11-03,7.5301914
2008-11-04,15.601654
2008-11-05,0.66656655
2008-11-06,36.83141
2008-11-07,47.38668
2008-11-08,23.652609
2008-11-09,2.629364
2008-11-10,6.953697
2008-11-11,21.141335
2008-11-12,61.507607
2008-11-13,13.223217
2008-11-14,0.0033622165
2008-11-15,0.019396937
2008-11-16,5.4422712e-06
2008-11-17,2.148025e-05
2008-11-18,0.20343468
2008-11-19,0.00022266468
2008-11-20,6.6832476
2008-11-21,8.494557
2008-11-22,10.944323
2008-11-23,0.38865852
2008-11-24,0.0
2008-11-25,3.8344622
2008-11-26,0.34912735
2008-11-27,0.17425844
2008-11-28,9.536838
2008-11-29,10.387062
2008-11-30,1.3614489
2008-12-01,0.05023993
2008-12-02,10.784668
2008-12-03,0.21901059
2008-12-04,8.0508624e-05
2008-12-05,0.00014070708
2008-12-06,0.12430676
2008-12-07,23.248915
2008-12-08,1.1762152
2008-12-09,7.956432
2008-12-10,9.036854
2008-12-11,0.004502111
2008-12-12,12.983849
2008-12-13,5.093669
2008-12-14,0.56535393
2008-12-15,0.00088399043
2008-12-16,0.0
2008-12-17,13.522397
2008-12-18,10.048792
2008-12-19,0.2832906
2008-12-20,0.0003995836
2008-12-21,15.738081
2008-12-22,4.843406
2008-12-23,0.012172638
2008-12-24,10.92081
2008-12-25,11.135558
2008-12-26,2.8697655
2008-12-27,42.06103
2008-12-28,18.917088
2008-12-29,15.508384
2008-12-30,7.4527206
2008-12-31,17.844147
2009-01-01,26.033844
2009-01-02,0.7399022
2009-01-03,1.8596675
2009-01-04,4.8074145
2009-01-05,39.96663
2009-01-06,31.185818
2009-01-07,104.02722
2009-01-08,47.885647
2009-01-09,0.44675833
2009-01-10,8.473261
2009-01-11,8.591035
2009-01-12,0.20215511
2009-01-13,0.109848335
2009-01-14,0.008334181
2009-01-15,1.8734598e-05
2009-01-16,1.8786284e-05
2009-01-17,3.0113006e-06
2009-01-18,0.0
2009-01-19,0.0
2009-01-20,2.938611e-06
2009-01-21,2.8090026e-06
2009-01-22,0.0
2009-01-23,7.4906716e-06
2009-01-24,9.464392e-05
2009-01-25,1.1158218
2009-01-26,1.5484578e-10
2009-01-27,13.536999
2009-01-28,6.360744
2009-01-29,1.08538
2009-01-30,0.020093257
2009-01-31,6.5671167
2009-02-01,3.9790492
2009-02-02,8.43164
2009-02-03,0.0
2009-02-04,0.0
2009-02-05,3.6157333e-05
2009-02-06,6.698759
2009-02-07,0.0009448889
2009-02-08,1.6216853e-05
2009-02-09,3.607315
2009-02-10,1.7369356
2009-02-11,1.3665417
2009-02-12,0.0027960867
2009-02-13,0.052369423
2009-02-14,0.30706522
2009-02-15,0.109068826
2009-02-16,0.5670513
2009-02-17,0.00089849625
2009-02-18,0.74594504
2009-02-19,0.020562021
2009-02-20,1.8406653e-06
2009-02-21,0.0
2009-02-22,1.3289679
2009-02-23,8.3538475
2009-02-24,21.67032
2009-02-25,25.801628
2009-02-26,4.167683
2009-02-27,0.0003186065
2009-02-28,0.0020031221
2009-03-01,12.343389
2009-03-02,15.204685
2009-03-03,7.6004834
2009-03-04,2.9759698
2009-03-05,13.724979
2009-03-06,0.00012779312
2009-03-07,6.7782536
2009-03-08,7.436154
2009-03-09,1.4211276
2009-03-10,0.16659607
2009-03-11,0.0
2009-03-12,0.0
2009-03-13,3.041028e-14
2009-03-14,16.949076
2009-03-15,17.304691
2009-03-16,16.710888
2009-03-17,12.130217
2009-03-18,3.5151002
2009-03-19,9.002323
2009-03-20,11.945458
2009-03-21,2.4727657
2009-03-22,3.0251553
2009-03-23,3.5162292
2009-03-24,17.246473
2009-03-25,12.7219305
2009-03-26,0.0003406879
2009-03-27,1.2445523
2009-03-28,4.8682823
2009-03-29,4.5498524
2009-03-30,0.55585206
2009-03-31,25.662357
2009-04-01,8.971013
2009-04-02,23.041176
2009-04-03,7.2962084
2009-04-04,0.21113652
2009-04-05,3.437426e-07
2009-04-06,0.0
2009-04-07,0.0
2009-04-08,0.0013237342
2009-04-09,0.5108463
2009-04-10,0.5660614
2009-04-11,2.7135425
2009-04-12,28.452532
2009-04-13,22.733297
2009-04-14,4.3121376
2009-04-15,1.1937321
2009-04-16,1.3289186e-06
2009-04-17,16.263027
2009-04-18,0.45688823
2009-04-19,0.19675428
2009-04-20,0.003641867
2009-04-21,1.3446977e-05
2009-04-22,0.92774415
2009-04-23,1.7303867
2009-04-24,9.195128e-06
2009-04-25,0.2285036
2009-04-26,0.31681198
2009-04-27,0.8267651
2009-04-28,0.055354025
2009-04-29,0.19982211
2009-04-30,0.16961797
2009-05-01,0.014402764
2009-05-02,1.7023281
2009-05-03,11.146057
2009-05-04,0.35568836
2009-05-05,36.29592
2009-05-06,18.606709
2009-05-07,31.193802
2009-05-08,0.5040776
2009-05-09,0.40159243
2009-05-10,0.41120496
2009-05-11,9.460409
2009-05-12,14.331093
2009-05-13,3.158775
2009-05-14,21.779896
2009-05-15,0.10369114
2009-05-16,0.0
2009-05-17,0.0
2009-05-18,0.00021450644
2009-05-19,9.857288
2009-05-20,7.2880297
2009-05-21,0.055622064
2009-05-22,5.3381536e-06
2009-05-23,4.1555068e-05
2009-05-24,4.9949573e-08
2009-05-25,3.634936e-07
2009-05-26,1.9770453
2009-05-27,0.5779206
2009-05-28,0.0
2009-05-29,0.0
2009-05-30,0.0
2009-05-31,0.0
2009-06-01,2.8046052e-05
2009-06-02,6.815515e-06
2009-06-03,0.0
2009-06-04,0.00010730904
2009-06-05,0.002449009
2009-06-06,0.20471941
2009-06-07,0.25668824
2009-06-08,0.26301038
2009-06-09,0.8606398
2009-06-10,2.6811275
2009-06-11,3.749692
2009-06-12,0.15918311
2009-06-13,2.987598
2009-06-14,0.59644693
2009-06-15,0.51123655
2009-06-16,0.0026545872
2009-06-17,0.64424866
2009-06-18,0.36815107
2009-06-19,0.14822976
2009-06-20,0.45195585
2009-06-21,1.2299044
2009-06-22,6.384844
2009-06-23,0.057379276
2009-06-24,2.181212
2009-06-25,4.668523
2009-06-26,0.16358879
2009-06-27,0.0
2009-06-28,0.11620674
2009-06-29,0.0
2009-06-30,0.0
2009-07-01,0.0
2009-07-02,0.0
2009-07-03,0.0
2009-07-04,0.0
2009-07-05,0.0
2009-07-06,0.82801044
2009-07-07,2.097526
2009-07-08,0.35386553
2009-07-09,1.0389599
2009-07-10,1.3084359
2009-07-11,0.0026782872
2009-07-12,0.4704228
2009-07-13,1.3576839
2009-07-14,0.04216104
2009-07-15,0.0006987468
2009-07-16,0.0
2009-07-17,0.0
2009-07-18,0.00010080727
2009-07-19,0.0003914921
2009-07-20,0.0
2009-07-21,0.0
2009-07-22,4.253735e-06
2009-07-23,0.009160324
2009-07-24,0.9603988
2009-07-25,3.8032124
2009-07-26,4.1186247
2009-07-27,0.023882493
2009-07-28,0.00010600291
2009-07-29,0.30482936
2009-07-30,2.6965888
2009-07-31,0.3711789
2009-08-01,0.02635935
2009-08-02,0.000101211845
2009-08-03,0.0004333423
2009-08-04,8.188092e-05
2009-08-05,0.00011715273
2009-08-06,5.2485462e-05
2009-08-07,0.0059421645
2009-08-08,0.03728704
2009-08-09,0.4085491
2009-08-10,9.7510605
2009-08-11,17.662848
2009-08-12,1.2143482
2009-08-13,1.366412
2009-08-14,6.9474273
2009-08-15,0.14622857
2009-08-16,0.0121536795
2009-08-17,2.074265e-05
2009-08-18,0.0
2009-08-19,9.406687e-07
2009-08-20,0.0
2009-08-21,0.078065865
2009-08-22,0.15483168
2009-08-23,0.0020674812
2009-08-24,5.4220352e-05
2009-08-25,0.4942964
2009-08-26,0.0003509211
2009-08-27,0.0
2009-08-28,0.0
2009-08-29,0.07665152
2009-08-30,0.002958979
2009-08-31,0.04580409
2009-09-01,0.47644886
2009-09-02,0.9489683
2009-09-03,18.810944
2009-09-04,0.0059629325
2009-09-05,4.7421055
2009-09-06,20.346455
2009-09-07,24.859493
2009-09-08,1.5320752
2009-09-09,3.2850497
2009-09-10,0.65985477
2009-09-11,0.0
2009-09-12,0.0
2009-09-13,1.7648524e-08
2009-09-14,0.09598565
2009-09-15,0.0013124219
2009-09-16,0.024966683
2009-09-17,0.8166367
2009-09-18,0.0
2009-09-19,7.0323677
2009-09-20,0.6529491
2009-09-21,2.6129821e-06
2009-09-22,0.0
2009-09-23,0.0
2009-09-24,2.7099388e-05
2009-09-25,1.2748846e-08
2009-09-26,0.0012982283
2009-09-27,0.0
2009-09-28,3.0211037e-05
2009-09-29,10.293102
2009-09-30,3.7405853
2009-10-01,4.957245
2009-10-02,7.633421
2009-10-03,0.54940325
2009-10-04,0.18405536
2009-10-05,0.0
2009-10-06,0.0
2009-10-07,0.00027584643
2009-10-08,0.0
2009-10-09,0.0
2009-10-10,0.0
2009-10-11,0.0
2009-10-12,0.26866946
2009-10-13,2.0587687
2009-10-14,27.622242
2009-10-15,3.5147536
2009-10-16,5.9853287
2009-10-17,56.879417
2009-10-18,8.943731
2009-10-19,0.0023228405
2009-10-20,0.0015355281
2009-10-21,8.609182
2009-10-22,0.47513282
2009-10-23,38.751
2009-10-24,0.83449066
2009-10-25,1.112675
2009-10-26,53.367416
2009-10-27,5.9530764
2009-10-28,0.029813563
2009-10-29,15.485826
2009-10-30,8.471273
2009-10-31,31.486738
2009-11-01,1.6042093
2009-11-02,0.4181828
2009-11-03,1.8289461
2009-11-04,2.5617702e-10
2009-11-05,11.426186
2009-11-06,46.07753
2009-11-07,33.5258
2009-11-08,11.736815
2009-11-09,10.757561
2009-11-10,14.129132
2009-11-11,18.271194
2009-11-12,1.0503465
2009-11-13,12.273146
2009-11-14,2.370389
2009-11-15,25.633999
2009-11-16,48.450882
2009-11-17,47.91885
2009-11-18,9.635728
2009-11-19,59.726357
2009-11-20,35.203697
2009-11-21,12.48646
2009-11-22,34.80099
2009-11-23,10.791037
2009-11-24,10.699593
2009-11-25,1.062492
2009-11-26,27.806236
2009-11-27,0.031127922
2009-11-28,6.0121474
2009-11-29,5.670639
2009-11-30,5.4441247
2009-12-01,0.05717026
2009-12-02,0.0
2009-12-03,0.0
2009-12-04,0.016226592
2009-12-05,0.050207406
2009-12-06,0.34391814
2009-12-07,4.3955256e-10
2009-12-08,3.4717816e-06
2009-12-09,5.487275e-05
2009-12-10,0.0
2009-12-11,0.0011015969
2009-12-12,0.0041568927
2009-12-13,1.2710358
2009-12-14,2.8249102
2009-12-15,18.183132
2009-12-16,31.179508
2009-12-17,12.236045
2009-12-18,0.8086276
2009-12-19,3.8484688
2009-12-20,15.222981
2009-12-21,35.066143
2009-12-22,2.375927
2009-12-23,0.001374372
2009-12-24,9.558824e-06
2009-12-25,0.0
2009-12-26,0.0
2009-12-27,0.0
2009-12-28,1.4792457
2009-12-29,0.4306251
2009-12-30,4.3631697
2009-12-31,13.2915
2010-01-01,39.81086
2010-01-02,39.438526
2010-01-03,3.0793896
2010-01-04,12.865217
2010-01-05,12.304078
2010-01-06,0.09855436
2010-01-07,0.0
2010-01-08,2.446084
2010-01-09,20.102642
2010-01-10,0.0015638308
2010-01-11,19.32632
2010-01-12,16.047283
2010-01-13,11.505217
2010-01-14,12.848781
2010-01-15,40.095524
2010-01-16,0.1364941
2010-01-17,7.223034
2010-01-18,12.581309
2010-01-19,1.8197207
2010-01-20,2.203178
2010-01-21,0.5348736
2010-01-22,0.0051081013
2010-01-23,0.53443813
2010-01-24,1.334975
2010-01-25,17.787365
2010-01-26,0.82919866
2010-01-27,0.010184024
2010-01-28,0.101331145
2010-01-29,0.35419357
2010-01-30,4.8321505
2010-01-31,4.034156
2010-02-01,0.4855742
2010-02-02,6.068321
2010-02-03,0.07332671
2010-02-04,0.12995178
2010-02-05,7.266572
2010-02-06,5.3904856e-05
2010-02-07,0.2959688
2010-02-08,0.47462267
2010-02-09,0.00021573875
2010-02-10,2.5280607
2010-02-11,11.464944
2010-02-12,23.33841
2010-02-13,11.535967
2010-02-14,14.25014
2010-02-15,0.4550363
2010-02-16,13.932824
2010-02-17,0.02242147
2010-02-18,3.7167585e-08
2010-02-19,5.1173586e-11
2010-02-20,0.0
2010-02-21,0.0
2010-02-22,0.0
2010-02-23,0.0025941464
2010-02-24,9.9381275
2010-02-25,11.807286
2010-02-26,15.630438
2010-02-27,13.76668
2010-02-28,1.6900654
2010-03-01,2.5273623e-06
2010-03-02,0.7061013
2010-03-03,9.662256
2010-03-04,0.82564133
2010-03-05,0.08733188
2010-03-06,1.2108907e-06
2010-03-07,0.16387793
2010-03-08,4.3440876
2010-03-09,1.148974
2010-03-10,1.6874828
2010-03-11,23.119724
2010-03-12,23.406883
2010-03-13,4.3601103
2010-03-14,1.5539337
2010-03-15,1.7859161
2010-03-16,2.6948833
2010-03-17,7.612113
2010-03-18,0.043726146
2010-03-19,0.0
2010-03-20,0.0
2010-03-21,8.741388
2010-03-22,11.494986
2010-03-23,0.3268077
2010-03-24,5.20304e-08
2010-03-25,9.708109
2010-03-26,17.786343
2010-03-27,0.070206344
2010-03-28,12.471987
2010-03-29,42.645096
2010-03-30,16.61363
2010-03-31,7.986615
2010-04-01,3.0574417
2010-04-02,12.353334
2010-04-03,20.14117
2010-04-04,2.449174
2010-04-05,9.113285
2010-04-06,8.217625
2010-04-07,5.0119114
2010-04-08,20.013592
2010-04-09,9.542791
2010-04-10,0.047301933
2010-04-11,0.08591111
2010-04-12,0.3060593
2010-04-13,4.511647
2010-04-14,1.1065156
2010-04-15,0.34629112
2010-04-16,0.019307764
2010-04-17,2.128421
2010-04-18,1.9998857
2010-04-19,4.3405092e-07
2010-04-20,1.247801
2010-04-21,19.806908
2010-04-22,0.01667263
2010-04-23,7.1156894e-05
2010-04-24,17.699896
2010-04-25,6.623782
2010-04-26,0.026640402
2010-04-27,15.178843
2010-04-28,10.871192
2010-04-29,8.763494
2010-04-30,4.3000984
2010-05-01,5.5827546
2010-05-02,3.6567974
2010-05-03,37.15008
2010-05-04,10.937992
2010-05-05,6.3962226
2010-05-06,4.1261787
2010-05-07,1.2946819
2010-05-08,4.333393
2010-05-09,1.6696045
2010-05-10,0.3306109
2010-05-11,0.007985143
2010-05-12,0.00010686705
2010-05-13,0.00013888709
2010-05-14,2.4788274e-05
2010-05-15,2.1798569e-07
2010-05-16,0.37226945
2010-05-17,4.502286
2010-05-18,4.5249767
2010-05-19,3.306415
2010-05-20,25.48378
2010-05-21,4.970422
2010-05-22,5.8194065
2010-05-23,1.686962
2010-05-24,1.1029887
2010-05-25,1.6566995
2010-05-26,8.096937
2010-05-27,2.2017543
2010-05-28,34.469784
2010-05-29,10.81423
2010-05-30,1.216135
2010-05-31,9.705404
2010-06-01,2.7058673
2010-06-02,29.941732
2010-06-03,4.374744
2010-06-04,8.254994
2010-06-05,0.94450265
2010-06-06,2.5838614
2010-06-07,13.090086
2010-06-08,0.015472734
2010-06-09,11.904606
2010-06-10,7.362728
2010-06-11,2.2473173
2010-06-12,0.008903811
2010-06-13,0.04989664
2010-06-14,0.000382011
2010-06-15,6.712974
2010-06-16,7.155016
2010-06-17,6.6892395
2010-06-18,0.57637376
2010-06-19,2.0123022
2010-06-20,4.407464
2010-06-21,3.6451006
2010-06-22,0.05302764
2010-06-23,5.0056383e-06
2010-06-24,0.0001270409
2010-06-25,0.028423615
2010-06-26,0.003117326
2010-06-27,0.0012979774
2010-06-28,0.01697388
2010-06-29,0.0438547
2010-06-30,0.016058289
2010-07-01,1.533386
2010-07-02,1.7206911
2010-07-03,0.15768066
2010-07-04,1.2344605
2010-07-05,0.51347256
2010-07-06,8.164202e-06
2010-07-07,0.0
2010-07-08,0.0
2010-07-09,0.0
2010-07-10,1.5876392e-06
2010-07-11,0.002289785
2010-07-12,0.5800858
2010-07-13,0.16193014
2010-07-14,0.0
2010-07-15,9.659745e-06
2010-07-16,1.082982e-05
2010-07-17,1.8735807e-05
2010-07-18,9.5913765e-06
2010-07-19,5.9415343e-06
2010-07-20,0.10685442
2010-07-21,0.23801094
2010-07-22,0.47718626
2010-07-23,0.0046029426
2010-07-24,8.244465e-09
2010-07-25,0.0
2010-07-26,0.0
2010-07-27,0.0
2010-07-28,2.1004871e-05
2010-07-29,4.8352435e-06
2010-07-30,1.8253062e-06
2010-07-31,0.43170628
2010-08-01,4.4123454
2010-08-02,0.020857645
2010-08-03,1.2322851
2010-08-04,2.8131824
2010-08-05,0.10900226
2010-08-06,0.0010445789
2010-08-07,1.3837248
2010-08-08,1.8041773
2010-08-09,1.9142449
2010-08-10,2.7952485
2010-08-11,0.2552977
2010-08-12,0.0008669323
2010-08-13,0.0005989265
2010-08-14,0.0
2010-08-15,0.0
2010-08-16,0.0
2010-08-17,0.0
2010-08-18,0.0
2010-08-19,0.15592039
2010-08-20,0.0013558059
2010-08-21,0.00022632952
2010-08-22,0.80094516
2010-08-23,0.15466642
2010-08-24,7.861335e-07
2010-08-25,8.922649e-08
2010-08-26,0.14849377
2010-08-27,3.4077084
2010-08-28,0.07328065
2010-08-29,0.27314642
2010-08-30,2.0101967
2010-08-31,9.849676
2010-09-01,8.632785
2010-09-02,0.0015262322
2010-09-03,0.0
2010-09-04,0.028164033
2010-09-05,0.72470355
2010-09-06,3.6623645
2010-09-07,15.697233
2010-09-08,6.864208
2010-09-09,4.2898006
2010-09-10,0.864624
2010-09-11,0.14124607
2010-09-12,11.599993
2010-09-13,0.71273154
2010-09-14,0.0004766559
2010-09-15,0.06598671
2010-09-16,8.588443
2010-09-17,4.044616
2010-09-18,20.03101
2010-09-19,23.896923
2010-09-20,23.938293
2010-09-21,3.337628
2010-09-22,0.00045175065
2010-09-23,5.6432276
2010-09-24,6.3407335
2010-09-25,0.0
2010-09-26,10.850385
2010-09-27,0.6277845
2010-09-28,5.8180904
2010-09-29,0.00034667863
2010-09-30,3.0019994e-05
2010-10-01,0.0
2010-10-02,0.0054276953
2010-10-03,0.01829932
2010-10-04,0.091030866
2010-10-05,0.012451362
2010-10-06,3.8368984e-05
2010-10-07,2.6405402e-05
2010-10-08,0.36031058
2010-10-09,12.109657
2010-10-10,43.384155
2010-10-11,0.035790455
2010-10-12,0.16847193
2010-10-13,1.1710101e-05
2010-10-14,0.28418326
2010-10-15,1.0820811
2010-10-16,1.1012485e-05
2010-10-17,0.0
2010-10-18,0.0024060884
2010-10-19,0.0
2010-10-20,1.9469735e-07
2010-10-21,3.0606132e-06
2010-10-22,0.9395654
2010-10-23,2.7410479
2010-10-24,35.236206
2010-10-25,39.723537
2010-10-26,16.757553
2010-10-27,6.0687075
2010-10-28,6.3776846
2010-10-29,4.782683
2010-10-30,0.0012380191
2010-10-31,13.008219
2010-11-01,51.91311
2010-11-02,2.7735689
2010-11-03,0.0
2010-11-04,0.0
2010-11-05,0.23330714
2010-11-06,9.179018
2010-11-07,23.042728
2010-11-08,9.450996
2010-11-09,5.8310833
2010-11-10,1.8142331
2010-11-11,2.7259815
2010-11-12,8.970596
2010-11-13,3.8821583
2010-11-14,10.503441
2010-11-15,17.881649
2010-11-16,30.18323
2010-11-17,25.532211
2010-11-18,14.593609
2010-11-19,8.070027
2010-11-20,9.447184
2010-11-21,1.9494033
2010-11-22,0.6019073
2010-11-23,0.42735708
2010-11-24,6.424244e-05
2010-11-25,4.538198
2010-11-26,24.025124
2010-11-27,8.984747
2010-11-28,1.902511
2010-11-29,0.89739287
2010-11-30,40.493603
2010-12-01,6.0153036
2010-12-02,1.2220355
2010-12-03,4.735238
2010-12-04,0.0011303308
2010-12-05,0.087273546
2010-12-06,0.016984802
2010-12-07,2.9687142
2010-12-08,33.818153
2010-12-09,41.998466
2010-12-10,18.548557
2010-12-11,5.9133105
2010-12-12,98.47232
2010-12-13,10.74577
2010-12-14,21.18107
2010-12-15,10.136491
2010-12-16,2.858368
2010-12-17,0.02990554
2010-12-18,5.271798
2010-12-19,3.5977628
2010-12-20,3.0757365
2010-12-21,1.9435076
2010-12-22,3.6132865
2010-12-23,8.998865
2010-12-24,12.097818
2010-12-25,11.513896
2010-12-26,12.94175
2010-12-27,14.568353
2010-12-28,16.47396
2010-12-29,1.283515
2010-12-30,0.031942435
2010-12-31,7.4752313e-07
2011-01-01,0.0
2011-01-02,0.0
2011-01-03,0.0
2011-01-04,1.1138967
2011-01-05,18.409002
2011-01-06,29.648256
2011-01-07,27.597328
2011-01-08,8.190647
2011-01-09,0.87230647
2011-01-10,0.018114692
2011-01-11,0.0011775141
2011-01-12,39.43049
2011-01-13,29.95401
2011-01-14,30.559942
2011-01-15,5.749127
2011-01-16,53.100315
2011-01-17,49.011986
2011-01-18,2.57131
2011-01-19,0.11466822
2011-01-20,5.6969614
2011-01-21,19.335068
2011-01-22,1.3279033
2011-01-23,0.87796474
2011-01-24,7.1234803
2011-01-25,2.5939837
2011-01-26,0.0021693066
2011-01-27,8.722471e-05
2011-01-28,8.4911785
2011-01-29,18.87722
2011-01-30,4.240135
2011-01-31,1.5020513e-06
2011-02-01,0.0
2011-02-02,0.0
2011-02-03,7.9302726
2011-02-04,17.32882
2011-02-05,1.3631217
2011-02-06,9.985249
2011-02-07,29.124804
2011-02-08,0.5839691
2011-02-09,1.2973895e-05
2011-02-10,0.0
2011-02-11,1.442085
2011-02-12,4.950689
2011-02-13,20.272974
2011-02-14,20.647308
2011-02-15,13.713495
2011-02-16,7.138918
2011-02-17,6.0729084
2011-02-18,0.810075
2011-02-19,0.020073853
2011-02-20,0.0
2011-02-21,2.1676426
2011-02-22,13.858917
2011-02-23,4.127244
2011-02-24,6.468526
2011-02-25,9.379654e-05
2011-02-26,0.9280561
2011-02-27,18.990898
2011-02-28,27.11946
2011-03-01,7.8258724
2011-03-02,20.696781
2011-03-03,9.728327
2011-03-04,6.344448
2011-03-05,14.178141
2011-03-06,0.5893246
2011-03-07,0.06258409
2011-03-08,11.62866
2011-03-09,24.992428
2011-03-10,29.21548
2011-03-11,12.565217
2011-03-12,16.773895
2011-03-13,19.367079
2011-03-14,27.493395
2011-03-15,27.643982
2011-03-16,23.431702
2011-03-17,5.9190817
2011-03-18,0.5896357
2011-03-19,10.951607
2011-03-20,0.050057642
2011-03-21,4.2448616
2011-03-22,3.900514
2011-03-23,0.0073801675
2011-03-24,0.40317905
2011-03-25,4.1186485
2011-03-26,2.3908577
2011-03-27,3.2911947
2011-03-28,4.439595
2011-03-29,12.406834
2011-03-30,46.491417
2011-03-31,39.860962
2011-04-01,10.875586
2011-04-02,19.421528
2011-04-03,2.8209977
2011-04-04,23.711908
2011-04-05,29.155329
2011-04-06,21.013756
2011-04-07,2.0897634
2011-04-08,0.18845338
2011-04-09,0.029527843
2011-04-10,10.563338
2011-04-11,23.514448
2011-04-12,1.3452348
2011-04-13,3.5178485
2011-04-14,10.156971
2011-04-15,9.8666115
2011-04-16,8.122954
2011-04-17,1.9068893
2011-04-18,0.5149975
2011-04-19,4.6989336
2011-04-20,0.19936167
2011-04-21,6.5176597
2011-04-22,0.22059698
2011-04-23,0.0
2011-04-24,0.9792173
2011-04-25,12.06483
2011-04-26,9.677471
2011-04-27,7.2304983
2011-04-28,21.10593
2011-04-29,1.1506208
2011-04-30,1.2826633
2011-05-01,0.07224159
2011-05-02,11.138613
2011-05-03,9.657564
2011-05-04,0.29396176
2011-05-05,1.5442314
2011-05-06,6.26991
2011-05-07,15.585407
2011-05-08,4.0617666
2011-05-09,0.350875
2011-05-10,0.043364312
2011-05-11,5.587108
2011-05-12,7.830416
2011-05-13,0.00019144779
2011-05-14,7.656189
2011-05-15,17.668753
2011-05-16,12.565499
2011-05-17,1.1589218
2011-05-18,3.081811e-06
2011-05-19,4.4931287e-05
2011-05-20,0.0027789352
2011-05-21,2.7586484
2011-05-22,2.1129065
2011-05-23,0.31106988
2011-05-24,0.08139277
2011-05-25,4.3998747
2011-05-26,25.586014
2011-05-27,5.561161
2011-05-28,2.0232377
2011-05-29,1.3809013
2011-05-30,10.263848
2011-05-31,7.8357496
2011-06-01,6.330366
2011-06-02,9.478342
2011-06-03,3.4937043
2011-06-04,1.7032037e-06
2011-06-05,0.0
2011-06-06,0.0010845332
2011-06-07,2.0457263
2011-06-08,9.362801
2011-06-09,0.3255957
2011-06-10,0.15914533
2011-06-11,0.12014382
2011-06-12,0.13099217
2011-06-13,5.910949
2011-06-14,1.31953
2011-06-15,6.661746
2011-06-16,0.21223085
2011-06-17,0.00020210462
2011-06-18,9.223521
2011-06-19,1.60727
2011-06-20,0.44280273
2011-06-21,0.005913922
2011-06-22,1.1012561e-05
2011-06-23,0.83306485
2011-06-24,2.5498137
2011-06-25,1.4896513
2011-06-26,0.30939424
2011-06-27,0.109061114
2011-06-28,0.3240502
2011-06-29,4.6661587
2011-06-30,3.8560627
2011-07-01,0.27409932
2011-07-02,0.0
2011-07-03,0.7575801
2011-07-04,0.002607506
2011-07-05,0.0
2011-07-06,1.2734394e-05
2011-07-07,0.6454507
2011-07-08,1.3519638
2011-07-09,0.0005930712
2011-07-10,6.600474e-07
2011-07-11,1.0316447e-06
2011-07-12,1.7549719
2011-07-13,3.2295465
2011-07-14,14.527095
2011-07-15,1.336738
2011-07-16,7.760106
2011-07-17,2.2787318
2011-07-18,1.5370281
2011-07-19,0.67960775
2011-07-20,1.3615603
2011-07-21,5.422222
2011-07-22,0.3029868
2011-07-23,0.0016958292
2011-07-24,0.0
2011-07-25,0.0083873635
2011-07-26,0.027383918
2011-07-27,0.026132278
2011-07-28,0.0009074932
2011-07-29,0.00088464434
2011-07-30,0.00010862909
2011-07-31,0.5300189
2011-08-01,0.0011669863
2011-08-02,6.399079e-07
2011-08-03,9.218132e-06
2011-08-04,1.538007e-07
2011-08-05,0.0035174908
2011-08-06,0.05127797
2011-08-07,0.0012607429
2011-08-08,3.3150482e-06
2011-08-09,7.0477117e-06
2011-08-10,0.0064418456
2011-08-11,0.0064373882
2011-08-12,0.00014136928
2011-08-13,2.0538684e-05
2011-08-14,0.018512823
2011-08-15,0.009631001
2011-08-16,3.1711413e-06
2011-08-17,0.0
2011-08-18,0.0019105668
2011-08-19,0.004228281
2011-08-20,1.3849929e-07
2011-08-21,0.0
2011-08-22,6.2541056
2011-08-23,7.110812
2011-08-24,1.9071855e-07
2011-08-25,0.0006609996
2011-08-26,6.6771076e-06
2011-08-27,2.2977554e-07
2011-08-28,4.553511e-06
2011-08-29,0.0015107237
2011-08-30,0.34452197
2011-08-31,0.16513053
2011-09-01,0.40317222
2011-09-02,0.097990856
2011-09-03,2.255658e-07
2011-09-04,0.0
2011-09-05,0.0
2011-09-06,1.8301596e-06
2011-09-07,1.2124077e-05
2011-09-08,0.0
2011-09-09,4.1624307e-06
2011-09-10,8.680989e-06
2011-09-11,0.0
2011-09-12,0.0
2011-09-13,0.0013453583
2011-09-14,0.0143693425
2011-09-15,0.96043956
2011-09-16,1.3553135
2011-09-17,1.7063206
2011-09-18,8.815481
2011-09-19,0.99257696
2011-09-20,6.848806e-08
2011-09-21,3.320236e-05
2011-09-22,1.412705
2011-09-23,0.0053263223
2011-09-24,1.2590699e-05
2011-09-25,7.015633
2011-09-26,35.71223
2011-09-27,23.2287
2011-09-28,1.1125555
2011-09-29,0.0
2011-09-30,0.002378811
2011-10-01,3.7903895
2011-10-02,0.22586977
2011-10-03,10.159089
2011-10-04,4.824173
2011-10-05,9.431185
2011-10-06,1.2775242
2011-10-07,3.121726
2011-10-08,0.031284004
2011-10-09,1.4257135
2011-10-10,8.479647
2011-10-11,41.336063
2011-10-12,17.513033
2011-10-13,1.3793248
2011-10-14,0.47373134
2011-10-15,0.008039048
2011-10-16,5.442189e-05
2011-10-17,1.7405862e-05
2011-10-18,5.374708e-06
2011-10-19,0.0010984726
2011-10-20,4.453677
2011-10-21,16.70401
2011-10-22,26.672888
2011-10-23,4.8798094
2011-10-24,1.2232002
2011-10-25,0.15363179
2011-10-26,1.3049068
2011-10-27,0.20241486
2011-10-28,13.935677
2011-10-29,2.9769654
2011-10-30,9.634188
2011-10-31,2.9241405
2011-11-01,0.014902451
2011-11-02,1.904107e-06
2011-11-03,13.069297
2011-11-04,0.49448058
2011-11-05,0.66597587
2011-11-06,2.316291e-08
2011-11-07,1.7885284
2011-11-08,5.8360205
2011-11-09,1.1739997
2011-11-10,0.0049291737
2011-11-11,35.620155
2011-11-12,7.7413225
2011-11-13,18.083416
2011-11-14,13.307764
2011-11-15,2.5756097
2011-11-16,9.34714
2011-11-17,36.50422
2011-11-18,6.76104
2011-11-19,0.6659994
2011-11-20,3.5278838e-06
2011-11-21,9.967149
2011-11-22,55.377884
2011-11-23,56.234802
2011-11-24,9.800121
2011-11-25,16.037746
2011-11-26,3.1580575
2011-11-27,36.62734
2011-11-28,2.33452
2011-11-29,0.21765043
2011-11-30,10.047852
2011-12-01,8.281611e-07
2011-12-02,0.08385059
2011-12-03,0.0004125752
2011-12-04,0.000648999
2011-12-05,9.3157126e-07
2011-12-06,3.5356595e-06
2011-12-07,0.009096426
2011-12-08,0.00013611291
2011-12-09,0.0
2011-12-10,0.0042840373
2011-12-11,0.027374558
2011-12-12,0.00010250136
2011-12-13,0.00057905
2011-12-14,0.09508293
2011-12-15,3.3074021
2011-12-16,0.2721445
2011-12-17,0.0006152021
2011-12-18,2.7961912
2011-12-19,0.0030700332
2011-12-20,0.43204445
2011-12-21,0.13978246
2011-12-22,9.1686054e-08
2011-12-23,0.75558424
2011-12-24,10.094186
2011-12-25,8.749634
2011-12-26,3.3409162
2011-12-27,24.62341
2011-12-28,58.906395
2011-12-29,26.460299
2011-12-30,35.962097
2011-12-31,3.4159918
2012-01-01,0.37252086
2012-01-02,1.4051293
2012-01-03,27.209614
2012-01-04,21.943293
2012-01-05,26.256813
2012-01-06,4.230611
2012-01-07,1.8351172
2012-01-08,2.933138
2012-01-09,0.28072408
2012-01-10,0.9659095
2012-01-11,0.0
2012-01-12,0.0
2012-01-13,0.0
2012-01-14,10.476626
2012-01-15,7.275043
2012-01-16,2.071907
2012-01-17,16.669285
2012-01-18,13.761319
2012-01-19,1.0075307
2012-01-20,8.094963
2012-01-21,49.3078
2012-01-22,16.493164
2012-01-23,7.8472843
2012-01-24,24.027372
2012-01-25,32.408363
2012-01-26,17.932207
2012-01-27,0.27500707
2012-01-28,0.6004078
2012-01-29,32.85421
2012-01-30,9.626897
2012-01-31,4.3294587
2012-02-01,14.597868
2012-02-02,0.0133385975
2012-02-03,2.1253568e-06
2012-02-04,0.0
2012-02-05,0.0
2012-02-06,0.0
2012-02-07,0.0
2012-02-08,5.0687923
2012-02-09,4.1373024
2012-02-10,6.262801
2012-02-11,2.4944215
2012-02-12,1.2917526
2012-02-13,0.96643364
2012-02-14,0.6917112
2012-02-15,0.0024827358
2012-02-16,7.083856
2012-02-17,0.8973186
2012-02-18,36.28551
2012-02-19,10.847952
2012-02-20,3.3236003
2012-02-21,33.488014
2012-02-22,42.87303
2012-02-23,6.7108927
2012-02-24,15.674816
2012-02-25,25.579727
2012-02-26,8.353052
2012-02-27,0.26820076
2012-02-28,0.011598509
2012-02-29,8.740902
2012-03-01,11.3258
2012-03-02,6.7269087
2012-03-03,19.2863
2012-03-04,3.3903866
2012-03-05,30.05339
2012-03-06,3.5607986
2012-03-07,3.9270535e-08
2012-03-08,0.0
2012-03-09,7.08371
2012-03-10,22.801598
2012-03-11,19.902937
2012-03-12,26.890118
2012-03-13,20.087223
2012-03-14,13.57217
2012-03-15,48.28129
2012-03-16,10.0331
2012-03-17,7.2702866
2012-03-18,2.5968282
2012-03-19,2.2478046
2012-03-20,26.969498
2012-03-21,10.282181
2012-03-22,4.216886
2012-03-23,0.21002023
2012-03-24,0.052901067
2012-03-25,0.0
2012-03-26,1.3458941
2012-03-27,6.421247
2012-03-28,11.267925
2012-03-29,36.32457
2012-03-30,26.982727
2012-03-31,13.420845
2012-04-01,17.866077
2012-04-02,2.5378635
2012-04-03,7.9672303
2012-04-04,2.3787448
2012-04-05,1.3033437
2012-04-06,3.0790024
2012-04-07,0.30816984
2012-04-08,9.8979235e-06
2012-04-09,0.0
2012-04-10,2.1617375e-06
2012-04-11,1.9171628
2012-04-12,3.0639179
2012-04-13,1.6130998
2012-04-14,0.6637616
2012-04-15,0.03805372
2012-04-16,12.12984
2012-04-17,3.8708234
2012-04-18,9.010107
2012-04-19,6.690276
2012-04-20,40.94123
2012-04-21,0.0019356792
2012-04-22,0.0
2012-04-23,2.0298425e-07
2012-04-24,7.842392
2012-04-25,12.314796
2012-04-26,14.781438
2012-04-27,8.392576
2012-04-28,0.7465422
2012-04-29,0.5426382
2012-04-30,24.41441
2012-05-01,21.937778
2012-05-02,5.2209787
2012-05-03,7.3639708
2012-05-04,10.226515
2012-05-05,3.509766
2012-05-06,0.0728529
2012-05-07,6.793988e-08
2012-05-08,0.0002906387
2012-05-09,0.05106797
2012-05-10,3.1004238
2012-05-11,0.0016799495
2012-05-12,0.0
2012-05-13,0.0
2012-05-14,0.0
2012-05-15,0.0
2012-05-16,0.0002439722
2012-05-17,5.6323615e-06
2012-05-18,0.0021072922
2012-05-19,3.5805413e-05
2012-05-20,4.511408
2012-05-21,23.601542
2012-05-22,16.0968
2012-05-23,17.675634
2012-05-24,5.654529
2012-05-25,0.14624476
2012-05-26,0.0
2012-05-27,0.019469608
2012-05-28,1.0891944
2012-05-29,1.9198451
2012-05-30,0.69266295
2012-05-31,7.1312857
2012-06-01,11.262005
2012-06-02,4.876696
2012-06-03,0.14289284
2012-06-04,2.9320502
2012-06-05,12.236269
2012-06-06,2.3117878
2012-06-07,9.350827
2012-06-08,6.0158033
2012-06-09,21.567982
2012-06-10,0.19584055
2012-06-11,0.00025662416
2012-06-12,3.9440567
2012-06-13,6.810244
2012-06-14,0.13409427
2012-06-15,0.00813413
2012-06-16,4.714325
2012-06-17,5.4988985
2012-06-18,9.22837
2012-06-19,0.9209272
2012-06-20,0.0036218967
2012-06-21,6.8884816e-05
2012-06-22,0.9777506
2012-06-23,6.5368843
2012-06-24,3.0918458
2012-06-25,0.15660386
2012-06-26,16.755308
2012-06-27,1.2435546
2012-06-28,0.00041774145
2012-06-29,1.9456146
2012-06-30,0.79476863
2012-07-01,4.301423
2012-07-02,0.0076958598
2012-07-03,16.691832
2012-07-04,0.16882211
2012-07-05,3.6744503e-09
2012-07-06,0.0
2012-07-07,1.3531121e-08
2012-07-08,4.3522614e-06
2012-07-09,0.00980765
2012-07-10,0.05274216
2012-07-11,4.5432607e-06
2012-07-12,2.3220555e-06
2012-07-13,0.58668554
2012-07-14,0.81080776
2012-07-15,1.1197386
2012-07-16,1.9517627
2012-07-17,0.030899053
2012-07-18,0.00014864518
2012-07-19,2.1501248e-06
2012-07-20,12.529135
2012-07-21,3.2511997
2012-07-22,0.052248843
2012-07-23,3.9900336
2012-07-24,0.026919924
2012-07-25,0.015745288
2012-07-26,0.023225382
2012-07-27,0.0056618806
2012-07-28,0.078043394
2012-07-29,0.00089096144
2012-07-30,0.0011917269
2012-07-31,0.0019471451
2012-08-01,1.0774311e-06
2012-08-02,0.0029649276
2012-08-03,0.00033574927
2012-08-04,0.0
2012-08-05,0.0
2012-08-06,1.5088638e-06
2012-08-07,4.717306e-06
2012-08-08,0.1457457
2012-08-09,0.0032083853
2012-08-10,4.302548e-05
2012-08-11,7.329516e-11
2012-08-12,0.0
2012-08-13,0.0
2012-08-14,0.00015129526
2012-08-15,0.00090991514
2012-08-16,0.0
2012-08-17,0.0
2012-08-18,2.5438032e-06
2012-08-19,0.0003041781
2012-08-20,0.0033658268
2012-08-21,2.5643194e-06
2012-08-22,0.073111095
2012-08-23,0.14570616
2012-08-24,0.078385375
2012-08-25,1.4507864e-06
2012-08-26,0.0
2012-08-27,0.0046015456
2012-08-28,0.1154483
2012-08-29,2.1732883
2012-08-30,0.029763266
2012-08-31,9.816686e-06
2012-09-01,1.104048e-06
2012-09-02,4.9306185e-05
2012-09-03,0.00035610067
2012-09-04,9.117318e-06
2012-09-05,7.8391065e-07
2012-09-06,1.5425367e-05
2012-09-07,0.0
2012-09-08,2.5169783e-07
2012-09-09,0.085978754
2012-09-10,7.2952724
2012-09-11,0.49181956
2012-09-12,0.0
2012-09-13,0.0
2012-09-14,0.0
2012-09-15,0.0
2012-09-16,0.0
2012-09-17,0.0
2012-09-18,0.0
2012-09-19,0.0
2012-09-20,5.337266e-07
2012-09-21,0.0010681679
2012-09-22,0.10393138
2012-09-23,0.0024381864
2012-09-24,0.00020203894
2012-09-25,0.022095626
2012-09-26,0.00022090207
2012-09-27,2.5995855e-06
2012-09-28,0.12083382
2012-09-29,0.2436005
2012-09-30,8.037499e-07
2012-10-01,0.004959296
2012-10-02,0.3146161
2012-10-03,0.0
2012-10-04,0.0
2012-10-05,0.0
2012-10-06,0.0
2012-10-07,0.0
2012-10-08,0.0
2012-10-09,0.0
2012-10-10,0.00018157116
2012-10-11,0.0014381261
2012-10-12,4.778347
2012-10-13,13.67784
2012-10-14,46.292274
2012-10-15,18.380505
2012-10-16,33.504524
2012-10-17,1.685782
2012-10-18,1.0093554
2012-10-19,42.660057
2012-10-20,17.814796
2012-10-21,6.618907
2012-10-22,3.4510398
2012-10-23,11.7648735
2012-10-24,5.5018387
2012-10-25,1.4567041
2012-10-26,4.8631563
2012-10-27,12.006266
2012-10-28,17.114145
2012-10-29,23.853214
2012-10-30,29.705894
2012-10-31,42.75354
2012-11-01,12.2072315
2012-11-02,3.2595272
2012-11-03,12.193718
2012-11-04,10.617529
2012-11-05,13.365135
2012-11-06,1.2834169
2012-11-07,9.642737
2012-11-08,0.283857
2012-11-09,0.017374815
2012-11-10,0.00592009
2012-11-11,1.1738225
2012-11-12,31.162624
2012-11-13,9.26439
2012-11-14,8.057833
2012-11-15,0.007085045
2012-11-16,0.7537234
2012-11-17,12.683531
2012-11-18,17.063858
2012-11-19,66.79027
2012-11-20,12.594728
2012-11-21,26.813248
2012-11-22,5.505327
2012-11-23,36.748253
2012-11-24,5.2531223
2012-11-25,0.04257275
2012-11-26,0.0
2012-11-27,0.0
2012-11-28,0.8187411
2012-11-29,29.804806
2012-11-30,13.306263
2012-12-01,38.72676
2012-12-02,25.447004
2012-12-03,23.118378
2012-12-04,19.961018
2012-12-05,15.572435
2012-12-06,23.818962
2012-12-07,19.242657
2012-12-08,3.9612327
2012-12-09,3.7873843
2012-12-10,6.515664
2012-12-11,8.700502
2012-12-12,6.4575534
2012-12-13,0.21642116
2012-12-14,9.113401
2012-12-15,7.569158
2012-12-16,13.063166
2012-12-17,45.00423
2012-12-18,9.724318
2012-12-19,31.00687
2012-12-20,38.43396
2012-12-21,3.5885847
2012-12-22,8.032431
2012-12-23,8.06184
2012-12-24,1.9514878
2012-12-25,5.8227167
2012-12-26,3.2156265
2012-12-27,5.151512
2012-12-28,1.5210662
2012-12-29,4.785797
2012-12-30,0.21074198
2012-12-31,0.60652447
2013-01-01,2.7709611e-05
2013-01-02,0.0
2013-01-03,0.0
2013-01-04,17.663464
2013-01-05,4.2142115
2013-01-06,7.890126
2013-01-07,38.143684
2013-01-08,21.720123
2013-01-09,54.3797
2013-01-10,4.0359826
2013-01-11,0.003496304
2013-01-12,0.0
2013-01-13,1.2535792e-08
2013-01-14,0.073031306
2013-01-15,0.05451703
2013-01-16,0.0013547636
2013-01-17,1.3911396e-05
2013-01-18,4.001835e-05
2013-01-19,5.8786805e-05
2013-01-20,3.6332273e-07
2013-01-21,2.0871835e-06
2013-01-22,4.3484705e-09
2013-01-23,6.5474377
2013-01-24,6.1788964
2013-01-25,8.2192745
2013-01-26,4.942664
2013-01-27,10.041008
2013-01-28,14.005184
2013-01-29,17.870174
2013-01-30,14.016602
2013-01-31,10.487328
2013-02-01,1.3226537
2013-02-02,1.2972812e-05
2013-02-03,0.00082461146
2013-02-04,0.91670686
2013-02-05,10.578683
2013-02-06,17.783165
2013-02-07,12.9184
2013-02-08,0.1995008
2013-02-09,0.00964443
2013-02-10,0.0026433254
2013-02-11,0.080834284
2013-02-12,1.7861996
2013-02-13,6.643835
2013-02-14,2.0472746
2013-02-15,0.013739526
2013-02-16,7.8333654
2013-02-17,5.572252
2013-02-18,1.1485856
2013-02-19,1.323118
2013-02-20,0.55870616
2013-02-21,10.224203
2013-02-22,34.17842
2013-02-23,18.744247
2013-02-24,3.2572997
2013-02-25,24.71302
2013-02-26,4.409476
2013-02-27,8.533236
2013-02-28,13.544891
2013-03-01,34.499104
2013-03-02,2.1596985
2013-03-03,8.051851
2013-03-04,0.075700566
2013-03-05,0.12448407
2013-03-06,6.623601
2013-03-07,7.3334613
2013-03-08,0.25073403
2013-03-09,0.0018399011
2013-03-10,0.7751144
2013-03-11,0.14351337
2013-03-12,37.34813
2013-03-13,19.830559
2013-03-14,7.1113205
2013-03-15,11.715948
2013-03-16,14.859952
2013-03-17,15.06415
2013-03-18,12.274076
2013-03-19,0.054581396
2013-03-20,40.139572
2013-03-21,10.596544
2013-03-22,10.433592
2013-03-23,0.68760246
2013-03-24,8.892967e-05
2013-03-25,1.1998283e-06
2013-03-26,2.1390346e-05
2013-03-27,0.08291258
2013-03-28,1.2346728
2013-03-29,0.6843349
2013-03-30,0.0039512822
2013-03-31,2.3130417e-07
2013-04-01,0.00010297842
2013-04-02,0.020312142
2013-04-03,0.009243377
2013-04-04,12.40719
2013-04-05,36.030277
2013-04-06,28.602037
2013-04-07,20.712208
2013-04-08,8.952719
2013-04-09,1.4050629
2013-04-10,18.49179
2013-04-11,1.5124182
2013-04-12,4.8991375
2013-04-13,19.68605
2013-04-14,5.550853
2013-04-15,3.1558022
2013-04-16,0.3269435
2013-04-17,0.0011142672
2013-04-18,1.738216
2013-04-19,17.378304
2013-04-20,10.3290205
2013-04-21,8.589741
2013-04-22,0.068547726
2013-04-23,0.0024836059
2013-04-24,0.0
2013-04-25,0.0
2013-04-26,4.6196535e-09
2013-04-27,4.9126425
2013-04-28,4.144259
2013-04-29,16.358261
2013-04-30,6.2906876
2013-05-01,0.096332744
2013-05-02,3.398722e-09
2013-05-03,2.049355e-08
2013-05-04,0.0
2013-05-05,0.0
2013-05-06,0.0
2013-05-07,0.0
2013-05-08,6.739847e-07
2013-05-09,0.00011579733
2013-05-10,3.1037874e-09
2013-05-11,0.0
2013-05-12,5.686551
2013-05-13,8.272619
2013-05-14,7.6236057
2013-05-15,0.053601373
2013-05-16,0.5849682
2013-05-17,1.2901876
2013-05-18,3.72645
2013-05-19,1.0496199
2013-05-20,0.10923238
2013-05-21,15.900888
2013-05-22,3.5001693
2013-05-23,11.654045
2013-05-24,4.1538796
2013-05-25,3.674982
2013-05-26,1.3092607
2013-05-27,4.601735
2013-05-28,6.0707693
2013-05-29,3.2127311
2013-05-30,10.261443
2013-05-31,4.471357
2013-06-01,0.031264905
2013-06-02,1.3224559
2013-06-03,0.49691677
2013-06-04,0.02869806
2013-06-05,0.0026367651
2013-06-06,5.0267252e-05
2013-06-07,0.12428717
2013-06-08,0.0024142053
2013-06-09,0.07510924
2013-06-10,0.002357084
2013-06-11,0.25575575
2013-06-12,5.088382
2013-06-13,3.043902
2013-06-14,5.8832974
2013-06-15,0.008889448
2013-06-16,0.057167444
2013-06-17,0.100333914
2013-06-18,0.7465739
2013-06-19,9.75366
2013-06-20,44.05864
2013-06-21,7.647132
2013-06-22,0.07829533
2013-06-23,0.6659351
2013-06-24,15.255266
2013-06-25,6.3908286
2013-06-26,6.2320247
2013-06-27,0.5267168
2013-06-28,0.0018959425
2013-06-29,0.15362142
2013-06-30,0.0004223531
2013-07-01,0.011777669
2013-07-02,0.0
2013-07-03,6.341103e-05
2013-07-04,0.00013352165
2013-07-05,0.026777344
2013-07-06,0.018074695
2013-07-07,0.013675563
2013-07-08,0.29364127
2013-07-09,0.0007063303
2013-07-10,1.6075154e-07
2013-07-11,0.051522393
2013-07-12,0.5642253
2013-07-13,0.36148444
2013-07-14,1.9178216e-05
2013-07-15,4.498971e-05
2013-07-16,0.0
2013-07-17,1.7594087
2013-07-18,0.0008796276
2013-07-19,0.0007282888
2013-07-20,3.0450623e-05
2013-07-21,6.708563e-06
2013-07-22,3.74331e-06
2013-07-23,0.0
2013-07-24,0.0
2013-07-25,2.34281e-06
2013-07-26,0.0
2013-07-27,7.344798e-07
2013-07-28,0.07273389
2013-07-29,0.23882775
2013-07-30,0.0032282937
2013-07-31,0.009291127
2013-08-01,2.8940096
2013-08-02,1.7672148
2013-08-03,3.3097847
2013-08-04,0.96981806
2013-08-05,0.9152488
2013-08-06,1.616075e-05
2013-08-07,0.0
2013-08-08,5.0801995e-05
2013-08-09,0.16399103
2013-08-10,0.69381773
2013-08-11,12.011868
2013-08-12,1.4480871
2013-08-13,3.42447e-07
2013-08-14,0.04694152
2013-08-15,2.3821607
2013-08-16,0.3230717
2013-08-17,0.6942154
2013-08-18,0.41391584
2013-08-19,0.07289574
2013-08-20,0.007277899
2013-08-21,0.0
2013-08-22,0.0
2013-08-23,0.3191184
2013-08-24,0.5239514
2013-08-25,1.3080796
2013-08-26,2.3072734
2013-08-27,2.6086802
2013-08-28,19.09281
2013-08-29,21.722584
2013-08-30,10.752523
2013-08-31,0.003885945
2013-09-01,0.0
2013-09-02,0.0012472612
2013-09-03,2.0917504
2013-09-04,0.07923203
2013-09-05,0.64142376
2013-09-06,34.429985
2013-09-07,12.790056
2013-09-08,0.11514558
2013-09-09,0.0013258414
2013-09-10,0.0016020134
2013-09-11,0.0
2013-09-12,0.0
2013-09-13,1.9865205e-05
2013-09-14,0.0018360142
2013-09-15,0.35432762
2013-09-16,25.145626
2013-09-17,1.0281421
2013-09-18,1.6352382
2013-09-19,0.0019512533
2013-09-20,0.0
2013-09-21,4.0923405
2013-09-22,23.138527
2013-09-23,26.55331
2013-09-24,5.0719504
2013-09-25,2.667462
2013-09-26,0.0151636265
2013-09-27,8.077938
2013-09-28,46.35647
2013-09-29,50.996307
2013-09-30,46.474194
2013-10-01,19.971668
2013-10-02,13.255569
2013-10-03,2.9190538
2013-10-04,0.0003214303
2013-10-05,0.0
2013-10-06,0.0
2013-10-07,18.530037
2013-10-08,20.240223
2013-10-09,0.6998687
2013-10-10,0.3228202
2013-10-11,0.10969301
2013-10-12,0.03587585
2013-10-13,0.012987744
2013-10-14,4.2264285e-09
2013-10-15,0.0
2013-10-16,6.804845e-05
2013-10-17,4.5489155e-06
2013-10-18,8.374124e-07
2013-10-19,4.210229e-06
2013-10-20,1.5052619e-06
2013-10-21,5.7089137e-06
2013-10-22,2.4717547e-06
2013-10-23,1.8387265e-06
2013-10-24,1.1700062e-07
2013-10-25,0.0010726077
2013-10-26,0.00086689665
2013-10-27,3.1008482
2013-10-28,0.06454858
2013-10-29,0.0
2013-10-30,3.098382e-05
2013-10-31,4.643953
2013-11-01,0.71405184
2013-11-02,38.4634
2013-11-03,7.5348887
2013-11-04,0.37440172
2013-11-05,8.109897
2013-11-06,1.668005
2013-11-07,39.20228
2013-11-08,14.912147
2013-11-09,0.4767453
2013-11-10,5.492656
2013-11-11,2.1451228
2013-11-12,2.0263677
2013-11-13,3.6396441
2013-11-14,1.6997428
2013-11-15,13.875589
2013-11-16,22.85669
2013-11-17,9.694791
2013-11-18,20.56481
2013-11-19,31.974686
2013-11-20,0.00013747679
2013-11-21,0.0
2013-11-22,0.0
2013-11-23,0.0
2013-11-24,9.494463e-09
2013-11-25,0.0
2013-11-26,0.0
2013-11-27,0.046183106
2013-11-28,0.0
2013-11-29,1.2822978
2013-11-30,7.7665424
2013-12-01,41.64567
2013-12-02,17.455912
2013-12-03,0.15225534
2013-12-04,2.4045134e-05
2013-12-05,0.0007710254
2013-12-06,0.009667273
2013-12-07,1.4214324e-05
2013-12-08,0.0013210897
2013-12-09,0.2615506
2013-12-10,2.1528544
2013-12-11,0.27613702
2013-12-12,3.1346607
2013-12-13,9.25888
2013-12-14,2.361265
2013-12-15,3.6389225
2013-12-16,0.20197898
2013-12-17,0.002204209
2013-12-18,2.4051614
2013-12-19,0.24021377
2013-12-20,17.36679
2013-12-21,5.848645
2013-12-22,8.307932
2013-12-23,21.624033
2013-12-24,1.7013767
2013-12-25,0.00043879903
2013-12-26,0.01817406
2013-12-27,9.117945
2013-12-28,0.39058304
2013-12-29,0.08730159
2013-12-30,0.1472806
2013-12-31,3.524876
2014-01-01,0.012936883
2014-01-02,13.953014
2014-01-03,23.18619
2014-01-04,0.056459352
2014-01-05,0.0
2014-01-06,0.0
2014-01-07,3.9138184
2014-01-08,17.191715
2014-01-09,21.151093
2014-01-10,31.018507
2014-01-11,73.34398
2014-01-12,28.544514
2014-01-13,27.008434
2014-01-14,2.5772734
2014-01-15,0.00014592672
2014-01-16,0.00012438746
2014-01-17,0.000107950036
2014-01-18,6.698769e-05
2014-01-19,0.0003438824
2014-01-20,2.1679281e-05
2014-01-21,1.8202174e-08
2014-01-22,0.12047553
2014-01-23,0.00010137427
2014-01-24,2.8707072e-06
2014-01-25,1.0043608e-07
2014-01-26,5.194616e-10
2014-01-27,5.3176166e-07
2014-01-28,0.63212866
2014-01-29,25.705086
2014-01-30,10.223085
2014-01-31,4.1063924
2014-02-01,0.07079841
2014-02-02,0.08781733
2014-02-03,0.5002637
2014-02-04,0.055373847
2014-02-05,2.032854e-06
2014-02-06,0.00096131116
2014-02-07,1.2575526
2014-02-08,0.38039115
2014-02-09,0.591006
2014-02-10,16.81503
2014-02-11,15.811195
2014-02-12,30.235819
2014-02-13,20.836252
2014-02-14,20.717033
2014-02-15,8.24241
2014-02-16,31.077694
2014-02-17,41.06998
2014-02-18,36.75333
2014-02-19,17.876898
2014-02-20,18.43925
2014-02-21,6.4769597
2014-02-22,4.75629
2014-02-23,24.31408
2014-02-24,20.947235
2014-02-25,8.169055
2014-02-26,2.5846252e-06
2014-02-27,0.05209763
2014-02-28,0.08028902
2014-03-01,0.41732293
2014-03-02,17.375603
2014-03-03,44.326523
2014-03-04,24.181063
2014-03-05,26.347107
2014-03-06,46.78293
2014-03-07,6.761878
2014-03-08,8.646837
2014-03-09,41.44476
2014-03-10,4.115612
2014-03-11,0.2145547
2014-03-12,5.963856e-08
2014-03-13,2.1823762e-06
2014-03-14,18.35613
2014-03-15,1.5182394
2014-03-16,56.19239
2014-03-17,9.074039
2014-03-18,0.12626992
2014-03-19,16.941412
2014-03-20,7.884474
2014-03-21,0.75897247
2014-03-22,1.8308
2014-03-23,4.105632
2014-03-24,0.0889935
2014-03-25,6.6345463
2014-03-26,11.512011
2014-03-27,9.021158
2014-03-28,17.217213
2014-03-29,16.339167
2014-03-30,18.124166
2014-03-31,1.972225
2014-04-01,0.010632779
2014-04-02,0.021852905
2014-04-03,0.822912
2014-04-04,11.886468
2014-04-05,7.2489743
2014-04-06,11.486852
2014-04-07,0.24998882
2014-04-08,6.697444
2014-04-09,4.3533907
2014-04-10,4.6448455e-05
2014-04-11,0.4145642
2014-04-12,0.3980475
2014-04-13,0.0
2014-04-14,0.0
2014-04-15,2.2090845
2014-04-16,17.550182
2014-04-17,23.349373
2014-04-18,19.092234
2014-04-19,5.3795605
2014-04-20,16.25339
2014-04-21,0.69371766
2014-04-22,15.178277
2014-04-23,10.170671
2014-04-24,25.047945
2014-04-25,7.5004706
2014-04-26,2.3203197
2014-04-27,16.991634
2014-04-28,4.269224
2014-04-29,0.0037857445
2014-04-30,0.0
2014-05-01,0.0
2014-05-02,0.0016099483
2014-05-03,7.945222
2014-05-04,27.582506
2014-05-05,20.017883
2014-05-06,2.5625854
2014-05-07,1.4387518
2014-05-08,1.2727321
2014-05-09,26.807468
2014-05-10,3.8882732
2014-05-11,0.1674963
2014-05-12,0.000398702
2014-05-13,8.575864e-08
2014-05-14,0.0
2014-05-15,0.0
2014-05-16,0.0015509222
2014-05-17,1.2931032
2014-05-18,0.44996867
2014-05-19,3.2621632
2014-05-20,0.1871759
2014-05-21,0.017306862
2014-05-22,1.50209835e-05
2014-05-23,12.40234
2014-05-24,1.4130025
2014-05-25,5.386319
2014-05-26,13.684767
2014-05-27,0.07765017
2014-05-28,3.893318
2014-05-29,12.097631
2014-05-30,0.029754326
2014-05-31,0.005277124
2014-06-01,0.11608899
2014-06-02,0.14919882
2014-06-03,0.28290778
2014-06-04,0.0011627411
2014-06-05,4.8670418e-06
2014-06-06,0.00024097307
2014-06-07,0.007574456
2014-06-08,0.007859083
2014-06-09,0.12415815
2014-06-10,0.5648226
2014-06-11,0.0016901036
2014-06-12,0.19700556
2014-06-13,25.136106
2014-06-14,2.9245017
2014-06-15,2.9162674
2014-06-16,7.4387865
2014-06-17,2.9454045
2014-06-18,0.082050145
2014-06-19,0.008206233
2014-06-20,1.8984158
2014-06-21,0.00040207105
2014-06-22,0.0
2014-06-23,1.6113754e-05
2014-06-24,1.374129
2014-06-25,0.076104924
2014-06-26,0.49664032
2014-06-27,12.879957
2014-06-28,11.32732
2014-06-29,9.523111
2014-06-30,0.11493567
2014-07-01,0.0
2014-07-02,0.0
2014-07-03,0.01592429
2014-07-04,0.00030608423
2014-07-05,0.5837449
2014-07-06,1.3323092
2014-07-07,0.026854934
2014-07-08,4.8047455e-05
2014-07-09,4.3406853e-10
2014-07-10,0.0
2014-07-11,1.278378e-05
2014-07-12,0.0
2014-07-13,3.796618e-05
2014-07-14,1.8836825
2014-07-15,0.37519047
2014-07-16,3.033186e-06
2014-07-17,9.92215e-07
2014-07-18,2.4500749e-05
2014-07-19,3.0549982
2014-07-20,1.6149945
2014-07-21,0.1837946
2014-07-22,0.11949407
2014-07-23,19.931911
2014-07-24,27.584599
2014-07-25,0.033008948
2014-07-26,0.00044419247
2014-07-27,2.6091679e-05
2014-07-28,2.668132e-06
2014-07-29,2.558965e-10
2014-07-30,1.5752823e-05
2014-07-31,0.0
2014-08-01,0.0053100293
2014-08-02,0.003076442
2014-08-03,4.1736657e-06
2014-08-04,8.2360435e-07
2014-08-05,1.4236336e-07
2014-08-06,0.0025792953
2014-08-07,0.002582234
2014-08-08,8.752881e-05
2014-08-09,1.609263e-05
2014-08-10,0.0
2014-08-11,0.0
2014-08-12,0.4796655
2014-08-13,24.728325
2014-08-14,5.1645117
2014-08-15,12.501036
2014-08-16,0.5312958
2014-08-17,1.0194869
2014-08-18,0.14548153
2014-08-19,0.09022061
2014-08-20,0.012365831
2014-08-21,0.010657473
2014-08-22,0.16824628
2014-08-23,0.015672456
2014-08-24,3.2563448
2014-08-25,0.02391498
2014-08-26,1.0994804e-05
2014-08-27,0.00063567003
2014-08-28,0.07639364
2014-08-29,0.18810612
2014-08-30,0.58817935
2014-08-31,1.4877819
2014-09-01,0.032696728
2014-09-02,3.7456887
2014-09-03,15.461857
2014-09-04,0.00040876993
2014-09-05,0.0
2014-09-06,0.0
2014-09-07,0.0
2014-09-08,0.008449547
2014-09-09,0.034997627
2014-09-10,0.05684467
2014-09-11,0.0
2014-09-12,0.0
2014-09-13,0.0
2014-09-14,0.0
2014-09-15,0.0
2014-09-16,0.008439551
2014-09-17,0.028833088
2014-09-18,3.9005768
2014-09-19,1.9977882
2014-09-20,0.0029038738
2014-09-21,0.0
2014-09-22,0.038971797
2014-09-23,5.404439
2014-09-24,31.84349
2014-09-25,9.340249
2014-09-26,11.156466
2014-09-27,2.6138053
2014-09-28,6.956999e-05
2014-09-29,1.7476902
2014-09-30,15.39427
2014-10-01,0.44434416
2014-10-02,0.008124147
2014-10-03,0.0
2014-10-04,0.013576545
2014-10-05,0.03431712
2014-10-06,4.581498e-05
2014-10-07,0.0003387848
2014-10-08,0.0003587316
2014-10-09,1.6420678e-06
2014-10-10,0.00046776934
2014-10-11,13.43527
2014-10-12,5.560708
2014-10-13,1.4108008
2014-10-14,23.777279
2014-10-15,11.176421
2014-10-16,8.915777
2014-10-17,6.0110025
2014-10-18,13.322376
2014-10-19,0.010381631
2014-10-20,5.312994
2014-10-21,12.422151
2014-10-22,39.18197
2014-10-23,26.767733
2014-10-24,4.8411226
2014-10-25,14.123936
2014-10-26,28.00438
2014-10-27,1.517833
2014-10-28,23.994621
2014-10-29,22.346214
2014-10-30,11.215843
2014-10-31,24.184048
2014-11-01,0.062050033
2014-11-02,1.0368692
2014-11-03,13.783763
2014-11-04,50.19118
2014-11-05,0.06942043
2014-11-06,19.85907
2014-11-07,11.02862
2014-11-08,2.0680704e-05
2014-11-09,18.097946
2014-11-10,0.03651523
2014-11-11,9.3968665e-05
2014-11-12,0.0
2014-11-13,0.0
2014-11-14,0.0
2014-11-15,0.0
2014-11-16,0.0
2014-11-17,0.0
2014-11-18,0.00018574209
2014-11-19,0.012901796
2014-11-20,8.889435
2014-11-21,24.862906
2014-11-22,30.515604
2014-11-23,22.633244
2014-11-24,7.8873024
2014-11-25,52.538227
2014-11-26,30.749134
2014-11-27,29.637949
2014-11-28,54.06997
2014-11-29,3.8487625
2014-11-30,0.0
2014-12-01,0.0
2014-12-02,6.5809036e-07
2014-12-03,0.0
2014-12-04,0.23582178
2014-12-05,6.211031
2014-12-06,17.931976
2014-12-07,1.1723337
2014-12-08,0.63666505
2014-12-09,58.081764
2014-12-10,27.172642
2014-12-11,18.269619
2014-12-12,10.555185
2014-12-13,1.9906809
2014-12-14,0.0017616492
2014-12-15,0.016098283
2014-12-16,1.1046888
2014-12-17,2.4372435
2014-12-18,2.5992646
2014-12-19,16.885323
2014-12-20,19.994293
2014-12-21,40.473434
2014-12-22,3.3621545
2014-12-23,16.586111
2014-12-24,25.13179
2014-12-25,2.4948726
2014-12-26,0.1482873
2014-12-27,16.346058
2014-12-28,8.872814
2014-12-29,0.9658915
2014-12-30,9.0413187e-07
2014-12-31,0.0
2015-01-01,0.0
2015-01-02,2.5285077
2015-01-03,2.9456687
2015-01-04,19.771496
2015-01-05,90.67699
2015-01-06,1.3709453
2015-01-07,5.1484265e-05
2015-01-08,2.2179645e-05
2015-01-09,0.00013910116
2015-01-10,0.3738139
2015-01-11,0.48329934
2015-01-12,0.25040585
2015-01-13,5.686743e-05
2015-01-14,6.8025497e-06
2015-01-15,1.7151153
2015-01-16,22.453495
2015-01-17,7.7421207
2015-01-18,50.207394
2015-01-19,15.217152
2015-01-20,0.7868246
2015-01-21,1.8364112e-07
2015-01-22,1.70316
2015-01-23,12.863293
2015-01-24,21.303673
2015-01-25,0.29910767
2015-01-26,0.00029866715
2015-01-27,0.17410856
2015-01-28,0.3097139
2015-01-29,6.652037e-05
2015-01-30,2.0071511e-06
2015-01-31,1.5748828e-05
2015-02-01,10.7928295
2015-02-02,7.196638
2015-02-03,8.358421
2015-02-04,1.4010162
2015-02-05,39.474487
2015-02-06,66.28941
2015-02-07,26.115244
2015-02-08,12.840157
2015-02-09,11.564547
2015-02-10,18.312714
2015-02-11,0.0165692
2015-02-12,0.8355787
2015-02-13,0.0126313
2015-02-14,1.2581513
2015-02-15,0.0012447077
2015-02-16,0.0
2015-02-17,0.0
2015-02-18,0.00085112284
2015-02-19,4.6051
2015-02-20,2.6470976
2015-02-21,0.04997098
2015-02-22,0.0
2015-02-23,0.0
2015-02-24,0.0
2015-02-25,0.48735106
2015-02-26,3.950583
2015-02-27,1.2529825
2015-02-28,0.022082997
2015-03-01,1.6749015e-06
2015-03-02,1.0174221
2015-03-03,2.2092139e-14
2015-03-04,0.0
2015-03-05,0.0
2015-03-06,0.0
2015-03-07,1.5987573e-07
2015-03-08,4.482e-08
2015-03-09,8.0115315e-06
2015-03-10,0.00019884497
2015-03-11,9.902208
2015-03-12,10.025103
2015-03-13,0.0008382776
2015-03-14,32.079998
2015-03-15,30.820925
2015-03-16,17.080128
2015-03-17,0.14493567
2015-03-18,4.779269
2015-03-19,2.7455711
2015-03-20,7.434972
2015-03-21,25.861301
2015-03-22,2.1138492
2015-03-23,6.597915
2015-03-24,8.011823
2015-03-25,15.392589
2015-03-26,6.1720934
2015-03-27,0.00012893406
2015-03-28,18.142859
2015-03-29,7.4221625
2015-03-30,1.6650778
2015-03-31,8.43507
2015-04-01,7.936205
2015-04-02,1.7826915
2015-04-03,2.0730233
2015-04-04,3.9626505
2015-04-05,0.02729289
2015-04-06,2.1950111
2015-04-07,2.79184
2015-04-08,0.53578806
2015-04-09,0.46611345
2015-04-10,0.11071309
2015-04-11,21.57558
2015-04-12,5.6555624
2015-04-13,3.1288104
2015-04-14,7.49498
2015-04-15,1.3168277
2015-04-16,1.0951e-05
2015-04-17,0.0015003528
2015-04-18,1.7137409e-05
2015-04-19,0.0
2015-04-20,0.0
2015-04-21,0.17486735
2015-04-22,2.3166444
2015-04-23,2.4342985
2015-04-24,16.508915
2015-04-25,7.2670717
2015-04-26,0.5183919
2015-04-27,0.73955286
2015-04-28,0.24619131
2015-04-29,3.215273
2015-04-30,2.6660907
2015-05-01,0.031036254
2015-05-02,0.008211126
2015-05-03,0.0
2015-05-04,7.082886e-07
2015-05-05,15.50794
2015-05-06,4.450287
2015-05-07,0.612321
2015-05-08,0.0
2015-05-09,0.0
2015-05-10,7.2837574e-06
2015-05-11,0.5775566
2015-05-12,1.7608726
2015-05-13,8.530743
2015-05-14,2.4129326
2015-05-15,0.23267457
2015-05-16,0.40167475
2015-05-17,2.8511763
2015-05-18,0.11206546
2015-05-19,0.03856703
2015-05-20,0.06022409
2015-05-21,0.5409029
2015-05-22,5.893397
2015-05-23,1.9110308
2015-05-24,0.35337502
2015-05-25,2.1376343
2015-05-26,2.0220463
2015-05-27,3.7266307
2015-05-28,1.1134435
2015-05-29,0.036649365
2015-05-30,0.0
2015-05-31,0.0026936214
2015-06-01,0.51479155
2015-06-02,14.087968
2015-06-03,3.4038334
2015-06-04,0.21176663
2015-06-05,0.08104102
2015-06-06,0.0013776392
2015-06-07,0.0
2015-06-08,2.2933696e-07
2015-06-09,0.0
2015-06-10,0.0
2015-06-11,3.5309117e-06
2015-06-12,0.0670095
2015-06-13,0.005358029
2015-06-14,0.073929265
2015-06-15,0.0027816228
2015-06-16,0.00298885
2015-06-17,0.0
2015-06-18,0.26974452
2015-06-19,1.8843724
2015-06-20,0.019915711
2015-06-21,0.00046365245
2015-06-22,0.0027563947
2015-06-23,0.012281078
2015-06-24,0.0012178565
2015-06-25,0.00077995216
2015-06-26,1.0980831e-05
2015-06-27,0.0
2015-06-28,0.17647344
2015-06-29,1.5481137
2015-06-30,0.18183725
2015-07-01,1.0687662e-07
2015-07-02,0.0
2015-07-03,0.0
2015-07-04,0.0
2015-07-05,0.0
2015-07-06,0.0
2015-07-07,0.008068107
2015-07-08,0.018790469
2015-07-09,1.2170324e-06
2015-07-10,0.0015288315
2015-07-11,0.03569048
2015-07-12,0.31063598
2015-07-13,0.93167734
2015-07-14,0.087283164
2015-07-15,0.038231485
2015-07-16,0.031874508
2015-07-17,0.0
2015-07-18,0.0
2015-07-19,2.7734284e-05
2015-07-20,0.0026891716
2015-07-21,0.09413488
2015-07-22,0.056366332
2015-07-23,0.008185705
2015-07-24,0.40357402
2015-07-25,6.083595
2015-07-26,4.474968
2015-07-27,2.7156527
2015-07-28,0.0019417494
2015-07-29,3.873112e-07
2015-07-30,0.0
2015-07-31,0.0
2015-08-01,0.0
2015-08-02,0.0
2015-08-03,0.00053865876
2015-08-04,0.0
2015-08-05,1.5160153
2015-08-06,1.4163189
2015-08-07,7.4257056e-05
2015-08-08,0.00443486
2015-08-09,0.43285495
2015-08-10,0.000987924
2015-08-11,0.00053496123
2015-08-12,0.0038840412
2015-08-13,1.692986e-05
2015-08-14,3.3448763
2015-08-15,14.981506
2015-08-16,0.003914221
2015-08-17,0.010062132
2015-08-18,0.0
2015-08-19,0.0
2015-08-20,0.00035867046
2015-08-21,0.22900876
2015-08-22,1.1393914e-05
2015-08-23,0.0
2015-08-24,1.4721243e-08
2015-08-25,5.5024785e-09
2015-08-26,0.0
2015-08-27,0.0
2015-08-28,4.609292
2015-08-29,14.555281
2015-08-30,25.988827
2015-08-31,20.76875
2015-09-01,12.8799305
2015-09-02,22.943386
2015-09-03,8.806149
2015-09-04,3.7381835
2015-09-05,0.5512434
2015-09-06,0.31420004
2015-09-07,0.49158913
2015-09-08,2.0712576
2015-09-09,0.0037147263
2015-09-10,5.056587e-06
2015-09-11,1.6459954e-06
2015-09-12,3.7962567e-07
2015-09-13,0.015452109
2015-09-14,0.037618447
2015-09-15,1.3293071
2015-09-16,0.14812869
2015-09-17,2.7277374
2015-09-18,1.5564018
2015-09-19,3.6254606
2015-09-20,7.4791684
2015-09-21,6.924737
2015-09-22,2.271368e-07
2015-09-23,2.3225116e-08
2015-09-24,0.005799588
2015-09-25,1.7377865
2015-09-26,0.74285126
2015-09-27,0.00072559435
2015-09-28,3.7050897e-06
2015-09-29,2.933224e-07
2015-09-30,0.0
2015-10-01,2.3630593e-05
2015-10-02,0.006549962
2015-10-03,0.74516165
2015-10-04,0.0
2015-10-05,6.343962e-08
2015-10-06,7.563054e-05
2015-10-07,3.7102625
2015-10-08,0.6065607
2015-10-09,1.7204672
2015-10-10,24.140804
2015-10-11,11.645536
2015-10-12,4.959868
2015-10-13,3.2630465
2015-10-14,0.00020775199
2015-10-15,1.1621072e-07
2015-10-16,0.0
2015-10-17,0.053405195
2015-10-18,0.35095805
2015-10-19,3.36034
2015-10-20,0.24120241
2015-10-21,0.032235157
2015-10-22,0.046423703
2015-10-23,0.00020621732
2015-10-24,0.0040978454
2015-10-25,0.0016864736
2015-10-26,14.051621
2015-10-27,0.23882356
2015-10-28,12.340196
2015-10-29,15.001564
2015-10-30,33.66935
2015-10-31,55.85812
2015-11-01,45.058277
2015-11-02,5.8473434
2015-11-03,0.16820258
2015-11-04,0.0034913803
2015-11-05,3.4498663
2015-11-06,1.7486038
2015-11-07,32.949425
2015-11-08,17.672588
2015-11-09,4.2188854
2015-11-10,0.0021619247
2015-11-11,17.538364
2015-11-12,11.974643
2015-11-13,95.28154
2015-11-14,21.261766
2015-11-15,25.416645
2015-11-16,5.2534237
2015-11-17,98.035324
2015-11-18,4.622333
2015-11-19,0.44803068
2015-11-20,4.2760914e-07
2015-11-21,0.0
2015-11-22,0.0
2015-11-23,0.031930126
2015-11-24,6.075123
2015-11-25,1.3388009e-06
2015-11-26,0.0
2015-11-27,0.0
2015-11-28,0.0
2015-11-29,0.0
2015-11-30,0.0
2015-12-01,1.9025016
2015-12-02,11.68861
2015-12-03,24.78201
2015-12-04,16.315784
2015-12-05,16.195389
2015-12-06,46.238148
2015-12-07,32.957745
2015-12-08,65.54297
2015-12-09,47.79017
2015-12-10,18.529083
2015-12-11,4.7617674
2015-12-12,13.633608
2015-12-13,32.101814
2015-12-14,6.4103403
2015-12-15,1.1617004
2015-12-16,4.3130445
2015-12-17,6.1513357
2015-12-18,31.31024
2015-12-19,2.6407037
2015-12-20,23.05235
2015-12-21,13.714196
2015-12-22,9.579383
2015-12-23,16.448784
2015-12-24,13.433775
2015-12-25,0.43544942
2015-12-26,0.039239142
2015-12-27,7.8889313
2015-12-28,7.4613185
2015-12-29,0.01079293
2015-12-30,2.7643151e-05
2015-12-31,0.0
2016-01-01,0.0
2016-01-02,0.0
2016-01-03,0.55566716
2016-01-04,2.9970808
2016-01-05,3.6523933
2016-01-06,2.2768707
2016-01-07,0.0001946067
2016-01-08,0.005653335
2016-01-09,0.00019791553
2016-01-10,6.391944e-05
2016-01-11,2.983129
2016-01-12,16.26962
2016-01-13,40.503716
2016-01-14,2.7219331
2016-01-15,0.30383116
2016-01-16,24.74358
2016-01-17,18.740993
2016-01-18,10.543034
2016-01-19,4.718891
2016-01-20,8.082695
2016-01-21,54.08025
2016-01-22,31.332092
2016-01-23,10.157522
2016-01-24,4.538333
2016-01-25,0.12178752
2016-01-26,16.70484
2016-01-27,2.1964998
2016-01-28,49.522034
2016-01-29,16.323595
2016-01-30,8.637456
2016-01-31,13.610856
2016-02-01,4.393345
2016-02-02,0.3127318
2016-02-03,2.4789283
2016-02-04,21.761698
2016-02-05,1.3954351
2016-02-06,23.688232
2016-02-07,0.014228184
2016-02-08,0.00011227066
2016-02-09,6.5445365e-06
2016-02-10,2.5040202
2016-02-11,4.883131
2016-02-12,30.174046
2016-02-13,15.254297
2016-02-14,22.905293
2016-02-15,47.73642
2016-02-16,21.128323
2016-02-17,2.5075314
2016-02-18,15.724327
2016-02-19,16.94104
2016-02-20,12.416918
2016-02-21,1.1482519
2016-02-22,4.162748
2016-02-23,0.0727918
2016-02-24,1.1548817e-07
2016-02-25,0.0010108273
2016-02-26,0.00047739033
2016-02-27,5.7502117
2016-02-28,12.058348
2016-02-29,23.747631
2016-03-01,31.943172
2016-03-02,15.232439
2016-03-03,21.387653
2016-03-04,0.42798978
2016-03-05,7.6826153
2016-03-06,18.837532
2016-03-07,9.371326
2016-03-08,4.427482
2016-03-09,6.354962
2016-03-10,51.76724
2016-03-11,2.1896417
2016-03-12,12.715647
2016-03-13,17.082619
2016-03-14,19.517595
2016-03-15,14.790199
2016-03-16,2.3166046
2016-03-17,0.38101006
2016-03-18,0.0
2016-03-19,0.0013528796
2016-03-20,1.2569612
2016-03-21,8.392451
2016-03-22,6.6520844
2016-03-23,8.491588
2016-03-24,24.94371
2016-03-25,5.827397
2016-03-26,0.010521251
2016-03-27,18.256151
2016-03-28,3.8961263
2016-03-29,8.552154e-06
2016-03-30,0.0
2016-03-31,0.0
2016-04-01,9.8116765e-11
2016-04-02,0.0021033846
2016-04-03,0.00025472548
2016-04-04,16.772366
2016-04-05,2.4567971
2016-04-06,0.11019134
2016-04-07,1.7792278e-08
2016-04-08,0.0
2016-04-09,6.8820045e-05
2016-04-10,0.00022560221
2016-04-11,0.13410617
2016-04-12,1.3476334
2016-04-13,6.8188753
2016-04-14,11.349653
2016-04-15,2.8124123
2016-04-16,0.08966503
2016-04-17,0.0
2016-04-18,0.0
2016-04-19,0.0
2016-04-20,0.0
2016-04-21,1.2324278
2016-04-22,1.1568
2016-04-23,4.4022884
2016-04-24,14.076283
2016-04-25,2.0177984
2016-04-26,0.047116935
2016-04-27,0.26853603
2016-04-28,0.16543579
2016-04-29,3.685482
2016-04-30,0.20638317
2016-05-01,0.0
2016-05-02,0.0
2016-05-03,0.19757634
2016-05-04,0.62243056
2016-05-05,0.013310833
2016-05-06,0.00021101999
2016-05-07,0.0
2016-05-08,0.043787748
2016-05-09,1.1710455
2016-05-10,0.117035955
2016-05-11,0.0
2016-05-12,2.1176966e-05
2016-05-13,7.0664006e-05
2016-05-14,0.005306052
2016-05-15,0.15016644
2016-05-16,0.1587753
2016-05-17,0.0075772135
2016-05-18,0.021570813
2016-05-19,13.032884
2016-05-20,0.9885218
2016-05-21,9.49935
2016-05-22,16.851995
2016-05-23,6.4180207
2016-05-24,0.14554155
2016-05-25,0.09630576
2016-05-26,0.1777637
2016-05-27,4.798031
2016-05-28,8.014647
2016-05-29,9.076546
2016-05-30,0.0101106325
2016-05-31,4.2136962e-05
2016-06-01,3.2638545e-05
2016-06-02,8.26354
2016-06-03,0.025470823
2016-06-04,0.0
2016-06-05,0.0
2016-06-06,0.0
2016-06-07,0.0
2016-06-08,0.012944634
2016-06-09,0.765962
2016-06-10,4.683482
2016-06-11,10.739637
2016-06-12,0.3666666
2016-06-13,2.7303414
2016-06-14,17.822437
2016-06-15,5.2770085
2016-06-16,0.8465473
2016-06-17,0.7397966
2016-06-18,12.880024
2016-06-19,10.052983
2016-06-20,0.019621842
2016-06-21,0.09008227
2016-06-22,0.00023460905
2016-06-23,4.320195
2016-06-24,11.945488
2016-06-25,0.580686
2016-06-26,0.0010444489
2016-06-27,0.0
2016-06-28,1.8563915e-06
2016-06-29,4.5636538e-05
2016-06-30,0.00041187648
2016-07-01,0.010918056
2016-07-02,0.004257705
2016-07-03,0.83486074
2016-07-04,2.9330277
2016-07-05,1.0261879
2016-07-06,0.26851735
2016-07-07,0.10522126
2016-07-08,2.8992019
2016-07-09,4.8228283
2016-07-10,1.9876866
2016-07-11,0.38872203
2016-07-12,0.21975937
2016-07-13,0.38301384
2016-07-14,0.0087393625
2016-07-15,0.18280336
2016-07-16,1.7344646
2016-07-17,3.686115
2016-07-18,8.094805
2016-07-19,11.46014
2016-07-20,0.6851804
2016-07-21,0.001541226
2016-07-22,3.104805
2016-07-23,0.06882064
2016-07-24,0.00030749803
2016-07-25,0.007262363
2016-07-26,0.09703778
2016-07-27,0.030751074
2016-07-28,0.015919397
2016-07-29,6.406816e-05
2016-07-30,0.0
2016-07-31,0.0007395001
2016-08-01,0.00016236633
2016-08-02,3.8325539
2016-08-03,6.3465524
2016-08-04,0.00018335701
2016-08-05,1.165875e-06
2016-08-06,0.0046303463
2016-08-07,0.045017347
2016-08-08,2.779777
2016-08-09,3.1118188
2016-08-10,0.26454517
2016-08-11,0.007857092
2016-08-12,0.009259656
2016-08-13,0.0004055092
2016-08-14,3.6557885e-06
2016-08-15,7.472995e-06
2016-08-16,7.534832e-06
2016-08-17,1.8279031e-10
2016-08-18,1.2723725e-05
2016-08-19,0.0
2016-08-20,0.0
2016-08-21,0.0054867966
2016-08-22,0.64168835
2016-08-23,0.00037960362
2016-08-24,2.8344584e-06
2016-08-25,2.3276487e-05
2016-08-26,2.7074037e-07
2016-08-27,0.01242699
2016-08-28,0.0678234
2016-08-29,0.011654594
2016-08-30,0.0007607853
2016-08-31,1.4521437
2016-09-01,10.274174
2016-09-02,15.2769985
2016-09-03,3.4821792
2016-09-04,0.76593584
2016-09-05,1.6062151
2016-09-06,6.6565914
2016-09-07,2.65878
2016-09-08,1.7566525
2016-09-09,0.00029312467
2016-09-10,0.0006708644
2016-09-11,0.08152749
2016-09-12,3.7766337e-10
2016-09-13,0.0
2016-09-14,0.0
2016-09-15,0.0
2016-09-16,1.8421988e-05
2016-09-17,34.214886
2016-09-18,6.4156723
2016-09-19,17.57917
2016-09-20,3.3733053
2016-09-21,1.3542153
2016-09-22,0.022213709
2016-09-23,4.639104
2016-09-24,0.8982335
2016-09-25,0.3579007
2016-09-26,5.7632093e-07
2016-09-27,0.06684264
2016-09-28,6.8513527e-06
2016-09-29,2.4611033e-09
2016-09-30,2.7163253e-06
2016-10-01,2.53377
2016-10-02,1.6348197
2016-10-03,0.09720782
2016-10-04,7.3490324
2016-10-05,1.5271497
2016-10-06,4.4819145
2016-10-07,19.712952
2016-10-08,51.552765
2016-10-09,9.658103
2016-10-10,0.34881237
2016-10-11,4.135529e-06
2016-10-12,0.0
2016-10-13,41.43325
2016-10-14,61.201492
2016-10-15,24.42128
2016-10-16,28.35909
2016-10-17,16.226711
2016-10-18,16.929428
2016-10-19,1.587594
2016-10-20,50.334946
2016-10-21,1.8016181
2016-10-22,5.094427
2016-10-23,0.43696505
2016-10-24,1.3520982
2016-10-25,9.182578
2016-10-26,17.78826
2016-10-27,20.694931
2016-10-28,1.9128032
2016-10-29,3.4919941
2016-10-30,0.77113116
2016-10-31,23.413704
2016-11-01,18.067076
2016-11-02,31.572765
2016-11-03,4.3714776
2016-11-04,5.3430025e-08
2016-11-05,23.881771
2016-11-06,14.496256
2016-11-07,2.1459146
2016-11-08,0.007933857
2016-11-09,4.3379555
2016-11-10,0.004293235
2016-11-11,0.0001218559
2016-11-12,14.502589
2016-11-13,7.2099752
2016-11-14,30.367744
2016-11-15,21.55833
2016-11-16,6.610798
2016-11-17,3.0240054
2016-11-18,0.21032915
2016-11-19,7.4134283
2016-11-20,8.284742
2016-11-21,11.756264
2016-11-22,2.1965709
2016-11-23,16.33013
2016-11-24,36.318573
2016-11-25,19.982014
2016-11-26,30.08431
2016-11-27,7.250067
2016-11-28,14.778507
2016-11-29,0.4826251
2016-11-30,14.146523
2016-12-01,4.915201
2016-12-02,11.859444
2016-12-03,20.227432
2016-12-04,20.21242
2016-12-05,4.3960323
2016-12-06,0.2543539
2016-12-07,7.421624e-06
2016-12-08,3.1051008e-05
2016-12-09,11.516851
2016-12-10,16.885332
2016-12-11,22.974812
2016-12-12,8.654517
2016-12-13,0.0026194951
2016-12-14,7.210892e-10
2016-12-15,0.10537861
2016-12-16,0.0009295156
2016-12-17,0.0028545589
2016-12-18,2.8314579
2016-12-19,25.20834
2016-12-20,30.318941
2016-12-21,1.7911129
2016-12-22,1.0065649
2016-12-23,13.540924
2016-12-24,3.2557492
2016-12-25,0.00020901121
2016-12-26,3.3388538
2016-12-27,37.563343
2016-12-28,10.5208435
2016-12-29,16.82446
2016-12-30,7.9156666
2016-12-31,0.76419073
2017-01-01,6.6135464
2017-01-02,0.011170829
2017-01-03,0.00021034983
2017-01-04,1.4568077e-06
2017-01-05,1.6755238e-09
2017-01-06,0.06126498
2017-01-07,1.8674345e-06
2017-01-08,2.4652894
2017-01-09,19.975712
2017-01-10,0.46763676
2017-01-11,3.4245845e-06
2017-01-12,0.0
2017-01-13,0.0
2017-01-14,0.0
2017-01-15,4.8050765e-07
2017-01-16,5.427936e-06
2017-01-17,15.854319
2017-01-18,74.17095
2017-01-19,24.815712
2017-01-20,7.119447
2017-01-21,1.5498184
2017-01-22,4.7047024
2017-01-23,0.35889822
2017-01-24,7.9301695e-05
2017-01-25,0.1036648
2017-01-26,0.03786189
2017-01-27,0.0003279962
2017-01-28,1.107362e-08
2017-01-29,3.0344877
2017-01-30,1.4260879
2017-01-31,0.08131559
2017-02-01,0.00022979711
2017-02-02,0.0
2017-02-03,7.6905203
2017-02-04,32.243134
2017-02-05,16.413338
2017-02-06,14.110678
2017-02-07,5.282502
2017-02-08,2.0120444
2017-02-09,72.76703
2017-02-10,21.600552
2017-02-11,9.095864
2017-02-12,0.06465345
2017-02-13,2.0167006e-06
2017-02-14,2.1461245e-05
2017-02-15,42.302727
2017-02-16,36.218285
2017-02-17,6.217099
2017-02-18,3.7411675
2017-02-19,6.898034
2017-02-20,8.334732
2017-02-21,2.5508168
2017-02-22,1.9718511
2017-02-23,0.61192864
2017-02-24,0.6974208
2017-02-25,0.14510687
2017-02-26,7.504592
2017-02-27,1.7727329
2017-02-28,2.0870872
2017-03-01,18.596254
2017-03-02,8.382871
2017-03-03,35.664192
2017-03-04,17.257458
2017-03-05,7.6012325
2017-03-06,10.355637
2017-03-07,17.468298
2017-03-08,15.867702
2017-03-09,10.161217
2017-03-10,24.961853
2017-03-11,12.709385
2017-03-12,15.51212
2017-03-13,23.897783
2017-03-14,24.510658
2017-03-15,19.496702
2017-03-16,13.400541
2017-03-17,4.217467
2017-03-18,43.984287
2017-03-19,1.3235877
2017-03-20,3.4795234e-05
2017-03-21,5.61329
2017-03-22,10.6112
2017-03-23,8.097079
2017-03-24,22.318909
2017-03-25,15.842368
2017-03-26,3.6661737
2017-03-27,10.022224
2017-03-28,27.731716
2017-03-29,32.277496
2017-03-30,10.372675
2017-03-31,0.008761945
2017-04-01,6.521904
2017-04-02,2.0037358
2017-04-03,1.060131
2017-04-04,0.08656688
2017-04-05,24.033125
2017-04-06,5.7909837
2017-04-07,17.468847
2017-04-08,15.752157
2017-04-09,5.43395
2017-04-10,7.777246
2017-04-11,5.4083743
2017-04-12,13.684209
2017-04-13,14.83794
2017-04-14,9.371775
2017-04-15,9.725977
2017-04-16,0.28469127
2017-04-17,2.7671819
2017-04-18,10.519173
2017-04-19,3.43271
2017-04-20,12.5576725
2017-04-21,1.6926353
2017-04-22,6.242707
2017-04-23,8.44429
2017-04-24,8.469272
2017-04-25,2.9244838
2017-04-26,15.893812
2017-04-27,10.885395
2017-04-28,1.4572862
2017-04-29,3.820732
2017-04-30,9.882224
2017-05-01,2.8699908
2017-05-02,0.66258824
2017-05-03,7.2087126
2017-05-04,0.000121061574
2017-05-05,4.8336678
2017-05-06,1.7563667
2017-05-07,0.054193355
2017-05-08,0.0013106533
2017-05-09,1.3574287e-07
2017-05-10,1.208778e-07
2017-05-11,8.53039
2017-05-12,4.6688957
2017-05-13,3.2505522
2017-05-14,7.448222
2017-05-15,3.1653042
2017-05-16,19.033995
2017-05-17,1.3287464
2017-05-18,0.5225395
2017-05-19,0.110645354
2017-05-20,0.06190641
2017-05-21,0.0008035585
2017-05-22,4.2614064e-07
2017-05-23,1.414981e-07
2017-05-24,1.1252913
2017-05-25,0.37013638
2017-05-26,0.22134143
2017-05-27,5.5905857e-05
2017-05-28,7.709858e-06
2017-05-29,6.8902234e-05
2017-05-30,0.0057366863
2017-05-31,2.5551887
2017-06-01,4.868456
2017-06-02,0.25346813
2017-06-03,0.020465676
2017-06-04,0.011223714
2017-06-05,3.210373e-05
2017-06-06,0.0
2017-06-07,0.0
2017-06-08,6.199025
2017-06-09,2.6366096
2017-06-10,6.443701
2017-06-11,0.2279813
2017-06-12,0.050165802
2017-06-13,0.53516877
2017-06-14,0.15051909
2017-06-15,17.159538
2017-06-16,15.902494
2017-06-17,0.043177642
2017-06-18,0.22515324
2017-06-19,0.000536049
2017-06-20,0.896422
2017-06-21,0.0022035432
2017-06-22,9.64403e-09
2017-06-23,0.0
2017-06-24,0.0
2017-06-25,0.0
2017-06-26,8.339567e-06
2017-06-27,3.929654e-08
2017-06-28,0.0007980577
2017-06-29,0.00023547423
2017-06-30,1.5429589e-06
2017-07-01,6.1176004e-05
2017-07-02,1.0039244e-05
2017-07-03,0.009739575
2017-07-04,2.554802e-07
2017-07-05,0.0
2017-07-06,0.0
2017-07-07,0.0
2017-07-08,2.0198459e-06
2017-07-09,0.0016065997
2017-07-10,0.008285947
2017-07-11,4.3149284e-05
2017-07-12,0.00011349587
2017-07-13,0.026760224
2017-07-14,0.00012626003
2017-07-15,0.0
2017-07-16,0.08914833
2017-07-17,0.0005126252
2017-07-18,6.388066e-07
2017-07-19,0.0
2017-07-20,1.1128596
2017-07-21,0.28948814
2017-07-22,0.0007895911
2017-07-23,0.015421521
2017-07-24,9.823052e-08
2017-07-25,0.0
2017-07-26,1.4655359e-05
2017-07-27,0.0004643245
2017-07-28,0.0001296005
2017-07-29,1.6761846e-06
2017-07-30,0.00017662944
2017-07-31,1.3107521e-05
2017-08-01,0.0
2017-08-02,0.0
2017-08-03,0.0
2017-08-04,0.0
2017-08-05,5.259718e-07
2017-08-06,0.003327717
2017-08-07,1.0838387e-05
2017-08-08,0.0010474499
2017-08-09,0.025457198
2017-08-10,0.032794595
2017-08-11,0.31833532
2017-08-12,0.06699161
2017-08-13,4.876174
2017-08-14,0.003555578
2017-08-15,0.001957788
2017-08-16,0.00021034572
2017-08-17,0.013517424
2017-08-18,0.004721892
2017-08-19,0.07262749
2017-08-20,4.13599e-09
2017-08-21,0.000102471146
2017-08-22,0.0
2017-08-23,5.9831e-05
2017-08-24,0.06334776
2017-08-25,0.0009164569
2017-08-26,0.0
2017-08-27,0.0
2017-08-28,0.0
2017-08-29,0.0
2017-08-30,0.003252665
2017-08-31,0.1038598
2017-09-01,3.006761e-11
2017-09-02,0.0
2017-09-03,6.776088e-08
2017-09-04,8.7969306e-07
2017-09-05,0.0
2017-09-06,0.0
2017-09-07,0.0009609939
2017-09-08,0.09879166
2017-09-09,1.2913837
2017-09-10,0.28245968
2017-09-11,0.0
2017-09-12,6.161842e-05
2017-09-13,0.0003722861
2017-09-14,0.0
2017-09-15,0.0
2017-09-16,0.0
2017-09-17,5.4165525
2017-09-18,9.157773
2017-09-19,13.625402
2017-09-20,6.2517347
2017-09-21,1.447595
2017-09-22,0.016947249
2017-09-23,0.00018778996
2017-09-24,0.029535998
2017-09-25,1.1198071
2017-09-26,0.04204631
2017-09-27,5.984308e-06
2017-09-28,0.0
2017-09-29,6.7943354
2017-09-30,5.621294
2017-10-01,6.3960257
2017-10-02,1.3828924
2017-10-03,0.0
2017-10-04,0.0
2017-10-05,0.0
2017-10-06,0.22730622
2017-10-07,11.339254
2017-10-08,3.6447718
2017-10-09,0.0013478238
2017-10-10,1.2635388
2017-10-11,3.8287845
2017-10-12,7.649189
2017-10-13,14.637385
2017-10-14,0.4161204
2017-10-15,0.07878172
2017-10-16,0.089087516
2017-10-17,24.64164
2017-10-18,38.922714
2017-10-19,58.934013
2017-10-20,19.976263
2017-10-21,24.187881
2017-10-22,63.484474
2017-10-23,1.2357309
2017-10-24,2.2282186e-06
2017-10-25,2.199992
2017-10-26,0.008705199
2017-10-27,7.4603116e-07
2017-10-28,8.1965703e-07
2017-10-29,2.2578809e-07
2017-10-30,0.0
2017-10-31,0.0
2017-11-01,4.5793743
2017-11-02,20.581211
2017-11-03,16.432743
2017-11-04,1.267675
2017-11-05,5.5506573
2017-11-06,0.029512579
2017-11-07,0.0021870974
2017-11-08,0.4476012
2017-11-09,7.804303
2017-11-10,7.3337336
2017-11-11,0.7355069
2017-11-12,16.833933
2017-11-13,24.952728
2017-11-14,26.749002
2017-11-15,25.303886
2017-11-16,9.011042
2017-11-17,12.793222
2017-11-18,4.041341
2017-11-19,11.186489
2017-11-20,33.5145
2017-11-21,30.567165
2017-11-22,29.891573
2017-11-23,50.314754
2017-11-24,13.336135
2017-11-25,4.591841
2017-11-26,25.203842
2017-11-27,5.8683867
2017-11-28,23.725662
2017-11-29,6.715311
2017-11-30,12.070033
2017-12-01,12.582108
2017-12-02,15.344641
2017-12-03,3.963667
2017-12-04,0.00789149
2017-12-05,1.0612281e-08
2017-12-06,3.9557086e-08
2017-12-07,0.0
2017-12-08,0.0
2017-12-09,0.0
2017-12-10,0.0
2017-12-11,0.0
2017-12-12,0.0006643213
2017-12-13,6.4503844e-08
2017-12-14,0.0
2017-12-15,0.5760213
2017-12-16,1.9754817
2017-12-17,18.269936
2017-12-18,40.536263
2017-12-19,42.221653
2017-12-20,10.44326
2017-12-21,0.001302837
2017-12-22,2.1741807
2017-12-23,0.006143888
2017-12-24,2.8220908e-05
2017-12-25,2.6683283
2017-12-26,0.015195087
2017-12-27,4.1915627
2017-12-28,28.465002
2017-12-29,28.168095
2017-12-30,31.869028
2017-12-31,0.0014841729
2018-01-01,3.6545518e-07
2018-01-02,5.2878322e-12
2018-01-03,0.55721647
2018-01-04,0.08632891
2018-01-05,13.21475
2018-01-06,9.111529
2018-01-07,9.8687
2018-01-08,9.984423
2018-01-09,8.871528
2018-01-10,6.916069
2018-01-11,31.41045
2018-01-12,30.039442
2018-01-13,11.80763
2018-01-14,0.0012523272
2018-01-15,9.0820926e-05
2018-01-16,8.849877
2018-01-17,9.650499
2018-01-18,20.802309
2018-01-19,10.865465
2018-01-20,15.220537
2018-01-21,28.68895
2018-01-22,21.775816
2018-01-23,14.568919
2018-01-24,48.961357
2018-01-25,10.2277155
2018-01-26,13.6808815
2018-01-27,21.700726
2018-01-28,24.573542
2018-01-29,35.607994
2018-01-30,25.051052
2018-01-31,12.257141
2018-02-01,10.310331
2018-02-02,21.080582
2018-02-03,12.767148
2018-02-04,40.26575
2018-02-05,22.344881
2018-02-06,4.9828334
2018-02-07,4.5813293
2018-02-08,8.9692955
2018-02-09,2.6935165
2018-02-10,0.42739597
2018-02-11,0.0
2018-02-12,0.0
2018-02-13,0.0017011883
2018-02-14,14.781613
2018-02-15,1.3514683
2018-02-16,14.347057
2018-02-17,29.280209
2018-02-18,13.828009
2018-02-19,0.0023953908
2018-02-20,0.0002880058
2018-02-21,0.17858295
2018-02-22,0.91355044
2018-02-23,2.7202728
2018-02-24,17.420101
2018-02-25,23.072392
2018-02-26,3.8306518
2018-02-27,7.730378
2018-02-28,3.4606771
2018-03-01,15.380238
2018-03-02,8.248255
2018-03-03,0.27889636
2018-03-04,0.4813162
2018-03-05,7.3076878
2018-03-06,0.2189296
2018-03-07,3.5607366e-07
2018-03-08,15.324194
2018-03-09,23.242424
2018-03-10,0.018587232
2018-03-11,0.0
2018-03-12,0.0
2018-03-13,2.1174326
2018-03-14,14.460873
2018-03-15,0.85899544
2018-03-16,0.0013571349
2018-03-17,0.07429758
2018-03-18,1.764474
2018-03-19,1.4751679
2018-03-20,0.45632413
2018-03-21,0.4161783
2018-03-22,15.508896
2018-03-23,4.5863304
2018-03-24,6.962447
2018-03-25,0.29405928
2018-03-26,13.2800045
2018-03-27,26.899036
2018-03-28,0.8362671
2018-03-29,1.7404692
2018-03-30,5.7558436
2018-03-31,0.018305924
2018-04-01,9.615426
2018-04-02,7.6685324
2018-04-03,1.8709073
2018-04-04,3.9394925
2018-04-05,20.088531
2018-04-06,7.1120768
2018-04-07,24.768753
2018-04-08,28.34366
2018-04-09,7.4330254
2018-04-10,9.476084
2018-04-11,4.668811
2018-04-12,12.407166
2018-04-13,20.145264
2018-04-14,33.445724
2018-04-15,19.107256
2018-04-16,18.794315
2018-04-17,21.58163
2018-04-18,2.2884643
2018-04-19,0.022979623
2018-04-20,0.00012217122
2018-04-21,10.647557
2018-04-22,0.3770712
2018-04-23,2.422049e-12
2018-04-24,0.0
2018-04-25,1.12164065e-08
2018-04-26,0.0
2018-04-27,0.000106845815
2018-04-28,13.16238
2018-04-29,7.5595474
2018-04-30,6.0047355
2018-05-01,0.11119655
2018-05-02,0.0011652649
2018-05-03,2.443901e-06
2018-05-04,0.005302161
2018-05-05,3.7845988e-05
2018-05-06,0.14191642
2018-05-07,1.3105983
2018-05-08,0.0034760963
2018-05-09,8.357298
2018-05-10,4.199329
2018-05-11,2.1409903
2018-05-12,1.3576666e-06
2018-05-13,0.0
2018-05-14,0.0
2018-05-15,0.00078214885
2018-05-16,0.003057123
2018-05-17,0.047161758
2018-05-18,0.44645834
2018-05-19,2.205072
2018-05-20,0.82329196
2018-05-21,0.06938715
2018-05-22,6.5352375e-05
2018-05-23,0.0041612443
2018-05-24,0.032458212
2018-05-25,0.0014845142
2018-05-26,0.081601
2018-05-27,1.7458007e-09
2018-05-28,0.006406283
2018-05-29,0.009189382
2018-05-30,0.0011957813
2018-05-31,1.4862523
2018-06-01,1.6313922
2018-06-02,0.0040199733
2018-06-03,0.7092658
2018-06-04,1.6308002
2018-06-05,0.062776074
2018-06-06,7.637744e-06
2018-06-07,8.2702245e-06
2018-06-08,1.1647485
2018-06-09,11.272118
2018-06-10,11.161375
2018-06-11,2.833161
2018-06-12,0.01490788
2018-06-13,4.444773
2018-06-14,1.5442502
2018-06-15,0.34762472
2018-06-16,2.0444586
2018-06-17,0.029379265
2018-06-18,0.0002021254
2018-06-19,0.012255202
2018-06-20,3.4346058
2018-06-21,0.28476423
2018-06-22,0.05259691
2018-06-23,0.12651289
2018-06-24,0.0001377163
2018-06-25,6.1542087
2018-06-26,0.4020493
2018-06-27,0.0017680038
2018-06-28,0.23945016
2018-06-29,0.22135977
2018-06-30,2.1494944
2018-07-01,2.261672
2018-07-02,1.2654357
2018-07-03,0.087850265
2018-07-04,0.038037628
2018-07-05,0.019729549
2018-07-06,0.03668426
2018-07-07,2.2291634
2018-07-08,0.017225526
2018-07-09,0.0
2018-07-10,0.7990407
2018-07-11,0.0080988
2018-07-12,0.000124864
2018-07-13,0.0
2018-07-14,0.0
2018-07-15,0.0
2018-07-16,0.0
2018-07-17,0.0
2018-07-18,0.0010932814
2018-07-19,0.057951104
2018-07-20,0.009084195
2018-07-21,1.041428e-05
2018-07-22,4.9524984e-05
2018-07-23,0.00025272445
2018-07-24,0.000112598296
2018-07-25,5.7573638e-05
2018-07-26,0.00029427197
2018-07-27,0.05388871
2018-07-28,0.035690807
2018-07-29,0.06562451
2018-07-30,0.00050956197
2018-07-31,0.0
2018-08-01,1.0511433e-05
2018-08-02,0.07186894
2018-08-03,0.394826
2018-08-04,0.331635
2018-08-05,2.531512
2018-08-06,0.015983412
2018-08-07,0.0
2018-08-08,0.0
2018-08-09,0.0
2018-08-10,3.2896355e-06
2018-08-11,1.1392114
2018-08-12,3.6086626
2018-08-13,8.584502e-06
2018-08-14,0.0
2018-08-15,0.0
2018-08-16,0.0
2018-08-17,3.8703803e-07
2018-08-18,1.1741589e-09
2018-08-19,3.666943e-05
2018-08-20,0.0
2018-08-21,0.0
2018-08-22,0.0
2018-08-23,0.0005655871
2018-08-24,0.3373977
2018-08-25,1.9106419
2018-08-26,5.837061
2018-08-27,1.8148777
2018-08-28,0.0
2018-08-29,0.26842788
2018-08-30,0.29059842
2018-08-31,0.014203737
2018-09-01,0.03111967
2018-09-02,0.0013246848
2018-09-03,0.08223036
2018-09-04,0.00010847418
2018-09-05,0.0
2018-09-06,0.0
2018-09-07,0.007890553
2018-09-08,4.409091
2018-09-09,0.61748266
2018-09-10,14.125235
2018-09-11,23.725792
2018-09-12,6.7904963
2018-09-13,3.9244578
2018-09-14,3.9445138
2018-09-15,4.598216
2018-09-16,15.596177
2018-09-17,5.021191
2018-09-18,9.095727e-06
2018-09-19,0.0321833
2018-09-20,1.1521816
2018-09-21,6.1414795
2018-09-22,28.507753
2018-09-23,4.5936956
2018-09-24,0.05080817
2018-09-25,1.206193e-06
2018-09-26,7.5044286e-06
2018-09-27,0.0
2018-09-28,4.740385e-06
2018-09-29,0.004314354
2018-09-30,7.6724215
2018-10-01,14.851427
2018-10-02,11.848154
2018-10-03,1.7579182
2018-10-04,0.0
2018-10-05,1.035691
2018-10-06,0.2698833
2018-10-07,1.2730131
2018-10-08,5.0834975
2018-10-09,13.366703
2018-10-10,0.037062332
2018-10-11,0.005160673
2018-10-12,1.1790043e-09
2018-10-13,1.8130487e-06
2018-10-14,0.0
2018-10-15,0.0
2018-10-16,2.1068907e-08
2018-10-17,0.0
2018-10-18,0.0
2018-10-19,4.4844446e-06
2018-10-20,0.00025013305
2018-10-21,3.6613892e-05
2018-10-22,3.0351237e-06
2018-10-23,4.694836e-06
2018-10-24,2.0778208
2018-10-25,12.835302
2018-10-26,39.074646
2018-10-27,0.94143665
2018-10-28,49.965767
2018-10-29,8.972595
2018-10-30,3.9277215
2018-10-31,16.94311
2018-11-01,17.41119
2018-11-02,38.512398
2018-11-03,8.484129
2018-11-04,40.078697
2018-11-05,18.562548
2018-11-06,11.343939
2018-11-07,0.9666114
2018-11-08,1.1717391e-06
2018-11-09,5.622023
2018-11-10,0.025565296
2018-11-11,3.493579e-07
2018-11-12,0.0
2018-11-13,0.0
2018-11-14,12.134109
2018-11-15,0.48329395
2018-11-16,4.8514805
2018-11-17,2.3574223e-07
2018-11-18,0.0
2018-11-19,0.0
2018-11-20,0.0
2018-11-21,7.184021
2018-11-22,14.634237
2018-11-23,24.275173
2018-11-24,2.339435
2018-11-25,0.0109273065
2018-11-26,35.882767
2018-11-27,60.90821
2018-11-28,13.341572
2018-11-29,3.807001
2018-11-30,2.0490031
2018-12-01,1.6780871
2018-12-02,0.019734703
2018-12-03,0.00014456708
2018-12-04,3.159287e-07
2018-12-05,0.0
2018-12-06,1.5885716e-08
2018-12-07,2.2199464e-10
2018-12-08,1.0263466
2018-12-09,4.0475836
2018-12-10,13.251087
2018-12-11,51.23816
2018-12-12,14.219131
2018-12-13,51.4154
2018-12-14,1.4411885
2018-12-15,10.660208
2018-12-16,34.280872
2018-12-17,14.440842
2018-12-18,56.557304
2018-12-19,16.834532
2018-12-20,24.116268
2018-12-21,5.686022
2018-12-22,2.4101148
2018-12-23,33.08416
2018-12-24,1.5259429
2018-12-25,0.004301981
2018-12-26,6.78145
2018-12-27,2.1770077
2018-12-28,6.0383673
2018-12-29,40.04925
2018-12-30,8.330628
2018-12-31,0.0673372
2019-01-01,0.00087238353
2019-01-02,0.09003448
2019-01-03,64.12831
2019-01-04,34.25257
2019-01-05,0.16079333
2019-01-06,16.149841
2019-01-07,9.793362
2019-01-08,6.7550106
2019-01-09,21.76757
2019-01-10,22.81202
2019-01-11,0.006939288
2019-01-12,2.1395728e-08
2019-01-13,0.0
2019-01-14,5.236798e-06
2019-01-15,0.0
2019-01-16,0.027785085
2019-01-17,8.442131
2019-01-18,22.671144
2019-01-19,16.666763
2019-01-20,2.448033
2019-01-21,8.405926e-05
2019-01-22,12.418196
2019-01-23,40.258324
2019-01-24,0.062127344
2019-01-25,0.0027807804
2019-01-26,0.00024753137
2019-01-27,0.0002836105
2019-01-28,0.0004990096
2019-01-29,0.0
2019-01-30,0.0
2019-01-31,0.008716481
2019-02-01,33.483704
2019-02-02,11.1978035
2019-02-03,1.0631099
2019-02-04,1.6224219
2019-02-05,0.0017778868
2019-02-06,0.0
2019-02-07,2.9915522e-05
2019-02-08,4.582375
2019-02-09,4.257276
2019-02-10,0.29846007
2019-02-11,11.658844
2019-02-12,23.581879
2019-02-13,9.57276
2019-02-14,0.35663557
2019-02-15,12.521921
2019-02-16,0.64742213
2019-02-17,0.36019742
2019-02-18,0.0
2019-02-19,1.9126985
2019-02-20,4.7638807
2019-02-21,0.003908173
2019-02-22,9.359294
2019-02-23,5.9188704
2019-02-24,2.2516894
2019-02-25,0.030976973
2019-02-26,5.4909477e-05
2019-02-27,0.51806605
2019-02-28,5.398479
2019-03-01,0.0036314856
2019-03-02,0.019551245
2019-03-03,3.339609e-05
2019-03-04,0.0
2019-03-05,0.0004918934
2019-03-06,0.9472536
2019-03-07,8.486074
2019-03-08,4.043004
2019-03-09,0.1510162
2019-03-10,0.0045860778
2019-03-11,0.54574573
2019-03-12,21.95605
2019-03-13,1.8696283
2019-03-14,0.06781788
2019-03-15,0.022227295
2019-03-16,0.0
2019-03-17,3.3660524e-07
2019-03-18,0.0
2019-03-19,0.0
2019-03-20,0.0
2019-03-21,0.0
2019-03-22,0.024397124
2019-03-23,2.0086188
2019-03-24,1.797739
2019-03-25,2.0220156
2019-03-26,14.833323
2019-03-27,0.038765028
2019-03-28,1.7299467
2019-03-29,0.64844686
2019-03-30,0.1808471
2019-03-31,0.08348231
2019-04-01,0.0040235645
2019-04-02,0.0014304537
2019-04-03,13.87521
2019-04-04,0.4302321
2019-04-05,11.869019
2019-04-06,13.484438
2019-04-07,8.650897
2019-04-08,7.5774145
2019-04-09,9.496306
2019-04-10,9.881112
2019-04-11,6.78811
2019-04-12,6.1286736
2019-04-13,12.569073
2019-04-14,15.003323
2019-04-15,3.2611618
2019-04-16,0.21170062
2019-04-17,5.612417
2019-04-18,8.977913
2019-04-19,34.024315
2019-04-20,0.2058705
2019-04-21,0.0
2019-04-22,2.2453277
2019-04-23,5.0201836
2019-04-24,0.021739416
2019-04-25,0.0
2019-04-26,6.153919e-05
2019-04-27,1.733083
2019-04-28,0.16448647
2019-04-29,0.03875093
2019-04-30,0.04234206
2019-05-01,0.0007236479
2019-05-02,0.4876863
2019-05-03,0.025321294
2019-05-04,0.00023936099
2019-05-05,0.0023956487
2019-05-06,0.00055465184
2019-05-07,0.0
2019-05-08,0.0002558069
2019-05-09,1.9701865e-06
2019-05-10,0.0
2019-05-11,2.1530126e-05
2019-05-12,1.6176633e-05
2019-05-13,0.0
2019-05-14,4.1025867
2019-05-15,1.1229784
2019-05-16,3.053107
2019-05-17,39.858837
2019-05-18,0.19823053
2019-05-19,0.08121037
2019-05-20,6.7504635
2019-05-21,1.0988983
2019-05-22,0.08245242
2019-05-23,0.48875856
2019-05-24,6.8133845
2019-05-25,4.7517185
2019-05-26,0.870831
2019-05-27,0.07248964
2019-05-28,0.48034975
2019-05-29,0.92043513
2019-05-30,0.3674035
2019-05-31,0.07313579
2019-06-01,1.9186222e-05
2019-06-02,5.745068e-06
2019-06-03,0.0008969542
2019-06-04,1.39776075e-05
2019-06-05,0.3780384
2019-06-06,1.6505651
2019-06-07,12.019977
2019-06-08,2.6262007
2019-06-09,0.03593418
2019-06-10,0.004710842
2019-06-11,1.30302e-06
2019-06-12,1.0488579e-06
2019-06-13,1.2614271e-07
2019-06-14,0.0134318005
2019-06-15,0.007948979
2019-06-16,0.01108373
2019-06-17,5.3119133e-05
2019-06-18,0.24309605
2019-06-19,0.5352032
2019-06-20,8.016748
2019-06-21,3.8430707
2019-06-22,0.00549448
2019-06-23,0.4245621
2019-06-24,0.7731296
2019-06-25,0.04691889
2019-06-26,3.7690344
2019-06-27,8.375733
2019-06-28,3.2773294
2019-06-29,1.4689589
2019-06-30,0.22972636
2019-07-01,0.4196596
2019-07-02,1.2948261
2019-07-03,1.7969133
2019-07-04,0.052983858
2019-07-05,0.003364963
2019-07-06,0.44432282
2019-07-07,1.9523251
2019-07-08,0.44209778
2019-07-09,0.19235373
2019-07-10,6.301052
2019-07-11,2.0004601
2019-07-12,0.035053916
2019-07-13,0.09816324
2019-07-14,0.034352124
2019-07-15,0.57287925
2019-07-16,1.6633105
2019-07-17,9.042215
2019-07-18,5.404435
2019-07-19,0.91615975
2019-07-20,0.0004521832
2019-07-21,0.0
2019-07-22,0.0
2019-07-23,5.797917e-05
2019-07-24,0.3666183
2019-07-25,0.0
2019-07-26,3.597137e-06
2019-07-27,1.6822505
2019-07-28,0.0017003517
2019-07-29,5.4973294e-05
2019-07-30,0.00018748984
2019-07-31,0.00039090044
2019-08-01,0.00068824214
2019-08-02,4.2962513
2019-08-03,0.006562206
2019-08-04,0.0
2019-08-05,0.0
2019-08-06,0.0
2019-08-07,0.0
2019-08-08,0.00021942498
2019-08-09,1.2468207
2019-08-10,0.90716124
2019-08-11,0.9111762
2019-08-12,0.23105508
2019-08-13,0.00015418931
2019-08-14,0.018420825
2019-08-15,0.020318821
2019-08-16,0.00686356
2019-08-17,0.05474396
2019-08-18,0.045380354
2019-08-19,0.013216464
2019-08-20,4.9000005e-06
2019-08-21,0.4301378
2019-08-22,2.8226428
2019-08-23,0.060196023
2019-08-24,0.015616986
2019-08-25,0.69995797
2019-08-26,0.0005946697
2019-08-27,0.0
2019-08-28,0.0
2019-08-29,0.0011358954
2019-08-30,0.3340603
2019-08-31,4.214643e-05
2019-09-01,0.38053352
2019-09-02,0.025727171
2019-09-03,0.0011360749
2019-09-04,1.6324115
2019-09-05,2.0644948e-05
2019-09-06,1.778531e-05
2019-09-07,0.34406066
2019-09-08,10.654507
2019-09-09,4.7319
2019-09-10,10.130215
2019-09-11,1.567915
2019-09-12,0.01745558
2019-09-13,12.938515
2019-09-14,6.5616627
2019-09-15,27.799067
2019-09-16,2.5016253
2019-09-17,15.163147
2019-09-18,9.024496
2019-09-19,0.1662666
2019-09-20,0.23806411
2019-09-21,0.054600287
2019-09-22,13.796785
2019-09-23,4.7475667
2019-09-24,4.2999744
2019-09-25,0.037698627
2019-09-26,23.010101
2019-09-27,1.9843267
2019-09-28,3.7724867
2019-09-29,0.3650126
2019-09-30,0.07172981
2019-10-01,0.0
2019-10-02,0.0
2019-10-03,2.4502664
2019-10-04,7.2530327
2019-10-05,6.383457
2019-10-06,0.0075761285
2019-10-07,18.53719
2019-10-08,13.658649
2019-10-09,0.7232822
2019-10-10,0.0
2019-10-11,0.0
2019-10-12,0.2293972
2019-10-13,1.4039464
2019-10-14,0.011123415
2019-10-15,0.04224717
2019-10-16,7.984128
2019-10-17,27.598211
2019-10-18,32.616257
2019-10-19,14.78623
2019-10-20,15.660648
2019-10-21,22.281685
2019-10-22,24.25673
2019-10-23,0.03420136
2019-10-24,0.0058016432
2019-10-25,3.5111077
2019-10-26,0.056190543
2019-10-27,0.0
2019-10-28,1.19608e-05
2019-10-29,0.0
2019-10-30,0.0
2019-10-31,0.0
2019-11-01,1.8381645e-07
2019-11-02,3.8925837e-06
2019-11-03,1.11029285e-05
2019-11-04,0.0001526717
2019-11-05,0.0058852793
2019-11-06,0.0005802902
2019-11-07,7.4107e-07
2019-11-08,6.8569136e-08
2019-11-09,1.1692356
2019-11-10,1.8980169
2019-11-11,1.0408982e-06
2019-11-12,9.898558
2019-11-13,0.09525296
2019-11-14,2.302913e-06
2019-11-15,12.920407
2019-11-16,4.3595443
2019-11-17,33.01671
2019-11-18,0.25251964
2019-11-19,16.42468
2019-11-20,2.291968e-06
2019-11-21,0.0
2019-11-22,0.0
2019-11-23,0.06501832
2019-11-24,16.696154
2019-11-25,9.49906
2019-11-26,1.6079036
2019-11-27,0.68900573
2019-11-28,0.20418593
2019-11-29,0.0
2019-11-30,0.0
2019-12-01,1.4981353
2019-12-02,4.395751
2019-12-03,2.3844202
2019-12-04,16.315598
2019-12-05,0.088125736
2019-12-06,0.4226185
2019-12-07,12.02523
2019-12-08,0.43199784
2019-12-09,0.0009576674
2019-12-10,0.79024297
2019-12-11,6.808544
2019-12-12,36.58105
2019-12-13,14.649003
2019-12-14,3.6445832
2019-12-15,1.7419529
2019-12-16,2.7802153
2019-12-17,2.2888207
2019-12-18,0.03127279
2019-12-19,16.431278
2019-12-20,82.50217
2019-12-21,33.233444
2019-12-22,0.7378469
2019-12-23,6.5801353
2019-12-24,0.00844216
2019-12-25,0.02250912
2019-12-26,9.432226e-07
2019-12-27,4.927623
2019-12-28,0.033441376
2019-12-29,0.73307335
2019-12-30,0.4756142
2019-12-31,41.222008
2020-01-01,44.846786
2020-01-02,7.613555
2020-01-03,22.77578
2020-01-04,31.637676
2020-01-05,21.53189
2020-01-06,51.375774
2020-01-07,61.703087
2020-01-08,15.843775
2020-01-09,1.9587504
2020-01-10,25.976463
2020-01-11,23.12385
2020-01-12,27.872322
2020-01-13,4.262806
2020-01-14,0.3125767
2020-01-15,19.150362
2020-01-16,6.5858192
2020-01-17,3.3413906
2020-01-18,21.249203
2020-01-19,5.0530643
2020-01-20,0.07366569
2020-01-21,13.604623
2020-01-22,34.54234
2020-01-23,63.38268
2020-01-24,31.445055
2020-01-25,12.969599
2020-01-26,12.288725
2020-01-27,14.329176
2020-01-28,29.94018
2020-01-29,23.670963
2020-01-30,0.12164235
2020-01-31,59.3975
2020-02-01,59.142075
2020-02-02,2.0020852
2020-02-03,1.8562803
2020-02-04,5.959852
2020-02-05,46.337456
2020-02-06,38.565414
2020-02-07,12.815222
2020-02-08,28.57927
2020-02-09,0.0055788765
2020-02-10,0.0017089085
2020-02-11,1.1366484
2020-02-12,0.9151056
2020-02-13,5.045659
2020-02-14,11.023572
2020-02-15,16.285732
2020-02-16,9.435368
2020-02-17,8.279712
2020-02-18,0.021568697
2020-02-19,0.0
2020-02-20,0.0
2020-02-21,0.0
2020-02-22,3.0837297
2020-02-23,25.528877
2020-02-24,18.81304
2020-02-25,0.024291595
2020-02-26,1.4452808
2020-02-27,0.09957676
2020-02-28,0.00014569014
2020-02-29,18.539148
2020-03-01,1.4876746
2020-03-02,8.4086075
2020-03-03,9.913496
2020-03-04,14.602018
2020-03-05,0.01147482
2020-03-06,13.447955
2020-03-07,1.6462047
2020-03-08,2.3972907
2020-03-09,0.0040933928
2020-03-10,1.9146066
2020-03-11,6.653479
2020-03-12,0.09301835
2020-03-13,1.588575
2020-03-14,0.6437742
2020-03-15,0.00053819426
2020-03-16,0.0
2020-03-17,0.0
2020-03-18,0.0
2020-03-19,2.0672409e-05
2020-03-20,1.31536735e-05
2020-03-21,3.3490658e-05
2020-03-22,1.0933069e-08
2020-03-23,7.3858957
2020-03-24,14.528006
2020-03-25,3.5143738
2020-03-26,0.39752963
2020-03-27,5.460474
2020-03-28,14.135146
2020-03-29,29.67962
2020-03-30,26.775387
2020-03-31,14.5730715
2020-04-01,5.0502987
2020-04-02,0.67615336
2020-04-03,10.6534
2020-04-04,1.6452024
2020-04-05,5.90842e-05
2020-04-06,0.03459105
2020-04-07,0.0019052665
2020-04-08,0.0
2020-04-09,0.0
2020-04-10,0.014010623
2020-04-11,0.4258799
2020-04-12,0.0
2020-04-13,0.0
2020-04-14,0.000109585904
2020-04-15,0.13831577
2020-04-16,0.0
2020-04-17,0.017352026
2020-04-18,1.2122788
2020-04-19,1.0069243
2020-04-20,0.009753192
2020-04-21,0.21186723
2020-04-22,10.610287
2020-04-23,4.728516
2020-04-24,0.039563134
2020-04-25,8.291205
2020-04-26,0.6699673
2020-04-27,14.774795
2020-04-28,2.8181977
2020-04-29,0.18838969
2020-04-30,8.042865
2020-05-01,1.693237
2020-05-02,5.2570267
2020-05-03,14.5392
2020-05-04,1.1761045
2020-05-05,1.2892387
2020-05-06,10.995611
2020-05-07,0.23598634
2020-05-08,0.0
2020-05-09,0.0
2020-05-10,0.0
2020-05-11,5.323833e-06
2020-05-12,7.4320173
2020-05-13,10.316641
2020-05-14,1.4740999
2020-05-15,1.6258917
2020-05-16,1.9782933
2020-05-17,10.723103
2020-05-18,0.68227494
2020-05-19,0.9973342
2020-05-20,1.0497309
2020-05-21,3.5539975
2020-05-22,13.38442
2020-05-23,0.2296607
2020-05-24,0.012848744
2020-05-25,12.093103
2020-05-26,0.9598998
2020-05-27,1.63472e-07
2020-05-28,0.0
2020-05-29,4.175099e-06
2020-05-30,4.3473406
2020-05-31,11.854343
2020-06-01,0.0033744723
2020-06-02,1.4791112
2020-06-03,1.2426984
2020-06-04,0.8846146
2020-06-05,0.16892081
2020-06-06,3.322885
2020-06-07,3.751294
2020-06-08,1.7015635
2020-06-09,13.264903
2020-06-10,2.0052931
2020-06-11,0.6222863
2020-06-12,11.226494
2020-06-13,2.3619785
2020-06-14,6.571272
2020-06-15,9.041031
2020-06-16,2.8474948
2020-06-17,0.10382869
2020-06-18,0.0013864574
2020-06-19,0.005992329
2020-06-20,2.9799337
2020-06-21,2.6300607
2020-06-22,0.002472178
2020-06-23,0.017400246
2020-06-24,2.2017999
2020-06-25,0.031592026
2020-06-26,0.0396699
2020-06-27,0.8445649
2020-06-28,4.5001893
2020-06-29,2.4005437
2020-06-30,1.8802466
2020-07-01,13.5927105
2020-07-02,13.427097
2020-07-03,1.6933959
2020-07-04,0.020959936
2020-07-05,0.011957233
2020-07-06,0.00097166165
2020-07-07,0.93327904
2020-07-08,0.22637552
2020-07-09,5.222287
2020-07-10,2.0385818
2020-07-11,0.00022917439
2020-07-12,1.5436261
2020-07-13,0.002828045
2020-07-14,0.0009768173
2020-07-15,0.0007671543
2020-07-16,0.00050399156
2020-07-17,0.3143228
2020-07-18,0.0037809291
2020-07-19,0.00036293775
2020-07-20,0.0004849276
2020-07-21,1.7167375e-05
2020-07-22,0.083725825
2020-07-23,0.051169027
2020-07-24,0.25315583
2020-07-25,0.009038257
2020-07-26,0.0
2020-07-27,0.0
2020-07-28,0.0
2020-07-29,0.0
2020-07-30,1.1437075e-05
2020-07-31,0.021513786
2020-08-01,7.888791e-05
2020-08-02,0.00016475146
2020-08-03,0.09441107
2020-08-04,0.0080656
2020-08-05,1.3729243e-07
2020-08-06,4.1596656
2020-08-07,0.8010894
2020-08-08,0.29917884
2020-08-09,0.0013619224
2020-08-10,3.0493397e-09
2020-08-11,1.1827004e-06
2020-08-12,0.0062622125
2020-08-13,0.00012209882
2020-08-14,0.0
2020-08-15,0.0
2020-08-16,0.0
2020-08-17,0.063190825
2020-08-18,9.926676e-06
2020-08-19,4.2716667e-05
2020-08-20,0.40191945
2020-08-21,7.548103
2020-08-22,12.209966
2020-08-23,0.0
2020-08-24,1.7691198e-05
2020-08-25,0.0006574617
2020-08-26,0.00058322045
2020-08-27,1.2868628e-05
2020-08-28,1.8829325e-06
2020-08-29,0.0043951464
2020-08-30,0.0
2020-08-31,1.8363583
2020-09-01,0.002913453
2020-09-02,0.008428049
2020-09-03,6.085249e-05
2020-09-04,0.0
2020-09-05,0.0
2020-09-06,0.00021125065
2020-09-07,4.3251684e-06
2020-09-08,0.0
2020-09-09,0.0
2020-09-10,0.0
2020-09-11,0.0
2020-09-12,1.0992119e-06
2020-09-13,0.00044030417
2020-09-14,0.014039264
2020-09-15,0.0050732526
2020-09-16,0.022755066
2020-09-17,1.4887471e-05
2020-09-18,0.23571554
2020-09-19,3.679275
2020-09-20,0.72678035
2020-09-21,0.00087610737
2020-09-22,0.14773035
2020-09-23,53.862907
2020-09-24,35.826244
2020-09-25,36.600395
2020-09-26,13.142293
2020-09-27,1.4042001
2020-09-28,0.0
2020-09-29,3.4212846e-07
2020-09-30,1.4139863e-06
2020-10-01,0.0
2020-10-02,1.6314831e-06
2020-10-03,4.3523924e-06
2020-10-04,0.0105188005
2020-10-05,0.002617858
2020-10-06,6.128067e-06
2020-10-07,9.243198e-05
2020-10-08,0.0046515646
2020-10-09,0.04038994
2020-10-10,47.13938
2020-10-11,23.426743
2020-10-12,29.895638
2020-10-13,37.023964
2020-10-14,8.0785
2020-10-15,0.30660796
2020-10-16,21.323383
2020-10-17,3.0453022
2020-10-18,16.39767
2020-10-19,3.8391032
2020-10-20,0.7612846
2020-10-21,7.050138
2020-10-22,0.3598392
2020-10-23,21.039886
2020-10-24,3.9910939
2020-10-25,0.0
2020-10-26,0.005692848
2020-10-27,0.044678524
2020-10-28,0.3662168
2020-10-29,0.09370716
2020-10-30,13.277571
2020-10-31,0.018076649
2020-11-01,0.0
2020-11-02,1.7448106e-07
2020-11-03,33.42587
2020-11-04,12.611244
2020-11-05,29.113708
2020-11-06,0.03285551
2020-11-07,0.0027467045
2020-11-08,0.014089232
2020-11-09,0.64001024
2020-11-10,11.971602
2020-11-11,0.288633
2020-11-12,2.1354506
2020-11-13,60.986214
2020-11-14,7.7995615
2020-11-15,26.983288
2020-11-16,16.935127
2020-11-17,15.256485
2020-11-18,18.097317
2020-11-19,19.168156
2020-11-20,10.078343
2020-11-21,5.52149
2020-11-22,0.4298936
2020-11-23,3.1110268
2020-11-24,9.439436
2020-11-25,14.4610195
2020-11-26,0.80132174
2020-11-27,0.5157596
2020-11-28,7.455854
2020-11-29,2.4173944e-05
2020-11-30,16.419006
2020-12-01,0.16378716
2020-12-02,5.2994253e-08
2020-12-03,2.965923e-05
2020-12-04,0.00023409397
2020-12-05,3.4545517e-06
2020-12-06,0.60186136
2020-12-07,0.10166907
2020-12-08,27.893488
2020-12-09,13.653582
2020-12-10,0.36433938
2020-12-11,6.6179733
2020-12-12,0.019405726
2020-12-13,7.3993053
2020-12-14,8.405188
2020-12-15,25.366344
2020-12-16,11.712416
2020-12-17,29.793474
2020-12-18,11.430983
2020-12-19,32.58398
2020-12-20,33.358917
2020-12-21,51.19449
2020-12-22,11.875534
2020-12-23,0.0005012716
2020-12-24,1.942514e-08
2020-12-25,2.4314928
2020-12-26,29.180452
2020-12-27,6.4662333
2020-12-28,0.025490286
2020-12-29,0.0078833755
2020-12-30,44.7352
2020-12-31,22.489014
2021-01-01,22.709469
2021-01-02,51.254745
2021-01-03,34.488293
2021-01-04,32.255074
2021-01-05,8.511638
2021-01-06,38.680195
2021-01-07,0.0010447833
2021-01-08,5.8161273
2021-01-09,0.17853604
2021-01-10,1.8621035
2021-01-11,13.378151
2021-01-12,51.312607
2021-01-13,49.70563
2021-01-14,0.26560044
2021-01-15,4.009766
2021-01-16,0.0020494226
2021-01-17,6.007643
2021-01-18,0.05835143
2021-01-19,3.5306635e-07
2021-01-20,0.0024332397
2021-01-21,0.003810626
2021-01-22,0.0007444693
2021-01-23,0.0
2021-01-24,2.4251084
2021-01-25,2.9009988
2021-01-26,0.18358763
2021-01-27,4.2487135
2021-01-28,2.3455577
2021-01-29,0.26926184
2021-01-30,9.28775
2021-01-31,17.06769
2021-02-01,26.090042
2021-02-02,22.131851
2021-02-03,2.9343739
2021-02-04,10.213758
2021-02-05,29.161753
2021-02-06,22.738028
2021-02-07,10.716634
2021-02-08,3.3280125
2021-02-09,0.054398388
2021-02-10,0.020993162
2021-02-11,0.12035589
2021-02-12,0.1096754
2021-02-13,6.8188863
2021-02-14,5.049342
2021-02-15,16.423302
2021-02-16,10.0376835
2021-02-17,4.280854
2021-02-18,2.954494
2021-02-19,18.496784
2021-02-20,7.7892346
2021-02-21,26.256504
2021-02-22,53.210148
2021-02-23,13.08599
2021-02-24,0.7520083
2021-02-25,25.169846
2021-02-26,21.153187
2021-02-27,3.2963455
2021-02-28,4.055379
2021-03-01,0.027045105
2021-03-02,0.2952158
2021-03-03,8.858547e-05
2021-03-04,0.18557414
2021-03-05,11.808037
2021-03-06,4.519852
2021-03-07,7.7387867
2021-03-08,0.6868621
2021-03-09,0.38942552
2021-03-10,1.7911394
2021-03-11,0.20901302
2021-03-12,4.00516e-12
2021-03-13,8.702015e-07
2021-03-14,4.45932
2021-03-15,2.869896
2021-03-16,8.395308e-05
2021-03-17,3.0488394e-07
2021-03-18,2.9903626
2021-03-19,8.503336
2021-03-20,13.280781
2021-03-21,6.78177
2021-03-22,18.349558
2021-03-23,0.20981863
2021-03-24,15.904354
2021-03-25,4.371
2021-03-26,0.51735556
2021-03-27,0.08121845
2021-03-28,20.913506
2021-03-29,4.524811
2021-03-30,0.0021206075
2021-03-31,4.0442487e-06
2021-04-01,1.0307817e-05
2021-04-02,0.0902869
2021-04-03,0.22473794
2021-04-04,4.34232
2021-04-05,0.0059411344
2021-04-06,1.7720868e-09
2021-04-07,6.2818184
2021-04-08,18.54385
2021-04-09,1.4469254
2021-04-10,12.1383505
2021-04-11,0.15351781
2021-04-12,1.4866442e-08
2021-04-13,0.00016047125
2021-04-14,0.0
2021-04-15,0.0
2021-04-16,0.0
2021-04-17,0.0
2021-04-18,0.0008912247
2021-04-19,0.0011069747
2021-04-20,0.0
2021-04-21,0.0
2021-04-22,0.0026124618
2021-04-23,0.06097782
2021-04-24,8.730234
2021-04-25,10.045981
2021-04-26,2.5378048
2021-04-27,0.052962907
2021-04-28,0.005800294
2021-04-29,0.033620566
2021-04-30,5.2622547
2021-05-01,1.0726868
2021-05-02,0.5883498
2021-05-03,0.2838652
2021-05-04,2.1754928
2021-05-05,3.2330412e-05
2021-05-06,0.22845522
2021-05-07,11.740781
2021-05-08,3.1211033
2021-05-09,1.883385
2021-05-10,0.48466894
2021-05-11,0.0005531529
2021-05-12,0.524064
2021-05-13,0.045838412
2021-05-14,0.001392051
2021-05-15,1.2450867e-05
2021-05-16,4.958884e-07
2021-05-17,0.043547776
2021-05-18,15.131383
2021-05-19,1.8090566
2021-05-20,3.149466
2021-05-21,0.08207873
2021-05-22,3.6019458e-06
2021-05-23,0.014547909
2021-05-24,5.3703823
2021-05-25,2.072109
2021-05-26,0.62208045
2021-05-27,12.740133
2021-05-28,14.931862
2021-05-29,0.0012828199
2021-05-30,0.0
2021-05-31,5.4465214e-05
2021-06-01,4.2806885e-05
2021-06-02,0.0
2021-06-03,0.0014682965
2021-06-04,0.002285272
2021-06-05,7.2826767
2021-06-06,3.325269
2021-06-07,7.49848
2021-06-08,0.78226566
2021-06-09,1.8970606
2021-06-10,0.10319003
2021-06-11,0.6962893
2021-06-12,2.2952118
2021-06-13,8.15177
2021-06-14,11.400564
2021-06-15,1.0601528
2021-06-16,4.8228455
2021-06-17,2.3676328e-10
2021-06-18,0.0007209737
2021-06-19,0.00025049553
2021-06-20,0.026964625
2021-06-21,0.0
2021-06-22,0.0
2021-06-23,0.00015670477
2021-06-24,0.00295277
2021-06-25,0.0012454166
2021-06-26,0.0
2021-06-27,0.0
2021-06-28,0.0
2021-06-29,0.0
2021-06-30,0.0013287559
2021-07-01,0.11087751
2021-07-02,0.13404474
2021-07-03,0.0
2021-07-04,1.2543438e-05
2021-07-05,0.0025324905
2021-07-06,0.0007153561
2021-07-07,1.4691837
2021-07-08,0.13596341
2021-07-09,0.0046855966
2021-07-10,1.1643166e-06
2021-07-11,2.2353581e-10
2021-07-12,1.530361e-05
2021-07-13,1.3038064e-06
2021-07-14,2.6464424e-05
2021-07-15,2.4469587e-06
2021-07-16,0.006016706
2021-07-17,0.109193824
2021-07-18,1.1892513e-05
2021-07-19,0.0
2021-07-20,0.03255315
2021-07-21,0.015827805
2021-07-22,0.00043863157
2021-07-23,0.0
2021-07-24,3.4046207e-07
2021-07-25,7.1441204e-06
2021-07-26,9.2878745e-06
2021-07-27,1.1068255e-05
2021-07-28,0.0
2021-07-29,5.5179597e-11
2021-07-30,1.54799e-05
2021-07-31,0.0034130844
2021-08-01,0.23930103
2021-08-02,0.046956994
2021-08-03,4.6021505e-06
2021-08-04,2.369644e-05
2021-08-05,3.7870118e-06
2021-08-06,1.9931065
2021-08-07,5.1555033
2021-08-08,6.987895
2021-08-09,0.012887673
2021-08-10,6.4015894e-06
2021-08-11,0.0
2021-08-12,2.047838e-06
2021-08-13,0.0
2021-08-14,0.0
2021-08-15,0.0
2021-08-16,0.13799366
2021-08-17,2.6178985
2021-08-18,0.5989612
2021-08-19,0.02581226
2021-08-20,2.2267098
2021-08-21,1.770496
2021-08-22,1.5510232
2021-08-23,0.12532657
2021-08-24,0.026606157
2021-08-25,0.0
2021-08-26,0.25806117
2021-08-27,3.5792575
2021-08-28,0.0065771407
2021-08-29,5.785799e-06
2021-08-30,0.023733122
2021-08-31,2.2546692
2021-09-01,0.0070315963
2021-09-02,0.00096879853
2021-09-03,0.0
2021-09-04,0.00059539883
2021-09-05,0.42203057
2021-09-06,0.13710475
2021-09-07,5.9093617e-07
2021-09-08,1.3357236
2021-09-09,0.00011526125
2021-09-10,0.19629402
2021-09-11,0.1880666
2021-09-12,1.0338073
2021-09-13,0.0012636032
2021-09-14,2.2315412
2021-09-15,1.64041
2021-09-16,0.16529937
2021-09-17,18.312094
2021-09-18,49.38849
2021-09-19,15.906084
2021-09-20,3.3812203
2021-09-21,6.370158e-06
2021-09-22,0.57309544
2021-09-23,0.056965724
2021-09-24,1.8503725e-07
2021-09-25,2.2960476e-08
2021-09-26,0.20191352
2021-09-27,22.559958
2021-09-28,11.4483385
2021-09-29,4.9120417
2021-09-30,48.533108
2021-10-01,0.500007
2021-10-02,1.1081217e-05
2021-10-03,0.1390876
2021-10-04,0.006659364
2021-10-05,4.5839767
2021-10-06,4.3582487
2021-10-07,0.38967872
2021-10-08,4.9912805e-06
2021-10-09,0.074890845
2021-10-10,17.1526
2021-10-11,0.7225206
2021-10-12,0.14000446
2021-10-13,9.470182
2021-10-14,5.429139
2021-10-15,16.364761
2021-10-16,7.215727
2021-10-17,0.00514996
2021-10-18,0.38943726
2021-10-19,0.0026978874
2021-10-20,6.9370813
2021-10-21,0.6420488
2021-10-22,20.853046
2021-10-23,9.801026
2021-10-24,6.4719553
2021-10-25,21.656246
2021-10-26,31.492123
2021-10-27,22.383305
2021-10-28,73.195984
2021-10-29,25.483881
2021-10-30,0.053872243
2021-10-31,0.0
2021-11-01,0.00059895444
2021-11-02,5.206479
2021-11-03,8.63708
2021-11-04,27.948008
2021-11-05,15.084572
2021-11-06,7.7986655
2021-11-07,18.532072
2021-11-08,7.7023892
2021-11-09,20.7462
2021-11-10,14.900157
2021-11-11,11.520068
2021-11-12,51.688072
2021-11-13,6.759963
2021-11-14,52.920334
2021-11-15,65.05849
2021-11-16,10.670095
2021-11-17,0.05756694
2021-11-18,3.1926517
2021-11-19,10.099548
2021-11-20,0.046948522
2021-11-21,0.0015017443
2021-11-22,0.5410842
2021-11-23,12.812777
2021-11-24,0.25509435
2021-11-25,18.915327
2021-11-26,27.838154
2021-11-27,18.442726
2021-11-28,64.83812
2021-11-29,4.2694902
2021-11-30,25.067371
2021-12-01,8.279524
2021-12-02,8.720028
2021-12-03,0.0019288231
2021-12-04,11.315752
2021-12-05,0.11235319
2021-12-06,13.819867
2021-12-07,2.0248303
2021-12-08,9.654785
2021-12-09,12.861805
2021-12-10,7.0747147
2021-12-11,57.79058
2021-12-12,19.543806
2021-12-13,6.155449
2021-12-14,2.0170372
2021-12-15,1.706253
2021-12-16,4.782252
2021-12-17,0.09092459
2021-12-18,56.12074
2021-12-19,3.6043596
2021-12-20,0.0038817455
2021-12-21,0.5701362
2021-12-22,32.47361
2021-12-23,28.187517
2021-12-24,12.437328
2021-12-25,16.44323
2021-12-26,6.323263
2021-12-27,0.3239265
2021-12-28,0.2264018
2021-12-29,0.0072574634
2021-12-30,11.149775
2021-12-31,0.038015902
2022-01-01,0.00095864036
2022-01-02,7.5637503
2022-01-03,42.19874
2022-01-04,13.030811
2022-01-05,4.4011984
2022-01-06,38.16444
2022-01-07,54.715233
2022-01-08,2.295649
2022-01-09,0.5273839
2022-01-10,3.4307194
2022-01-11,21.827631
2022-01-12,53.945168
2022-01-13,1.2356322
2022-01-14,0.00071434374
2022-01-15,0.009629423
2022-01-16,0.00016425621
2022-01-17,0.46206987
2022-01-18,6.127595
2022-01-19,1.2077937
2022-01-20,28.989346
2022-01-21,2.5463538
2022-01-22,0.0015014522
2022-01-23,2.864478e-05
2022-01-24,0.020229898
2022-01-25,7.3452316e-06
2022-01-26,0.0
2022-01-27,7.631117e-07
2022-01-28,0.0
2022-01-29,1.4885799e-06
2022-01-30,8.761462
2022-01-31,20.359085
2022-02-01,3.077091
2022-02-02,4.778981
2022-02-03,16.386297
2022-02-04,9.291701
2022-02-05,9.1349
2022-02-06,0.001207723
2022-02-07,1.6066862
2022-02-08,0.23543875
2022-02-09,1.2508736
2022-02-10,0.02833486
2022-02-11,0.006513927
2022-02-12,1.1540225e-05
2022-02-13,4.183866e-07
2022-02-14,4.543943
2022-02-15,0.6916327
2022-02-16,0.21801111
2022-02-17,0.3927899
2022-02-18,0.2987789
2022-02-19,6.459793
2022-02-20,18.821823
2022-02-21,3.9113026
2022-02-22,0.05726143
2022-02-23,0.009258327
2022-02-24,1.8278
2022-02-25,0.0
2022-02-26,0.032530982
2022-02-27,31.349524
2022-02-28,71.214355
2022-03-01,24.686611
2022-03-02,7.460108
2022-03-03,8.672482
2022-03-04,0.71548057
2022-03-05,0.0053629284
2022-03-06,0.0
2022-03-07,1.933629e-05
2022-03-08,4.5869083
2022-03-09,8.6137575e-08
2022-03-10,3.7676529e-10
2022-03-11,2.239119
2022-03-12,0.16744027
2022-03-13,6.0198812
2022-03-14,18.71835
2022-03-15,27.502323
2022-03-16,14.076903
2022-03-17,6.183134
2022-03-18,6.167934
2022-03-19,13.068344
2022-03-20,7.436846
2022-03-21,14.921831
2022-03-22,1.9457711
2022-03-23,3.785885
2022-03-24,0.860246
2022-03-25,0.011180316
2022-03-26,0.92408097
2022-03-27,1.6288729
2022-03-28,0.68728876
2022-03-29,0.015688285
2022-03-30,3.0219188
2022-03-31,4.03485
2022-04-01,0.14528853
2022-04-02,5.2786064
2022-04-03,8.60903
2022-04-04,46.102432
2022-04-05,37.26008
2022-04-06,1.2159421
2022-04-07,0.0
2022-04-08,16.959106
2022-04-09,10.9563875
2022-04-10,4.1748667
2022-04-11,4.630402
2022-04-12,1.7647183
2022-04-13,0.7583809
2022-04-14,0.033309106
2022-04-15,0.844765
2022-04-16,1.2385615
2022-04-17,8.009791
2022-04-18,4.974965
2022-04-19,17.772408
2022-04-20,1.5687523
2022-04-21,5.8805866
2022-04-22,1.975389
2022-04-23,0.35826004
2022-04-24,0.00037410122
2022-04-25,6.948975
2022-04-26,3.96514
2022-04-27,8.484579
2022-04-28,0.730669
2022-04-29,1.2472574
2022-04-30,8.497858
2022-05-01,0.11030123
2022-05-02,3.3316224
2022-05-03,0.74282366
2022-05-04,0.24703026
2022-05-05,11.420055
2022-05-06,11.728578
2022-05-07,3.8807364
2022-05-08,5.2945848
2022-05-09,5.381331
2022-05-10,1.964649
2022-05-11,0.7000556
2022-05-12,10.486442
2022-05-13,11.964912
2022-05-14,6.5477047
2022-05-15,13.967957
2022-05-16,8.624367
2022-05-17,0.078239106
2022-05-18,19.212498
2022-05-19,8.52985
2022-05-20,0.65196455
2022-05-21,1.5686431
2022-05-22,0.070509925
2022-05-23,2.4160757
2022-05-24,0.39936048
2022-05-25,1.9444559
2022-05-26,0.41512024
2022-05-27,11.3037615
2022-05-28,2.4792428
2022-05-29,6.4667025
2022-05-30,5.770318
2022-05-31,0.48782754
2022-06-01,0.41325876
2022-06-02,3.2923617
2022-06-03,11.104273
2022-06-04,2.029374
2022-06-05,12.928414
2022-06-06,4.9053736
2022-06-07,0.018255714
2022-06-08,0.932372
2022-06-09,11.5045185
2022-06-10,27.004414
2022-06-11,4.7459736
2022-06-12,1.516301
2022-06-13,8.480421
2022-06-14,5.3373632
2022-06-15,0.14684415
2022-06-16,4.185111
2022-06-17,1.0263987
2022-06-18,1.3350854
2022-06-19,1.3422246
2022-06-20,0.28663892
2022-06-21,0.011020338
2022-06-22,0.91620475
2022-06-23,0.0169278
2022-06-24,0.0029047108
2022-06-25,0.0020285991
2022-06-26,4.7272247e-06
2022-06-27,0.0
2022-06-28,0.10014574
2022-06-29,7.689227
2022-06-30,1.3779509
2022-07-01,0.070939854
2022-07-02,0.0017937571
2022-07-03,15.115806
2022-07-04,0.8464476
2022-07-05,0.16213346
2022-07-06,2.12769
2022-07-07,0.47765338
2022-07-08,0.05183363
2022-07-09,0.00020206951
2022-07-10,0.030168407
2022-07-11,4.4921844e-06
2022-07-12,3.944838e-06
2022-07-13,1.38064e-06
2022-07-14,0.0
2022-07-15,0.0
2022-07-16,0.123937875
2022-07-17,0.27750915
2022-07-18,3.286193
2022-07-19,1.1763497e-05
2022-07-20,1.6012586e-05
2022-07-21,1.0383336e-06
2022-07-22,0.0008456132
2022-07-23,0.2936546
2022-07-24,0.012901747
2022-07-25,0.0
2022-07-26,0.0
2022-07-27,0.0
2022-07-28,0.0
2022-07-29,6.148661e-07
2022-07-30,0.0
2022-07-31,0.0
2022-08-01,0.0021073476
2022-08-02,0.00012355391
2022-08-03,6.7207274e-08
2022-08-04,3.3835983
2022-08-05,0.0036327965
2022-08-06,7.667577e-06
2022-08-07,0.0
2022-08-08,0.0
2022-08-09,0.057167273
2022-08-10,0.20617196
2022-08-11,0.0038794535
2022-08-12,0.0
2022-08-13,0.17494072
2022-08-14,0.0037528658
2022-08-15,4.778099e-07
2022-08-16,1.7503122e-07
2022-08-17,1.1399732e-11
2022-08-18,0.0
2022-08-19,0.59352696
2022-08-20,0.22177036
2022-08-21,0.026023116
2022-08-22,1.9793264e-05
2022-08-23,0.30067194
2022-08-24,0.38287377
2022-08-25,0.43400428
2022-08-26,0.0052132015
2022-08-27,0.9074722
2022-08-28,0.005630227
2022-08-29,3.9947554e-06
2022-08-30,0.0
2022-08-31,0.0
2022-09-01,1.0951755e-05
2022-09-02,0.0016403599
2022-09-03,0.017932829
2022-09-04,0.0056794398
2022-09-05,0.4627538
2022-09-06,2.3551243e-06
2022-09-07,0.0
2022-09-08,0.00025438084
2022-09-09,0.0
2022-09-10,0.0
2022-09-11,0.010300747
2022-09-12,1.132928
2022-09-13,0.6507172
2022-09-14,1.0369693
2022-09-15,0.55654436
2022-09-16,0.80420303
2022-09-17,0.0040228833
2022-09-18,0.0012623772
2022-09-19,0.0
2022-09-20,0.0
2022-09-21,0.0
2022-09-22,0.0
2022-09-23,0.12869081
2022-09-24,0.003922962
2022-09-25,6.340974e-08
2022-09-26,6.7307695e-08
2022-09-27,0.0
2022-09-28,0.01577439
2022-09-29,3.945961
2022-09-30,0.014904252
2022-10-01,1.4572965e-05
2022-10-02,0.0
2022-10-03,0.0
2022-10-04,2.3319615e-07
2022-10-05,0.00013396273
2022-10-06,0.00018656698
2022-10-07,0.0
2022-10-08,0.0
2022-10-09,2.7006402e-07
2022-10-10,0.019498104
2022-10-11,0.16222754
2022-10-12,0.0
2022-10-13,8.509571e-07
2022-10-14,0.0
2022-10-15,3.330384e-08
2022-10-16,0.0
2022-10-17,9.092262e-06
2022-10-18,2.9006731e-05
2022-10-19,5.0362516e-05
2022-10-20,0.17012191
2022-10-21,6.0485144
2022-10-22,2.5991702
2022-10-23,0.86928844
2022-10-24,20.776785
2022-10-25,15.196646
2022-10-26,15.64741
2022-10-27,6.3965373
2022-10-28,29.547388
2022-10-29,0.063643575
2022-10-30,30.676735
2022-10-31,39.645233
2022-11-01,1.1449747
2022-11-02,1.5808091
2022-11-03,4.143774
2022-11-04,77.54175
2022-11-05,25.802742
2022-11-06,13.438166
2022-11-07,11.895369
2022-11-08,1.909796
2022-11-09,2.8557213e-07
2022-11-10,1.0932158e-05
2022-11-11,0.077491134
2022-11-12,0.005056776
2022-11-13,2.0531606e-06
2022-11-14,6.6116795e-06
2022-11-15,3.1431907e-07
2022-11-16,0.0
2022-11-17,0.13299124
2022-11-18,9.167463e-10
2022-11-19,0.0
2022-11-20,0.0
2022-11-21,0.105963215
2022-11-22,25.722662
2022-11-23,2.0379198
2022-11-24,1.2121813e-08
2022-11-25,14.446748
2022-11-26,1.608634
2022-11-27,26.745441
2022-11-28,8.224598
2022-11-29,1.2179551
2022-11-30,39.2398
2022-12-01,4.28927
2022-12-02,0.4009454
2022-12-03,5.339879
2022-12-04,0.080118045
2022-12-05,0.09907746
2022-12-06,0.33317268
2022-12-07,1.1654223
2022-12-08,14.080778
2022-12-09,8.12825
2022-12-10,34.03414
2022-12-11,1.7197874
2022-12-12,0.0040210686
2022-12-13,0.0016312291
2022-12-14,0.06646471
2022-12-15,1.9579595e-06
2022-12-16,0.0
2022-12-17,0.024732996
2022-12-18,6.664736
2022-12-19,0.44775593
2022-12-20,22.293701
2022-12-21,0.15353025
2022-12-22,0.00047276396
2022-12-23,23.804924
2022-12-24,45.909157
2022-12-25,11.014053
2022-12-26,31.334406
2022-12-27,43.53325
2022-12-28,23.44927
2022-12-29,4.6878195
2022-12-30,17.944036
2022-12-31,18.242123
2023-01-01,2.7449484
2023-01-02,3.4787587e-05
2023-01-03,1.1046546
2023-01-04,0.036391348
2023-01-05,6.4947305
2023-01-06,8.3304615
2023-01-07,12.514915
2023-01-08,9.882293
2023-01-09,10.255089
2023-01-10,9.702393
2023-01-11,0.4347229
2023-01-12,48.185993
2023-01-13,34.92897
2023-01-14,8.435632
2023-01-15,3.0245826
2023-01-16,21.12447
2023-01-17,7.54475
2023-01-18,19.921467
2023-01-19,1.686842
2023-01-20,0.00650373
2023-01-21,2.4819484
2023-01-22,4.252623
2023-01-23,0.16941404
2023-01-24,3.892434
2023-01-25,0.38134667
2023-01-26,0.09310242
2023-01-27,13.80162
2023-01-28,0.018511819
2023-01-29,9.7963595e-05
2023-01-30,1.7788445e-05
2023-01-31,0.65472674
2023-02-01,1.4264565
2023-02-02,0.0
2023-02-03,8.498705
2023-02-04,23.69209
2023-02-05,4.0395565
2023-02-06,5.29195
2023-02-07,41.26866
2023-02-08,12.127695
2023-02-09,3.0779996
2023-02-10,8.63342
2023-02-11,0.7422395
2023-02-12,0.30678964
2023-02-13,17.279774
2023-02-14,3.1649427
2023-02-15,5.816477e-05
2023-02-16,0.066905186
2023-02-17,10.702191
2023-02-18,7.204948
2023-02-19,14.371356
2023-02-20,35.771286
2023-02-21,28.204424
2023-02-22,1.2245502
2023-02-23,0.13422957
2023-02-24,3.8491416e-06
2023-02-25,0.0097706765
2023-02-26,19.28907
2023-02-27,4.8800855
2023-02-28,7.3649826
2023-03-01,0.35210055
2023-03-02,20.615997
2023-03-03,12.4602785
2023-03-04,7.2883406
2023-03-05,2.096823
2023-03-06,0.18214796
2023-03-07,1.2855573
2023-03-08,0.47485274
2023-03-09,0.41068965
2023-03-10,6.6562796
2023-03-11,3.4202137
2023-03-12,1.6657071
2023-03-13,33.34592
2023-03-14,8.080872
2023-03-15,2.9900212
2023-03-16,0.03067861
2023-03-17,0.0
2023-03-18,2.5194365e-06
2023-03-19,0.00062346953
2023-03-20,2.8065479
2023-03-21,2.2133455
2023-03-22,9.700741e-06
2023-03-23,5.519251
2023-03-24,13.355936
2023-03-25,7.955021
2023-03-26,4.170788
2023-03-27,0.84064883
2023-03-28,0.034915373
2023-03-29,0.0006292892
2023-03-30,6.390661e-05
2023-03-31,6.181905
2023-04-01,22.140388
2023-04-02,10.260367
2023-04-03,2.0954695
2023-04-04,2.5862517
2023-04-05,0.11268386
2023-04-06,6.7572794
2023-04-07,17.498058
2023-04-08,5.257971
2023-04-09,26.661247
2023-04-10,18.087984
2023-04-11,18.841324
2023-04-12,1.056773
2023-04-13,0.93120146
2023-04-14,1.9479542
2023-04-15,1.1390119
2023-04-16,8.2320385
2023-04-17,8.181225
2023-04-18,12.229609
2023-04-19,2.3831887
2023-04-20,2.6487346
2023-04-21,14.583209
2023-04-22,2.140932
2023-04-23,9.52433
2023-04-24,7.6109357
2023-04-25,0.17713664
2023-04-26,0.95135415
2023-04-27,0.009741471
2023-04-28,1.2792932e-06
2023-04-29,0.0
2023-04-30,0.038571186
2023-05-01,5.400725
2023-05-02,0.04715912
2023-05-03,0.18680006
2023-05-04,0.65525126
2023-05-05,15.506659
2023-05-06,2.5747442
2023-05-07,0.2829989
2023-05-08,0.6188508
2023-05-09,3.9373798
2023-05-10,2.417798
2023-05-11,0.734935
2023-05-12,0.000112530564
2023-05-13,0.0
2023-05-14,0.0
2023-05-15,0.02175781
2023-05-16,0.36050037
2023-05-17,0.68571043
2023-05-18,0.83355004
2023-05-19,0.10310214
2023-05-20,1.8266954e-05
2023-05-21,0.04681082
2023-05-22,5.600185
2023-05-23,1.3092463
2023-05-24,0.014573477
2023-05-25,0.0046113404
2023-05-26,1.359335
2023-05-27,1.754957
2023-05-28,1.4799591e-05
2023-05-29,6.397751e-05
2023-05-30,0.00016351059
2023-05-31,0.015922636
2023-06-01,0.0029521417
2023-06-02,0.000183113
2023-06-03,1.1787473e-11
2023-06-04,0.00029351003
2023-06-05,0.0
2023-06-06,0.0
2023-06-07,0.0
2023-06-08,0.0
2023-06-09,6.638387
2023-06-10,6.085608
2023-06-11,0.07863841
2023-06-12,0.050707005
2023-06-13,0.0012716714
2023-06-14,0.18802205
2023-06-15,9.618436e-05
2023-06-16,0.045695525
2023-06-17,0.23473406
2023-06-18,4.0511875
2023-06-19,3.5126166
2023-06-20,15.260311
2023-06-21,2.6978865
2023-06-22,0.5839954
2023-06-23,0.931143
2023-06-24,2.02883
2023-06-25,1.1890316
2023-06-26,7.488084
2023-06-27,5.2024584
2023-06-28,3.118388
2023-06-29,0.039860673
2023-06-30,5.7245365e-06
2023-07-01,3.267708e-08
2023-07-02,3.684862e-05
2023-07-03,0.0
2023-07-04,0.00025739789
2023-07-05,0.08334373
2023-07-06,0.34251478
2023-07-07,0.8641143
2023-07-08,0.41324633
2023-07-09,0.00592213
2023-07-10,0.019248817
2023-07-11,0.02860876
2023-07-12,0.0019968518
2023-07-13,0.0009554662
2023-07-14,0.0009992189
2023-07-15,0.0
2023-07-16,0.00042430987
2023-07-17,1.0121869
2023-07-18,0.060779933
2023-07-19,0.0
2023-07-20,3.2976318e-06
2023-07-21,0.0
2023-07-22,1.075836e-06
2023-07-23,1.801919e-05
2023-07-24,0.9267026
2023-07-25,9.691608
2023-07-26,0.25704122
2023-07-27,0.71634084
2023-07-28,0.23159477
2023-07-29,0.006790767
2023-07-30,3.3037333e-05
2023-07-31,2.9544142e-05
2023-08-01,0.00023480647
2023-08-02,0.0
2023-08-03,1.8526005e-06
2023-08-04,2.2665683e-06
2023-08-05,0.050786156
2023-08-06,0.07199631
2023-08-07,8.606865
2023-08-08,0.08640066
2023-08-09,3.1575089
2023-08-10,0.7775426
2023-08-11,0.010389773
2023-08-12,6.583088e-06
2023-08-13,0.0
2023-08-14,0.0
2023-08-15,0.0
2023-08-16,4.5481742e-05
2023-08-17,0.0
2023-08-18,0.0012332696
2023-08-19,0.0
2023-08-20,0.0
2023-08-21,0.0
2023-08-22,0.0030410753
2023-08-23,2.4769773
2023-08-24,0.010460984
2023-08-25,0.22518227
2023-08-26,0.012049167
2023-08-27,7.6522035e-08
2023-08-28,0.0
2023-08-29,3.0926049
2023-08-30,17.178625
2023-08-31,0.87037647
2023-09-01,0.14434019
2023-09-02,0.0
2023-09-03,0.74381244
2023-09-04,1.5646746
2023-09-05,0.032442577
2023-09-06,0.0019170815
2023-09-07,0.017765416
2023-09-08,0.0008998187
2023-09-09,1.19108705e-07
2023-09-10,0.0
2023-09-11,0.07740477
2023-09-12,0.3919847
2023-09-13,1.0249846
2023-09-14,5.9196835e-05
2023-09-15,1.2317841e-05
2023-09-16,3.8742575e-05
2023-09-17,0.0
2023-09-18,0.28643152
2023-09-19,0.016014103
2023-09-20,7.418434
2023-09-21,3.899574e-05
2023-09-22,0.0012035093
2023-09-23,1.5276153
2023-09-24,1.7602673
2023-09-25,17.595345
2023-09-26,13.258675
2023-09-27,12.70286
2023-09-28,9.969251
2023-09-29,1.021376
2023-09-30,0.00038136172
2023-10-01,9.453927e-07
2023-10-02,6.7710667
2023-10-03,1.5330311
2023-10-04,0.046959087
2023-10-05,0.0034056506
2023-10-06,3.5922312e-05
2023-10-07,0.0
2023-10-08,0.0
2023-10-09,0.18261777
2023-10-10,9.5809355
2023-10-11,7.07611
2023-10-12,0.06211385
2023-10-13,6.0309514e-05
2023-10-14,0.8506132
2023-10-15,8.012896
2023-10-16,12.236223
2023-10-17,9.870626
2023-10-18,1.3283236
2023-10-19,0.0144481305
2023-10-20,0.23947234
2023-10-21,0.00015548765
2023-10-22,0.15446332
2023-10-23,0.06953031
2023-10-24,4.9539576
2023-10-25,11.878423
2023-10-26,2.7329597e-05
2023-10-27,2.2508725e-06
2023-10-28,0.0
2023-10-29,0.0
2023-10-30,0.0
2023-10-31,3.1596805e-06
2023-11-01,5.4656375e-06
2023-11-02,47.45455
2023-11-03,5.181094
2023-11-04,52.096718
2023-11-05,3.8486328
2023-11-06,8.808214
2023-11-07,9.401956
2023-11-08,0.064959615
2023-11-09,0.0017036593
2023-11-10,10.987457
2023-11-11,48.253876
2023-11-12,5.8107014
2023-11-13,13.515696
2023-11-14,0.039419144
2023-11-15,0.0024885056
2023-11-16,2.5912621e-05
2023-11-17,0.0
2023-11-18,5.1900884e-07
2023-11-19,12.596539
2023-11-20,0.16668601
2023-11-21,0.0
2023-11-22,8.8664
2023-11-23,0.0007051189
2023-11-24,0.0
2023-11-25,4.1700073e-07
2023-11-26,2.6105421e-05
2023-11-27,7.88816e-07
2023-11-28,7.6735193e-07
2023-11-29,0.0
2023-11-30,0.8542051
2023-12-01,13.7401705
2023-12-02,29.072096
2023-12-03,16.911985
2023-12-04,27.310022
2023-12-05,103.02707
2023-12-06,15.50009
2023-12-07,7.0508947
2023-12-08,4.867982
2023-12-09,16.08553
2023-12-10,31.199944
2023-12-11,1.905431
2023-12-12,0.00020290042
2023-12-13,2.8535155e-06
2023-12-14,4.457242
2023-12-15,0.0018790667
2023-12-16,1.9899303e-06
2023-12-17,3.1430962e-05
2023-12-18,0.51982826
2023-12-19,8.255231
2023-12-20,4.624131
2023-12-21,0.14244227
2023-12-22,11.775261
2023-12-23,2.3766506
2023-12-24,0.012143761
2023-12-25,6.7947254
2023-12-26,14.157461
2023-12-27,2.246417
2023-12-28,14.12786
2023-12-29,0.27545914
2023-12-30,5.7591453
2023-12-31,1.0258301
2024-01-01,0.0017520207
2024-01-02,1.9813786
2024-01-03,7.3474
2024-01-04,9.275583
2024-01-05,10.052824
2024-01-06,24.378994
2024-01-07,0.05682102
2024-01-08,8.385497
2024-01-09,67.49894
2024-01-10,21.185059
2024-01-11,1.211312
2024-01-12,1.1320456e-05
2024-01-13,5.318101e-05
2024-01-14,0.0
2024-01-15,1.217361e-07
2024-01-16,0.0
2024-01-17,26.820564
2024-01-18,1.3968394
2024-01-19,10.370385
2024-01-20,0.5810012
2024-01-21,10.834896
2024-01-22,14.569319
2024-01-23,13.354902
2024-01-24,12.4621105
2024-01-25,15.857121
2024-01-26,4.2814703
2024-01-27,28.912006
2024-01-28,37.958687
2024-01-29,0.92275345
2024-01-30,6.945043
2024-01-31,14.826986
2024-02-01,7.507495
2024-02-02,0.78315777
2024-02-03,0.10714654
2024-02-04,1.7731547
2024-02-05,0.5913259
2024-02-06,4.988929
2024-02-07,0.8295882
2024-02-08,1.6706053
2024-02-09,0.77695656
2024-02-10,0.16474593
2024-02-11,21.320358
2024-02-12,16.380402
2024-02-13,0.0040465076
2024-02-14,0.0027120193
2024-02-15,0.40489063
2024-02-16,0.029481046
2024-02-17,0.013174698
2024-02-18,1.3469424
2024-02-19,1.0607879
2024-02-20,4.687523
2024-02-21,12.565147
2024-02-22,6.1770086
2024-02-23,0.0766986
2024-02-24,4.407137
2024-02-25,34.6789
2024-02-26,10.174257
2024-02-27,2.7105525
2024-02-28,53.876694
2024-02-29,35.70993
2024-03-01,9.419219
2024-03-02,6.399317
2024-03-03,6.184476
2024-03-04,11.40416
2024-03-05,0.34127837
2024-03-06,1.913151e-05
2024-03-07,8.590982e-05
2024-03-08,0.44718632
2024-03-09,7.8669014
2024-03-10,25.371613
2024-03-11,12.090381
2024-03-12,25.018797
2024-03-13,2.5218663
2024-03-14,0.008731823
2024-03-15,1.324843e-06
2024-03-16,3.2453365e-06
2024-03-17,0.0
2024-03-18,1.2338569e-05
2024-03-19,1.927264e-06
2024-03-20,0.0014993184
2024-03-21,2.9177113
2024-03-22,1.3619714
2024-03-23,16.405815
2024-03-24,1.7163848
2024-03-25,0.9947441
2024-03-26,5.1086884
2024-03-27,12.49428
2024-03-28,8.006684
2024-03-29,6.67801
2024-03-30,0.14098889
2024-03-31,1.9885164e-07
2024-04-01,1.438384e-07
2024-04-02,4.1050764e-05
2024-04-03,12.442727
2024-04-04,0.8167092
2024-04-05,4.257143
2024-04-06,1.169575
2024-04-07,4.952301
2024-04-08,8.249592
2024-04-09,22.29792
2024-04-10,0.000914027
2024-04-11,0.4611535
2024-04-12,1.5074687
2024-04-13,3.8161425e-06
2024-04-14,0.0
2024-04-15,0.17465019
2024-04-16,2.0495672
2024-04-17,0.73499197
2024-04-18,0.004323934
2024-04-19,0.0022289061
2024-04-20,0.0018202809
2024-04-21,11.594975
2024-04-22,0.17538303
2024-04-23,0.0
2024-04-24,1.0369046
2024-04-25,10.207269
2024-04-26,7.6283607
2024-04-27,8.65136
2024-04-28,14.900257
2024-04-29,13.175172
2024-04-30,6.328036
2024-05-01,2.263568
2024-05-02,0.26162297
2024-05-03,0.00024258831
2024-05-04,0.9067242
2024-05-05,9.124243
2024-05-06,16.489214
2024-05-07,7.090972
2024-05-08,0.00335794
2024-05-09,0.0
2024-05-10,0.0
2024-05-11,0.0
2024-05-12,8.070147e-08
2024-05-13,0.026255846
2024-05-14,0.00060111284
2024-05-15,8.304648e-06
2024-05-16,3.6521425
2024-05-17,2.7889347
2024-05-18,1.3488383
2024-05-19,3.4142203
2024-05-20,0.3103872
2024-05-21,10.224199
2024-05-22,10.27973
2024-05-23,0.9512317
2024-05-24,0.9957205
2024-05-25,5.6049595
2024-05-26,7.627463
2024-05-27,0.4568916
2024-05-28,8.109808
2024-05-29,9.492751
2024-05-30,0.78450453
2024-05-31,0.0003952257
2024-06-01,6.24374
2024-06-02,11.099482
2024-06-03,42.272545
2024-06-04,18.392817
2024-06-05,0.678087
2024-06-06,3.7573116e-06
2024-06-07,0.0
2024-06-08,0.0
2024-06-09,1.9170264e-05
2024-06-10,0.001594796
2024-06-11,0.5972279
2024-06-12,0.23760968
2024-06-13,4.277929e-05
2024-06-14,1.1562197
2024-06-15,10.280015
2024-06-16,6.1890864
2024-06-17,2.0563896
2024-06-18,2.3760853
2024-06-19,0.19408128
2024-06-20,0.11944526
2024-06-21,0.017200332
2024-06-22,0.0008550555
2024-06-23,1.8692715
2024-06-24,0.21851635
2024-06-25,3.5502977e-05
2024-06-26,0.4039131
2024-06-27,13.534298
2024-06-28,1.206363
2024-06-29,0.04809845
2024-06-30,1.2378738
2024-07-01,0.08967672
2024-07-02,0.021146499
2024-07-03,0.00024388384
2024-07-04,0.00082629034
2024-07-05,0.0
2024-07-06,0.0
2024-07-07,0.0
2024-07-08,0.0
2024-07-09,0.0
2024-07-10,0.0
2024-07-11,1.2317557e-06
2024-07-12,0.0
2024-07-13,0.0
2024-07-14,3.61883e-07
2024-07-15,2.456569e-06
2024-07-16,1.4291852e-07
2024-07-17,0.0017768656
2024-07-18,0.010541639
2024-07-19,8.726888e-05
2024-07-20,1.6624116e-07
2024-07-21,0.00015977742
2024-07-22,0.0045551797
2024-07-23,0.0016186546
2024-07-24,0.00026686324
2024-07-25,1.375067
2024-07-26,0.0010670542
2024-07-27,0.000393686
2024-07-28,0.0022930312
2024-07-29,7.330899
2024-07-30,7.72737
2024-07-31,0.20102775
2024-08-01,7.0502983e-06
2024-08-02,0.0
2024-08-03,0.0
2024-08-04,2.7636816e-07
2024-08-05,3.888453e-06
2024-08-06,0.0037277576
2024-08-07,0.001556282
2024-08-08,0.03671702
2024-08-09,1.0589497
2024-08-10,0.5319734
2024-08-11,0.06532764
2024-08-12,1.6175716
2024-08-13,0.10193858
2024-08-14,0.08504903
2024-08-15,0.670129
2024-08-16,0.21470416
2024-08-17,0.0027846762
2024-08-18,4.682436
2024-08-19,0.25695887
2024-08-20,6.23441
2024-08-21,2.6320086
2024-08-22,0.31287625
2024-08-23,2.8920038
2024-08-24,25.38094
2024-08-25,1.3670967
2024-08-26,0.015349146
2024-08-27,7.3699803
2024-08-28,0.012097581
2024-08-29,0.0
2024-08-30,0.0
2024-08-31,0.0
2024-09-01,0.0057050316
2024-09-02,0.07774236
2024-09-03,0.07706908
2024-09-04,0.00019168612
2024-09-05,0.0
2024-09-06,0.0
2024-09-07,0.009143027
2024-09-08,0.053343784
2024-09-09,1.5247034e-05
2024-09-10,8.729434e-06
2024-09-11,3.7702537
2024-09-12,0.53539896
2024-09-13,0.00095570215
2024-09-14,9.08523
2024-09-15,1.9056103
2024-09-16,0.000111920715
2024-09-17,0.00042156928
2024-09-18,0.10894975
2024-09-19,0.038745448
2024-09-20,0.06784308
2024-09-21,6.673383e-05
2024-09-22,0.062984675
2024-09-23,1.110376
2024-09-24,0.00022555787
2024-09-25,9.679579
2024-09-26,7.9673715
2024-09-27,3.7557194
2024-09-28,0.00014518772
2024-09-29,0.1081917
2024-09-30,0.0
