day,0
1981-01-01,0.03982456222875044
1981-01-02,0.09245614226674662
1981-01-03,0.0
1981-01-04,0.0
1981-01-05,0.4207017631037161
1981-01-06,0.0
1981-01-07,0.0
1981-01-08,2.5252632102230566
1981-01-09,0.33298246304038914
1981-01-10,0.0
1981-01-11,0.09807017747079955
1981-01-12,0.0
1981-01-13,0.0
1981-01-14,0.009824561607092618
1981-01-15,0.0
1981-01-16,0.0
1981-01-17,4.115438681771048
1981-01-18,3.3721053330344146
1981-01-19,0.43771930731600156
1981-01-20,1.9619298652163706
1981-01-21,14.843509079515934
1981-01-22,10.278245827020147
1981-01-23,5.022631683025975
1981-01-24,2.330000048282091
1981-01-25,0.18105263533070687
1981-01-26,14.942807327187621
1981-01-27,2.0759649552986956
1981-01-28,5.164736949128565
1981-01-29,3.018947430979461
1981-01-30,0.12964912549359725
1981-01-31,0.0
1981-02-01,0.7919298409717158
1981-02-02,0.12210526568815114
1981-02-03,0.0
1981-02-04,0.0
1981-02-05,0.0
1981-02-06,0.206315793748945
1981-02-07,0.0035087720025330786
1981-02-08,0.0
1981-02-09,0.8889473868417553
1981-02-10,1.8036842479021291
1981-02-11,20.79000043080887
1981-02-12,34.85982528376626
1981-02-13,13.616666948830243
1981-02-14,32.01684276871383
1981-02-15,45.5052641008515
1981-02-16,53.03684320428875
1981-02-17,19.993509186233858
1981-02-18,38.610000800073614
1981-02-19,36.413334087887776
1981-02-20,3.1498246266739445
1981-02-21,0.7564912437461317
1981-02-22,0.0
1981-02-23,5.533333447994664
1981-02-24,6.56280715353787
1981-02-25,4.5636843050946485
1981-02-26,0.9375438790768386
1981-02-27,0.0
1981-02-28,0.0
1981-03-01,0.08982456326484682
1981-03-02,0.05631579064065591
1981-03-03,9.483333529846277
1981-03-04,1.4891228378750383
1981-03-05,0.04929824663558976
1981-03-06,0.16894737192196774
1981-03-07,0.3607017618604005
1981-03-08,0.0
1981-03-09,0.0
1981-03-10,0.004736842203419656
1981-03-11,0.0
1981-03-12,0.1557894769124687
1981-03-13,0.0
1981-03-14,2.0300000420655127
1981-03-15,8.082456307834946
1981-03-16,3.056842168606818
1981-03-17,0.18105263533070684
1981-03-18,0.07035087865078822
1981-03-19,0.0
1981-03-20,1.275438622920774
1981-03-21,1.0773684433777817
1981-03-22,6.517368556105067
1981-03-23,5.618596607656219
1981-03-24,2.5342105788295157
1981-03-25,6.400877325620968
1981-03-26,0.026140351418871433
1981-03-27,1.3124561675474982
1981-03-28,3.3987720002536665
1981-03-29,15.293859966041056
1981-03-30,12.80842131804675
1981-03-31,16.625088063802107
1981-04-01,2.9819298863527366
1981-04-02,6.706315928441473
1981-04-03,6.871403651160653
1981-04-04,8.859473867795895
1981-04-05,41.49245700015454
1981-04-06,3.815614114154596
1981-04-07,8.03140367519809
1981-04-08,35.377544592740016
1981-04-09,12.073158144915942
1981-04-10,7.435263311967719
1981-04-11,19.421053034020588
1981-04-12,4.774912379647139
1981-04-13,0.8256140521960333
1981-04-14,0.0
1981-04-15,4.708596588799265
1981-04-16,3.458245685696602
1981-04-17,0.0335087726241909
1981-04-18,0.03561403582571075
1981-04-19,0.812631595786661
1981-04-20,3.4287720008753246
1981-04-21,6.573859785345849
1981-04-22,27.250526880472897
1981-04-23,9.421754581201823
1981-04-24,9.962631785392297
1981-04-25,0.21298246055375786
1981-04-26,3.444912352086976
1981-04-27,29.1863163942704
1981-04-28,23.766667159157805
1981-04-29,0.0
1981-04-30,0.0010526316007599236
1981-05-01,2.840877251850907
1981-05-02,3.7001755152712574
1981-05-03,6.136140478029847
1981-05-04,1.5189473998965695
1981-05-05,1.05596493416233
1981-05-06,1.657719332596753
1981-05-07,2.2792982928454877
1981-05-08,0.21456140795489775
1981-05-09,4.969298348587473
1981-05-10,0.9785965115064756
1981-05-11,2.4573684719740414
1981-05-12,0.0
1981-05-13,0.04385965003166348
1981-05-14,10.272105476015714
1981-05-15,4.209649210039061
1981-05-16,0.014561403810512276
1981-05-17,1.8456140733323994
1981-05-18,9.800351080275142
1981-05-19,3.918596572428942
1981-05-20,0.9608772128936834
1981-05-21,0.15333333651069553
1981-05-22,0.0
1981-05-23,0.5796491348184645
1981-05-24,13.129649394878651
1981-05-25,9.23052650706377
1981-05-26,1.0187719509354793
1981-05-27,0.0
1981-05-28,0.008421052806079387
1981-05-29,2.942105324123986
1981-05-30,1.42350880142767
1981-05-31,0.15947368751512842
1981-06-01,0.6766666806885042
1981-06-02,1.7494737204629927
1981-06-03,15.361579265689944
1981-06-04,10.269649335613941
1981-06-05,21.507017989526506
1981-06-06,2.755087776388973
1981-06-07,5.781228189973627
1981-06-08,16.24684244192904
1981-06-09,6.534736977517605
1981-06-10,7.057719444495159
1981-06-11,0.18666667053475977
1981-06-12,7.298070326668676
1981-06-13,2.52614040322369
1981-06-14,0.29526316401315855
1981-06-15,8.355614208232147
1981-06-16,14.754912586451976
1981-06-17,11.724386207864153
1981-06-18,26.870351433998437
1981-06-19,8.456315964704846
1981-06-20,5.422631691314747
1981-06-21,6.022280826547649
1981-06-22,8.38210543685127
1981-06-23,0.9780701957060955
1981-06-24,0.7370175591320731
1981-06-25,0.07789473845623435
1981-06-26,0.0
1981-06-27,0.0
1981-06-28,0.014035088010132313
1981-06-29,1.4303509068326095
1981-06-30,2.506842157209758
1981-07-01,0.0
1981-07-02,0.0
1981-07-03,0.0
1981-07-04,0.05122807123698295
1981-07-05,0.1405263187014498
1981-07-06,3.567017617775128
1981-07-07,5.788596611178947
1981-07-08,0.0
1981-07-09,1.5691228395327927
1981-07-10,0.9594737040926703
1981-07-11,3.6589474442414938
1981-07-12,0.06456140484660865
1981-07-13,16.8178950853413
1981-07-14,0.005438596603926272
1981-07-15,0.0
1981-07-16,1.5952631909516641
1981-07-17,10.362807232281195
1981-07-18,4.777543958649039
1981-07-19,1.2296491482877172
1981-07-20,0.003333333402406425
1981-07-21,0.38052632367471234
1981-07-22,0.08333333506016061
1981-07-23,0.0738596506533213
1981-07-24,1.7285965270479213
1981-07-25,0.0
1981-07-26,0.0
1981-07-27,0.0
1981-07-28,0.008245614205952736
1981-07-29,3.187719364301302
1981-07-30,0.0021052632015198473
1981-07-31,0.06596491364762187
1981-08-01,0.0
1981-08-02,0.08052631745813416
1981-08-03,0.0
1981-08-04,0.0
1981-08-05,0.0
1981-08-06,0.0
1981-08-07,0.0
1981-08-08,0.0
1981-08-09,0.0
1981-08-10,0.0
1981-08-11,0.0
1981-08-12,0.0
1981-08-13,0.0
1981-08-14,0.042105264030396945
1981-08-15,0.0
1981-08-16,0.0
1981-08-17,0.0
1981-08-18,0.023859649617224934
1981-08-19,0.4307017633109354
1981-08-20,0.03192982522305102
1981-08-21,0.0
1981-08-22,0.0
1981-08-23,0.0
1981-08-24,0.05210526423761621
1981-08-25,0.0
1981-08-26,0.0
1981-08-27,0.0
1981-08-28,0.0
1981-08-29,1.9959649536409416
1981-08-30,1.6812281050137243
1981-08-31,12.43140376637457
1981-09-01,17.43403544898611
1981-09-02,0.010350877407472581
1981-09-03,1.0642105483682827
1981-09-04,0.6868421194958501
1981-09-05,0.07000000145053492
1981-09-06,0.0
1981-09-07,0.0
1981-09-08,0.0
1981-09-09,0.4950877295574174
1981-09-10,0.0
1981-09-11,0.0
1981-09-12,0.0
1981-09-13,0.0
1981-09-14,0.3001754448167049
1981-09-15,0.10982456367928536
1981-09-16,0.15087719610892236
1981-09-17,0.7800000161631033
1981-09-18,3.2531579621485434
1981-09-19,10.634386185277254
1981-09-20,11.340701989387163
1981-09-21,16.813158243137877
1981-09-22,5.5171930967830125
1981-09-23,2.9596491841366515
1981-09-24,3.4108772636624054
1981-09-25,0.8375438770046457
1981-09-26,9.125965101388283
1981-09-27,35.10894809594611
1981-09-28,9.74859669323778
1981-09-29,2.5043860168079846
1981-09-30,5.247193091188093
1981-10-01,28.622281294863207
1981-10-02,11.645438837807161
1981-10-03,0.6689473822829315
1981-10-04,1.8428070557303728
1981-10-05,22.87929871971719
1981-10-06,45.290702692896595
1981-10-07,6.674210664618295
1981-10-08,13.514912560756784
1981-10-09,3.9364913096418603
1981-10-10,0.2489473735797219
1981-10-11,0.005087719403672964
1981-10-12,0.0
1981-10-13,0.0
1981-10-14,0.14771930130664263
1981-10-15,0.0
1981-10-16,0.0
1981-10-17,0.05719298364128918
1981-10-18,0.0
1981-10-19,0.05684210644103588
1981-10-20,0.0
1981-10-21,0.0
1981-10-22,0.0
1981-10-23,0.0
1981-10-24,0.0
1981-10-25,0.41105264009675013
1981-10-26,20.304210947058166
1981-10-27,24.59228121135384
1981-10-28,14.432281000819058
1981-10-29,10.729123029345647
1981-10-30,16.472631920292045
1981-10-31,0.9503508968860842
1981-11-01,0.3201754452311434
1981-11-02,0.0
1981-11-03,2.7524561973870734
1981-11-04,0.0
1981-11-05,0.0
1981-11-06,0.0
1981-11-07,0.0
1981-11-08,0.0
1981-11-09,0.6050877318368293
1981-11-10,8.753859830519652
1981-11-11,33.010351561231076
1981-11-12,8.654035267047584
1981-11-13,11.019123035355008
1981-11-14,24.542982964718252
1981-11-15,11.105789703817573
1981-11-16,1.2443859906983563
1981-11-17,19.554210931516717
1981-11-18,3.342456209613011
1981-11-19,6.154561531043146
1981-11-20,5.694736960111187
1981-11-21,22.900702228932644
1981-11-22,6.285789603937883
1981-11-23,8.199473854119423
1981-11-24,1.6594737185980195
1981-11-25,1.5435088039143012
1981-11-26,0.0
1981-11-27,0.0
1981-11-28,0.5552631694008596
1981-11-29,12.647017805930227
1981-11-30,20.477368845383175
1981-12-01,31.371930474648256
1981-12-02,27.167018106812613
1981-12-03,5.832456261210609
1981-12-04,18.944210918876344
1981-12-05,43.72631669556722
1981-12-06,10.837193207023667
1981-12-07,14.24087748808088
1981-12-08,4.713508869602811
1981-12-09,21.76789518791484
1981-12-10,22.27070221587783
1981-12-11,0.6389473816612736
1981-12-12,0.0031578948022797705
1981-12-13,14.671052935591435
1981-12-14,4.924561505555175
1981-12-15,13.223509045946413
1981-12-16,0.0028070176020264627
1981-12-17,0.45385965852765375
1981-12-18,13.835789760388435
1981-12-19,26.636491780029612
1981-12-20,0.5464912393945269
1981-12-21,1.7580702118691989
1981-12-22,0.5580701870028861
1981-12-23,0.0335087726241909
1981-12-24,25.060526835091878
1981-12-25,6.239122936304193
1981-12-26,10.00175459322054
1981-12-27,4.138421138387639
1981-12-28,2.137193026742898
1981-12-29,1.8035088093020024
1981-12-30,0.4924561505555176
1981-12-31,11.454386202269234
1982-01-01,3.2024562067119406
1982-01-02,7.344912432902493
1982-01-03,8.192280871514232
1982-01-04,2.7087719859555364
1982-01-05,0.9801754589076156
1982-01-06,2.7684211099985987
1982-01-07,4.021403592103161
1982-01-08,7.02000014546793
1982-01-09,3.2861404189723546
1982-01-10,7.596666824084242
1982-01-11,8.302631750993896
1982-01-12,3.5726316529791804
1982-01-13,12.168421304784715
1982-01-14,21.096491665230133
1982-01-15,23.47807066194946
1982-01-16,45.26228163967608
1982-01-17,17.170000355795494
1982-01-18,4.401228161377367
1982-01-19,1.043333354953211
1982-01-20,1.0580701973638498
1982-01-21,11.490175676695072
1982-01-22,53.1082467145403
1982-01-23,81.02894904749701
1982-01-24,17.02859684409341
1982-01-25,18.361579327855726
1982-01-26,16.45771963928128
1982-01-27,1.813333370909095
1982-01-28,7.450175592978486
1982-01-29,16.056316122191493
1982-01-30,19.30614075093763
1982-01-31,6.288947498740162
1982-02-01,15.956666997319553
1982-02-02,1.0910526541876608
1982-02-03,0.0010526316007599236
1982-02-04,0.0
1982-02-05,0.0
1982-02-06,0.0
1982-02-07,0.0
1982-02-08,0.0
1982-02-09,0.4408772021182813
1982-02-10,1.842105301329866
1982-02-11,29.711930440249855
1982-02-12,39.35193064000923
1982-02-13,97.70894939313877
1982-02-14,50.271404550492306
1982-02-15,23.302105746022427
1982-02-16,23.176842585531993
1982-02-17,27.138070737791715
1982-02-18,24.62421103657689
1982-02-19,21.23087763292715
1982-02-20,23.33070223784307
1982-02-21,2.9821053249528635
1982-02-22,6.071579073183239
1982-02-23,2.6056140890810644
1982-02-24,0.17087719652336092
1982-02-25,3.3308772620046514
1982-02-26,14.515789774479344
1982-02-27,2.2698246084386486
1982-02-28,10.532982674404048
1982-03-01,25.366316315112638
1982-03-02,5.295614144823048
1982-03-03,5.910000122466591
1982-03-04,0.77859650736209
1982-03-05,0.0
1982-03-06,0.0
1982-03-07,0.583508784021251
1982-03-08,4.8592983463080595
1982-03-09,23.348070659255608
1982-03-10,6.434561536845285
1982-03-11,32.14140417480376
1982-03-12,13.30228097740328
1982-03-13,8.217368591332342
1982-03-14,1.103508794796653
1982-03-15,0.05403508883900941
1982-03-16,0.09526315986877308
1982-03-17,0.02280701801646501
1982-03-18,0.0
1982-03-19,0.0
1982-03-20,0.2092982499510981
1982-03-21,0.060000001243315636
1982-03-22,0.0
1982-03-23,0.0
1982-03-24,0.6228070304496215
1982-03-25,2.6821053187362853
1982-03-26,6.552280837530271
1982-03-27,4.711403606401292
1982-03-28,7.8694738472811885
1982-03-29,0.9215789664653131
1982-03-30,3.4264912990736778
1982-03-31,7.096666813723278
1982-04-01,2.3324561886838637
1982-04-02,6.471929958672263
1982-04-03,7.048947514488827
1982-04-04,2.816140409233049
1982-04-05,0.3084210590226576
1982-04-06,0.6335087850573473
1982-04-07,0.07017544005066156
1982-04-08,0.0
1982-04-09,0.1922807057388127
1982-04-10,2.693859704944771
1982-04-11,33.91719368528575
1982-04-12,15.32403540526284
1982-04-13,15.298245931044223
1982-04-14,5.1994737919536425
1982-04-15,4.778947467450053
1982-04-16,1.9652631986187772
1982-04-17,11.312456374766771
1982-04-18,1.5443859969149345
1982-04-19,0.68736843529623
1982-04-20,0.0
1982-04-21,0.0807017560582608
1982-04-22,0.0
1982-04-23,0.0
1982-04-24,0.13824561689980328
1982-04-25,0.0
1982-04-26,0.0
1982-04-27,1.3396491505671293
1982-04-28,20.85456183565548
1982-04-29,0.8747368602314964
1982-04-30,0.3275438664364629
1982-05-01,1.864912319346331
1982-05-02,4.670701851171907
1982-05-03,9.41508791439701
1982-05-04,1.1722807260463015
1982-05-05,0.08017544025788084
1982-05-06,2.5143860170152044
1982-05-07,2.610701808484737
1982-05-08,1.3584210807806811
1982-05-09,2.2566667134291496
1982-05-10,0.0
1982-05-11,0.6075438722386025
1982-05-12,0.1584210559143685
1982-05-13,1.1645614276407286
1982-05-14,0.6363158026593738
1982-05-15,0.6096491354401224
1982-05-16,0.5947368544293568
1982-05-17,8.777017725736368
1982-05-18,1.2782456405228004
1982-05-19,0.0
1982-05-20,0.16771930172108118
1982-05-21,0.0
1982-05-22,0.30631579582113777
1982-05-23,0.0
1982-05-24,0.012982456409372392
1982-05-25,0.08877193166408688
1982-05-26,3.9689474506652918
1982-05-27,3.262456207955256
1982-05-28,3.2664912957581693
1982-05-29,0.0
1982-05-30,0.0
1982-05-31,0.0
1982-06-01,5.335614145651926
1982-06-02,0.17385965272551404
1982-06-03,0.07596491385484115
1982-06-04,0.7287719449261204
1982-06-05,1.2814035353250803
1982-06-06,0.8921052816440351
1982-06-07,0.01824561441317201
1982-06-08,0.0
1982-06-09,0.0
1982-06-10,0.0
1982-06-11,0.1754386001266539
1982-06-12,0.4300000089104288
1982-06-13,0.2922807078110054
1982-06-14,0.1754386001266539
1982-06-15,0.0
1982-06-16,0.0
1982-06-17,0.0
1982-06-18,0.0
1982-06-19,0.0
1982-06-20,0.08403508946066723
1982-06-21,0.0
1982-06-22,0.0
1982-06-23,0.0
1982-06-24,0.21771930275717755
1982-06-25,0.2826315848040395
1982-06-26,7.088421199517325
1982-06-27,1.5915789803490044
1982-06-28,2.3240351358777844
1982-06-29,2.998596553364769
1982-06-30,9.986842312209776
1982-07-01,1.3638596773846077
1982-07-02,4.775438695447519
1982-07-03,35.85052705868148
1982-07-04,0.2738596547977068
1982-07-05,4.975263260991779
1982-07-06,0.4428070267196745
1982-07-07,14.511579248076306
1982-07-08,0.0
1982-07-09,0.0
1982-07-10,0.013157895009499043
1982-07-11,0.0
1982-07-12,2.2919298720546064
1982-07-13,11.514737080712806
1982-07-14,20.70929867475061
1982-07-15,6.7231580340536325
1982-07-16,0.007894737005699428
1982-07-17,0.0
1982-07-18,0.0
1982-07-19,1.4633333636564203
1982-07-20,5.999824685731437
1982-07-21,2.207193028193433
1982-07-22,0.0
1982-07-23,0.17000000352272765
1982-07-24,0.0
1982-07-25,0.0
1982-07-26,0.0
1982-07-27,0.019649123214185243
1982-07-28,0.33280702444026244
1982-07-29,1.2040351126692257
1982-07-30,1.7896491598919968
1982-07-31,0.3435087790479884
1982-08-01,1.3443859927705488
1982-08-02,1.020000021136366
1982-08-03,1.3740351161919535
1982-08-04,0.4082456224947237
1982-08-05,0.0
1982-08-06,0.0
1982-08-07,0.0
1982-08-08,3.018947430979461
1982-08-09,6.922807160997764
1982-08-10,1.6938596842228435
1982-08-11,1.2259649376850577
1982-08-12,24.265088222117633
1982-08-13,26.33403563341126
1982-08-14,1.1850877438555472
1982-08-15,0.005087719403672964
1982-08-16,0.0
1982-08-17,0.0
1982-08-18,0.0
1982-08-19,1.7135088074370288
1982-08-20,2.265438643435482
1982-08-21,0.0
1982-08-22,0.0
1982-08-23,0.0
1982-08-24,0.0
1982-08-25,0.0
1982-08-26,0.0
1982-08-27,0.0
1982-08-28,0.2440350927761756
1982-08-29,9.103333521971946
1982-08-30,11.350000235193875
1982-08-31,0.18263158273184674
1982-09-01,0.0
1982-09-02,3.3368421744089574
1982-09-03,10.824561627814546
1982-09-04,4.029122890508734
1982-09-05,0.11140351108042523
1982-09-06,0.0
1982-09-07,0.15017544170841576
1982-09-08,3.07877199362265
1982-09-09,19.250351276097355
1982-09-10,7.5347369982395325
1982-09-11,18.415614416694734
1982-09-12,1.0556140569620767
1982-09-13,0.0
1982-09-14,0.0
1982-09-15,0.0
1982-09-16,0.0
1982-09-17,0.0
1982-09-18,0.0
1982-09-19,0.29859649741556493
1982-09-20,1.9117544255801477
1982-09-21,0.005614035204052926
1982-09-22,0.11631579188397156
1982-09-23,0.0
1982-09-24,14.237193277478218
1982-09-25,4.499824654648546
1982-09-26,3.3415790166123776
1982-09-27,2.7640351449954323
1982-09-28,6.291403639141937
1982-09-29,0.0
1982-09-30,0.0
1982-10-01,2.6322807563003154
1982-10-02,9.856315993715544
1982-10-03,0.07929824725724757
1982-10-04,1.4500000300467946
1982-10-05,0.038245614827610554
1982-10-06,36.17245688991389
1982-10-07,5.508070289576427
1982-10-08,1.198947393265553
1982-10-09,0.08105263325851411
1982-10-10,0.0010526316007599236
1982-10-11,0.7354386117309333
1982-10-12,0.0
1982-10-13,0.0
1982-10-14,0.0
1982-10-15,3.458070247096476
1982-10-16,19.808947778900624
1982-10-17,1.6852631928166377
1982-10-18,0.0
1982-10-19,0.02456140401773155
1982-10-20,4.008070258493536
1982-10-21,22.409825025778268
1982-10-22,22.213860109436794
1982-10-23,3.148947433673311
1982-10-24,2.3600000489037485
1982-10-25,12.527719557844105
1982-10-26,26.7812286251341
1982-10-27,5.924561526277103
1982-10-28,2.168245658965316
1982-10-29,0.5247368529788219
1982-10-30,3.4382456852821637
1982-10-31,6.611754522973206
1982-11-01,6.020000124746002
1982-11-02,0.00578947380417958
1982-11-03,5.494912394566928
1982-11-04,30.938421693735293
1982-11-05,29.598597104568036
1982-11-06,7.907017707708293
1982-11-07,0.9066666854545473
1982-11-08,0.0
1982-11-09,0.11824561648536475
1982-11-10,0.06614035224774853
1982-11-11,2.0533333758823575
1982-11-12,1.7266667024465279
1982-11-13,0.1321052658953704
1982-11-14,1.4431579246418553
1982-11-15,13.187017817120068
1982-11-16,30.35508834831417
1982-11-17,21.801579399139158
1982-11-18,14.30263187532546
1982-11-19,15.042281013459434
1982-11-20,8.95631597506581
1982-11-21,2.2657895206357352
1982-11-22,0.0
1982-11-23,0.0
1982-11-24,0.2005263199447654
1982-11-25,0.03210526382317767
1982-11-26,10.914912506879773
1982-11-27,13.22315816874616
1982-11-28,15.683859974122608
1982-11-29,7.382105416129344
1982-11-30,5.2068422131589625
1982-12-01,7.4508773473789915
1982-12-02,50.228948409261655
1982-12-03,65.96175575281958
1982-12-04,0.7075438743107952
1982-12-05,3.4073684916598728
1982-12-06,3.4663158613024283
1982-12-07,0.0
1982-12-08,0.5503508885973134
1982-12-09,0.0
1982-12-10,0.24315789977554234
1982-12-11,1.4550877494504677
1982-12-12,21.8407022069674
1982-12-13,7.381052784528584
1982-12-14,17.084386318933685
1982-12-15,34.65754457782023
1982-12-16,18.916667058656458
1982-12-17,24.462632085860243
1982-12-18,14.279824857308995
1982-12-19,3.7275439368910157
1982-12-20,12.044561653095297
1982-12-21,9.857368625316305
1982-12-22,5.877894858643414
1982-12-23,0.7856140513671562
1982-12-24,1.8738596879527907
1982-12-25,5.464912393945269
1982-12-26,1.684385999816004
1982-12-27,0.0021052632015198473
1982-12-28,0.0
1982-12-29,0.0
1982-12-30,0.0010526316007599236
1982-12-31,0.04070175522938371
1983-01-01,0.03736842182697728
1983-01-02,20.44087761655683
1983-01-03,18.366667047259398
1983-01-04,56.322106430260476
1983-01-05,39.212983268708925
1983-01-06,17.330702113511506
1983-01-07,47.04579044856365
1983-01-08,32.11561470058514
1983-01-09,53.76473795621423
1983-01-10,39.68403591004899
1983-01-11,0.46596492193639283
1983-01-12,0.3296491296379827
1983-01-13,2.716491284361109
1983-01-14,0.0
1983-01-15,0.06789473824901507
1983-01-16,1.1382456376217307
1983-01-17,2.4650877703796144
1983-01-18,8.693158074875829
1983-01-19,3.667193058447447
1983-01-20,0.9787719501066022
1983-01-21,1.1394737078226171
1983-01-22,7.695438755955546
1983-01-23,14.199123101250734
1983-01-24,7.547193138848526
1983-01-25,8.705614215484822
1983-01-26,26.07508825962432
1983-01-27,9.028421239717865
1983-01-28,0.8835087902378291
1983-01-29,0.0
1983-01-30,0.5877193104242906
1983-01-31,0.0
1983-02-01,0.0
1983-02-02,0.0
1983-02-03,0.0
1983-02-04,0.0
1983-02-05,1.883157933759503
1983-02-06,10.406140566512477
1983-02-07,3.280701822368428
1983-02-08,2.8128070758306425
1983-02-09,16.41035121724708
1983-02-10,13.652280984655956
1983-02-11,23.63543908626307
1983-02-12,17.298421411088206
1983-02-13,5.333508882450405
1983-02-14,3.1482456792728044
1983-02-15,7.347017696104013
1983-02-16,15.145965226134287
1983-02-17,25.97280755575048
1983-02-18,5.150350983918179
1983-02-19,8.877017727808562
1983-02-20,8.989649309089874
1983-02-21,7.271929975249805
1983-02-22,11.254561636724976
1983-02-23,17.02543894929113
1983-02-24,4.2250878068502065
1983-02-25,3.21192989111878
1983-02-26,5.819122927600983
1983-02-27,1.300000026938506
1983-02-28,10.488947585772259
1983-03-01,5.0603509820532055
1983-03-02,3.0250877819838937
1983-03-03,1.0485965129570105
1983-03-04,0.5166666773729958
1983-03-05,4.425263249594718
1983-03-06,5.140000106510706
1983-03-07,18.318947748024947
1983-03-08,28.754035683558325
1983-03-09,20.69824604294263
1983-03-10,7.303508923272603
1983-03-11,3.655964988039341
1983-03-12,10.89421075206483
1983-03-13,12.405263414955698
1983-03-14,5.375438707880676
1983-03-15,0.0
1983-03-16,0.0
1983-03-17,0.0
1983-03-18,0.19964912694413217
1983-03-19,0.08614035266218707
1983-03-20,0.0
1983-03-21,0.9363158088759519
1983-03-22,3.8421053427737206
1983-03-23,4.587017638911494
1983-03-24,0.46789474653778595
1983-03-25,0.17000000352272762
1983-03-26,4.975789576792158
1983-03-27,5.996140475128778
1983-03-28,15.149298559536692
1983-03-29,34.39087790562772
1983-03-30,15.76385997578036
1983-03-31,4.8910527329309845
1983-04-01,10.390526531101205
1983-04-02,5.647193099476864
1983-04-03,0.21280702195363121
1983-04-04,0.0
1983-04-05,0.0
1983-04-06,0.08473684386117383
1983-04-07,1.127894760214258
1983-04-08,0.036491228826344015
1983-04-09,4.919298347551376
1983-04-10,2.623859703494236
1983-04-11,3.778772008127999
1983-04-12,0.4371929915156216
1983-04-13,0.0015789474011398854
1983-04-14,0.0
1983-04-15,0.0005263158003799618
1983-04-16,0.0
1983-04-17,0.0
1983-04-18,0.4463157987222075
1983-04-19,0.9373684404767119
1983-04-20,3.4550877908943223
1983-04-21,1.9719298654235902
1983-04-22,0.27298246179707353
1983-04-23,12.045263407495804
1983-04-24,9.16807036541868
1983-04-25,1.509122838289477
1983-04-26,2.7442105831811205
1983-04-27,0.353333340655081
1983-04-28,0.0
1983-04-29,0.26842105819378054
1983-04-30,1.1919298492604866
1983-05-01,0.7182456289185212
1983-05-02,4.172280788212083
1983-05-03,2.900701814494096
1983-05-04,1.7178947724401952
1983-05-05,10.631754606275354
1983-05-06,10.887193208059763
1983-05-07,7.271403659449425
1983-05-08,2.118070219329093
1983-05-09,1.9900000412366352
1983-05-10,0.32701755063608295
1983-05-11,0.3136842170264572
1983-05-12,0.006842105404939503
1983-05-13,2.1364912723423917
1983-05-14,8.277193153975531
1983-05-15,10.60315811445471
1983-05-16,0.8403508946066723
1983-05-17,2.7147368983598428
1983-05-18,3.189473750302568
1983-05-19,0.2749122863984667
1983-05-20,0.0
1983-05-21,0.12263158148853108
1983-05-22,0.0
1983-05-23,0.3652631654636935
1983-05-24,0.0
1983-05-25,0.0
1983-05-26,0.0
1983-05-27,0.0
1983-05-28,0.0
1983-05-29,0.0017543860012665393
1983-05-30,0.010350877407472581
1983-05-31,0.2829824620042928
1983-06-01,0.3349122876417823
1983-06-02,0.547017555194907
1983-06-03,0.01385964941000566
1983-06-04,0.0
1983-06-05,0.13684210809879008
1983-06-06,0.0
1983-06-07,0.0
1983-06-08,0.352280709054321
1983-06-09,2.2656140820356088
1983-06-10,25.632982987305148
1983-06-11,2.8675439190701586
1983-06-12,0.7864912443677895
1983-06-13,0.08245614205952735
1983-06-14,3.885087799804751
1983-06-15,5.232982564577833
1983-06-16,2.5742105796583927
1983-06-17,22.994912757200655
1983-06-18,5.304210636229254
1983-06-19,5.12824572030222
1983-06-20,0.9952631785185078
1983-06-21,1.657193016796373
1983-06-22,4.3889474593685005
1983-06-23,9.012631765706466
1983-06-24,1.6624561748001725
1983-06-25,0.5594736958038993
1983-06-26,2.155087763955817
1983-06-27,0.24228070677490904
1983-06-28,0.0
1983-06-29,11.399824797629844
1983-06-30,4.074035172141158
1983-07-01,13.401579225074967
1983-07-02,3.367193052230869
1983-07-03,0.09087719486560672
1983-07-04,0.0
1983-07-05,0.1873684249352664
1983-07-06,0.3824561482761055
1983-07-07,0.7991228235769086
1983-07-08,6.538070310920012
1983-07-09,0.9461403704830446
1983-07-10,4.186315876222215
1983-07-11,34.35929895760492
1983-07-12,20.498421477398374
1983-07-13,45.867193932912784
1983-07-14,11.090526545606554
1983-07-15,1.4300000296323563
1983-07-16,2.179824606573675
1983-07-17,1.602982489357237
1983-07-18,1.7617544224718584
1983-07-19,11.118421283026692
1983-07-20,3.630175513820723
1983-07-21,0.01842105301329866
1983-07-22,2.010526357451454
1983-07-23,5.915965034870897
1983-07-24,3.4714035807061014
1983-07-25,3.2343860319349917
1983-07-26,4.132280787383206
1983-07-27,4.536666760675144
1983-07-28,0.3280701822368428
1983-07-29,0.0
1983-07-30,0.0
1983-07-31,0.2942105324123986
1983-08-01,0.0
1983-08-02,0.024912281217984857
1983-08-03,0.0
1983-08-04,0.0
1983-08-05,0.0
1983-08-06,0.0
1983-08-07,0.0
1983-08-08,0.23789474177174272
1983-08-09,4.17561412161449
1983-08-10,9.841052835504525
1983-08-11,15.63017576248385
1983-08-12,0.20964912715135142
1983-08-13,0.0
1983-08-14,0.4321052721119486
1983-08-15,0.0
1983-08-16,0.36771930586546664
1983-08-17,0.05333333443850279
1983-08-18,0.0
1983-08-19,0.0
1983-08-20,0.0
1983-08-21,0.0
1983-08-22,0.7417544013354929
1983-08-23,0.03929824642837049
1983-08-24,0.7075438743107952
1983-08-25,1.8698246001498775
1983-08-26,0.7038596637081356
1983-08-27,0.04368421143153683
1983-08-28,6.746842245070729
1983-08-29,4.39315798577154
1983-08-30,5.13771940470906
1983-08-31,1.1971930072642862
1983-09-01,44.427369341673334
1983-09-02,3.4261404218734244
1983-09-03,0.33298246304038914
1983-09-04,0.7017544005066156
1983-09-05,0.12087719548726455
1983-09-06,2.308596539066639
1983-09-07,0.1359649150981568
1983-09-08,3.931929906038568
1983-09-09,0.5466666779946536
1983-09-10,44.991930756880905
1983-09-11,1.3122807289473712
1983-09-12,0.0
1983-09-13,0.0
1983-09-14,0.0
1983-09-15,0.0
1983-09-16,6.364561535394751
1983-09-17,0.0005263158003799618
1983-09-18,7.197544008796104
1983-09-19,0.0
1983-09-20,0.0
1983-09-21,0.0
1983-09-22,0.0
1983-09-23,0.0
1983-09-24,0.0
1983-09-25,0.7247368571232073
1983-09-26,3.8826316594029784
1983-09-27,0.0
1983-09-28,0.0
1983-09-29,0.0
1983-09-30,0.0
1983-10-01,0.031052632222417748
1983-10-02,0.11771930068498476
1983-10-03,8.44771947329864
1983-10-04,1.3101754657458515
1983-10-05,0.0
1983-10-06,0.3971929906867445
1983-10-07,0.0
1983-10-08,0.0
1983-10-09,0.0
1983-10-10,0.0
1983-10-11,0.0
1983-10-12,0.1024561424739659
1983-10-13,0.047894737834576526
1983-10-14,0.03754386042710394
1983-10-15,0.1956140391412191
1983-10-16,0.37543860427103937
1983-10-17,9.301403701514937
1983-10-18,0.0019298246013931932
1983-10-19,9.822631782491227
1983-10-20,5.038947472837754
1983-10-21,17.38350913214963
1983-10-22,26.344035633618482
1983-10-23,0.7580701911472716
1983-10-24,3.0682456776150504
1983-10-25,0.2959649184136652
1983-10-26,0.7126315937144683
1983-10-27,0.9263158086687329
1983-10-28,0.24736842617858204
1983-10-29,1.4263158190296963
1983-10-30,21.385614478238857
1983-10-31,7.9970177095732655
1983-11-01,21.436667110875717
1983-11-02,33.49105332557811
1983-11-03,56.68526433252264
1983-11-04,15.837193310633303
1983-11-05,11.516666905314196
1983-11-06,18.251053009775934
1983-11-07,8.821052814368159
1983-11-08,1.0733333555748688
1983-11-09,18.38438634587219
1983-11-10,17.701052998378877
1983-11-11,10.106842314696404
1983-11-12,12.590877453889698
1983-11-13,15.269123123423197
1983-11-14,42.8994745731703
1983-11-15,49.442106287693605
1983-11-16,19.452807420643516
1983-11-17,30.992632221174425
1983-11-18,18.45087757532019
1983-11-19,12.342982711910736
1983-11-20,9.400526510586497
1983-11-21,0.8917544044437818
1983-11-22,4.481403601635248
1983-11-23,12.841228336270435
1983-11-24,43.21526405339828
1983-11-25,10.441930040938315
1983-11-26,18.36298283665674
1983-11-27,4.972456243389752
1983-11-28,5.3591229180688975
1983-11-29,0.0
1983-11-30,0.09649123006965966
1983-12-01,0.36964913046685977
1983-12-02,2.048947410879191
1983-12-03,0.051578948437236254
1983-12-04,1.271403535117861
1983-12-05,2.071403551695403
1983-12-06,0.26736842659302057
1983-12-07,17.29526351628592
1983-12-08,15.48596523317974
1983-12-09,13.978421342291405
1983-12-10,10.165965122939088
1983-12-11,6.855965054349509
1983-12-12,20.132631996134293
1983-12-13,15.81052664341405
1983-12-14,7.229122956818901
1983-12-15,0.0
1983-12-16,0.0
1983-12-17,0.2687719353940338
1983-12-18,1.7659649488748983
1983-12-19,0.16964912632247434
1983-12-20,0.054210527439136055
1983-12-21,0.0
1983-12-22,0.0
1983-12-23,0.0
1983-12-24,0.23947368917288264
1983-12-25,6.19789486527443
1983-12-26,7.401403662143276
1983-12-27,0.2440350927761756
1983-12-28,11.121403739228844
1983-12-29,24.003333830728664
1983-12-30,15.12263189231744
1983-12-31,4.63754395574797
1984-01-01,3.9405263974447737
1984-01-02,54.82350990797859
1984-01-03,67.99263298788574
1984-01-04,30.92964976372896
1984-01-05,6.871929966961034
1984-01-06,10.686666888114997
1984-01-07,5.869473805837334
1984-01-08,1.3842105549992993
1984-01-09,0.019122807413805277
1984-01-10,12.937017811939587
1984-01-11,1.405789502814878
1984-01-12,0.048070176434703175
1984-01-13,0.02982456202153117
1984-01-14,0.0
1984-01-15,0.0
1984-01-16,0.0
1984-01-17,0.0
1984-01-18,0.0
1984-01-19,0.540877204190474
1984-01-20,0.45578948312904694
1984-01-21,19.626667073369028
1984-01-22,33.64193052168703
1984-01-23,41.53579033438582
1984-01-24,63.35965043574107
1984-01-25,30.26368483764818
1984-01-26,9.417193177598529
1984-01-27,10.746666889358313
1984-01-28,4.679122903977987
1984-01-29,0.01210526340873912
1984-01-30,0.0
1984-01-31,0.7410526469349862
1984-02-01,1.0687719519715757
1984-02-02,0.0
1984-02-03,0.0
1984-02-04,0.1089473706786521
1984-02-05,0.0
1984-02-06,3.8656141151906924
1984-02-07,2.1017544295173143
1984-02-08,10.677193203708157
1984-02-09,9.434386160410941
1984-02-10,10.725789695943241
1984-02-11,24.30193032814423
1984-02-12,24.77719349588733
1984-02-13,15.701228395535146
1984-02-14,1.5921052961493842
1984-02-15,5.124210632499308
1984-02-16,0.03771929902723059
1984-02-17,0.0
1984-02-18,3.0870176078286025
1984-02-19,11.405965148634277
1984-02-20,25.83035141244764
1984-02-21,7.165438744972925
1984-02-22,12.91228096932173
1984-02-23,4.527368514868431
1984-02-24,7.396140504139476
1984-02-25,0.9136842294596136
1984-02-26,5.119824667496141
1984-02-27,3.8387720093713145
1984-02-28,8.334561576216947
1984-02-29,4.580350972106681
1984-03-01,5.694736960111186
1984-03-02,1.2364912536926567
1984-03-03,0.0
1984-03-04,0.0
1984-03-05,0.13385965189663693
1984-03-06,0.0
1984-03-07,0.0
1984-03-08,0.0
1984-03-09,1.2407017800956965
1984-03-10,5.535263272596058
1984-03-11,5.246315898187458
1984-03-12,44.95087812445127
1984-03-13,6.659122945007404
1984-03-14,5.698947486514225
1984-03-15,1.7147368776379155
1984-03-16,5.341754496656359
1984-03-17,11.595965152571445
1984-03-18,10.426140566926914
1984-03-19,12.54263183885487
1984-03-20,27.21579003764782
1984-03-21,14.638070478767622
1984-03-22,0.0021052632015198473
1984-03-23,19.90912321957294
1984-03-24,1.165438620641362
1984-03-25,17.712807384587357
1984-03-26,0.9501754582859576
1984-03-27,0.9201754576642998
1984-03-28,6.838421194336844
1984-03-29,0.1115789496805519
1984-03-30,0.08736842286307367
1984-03-31,0.006842105404939503
1984-04-01,1.10157897019526
1984-04-02,2.5054386484087448
1984-04-03,1.8028070549014956
1984-04-04,3.4000000704545528
1984-04-05,5.815087839798071
1984-04-06,4.9559650149778465
1984-04-07,18.39964950408321
1984-04-08,4.76701764264144
1984-04-09,12.703333596570882
1984-04-10,7.34719313470414
1984-04-11,6.37035100919893
1984-04-12,16.10473717582645
1984-04-13,2.6466667215107016
1984-04-14,0.2826315848040395
1984-04-15,0.4201754473033361
1984-04-16,0.9507017740863375
1984-04-17,0.6050877318368294
1984-04-18,9.731403710425365
1984-04-19,4.0310527151101265
1984-04-20,5.537543974397705
1984-04-21,3.776491306326352
1984-04-22,5.8770176656427795
1984-04-23,3.2992983139818532
1984-04-24,0.5915789596270771
1984-04-25,0.3164912346284836
1984-04-26,0.09017544046510012
1984-04-27,0.390350885281805
1984-04-28,4.546140445081983
1984-04-29,1.005789494526107
1984-04-30,9.477894933242352
1984-05-01,22.737544330814853
1984-05-02,16.228772266115996
1984-05-03,2.470526366983541
1984-05-04,2.4714035599841737
1984-05-05,4.292982545099221
1984-05-06,0.5489473797963002
1984-05-07,1.3885965200024657
1984-05-08,10.992631806735881
1984-05-09,9.942631784977857
1984-05-10,10.744912503357046
1984-05-11,24.7578952498734
1984-05-12,4.2328071052557785
1984-05-13,11.00105285954196
1984-05-14,2.5587719828472473
1984-05-15,3.570350951177534
1984-05-16,0.05087719403672964
1984-05-17,0.6996491373050958
1984-05-18,8.702631759282667
1984-05-19,37.70000078121666
1984-05-20,6.075087845185772
1984-05-21,6.271052761527244
1984-05-22,20.68122849873034
1984-05-23,9.299122999713292
1984-05-24,1.394210555206519
1984-05-25,14.32368450734066
1984-05-26,9.431403704208789
1984-05-27,0.0
1984-05-28,0.010175438807345928
1984-05-29,1.2985965181374923
1984-05-30,8.30877210199833
1984-05-31,0.5387719409889542
1984-06-01,0.2368421101709828
1984-06-02,0.4491228163242341
1984-06-03,1.8626316175446846
1984-06-04,9.489824758050965
1984-06-05,5.533508886594791
1984-06-06,5.741929943545257
1984-06-07,3.8115790263516836
1984-06-08,3.896315870212857
1984-06-09,1.0135087929316797
1984-06-10,0.0
1984-06-11,0.1640350911184214
1984-06-12,1.7659649488748985
1984-06-13,0.9192982646636666
1984-06-14,0.0073684212053194646
1984-06-15,0.008421052806079389
1984-06-16,0.0005263158003799618
1984-06-17,0.013508772209752353
1984-06-18,0.018947368813678624
1984-06-19,0.08578947546193376
1984-06-20,20.96561446953565
1984-06-21,4.6928071147878665
1984-06-22,0.0864912298624404
1984-06-23,0.01070175460772589
1984-06-24,0.004385965003166348
1984-06-25,0.0
1984-06-26,8.185263327509166
1984-06-27,0.6373684342601337
1984-06-28,3.416315860266332
1984-06-29,19.134035484213385
1984-06-30,2.2314035550109113
1984-07-01,1.910701793979388
1984-07-02,0.0
1984-07-03,0.028771930420771242
1984-07-04,1.4105263450182977
1984-07-05,0.4087719382951036
1984-07-06,0.0
1984-07-07,0.0
1984-07-08,0.0
1984-07-09,0.02105263201519847
1984-07-10,0.0
1984-07-11,0.0
1984-07-12,0.22964912756578998
1984-07-13,0.0
1984-07-14,0.0
1984-07-15,0.0
1984-07-16,0.0
1984-07-17,0.0
1984-07-18,0.0
1984-07-19,0.0
1984-07-20,0.36245614786166697
1984-07-21,0.0445614044321701
1984-07-22,0.0
1984-07-23,0.0
1984-07-24,0.01701754421228543
1984-07-25,0.6105263284407556
1984-07-26,0.0
1984-07-27,0.38280702547635886
1984-07-28,0.0010526316007599236
1984-07-29,0.0
1984-07-30,0.3750877270707861
1984-07-31,0.24122807517414915
1984-08-01,4.502631672250573
1984-08-02,0.3742105340701528
1984-08-03,0.0
1984-08-04,1.5638596815289931
1984-08-05,3.3028070859843863
1984-08-06,0.0
1984-08-07,0.0
1984-08-08,0.0
1984-08-09,0.0
1984-08-10,0.0
1984-08-11,2.7596491799922664
1984-08-12,0.932280721073039
1984-08-13,1.022982477338519
1984-08-14,0.0
1984-08-15,0.0
1984-08-16,0.0
1984-08-17,0.011754386208485814
1984-08-18,0.0
1984-08-19,0.0
1984-08-20,0.0
1984-08-21,0.0
1984-08-22,0.0
1984-08-23,0.0
1984-08-24,0.0
1984-08-25,0.1389473713003099
1984-08-26,5.009473788016477
1984-08-27,29.008246215141845
1984-08-28,0.0
1984-08-29,0.0015789474011398854
1984-08-30,0.2557894789846614
1984-08-31,5.744736961147282
1984-09-01,5.4294737967196856
1984-09-02,0.0
1984-09-03,0.1696491263224743
1984-09-04,8.563158072181977
1984-09-05,26.98386020828039
1984-09-06,4.774210625246633
1984-09-07,7.838596653658897
1984-09-08,5.185438703943509
1984-09-09,2.4782456653891134
1984-09-10,3.804561482346617
1984-09-11,7.47245629519457
1984-09-12,0.3349122876417823
1984-09-13,0.0
1984-09-14,0.0
1984-09-15,0.06526315924711526
1984-09-16,0.0
1984-09-17,0.0
1984-09-18,0.3166666732286103
1984-09-19,2.580000053462572
1984-09-20,13.410175716481172
1984-09-21,0.8412280876073055
1984-09-22,18.092105638061184
1984-09-23,1.4231579242274166
1984-09-24,0.0
1984-09-25,0.22631579416338354
1984-09-26,0.4636842201347463
1984-09-27,0.0
1984-09-28,0.0
1984-09-29,0.0
1984-09-30,0.0
1984-10-01,0.0019298246013931932
1984-10-02,0.4543859743280336
1984-10-03,1.8733333721524108
1984-10-04,6.961754530225881
1984-10-05,2.718245670362376
1984-10-06,2.101403552317061
1984-10-07,1.164035111840349
1984-10-08,10.179649333748968
1984-10-09,13.042105533415452
1984-10-10,24.654035598598423
1984-10-11,16.748245961091015
1984-10-12,26.144561945274475
1984-10-13,16.012631910759957
1984-10-14,3.3366667358088304
1984-10-15,0.0
1984-10-16,0.004912280803546311
1984-10-17,0.16491228411905468
1984-10-18,0.0
1984-10-19,0.0
1984-10-20,0.0
1984-10-21,0.06105263284407557
1984-10-22,0.20561403934843836
1984-10-23,7.310701905877796
1984-10-24,3.2840351557708347
1984-10-25,48.49772030321183
1984-10-26,8.882105447212234
1984-10-27,12.107544110540767
1984-10-28,10.078772138676143
1984-10-29,9.99859669841826
1984-10-30,7.968772094952875
1984-10-31,0.09684210726991296
1984-11-01,59.70965036010603
1984-11-02,50.519123853871136
1984-11-03,31.138948013680057
1984-11-04,7.438772083970254
1984-11-05,4.06964920713799
1984-11-06,19.47543900005985
1984-11-07,5.373333444679156
1984-11-08,4.131052717182319
1984-11-09,7.751052792195697
1984-11-10,29.24175499191042
1984-11-11,8.798596673551947
1984-11-12,16.89807052559918
1984-11-13,6.609298382571432
1984-11-14,0.8607017722213641
1984-11-15,0.07508772085420788
1984-11-16,0.2670175493927673
1984-11-17,7.291403659863864
1984-11-18,17.130877547967252
1984-11-19,12.91578974132426
1984-11-20,4.488421145640314
1984-11-21,0.5200000107754023
1984-11-22,0.038070176227483904
1984-11-23,36.60982532002963
1984-11-24,3.493157967121806
1984-11-25,4.140701840189286
1984-11-26,0.6356140482588671
1984-11-27,41.15333418610972
1984-11-28,17.23350912904134
1984-11-29,13.542456420976668
1984-11-30,3.3008772613829933
1984-12-01,1.8159649499109947
1984-12-02,0.0
1984-12-03,0.0
1984-12-04,0.0
1984-12-05,1.3091228341450916
1984-12-06,0.028421053220517935
1984-12-07,46.44210622552782
1984-12-08,14.584737144329122
1984-12-09,4.50228079505032
1984-12-10,8.768245795730037
1984-12-11,3.797543938341551
1984-12-12,9.607368620135823
1984-12-13,17.702807384380144
1984-12-14,42.67386053340743
1984-12-15,1.1578947608359158
1984-12-16,1.8789474073564634
1984-12-17,0.7714035247568973
1984-12-18,0.0
1984-12-19,6.1085966178099635
1984-12-20,13.575263439200352
1984-12-21,11.284035321546254
1984-12-22,22.08035133474041
1984-12-23,11.453158132068346
1984-12-24,0.8391228244057857
1984-12-25,1.6214035423705355
1984-12-26,9.838245817902498
1984-12-27,13.915438884845935
1984-12-28,11.19140374067938
1984-12-29,28.174561987339988
1984-12-30,5.671929942094721
1984-12-31,0.012280702008865777
1985-01-01,0.2628070229897276
1985-01-02,0.0
1985-01-03,0.0
1985-01-04,0.3501754458528012
1985-01-05,0.0
1985-01-06,0.14754386270651595
1985-01-07,0.019649123214185236
1985-01-08,0.0
1985-01-09,0.0
1985-01-10,0.17947368792956694
1985-01-11,0.3580701828585007
1985-01-12,1.2078947618720122
1985-01-13,3.530877266149037
1985-01-14,14.237719593278598
1985-01-15,1.159824585437309
1985-01-16,1.4945614344789648
1985-01-17,5.945263281092048
1985-01-18,1.088421075185761
1985-01-19,6.207017672481015
1985-01-20,6.169824689254165
1985-01-21,0.0
1985-01-22,0.31578948022797704
1985-01-23,0.009122807206586005
1985-01-24,0.0
1985-01-25,0.0
1985-01-26,0.025263158418238167
1985-01-27,0.20614035514881837
1985-01-28,0.18526316173374655
1985-01-29,0.21719298695679753
1985-01-30,0.03982456222875044
1985-01-31,0.9301754578715191
1985-02-01,2.6347368967020888
1985-02-02,0.3559649196569808
1985-02-03,0.0921052650664933
1985-02-04,2.074035130697303
1985-02-05,4.963157997583039
1985-02-06,8.883508956013248
1985-02-07,16.97070210605161
1985-02-08,1.9401754788006658
1985-02-09,18.703509159502573
1985-02-10,29.190176043473187
1985-02-11,27.741930399427652
1985-02-12,0.18210526693146678
1985-02-13,3.81017551755067
1985-02-14,7.462631733587478
1985-02-15,2.841929883451667
1985-02-16,0.4875438697519712
1985-02-17,0.14614035390550273
1985-02-18,0.13385965189663696
1985-02-19,12.955263426352758
1985-02-20,5.240350985783152
1985-02-21,7.282280852657278
1985-02-22,3.2477193655446173
1985-02-23,5.790175558580087
1985-02-24,15.13000031352276
1985-02-25,0.25596491758478807
1985-02-26,0.32421053303405645
1985-02-27,0.7850877355667764
1985-02-28,2.528771982225589
1985-03-01,0.2642105317907408
1985-03-02,0.404035096091684
1985-03-03,0.8043859815807082
1985-03-04,3.4992983181262387
1985-03-05,3.637017619225663
1985-03-06,0.8007017709780485
1985-03-07,0.1701754421228543
1985-03-08,0.03245614102343097
1985-03-09,0.0
1985-03-10,0.0
1985-03-11,0.0
1985-03-12,0.0
1985-03-13,0.0
1985-03-14,0.4824561503482983
1985-03-15,0.0
1985-03-16,0.0
1985-03-17,0.0
1985-03-18,0.0
1985-03-19,3.1189474330516536
1985-03-20,3.9824562228750437
1985-03-21,6.731403648259585
1985-03-22,23.598421541636345
1985-03-23,15.105614348105156
1985-03-24,7.825789635849652
1985-03-25,1.8166667043115017
1985-03-26,2.1978947823867205
1985-03-27,3.233157961734105
1985-03-28,1.4342105560353957
1985-03-29,10.651052852289286
1985-03-30,34.295439307158816
1985-03-31,7.4508773473789915
1985-04-01,0.06578947504749522
1985-04-02,9.551228268095292
1985-04-03,13.233333607553504
1985-04-04,4.772982555045747
1985-04-05,0.003157894802279771
1985-04-06,0.017543860012665394
1985-04-07,0.03877193062799052
1985-04-08,0.03736842182697729
1985-04-09,0.302631585218478
1985-04-10,3.7268421824905094
1985-04-11,14.388772227987648
1985-04-12,0.028245614620391282
1985-04-13,0.034561404224950826
1985-04-14,0.16596491571981462
1985-04-15,3.0326316417893397
1985-04-16,8.147368589881808
1985-04-17,3.2722807695623493
1985-04-18,4.979473787394818
1985-04-19,2.967193043942098
1985-04-20,2.044386007275898
1985-04-21,0.027543860219884662
1985-04-22,28.111754968494644
1985-04-23,25.69508825174999
1985-04-24,6.42333346643718
1985-04-25,0.04666666763368994
1985-04-26,56.59579064645805
1985-04-27,22.3738601127523
1985-04-28,0.4291228159097955
1985-04-29,0.0
1985-04-30,0.18175438973121344
1985-05-01,0.01701754421228543
1985-05-02,3.3835088420426476
1985-05-03,6.996842250251213
1985-05-04,4.635614131146577
1985-05-05,0.019824561814311893
1985-05-06,1.564385997329373
1985-05-07,0.0
1985-05-08,0.4440350969205611
1985-05-09,3.8800000804010777
1985-05-10,8.975965098279996
1985-05-11,0.3019298308179714
1985-05-12,0.05192982563748957
1985-05-13,8.978947554482147
1985-05-14,4.515789567260072
1985-05-15,0.0
1985-05-16,0.0
1985-05-17,0.0
1985-05-18,0.0
1985-05-19,0.0
1985-05-20,0.0
1985-05-21,0.0
1985-05-22,0.73350878712954
1985-05-23,1.9510526720085184
1985-05-24,1.6761403856100516
1985-05-25,1.2600000261096285
1985-05-26,0.753333348943852
1985-05-27,1.257719324307982
1985-05-28,4.433508863800672
1985-05-29,4.4233334249933245
1985-05-30,1.8870175829622897
1985-05-31,0.6207017672481016
1985-06-01,0.9877193187130615
1985-06-02,0.6042105388361961
1985-06-03,4.031579030910507
1985-06-04,13.907719586440363
1985-06-05,4.729649220814463
1985-06-06,29.201228675281165
1985-06-07,31.568421706790105
1985-06-08,0.0
1985-06-09,0.06947368565015496
1985-06-10,0.0
1985-06-11,0.0
1985-06-12,0.0017543860012665393
1985-06-13,1.2231579200830311
1985-06-14,6.796491368906573
1985-06-15,0.0
1985-06-16,0.0
1985-06-17,0.0
1985-06-18,0.0
1985-06-19,0.0
1985-06-20,0.0
1985-06-21,0.0
1985-06-22,0.15263158211018893
1985-06-23,0.5026315893628635
1985-06-24,0.0
1985-06-25,0.0
1985-06-26,0.0
1985-06-27,0.0
1985-06-28,0.0
1985-06-29,0.0
1985-06-30,0.0
1985-07-01,0.0
1985-07-02,0.0
1985-07-03,0.0
1985-07-04,0.0
1985-07-05,0.0
1985-07-06,0.0
1985-07-07,0.0
1985-07-08,0.0
1985-07-09,0.0
1985-07-10,0.0
1985-07-11,0.0
1985-07-12,0.0
1985-07-13,0.0
1985-07-14,0.0
1985-07-15,0.4357894827146083
1985-07-16,4.1263158749789
1985-07-17,0.0
1985-07-18,0.0
1985-07-19,0.0
1985-07-20,0.0
1985-07-21,0.0
1985-07-22,0.0
1985-07-23,0.0
1985-07-24,0.0
1985-07-25,0.0
1985-07-26,0.0
1985-07-27,0.0
1985-07-28,0.0
1985-07-29,0.051228071236982954
1985-07-30,2.8382456728490064
1985-07-31,2.80192988262279
1985-08-01,4.503333426651079
1985-08-02,0.007894737005699426
1985-08-03,0.0
1985-08-04,0.0
1985-08-05,0.0
1985-08-06,3.991228152881377
1985-08-07,7.559473840857391
1985-08-08,1.6938596842228437
1985-08-09,0.2622807071893476
1985-08-10,1.8878947759629228
1985-08-11,0.0
1985-08-12,0.0
1985-08-13,0.0021052632015198473
1985-08-14,0.1389473713003099
1985-08-15,0.0
1985-08-16,0.0
1985-08-17,0.0
1985-08-18,0.0
1985-08-19,1.069649144972209
1985-08-20,1.1196491460083053
1985-08-21,0.22175439056009055
1985-08-22,0.0
1985-08-23,0.0
1985-08-24,0.0
1985-08-25,0.03210526382317767
1985-08-26,0.0
1985-08-27,0.09912280907155946
1985-08-28,0.02175438641570509
1985-08-29,3.48561410731636
1985-08-30,4.480701847234741
1985-08-31,0.024385965417604898
1985-09-01,0.21684210975654422
1985-09-02,0.7715789633570239
1985-09-03,0.13929824850056322
1985-09-04,3.569649196777027
1985-09-05,33.10526384389959
1985-09-06,31.294737490592524
1985-09-07,3.9128070986247625
1985-09-08,3.8436842901748607
1985-09-09,5.399824673298281
1985-09-10,3.793508850538638
1985-09-11,3.553157968365122
1985-09-12,3.083157958625816
1985-09-13,3.9389474500436337
1985-09-14,3.1924562065047217
1985-09-15,6.792982596904039
1985-09-16,7.210351026605349
1985-09-17,3.2556141025503167
1985-09-18,0.09824561607092619
1985-09-19,0.0
1985-09-20,0.010701754607725891
1985-09-21,0.0
1985-09-22,0.3366666736430488
1985-09-23,0.3052631642203778
1985-09-24,0.0
1985-09-25,0.0
1985-09-26,0.0
1985-09-27,0.0
1985-09-28,0.0
1985-09-29,0.012456140608992429
1985-09-30,0.4322807107120753
1985-10-01,2.8015790054225365
1985-10-02,2.7801754962070846
1985-10-03,0.09561403706902638
1985-10-04,0.5078947473666631
1985-10-05,2.4517544367699884
1985-10-06,12.677544122352264
1985-10-07,0.35561404245672745
1985-10-08,0.0
1985-10-09,0.04982456243596972
1985-10-10,7.772982617211528
1985-10-11,27.260351442079994
1985-10-12,2.3463158380938696
1985-10-13,2.278771977045108
1985-10-14,28.408772518509068
1985-10-15,3.547017617360689
1985-10-16,15.734386290959083
1985-10-17,4.888772031129338
1985-10-18,5.245965020987206
1985-10-19,20.628596918692345
1985-10-20,7.773158055811654
1985-10-21,9.264912472688593
1985-10-22,32.16561470162124
1985-10-23,26.993333892687225
1985-10-24,56.91175556528615
1985-10-25,41.84315876180772
1985-10-26,38.77017624198925
1985-10-27,27.83315847149352
1985-10-28,4.9977194018079905
1985-10-29,1.0385965127497911
1985-10-30,13.417193260486238
1985-10-31,11.655789715214633
1985-11-01,82.90315961265006
1985-11-02,29.99421114785364
1985-11-03,13.974210815888362
1985-11-04,22.034912737307604
1985-11-05,22.396842569368893
1985-11-06,16.111403842631262
1985-11-07,9.572456338710618
1985-11-08,5.860175560030621
1985-11-09,1.474736872664653
1985-11-10,0.10807017767801881
1985-11-11,0.0
1985-11-12,0.04087719382951036
1985-11-13,0.14035088010132313
1985-11-14,1.0189473895356058
1985-11-15,29.775614652095832
1985-11-16,9.717719499615487
1985-11-17,6.279122937133071
1985-11-18,0.0
1985-11-19,6.489824695885181
1985-11-20,0.7236842255224474
1985-11-21,0.3735087796696462
1985-11-22,0.0
1985-11-23,0.1024561424739659
1985-11-24,0.018596491613425317
1985-11-25,10.13912301711971
1985-11-26,5.766842224763241
1985-11-27,19.40368461260805
1985-11-28,0.7968421217752621
1985-11-29,1.4800000306684526
1985-11-30,0.5098245719680563
1985-12-01,1.3921052920049988
1985-12-02,20.425088142545427
1985-12-03,11.765789717494044
1985-12-04,4.118947453773581
1985-12-05,7.194386113993824
1985-12-06,6.411403641628567
1985-12-07,4.205614122236147
1985-12-08,0.0
1985-12-09,0.0
1985-12-10,0.0
1985-12-11,0.0
1985-12-12,0.2333333381684497
1985-12-13,0.0
1985-12-14,0.006315789604559542
1985-12-15,1.6826316138147377
1985-12-16,0.2773684268002399
1985-12-17,0.0
1985-12-18,0.0
1985-12-19,0.0
1985-12-20,0.0
1985-12-21,0.1903508811374195
1985-12-22,0.015964912611525505
1985-12-23,0.0
1985-12-24,0.0
1985-12-25,0.0
1985-12-26,0.0
1985-12-27,0.06666666804812849
1985-12-28,0.8849122990388425
1985-12-29,2.799649180821143
1985-12-30,1.169473708444275
1985-12-31,0.09140351066598669
1986-01-01,22.895439070928845
1986-01-02,2.9110526919015682
1986-01-03,1.0247368633397858
1986-01-04,1.167368445242755
1986-01-05,34.202105971891434
1986-01-06,5.586315905232913
1986-01-07,1.5826316117425452
1986-01-08,11.686491470236797
1986-01-09,7.5421054194448525
1986-01-10,11.586842345364857
1986-01-11,0.8036842271802016
1986-01-12,0.09614035286940635
1986-01-13,2.3021053108619527
1986-01-14,1.619649156369269
1986-01-15,10.756140573765153
1986-01-16,32.60280769313686
1986-01-17,39.646842926822146
1986-01-18,95.10473881285871
1986-01-19,4.0094737672945495
1986-01-20,0.5480701867956668
1986-01-21,0.6189473812468351
1986-01-22,25.434035614761527
1986-01-23,15.894386294274593
1986-01-24,0.08719298426294698
1986-01-25,0.0
1986-01-26,0.005087719403672964
1986-01-27,14.031930115330034
1986-01-28,0.40456141189206396
1986-01-29,10.334035301860421
1986-01-30,8.03087735939771
1986-01-31,2.1429825005470775
1986-02-01,10.857544084638358
1986-02-02,1.2698245877167214
1986-02-03,2.135614079341758
1986-02-04,8.378245787648485
1986-02-05,3.7380702528986145
1986-02-06,0.0
1986-02-07,0.0
1986-02-08,0.04701754483394325
1986-02-09,0.0
1986-02-10,0.6380701886606404
1986-02-11,0.37561404287116607
1986-02-12,0.020877193415071816
1986-02-13,0.9442105458816514
1986-02-14,3.976842187670991
1986-02-15,57.937018744426325
1986-02-16,9.798421255673748
1986-02-17,2.318245662073605
1986-02-18,0.7822807179647497
1986-02-19,0.6489473818684929
1986-02-20,3.518772002740298
1986-02-21,12.353859905118588
1986-02-22,30.91298309671693
1986-02-23,82.91754557786044
1986-02-24,42.55824649592397
1986-02-25,20.466842529375572
1986-02-26,0.27456140919821337
1986-02-27,0.0
1986-02-28,0.0
1986-03-01,0.0
1986-03-02,0.16719298592070117
1986-03-03,0.7757894897600637
1986-03-04,0.6694736980833114
1986-03-05,0.0
1986-03-06,9.998245821218006
1986-03-07,26.343684756418227
1986-03-08,3.074912344419863
1986-03-09,3.661052707443014
1986-03-10,1.107719321199693
1986-03-11,6.850175580545329
1986-03-12,2.5015789992059583
1986-03-13,3.48245621251408
1986-03-14,2.086315832706169
1986-03-15,0.15789474011398852
1986-03-16,0.19649123214185238
1986-03-17,0.0784210542566143
1986-03-18,5.820000120601617
1986-03-19,0.22631579416338354
1986-03-20,3.9345614850404678
1986-03-21,12.63017570031807
1986-03-22,3.246666733943858
1986-03-23,11.799123051518109
1986-03-24,9.174561593623366
1986-03-25,9.97403529440053
1986-03-26,4.53421062027337
1986-03-27,9.875087923929096
1986-03-28,4.946140453370754
1986-03-29,8.971930010477081
1986-03-30,10.264035300409889
1986-03-31,1.2549123067059555
1986-04-01,1.7926316160941496
1986-04-02,0.935263177275192
1986-04-03,1.090877215587534
1986-04-04,2.0068421468487943
1986-04-05,0.0
1986-04-06,0.0
1986-04-07,0.08842105446383358
1986-04-08,0.2729824617970735
1986-04-09,0.5294736951822416
1986-04-10,4.158772016002331
1986-04-11,8.901754570426421
1986-04-12,5.678596608899534
1986-04-13,0.12298245868878441
1986-04-14,2.287193029851187
1986-04-15,12.969473952963018
1986-04-16,8.234737012744882
1986-04-17,2.510350929212291
1986-04-18,0.8868421236402356
1986-04-19,4.147368506994098
1986-04-20,6.122982583020348
1986-04-21,10.0054388038232
1986-04-22,5.399649234698154
1986-04-23,0.24157895237440244
1986-04-24,6.463508905866184
1986-04-25,6.4652632918674495
1986-04-26,12.458070433593821
1986-04-27,14.640000303369018
1986-04-28,7.0489475144888285
1986-04-29,5.867193104035687
1986-04-30,0.0022807018016465013
1986-05-01,1.0384210741496647
1986-05-02,7.34087734509958
1986-05-03,3.8578948167851195
1986-05-04,0.6161403636448086
1986-05-05,0.6201754514477217
1986-05-06,0.4559649217291736
1986-05-07,0.462807027134113
1986-05-08,1.51315792609239
1986-05-09,1.6382456479826943
1986-05-10,3.9347369236405942
1986-05-11,8.428070350084454
1986-05-12,35.63386038752506
1986-05-13,24.639649633388032
1986-05-14,0.42789474570890895
1986-05-15,0.0
1986-05-16,0.31508772582747047
1986-05-17,3.802456219145097
1986-05-18,16.681403854442763
1986-05-19,5.1477194049162796
1986-05-20,11.778421296703165
1986-05-21,2.267193029436749
1986-05-22,0.40701755229383707
1986-05-23,0.0
1986-05-24,0.7889473847695627
1986-05-25,0.8943859834456817
1986-05-26,0.6314035218558274
1986-05-27,0.0
1986-05-28,0.08807017726358027
1986-05-29,0.0
1986-05-30,0.0
1986-05-31,0.0
1986-06-01,0.0
1986-06-02,0.0
1986-06-03,0.0
1986-06-04,0.0
1986-06-05,0.006140351004432887
1986-06-06,0.24017544357338919
1986-06-07,0.3977193064871245
1986-06-08,0.07824561565648766
1986-06-09,0.6312280832557008
1986-06-10,0.0
1986-06-11,0.0
1986-06-12,0.0
1986-06-13,0.6838596632936971
1986-06-14,4.751403607230168
1986-06-15,0.41982457010308283
1986-06-16,1.7345614394522273
1986-06-17,10.806316013401375
1986-06-18,6.6110527685727
1986-06-19,2.959473745536525
1986-06-20,3.561754459771328
1986-06-21,0.0
1986-06-22,0.0
1986-06-23,0.0
1986-06-24,0.0
1986-06-25,0.0
1986-06-26,0.14982456450816245
1986-06-27,0.1770175475277938
1986-06-28,5.59122818603646
1986-06-29,2.9680702369427308
1986-06-30,3.920701835630462
1986-07-01,8.76754404132953
1986-07-02,4.40578956498066
1986-07-03,4.587719393312
1986-07-04,1.5352631897083486
1986-07-05,0.0
1986-07-06,0.0
1986-07-07,0.39350878008408474
1986-07-08,0.5547368536004796
1986-07-09,0.007894737005699428
1986-07-10,13.463333612319548
1986-07-11,1.7157895092386752
1986-07-12,1.751403545064386
1986-07-13,0.3352631648420356
1986-07-14,3.4331579658784905
1986-07-15,3.902105344017037
1986-07-16,26.279474228771875
1986-07-17,0.6268421182525344
1986-07-18,0.20824561835033817
1986-07-19,0.0
1986-07-20,0.0
1986-07-21,1.4596491530537608
1986-07-22,2.1108772367239
1986-07-23,0.0
1986-07-24,0.04947368523571641
1986-07-25,0.6949122951016762
1986-07-26,0.0
1986-07-27,0.0
1986-07-28,0.0
1986-07-29,0.0
1986-07-30,0.0
1986-07-31,0.0
1986-08-01,0.0
1986-08-02,0.12140351128764454
1986-08-03,0.007719298405572773
1986-08-04,0.0
1986-08-05,0.0
1986-08-06,0.0
1986-08-07,0.0
1986-08-08,0.0
1986-08-09,0.0021052632015198473
1986-08-10,0.0
1986-08-11,0.0400000008288771
1986-08-12,0.0005263158003799618
1986-08-13,0.0
1986-08-14,0.0
1986-08-15,0.0015789474011398854
1986-08-16,0.0
1986-08-17,0.09000000186497346
1986-08-18,0.0
1986-08-19,0.0
1986-08-20,0.0
1986-08-21,0.0
1986-08-22,0.0
1986-08-23,0.17192982812412086
1986-08-24,0.0007017544005066157
1986-08-25,0.04192982543027029
1986-08-26,0.0036842106026597327
1986-08-27,0.0
1986-08-28,0.04596491323318332
1986-08-29,4.54315798887983
1986-08-30,3.189649188902695
1986-08-31,0.20614035514881837
1986-09-01,0.17614035452716054
1986-09-02,0.011754386208485814
1986-09-03,0.45929825513157996
1986-09-04,3.147894802072551
1986-09-05,0.15070175750879572
1986-09-06,0.3475438668509014
1986-09-07,0.03929824642837047
1986-09-08,1.3845614321995527
1986-09-09,2.196491273585707
1986-09-10,1.7521052994648927
1986-09-11,0.0008771930006332695
1986-09-12,0.0
1986-09-13,5.052807122247759
1986-09-14,0.0042105264030396945
1986-09-15,6.441052765049972
1986-09-16,0.8482456316123718
1986-09-17,3.5426316523575228
1986-09-18,3.4459649836877366
1986-09-19,1.2654386227135546
1986-09-20,0.2091228113509715
1986-09-21,0.8261403679964133
1986-09-22,0.22842105736490342
1986-09-23,46.23017639657483
1986-09-24,1.9442105666035787
1986-09-25,0.7501754541415722
1986-09-26,7.838245776458644
1986-09-27,7.654035246325657
1986-09-28,3.8680702555924658
1986-09-29,10.163508982537316
1986-09-30,1.417894766223617
1986-10-01,0.8577193160192109
1986-10-02,0.0
1986-10-03,0.0
1986-10-04,0.08736842286307366
1986-10-05,0.0
1986-10-06,0.0
1986-10-07,0.0
1986-10-08,0.0
1986-10-09,0.0
1986-10-10,0.0
1986-10-11,0.0
1986-10-12,0.0
1986-10-13,0.0
1986-10-14,0.0
1986-10-15,0.0
1986-10-16,0.0
1986-10-17,0.0
1986-10-18,0.0
1986-10-19,0.0
1986-10-20,0.0
1986-10-21,0.0
1986-10-22,0.0
1986-10-23,0.0
1986-10-24,0.5464912393945269
1986-10-25,33.87947438625852
1986-10-26,54.75298359072768
1986-10-27,13.640175721247214
1986-10-28,2.8421053220517933
1986-10-29,11.33719321738463
1986-10-30,10.557017762621399
1986-10-31,1.907193021976855
1986-11-01,1.3442105541704223
1986-11-02,0.0
1986-11-03,1.1550877432338895
1986-11-04,0.31859649783000354
1986-11-05,34.18070246267598
1986-11-06,7.859298408473842
1986-11-07,11.443158131861129
1986-11-08,0.30263158521847805
1986-11-09,0.9517544056870975
1986-11-10,0.07315789625281469
1986-11-11,9.48210545964539
1986-11-12,0.7856140513671563
1986-11-13,12.713158158177977
1986-11-14,5.170526422932744
1986-11-15,23.691754876903726
1986-11-16,18.05578984783497
1986-11-17,6.928421196201818
1986-11-18,53.64491339232774
1986-11-19,37.54877270790748
1986-11-20,72.22473833874102
1986-11-21,16.306316127371975
1986-11-22,30.724386601580775
1986-11-23,94.46456336099655
1986-11-24,13.361228347045838
1986-11-25,14.105789765983355
1986-11-26,28.631404102069794
1986-11-27,17.729298612999266
1986-11-28,0.2756140407989733
1986-11-29,0.2485964963794686
1986-11-30,1.871578986151144
1986-12-01,11.000701982341708
1986-12-02,0.04175438683014363
1986-12-03,0.0
1986-12-04,0.7675438755541109
1986-12-05,2.605087773280684
1986-12-06,0.021228070615325126
1986-12-07,0.48578948375070474
1986-12-08,0.0
1986-12-09,0.23578947857022287
1986-12-10,0.0
1986-12-11,6.64877206759993
1986-12-12,2.8615790066658517
1986-12-13,10.057544068060817
1986-12-14,13.190526589122602
1986-12-15,2.0256140770623463
1986-12-16,0.16017544191563504
1986-12-17,0.10614035307662562
1986-12-18,0.011403509008232504
1986-12-19,0.5559649238013663
1986-12-20,6.668947506614495
1986-12-21,26.648421604838223
1986-12-22,25.122456660936585
1986-12-23,9.818596694688313
1986-12-24,8.089298413239884
1986-12-25,4.036666750314181
1986-12-26,3.3456141044152905
1986-12-27,6.524210661510006
1986-12-28,24.247368923504837
1986-12-29,45.943860601168126
1986-12-30,3.80543867534725
1986-12-31,3.237368488137145
1987-01-01,26.709825114882555
1987-01-02,18.698246001498774
1987-01-03,25.11561455553165
1987-01-04,6.593158031359781
1987-01-05,0.0
1987-01-06,0.0
1987-01-07,0.0
1987-01-08,0.004385965003166349
1987-01-09,0.07333333485294133
1987-01-10,3.5694737581769007
1987-01-11,13.277193257585168
1987-01-12,31.013860291789754
1987-01-13,3.9031579756177965
1987-01-14,0.22929825036553667
1987-01-15,0.0
1987-01-16,0.5526315903989598
1987-01-17,0.0005263158003799618
1987-01-18,3.566666740574874
1987-01-19,0.3240350944339298
1987-01-20,0.12578947629081086
1987-01-21,0.012456140608992429
1987-01-22,0.8331579120014794
1987-01-23,5.802456260588952
1987-01-24,15.612631902471186
1987-01-25,16.063158227596432
1987-01-26,22.87771977231605
1987-01-27,12.171403760986868
1987-01-28,8.565263335383497
1987-01-29,4.503684303851333
1987-01-30,10.03631599744549
1987-01-31,42.143509645224555
1987-02-01,45.37333427355625
1987-02-02,1.4461403808440083
1987-02-03,4.794912380061579
1987-02-04,6.728947507857811
1987-02-05,0.009473684406839314
1987-02-06,0.0
1987-02-07,0.0
1987-02-08,0.0
1987-02-09,0.4415789565187879
1987-02-10,5.27614046020899
1987-02-11,1.9836842516320758
1987-02-12,5.397894848696888
1987-02-13,12.430000257573557
1987-02-14,1.8935088111669756
1987-02-15,11.721403751662002
1987-02-16,15.635088043287396
1987-02-17,1.3582456421805547
1987-02-18,1.403684239613358
1987-02-19,3.0787719936226496
1987-02-20,0.09473684406839313
1987-02-21,4.410701845784206
1987-02-22,4.348245704139117
1987-02-23,0.013684210809879006
1987-02-24,0.04666666763368994
1987-02-25,0.0
1987-02-26,2.3240351358777844
1987-02-27,7.636140509112739
1987-02-28,12.028947617684025
1987-03-01,18.64386003545951
1987-03-02,56.520878364203966
1987-03-03,49.123509789863604
1987-03-04,7.146140498958994
1987-03-05,15.339649440674112
1987-03-06,3.320350945997052
1987-03-07,0.2538596543832682
1987-03-08,0.0005263158003799618
1987-03-09,10.325965126254598
1987-03-10,10.07877213867614
1987-03-11,6.654912418604362
1987-03-12,10.902982682071162
1987-03-13,8.640175617637578
1987-03-14,0.2505263209808618
1987-03-15,0.7547368577448652
1987-03-16,7.821403670846484
1987-03-17,14.801579254085665
1987-03-18,2.5408772456343285
1987-03-19,1.2817544125253335
1987-03-20,1.0128070385311732
1987-03-21,0.0
1987-03-22,0.0
1987-03-23,1.359649150981568
1987-03-24,0.8442105438094587
1987-03-25,8.409298419870902
1987-03-26,1.512280733091757
1987-03-27,0.24982456658035518
1987-03-28,0.0
1987-03-29,0.07771929985610769
1987-03-30,0.0
1987-03-31,0.0
1987-04-01,0.3292982524377294
1987-04-02,0.394385973084718
1987-04-03,3.2452632251428444
1987-04-04,0.5256140459794552
1987-04-05,0.9107017732574605
1987-04-06,1.9363158295978793
1987-04-07,7.857193145272323
1987-04-08,15.95263190951664
1987-04-09,0.012456140608992429
1987-04-10,24.717018056043894
1987-04-11,6.044561528763735
1987-04-12,0.3217543926322833
1987-04-13,2.5291228594258426
1987-04-14,10.168772140541115
1987-04-15,11.592631819169037
1987-04-16,14.319123103737368
1987-04-17,8.39842122666305
1987-04-18,2.4970175956026655
1987-04-19,0.256491233385168
1987-04-20,0.3000000062165782
1987-04-21,0.12614035349106417
1987-04-22,0.0
1987-04-23,0.0
1987-04-24,0.0
1987-04-25,0.0
1987-04-26,0.0
1987-04-27,0.8005263323779219
1987-04-28,1.2194737094803714
1987-04-29,0.07824561565648765
1987-04-30,31.965439258876724
1987-05-01,8.646140530041885
1987-05-02,8.99929843209684
1987-05-03,0.3840350956772455
1987-05-04,0.073508773453068
1987-05-05,0.7561403665458784
1987-05-06,0.0
1987-05-07,0.14421052930410952
1987-05-08,0.0
1987-05-09,0.0
1987-05-10,8.165614204294979
1987-05-11,27.082105824351316
1987-05-12,15.356842423486523
1987-05-13,3.078947432222776
1987-05-14,21.271754826756663
1987-05-15,0.0
1987-05-16,0.0
1987-05-17,0.0
1987-05-18,3.90087727381615
1987-05-19,0.9682456340990031
1987-05-20,1.6550877535948532
1987-05-21,0.41315790329826996
1987-05-22,0.011578947608359159
1987-05-23,0.0
1987-05-24,0.0
1987-05-25,0.0
1987-05-26,0.5221052739769221
1987-05-27,0.7336842257296667
1987-05-28,3.798772008542437
1987-05-29,5.951579070696607
1987-05-30,43.09403598071076
1987-05-31,11.749649366282394
1987-06-01,2.173859694169369
1987-06-02,0.4056140434928239
1987-06-03,0.0
1987-06-04,0.27771930400049316
1987-06-05,1.1201754618086852
1987-06-06,0.0
1987-06-07,1.941052671801299
1987-06-08,5.115438702492975
1987-06-09,0.10877193207852545
1987-06-10,0.0010526316007599236
1987-06-11,0.20263158314628527
1987-06-12,0.19894737254362554
1987-06-13,0.11508772168308497
1987-06-14,0.40771930669434375
1987-06-15,0.16701754732057456
1987-06-16,0.04017543942900375
1987-06-17,0.8733333514304833
1987-06-18,0.0
1987-06-19,0.9871930029126816
1987-06-20,8.638947547436693
1987-06-21,12.630351138918197
1987-06-22,2.363508820906281
1987-06-23,0.19105263553792612
1987-06-24,0.0
1987-06-25,0.0
1987-06-26,0.27245614599669354
1987-06-27,0.04877193083520979
1987-06-28,0.0
1987-06-29,0.0
1987-06-30,0.0
1987-07-01,0.13333333609625697
1987-07-02,2.2140351335983723
1987-07-03,1.5338596809073353
1987-07-04,16.179649458080533
1987-07-05,6.6171931195771325
1987-07-06,0.7622807175503113
1987-07-07,0.8294737013988198
1987-07-08,0.3691228146664799
1987-07-09,0.17561403872678058
1987-07-10,0.003333333402406425
1987-07-11,0.07000000145053492
1987-07-12,0.02333333381684497
1987-07-13,0.15947368751512842
1987-07-14,0.0
1987-07-15,0.0
1987-07-16,0.22982456616591668
1987-07-17,0.0
1987-07-18,4.59350886711618
1987-07-19,6.2266667956952
1987-07-20,0.4319298335118219
1987-07-21,0.5984210650320165
1987-07-22,0.18719298633513975
1987-07-23,1.7161403864389286
1987-07-24,1.7773684578831308
1987-07-25,0.05929824684280902
1987-07-26,0.4694736939389258
1987-07-27,0.0
1987-07-28,0.0
1987-07-29,0.0
1987-07-30,0.005087719403672964
1987-07-31,3.3256141040008522
1987-08-01,0.36526316546369353
1987-08-02,0.3068421116215177
1987-08-03,0.0
1987-08-04,0.0
1987-08-05,0.0
1987-08-06,0.0
1987-08-07,0.0
1987-08-08,0.0
1987-08-09,0.0
1987-08-10,0.35491228805622094
1987-08-11,0.2300000047660433
1987-08-12,0.2819298304035328
1987-08-13,6.834210667933804
1987-08-14,6.222456269292161
1987-08-15,1.3456140629714355
1987-08-16,1.8861403899616562
1987-08-17,0.0
1987-08-18,0.0
1987-08-19,0.0
1987-08-20,0.0
1987-08-21,0.0
1987-08-22,0.0
1987-08-23,0.0007017544005066157
1987-08-24,0.0
1987-08-25,0.1622807051171549
1987-08-26,0.10438596707535908
1987-08-27,0.0
1987-08-28,0.0
1987-08-29,0.0
1987-08-30,0.0
1987-08-31,0.0
1987-09-01,0.618421065446455
1987-09-02,4.220000087446533
1987-09-03,0.0007017544005066157
1987-09-04,0.8508772106142715
1987-09-05,0.0
1987-09-06,0.0
1987-09-07,0.0
1987-09-08,0.0
1987-09-09,0.0
1987-09-10,0.0
1987-09-11,0.010877193207852544
1987-09-12,0.1896491267369129
1987-09-13,7.403684363944922
1987-09-14,18.594912666024175
1987-09-15,4.0914035935536965
1987-09-16,0.41964913150295624
1987-09-17,0.0
1987-09-18,0.0
1987-09-19,0.0
1987-09-20,0.07368421205319466
1987-09-21,0.0
1987-09-22,0.0
1987-09-23,0.0021052632015198473
1987-09-24,0.0
1987-09-25,1.3003509041387589
1987-09-26,3.612631653808058
1987-09-27,0.0
1987-09-28,0.32719298923620954
1987-09-29,0.0
1987-09-30,0.0
1987-10-01,0.0
1987-10-02,0.0
1987-10-03,0.035614035825710745
1987-10-04,0.0
1987-10-05,0.0
1987-10-06,0.0
1987-10-07,0.0
1987-10-08,0.0
1987-10-09,0.0
1987-10-10,0.0
1987-10-11,0.0
1987-10-12,0.0
1987-10-13,0.20789474115008488
1987-10-14,1.4242105558281766
1987-10-15,0.0
1987-10-16,0.0
1987-10-17,0.0
1987-10-18,0.0
1987-10-19,0.0
1987-10-20,0.0
1987-10-21,0.0
1987-10-22,0.0
1987-10-23,0.0
1987-10-24,0.1366666694986634
1987-10-25,0.3719298322685063
1987-10-26,0.0
1987-10-27,0.0
1987-10-28,0.0
1987-10-29,0.05614035204052925
1987-10-30,0.0005263158003799618
1987-10-31,7.748596651793924
1987-11-01,0.9292982648708857
1987-11-02,0.1138596514821984
1987-11-03,0.684385979094077
1987-11-04,0.0
1987-11-05,0.0005263158003799618
1987-11-06,0.1207017568871379
1987-11-07,0.019824561814311893
1987-11-08,0.0075438598054461195
1987-11-09,5.2321053715772
1987-11-10,7.604210683889687
1987-11-11,29.292983063147407
1987-11-12,6.949649266817142
1987-11-13,27.570176009903662
1987-11-14,7.403684363944922
1987-11-15,8.438947543292308
1987-11-16,4.22228078924818
1987-11-17,0.0
1987-11-18,1.33122809776105
1987-11-19,0.6082456266391091
1987-11-20,0.39614035908598455
1987-11-21,23.890175933646972
1987-11-22,24.283684713731056
1987-11-23,16.25614068773575
1987-11-24,17.12824596896535
1987-11-25,0.02000000041443855
1987-11-26,0.0010526316007599236
1987-11-27,0.0
1987-11-28,0.038245614827610554
1987-11-29,1.1915789720602334
1987-11-30,16.238070511922707
1987-12-01,42.3208780699526
1987-12-02,25.54035140643828
1987-12-03,32.155439262813886
1987-12-04,7.159649271168747
1987-12-05,20.530877618421805
1987-12-06,32.126316455192864
1987-12-07,4.827368521085009
1987-12-08,11.976140599045904
1987-12-09,85.97508950086777
1987-12-10,17.349123166524805
1987-12-11,3.4919298969209196
1987-12-12,0.09877193187130615
1987-12-13,3.094210590433795
1987-12-14,6.265965042123572
1987-12-15,0.7363158047315665
1987-12-16,0.8550877370173111
1987-12-17,2.4436842611641625
1987-12-18,0.2824561462039128
1987-12-19,9.083333521557506
1987-12-20,24.837368935730773
1987-12-21,8.193158064514865
1987-12-22,8.639473863237072
1987-12-23,0.2452631629770622
1987-12-24,0.0
1987-12-25,0.0
1987-12-26,0.08508772106142715
1987-12-27,0.3298245682381094
1987-12-28,0.07403508925344797
1987-12-29,4.742456238623708
1987-12-30,1.7687719664769248
1987-12-31,0.0
1988-01-01,0.006491228204686195
1988-01-02,0.0
1988-01-03,0.10035087927244604
1988-01-04,0.00894736860645935
1988-01-05,0.0
1988-01-06,0.0
1988-01-07,0.9342105456744321
1988-01-08,10.54122828861
1988-01-09,11.830175683740528
1988-01-10,9.286842297704426
1988-01-11,11.730877436068841
1988-01-12,5.677368538698648
1988-01-13,29.490877804090275
1988-01-14,62.06894865460927
1988-01-15,8.130877361469903
1988-01-16,2.9245614641113207
1988-01-17,0.023859649617224934
1988-01-18,2.257719345029909
1988-01-19,0.5208772037760355
1988-01-20,17.52000036304817
1988-01-21,4.505087812652346
1988-01-22,11.627894977794496
1988-01-23,0.0
1988-01-24,1.4421052930410954
1988-01-25,0.0
1988-01-26,0.1838596529327333
1988-01-27,1.8212281079147945
1988-01-28,17.617544224718586
1988-01-29,19.173509169241882
1988-01-30,0.3419298316468485
1988-01-31,0.0
1988-02-01,0.7864912443677896
1988-02-02,5.5226316933869395
1988-02-03,7.874912443885114
1988-02-04,0.0
1988-02-05,0.015438596811145545
1988-02-06,4.650701850757469
1988-02-07,32.860702435323034
1988-02-08,29.782105880300517
1988-02-09,11.355438831797802
1988-02-10,5.794912400783506
1988-02-11,1.6877193332184106
1988-02-12,11.208772162091918
1988-02-13,23.486842591955792
1988-02-14,28.29666725302814
1988-02-15,12.042456389893777
1988-02-16,9.316140543925577
1988-02-17,6.14754398703808
1988-02-18,0.2573684263858013
1988-02-19,0.0
1988-02-20,0.0
1988-02-21,0.10649123027687893
1988-02-22,0.21824561855755747
1988-02-23,0.0012280702008865775
1988-02-24,0.0
1988-02-25,0.0
1988-02-26,0.0057894738041795795
1988-02-27,0.012982456409372392
1988-02-28,0.08192982625914738
1988-02-29,1.7303509130491879
1988-03-01,3.4435088432859633
1988-03-02,11.027193210960833
1988-03-03,17.662982822151392
1988-03-04,9.64684230516432
1988-03-05,25.18263210078003
1988-03-06,11.431403745652641
1988-03-07,0.09701754587003962
1988-03-08,37.85543938092887
1988-03-09,3.9764913104707373
1988-03-10,0.09614035286940635
1988-03-11,0.0035087720025330786
1988-03-12,0.0
1988-03-13,0.4259649211075157
1988-03-14,0.0
1988-03-15,0.0
1988-03-16,0.0
1988-03-17,0.0
1988-03-18,0.0
1988-03-19,2.4378947873599826
1988-03-20,23.020000477018765
1988-03-21,10.48982477877289
1988-03-22,32.37052698656917
1988-03-23,26.08543913703179
1988-03-24,18.94649162067799
1988-03-25,49.799123838951346
1988-03-26,40.34631662552711
1988-03-27,1.8222807395155542
1988-03-28,6.657719436206389
1988-03-29,8.054561570414808
1988-03-30,0.0445614044321701
1988-03-31,0.0012280702008865775
1988-04-01,7.229473834019155
1988-04-02,34.959123531437946
1988-04-03,12.394737098948099
1988-04-04,20.02807059045881
1988-04-05,49.95403612286319
1988-04-06,37.58403586653294
1988-04-07,3.020877255580854
1988-04-08,0.7964912445750087
1988-04-09,0.32157895403215664
1988-04-10,0.02719298301963136
1988-04-11,0.0
1988-04-12,0.0
1988-04-13,0.0
1988-04-14,0.22052632035920397
1988-04-15,0.6135087846429087
1988-04-16,5.436140463524499
1988-04-17,7.578596648271196
1988-04-18,0.6019298370345496
1988-04-19,0.0
1988-04-20,0.07894737005699427
1988-04-21,4.574035182502121
1988-04-22,9.47596510864096
1988-04-23,7.258947518840433
1988-04-24,2.811403567029629
1988-04-25,0.062280703044962145
1988-04-26,0.0
1988-04-27,2.4345614539575764
1988-04-28,8.726842286100146
1988-04-29,10.061052840063349
1988-04-30,6.919122950395104
1988-05-01,3.8631579747889195
1988-05-02,14.287895032914822
1988-05-03,4.625965008139611
1988-05-04,1.10157897019526
1988-05-05,0.36982456906698646
1988-05-06,2.527543912024703
1988-05-07,0.0010526316007599236
1988-05-08,0.3143859714269638
1988-05-09,0.14684210830600933
1988-05-10,0.0
1988-05-11,0.09350877386750654
1988-05-12,12.301052886480466
1988-05-13,17.038596844300628
1988-05-14,1.064035109768156
1988-05-15,0.03175438662292437
1988-05-16,16.635789818409833
1988-05-17,3.6419299000292087
1988-05-18,3.43631586068077
1988-05-19,0.6208772058482283
1988-05-20,0.0
1988-05-21,0.7464912435389124
1988-05-22,2.258947415230796
1988-05-23,0.4426315881195478
1988-05-24,0.0
1988-05-25,0.04754386063432321
1988-05-26,2.3296491710818374
1988-05-27,15.365614353492857
1988-05-28,19.422631981421727
1988-05-29,1.2631579209119084
1988-05-30,2.5152632100158376
1988-05-31,6.076140476786531
1988-06-01,7.1328071653493685
1988-06-02,13.83298274278641
1988-06-03,5.839649243815803
1988-06-04,3.160701819881797
1988-06-05,1.9892982868361289
1988-06-06,3.8535088517819536
1988-06-07,6.737543999264018
1988-06-08,5.041929929039908
1988-06-09,5.282105372613296
1988-06-10,2.1526316235540435
1988-06-11,0.0
1988-06-12,0.0
1988-06-13,0.0
1988-06-14,0.0
1988-06-15,0.0
1988-06-16,0.0
1988-06-17,0.07877193145686762
1988-06-18,0.7542105419444851
1988-06-19,0.0
1988-06-20,0.4317543949116953
1988-06-21,0.47912281694589187
1988-06-22,0.0
1988-06-23,0.0
1988-06-24,0.0
1988-06-25,0.0
1988-06-26,0.0
1988-06-27,0.008771930006332695
1988-06-28,1.716491263639182
1988-06-29,0.6445614168653266
1988-06-30,0.40947369269561024
1988-07-01,10.32736863505561
1988-07-02,20.39421094892314
1988-07-03,0.0
1988-07-04,0.03491228142520413
1988-07-05,9.439649318414741
1988-07-06,1.081754408380948
1988-07-07,0.7470175593392925
1988-07-08,0.0
1988-07-09,0.931228089472279
1988-07-10,2.8182456724345686
1988-07-11,9.49368440725375
1988-07-12,10.334210740460549
1988-07-13,2.2428070640191438
1988-07-14,2.1105263595236465
1988-07-15,0.0
1988-07-16,0.0
1988-07-17,0.0
1988-07-18,0.15824561731424186
1988-07-19,0.10122807227307931
1988-07-20,0.0178947372129187
1988-07-21,0.0
1988-07-22,0.0
1988-07-23,0.0
1988-07-24,0.0
1988-07-25,0.0
1988-07-26,0.0
1988-07-27,0.0
1988-07-28,0.0
1988-07-29,0.0
1988-07-30,0.0
1988-07-31,0.0
1988-08-01,2.4224561905488375
1988-08-02,0.0010526316007599236
1988-08-03,0.0
1988-08-04,0.45894737793132667
1988-08-05,1.3024561673402788
1988-08-06,0.25736842638580126
1988-08-07,0.0
1988-08-08,0.0
1988-08-09,0.17473684572614728
1988-08-10,0.0
1988-08-11,0.0
1988-08-12,0.0
1988-08-13,0.0
1988-08-14,0.0
1988-08-15,3.7470176215050746
1988-08-16,11.306842339562717
1988-08-17,1.9529824966099114
1988-08-18,0.08578947546193376
1988-08-19,0.29578947981353854
1988-08-20,0.0
1988-08-21,0.0
1988-08-22,0.0
1988-08-23,0.0
1988-08-24,0.0
1988-08-25,0.0
1988-08-26,0.0
1988-08-27,0.0
1988-08-28,0.0
1988-08-29,0.06859649264952168
1988-08-30,0.0
1988-08-31,0.0
1988-09-01,0.0
1988-09-02,0.0
1988-09-03,0.0
1988-09-04,0.0
1988-09-05,0.0
1988-09-06,4.122456225776114
1988-09-07,0.9792982659069822
1988-09-08,0.0
1988-09-09,0.0015789474011398854
1988-09-10,0.6394736974616536
1988-09-11,0.0
1988-09-12,0.0
1988-09-13,0.0
1988-09-14,0.0
1988-09-15,0.9145614224602467
1988-09-16,4.543333427479957
1988-09-17,2.5728070708573796
1988-09-18,11.694912523042877
1988-09-19,24.117193482210862
1988-09-20,0.0
1988-09-21,0.013508772209752353
1988-09-22,0.0
1988-09-23,17.433860010385978
1988-09-24,31.051228713616734
1988-09-25,26.967719857068733
1988-09-26,12.517544119036756
1988-09-27,11.784912524907853
1988-09-28,0.0
1988-09-29,0.42263158770510934
1988-09-30,0.02263157941633836
1988-10-01,0.11578947608359158
1988-10-02,0.0010526316007599236
1988-10-03,0.24087719797389584
1988-10-04,1.4208772224257702
1988-10-05,0.22631579416338357
1988-10-06,0.0
1988-10-07,0.005263158003799617
1988-10-08,0.005087719403672964
1988-10-09,0.0
1988-10-10,0.3771929902723059
1988-10-11,0.0784210542566143
1988-10-12,0.004385965003166349
1988-10-13,31.234562050749084
1988-10-14,46.46421148914379
1988-10-15,47.11631676581456
1988-10-16,45.618597436533314
1988-10-17,7.341579099500086
1988-10-18,8.391579121258111
1988-10-19,2.094210569711868
1988-10-20,1.2798245879239403
1988-10-21,9.488245810649824
1988-10-22,0.0784210542566143
1988-10-23,0.4017543942900375
1988-10-24,1.6836842454154977
1988-10-25,0.12929824829334394
1988-10-26,3.2436842777417043
1988-10-27,0.031403509422671054
1988-10-28,0.05771929944166914
1988-10-29,2.1375439039431514
1988-10-30,11.120877423428466
1988-10-31,6.822982597525698
1988-11-01,24.956667183816897
1988-11-02,28.82842165001203
1988-11-03,14.44894766783109
1988-11-04,24.705263669835404
1988-11-05,60.42473809422226
1988-11-06,11.742280945077074
1988-11-07,0.6973684355034494
1988-11-08,9.690701955195983
1988-11-09,5.2268422135734
1988-11-10,28.758947964361866
1988-11-11,10.292280915030279
1988-11-12,23.774561896163505
1988-11-13,0.05964912404306233
1988-11-14,0.06771929964888841
1988-11-15,3.2652632255572827
1988-11-16,7.093158041720745
1988-11-17,3.8084211315494034
1988-11-18,4.510701847856399
1988-11-19,33.69087789112237
1988-11-20,18.613860034837856
1988-11-21,30.85403572707437
1988-11-22,30.65438660013024
1988-11-23,5.323333443643059
1988-11-24,11.460526553273668
1988-11-25,13.058947639027611
1988-11-26,19.865965323941783
1988-11-27,22.22859695184743
1988-11-28,8.815438779164106
1988-11-29,1.041754407552071
1988-11-30,0.0
1988-12-01,3.4296491938759575
1988-12-02,3.6882456904626455
1988-12-03,0.03087719362229109
1988-12-04,0.0
1988-12-05,5.038245718437247
1988-12-06,15.941403839108535
1988-12-07,4.526140444667544
1988-12-08,3.407017614459619
1988-12-09,0.5326315899845213
1988-12-10,3.2124562069191605
1988-12-11,19.507017948082648
1988-12-12,26.79228125694208
1988-12-13,8.959824747068343
1988-12-14,0.0
1988-12-15,0.0
1988-12-16,0.0
1988-12-17,0.0
1988-12-18,8.67263175866101
1988-12-19,4.917193084349856
1988-12-20,5.057894841651432
1988-12-21,1.8838596881600096
1988-12-22,6.0157895983429635
1988-12-23,1.8724561791517775
1988-12-24,2.1228070615325123
1988-12-25,0.0
1988-12-26,0.0
1988-12-27,1.437193012237549
1988-12-28,1.8729824949521574
1988-12-29,41.96666753629688
1988-12-30,16.744035434687977
1988-12-31,3.0126316413749015
1989-01-01,5.593684326438234
1989-01-02,13.747017828724347
1989-01-03,39.65245696202619
1989-01-04,6.488421187084168
1989-01-05,1.2691228333162146
1989-01-06,2.6961404067464176
1989-01-07,0.009473684406839312
1989-01-08,36.46175514152274
1989-01-09,17.425438957579903
1989-01-10,6.571929960744456
1989-01-11,3.7345614808960823
1989-01-12,8.515438772947528
1989-01-13,30.7587725672056
1989-01-14,12.091930075129493
1989-01-15,36.01684285160154
1989-01-16,23.820702247996813
1989-01-17,10.39333354870323
1989-01-18,9.460000196029434
1989-01-19,2.134210570540745
1989-01-20,11.865965158166365
1989-01-21,3.5463158629601823
1989-01-22,6.605087856168392
1989-01-23,3.21456147012068
1989-01-24,0.05017543963622302
1989-01-25,0.3349122876417824
1989-01-26,5.723333451931831
1989-01-27,4.9312281723599884
1989-01-28,1.4107017836184244
1989-01-29,16.072456473403147
1989-01-30,24.69298296782654
1989-01-31,7.308596642676276
1989-02-01,2.7629825133946726
1989-02-02,0.0
1989-02-03,0.0
1989-02-04,0.0
1989-02-05,0.47666667654411876
1989-02-06,0.08894737026421355
1989-02-07,0.0
1989-02-08,0.0
1989-02-09,0.0
1989-02-10,0.0
1989-02-11,0.0
1989-02-12,0.013333333609625698
1989-02-13,0.0
1989-02-14,0.0
1989-02-15,0.029298246221151205
1989-02-16,15.718596816947684
1989-02-17,14.640702057769522
1989-02-18,5.5040352017735135
1989-02-19,1.0287719511426987
1989-02-20,0.8875438780407421
1989-02-21,9.230526507063768
1989-02-22,17.275965270271993
1989-02-23,6.574035223945976
1989-02-24,0.3335087788407691
1989-02-25,1.4617544162552805
1989-02-26,0.3268421120359562
1989-02-27,3.809824640350416
1989-02-28,6.482105397479609
1989-03-01,13.61052659782581
1989-03-02,2.056140393484384
1989-03-03,0.0
1989-03-04,4.105087804363575
1989-03-05,28.210351461765825
1989-03-06,7.133859796950128
1989-03-07,1.9363158295978795
1989-03-08,6.860526457952801
1989-03-09,16.783859996916725
1989-03-10,14.557368722709365
1989-03-11,14.45473714163527
1989-03-12,10.881228295655458
1989-03-13,3.134736907063052
1989-03-14,1.3326316065620631
1989-03-15,3.485438668716233
1989-03-16,4.364736932551023
1989-03-17,2.444210576964543
1989-03-18,6.76105277168099
1989-03-19,1.312456167547498
1989-03-20,8.721052812295966
1989-03-21,11.503158133104444
1989-03-22,0.7387719451333397
1989-03-23,0.4538596585276537
1989-03-24,4.475087812030688
1989-03-25,10.007193189824466
1989-03-26,7.25649137843866
1989-03-27,10.754035310563632
1989-03-28,7.884035251091701
1989-03-29,3.7592983235139403
1989-03-30,7.43473699616734
1989-03-31,3.730526393093169
1989-04-01,14.243158189882525
1989-04-02,7.381754538929091
1989-04-03,7.314561555080582
1989-04-04,31.434211177693218
1989-04-05,64.28561536720954
1989-04-06,5.471929937950335
1989-04-07,0.0
1989-04-08,0.17421052992576733
1989-04-09,0.0
1989-04-10,0.0
1989-04-11,0.10701754607725888
1989-04-12,0.003157894802279771
1989-04-13,0.0
1989-04-14,0.0
1989-04-15,0.0
1989-04-16,0.0
1989-04-17,0.004736842203419655
1989-04-18,0.0852631596615538
1989-04-19,11.025438824959565
1989-04-20,3.1670176094863565
1989-04-21,0.18701754773501308
1989-04-22,0.23298246096819641
1989-04-23,0.2021052673459053
1989-04-24,0.06666666804812849
1989-04-25,1.4328070472343828
1989-04-26,2.741228126978968
1989-04-27,0.14315789770334958
1989-04-28,0.0
1989-04-29,0.0
1989-04-30,0.0
1989-05-01,0.627017556852661
1989-05-02,0.005438596603926272
1989-05-03,0.0
1989-05-04,0.0
1989-05-05,0.10263158107409254
1989-05-06,0.0
1989-05-07,0.0
1989-05-08,0.3966666748863645
1989-05-09,2.057193025085144
1989-05-10,8.288596662983764
1989-05-11,0.06456140484660866
1989-05-12,0.0
1989-05-13,0.025263158418238164
1989-05-14,0.12631579209119081
1989-05-15,0.3192982522305101
1989-05-16,5.894561525655445
1989-05-17,22.072281159134583
1989-05-18,6.608772066771054
1989-05-19,0.6192982584470884
1989-05-20,0.0
1989-05-21,0.22947368896566334
1989-05-22,0.48210527314804497
1989-05-23,19.698070583620577
1989-05-24,2.578245667461306
1989-05-25,2.530877245427109
1989-05-26,8.98298264228506
1989-05-27,19.470702157856433
1989-05-28,10.969473911519163
1989-05-29,0.34649123525014147
1989-05-30,0.0
1989-05-31,0.0
1989-06-01,0.7092982603120617
1989-06-02,0.0
1989-06-03,0.0
1989-06-04,0.19491228474071254
1989-06-05,0.0
1989-06-06,0.0012280702008865775
1989-06-07,0.0
1989-06-08,0.0
1989-06-09,0.0
1989-06-10,0.0
1989-06-11,0.004385965003166349
1989-06-12,0.0
1989-06-13,3.4503509486909025
1989-06-14,4.826491328084376
1989-06-15,0.7903508935705759
1989-06-16,0.6628070312784986
1989-06-17,1.9036842499743214
1989-06-18,0.007017544005066157
1989-06-19,11.409824797837064
1989-06-20,1.044736863754224
1989-06-21,0.6624561540782451
1989-06-22,0.4464912373223342
1989-06-23,0.023157895216718318
1989-06-24,0.0
1989-06-25,0.0
1989-06-26,0.531754396983888
1989-06-27,0.0
1989-06-28,6.225965041294694
1989-06-29,5.7012281883158735
1989-06-30,5.561754501215183
1989-07-01,6.256666796316859
1989-07-02,0.7792982617625968
1989-07-03,0.6305263288551941
1989-07-04,0.6119298372417689
1989-07-05,0.0
1989-07-06,0.0
1989-07-07,0.0
1989-07-08,0.0
1989-07-09,3.6740351638523863
1989-07-10,0.5031579051632434
1989-07-11,0.0
1989-07-12,0.028947369020897895
1989-07-13,1.1621052872389557
1989-07-14,0.007719298405572772
1989-07-15,3.874035167996772
1989-07-16,13.960175727878234
1989-07-17,0.4289473773096688
1989-07-18,0.0
1989-07-19,0.005438596603926272
1989-07-20,0.05842105384217575
1989-07-21,0.11736842348473148
1989-07-22,0.0
1989-07-23,0.0
1989-07-24,0.0
1989-07-25,0.0
1989-07-26,0.0
1989-07-27,0.39684211348649123
1989-07-28,0.0
1989-07-29,0.15508772251196207
1989-07-30,0.0005263158003799618
1989-07-31,2.3289474166813307
1989-08-01,2.088947411708068
1989-08-02,4.43982465340523
1989-08-03,0.21561403955565767
1989-08-04,0.0
1989-08-05,0.0
1989-08-06,0.27192983019631356
1989-08-07,1.3235087993554773
1989-08-08,1.0728070397744887
1989-08-09,2.778596548805945
1989-08-10,0.0
1989-08-11,0.0
1989-08-12,0.0038596492027863864
1989-08-13,1.8161403885111214
1989-08-14,5.921403631474824
1989-08-15,4.112280786968768
1989-08-16,0.3000000062165782
1989-08-17,0.0
1989-08-18,0.0
1989-08-19,1.1071930053993129
1989-08-20,10.008947575825733
1989-08-21,25.07350929150125
1989-08-22,7.979122972360347
1989-08-23,0.5636842222069391
1989-08-24,1.0368421267485246
1989-08-25,1.315964939550031
1989-08-26,5.962631702504587
1989-08-27,3.1036842748406346
1989-08-28,0.01736842141253874
1989-08-29,0.0
1989-08-30,0.0
1989-08-31,1.2038596740690992
1989-09-01,3.941403590445407
1989-09-02,0.6808772070915439
1989-09-03,0.0
1989-09-04,0.060350878443568956
1989-09-05,0.0
1989-09-06,0.0
1989-09-07,0.0
1989-09-08,0.002631579001899809
1989-09-09,0.0
1989-09-10,0.0
1989-09-11,0.0
1989-09-12,0.0
1989-09-13,0.0
1989-09-14,0.0
1989-09-15,0.0
1989-09-16,0.40087720128940424
1989-09-17,2.250000046624337
1989-09-18,0.0
1989-09-19,0.0
1989-09-20,0.0
1989-09-21,0.0
1989-09-22,0.0
1989-09-23,0.0
1989-09-24,0.056140352040529265
1989-09-25,0.0
1989-09-26,5.626491344661918
1989-09-27,0.0
1989-09-28,0.050701755436602984
1989-09-29,0.0
1989-09-30,2.7696491801994854
1989-10-01,0.10228070387383925
1989-10-02,0.0
1989-10-03,0.0
1989-10-04,0.044912281632423404
1989-10-05,0.0
1989-10-06,0.007017544005066157
1989-10-07,0.0
1989-10-08,0.0
1989-10-09,0.07456140505382791
1989-10-10,19.667368828598413
1989-10-11,15.755088045774029
1989-10-12,16.784035435516856
1989-10-13,14.163859942625278
1989-10-14,0.22438596956199036
1989-10-15,0.040526316629257056
1989-10-16,0.0
1989-10-17,0.016315789811778815
1989-10-18,9.402982650988271
1989-10-19,0.6242105392506347
1989-10-20,10.537719516607467
1989-10-21,13.77842133814702
1989-10-22,19.23122846868355
1989-10-23,19.85666707813507
1989-10-24,2.306666714465246
1989-10-25,4.802807117067278
1989-10-26,21.231053071527278
1989-10-27,1.922807057388127
1989-10-28,1.0456140567548573
1989-10-29,1.019473705335986
1989-10-30,1.2380702010937967
1989-10-31,0.0
1989-11-01,0.029649123421404515
1989-11-02,0.47368422034196556
1989-11-03,47.22877290849574
1989-11-04,29.855088337953205
1989-11-05,19.65526356518967
1989-11-06,40.089649953541816
1989-11-07,6.045438721764367
1989-11-08,85.43140527907526
1989-11-09,58.80122928865022
1989-11-10,44.16614126608474
1989-11-11,15.180526630359235
1989-11-12,15.931930154701693
1989-11-13,17.627017909125424
1989-11-14,0.9042105450527742
1989-11-15,1.6250877529731953
1989-11-16,5.914561526069884
1989-11-17,1.9033333727740682
1989-11-18,3.321929893398192
1989-11-19,23.043333810835612
1989-11-20,10.192105474357959
1989-11-21,1.501578978484031
1989-11-22,18.011403882002924
1989-11-23,26.681579500262163
1989-11-24,10.171228280942888
1989-11-25,6.234561532700901
1989-11-26,7.6626317377318625
1989-11-27,0.3894736922811717
1989-11-28,0.0
1989-11-29,0.3050877256202512
1989-11-30,0.0
1989-12-01,0.8852631762390957
1989-12-02,27.88596549013164
1989-12-03,53.06438706450864
1989-12-04,55.625790626357784
1989-12-05,10.472280918760227
1989-12-06,1.8071930199046622
1989-12-07,14.917368730169256
1989-12-08,27.818597067683008
1989-12-09,4.846140451298561
1989-12-10,4.244561491464265
1989-12-11,0.0
1989-12-12,0.007192982605192811
1989-12-13,0.0015789474011398854
1989-12-14,0.0
1989-12-15,0.0
1989-12-16,0.0
1989-12-17,0.09140351066598669
1989-12-18,0.0042105264030396945
1989-12-19,3.16894743408775
1989-12-20,0.41000000849599016
1989-12-21,0.2821052690036595
1989-12-22,0.022982456616591665
1989-12-23,3.9482456958503462
1989-12-24,0.0
1989-12-25,0.0
1989-12-26,0.3689473760663532
1989-12-27,1.8603509157430382
1989-12-28,1.119298268808052
1989-12-29,1.3868421340011994
1989-12-30,2.3087719776667655
1989-12-31,18.46263196152868
1990-01-01,14.591403811133933
1990-01-02,6.91666680999333
1990-01-03,19.79263198908884
1990-01-04,19.130526712210848
1990-01-05,29.560000612540172
1990-01-06,21.620702202408577
1990-01-07,28.59421111884294
1990-01-08,48.55140451485059
1990-01-09,68.96175581498538
1990-01-10,0.9692982656997629
1990-01-11,3.170175504288636
1990-01-12,1.1787719542509876
1990-01-13,2.3317544342833574
1990-01-14,0.9470175634836779
1990-01-15,1.1098245844012127
1990-01-16,0.0
1990-01-17,0.07315789625281469
1990-01-18,0.006491228204686196
1990-01-19,0.0
1990-01-20,0.7194736991194077
1990-01-21,13.97140379828634
1990-01-22,35.57579021088314
1990-01-23,8.224035258137155
1990-01-24,25.50771982681472
1990-01-25,22.430877657793467
1990-01-26,9.146315979002974
1990-01-27,39.71350959487027
1990-01-28,37.25263235089369
1990-01-29,13.12350904387422
1990-01-30,9.105438785173465
1990-01-31,5.502807131572627
1990-02-01,21.71649167807773
1990-02-02,21.055088155600245
1990-02-03,21.58543904378312
1990-02-04,8.12105279986281
1990-02-05,23.955088215693834
1990-02-06,10.49035109457327
1990-02-07,20.234035507007505
1990-02-08,15.921403838694097
1990-02-09,53.77193093881943
1990-02-10,62.558773226162884
1990-02-11,17.863509142096156
1990-02-12,0.8570175616187045
1990-02-13,0.47964913274627186
1990-02-14,4.484561496437528
1990-02-15,16.287017881358043
1990-02-16,1.1910526562598536
1990-02-17,0.2322807065676898
1990-02-18,0.8224561573937537
1990-02-19,0.5675438714097254
1990-02-20,41.38614120847779
1990-02-21,1.1652631820412354
1990-02-22,0.29210526921087876
1990-02-23,0.027543860219884666
1990-02-24,6.705614174040965
1990-02-25,0.0
1990-02-26,0.0
1990-02-27,0.0
1990-02-28,0.0
1990-03-01,0.011754386208485812
1990-03-02,0.0
1990-03-03,0.057368422241415834
1990-03-04,0.36456141106318685
1990-03-05,1.8591228455421516
1990-03-06,17.538947731861846
1990-03-07,19.646140757983087
1990-03-08,12.437544117379003
1990-03-09,20.005965326842855
1990-03-10,9.300877385714557
1990-03-11,0.42333334210561596
1990-03-12,0.35070176165318123
1990-03-13,8.377544033247979
1990-03-14,11.804737086722163
1990-03-15,0.05578947484027595
1990-03-16,0.06771929964888841
1990-03-17,5.5078948509763
1990-03-18,2.57175443925662
1990-03-19,1.8666667053475978
1990-03-20,5.213508879963774
1990-03-21,2.7261404073680757
1990-03-22,7.541403665044345
1990-03-23,3.4750877913087606
1990-03-24,0.0
1990-03-25,0.0
1990-03-26,0.0
1990-03-27,0.0
1990-03-28,0.0
1990-03-29,0.0
1990-03-30,0.0
1990-03-31,0.0
1990-04-01,0.0
1990-04-02,0.0
1990-04-03,0.0
1990-04-04,0.0
1990-04-05,0.0
1990-04-06,0.0
1990-04-07,0.0
1990-04-08,0.2914035148103722
1990-04-09,0.15912281031487513
1990-04-10,0.5189473791746423
1990-04-11,8.927193167444784
1990-04-12,9.911403714155313
1990-04-13,7.224035237415228
1990-04-14,0.40807018389459704
1990-04-15,0.279824567202013
1990-04-16,0.00982456160709262
1990-04-17,2.9663158509414647
1990-04-18,0.0
1990-04-19,5.735789592540822
1990-04-20,0.26263158438960094
1990-04-21,1.1138596722041259
1990-04-22,8.099649290647358
1990-04-23,4.733859747217503
1990-04-24,6.943158038612455
1990-04-25,19.003860042919406
1990-04-26,4.890701855730732
1990-04-27,12.56245640066918
1990-04-28,2.9687719913432375
1990-04-29,0.14298245910322294
1990-04-30,0.0
1990-05-01,2.056491270684637
1990-05-02,2.671929879928939
1990-05-03,0.0
1990-05-04,0.0
1990-05-05,0.0005263158003799618
1990-05-06,8.982280887884553
1990-05-07,3.0521053264033986
1990-05-08,0.13526316069765018
1990-05-09,0.19280702153919266
1990-05-10,0.3377193052438088
1990-05-11,0.5763158014160581
1990-05-12,4.872280802717433
1990-05-13,3.4324562114779837
1990-05-14,0.7677193141542376
1990-05-15,0.10754386187763885
1990-05-16,0.16035088051576168
1990-05-17,0.211403513152618
1990-05-18,0.514561414171476
1990-05-19,0.005087719403672964
1990-05-20,8.138772098475602
1990-05-21,3.3968421756522726
1990-05-22,6.348772061383352
1990-05-23,4.68894746558508
1990-05-24,0.5214035195764154
1990-05-25,0.0784210542566143
1990-05-26,4.463333425822203
1990-05-27,6.084561529592611
1990-05-28,2.7854386542108847
1990-05-29,2.947894797928166
1990-05-30,5.797894856985659
1990-05-31,15.534912602615076
1990-06-01,1.7526316152652726
1990-06-02,2.66456145872362
1990-06-03,27.277544424892405
1990-06-04,4.052105347125326
1990-06-05,0.7189473833190277
1990-06-06,24.787368934694676
1990-06-07,3.078947432222776
1990-06-08,10.062631787464488
1990-06-09,11.23596514511155
1990-06-10,23.019649599818514
1990-06-11,5.150526422518306
1990-06-12,8.625614213827067
1990-06-13,1.196842130064033
1990-06-14,0.0
1990-06-15,0.010175438807345928
1990-06-16,0.12105263408739121
1990-06-17,0.0
1990-06-18,0.13017544129397723
1990-06-19,0.003333333402406425
1990-06-20,0.0
1990-06-21,0.0
1990-06-22,0.7003508917056024
1990-06-23,0.10122807227307931
1990-06-24,0.0
1990-06-25,0.0
1990-06-26,0.0010526316007599236
1990-06-27,1.643508805986494
1990-06-28,0.0
1990-06-29,0.0
1990-06-30,0.35263158625457436
1990-07-01,1.6550877535948532
1990-07-02,6.113333460013383
1990-07-03,0.4487719391239807
1990-07-04,0.0
1990-07-05,5.612105379451532
1990-07-06,3.5836842847871595
1990-07-07,0.0
1990-07-08,0.042280702630523595
1990-07-09,0.0
1990-07-10,0.0
1990-07-11,0.0
1990-07-12,0.1689473719219677
1990-07-13,0.0
1990-07-14,0.0
1990-07-15,0.05701754504116253
1990-07-16,0.0
1990-07-17,0.0
1990-07-18,0.0
1990-07-19,0.0
1990-07-20,0.0
1990-07-21,0.0005263158003799618
1990-07-22,0.38438597287749876
1990-07-23,0.1526315821101889
1990-07-24,1.4540351178497077
1990-07-25,3.014035150175914
1990-07-26,0.008947368606459349
1990-07-27,0.0
1990-07-28,0.0
1990-07-29,0.39456141168484465
1990-07-30,0.1873684249352664
1990-07-31,0.0
1990-08-01,0.0
1990-08-02,0.0
1990-08-03,0.0
1990-08-04,0.0
1990-08-05,0.0
1990-08-06,0.0
1990-08-07,0.0
1990-08-08,0.0
1990-08-09,0.0
1990-08-10,0.049649123835843065
1990-08-11,0.0
1990-08-12,0.042982457031030215
1990-08-13,0.0
1990-08-14,0.0
1990-08-15,0.0
1990-08-16,0.4949122909572907
1990-08-17,15.632807341485751
1990-08-18,1.92947372419294
1990-08-19,0.34666667385026817
1990-08-20,4.40315798597876
1990-08-21,13.997368711105082
1990-08-22,0.1847368459333666
1990-08-23,0.32719298923620954
1990-08-24,2.7543860219884664
1990-08-25,3.718245691084303
1990-08-26,0.24543860157718883
1990-08-27,0.0
1990-08-28,1.8394737223279662
1990-08-29,18.3403512572404
1990-08-30,21.350526758213526
1990-08-31,2.824912339239382
1990-09-01,0.09385965106775984
1990-09-02,0.026842105819378053
1990-09-03,0.0
1990-09-04,0.5791228190180846
1990-09-05,0.1645614069188014
1990-09-06,0.007192982605192811
1990-09-07,0.0022807018016465013
1990-09-08,0.0
1990-09-09,0.0
1990-09-10,0.0
1990-09-11,0.03982456222875044
1990-09-12,0.0914035106659867
1990-09-13,0.0
1990-09-14,1.0652631799690426
1990-09-15,12.98929851477733
1990-09-16,3.9342106078402144
1990-09-17,0.0
1990-09-18,0.0
1990-09-19,0.0
1990-09-20,0.0
1990-09-21,0.0
1990-09-22,0.0
1990-09-23,0.0
1990-09-24,0.0
1990-09-25,0.018596491613425317
1990-09-26,0.0
1990-09-27,0.0
1990-09-28,0.0
1990-09-29,0.27263158459682024
1990-09-30,0.032280702423304324
1990-10-01,11.34719321759185
1990-10-02,6.714736981247552
1990-10-03,79.40491392612458
1990-10-04,42.28175526212435
1990-10-05,3.3945614738506267
1990-10-06,0.0
1990-10-07,0.0
1990-10-08,3.3117544545908464
1990-10-09,15.989474015543237
1990-10-10,1.7003509124275296
1990-10-11,15.792105590400755
1990-10-12,19.395088121201844
1990-10-13,2.7022807577508505
1990-10-14,25.445614562369883
1990-10-15,15.981579278537541
1990-10-16,4.016666749899741
1990-10-17,13.037895007012413
1990-10-18,14.14649152121274
1990-10-19,1.3826316075981597
1990-10-20,1.7784210894838908
1990-10-21,40.551579787675294
1990-10-22,0.4117543944972567
1990-10-23,0.0
1990-10-24,4.915087821148337
1990-10-25,22.765439068234993
1990-10-26,2.56543864965206
1990-10-27,11.8431581401499
1990-10-28,18.86157933821669
1990-10-29,12.354210782318843
1990-10-30,10.05894757686183
1990-10-31,3.4289474394754507
1990-11-01,2.4131579447421245
1990-11-02,2.661754441121593
1990-11-03,28.81982515860582
1990-11-04,14.413158193405252
1990-11-05,2.273508819041308
1990-11-06,1.9738596900249834
1990-11-07,31.20789538352983
1990-11-08,42.30298333273968
1990-11-09,156.0824593746802
1990-11-10,34.65140422681579
1990-11-11,1.8907017935649495
1990-11-12,25.8077198330313
1990-11-13,52.67105372302468
1990-11-14,15.063684522674887
1990-11-15,3.8733334135962654
1990-11-16,5.011403612617869
1990-11-17,10.263684423209634
1990-11-18,1.3314035363611767
1990-11-19,13.409473962080666
1990-11-20,10.614737062063067
1990-11-21,58.15315909978236
1990-11-22,69.98070320452098
1990-11-23,71.95772078934824
1990-11-24,81.32754554491258
1990-11-25,7.493859804410022
1990-11-26,8.400701928464695
1990-11-27,10.180701965349726
1990-11-28,5.521579061786179
1990-11-29,40.0454394263099
1990-11-30,5.092280807276257
1990-12-01,39.718070998473564
1990-12-02,9.561228268302512
1990-12-03,42.08052718777908
1990-12-04,43.493509673199156
1990-12-05,0.30701755022164434
1990-12-06,0.048771930835209795
1990-12-07,0.0
1990-12-08,52.98438706285087
1990-12-09,21.161403947276995
1990-12-10,12.088947618927342
1990-12-11,2.3517544346977957
1990-12-12,3.3952632282511335
1990-12-13,0.38122807807521897
1990-12-14,1.5943859979510309
1990-12-15,5.302631688828114
1990-12-16,19.657017951190937
1990-12-17,29.957719919027298
1990-12-18,2.3145614514709454
1990-12-19,0.0015789474011398854
1990-12-20,0.0
1990-12-21,0.0
1990-12-22,0.003157894802279771
1990-12-23,0.2856140410061926
1990-12-24,2.578771983261686
1990-12-25,1.7528070538653995
1990-12-26,7.9610527965473015
1990-12-27,18.661403895472176
1990-12-28,2.634210580901709
1990-12-29,0.06666666804812849
1990-12-30,37.445790249633134
1990-12-31,34.801755107124336
1991-01-01,3.3201755073969252
1991-01-02,0.0
1991-01-03,0.0
1991-01-04,0.0042105264030396945
1991-01-05,1.7310526674496944
1991-01-06,4.285438685293775
1991-01-07,32.70263225660892
1991-01-08,26.96386020786595
1991-01-09,12.862982722686137
1991-01-10,16.5052634999156
1991-01-11,48.64350977991708
1991-01-12,56.65824678810314
1991-01-13,32.324035757535604
1991-01-14,26.167018086090685
1991-01-15,11.007368649146521
1991-01-16,2.3931579443276862
1991-01-17,1.7624561768723654
1991-01-18,0.6192982584470883
1991-01-19,0.0
1991-01-20,0.10070175647269934
1991-01-21,0.017017544212285435
1991-01-22,0.008421052806079389
1991-01-23,0.15368421371094887
1991-01-24,0.0
1991-01-25,0.0
1991-01-26,0.05631579064065591
1991-01-27,0.0
1991-01-28,1.1875438842573205
1991-01-29,0.15228070490993562
1991-01-30,0.007017544005066157
1991-01-31,23.923509267671037
1991-02-01,31.028421695600265
1991-02-02,26.902105820621365
1991-02-03,27.824737418687437
1991-02-04,37.52491305829026
1991-02-05,6.494210660888348
1991-02-06,0.04157894823001698
1991-02-07,8.938245799252764
1991-02-08,8.733859830105212
1991-02-09,0.0
1991-02-10,1.0908772155875341
1991-02-11,14.754737147851847
1991-02-12,7.8010527932317935
1991-02-13,10.90035110306926
1991-02-14,4.806140450469684
1991-02-15,1.9696491636219438
1991-02-16,3.880877273401712
1991-02-17,6.345614166581073
1991-02-18,31.83000065957895
1991-02-19,61.82912408823613
1991-02-20,6.810175579716452
1991-02-21,0.040350878029130406
1991-02-22,0.06000000124331564
1991-02-23,0.0
1991-02-24,0.0
1991-02-25,0.0
1991-02-26,0.0
1991-02-27,0.0
1991-02-28,0.16947368772234767
1991-03-01,24.553158403525593
1991-03-02,45.28912374549546
1991-03-03,41.81929911219049
1991-03-04,4.441754478006624
1991-03-05,0.6791228210902773
1991-03-06,3.89508780001197
1991-03-07,2.966842166741844
1991-03-08,1.529473715904169
1991-03-09,5.577719413826708
1991-03-10,10.842105487827212
1991-03-11,7.439649276970886
1991-03-12,5.86754398123594
1991-03-13,0.1917543899384327
1991-03-14,0.18964912673691287
1991-03-15,0.0
1991-03-16,0.0
1991-03-17,0.2982456202153117
1991-03-18,3.0675439232145436
1991-03-19,4.90754396134289
1991-03-20,0.9475438792840577
1991-03-21,5.120000106096268
1991-03-22,1.7450877554598265
1991-03-23,1.4064912572153845
1991-03-24,3.100000064237975
1991-03-25,0.5329824671847747
1991-03-26,0.0
1991-03-27,0.0
1991-03-28,4.328245703724679
1991-03-29,0.23877193477237602
1991-03-30,0.0
1991-03-31,0.18842105653602634
1991-04-01,4.024736925505567
1991-04-02,12.05438621470239
1991-04-03,46.37649218908046
1991-04-04,59.10368543526857
1991-04-05,28.217895321571266
1991-04-06,3.861579027387779
1991-04-07,4.280877281690483
1991-04-08,10.121579157107044
1991-04-09,12.698596754367465
1991-04-10,2.0456140774767846
1991-04-11,0.35578948105685415
1991-04-12,0.09105263346573338
1991-04-13,1.2042105512693526
1991-04-14,7.552456296852325
1991-04-15,3.8945614842115903
1991-04-16,0.05701754504116253
1991-04-17,0.18947368813678622
1991-04-18,0.0
1991-04-19,0.087192984262947
1991-04-20,0.1492982487077825
1991-04-21,0.0201754390145652
1991-04-22,0.2333333381684497
1991-04-23,4.715438694204204
1991-04-24,6.532807152916212
1991-04-25,1.3689473967882806
1991-04-26,1.409122836217284
1991-04-27,1.9189474081853406
1991-04-28,3.421228141069878
1991-04-29,0.14771930130664263
1991-04-30,0.0
1991-05-01,0.03438596562482417
1991-05-02,0.0
1991-05-03,0.1678947403212078
1991-05-04,0.03666666742647067
1991-05-05,14.470526615646667
1991-05-06,4.908947470143903
1991-05-07,10.342631793266628
1991-05-08,10.607017763657495
1991-05-09,0.3371929894434289
1991-05-10,0.1438596521038562
1991-05-11,0.0
1991-05-12,1.9978947782423349
1991-05-13,0.696491242502816
1991-05-14,0.0015789474011398854
1991-05-15,0.8831579130375758
1991-05-16,5.339298356254584
1991-05-17,16.248772266530434
1991-05-18,8.73491246170597
1991-05-19,0.6877193124964833
1991-05-20,0.00578947380417958
1991-05-21,0.002982456202153117
1991-05-22,0.47824562394525855
1991-05-23,0.0005263158003799618
1991-05-24,13.52140378896147
1991-05-25,3.295438664779067
1991-05-26,0.002982456202153117
1991-05-27,0.6622807154781185
1991-05-28,1.4931579256779515
1991-05-29,3.522982529143337
1991-05-30,4.406666757981293
1991-05-31,0.0
1991-06-01,0.0
1991-06-02,0.4836842205491848
1991-06-03,0.5240350985783153
1991-06-04,0.30929825202329086
1991-06-05,0.12631579209119081
1991-06-06,1.6645614380016927
1991-06-07,2.809473742428236
1991-06-08,0.0715789488516748
1991-06-09,0.119122809485998
1991-06-10,5.307193092431408
1991-06-11,7.600175596086775
1991-06-12,4.49438605804462
1991-06-13,1.240877218695823
1991-06-14,1.0845614259829746
1991-06-15,2.5194737364188766
1991-06-16,10.212631790572779
1991-06-17,0.32087719963165
1991-06-18,0.20368421474704518
1991-06-19,2.434210576757323
1991-06-20,13.217193256341853
1991-06-21,2.754561460588593
1991-06-22,1.804035125102382
1991-06-23,0.34245614744722847
1991-06-24,0.5157894843723625
1991-06-25,0.4887719399528578
1991-06-26,0.5119298351695761
1991-06-27,0.0014035088010132314
1991-06-28,4.752456238830928
1991-06-29,1.000701775122434
1991-06-30,0.023508772416971628
1991-07-01,0.08859649306396024
1991-07-02,0.0
1991-07-03,0.0
1991-07-04,0.0
1991-07-05,0.18614035473437981
1991-07-06,0.0
1991-07-07,0.0
1991-07-08,0.0
1991-07-09,0.0
1991-07-10,0.0
1991-07-11,0.0
1991-07-12,0.8261403679964132
1991-07-13,0.6056140476372094
1991-07-14,2.297719345858787
1991-07-15,6.358772061590571
1991-07-16,1.247543885500636
1991-07-17,0.6442105396650732
1991-07-18,0.06561403644736857
1991-07-19,0.0005263158003799618
1991-07-20,0.8352631752029993
1991-07-21,0.0
1991-07-22,0.07070175585104155
1991-07-23,4.050526399724186
1991-07-24,6.456315923260991
1991-07-25,0.9121052820584736
1991-07-26,0.0
1991-07-27,0.33964912984520196
1991-07-28,0.0
1991-07-29,0.0
1991-07-30,0.08578947546193377
1991-07-31,0.0
1991-08-01,0.23070175916654992
1991-08-02,0.0
1991-08-03,0.0
1991-08-04,0.0
1991-08-05,1.8100000375066885
1991-08-06,1.1764912524493412
1991-08-07,1.410350906418171
1991-08-08,1.624736875772942
1991-08-09,4.013157977897208
1991-08-10,1.6482456481899135
1991-08-11,1.817368458712008
1991-08-12,1.7045614388305697
1991-08-13,0.0
1991-08-14,0.2824561462039128
1991-08-15,0.0
1991-08-16,0.0010526316007599236
1991-08-17,0.0
1991-08-18,0.011929824808612467
1991-08-19,0.0
1991-08-20,0.0
1991-08-21,0.0
1991-08-22,0.0
1991-08-23,0.0
1991-08-24,0.0
1991-08-25,0.018947368813678624
1991-08-26,6.173333461256698
1991-08-27,19.834561814519112
1991-08-28,7.931579111726023
1991-08-29,7.459473838785199
1991-08-30,5.4677194115472965
1991-08-31,4.657543956162408
1991-09-01,3.0996491870377216
1991-09-02,0.5326315899845213
1991-09-03,0.13701754669891675
1991-09-04,0.0
1991-09-05,0.0
1991-09-06,0.5543859764002265
1991-09-07,3.4108772636624054
1991-09-08,2.4938597008003858
1991-09-09,0.0
1991-09-10,0.0
1991-09-11,0.034385965624824176
1991-09-12,0.2407017593737692
1991-09-13,11.135087950038724
1991-09-14,0.0
1991-09-15,0.0
1991-09-16,0.0
1991-09-17,0.0
1991-09-18,0.0
1991-09-19,0.0
1991-09-20,0.0
1991-09-21,0.0
1991-09-22,0.0
1991-09-23,0.0
1991-09-24,0.0
1991-09-25,0.0
1991-09-26,0.0036842106026597327
1991-09-27,0.0
1991-09-28,0.01298245640937239
1991-09-29,0.0
1991-09-30,0.0
1991-10-01,0.0
1991-10-02,0.0
1991-10-03,0.0
1991-10-04,0.0
1991-10-05,0.0
1991-10-06,0.0
1991-10-07,0.0
1991-10-08,0.0
1991-10-09,0.0
1991-10-10,0.0
1991-10-11,0.0
1991-10-12,0.005614035204052926
1991-10-13,0.0
1991-10-14,0.01929824601393193
1991-10-15,0.0
1991-10-16,17.119649477559143
1991-10-17,0.0
1991-10-18,1.2484210785012695
1991-10-19,0.5082456245669164
1991-10-20,3.375789543637075
1991-10-21,21.41807061926229
1991-10-22,3.020877255580854
1991-10-23,0.49403509795665745
1991-10-24,22.099649580754342
1991-10-25,0.5677193100098521
1991-10-26,0.5615789590054192
1991-10-27,0.7464912435389125
1991-10-28,0.4328070265124553
1991-10-29,0.17368421412538737
1991-10-30,5.851052752824035
1991-10-31,3.080526379623916
1991-11-01,1.1833333578542808
1991-11-02,0.839473701606039
1991-11-03,3.2349123477353716
1991-11-04,36.432456895301584
1991-11-05,14.624912583758125
1991-11-06,1.4414035386405886
1991-11-07,12.531579207046889
1991-11-08,10.523684428597335
1991-11-09,3.9008772738161497
1991-11-10,0.11929824808612467
1991-11-11,64.42789607191226
1991-11-12,21.312982897786423
1991-11-13,10.715965134336148
1991-11-14,1.049824583157897
1991-11-15,5.083158000069671
1991-11-16,31.899123468028847
1991-11-17,22.169123266404497
1991-11-18,14.426842404215133
1991-11-19,60.61035213315627
1991-11-20,17.205088075820825
1991-11-21,8.48596508812625
1991-11-22,0.36982456906698646
1991-11-23,10.184386175952387
1991-11-24,26.474386513512584
1991-11-25,22.87824608811643
1991-11-26,9.109824750176632
1991-11-27,7.569473841064609
1991-11-28,6.344386096380186
1991-11-29,0.3685964988660999
1991-11-30,0.3200000066310168
1991-12-01,20.673333761724646
1991-12-02,0.3285964980372228
1991-12-03,7.28578962465981
1991-12-04,13.82929853218375
1991-12-05,61.66736969891936
1991-12-06,21.062807454005817
1991-12-07,18.68754424689105
1991-12-08,37.52842183029279
1991-12-09,29.651579561806287
1991-12-10,6.020526440546382
1991-12-11,34.619825278793
1991-12-12,16.903158245002853
1991-12-13,0.0
1991-12-14,2.8619298838661056
1991-12-15,0.004736842203419655
1991-12-16,0.004736842203419656
1991-12-17,0.12368421308929102
1991-12-18,10.307368634641172
1991-12-19,1.4807017850689592
1991-12-20,2.5335088244290094
1991-12-21,5.237543968181127
1991-12-22,0.151052634709049
1991-12-23,0.5924561526277103
1991-12-24,2.1580702201579696
1991-12-25,0.8154386133886873
1991-12-26,1.5326316107064486
1991-12-27,1.0203508983366192
1991-12-28,1.7819298614864238
1991-12-29,3.422105334070511
1991-12-30,2.0112281118519606
1991-12-31,0.0
1992-01-01,12.898245881311595
1992-01-02,18.852456531010105
1992-01-03,7.569298402464484
1992-01-04,5.410000112105627
1992-01-05,2.732631635572761
1992-01-06,0.0
1992-01-07,0.23561403997009622
1992-01-08,7.916140514914878
1992-01-09,12.523509031441062
1992-01-10,27.818947944883256
1992-01-11,7.002280846855138
1992-01-12,4.750175537029282
1992-01-13,0.02052631621481851
1992-01-14,0.03473684282507748
1992-01-15,6.65350890980335
1992-01-16,14.401754684397021
1992-01-17,0.06877193124964834
1992-01-18,0.005438596603926271
1992-01-19,0.0
1992-01-20,6.0289474933524625
1992-01-21,15.741754712164404
1992-01-22,22.864912754506804
1992-01-23,61.16245740775485
1992-01-24,3.8540351675823334
1992-01-25,11.875789719773456
1992-01-26,11.147017774847336
1992-01-27,41.50298331616214
1992-01-28,25.5931584250764
1992-01-29,25.522281230625236
1992-01-30,21.632632027217188
1992-01-31,25.57491281066323
1992-02-01,7.275965063052718
1992-02-02,9.214561594452244
1992-02-03,0.010526316007599238
1992-02-04,0.0
1992-02-05,0.0
1992-02-06,0.08649122986244037
1992-02-07,1.0971930051920937
1992-02-08,0.7489473839406855
1992-02-09,1.0843859873828479
1992-02-10,0.3752631656709128
1992-02-11,0.7447368575376458
1992-02-12,1.9907017956371416
1992-02-13,2.1887719751801344
1992-02-14,2.255263204628136
1992-02-15,15.133859962725548
1992-02-16,2.219473730202299
1992-02-17,11.037544088368305
1992-02-18,19.114561799599326
1992-02-19,3.2136842771200467
1992-02-20,25.196491750190035
1992-02-21,37.22912357847672
1992-02-22,12.251754639844876
1992-02-23,8.422456314880403
1992-02-24,2.360701803304255
1992-02-25,0.0
1992-02-26,0.09157894926611335
1992-02-27,0.01964912321418524
1992-02-28,0.0
1992-02-29,0.4201754473033361
1992-03-01,3.5526316525647417
1992-03-02,2.2342105726129375
1992-03-03,1.5422807337134148
1992-03-04,2.4919298761989923
1992-03-05,1.5487719619181006
1992-03-06,0.6870175580959768
1992-03-07,0.0
1992-03-08,0.0
1992-03-09,0.0
1992-03-10,0.0
1992-03-11,0.005087719403672964
1992-03-12,0.0
1992-03-13,0.0
1992-03-14,0.0
1992-03-15,6.523859784309753
1992-03-16,3.03421058919048
1992-03-17,2.4247368923504835
1992-03-18,0.0
1992-03-19,0.0
1992-03-20,0.02543859701836482
1992-03-21,0.0
1992-03-22,1.850877231336199
1992-03-23,0.4791228169458918
1992-03-24,0.0
1992-03-25,0.3798245692742057
1992-03-26,0.4205263245035895
1992-03-27,3.5219298975425772
1992-03-28,0.0
1992-03-29,0.0005263158003799618
1992-03-30,0.12473684469005093
1992-03-31,0.0
1992-04-01,0.0
1992-04-02,0.07982456305762754
1992-04-03,7.667017702735029
1992-04-04,7.003508917056025
1992-04-05,9.197719488840084
1992-04-06,3.0338597119902264
1992-04-07,0.11842105508549139
1992-04-08,0.0
1992-04-09,0.9907017749152146
1992-04-10,0.017368421412538738
1992-04-11,1.044736863754224
1992-04-12,1.2182456392794847
1992-04-13,5.672456257895101
1992-04-14,2.2563158362288958
1992-04-15,3.8543860447825864
1992-04-16,23.086316267866643
1992-04-17,24.327895240962974
1992-04-18,2.074912323697936
1992-04-19,0.0
1992-04-20,1.3656140633858742
1992-04-21,4.289824650296942
1992-04-22,5.429298358119559
1992-04-23,0.0
1992-04-24,0.0
1992-04-25,0.0017543860012665393
1992-04-26,5.388947480090428
1992-04-27,7.812807179440279
1992-04-28,5.567894852219615
1992-04-29,30.29631641727174
1992-04-30,5.6980702935135925
1992-05-01,0.7757894897600637
1992-05-02,0.0
1992-05-03,0.0
1992-05-04,0.03947368502849713
1992-05-05,0.28017544440226627
1992-05-06,0.20684210954932497
1992-05-07,4.39578956477344
1992-05-08,5.161403615726158
1992-05-09,17.271930182469077
1992-05-10,14.426316088414753
1992-05-11,0.4371929915156215
1992-05-12,0.0
1992-05-13,0.0
1992-05-14,0.0
1992-05-15,0.0
1992-05-16,0.0
1992-05-17,0.0
1992-05-18,0.12877193249296398
1992-05-19,1.3975438886089249
1992-05-20,0.18210526693146678
1992-05-21,0.006315789604559542
1992-05-22,0.0
1992-05-23,0.0
1992-05-24,0.32719298923620954
1992-05-25,0.0
1992-05-26,2.1542105709551835
1992-05-27,0.10228070387383924
1992-05-28,1.3389473961666227
1992-05-29,0.0
1992-05-30,0.0
1992-05-31,0.0
1992-06-01,0.0
1992-06-02,0.0
1992-06-03,0.0
1992-06-04,0.0
1992-06-05,0.0
1992-06-06,0.0
1992-06-07,0.0
1992-06-08,0.0178947372129187
1992-06-09,0.9305263350717723
1992-06-10,0.056315790640655915
1992-06-11,0.22666667136363688
1992-06-12,37.32666744014714
1992-06-13,11.201403740886597
1992-06-14,0.9901754591148346
1992-06-15,0.02000000041443855
1992-06-16,0.002456140401773155
1992-06-17,0.0
1992-06-18,0.04333333423128353
1992-06-19,0.0036842106026597327
1992-06-20,0.0
1992-06-21,0.0
1992-06-22,0.08385965086054056
1992-06-23,0.0
1992-06-24,0.0
1992-06-25,0.0
1992-06-26,0.7063158041099087
1992-06-27,0.7161403657170013
1992-06-28,3.1103509416454473
1992-06-29,32.48315856785048
1992-06-30,0.03596491302596406
1992-07-01,0.07964912445750089
1992-07-02,0.22842105736490342
1992-07-03,5.60385976524558
1992-07-04,20.94508815332083
1992-07-05,11.334737076982856
1992-07-06,2.486491279595066
1992-07-07,0.08877193166408688
1992-07-08,0.0
1992-07-09,1.538070207310375
1992-07-10,0.8112280869856476
1992-07-11,0.021754386415705085
1992-07-12,0.19842105674324556
1992-07-13,0.007719298405572774
1992-07-14,0.0
1992-07-15,0.0
1992-07-16,0.0
1992-07-17,0.0
1992-07-18,0.0426315798307769
1992-07-19,0.0
1992-07-20,8.852631762390956
1992-07-21,2.421228120347951
1992-07-22,0.9071930012549274
1992-07-23,3.6563158652395944
1992-07-24,0.0
1992-07-25,0.0
1992-07-26,0.0
1992-07-27,0.0
1992-07-28,0.0
1992-07-29,0.0
1992-07-30,0.0
1992-07-31,0.0
1992-08-01,0.0
1992-08-02,0.0
1992-08-03,0.08122807185864077
1992-08-04,0.3691228146664799
1992-08-05,4.780000099050813
1992-08-06,15.214386280183682
1992-08-07,5.655789590883069
1992-08-08,3.7235088490881028
1992-08-09,1.1982456388650462
1992-08-10,0.0
1992-08-11,0.0
1992-08-12,0.0
1992-08-13,0.09000000186497348
1992-08-14,0.0
1992-08-15,0.0
1992-08-16,0.0
1992-08-17,0.0
1992-08-18,0.0
1992-08-19,0.0
1992-08-20,0.0628070188453421
1992-08-21,1.8698246001498775
1992-08-22,18.99614074451383
1992-08-23,0.0
1992-08-24,0.23000000476604326
1992-08-25,0.0
1992-08-26,0.0
1992-08-27,0.0
1992-08-28,0.0
1992-08-29,0.007719298405572773
1992-08-30,0.15754386291373523
1992-08-31,0.0
1992-09-01,0.0
1992-09-02,0.0
1992-09-03,0.24105263657402248
1992-09-04,6.960526460024994
1992-09-05,2.1421053075464442
1992-09-06,0.8045614201808349
1992-09-07,14.29175468211761
1992-09-08,34.929298969416415
1992-09-09,0.0
1992-09-10,0.0
1992-09-11,0.16456140691880136
1992-09-12,4.433508863800672
1992-09-13,6.414210659230593
1992-09-14,0.0
1992-09-15,0.0
1992-09-16,0.0
1992-09-17,0.04596491323318333
1992-09-18,0.2091228113509715
1992-09-19,0.3508772002533078
1992-09-20,10.950175665505231
1992-09-21,0.2733333389973268
1992-09-22,0.0
1992-09-23,34.31350948297186
1992-09-24,21.079298682417722
1992-09-25,11.637368662201336
1992-09-26,3.7768421835266053
1992-09-27,0.0
1992-09-28,0.0
1992-09-29,0.0
1992-09-30,0.0
1992-10-01,0.0
1992-10-02,1.0947368647903204
1992-10-03,0.5457894849940204
1992-10-04,0.21543860095553102
1992-10-05,0.41368421909864994
1992-10-06,0.0
1992-10-07,0.0
1992-10-08,0.2508771981811151
1992-10-09,0.17245614392450082
1992-10-10,0.0
1992-10-11,1.0443859865539709
1992-10-12,8.777719480136875
1992-10-13,2.2733333804411813
1992-10-14,0.2178947413573042
1992-10-15,0.0
1992-10-16,0.6336842236574739
1992-10-17,8.952807203063276
1992-10-18,15.380702073103748
1992-10-19,12.609824822703377
1992-10-20,11.982982704450842
1992-10-21,8.789122989145108
1992-10-22,2.088245657307562
1992-10-23,0.6700000138836912
1992-10-24,0.8063158061821014
1992-10-25,0.394912288885098
1992-10-26,0.5742105382145383
1992-10-27,0.0
1992-10-28,6.89105277437484
1992-10-29,4.7975439590634785
1992-10-30,6.593333469959909
1992-10-31,14.934210835781414
1992-11-01,29.103333936410493
1992-11-02,4.221929912047927
1992-11-03,0.027894737420137976
1992-11-04,23.764912773156542
1992-11-05,1.0342105477466248
1992-11-06,10.546842323814055
1992-11-07,38.220000791992064
1992-11-08,9.547544057492633
1992-11-09,1.8449123189318928
1992-11-10,2.751929881586693
1992-11-11,22.384561867360027
1992-11-12,0.13964912570081653
1992-11-13,0.0017543860012665393
1992-11-14,0.015789474011398855
1992-11-15,4.849298346100841
1992-11-16,16.523859991529026
1992-11-17,5.094210631877649
1992-11-18,7.435965066368226
1992-11-19,17.861053001694383
1992-11-20,1.5992982787545773
1992-11-21,54.54947481458075
1992-11-22,9.400000194786116
1992-11-23,0.0
1992-11-24,0.0
1992-11-25,0.0
1992-11-26,1.3552631859784015
1992-11-27,20.60070218127221
1992-11-28,1.0384210741496647
1992-11-29,11.273333566938529
1992-11-30,30.316667294886432
1992-12-01,0.0
1992-12-02,0.0
1992-12-03,0.0914035106659867
1992-12-04,0.00578947380417958
1992-12-05,0.434912289713975
1992-12-06,3.6375439350260423
1992-12-07,5.755087838554755
1992-12-08,28.642456733877772
1992-12-09,10.760701977368445
1992-12-10,21.961403963854536
1992-12-11,1.1463158132275568
1992-12-12,1.9673684618202971
1992-12-13,8.993158081092407
1992-12-14,18.623158280644567
1992-12-15,1.1271930058137514
1992-12-16,2.43649127855897
1992-12-17,3.3696491926326413
1992-12-18,5.6942106443108065
1992-12-19,29.016140952147545
1992-12-20,21.12807061325293
1992-12-21,24.53245664871065
1992-12-22,19.427017946424897
1992-12-23,4.878245715121739
1992-12-24,3.7826316573307857
1992-12-25,7.356315941910726
1992-12-26,16.499824903311676
1992-12-27,3.0989474326372153
1992-12-28,9.894912485743408
1992-12-29,3.3808772630407473
1992-12-30,4.5296492166700775
1992-12-31,0.06719298384850846
1993-01-01,0.0
1993-01-02,9.113333522179165
1993-01-03,13.196140624326654
1993-01-04,1.8805263547576034
1993-01-05,0.0
1993-01-06,0.0
1993-01-07,0.14649123110575601
1993-01-08,0.7471929979394191
1993-01-09,0.0
1993-01-10,0.0
1993-01-11,0.07561403665458784
1993-01-12,0.09526315986877308
1993-01-13,0.2891228130087256
1993-01-14,0.47929825554601846
1993-01-15,0.0
1993-01-16,0.06000000124331564
1993-01-17,0.05210526423761622
1993-01-18,6.01070187893929
1993-01-19,25.21614087340422
1993-01-20,33.69210596132325
1993-01-21,3.6143860398093244
1993-01-22,1.1785965156508609
1993-01-23,13.603333615220619
1993-01-24,45.213334270240736
1993-01-25,42.6117552689626
1993-01-26,5.234912389179227
1993-01-27,0.007894737005699426
1993-01-28,1.8085965287056753
1993-01-29,0.0005263158003799618
1993-01-30,0.0
1993-01-31,0.012631579209119084
1993-02-01,0.0
1993-02-02,0.0
1993-02-03,0.0
1993-02-04,0.0
1993-02-05,0.0
1993-02-06,0.0
1993-02-07,0.07210526465205476
1993-02-08,0.0057894738041795795
1993-02-09,6.51192995950114
1993-02-10,0.027192983019631363
1993-02-11,0.0
1993-02-12,0.3498245686525479
1993-02-13,0.0012280702008865775
1993-02-14,0.4156140437000431
1993-02-15,0.0
1993-02-16,0.2573684263858013
1993-02-17,0.0
1993-02-18,0.16596491571981462
1993-02-19,4.508947461855133
1993-02-20,4.505263251252472
1993-02-21,3.285438664571848
1993-02-22,0.1643859683186747
1993-02-23,0.0
1993-02-24,0.0
1993-02-25,0.0
1993-02-26,0.0
1993-02-27,0.0
1993-02-28,0.0007017544005066157
1993-03-01,4.497368514246773
1993-03-02,0.2733333389973268
1993-03-03,12.772982720821163
1993-03-04,22.292982918093912
1993-03-05,1.7268421410466546
1993-03-06,0.0
1993-03-07,0.266140356392134
1993-03-08,0.33192983143962923
1993-03-09,0.0
1993-03-10,0.0
1993-03-11,0.0
1993-03-12,0.005438596603926272
1993-03-13,0.6414035220630467
1993-03-14,29.12701814742759
1993-03-15,11.005965140345507
1993-03-16,9.131403697992209
1993-03-17,12.352280957717449
1993-03-18,2.8112281284295024
1993-03-19,2.2121053089969793
1993-03-20,7.80122823183192
1993-03-21,16.79052666372154
1993-03-22,37.56649200652028
1993-03-23,13.088421323848888
1993-03-24,0.08754386146320031
1993-03-25,0.0
1993-03-26,0.08350877366028726
1993-03-27,0.3064912344212644
1993-03-28,0.0
1993-03-29,4.796842204662972
1993-03-30,0.353333340655081
1993-03-31,0.2866666726069525
1993-04-01,6.733859788661357
1993-04-02,8.408596665470395
1993-04-03,7.248421202832833
1993-04-04,0.619473697047215
1993-04-05,2.7164912843611093
1993-04-06,8.678947548265569
1993-04-07,3.25754392715171
1993-04-08,23.00421100300737
1993-04-09,5.429298358119559
1993-04-10,5.40614046290284
1993-04-11,3.992456223082263
1993-04-12,0.5115789579693228
1993-04-13,2.882807077281177
1993-04-14,1.511228101490997
1993-04-15,4.148421138594859
1993-04-16,2.479122858389746
1993-04-17,7.733859809383285
1993-04-18,4.26210535147693
1993-04-19,0.17385965272551404
1993-04-20,0.3249122874345631
1993-04-21,2.19947372978786
1993-04-22,2.215087765199132
1993-04-23,3.2471930497442374
1993-04-24,9.542807215289212
1993-04-25,16.738947715284304
1993-04-26,15.864737170853186
1993-04-27,4.284736930893269
1993-04-28,7.787368582421914
1993-04-29,7.9768422705587
1993-04-30,6.255965041916352
1993-05-01,23.25947416619165
1993-05-02,7.427719452162274
1993-05-03,3.896315870212857
1993-05-04,1.221754411282018
1993-05-05,2.657368476118427
1993-05-06,10.255087931803427
1993-05-07,10.725087941542736
1993-05-08,3.357368490623776
1993-05-09,5.250175547390246
1993-05-10,5.6582457312848415
1993-05-11,0.0
1993-05-12,0.0
1993-05-13,0.003859649202786387
1993-05-14,0.008070175605826081
1993-05-15,0.0
1993-05-16,0.03333333402406424
1993-05-17,0.0
1993-05-18,0.002982456202153117
1993-05-19,3.3559649818227624
1993-05-20,6.322982587164734
1993-05-21,11.181930056272542
1993-05-22,1.2549123067059553
1993-05-23,0.17263158252462743
1993-05-24,0.0
1993-05-25,0.005263158003799618
1993-05-26,0.0
1993-05-27,5.467017657146789
1993-05-28,11.597368661372457
1993-05-29,2.1438596935477108
1993-05-30,5.535965026996564
1993-05-31,18.03964949662332
1993-06-01,12.624035349313637
1993-06-02,6.170526443654673
1993-06-03,4.831228170287796
1993-06-04,4.735263256018516
1993-06-05,0.6147368548437954
1993-06-06,2.587719351868145
1993-06-07,1.9047368815750816
1993-06-08,11.54473708133446
1993-06-09,21.258421493147033
1993-06-10,1.3178947641514243
1993-06-11,15.399824880517556
1993-06-12,1.74175442205742
1993-06-13,3.199824627710041
1993-06-14,16.373333672620355
1993-06-15,3.5578948105685417
1993-06-16,0.5291228179819882
1993-06-17,0.0
1993-06-18,0.0
1993-06-19,0.0
1993-06-20,0.0
1993-06-21,5.109473790088668
1993-06-22,13.17859676431399
1993-06-23,1.8617544245440514
1993-06-24,0.1557894769124687
1993-06-25,1.9140351273817944
1993-06-26,3.8033334121457303
1993-06-27,5.6112281864509
1993-06-28,2.135263202141505
1993-06-29,0.0005263158003799618
1993-06-30,0.28754386560758577
1993-07-01,0.2317543907673098
1993-07-02,2.1133333771256733
1993-07-03,0.2371929873712361
1993-07-04,0.19087719693779948
1993-07-05,0.04491228163242341
1993-07-06,0.910000018856954
1993-07-07,0.10982456367928536
1993-07-08,0.0
1993-07-09,0.03929824642837048
1993-07-10,0.013333333609625698
1993-07-11,1.6422807357856073
1993-07-12,2.128245658136439
1993-07-13,4.234210614056792
1993-07-14,3.333684279606678
1993-07-15,1.0917544085881674
1993-07-16,3.772982534323819
1993-07-17,7.087544006516692
1993-07-18,3.3570176134235226
1993-07-19,6.33842118397588
1993-07-20,33.22754454818787
1993-07-21,1.347368448972702
1993-07-22,4.82157904728083
1993-07-23,1.362631607183721
1993-07-24,0.7168421201175079
1993-07-25,0.5124561509699561
1993-07-26,0.0
1993-07-27,9.195438787038437
1993-07-28,7.591228227480315
1993-07-29,8.469122982514092
1993-07-30,0.0
1993-07-31,0.0
1993-08-01,0.12403509028954432
1993-08-02,0.0
1993-08-03,0.0
1993-08-04,0.015087719610892236
1993-08-05,0.0012280702008865775
1993-08-06,0.0
1993-08-07,0.0005263158003799618
1993-08-08,0.0
1993-08-09,0.7719298405572773
1993-08-10,0.2703508827951737
1993-08-11,0.08754386146320031
1993-08-12,0.0042105264030396945
1993-08-13,0.0042105264030396945
1993-08-14,8.449122982099652
1993-08-15,3.423157965671271
1993-08-16,1.6107017877628096
1993-08-17,0.05543859764002264
1993-08-18,0.7885965075693093
1993-08-19,0.014035088010132315
1993-08-20,3.5003509497269985
1993-08-21,0.2821052690036595
1993-08-22,12.402631835953798
1993-08-23,8.150175607483835
1993-08-24,1.0759649345767686
1993-08-25,0.05596491344040261
1993-08-26,0.0
1993-08-27,1.436140380636789
1993-08-28,2.2480702220229434
1993-08-29,0.0005263158003799618
1993-08-30,0.0
1993-08-31,0.0
1993-09-01,0.0
1993-09-02,0.0
1993-09-03,0.0
1993-09-04,0.0
1993-09-05,0.0
1993-09-06,0.0
1993-09-07,0.0
1993-09-08,0.0
1993-09-09,0.0
1993-09-10,0.0
1993-09-11,9.523684407875407
1993-09-12,0.0
1993-09-13,0.945964931882918
1993-09-14,11.654035329213366
1993-09-15,0.06122807144420222
1993-09-16,0.0
1993-09-17,0.0
1993-09-18,0.2014035129453987
1993-09-19,1.3366666943649763
1993-09-20,7.420000153756701
1993-09-21,0.18140351253096015
1993-09-22,0.0
1993-09-23,0.0
1993-09-24,0.0
1993-09-25,0.0
1993-09-26,0.0
1993-09-27,0.0
1993-09-28,0.0
1993-09-29,0.0
1993-09-30,0.0
1993-10-01,0.0036842106026597327
1993-10-02,0.0
1993-10-03,0.0
1993-10-04,0.0
1993-10-05,0.048947369435336445
1993-10-06,6.328772060968914
1993-10-07,0.06982456285040825
1993-10-08,0.0
1993-10-09,0.0
1993-10-10,0.0
1993-10-11,0.4056140434928238
1993-10-12,7.722456300375052
1993-10-13,2.550877245841548
1993-10-14,10.545614253613167
1993-10-15,11.171754617465195
1993-10-16,1.5347368739079685
1993-10-17,0.07105263305129483
1993-10-18,4.702631676394958
1993-10-19,2.2794737314456146
1993-10-20,0.04000000082887709
1993-10-21,3.391579017648474
1993-10-22,29.96157956823008
1993-10-23,27.591404080518988
1993-10-24,1.0773684433777817
1993-10-25,0.0
1993-10-26,0.0
1993-10-27,0.01385964941000566
1993-10-28,6.643333470996005
1993-10-29,0.0005263158003799618
1993-10-30,0.0
1993-10-31,8.569122984586283
1993-11-01,0.021754386415705085
1993-11-02,4.173333419812844
1993-11-03,23.295263640617488
1993-11-04,0.012982456409372392
1993-11-05,0.0
1993-11-06,0.2761403565993533
1993-11-07,0.0
1993-11-08,0.0
1993-11-09,0.0005263158003799618
1993-11-10,0.0
1993-11-11,0.0
1993-11-12,0.004385965003166349
1993-11-13,1.5221052946988491
1993-11-14,3.010175500973128
1993-11-15,23.664912771084346
1993-11-16,6.885965054971166
1993-11-17,6.311228200956247
1993-11-18,1.0338596705463714
1993-11-19,1.397193011408672
1993-11-20,12.97508798816707
1993-11-21,28.70842164752539
1993-11-22,1.3431579225696624
1993-11-23,0.0
1993-11-24,0.047192983434069906
1993-11-25,0.0
1993-11-26,0.0
1993-11-27,7.547719454648905
1993-11-28,11.031579175963998
1993-11-29,27.62245671274141
1993-11-30,20.258596911025236
1993-12-01,30.12315851894673
1993-12-02,13.546491508779583
1993-12-03,15.582281024649273
1993-12-04,8.921930009440985
1993-12-05,0.0042105264030396945
1993-12-06,1.8273684589192272
1993-12-07,18.575965297210494
1993-12-08,25.023684729065288
1993-12-09,47.170702731853815
1993-12-10,30.84421116546728
1993-12-11,18.410351258690934
1993-12-12,9.000351063697599
1993-12-13,11.048947597376538
1993-12-14,1.4152631872217172
1993-12-15,0.0
1993-12-16,0.0
1993-12-17,0.0
1993-12-18,0.0
1993-12-19,0.0
1993-12-20,0.24140351377427582
1993-12-21,0.0
1993-12-22,0.0010526316007599236
1993-12-23,0.0
1993-12-24,0.0
1993-12-25,0.012280702008865775
1993-12-26,0.0
1993-12-27,0.05491228183964268
1993-12-28,1.6829824910149913
1993-12-29,3.0508772562025115
1993-12-30,24.321930328558665
1993-12-31,15.41684242472984
1994-01-01,20.67210569152376
1994-01-02,10.502105480781758
1994-01-03,22.474210992024744
1994-01-04,35.97000074536773
1994-01-05,13.866666954010727
1994-01-06,0.3335087788407691
1994-01-07,4.477543952432462
1994-01-08,13.440526594303083
1994-01-09,6.809473825315945
1994-01-10,13.955438885674814
1994-01-11,8.28719315418275
1994-01-12,15.2112283853814
1994-01-13,4.77280711644562
1994-01-14,2.033859691268299
1994-01-15,9.528421250078829
1994-01-16,2.4356140855583366
1994-01-17,1.6980702106258834
1994-01-18,0.770526331756264
1994-01-19,0.0012280702008865775
1994-01-20,0.010175438807345928
1994-01-21,8.461929999908898
1994-01-22,14.638070478767624
1994-01-23,8.889649307017681
1994-01-24,4.258070263674017
1994-01-25,3.301403577183373
1994-01-26,0.845087736810092
1994-01-27,0.0
1994-01-28,0.0
1994-01-29,0.0
1994-01-30,0.30631579582113777
1994-01-31,0.0
1994-02-01,0.0
1994-02-02,0.06298245744546875
1994-02-03,0.031228070822544397
1994-02-04,0.0
1994-02-05,0.04350877283141017
1994-02-06,0.1782456177286804
1994-02-07,0.07964912445750089
1994-02-08,0.06000000124331564
1994-02-09,16.75807052269811
1994-02-10,0.1317543886951171
1994-02-11,7.148070323560388
1994-02-12,14.575438898522409
1994-02-13,21.718947818479503
1994-02-14,13.919298534048721
1994-02-15,25.683158426941375
1994-02-16,20.024737257056408
1994-02-17,8.671228249859997
1994-02-18,6.271579077327624
1994-02-19,2.0084210942499343
1994-02-20,3.4984211251256063
1994-02-21,15.182631893560757
1994-02-22,19.568246019526853
1994-02-23,12.131403760157992
1994-02-24,9.66947388458066
1994-02-25,13.743859933922067
1994-02-26,6.904035230784212
1994-02-27,21.9335092264344
1994-02-28,26.428947916079782
1994-03-01,28.979649723321202
1994-03-02,14.07456169516081
1994-03-03,18.304912660014818
1994-03-04,13.003684479987715
1994-03-05,0.16122807351639495
1994-03-06,0.0
1994-03-07,0.0
1994-03-08,0.1792982493294403
1994-03-09,0.005964912404306234
1994-03-10,10.568596710229759
1994-03-11,0.0
1994-03-12,1.532456172106322
1994-03-13,2.6482456689118408
1994-03-14,0.2638596545904875
1994-03-15,0.8184210695908406
1994-03-16,18.491754769149704
1994-03-17,36.0363165362156
1994-03-18,30.60140414289199
1994-03-19,3.9736842928687115
1994-03-20,15.90070208387915
1994-03-21,8.306315961596557
1994-03-22,2.2277193444082517
1994-03-23,0.05403508883900941
1994-03-24,0.0822807034594007
1994-03-25,0.008245614205952734
1994-03-26,0.0
1994-03-27,0.0
1994-03-28,0.07754386125598103
1994-03-29,0.002456140401773155
1994-03-30,0.0
1994-03-31,0.0
1994-04-01,0.0
1994-04-02,1.777894773683511
1994-04-03,10.342631793266628
1994-04-04,0.6070175564382225
1994-04-05,4.980526418995577
1994-04-06,11.864210772165096
1994-04-07,6.275263287930285
1994-04-08,13.416491506085732
1994-04-09,1.593333366350271
1994-04-10,1.5649123131297529
1994-04-11,0.330000006838236
1994-04-12,10.35052653027233
1994-04-13,6.229298374697101
1994-04-14,0.9343859842745588
1994-04-15,0.07859649285674096
1994-04-16,0.0
1994-04-17,0.8184210695908405
1994-04-18,1.0100000209291466
1994-04-19,4.291052720497828
1994-04-20,2.6468421601108276
1994-04-21,8.991754572291393
1994-04-22,0.0
1994-04-23,0.009298245806712659
1994-04-24,4.654035184159875
1994-04-25,8.928070360445417
1994-04-26,2.5510526844416743
1994-04-27,0.3152631644275971
1994-04-28,0.6331579078570939
1994-04-29,1.9192982853855938
1994-04-30,4.638772025948856
1994-05-01,0.42473685090662916
1994-05-02,2.0780702185002156
1994-05-03,1.4663158198585733
1994-05-04,4.335087809129618
1994-05-05,0.03526315862545744
1994-05-06,0.0
1994-05-07,0.0
1994-05-08,0.0
1994-05-09,0.0
1994-05-10,0.7810526477638633
1994-05-11,0.0
1994-05-12,0.09894737047143282
1994-05-13,0.8484210702124984
1994-05-14,2.2089474141946996
1994-05-15,3.832280781166628
1994-05-16,3.334035156806931
1994-05-17,0.41631579810054975
1994-05-18,3.1459649774711584
1994-05-19,2.184210571576841
1994-05-20,1.3568421333795415
1994-05-21,0.270701759995427
1994-05-22,0.0
1994-05-23,0.0
1994-05-24,0.0
1994-05-25,0.0
1994-05-26,0.03421052702469751
1994-05-27,0.8340351050021128
1994-05-28,15.714386290544645
1994-05-29,19.33245654095663
1994-05-30,5.8329825770109895
1994-05-31,1.1556140590342694
1994-06-01,1.3096491499454714
1994-06-02,0.10263158107409255
1994-06-03,0.8361403682036326
1994-06-04,7.797193144029007
1994-06-05,2.4205263659474436
1994-06-06,8.671754565660377
1994-06-07,1.7440351238590663
1994-06-08,0.0
1994-06-09,0.0005263158003799618
1994-06-10,0.32105263823177665
1994-06-11,2.998070237564389
1994-06-12,13.986316079297103
1994-06-13,15.662807342107408
1994-06-14,10.212982667773032
1994-06-15,0.606315802037716
1994-06-16,0.261578952788841
1994-06-17,3.324386033799965
1994-06-18,19.073158289969435
1994-06-19,0.04701754483394325
1994-06-20,0.08087719465838747
1994-06-21,0.21578947815578434
1994-06-22,0.057368422241415834
1994-06-23,2.6924561961437576
1994-06-24,1.1463158132275566
1994-06-25,1.2815789739252068
1994-06-26,3.103333397640381
1994-06-27,0.0
1994-06-28,0.0
1994-06-29,0.0
1994-06-30,0.05175438703736291
1994-07-01,21.36368465322303
1994-07-02,2.696842161146924
1994-07-03,0.3152631644275971
1994-07-04,9.44385984481778
1994-07-05,1.5347368739079685
1994-07-06,0.0
1994-07-07,0.0
1994-07-08,0.0
1994-07-09,0.0
1994-07-10,0.0
1994-07-11,0.0
1994-07-12,0.06912280844990165
1994-07-13,0.002631579001899809
1994-07-14,0.0
1994-07-15,0.0
1994-07-16,0.09771930027054623
1994-07-17,0.21105263595236468
1994-07-18,0.0
1994-07-19,0.0
1994-07-20,0.0
1994-07-21,0.0
1994-07-22,0.0
1994-07-23,0.0
1994-07-24,1.000701775122434
1994-07-25,0.2856140410061926
1994-07-26,0.08982456326484682
1994-07-27,0.0
1994-07-28,0.0
1994-07-29,0.0
1994-07-30,0.0
1994-07-31,0.0
1994-08-01,0.0
1994-08-02,0.18912281093653294
1994-08-03,0.0
1994-08-04,0.0
1994-08-05,0.0
1994-08-06,0.053157895838376136
1994-08-07,4.020877276302781
1994-08-08,6.42912294024136
1994-08-09,0.4000000082887709
1994-08-10,0.0
1994-08-11,0.0
1994-08-12,0.0
1994-08-13,0.0
1994-08-14,0.0
1994-08-15,0.0
1994-08-16,0.3564912354573607
1994-08-17,0.17070175792323425
1994-08-18,0.0
1994-08-19,0.0
1994-08-20,0.0017543860012665393
1994-08-21,0.8721052812295966
1994-08-22,0.6815789614920504
1994-08-23,0.03754386042710394
1994-08-24,0.015789474011398855
1994-08-25,0.040350878029130406
1994-08-26,2.6875439153402114
1994-08-27,0.0
1994-08-28,0.05877193104242907
1994-08-29,3.157543925079517
1994-08-30,0.0
1994-08-31,0.36719299006508666
1994-09-01,1.1964912528637799
1994-09-02,2.9784211143502035
1994-09-03,30.092983079724952
1994-09-04,2.7438597059808676
1994-09-05,0.0
1994-09-06,0.0
1994-09-07,2.1466667111497375
1994-09-08,9.477193178841844
1994-09-09,9.651403708767614
1994-09-10,1.722105298843235
1994-09-11,0.2868421112070792
1994-09-12,0.0
1994-09-13,8.547894913970959
1994-09-14,20.321228491270453
1994-09-15,1.485263188672252
1994-09-16,0.0
1994-09-17,0.06561403644736856
1994-09-18,0.9850877397111617
1994-09-19,0.3284210594370961
1994-09-20,0.0
1994-09-21,0.0
1994-09-22,0.0
1994-09-23,0.01421052661025897
1994-09-24,0.0
1994-09-25,0.0
1994-09-26,0.0
1994-09-27,0.0
1994-09-28,0.0
1994-09-29,0.0
1994-09-30,1.2224561656825244
1994-10-01,5.028070279629901
1994-10-02,0.35157895465381445
1994-10-03,0.0
1994-10-04,0.0
1994-10-05,0.0
1994-10-06,0.0
1994-10-07,0.0
1994-10-08,0.046491229033563286
1994-10-09,0.3022807080182247
1994-10-10,2.3417544344905767
1994-10-11,0.3428070246474817
1994-10-12,0.0
1994-10-13,10.638421273080167
1994-10-14,22.202281161828434
1994-10-15,0.23070175916654992
1994-10-16,0.0
1994-10-17,3.2371930495370185
1994-10-18,0.11421052868245168
1994-10-19,5.847193103621249
1994-10-20,32.77105331065832
1994-10-21,12.175263410189656
1994-10-22,2.4336842609569436
1994-10-23,4.8891229083295915
1994-10-24,0.014035088010132315
1994-10-25,15.670351201912855
1994-10-26,54.19807129852707
1994-10-27,36.70543935709866
1994-10-28,11.9280704226112
1994-10-29,2.992456202360336
1994-10-30,21.649123255629092
1994-10-31,55.75772045365302
1994-11-01,13.218070449342488
1994-11-02,4.560350971692243
1994-11-03,8.285965083981864
1994-11-04,21.326667108596304
1994-11-05,0.0
1994-11-06,16.23368454691954
1994-11-07,1.5936842435505243
1994-11-08,15.600526639062448
1994-11-09,8.211228240327909
1994-11-10,0.3671929900650867
1994-11-11,5.49842116656946
1994-11-12,4.657368517562282
1994-11-13,4.1049123657634485
1994-11-14,17.192456496611705
1994-11-15,10.998421280540061
1994-11-16,12.61385991050629
1994-11-17,0.7552631735452451
1994-11-18,0.04982456243596972
1994-11-19,36.644913040054966
1994-11-20,3.9098246424226093
1994-11-21,0.14122807310195643
1994-11-22,0.5666666784090921
1994-11-23,14.424561702413484
1994-11-24,6.817368562321644
1994-11-25,8.251929995557294
1994-11-26,6.485263292281889
1994-11-27,18.853860039811117
1994-11-28,11.439649359858596
1994-11-29,67.31193121939432
1994-11-30,60.5887731853407
1994-12-01,13.119649394671434
1994-12-02,12.436316047178117
1994-12-03,0.0005263158003799618
1994-12-04,0.0468421062338166
1994-12-05,1.60754389296053
1994-12-06,5.594736958038993
1994-12-07,9.523158092075029
1994-12-08,17.109649477351923
1994-12-09,2.0114035504520875
1994-12-10,1.3873684498015793
1994-12-11,6.02122819494689
1994-12-12,2.1700000449665824
1994-12-13,0.0
1994-12-14,8.899473868624774
1994-12-15,22.321754848514683
1994-12-16,33.90561473767739
1994-12-17,51.04473789985059
1994-12-18,20.283509192243223
1994-12-19,60.97263284241781
1994-12-20,35.095965639536736
1994-12-21,1.2135087970760652
1994-12-22,0.0
1994-12-23,0.14333333630347625
1994-12-24,2.2978947844589133
1994-12-25,16.20385998489801
1994-12-26,55.15175552881556
1994-12-27,40.32368504611077
1994-12-28,4.727368519012817
1994-12-29,0.0
1994-12-30,0.0
1994-12-31,0.0
1995-01-01,0.0
1995-01-02,0.0
1995-01-03,0.0
1995-01-04,0.0
1995-01-05,0.0
1995-01-06,0.5805263278190979
1995-01-07,7.091228217119351
1995-01-08,16.97105298325187
1995-01-09,13.200000273529442
1995-01-10,9.352982649952175
1995-01-11,4.762807116238401
1995-01-12,10.11385985870147
1995-01-13,11.1829826878733
1995-01-14,7.926491392322351
1995-01-15,3.106140415242408
1995-01-16,5.514736956381239
1995-01-17,6.437894870247692
1995-01-18,25.663333865127058
1995-01-19,0.029824562021531165
1995-01-20,0.04894736943533644
1995-01-21,0.09508772126864642
1995-01-22,0.0028070176020264627
1995-01-23,0.15789474011398852
1995-01-24,0.17333333692513408
1995-01-25,1.6412281041848473
1995-01-26,2.15596495695645
1995-01-27,4.798421152064112
1995-01-28,18.75982495014323
1995-01-29,33.85280771903926
1995-01-30,26.048421592405063
1995-01-31,36.853684974205684
1995-02-01,20.87807060807245
1995-02-02,6.487894871283789
1995-02-03,1.5150877506937834
1995-02-04,0.5010526419617235
1995-02-05,1.28561406172812
1995-02-06,0.5136842211708427
1995-02-07,1.6619298589997924
1995-02-08,1.3082456411444583
1995-02-09,3.0954386606346818
1995-02-10,4.413157986185979
1995-02-11,1.211578972474672
1995-02-12,0.692456154699903
1995-02-13,0.15280702071031554
1995-02-14,2.8024561984231697
1995-02-15,39.62052713680314
1995-02-16,23.228421533969232
1995-02-17,54.59631692081457
1995-02-18,56.630352050683
1995-02-19,47.82473783312598
1995-02-20,15.826140678825324
1995-02-21,1.7492982818628664
1995-02-22,0.0
1995-02-23,2.1728070625686087
1995-02-24,8.588421230600217
1995-02-25,0.4047368504921906
1995-02-26,0.0
1995-02-27,0.0
1995-02-28,0.0
1995-03-01,0.051403509837109604
1995-03-02,0.0
1995-03-03,0.45315790412714707
1995-03-04,5.442280814528932
1995-03-05,3.417894807667472
1995-03-06,3.308070243988186
1995-03-07,3.1543860302772373
1995-03-08,24.872982971556485
1995-03-09,18.483684593543877
1995-03-10,13.529824841767551
1995-03-11,16.753158241894564
1995-03-12,4.8608772937091995
1995-03-13,19.268772329110654
1995-03-14,8.863158078398556
1995-03-15,3.473684282507748
1995-03-16,1.7375438956543803
1995-03-17,1.593859682150651
1995-03-18,15.284912597434595
1995-03-19,7.901754549704492
1995-03-20,15.848070503841154
1995-03-21,4.535965006274637
1995-03-22,4.966666769585572
1995-03-23,10.149824771727436
1995-03-24,0.9729824763024226
1995-03-25,0.03771929902723059
1995-03-26,0.03315789542393759
1995-03-27,0.0
1995-03-28,0.0007017544005066157
1995-03-29,0.151052634709049
1995-03-30,0.2917543920106255
1995-03-31,1.1275438830140048
1995-04-01,3.408596561860759
1995-04-02,0.0
1995-04-03,0.0
1995-04-04,6.287193112738897
1995-04-05,3.772631657123566
1995-04-06,3.834912360168528
1995-04-07,13.414210804284085
1995-04-08,5.3935088836937215
1995-04-09,1.9180702151847075
1995-04-10,11.376140586612747
1995-04-11,6.19000012826873
1995-04-12,13.832631865586155
1995-04-13,16.7277196448762
1995-04-14,2.354210575099569
1995-04-15,0.3766666744719259
1995-04-16,0.36421053386293356
1995-04-17,4.23175447365502
1995-04-18,5.259122915996705
1995-04-19,0.40070176268927754
1995-04-20,0.5626315906061792
1995-04-21,0.0
1995-04-22,0.0
1995-04-23,0.0
1995-04-24,2.246315836021677
1995-04-25,0.0
1995-04-26,0.0
1995-04-27,0.0
1995-04-28,0.5736842224141583
1995-04-29,1.3936842394061388
1995-04-30,0.8000000165775418
1995-05-01,2.5380702280323026
1995-05-02,8.992807203892154
1995-05-03,0.15491228391183542
1995-05-04,0.577894748817198
1995-05-05,0.610877205641009
1995-05-06,0.0
1995-05-07,0.22421053096186372
1995-05-08,4.433508863800671
1995-05-09,12.061052881507203
1995-05-10,7.788070336822421
1995-05-11,7.405087872745934
1995-05-12,0.20912281135097147
1995-05-13,0.0
1995-05-14,0.0
1995-05-15,0.006315789604559542
1995-05-16,0.05543859764002264
1995-05-17,0.062456141645088795
1995-05-18,0.0
1995-05-19,0.0
1995-05-20,0.08824561586370692
1995-05-21,0.0
1995-05-22,0.0
1995-05-23,0.024736842617858204
1995-05-24,0.0
1995-05-25,0.0007017544005066157
1995-05-26,0.0
1995-05-27,0.0
1995-05-28,0.0
1995-05-29,0.0
1995-05-30,0.0
1995-05-31,0.06087719424394891
1995-06-01,0.0
1995-06-02,0.0
1995-06-03,0.0
1995-06-04,3.246315856743604
1995-06-05,9.785614237864502
1995-06-06,8.26526332916692
1995-06-07,0.4914035189547576
1995-06-08,0.36210527066141374
1995-06-09,0.0
1995-06-10,12.989649391977583
1995-06-11,8.331052804214414
1995-06-12,2.834210585046094
1995-06-13,3.07456146721961
1995-06-14,1.6015789805562237
1995-06-15,0.05105263263685629
1995-06-16,0.0
1995-06-17,3.6000000745989382
1995-06-18,5.620350993657485
1995-06-19,3.2177193649229596
1995-06-20,2.0063158310484144
1995-06-21,0.0054385966039262705
1995-06-22,0.0
1995-06-23,0.18666667053475977
1995-06-24,0.0
1995-06-25,0.0
1995-06-26,0.07614035245496781
1995-06-27,0.0852631596615538
1995-06-28,0.0
1995-06-29,0.0
1995-06-30,0.0
1995-07-01,2.353859697899316
1995-07-02,2.6322807563003154
1995-07-03,0.6652631716802716
1995-07-04,1.2173684462788517
1995-07-05,0.0
1995-07-06,4.194736929028295
1995-07-07,1.3650877475854941
1995-07-08,2.0296491648652593
1995-07-09,15.123333646717946
1995-07-10,0.4714035185403191
1995-07-11,0.0
1995-07-12,0.14228070470271634
1995-07-13,0.0
1995-07-14,0.0
1995-07-15,0.04245614123065025
1995-07-16,0.06859649264952168
1995-07-17,0.0
1995-07-18,0.0
1995-07-19,0.0
1995-07-20,0.0005263158003799618
1995-07-21,0.17000000352272765
1995-07-22,0.004736842203419656
1995-07-23,0.02508771981811151
1995-07-24,0.4942105365567841
1995-07-25,2.9287719905143605
1995-07-26,29.043684812367427
1995-07-27,0.1773684247280471
1995-07-28,0.3284210594370961
1995-07-29,0.25754386498592796
1995-07-30,0.0
1995-07-31,0.0
1995-08-01,0.0
1995-08-02,0.002631579001899809
1995-08-03,0.11140351108042523
1995-08-04,0.07789473845623435
1995-08-05,7.200701903598384
1995-08-06,31.74894802632043
1995-08-07,17.375965272344185
1995-08-08,1.003684231324587
1995-08-09,0.7514035243424587
1995-08-10,5.209298353560735
1995-08-11,3.6610527074430137
1995-08-12,0.519122817774769
1995-08-13,0.6180701882462019
1995-08-14,2.653333388315514
1995-08-15,4.538245708076284
1995-08-16,4.295965001301375
1995-08-17,16.582456483971328
1995-08-18,3.6831579710589724
1995-08-19,4.280350965890102
1995-08-20,0.13070175709435716
1995-08-21,0.010526316007599236
1995-08-22,0.0015789474011398854
1995-08-23,0.0015789474011398854
1995-08-24,0.11315789708169179
1995-08-25,0.1484210557071492
1995-08-26,0.0
1995-08-27,0.270701759995427
1995-08-28,0.03912280782824382
1995-08-29,7.0717545325052935
1995-08-30,0.6947368565015495
1995-08-31,0.5354386075865478
1995-09-01,0.0
1995-09-02,0.0
1995-09-03,0.6931579091004096
1995-09-04,2.2078947825939395
1995-09-05,2.6256140894955027
1995-09-06,0.4240350965061226
1995-09-07,0.68789475109661
1995-09-08,0.7914035251713358
1995-09-09,0.0
1995-09-10,0.0
1995-09-11,0.0
1995-09-12,0.0
1995-09-13,0.0
1995-09-14,0.0
1995-09-15,0.0
1995-09-16,0.0
1995-09-17,0.0005263158003799618
1995-09-18,0.052280702837742866
1995-09-19,0.004736842203419656
1995-09-20,0.12614035349106417
1995-09-21,0.01596491261152551
1995-09-22,0.0
1995-09-23,0.16877193332184107
1995-09-24,0.0005263158003799618
1995-09-25,0.4028070258907974
1995-09-26,3.8373685005703013
1995-09-27,28.817018141003796
1995-09-28,7.075438743107952
1995-09-29,8.424912455282175
1995-09-30,12.738947632396595
1995-10-01,4.159122893202585
1995-10-02,24.46649173506303
1995-10-03,13.871228357614019
1995-10-04,0.022807018016465008
1995-10-05,2.078596534300596
1995-10-06,5.035263262235095
1995-10-07,1.043333354953211
1995-10-08,12.665789736143779
1995-10-09,32.499123480462
1995-10-10,59.225088946556205
1995-10-11,22.166140810202343
1995-10-12,2.847193041455467
1995-10-13,1.2891228337306533
1995-10-14,0.10807017767801881
1995-10-15,16.6698249068344
1995-10-16,27.17649179121945
1995-10-17,24.351754890580196
1995-10-18,0.48210527314804497
1995-10-19,0.9535087916883641
1995-10-20,13.628596773638858
1995-10-21,6.7238597884541385
1995-10-22,2.9896491847583095
1995-10-23,1.4108772222185508
1995-10-24,0.9931579153169878
1995-10-25,45.37175532615511
1995-10-26,5.333859759650659
1995-10-27,0.0036842106026597327
1995-10-28,0.0
1995-10-29,0.3047368484199979
1995-10-30,0.007894737005699426
1995-10-31,0.0
1995-11-01,0.0014035088010132314
1995-11-02,0.02929824622115121
1995-11-03,0.7645614193519578
1995-11-04,13.879473971819973
1995-11-05,21.463509216695094
1995-11-06,16.720526662271006
1995-11-07,115.25210765140366
1995-11-08,48.96929926035227
1995-11-09,8.265087890566793
1995-11-10,37.48543937326176
1995-11-11,55.0414046493359
1995-11-12,4.147193068393972
1995-11-13,26.756842659716497
1995-11-14,8.802807199954986
1995-11-15,11.594386205170304
1995-11-16,3.7317544632940556
1995-11-17,27.431579515803605
1995-11-18,15.225614350591787
1995-11-19,0.408070183894597
1995-11-20,2.3210526796756317
1995-11-21,10.332105477259029
1995-11-22,25.75526369159343
1995-11-23,38.76000080318191
1995-11-24,41.70736928530969
1995-11-25,27.149123369599693
1995-11-26,25.985965450759977
1995-11-27,47.51175537050003
1995-11-28,73.08701905836352
1995-11-29,58.593334547500135
1995-11-30,10.942807244299912
1995-12-01,10.277719511219766
1995-12-02,10.791228293790482
1995-12-03,18.172105639718943
1995-12-04,9.324561596731657
1995-12-05,0.08543859826168046
1995-12-06,0.2500000051804818
1995-12-07,0.3389473754446954
1995-12-08,3.650526391435415
1995-12-09,35.08350949892775
1995-12-10,29.761228686885445
1995-12-11,28.67280761169968
1995-12-12,34.72000071946532
1995-12-13,20.28491270104423
1995-12-14,16.032281033974144
1995-12-15,3.5826316531863998
1995-12-16,2.305087767064106
1995-12-17,4.144386050791946
1995-12-18,4.6857895707827995
1995-12-19,3.962105345260352
1995-12-20,0.04614035183330999
1995-12-21,0.0
1995-12-22,0.0
1995-12-23,0.0
1995-12-24,0.0
1995-12-25,0.10719298467738554
1995-12-26,0.20982456575147806
1995-12-27,1.4019298536120917
1995-12-28,11.212631811294706
1995-12-29,34.74929896568647
1995-12-30,14.897544168354944
1995-12-31,11.782982700306459
1996-01-01,14.218421347264666
1996-01-02,22.879474158317315
1996-01-03,25.35245666570263
1996-01-04,9.512807214667555
1996-01-05,7.158070323767607
1996-01-06,31.15982520709513
1996-01-07,37.529123584693295
1996-01-08,3.275263225764502
1996-01-09,8.451052806701046
1996-01-10,4.898596592736431
1996-01-11,0.7873684373684229
1996-01-12,1.801052668900229
1996-01-13,27.642281274555714
1996-01-14,33.38596560410224
1996-01-15,33.361228761484384
1996-01-16,2.1561403955565766
1996-01-17,6.854386106948369
1996-01-18,1.1622807258390822
1996-01-19,6.1529825836420065
1996-01-20,16.73666701348266
1996-01-21,4.356666756945197
1996-01-22,10.51614056879189
1996-01-23,12.06596516231075
1996-01-24,4.859122907707933
1996-01-25,4.614561499131378
1996-01-26,1.684035122615751
1996-01-27,2.9371930433204394
1996-01-28,3.334561472607311
1996-01-29,0.9263158086687326
1996-01-30,1.6517544201924468
1996-01-31,0.2817543918034062
1996-02-01,0.0005263158003799618
1996-02-02,0.42245614910498264
1996-02-03,4.981929927796591
1996-02-04,10.699298467324116
1996-02-05,50.55280806509545
1996-02-06,46.996316763327926
1996-02-07,46.13579042970669
1996-02-08,56.71824678934645
1996-02-09,6.422105396236294
1996-02-10,0.06421052764635535
1996-02-11,2.3421053116908297
1996-02-12,0.20192982874577867
1996-02-13,2.340350925689563
1996-02-14,0.8012280867784285
1996-02-15,2.538596543832682
1996-02-16,1.1463158132275566
1996-02-17,26.42649177567801
1996-02-18,18.77508810835425
1996-02-19,15.191228384966962
1996-02-20,13.623509054235182
1996-02-21,6.4112282030284415
1996-02-22,20.02807059045881
1996-02-23,12.047719547897579
1996-02-24,2.2242105724057186
1996-02-25,0.09736842307029292
1996-02-26,0.2573684263858013
1996-02-27,0.5729824680136517
1996-02-28,0.0
1996-02-29,0.0
1996-03-01,0.4284210615092888
1996-03-02,0.33456141044152904
1996-03-03,6.889824704173953
1996-03-04,3.9010527124162766
1996-03-05,0.6828070316929371
1996-03-06,2.5724561936571266
1996-03-07,0.6947368565015496
1996-03-08,4.690175535785967
1996-03-09,9.268070367490873
1996-03-10,9.324737035331783
1996-03-11,4.392982547171414
1996-03-12,0.7368421205319464
1996-03-13,0.3798245692742057
1996-03-14,0.09701754587003962
1996-03-15,7.192631727992558
1996-03-16,1.2052631828701124
1996-03-17,0.4403508863179013
1996-03-18,0.0
1996-03-19,4.836666766891722
1996-03-20,0.7040351023082622
1996-03-21,0.7536842261441052
1996-03-22,6.882456282968633
1996-03-23,1.8756140739540572
1996-03-24,1.0182456351350992
1996-03-25,0.1945614075404592
1996-03-26,0.087192984262947
1996-03-27,1.1919298492604868
1996-03-28,4.495614128245506
1996-03-29,10.020175646233838
1996-03-30,3.2578948043519635
1996-03-31,15.91701787369093
1996-04-01,17.866316159698183
1996-04-02,2.7240351441665553
1996-04-03,1.0310526529443451
1996-04-04,0.33877193684456874
1996-04-05,0.8871930008404889
1996-04-06,19.281228469719647
1996-04-07,1.9819298656308095
1996-04-08,1.2740351141197608
1996-04-09,4.934386067162269
1996-04-10,3.962807099660859
1996-04-11,5.082807122869418
1996-04-12,4.3619299149489965
1996-04-13,0.06368421184597538
1996-04-14,0.0
1996-04-15,4.346666756737977
1996-04-16,12.882456407300197
1996-04-17,5.96456152710598
1996-04-18,5.379122918483336
1996-04-19,2.594561457273085
1996-04-20,0.7429824715363794
1996-04-21,0.27614035659935326
1996-04-22,23.28052679820685
1996-04-23,52.822106357733716
1996-04-24,15.064561715675518
1996-04-25,18.84947407480795
1996-04-26,7.823684372648131
1996-04-27,4.1964913150295615
1996-04-28,3.018947430979461
1996-04-29,0.8801754568354228
1996-04-30,3.1529825214762246
1996-05-01,7.864035250677262
1996-05-02,3.8108772719511768
1996-05-03,1.3005263427388856
1996-05-04,0.4700000097393059
1996-05-05,0.2936842166120187
1996-05-06,0.7557894893456251
1996-05-07,12.058596741105431
1996-05-08,1.7329824920510872
1996-05-09,0.0156140354112722
1996-05-10,0.5598245730041527
1996-05-11,1.6075438929605297
1996-05-12,5.528947482991498
1996-05-13,22.36456186694559
1996-05-14,4.956315892178099
1996-05-15,5.6068422214477325
1996-05-16,1.2224561656825246
1996-05-17,16.12315822883975
1996-05-18,14.868070483533666
1996-05-19,4.486491321038921
1996-05-20,1.6022807349567303
1996-05-21,6.570701890543569
1996-05-22,16.599474028183614
1996-05-23,3.53491235395195
1996-05-24,0.33666667364304886
1996-05-25,0.0
1996-05-26,0.0
1996-05-27,0.6447368554654532
1996-05-28,10.649824782088398
1996-05-29,15.928772259899416
1996-05-30,1.0454386181547308
1996-05-31,0.5896491350256838
1996-06-01,0.2619298299890943
1996-06-02,0.0
1996-06-03,0.45964913233183324
1996-06-04,2.0633333760895765
1996-06-05,0.0
1996-06-06,0.007017544005066157
1996-06-07,0.06666666804812849
1996-06-08,0.0
1996-06-09,0.940877212479245
1996-06-10,1.4571930126519876
1996-06-11,0.511929835169576
1996-06-12,0.0
1996-06-13,0.0
1996-06-14,0.0
1996-06-15,0.5540350991999732
1996-06-16,0.16929824912222102
1996-06-17,5.764386084361468
1996-06-18,3.4550877908943223
1996-06-19,0.2150877237552777
1996-06-20,0.0
1996-06-21,0.5396491339895875
1996-06-22,3.480701826512814
1996-06-23,5.592280817637221
1996-06-24,1.9303509171935733
1996-06-25,0.6400000132620335
1996-06-26,0.4892982557532378
1996-06-27,3.4740351597080013
1996-06-28,0.4561403603293002
1996-06-29,0.04438596583204344
1996-06-30,0.0
1996-07-01,0.0
1996-07-02,0.6868421194958501
1996-07-03,1.4668421356589536
1996-07-04,3.999649205687456
1996-07-05,0.10666666887700557
1996-07-06,0.1278947394923307
1996-07-07,0.043684211431536835
1996-07-08,0.03771929902723059
1996-07-09,0.7947368585737422
1996-07-10,0.04508772023255006
1996-07-11,0.013684210809879005
1996-07-12,0.0005263158003799618
1996-07-13,0.003333333402406425
1996-07-14,0.0
1996-07-15,0.0
1996-07-16,0.00403508780291304
1996-07-17,12.930877460935154
1996-07-18,11.457193219871261
1996-07-19,13.55771957918769
1996-07-20,0.8210526485927403
1996-07-21,0.010000000207219275
1996-07-22,0.0
1996-07-23,0.034561404224950826
1996-07-24,0.12719298509182408
1996-07-25,0.0
1996-07-26,0.0
1996-07-27,0.0036842106026597323
1996-07-28,0.01929824601393193
1996-07-29,0.495789483957924
1996-07-30,0.5331579057849013
1996-07-31,0.18842105653602634
1996-08-01,0.01912280741380528
1996-08-02,11.140877423842905
1996-08-03,1.558421084925067
1996-08-04,4.377193073160015
1996-08-05,6.873508914362174
1996-08-06,0.0
1996-08-07,0.0
1996-08-08,0.0
1996-08-09,0.006491228204686195
1996-08-10,0.0
1996-08-11,0.18824561793589967
1996-08-12,0.0
1996-08-13,0.09754386167041958
1996-08-14,0.11122807248029858
1996-08-15,0.0
1996-08-16,0.17842105632880706
1996-08-17,0.09929824767168612
1996-08-18,0.0
1996-08-19,1.3728070459910668
1996-08-20,0.5228070283774287
1996-08-21,0.0
1996-08-22,0.0
1996-08-23,0.0
1996-08-24,0.0
1996-08-25,0.0
1996-08-26,0.0017543860012665393
1996-08-27,0.009298245806712659
1996-08-28,0.0010526316007599236
1996-08-29,0.0
1996-08-30,9.888245818938595
1996-08-31,7.402105416543781
1996-09-01,0.43298246511258187
1996-09-02,4.592982551315799
1996-09-03,6.172456268256065
1996-09-04,2.946315850527026
1996-09-05,10.795438820193523
1996-09-06,2.313508819870185
1996-09-07,10.763508994970472
1996-09-08,5.5836843262310145
1996-09-09,0.0800000016577542
1996-09-10,0.0
1996-09-11,0.19491228474071248
1996-09-12,3.80385972794611
1996-09-13,2.767017601197586
1996-09-14,16.46649156928761
1996-09-15,19.14877232662402
1996-09-16,2.536140403430909
1996-09-17,0.170350880722981
1996-09-18,4.725789571611676
1996-09-19,3.618596566212364
1996-09-20,4.96473694498418
1996-09-21,8.697544039878995
1996-09-22,4.520877286663744
1996-09-23,0.007368421205319465
1996-09-24,0.16543859991943466
1996-09-25,0.04947368523571641
1996-09-26,0.5856140472227708
1996-09-27,1.2710526579176076
1996-09-28,0.0
1996-09-29,0.0
1996-09-30,0.040350878029130406
1996-10-01,0.6205263286479749
1996-10-02,0.17719298612792045
1996-10-03,10.119473893905525
1996-10-04,28.7143865599297
1996-10-05,0.36736842866521335
1996-10-06,0.11017544087953866
1996-10-07,0.7089473831118085
1996-10-08,0.0
1996-10-09,0.0028070176020264627
1996-10-10,3.918070256628562
1996-10-11,10.70228092352627
1996-10-12,4.248070263466799
1996-10-13,36.363158648251556
1996-10-14,32.50754453326809
1996-10-15,10.70122829192551
1996-10-16,1.92631582939066
1996-10-17,30.13403571215458
1996-10-18,19.689649530814496
1996-10-19,3.6445614790311085
1996-10-20,4.68000009697862
1996-10-21,24.861228585348
1996-10-22,9.129649311990944
1996-10-23,27.767719873646275
1996-10-24,15.005965223233218
1996-10-25,1.1484210764290765
1996-10-26,0.39245614848332483
1996-10-27,9.938245819974693
1996-10-28,31.68052697227104
1996-10-29,0.5345614145859144
1996-10-30,0.031052632222417748
1996-10-31,0.1987719339434989
1996-11-01,0.5705263276118785
1996-11-02,0.6700000138836913
1996-11-03,20.905088152491956
1996-11-04,8.568772107386032
1996-11-05,3.89982464221539
1996-11-06,25.796491762623194
1996-11-07,19.70719339082716
1996-11-08,16.7915792953223
1996-11-09,0.40228071009041744
1996-11-10,0.0
1996-11-11,0.6773684350890108
1996-11-12,16.784561751317234
1996-11-13,14.018947658920661
1996-11-14,4.011929907696322
1996-11-15,4.501929917850067
1996-11-16,15.752631905372255
1996-11-17,3.1378948018653325
1996-11-18,4.037193066114559
1996-11-19,16.47807051689597
1996-11-20,2.1964912735857074
1996-11-21,0.16912281052209438
1996-11-22,0.06684210664825514
1996-11-23,2.051578989881091
1996-11-24,18.032631952618253
1996-11-25,6.865789615956601
1996-11-26,8.215263328130824
1996-11-27,70.5336856721202
1996-11-28,13.040175708814061
1996-11-29,2.146666711149737
1996-11-30,30.60894800269744
1996-12-01,20.89578990668524
1996-12-02,11.881052877777257
1996-12-03,12.378070431936067
1996-12-04,30.89122871030122
1996-12-05,12.468772188201548
1996-12-06,17.696316156175456
1996-12-07,22.104737300158014
1996-12-08,17.452456501999407
1996-12-09,3.3557895432226363
1996-12-10,15.110526628908701
1996-12-11,1.0140351087320596
1996-12-12,12.007544108468574
1996-12-13,11.776316033501644
1996-12-14,2.5773684744606724
1996-12-15,6.88000014256686
1996-12-16,0.6350877324584872
1996-12-17,0.011929824808612467
1996-12-18,1.910526355379261
1996-12-19,25.679123339138464
1996-12-20,14.000877483107615
1996-12-21,3.5133334061363715
1996-12-22,10.686140572314617
1996-12-23,15.828772257827225
1996-12-24,8.234561574144756
1996-12-25,2.136666710942518
1996-12-26,42.02193069533678
1996-12-27,7.864912443677896
1996-12-28,15.679474009119442
1996-12-29,58.117720502556764
1996-12-30,37.23105340307812
1996-12-31,33.99824631854426
1997-01-01,45.49193076724187
1997-01-02,23.862982950627337
1997-01-03,9.255438788281754
1997-01-04,1.588245646946598
1997-01-05,1.0043859857250936
1997-01-06,54.89158008482773
1997-01-07,15.399123126117047
1997-01-08,3.1112281346460806
1997-01-09,1.451929854648188
1997-01-10,0.5156140457722358
1997-01-11,0.0017543860012665393
1997-01-12,0.0
1997-01-13,0.0
1997-01-14,0.0005263158003799618
1997-01-15,0.002982456202153117
1997-01-16,17.755789841618387
1997-01-17,46.983860622718936
1997-01-18,36.39824636827689
1997-01-19,41.05614120163955
1997-01-20,9.358070369355847
1997-01-21,1.8819298635586166
1997-01-22,16.174386300076733
1997-01-23,16.174386300076733
1997-01-24,1.9442105666035785
1997-01-25,0.0
1997-01-26,0.04842105363495648
1997-01-27,10.193859860359225
1997-01-28,18.925263550062667
1997-01-29,31.127369066071697
1997-01-30,43.42386054894887
1997-01-31,7.15526330616558
1997-02-01,25.59263210927602
1997-02-02,4.462982548621948
1997-02-03,0.03192982522305102
1997-02-04,0.0056140352040529255
1997-02-05,0.08649122986244039
1997-02-06,0.03140350942267105
1997-02-07,0.0022807018016465013
1997-02-08,0.08298245785990731
1997-02-09,0.005263158003799618
1997-02-10,3.6271930576185696
1997-02-11,6.959298389824108
1997-02-12,33.4456147281453
1997-02-13,17.486140713223723
1997-02-14,33.28157963702688
1997-02-15,6.92929838920245
1997-02-16,0.8903508956427686
1997-02-17,27.093158456159287
1997-02-18,25.481930352596102
1997-02-19,33.2949129706365
1997-02-20,2.8773684806772506
1997-02-21,0.0005263158003799618
1997-02-22,0.002280701801646501
1997-02-23,0.2796491286018864
1997-02-24,0.008070175605826081
1997-02-25,1.0136842315318062
1997-02-26,3.931228151638061
1997-02-27,1.0885965137858877
1997-02-28,1.275964938721154
1997-03-01,38.3294744784711
1997-03-02,7.744912441191264
1997-03-03,4.167894823208917
1997-03-04,4.965965015185065
1997-03-05,7.754210686997976
1997-03-06,30.882807657495142
1997-03-07,26.57421107698465
1997-03-08,4.840877293294762
1997-03-09,29.979825182643257
1997-03-10,2.2843860122491604
1997-03-11,4.932105365360621
1997-03-12,5.5477194132050505
1997-03-13,1.2903509039315395
1997-03-14,13.171930097509177
1997-03-15,31.42403573888587
1997-03-16,18.014912654005457
1997-03-17,33.32368490105728
1997-03-18,65.2343873166945
1997-03-19,70.23421198170401
1997-03-20,10.191579158557579
1997-03-21,0.0015789474011398854
1997-03-22,0.3171929890289903
1997-03-23,0.5471929937950335
1997-03-24,0.3517543932539411
1997-03-25,15.519474005803932
1997-03-26,7.674035246740096
1997-03-27,15.251052947610152
1997-03-28,8.301579119393136
1997-03-29,1.0796491451794283
1997-03-30,6.847894878743682
1997-03-31,5.748421171749942
1997-04-01,1.399122836010065
1997-04-02,0.1370175466989167
1997-04-03,6.598070312163327
1997-04-04,2.275438643642701
1997-04-05,0.0
1997-04-06,0.0
1997-04-07,0.11438596728257835
1997-04-08,0.38192983247572554
1997-04-09,3.5456141085596755
1997-04-10,0.6147368548437954
1997-04-11,0.007017544005066156
1997-04-12,2.567894790053833
1997-04-13,20.5703513034503
1997-04-14,6.5166668017045595
1997-04-15,17.622281066922007
1997-04-16,6.442982589651365
1997-04-17,1.5489474005182275
1997-04-18,1.7754386332817376
1997-04-19,34.291404219355904
1997-04-20,31.802456799359064
1997-04-21,0.1294736868934706
1997-04-22,4.791228169458919
1997-04-23,5.124210632499308
1997-04-24,0.7443859803373926
1997-04-25,0.9924561609164813
1997-04-26,7.079122953710613
1997-04-27,7.223158044414594
1997-04-28,8.138596659875475
1997-04-29,9.322982649330516
1997-04-30,15.884386294067374
1997-05-01,4.463859741622582
1997-05-02,2.2805263630463743
1997-05-03,5.013684314419516
1997-05-04,5.668772047292442
1997-05-05,9.388070369977505
1997-05-06,8.71456158409128
1997-05-07,0.5691228188108653
1997-05-08,0.10350877407472582
1997-05-09,0.0
1997-05-10,0.0
1997-05-11,0.0
1997-05-12,0.0
1997-05-13,0.3915789554826915
1997-05-14,1.56350880432874
1997-05-15,0.14456140650436283
1997-05-16,3.7324562176945624
1997-05-17,0.8422807192080655
1997-05-18,1.1303509006160313
1997-05-19,0.7177193131181412
1997-05-20,3.6912281466647983
1997-05-21,0.5243859757785686
1997-05-22,0.029298246221151205
1997-05-23,5.222456248570234
1997-05-24,2.531228122627363
1997-05-25,4.025438679906074
1997-05-26,1.0996491455938668
1997-05-27,1.5180702068959362
1997-05-28,0.9305263350717724
1997-05-29,7.06877207630314
1997-05-30,18.68684249249054
1997-05-31,22.531579414266165
1997-06-01,3.1184211172512732
1997-06-02,3.0212281327811072
1997-06-03,7.975614200357815
1997-06-04,7.558070332056378
1997-06-05,1.7624561768723654
1997-06-06,1.0100000209291466
1997-06-07,0.06649122944800184
1997-06-08,0.0
1997-06-09,0.0
1997-06-10,0.3664912356645801
1997-06-11,4.768772028642706
1997-06-12,7.536315945640673
1997-06-13,0.17912281072931366
1997-06-14,0.1415789503022097
1997-06-15,0.13877193270018326
1997-06-16,3.862280781788286
1997-06-17,28.421930413518567
1997-06-18,4.6642106229672216
1997-06-19,0.26315790018998086
1997-06-20,0.6047368546365761
1997-06-21,16.127017878042537
1997-06-22,8.098947536246852
1997-06-23,11.33719321738463
1997-06-24,0.5335087829851546
1997-06-25,5.070175543660298
1997-06-26,1.4856140658725054
1997-06-27,0.23789474177174272
1997-06-28,1.2070175688713791
1997-06-29,14.376316087378658
1997-06-30,0.09298245806712659
1997-07-01,0.362456147861667
1997-07-02,0.0959649142692797
1997-07-03,0.09105263346573339
1997-07-04,0.25087719818111515
1997-07-05,8.833859832177406
1997-07-06,14.726491533231457
1997-07-07,3.866491308191326
1997-07-08,42.946141240803996
1997-07-09,12.257193236448803
1997-07-10,9.34894756214926
1997-07-11,0.7803508933633566
1997-07-12,0.07508772085420788
1997-07-13,0.28140351460315294
1997-07-14,0.0005263158003799618
1997-07-15,0.0
1997-07-16,0.0578947380417958
1997-07-17,0.1785964949289337
1997-07-18,0.0
1997-07-19,0.0
1997-07-20,0.12017544108675793
1997-07-21,0.8654386144247839
1997-07-22,0.9619298444944434
1997-07-23,0.0
1997-07-24,0.0
1997-07-25,0.0042105264030396945
1997-07-26,0.0
1997-07-27,0.0
1997-07-28,0.3121052696253173
1997-07-29,1.474210556864273
1997-07-30,1.267368447314948
1997-07-31,0.0
1997-08-01,0.18877193373627962
1997-08-02,0.00894736860645935
1997-08-03,0.02421052681747824
1997-08-04,0.0015789474011398854
1997-08-05,0.03403508842457086
1997-08-06,2.9384211135213265
1997-08-07,0.0
1997-08-08,0.19438596894033255
1997-08-09,0.0
1997-08-10,0.01666666701203212
1997-08-11,0.0
1997-08-12,0.0
1997-08-13,0.0
1997-08-14,0.012807017809245737
1997-08-15,0.01596491261152551
1997-08-16,0.0
1997-08-17,0.005263158003799617
1997-08-18,0.0021052632015198473
1997-08-19,0.05105263263685629
1997-08-20,1.9463158298050984
1997-08-21,0.06824561544926837
1997-08-22,0.2401754435733892
1997-08-23,0.8163158063893207
1997-08-24,1.4942105572787114
1997-08-25,5.893859771254938
1997-08-26,9.485263354447671
1997-08-27,1.4247368716285564
1997-08-28,5.0452632624423135
1997-08-29,1.7859649492893368
1997-08-30,0.0
1997-08-31,1.861929863144178
1997-09-01,2.592105316871312
1997-09-02,0.8645614214241504
1997-09-03,4.281403597490862
1997-09-04,0.2378947417717427
1997-09-05,0.22912281176541002
1997-09-06,0.0
1997-09-07,0.002982456202153117
1997-09-08,0.21771930275717752
1997-09-09,0.0
1997-09-10,0.14368421350372956
1997-09-11,6.811929965717718
1997-09-12,2.705789529753383
1997-09-13,2.321754434076138
1997-09-14,16.742982803087216
1997-09-15,16.545965255144985
1997-09-16,28.486491818365174
1997-09-17,41.57421138781356
1997-09-18,5.400877304899041
1997-09-19,0.07175438745180146
1997-09-20,0.0
1997-09-21,0.0
1997-09-22,0.0026315790018998086
1997-09-23,0.0
1997-09-24,0.018070175813045354
1997-09-25,7.271579098049552
1997-09-26,40.462983294611334
1997-09-27,18.695088106696495
1997-09-28,2.6005263696773913
1997-09-29,2.8554386556614193
1997-09-30,15.430877512739974
1997-10-01,15.29473715904169
1997-10-02,18.195438973535786
1997-10-03,34.44912352086976
1997-10-04,42.98140439942945
1997-10-05,9.558070373500232
1997-10-06,1.8008772303001024
1997-10-07,2.857017603062559
1997-10-08,7.194386113993824
1997-10-09,9.251754577679094
1997-10-10,9.343158088345081
1997-10-11,5.878772051644046
1997-10-12,3.780000078328886
1997-10-13,1.4847368728718722
1997-10-14,3.591052705992479
1997-10-15,0.15807017871411516
1997-10-16,1.457894767052494
1997-10-17,3.262456207955256
1997-10-18,0.07473684365395457
1997-10-19,0.0019298246013931932
1997-10-20,0.06350877324584871
1997-10-21,0.7571929981466383
1997-10-22,1.805263195303269
1997-10-23,2.3408772414899435
1997-10-24,0.2987719360156917
1997-10-25,1.8478947751340455
1997-10-26,15.297368738043588
1997-10-27,4.565438691095915
1997-10-28,24.44859699785011
1997-10-29,44.83649215716869
1997-10-30,78.8738612835412
1997-10-31,15.877368750062306
1997-11-01,4.046315873321147
1997-11-02,5.899824683659244
1997-11-03,26.07350931222318
1997-11-04,1.0536842323606834
1997-11-05,0.17684210892766716
1997-11-06,12.71245640377747
1997-11-07,0.4428070267196745
1997-11-08,0.01596491261152551
1997-11-09,0.03824561482761055
1997-11-10,0.0335087726241909
1997-11-11,0.0
1997-11-12,0.0
1997-11-13,0.007543859805446119
1997-11-14,0.003508772002533078
1997-11-15,0.0005263158003799618
1997-11-16,2.9168421657057477
1997-11-17,24.184561904659496
1997-11-18,2.5112281222129242
1997-11-19,18.04421090022661
1997-11-20,24.88000051556155
1997-11-21,1.168947392643895
1997-11-22,8.521930001152214
1997-11-23,20.333333754679188
1997-11-24,6.260000129719265
1997-11-25,2.8600000592647126
1997-11-26,3.8208772721583957
1997-11-27,13.986140640696977
1997-11-28,19.10421092219185
1997-11-29,13.712456424499397
1997-11-30,3.509473756933585
1997-12-01,0.6777193122892641
1997-12-02,0.1752631615265273
1997-12-03,0.11052631807979198
1997-12-04,0.1975438637426123
1997-12-05,0.1645614069188014
1997-12-06,0.25035088238073516
1997-12-07,2.4970175956026655
1997-12-08,7.035438742279075
1997-12-09,2.7701754959998657
1997-12-10,1.642807051585987
1997-12-11,1.785438633488957
1997-12-12,0.8052631745813414
1997-12-13,0.9168421242618934
1997-12-14,14.220526610466187
1997-12-15,21.00245657556225
1997-12-16,57.29245732756099
1997-12-17,20.054737257678063
1997-12-18,5.028245718230028
1997-12-19,14.988245924620424
1997-12-20,19.85105304293102
1997-12-21,4.473333426029422
1997-12-22,3.9714035910670646
1997-12-23,7.276140501652845
1997-12-24,2.095263201312628
1997-12-25,4.791403608059046
1997-12-26,12.559649383067153
1997-12-27,12.873684477293864
1997-12-28,35.12824634196004
1997-12-29,15.881052960664967
1997-12-30,0.6850877334945835
1997-12-31,3.4740351597080013
1998-01-01,33.20771998637356
1998-01-02,3.6987720064702447
1998-01-03,2.493333385000006
1998-01-04,16.11631612343481
1998-01-05,23.242982937779743
1998-01-06,21.276316230359953
1998-01-07,8.275263329374138
1998-01-08,1.8640351263456978
1998-01-09,1.9017544253729286
1998-01-10,1.2287719552870842
1998-01-11,0.23280702236806977
1998-01-12,8.146315958281047
1998-01-13,36.672632338874976
1998-01-14,35.092632306134334
1998-01-15,13.72385993350763
1998-01-16,16.164035422669258
1998-01-17,19.991754800232595
1998-01-18,8.531930001359433
1998-01-19,10.263333546009381
1998-01-20,2.61684215948917
1998-01-21,8.582631756796037
1998-01-22,8.340701927221382
1998-01-23,34.8850884421845
1998-01-24,20.235439015808517
1998-01-25,9.780877395661083
1998-01-26,12.75175465020584
1998-01-27,2.4685965423821474
1998-01-28,2.507719350210391
1998-01-29,8.626315968227573
1998-01-30,3.1838597150985155
1998-01-31,0.23964912777300926
1998-02-01,1.7596491592703387
1998-02-02,1.8352631959249268
1998-02-03,2.66298251132248
1998-02-04,4.360877283348236
1998-02-05,2.7208772493642757
1998-02-06,1.7049123160308226
1998-02-07,2.5000000518048187
1998-02-08,10.867368646245449
1998-02-09,2.544035140436608
1998-02-10,4.853684311104008
1998-02-11,9.460351073229686
1998-02-12,27.20859705504263
1998-02-13,3.738245691498742
1998-02-14,4.646666762954556
1998-02-15,2.2252632040064784
1998-02-16,0.25438597018364817
1998-02-17,2.771403566200752
1998-02-18,7.16315804317128
1998-02-19,9.074035275750795
1998-02-20,9.071403696748893
1998-02-21,15.90807050508447
1998-02-22,2.742982512980234
1998-02-23,0.9998245821218006
1998-02-24,1.2098245864734054
1998-02-25,6.137368548230734
1998-02-26,2.185438641777728
1998-02-27,1.913684250181541
1998-02-28,9.771930027054623
1998-03-01,18.771754774951845
1998-03-02,11.005438824545127
1998-03-03,1.79105266869301
1998-03-04,0.06719298384850844
1998-03-05,0.02684210581937805
1998-03-06,0.2557894789846614
1998-03-07,1.2685965175158347
1998-03-08,9.430877388408408
1998-03-09,9.757368623244112
1998-03-10,2.531228122627363
1998-03-11,2.9536842717323455
1998-03-12,1.026140372140799
1998-03-13,6.165614162851126
1998-03-14,5.301754495827482
1998-03-15,9.18175457622856
1998-03-16,4.326666756323538
1998-03-17,1.4680702058598403
1998-03-18,1.074736864375882
1998-03-19,0.8747368602314964
1998-03-20,2.7289474249701016
1998-03-21,8.337017716618721
1998-03-22,28.056140932254493
1998-03-23,10.559824780223426
1998-03-24,13.259123081772122
1998-03-25,7.3798247143276985
1998-03-26,8.47754403532017
1998-03-27,1.1042105491971599
1998-03-28,0.27789474260061986
1998-03-29,2.237543906015344
1998-03-30,1.4657895040581934
1998-03-31,1.7775438964832575
1998-04-01,0.04824561503482983
1998-04-02,0.42807018430903554
1998-04-03,2.754386021988467
1998-04-04,6.838421194336844
1998-04-05,7.468596645991784
1998-04-06,1.486842136073392
1998-04-07,2.351228118897416
1998-04-08,0.7322807169286536
1998-04-09,1.9245614433893934
1998-04-10,10.613333553262056
1998-04-11,6.6647369802114556
1998-04-12,2.851579006458633
1998-04-13,0.09807017747079955
1998-04-14,0.47456141334259894
1998-04-15,0.16807017892133447
1998-04-16,0.01964912321418524
1998-04-17,0.3638596566626802
1998-04-18,2.9968421673635026
1998-04-19,0.4580701849306934
1998-04-20,0.6143859776435421
1998-04-21,0.5507017657975667
1998-04-22,3.002456202567555
1998-04-23,13.669649406068494
1998-04-24,2.3250877674785446
1998-04-25,0.9001754572498613
1998-04-26,0.0007017544005066157
1998-04-27,0.0
1998-04-28,0.0
1998-04-29,0.0
1998-04-30,0.05403508883900941
1998-05-01,0.01666666701203212
1998-05-02,0.0010526316007599236
1998-05-03,0.04614035183330999
1998-05-04,0.011754386208485814
1998-05-05,0.0
1998-05-06,0.0005263158003799618
1998-05-07,0.24315789977554234
1998-05-08,1.3368421329651028
1998-05-09,0.4959649225580507
1998-05-10,2.1642105711624025
1998-05-11,2.5556140880449676
1998-05-12,3.6936842870665716
1998-05-13,2.874035147274845
1998-05-14,6.777017684292514
1998-05-15,1.861929863144178
1998-05-16,1.6857895086170176
1998-05-17,2.502280753606465
1998-05-18,1.00824563492788
1998-05-19,0.1405263187014498
1998-05-20,0.04947368523571641
1998-05-21,0.4668421149370261
1998-05-22,0.0010526316007599236
1998-05-23,0.908947387256194
1998-05-24,8.034561570000369
1998-05-25,20.630351304693615
1998-05-26,20.6394741119002
1998-05-27,18.64877231626306
1998-05-28,0.7919298409717157
1998-05-29,0.13596491509815678
1998-05-30,0.890701772843022
1998-05-31,0.041228071029763676
1998-06-01,0.0
1998-06-02,1.0898245839867742
1998-06-03,4.3108772823121395
1998-06-04,4.839824661694001
1998-06-05,0.8512280878145249
1998-06-06,1.4221052926266566
1998-06-07,2.2756140822428277
1998-06-08,1.364736870385241
1998-06-09,0.1207017568871379
1998-06-10,2.026666708663106
1998-06-11,0.5840350998216309
1998-06-12,0.0761403524549678
1998-06-13,0.46526316753588615
1998-06-14,1.2238596744835375
1998-06-15,10.345438810868654
1998-06-16,0.4270175527082756
1998-06-17,1.5454386285156945
1998-06-18,1.988596532435622
1998-06-19,1.1107017774018457
1998-06-20,1.6700000346056187
1998-06-21,0.9250877384678461
1998-06-22,3.674210602452513
1998-06-23,3.6759649884537797
1998-06-24,7.224210676015355
1998-06-25,4.528596585069318
1998-06-26,4.2247369296499535
1998-06-27,0.03175438662292436
1998-06-28,0.0742105278535746
1998-06-29,0.0
1998-06-30,0.0
1998-07-01,0.05508772043976933
1998-07-02,5.3212281804415404
1998-07-03,10.50982477918733
1998-07-04,1.058947390364483
1998-07-05,0.5417543971911073
1998-07-06,0.02263157941633836
1998-07-07,0.20017544274451213
1998-07-08,0.03947368502849714
1998-07-09,0.06561403644736856
1998-07-10,0.7380701907328331
1998-07-11,1.6803509120130913
1998-07-12,3.376140420837328
1998-07-13,1.3936842394061386
1998-07-14,5.260000108997337
1998-07-15,3.705789550475311
1998-07-16,0.2743859705980867
1998-07-17,0.0
1998-07-18,0.0
1998-07-19,0.0005263158003799618
1998-07-20,0.0010526316007599236
1998-07-21,0.0
1998-07-22,0.0
1998-07-23,0.0
1998-07-24,0.0
1998-07-25,0.0035087720025330786
1998-07-26,0.08964912466472016
1998-07-27,0.016842105612158778
1998-07-28,0.028421053220517935
1998-07-29,0.2142105307546444
1998-07-30,0.540350888390094
1998-07-31,0.0585964924423024
1998-08-01,0.0015789474011398854
1998-08-02,0.0
1998-08-03,0.0
1998-08-04,0.0
1998-08-05,0.0
1998-08-06,0.0
1998-08-07,0.0
1998-08-08,0.0
1998-08-09,0.0
1998-08-10,0.0
1998-08-11,0.0
1998-08-12,0.0
1998-08-13,0.06649122944800184
1998-08-14,0.04614035183330998
1998-08-15,0.18245614413172007
1998-08-16,3.2743860327638687
1998-08-17,0.353333340655081
1998-08-18,0.068947369849775
1998-08-19,0.0
1998-08-20,0.17456140712602064
1998-08-21,2.4617544369772077
1998-08-22,0.0
1998-08-23,0.0
1998-08-24,0.0
1998-08-25,0.0
1998-08-26,0.0
1998-08-27,0.0
1998-08-28,0.0
1998-08-29,0.0
1998-08-30,0.0
1998-08-31,0.0
1998-09-01,0.04701754483394325
1998-09-02,0.07245614185230807
1998-09-03,0.0
1998-09-04,0.0
1998-09-05,0.0005263158003799618
1998-09-06,0.0021052632015198473
1998-09-07,0.024912281217984857
1998-09-08,0.01666666701203212
1998-09-09,0.1340350904967636
1998-09-10,0.13438596769701688
1998-09-11,0.0
1998-09-12,0.0
1998-09-13,0.0
1998-09-14,0.0
1998-09-15,0.0
1998-09-16,0.18035088093020024
1998-09-17,0.5315789583837613
1998-09-18,6.071403634583112
1998-09-19,3.555438670166769
1998-09-20,0.257017549185548
1998-09-21,0.0
1998-09-22,0.0
1998-09-23,0.08859649306396022
1998-09-24,5.465614148345775
1998-09-25,11.936666914017406
1998-09-26,0.6738596630864777
1998-09-27,0.1678947403212078
1998-09-28,0.21157895175274463
1998-09-29,0.052982457238249486
1998-09-30,0.17105263512348756
1998-10-01,3.516842178138905
1998-10-02,16.062807350396177
1998-10-03,5.3421053738566115
1998-10-04,0.8873684394406155
1998-10-05,0.0
1998-10-06,0.02421052681747824
1998-10-07,1.161929848638829
1998-10-08,13.686140634480399
1998-10-09,9.523684407875407
1998-10-10,1.4805263464688323
1998-10-11,2.7650877765961925
1998-10-12,12.253509025846142
1998-10-13,28.392281290097166
1998-10-14,15.048947680264249
1998-10-15,3.652807093237061
1998-10-16,0.5831579068209976
1998-10-17,15.532631900813431
1998-10-18,0.12771930089220407
1998-10-19,0.03929824642837048
1998-10-20,0.0
1998-10-21,0.0
1998-10-22,0.0028070176020264627
1998-10-23,0.06315789604559541
1998-10-24,0.495789483957924
1998-10-25,0.01526315821101889
1998-10-26,1.0429824777529577
1998-10-27,6.890000142774079
1998-10-28,2.4817544373916465
1998-10-29,0.029824562021531165
1998-10-30,0.7045614181086421
1998-10-31,5.354736953065731
1998-11-01,4.49070184744196
1998-11-02,8.301403680793012
1998-11-03,0.6568421188741923
1998-11-04,14.811754692893011
1998-11-05,9.18122826042818
1998-11-06,3.25754392715171
1998-11-07,0.6542105398722924
1998-11-08,2.264561450434849
1998-11-09,2.2294737304095182
1998-11-10,3.316666735394392
1998-11-11,7.017544005066157
1998-11-12,47.3970185260172
1998-11-13,63.68087851257297
1998-11-14,33.9649129845202
1998-11-15,38.508070973400024
1998-11-16,7.778947529615834
1998-11-17,2.5035088238073513
1998-11-18,10.9282458404894
1998-11-19,16.653859994222877
1998-11-20,62.364562695822684
1998-11-21,26.58087774378946
1998-11-22,18.598772315226963
1998-11-23,20.186140769172926
1998-11-24,41.86456227102317
1998-11-25,55.9905274760211
1998-11-26,13.556842386187057
1998-11-27,2.9247369027114476
1998-11-28,2.6014035626780245
1998-11-29,6.6628071556100625
1998-11-30,10.508245831786189
1998-12-01,36.751755147532094
1998-12-02,33.49842174678343
1998-12-03,7.906491391907912
1998-12-04,5.409649234905373
1998-12-05,12.459473942394837
1998-12-06,9.94298266217811
1998-12-07,28.04017601964297
1998-12-08,4.99456150700571
1998-12-09,2.676140406331979
1998-12-10,23.22175486716442
1998-12-11,28.905790072667884
1998-12-12,37.180877963441894
1998-12-13,34.683509490638976
1998-12-14,4.651228166557848
1998-12-15,10.560351096023805
1998-12-16,4.2308772806543855
1998-12-17,6.502456275094302
1998-12-18,0.7000000145053492
1998-12-19,0.17263158252462746
1998-12-20,0.0038596492027863864
1998-12-21,0.03842105342773721
1998-12-22,1.5577193305245602
1998-12-23,3.0771930462215096
1998-12-24,34.36719369461062
1998-12-25,35.7222814419889
1998-12-26,28.985790074325635
1998-12-27,51.252808079600804
1998-12-28,44.26175530315377
1998-12-29,35.93421127094189
1998-12-30,1.0505263375584037
1998-12-31,14.706140655616764
1999-01-01,0.44192983371904115
1999-01-02,0.026666667219251393
1999-01-03,0.0
1999-01-04,1.4833333640708588
1999-01-05,0.0849122824613005
1999-01-06,3.0207018169807274
1999-01-07,8.409824735671283
1999-01-08,6.532631714316086
1999-01-09,6.96175453022588
1999-01-10,28.611754978855604
1999-01-11,2.249122853623703
1999-01-12,12.281754640466534
1999-01-13,6.7598247014801025
1999-01-14,71.74070324099156
1999-01-15,5.209122914960608
1999-01-16,22.95315837037051
1999-01-17,27.32859705752926
1999-01-18,34.79333405431826
1999-01-19,16.33385998759186
1999-01-20,1.7054386318312027
1999-01-21,12.001052880263888
1999-01-22,9.764561605849305
1999-01-23,2.2680702224373817
1999-01-24,0.08157894905889407
1999-01-25,0.0
1999-01-26,1.0215789685375058
1999-01-27,19.002281095518267
1999-01-28,41.471053490939084
1999-01-29,36.833860412391374
1999-01-30,12.730175702390262
1999-01-31,12.9331581627368
1999-02-01,17.2319301816402
1999-02-02,30.55421115945792
1999-02-03,14.287544155714567
1999-02-04,26.78438651993638
1999-02-05,13.77210554854246
1999-02-06,32.38140417977702
1999-02-07,28.074737423867923
1999-02-08,7.5671931392629626
1999-02-09,3.5007018269272523
1999-02-10,5.12982466770336
1999-02-11,0.15701754711335528
1999-02-12,0.35894737585913394
1999-02-13,6.871754528360908
1999-02-14,0.6124561530421488
1999-02-15,2.1864912733784876
1999-02-16,19.893684622761796
1999-02-17,13.328772206022405
1999-02-18,11.807719542924316
1999-02-19,9.565965110505932
1999-02-20,0.27473684779834
1999-02-21,9.480877389444505
1999-02-22,35.033158620691395
1999-02-23,12.123859900352546
1999-02-24,54.800527451362
1999-02-25,15.4310529513401
1999-02-26,5.157543966523372
1999-02-27,41.95526402728865
1999-02-28,16.546140693745112
1999-03-01,12.082982706523037
1999-03-02,8.690701934474056
1999-03-03,20.05526357347844
1999-03-04,6.194912409072277
1999-03-05,3.1484211178729313
1999-03-06,0.3922807098831982
1999-03-07,0.23964912777300926
1999-03-08,1.5114035400911234
1999-03-09,11.481228308088614
1999-03-10,4.984386068198364
1999-03-11,0.05017543963622302
1999-03-12,11.442105500260368
1999-03-13,23.44824609992793
1999-03-14,19.717368829634506
1999-03-15,1.7887719668913633
1999-03-16,8.642982635239607
1999-03-17,1.7445614396594467
1999-03-18,4.7221053610090165
1999-03-19,0.0
1999-03-20,0.0
1999-03-21,4.754912379232701
1999-03-22,0.4610526411328465
1999-03-23,9.642456340161154
1999-03-24,6.110701881011483
1999-03-25,10.109298455098179
1999-03-26,12.61701780530857
1999-03-27,10.588772149244324
1999-03-28,7.073333479906433
1999-03-29,17.92473721354036
1999-03-30,5.477719411754515
1999-03-31,0.495789483957924
1999-04-01,0.002280701801646501
1999-04-02,0.7647368579520845
1999-04-03,3.101403573038988
1999-04-04,0.7952631743741222
1999-04-05,0.038245614827610554
1999-04-06,0.048245615034829825
1999-04-07,6.352982587786391
1999-04-08,6.164210654050112
1999-04-09,6.777193122892641
1999-04-10,0.13473684489727022
1999-04-11,0.31807018202962356
1999-04-12,9.131579136592336
1999-04-13,0.853684228216298
1999-04-14,0.5887719420250506
1999-04-15,0.2973684272146784
1999-04-16,0.5050877297646366
1999-04-17,0.030526316422037784
1999-04-18,0.508947378967423
1999-04-19,6.822982597525698
1999-04-20,10.449298462143632
1999-04-21,0.6396491360617802
1999-04-22,2.4978947886032987
1999-04-23,2.6543860199162737
1999-04-24,3.3694737540325153
1999-04-25,8.988070361688733
1999-04-26,3.036140413791873
1999-04-27,0.5508772043976933
1999-04-28,1.1454386202269233
1999-04-29,0.0
1999-04-30,0.2394736891728826
1999-05-01,11.821754630934448
1999-05-02,5.374561514880043
1999-05-03,8.140701923076996
1999-05-04,10.08666687568184
1999-05-05,0.17421052992576735
1999-05-06,13.120000271871687
1999-05-07,15.229298561194447
1999-05-08,2.4245614537503575
1999-05-09,0.7049122953088955
1999-05-10,0.0
1999-05-11,5.31807028563926
1999-05-12,4.40684219658142
1999-05-13,0.4591228165314533
1999-05-14,0.9510526512865909
1999-05-15,0.3792982534738258
1999-05-16,3.013684272975661
1999-05-17,15.828596819227098
1999-05-18,12.401228327152786
1999-05-19,1.1057894965982995
1999-05-20,0.9345614228746855
1999-05-21,0.04000000082887709
1999-05-22,0.0
1999-05-23,0.47649123794399206
1999-05-24,0.003157894802279771
1999-05-25,0.07596491385484115
1999-05-26,0.17736842472804712
1999-05-27,0.37842106047319257
1999-05-28,5.305965022230522
1999-05-29,0.6743859788868578
1999-05-30,2.225087765406352
1999-05-31,10.471930041559972
1999-06-01,2.759122864191886
1999-06-02,1.0136842315318064
1999-06-03,0.6161403636448086
1999-06-04,0.6626315926783719
1999-06-05,21.951403963647316
1999-06-06,3.5533334069652485
1999-06-07,1.1159649354056456
1999-06-08,1.2989473953377457
1999-06-09,0.2135087763541378
1999-06-10,1.6856140700168907
1999-06-11,0.24052632077364253
1999-06-12,0.716315804317128
1999-06-13,0.20280702174641194
1999-06-14,0.0
1999-06-15,1.05333335516043
1999-06-16,0.4377193073160015
1999-06-17,0.0
1999-06-18,0.24122807517414913
1999-06-19,0.0
1999-06-20,3.585263232188299
1999-06-21,2.9473684821277857
1999-06-22,1.139122830622364
1999-06-23,0.8901754570426421
1999-06-24,19.547017948911527
1999-06-25,5.337017654452939
1999-06-26,0.14368421350372956
1999-06-27,0.9885965117136948
1999-06-28,2.7185965475626293
1999-06-29,0.34245614744722847
1999-06-30,3.934210607840214
1999-07-01,7.85105279426789
1999-07-02,9.766666869050823
1999-07-03,2.6296491772984156
1999-07-04,0.05263158003799617
1999-07-05,0.11105263388017192
1999-07-06,0.4866666767513379
1999-07-07,2.5171930346172307
1999-07-08,1.3163158167502844
1999-07-09,0.04438596583204345
1999-07-10,0.0
1999-07-11,0.0
1999-07-12,0.0
1999-07-13,0.0738596506533213
1999-07-14,3.9943860476836566
1999-07-15,0.3301754454383627
1999-07-16,5.240000108582899
1999-07-17,4.165438682807144
1999-07-18,0.6436842238646932
1999-07-19,0.021754386415705085
1999-07-20,1.0426316005527043
1999-07-21,5.73070187313715
1999-07-22,0.0014035088010132314
1999-07-23,0.0
1999-07-24,0.5675438714097254
1999-07-25,0.1142105286824517
1999-07-26,0.0
1999-07-27,0.10684210747713224
1999-07-28,0.0
1999-07-29,0.058947369642555716
1999-07-30,0.13526316069765018
1999-07-31,0.0
1999-08-01,0.08280701925978065
1999-08-02,0.29070176040986556
1999-08-03,3.0191228695795873
1999-08-04,2.5933333870721986
1999-08-05,3.3152632265933795
1999-08-06,0.653333346871659
1999-08-07,13.765438881737646
1999-08-08,0.16719298592070117
1999-08-09,0.0
1999-08-10,0.0
1999-08-11,0.0015789474011398854
1999-08-12,0.5470175551949069
1999-08-13,9.581930023117458
1999-08-14,4.575087814102881
1999-08-15,7.647894895321224
1999-08-16,2.740526372578461
1999-08-17,0.2222807063604705
1999-08-18,0.07070175585104152
1999-08-19,0.0035087720025330786
1999-08-20,0.021052632015198473
1999-08-21,0.1435087749036029
1999-08-22,0.6257894866517746
1999-08-23,0.6115789600415156
1999-08-24,0.08736842286307366
1999-08-25,1.127017567213625
1999-08-26,0.0
1999-08-27,0.0
1999-08-28,0.01964912321418524
1999-08-29,1.004736862925347
1999-08-30,5.825438717205543
1999-08-31,2.049298288079444
1999-09-01,2.181403553974815
1999-09-02,0.6133333460427821
1999-09-03,0.031052632222417744
1999-09-04,0.28421053220517933
1999-09-05,13.042105533415452
1999-09-06,6.946140494814609
1999-09-07,0.060175439843442306
1999-09-08,0.0
1999-09-09,0.014736842410638929
1999-09-10,0.015614035411272199
1999-09-11,0.003157894802279771
1999-09-12,0.003333333402406425
1999-09-13,0.0
1999-09-14,0.0
1999-09-15,0.0
1999-09-16,0.0033333334024064245
1999-09-17,0.0010526316007599236
1999-09-18,0.0
1999-09-19,0.0
1999-09-20,0.015614035411272199
1999-09-21,0.0
1999-09-22,0.0
1999-09-23,0.47456141334259894
1999-09-24,1.4870175746735188
1999-09-25,15.031228381651454
1999-09-26,4.860701855109073
1999-09-27,1.2733333597192542
1999-09-28,0.532807028584648
1999-09-29,1.5628070499282332
1999-09-30,0.0
1999-10-01,0.0
1999-10-02,0.0026315790018998086
1999-10-03,0.0
1999-10-04,0.0
1999-10-05,1.1128070406033659
1999-10-06,0.7278947519254871
1999-10-07,33.841228771430906
1999-10-08,59.758071413740986
1999-10-09,3.088245678029489
1999-10-10,0.7800000161631033
1999-10-11,3.1470176090719177
1999-10-12,6.718245753250084
1999-10-13,15.301228387246375
1999-10-14,4.285263246693649
1999-10-15,1.6289474021759818
1999-10-16,0.1678947403212078
1999-10-17,0.0
1999-10-18,0.04192982543027029
1999-10-19,0.27122807579580693
1999-10-20,0.0005263158003799618
1999-10-21,0.0
1999-10-22,0.0
1999-10-23,4.943333435768728
1999-10-24,2.654912335716654
1999-10-25,13.375438873656096
1999-10-26,0.32333334003342323
1999-10-27,6.524210661510006
1999-10-28,34.56403580395272
1999-10-29,19.709298654028682
1999-10-30,24.370351382193626
1999-10-31,23.189649603341245
1999-11-01,0.7333333485294133
1999-11-02,0.4284210615092889
1999-11-03,4.636842201347463
1999-11-04,14.45666696623666
1999-11-05,2.072456183296163
1999-11-06,21.736491678492165
1999-11-07,3.7484211303060877
1999-11-08,18.220526693353897
1999-11-09,8.176140520302578
1999-11-10,9.925438802165445
1999-11-11,32.938246296579024
1999-11-12,64.28719431461069
1999-11-13,41.8515798146138
1999-11-14,4.2629825444775635
1999-11-15,1.6959649474243637
1999-11-16,5.23052642417606
1999-11-17,13.862631866207812
1999-11-18,0.34596491944976154
1999-11-19,17.304035446292254
1999-11-20,22.003509227884933
1999-11-21,24.945614552008927
1999-11-22,3.6536842862376946
1999-11-23,2.8507018134579996
1999-11-24,35.14491300897207
1999-11-25,20.582105689658786
1999-11-26,7.663158053532243
1999-11-27,7.2070176932029435
1999-11-28,3.1659649778855967
1999-11-29,12.790877458034084
1999-11-30,24.19386015046621
1999-12-01,20.217544278595597
1999-12-02,44.604562327801254
1999-12-03,2.0510526740807107
1999-12-04,2.7145614597597163
1999-12-05,13.35000027663773
1999-12-06,39.73964994628914
1999-12-07,2.8882456738851037
1999-12-08,6.139824688632507
1999-12-09,14.269123102701272
1999-12-10,7.325965064088814
1999-12-11,25.387719824328087
1999-12-12,47.88052730796626
1999-12-13,23.6626320692827
1999-12-14,25.419474210951016
1999-12-15,67.85491368678632
1999-12-16,3.726666743890383
1999-12-17,20.94000043391716
1999-12-18,19.700351285422222
1999-12-19,5.947368544293568
1999-12-20,1.3584210807806814
1999-12-21,0.32701755063608295
1999-12-22,1.0345614249468782
1999-12-23,0.7029824707075022
1999-12-24,0.6024561528349296
1999-12-25,1.0615789693663829
1999-12-26,2.84333339225268
1999-12-27,5.18333344074199
1999-12-28,1.5808772257412786
1999-12-29,0.4929824663558975
1999-12-30,2.862807076866739
1999-12-31,4.5389474624767905
2000-01-01,24.96666718402412
2000-01-02,14.500175739068073
2000-01-03,8.645087898441126
2000-01-04,36.312983208615336
2000-01-05,2.320350925275125
2000-01-06,6.449122940655798
2000-01-07,5.804210646590219
2000-01-08,24.393158400210087
2000-01-09,26.493684759526516
2000-01-10,8.386315963254312
2000-01-11,8.809649305359926
2000-01-12,6.124912407621741
2000-01-13,4.7680702742422
2000-01-14,20.60578990067588
2000-01-15,9.867193186923396
2000-01-16,19.722807426238436
2000-01-17,8.678245793865063
2000-01-18,0.8631579126231375
2000-01-19,0.6826315930928104
2000-01-20,8.422456314880401
2000-01-21,7.846491390664597
2000-01-22,1.1347368656191976
2000-01-23,1.0842105487827212
2000-01-24,1.0763158117770217
2000-01-25,6.717193121649326
2000-01-26,8.080000167433173
2000-01-27,1.3554386245785284
2000-01-28,0.7694737001555041
2000-01-29,0.8042105429805816
2000-01-30,0.9031579134520143
2000-01-31,9.830000203696546
2000-02-01,35.15157967577689
2000-02-02,3.5656141089741142
2000-02-03,0.6256140480516479
2000-02-04,0.6849122948944569
2000-02-05,0.23333333816844967
2000-02-06,5.90736854346469
2000-02-07,6.50035101189278
2000-02-08,17.517193345446138
2000-02-09,3.7463158671045678
2000-02-10,1.725087755045388
2000-02-11,0.5843859770218842
2000-02-12,1.4296491524321029
2000-02-13,2.612807071686257
2000-02-14,8.128596659668254
2000-02-15,3.0815790112246764
2000-02-16,1.351929852575995
2000-02-17,1.309473711345345
2000-02-18,3.6847369184601124
2000-02-19,1.3763158179936
2000-02-20,0.23368421536870304
2000-02-21,13.284737117390616
2000-02-22,14.472982756048442
2000-02-23,2.922807078110054
2000-02-24,1.0963158121914605
2000-02-25,6.1359650394297205
2000-02-26,2.319473732274491
2000-02-27,12.008947617269587
2000-02-28,5.375438707880676
2000-02-29,6.932105406804476
2000-03-01,2.260350924031809
2000-03-02,9.754035289841704
2000-03-03,14.740526621241589
2000-03-04,9.356491421954706
2000-03-05,2.017894778656774
2000-03-06,0.8135087887872943
2000-03-07,0.7377193135325797
2000-03-08,0.9201754576642999
2000-03-09,1.855438634939492
2000-03-10,2.3345614518853837
2000-03-11,10.67807039670879
2000-03-12,2.0528070600819777
2000-03-13,4.888070276728832
2000-03-14,12.620351138710976
2000-03-15,0.4461403601220809
2000-03-16,16.343158233398572
2000-03-17,10.035789681645111
2000-03-18,19.630526722571815
2000-03-19,7.182456289185211
2000-03-20,0.9154386154608801
2000-03-21,2.510350929212291
2000-03-22,26.2743865093682
2000-03-23,12.38263183553936
2000-03-24,1.003157915524207
2000-03-25,1.3596491509815678
2000-03-26,1.4340351174352692
2000-03-27,12.921754653728568
2000-03-28,9.283158087101766
2000-03-29,3.1208772576530466
2000-03-30,1.6943860000232236
2000-03-31,1.1066666895989328
2000-04-01,0.794912297173869
2000-04-02,1.2431579204974699
2000-04-03,0.34280702464748175
2000-04-04,11.491579185496086
2000-04-05,8.11052648385521
2000-04-06,6.759122947079597
2000-04-07,0.07649122965522111
2000-04-08,0.2447368471766822
2000-04-09,0.1382456168998033
2000-04-10,0.0
2000-04-11,0.0010526316007599236
2000-04-12,0.09877193187130616
2000-04-13,13.501228349946906
2000-04-14,29.301754993153736
2000-04-15,6.65192996240221
2000-04-16,1.4201754680252634
2000-04-17,0.4612280797329732
2000-04-18,0.5319298355840147
2000-04-19,1.1715789716457947
2000-04-20,0.8529824738157914
2000-04-21,1.8538596875383522
2000-04-22,12.78947394923307
2000-04-23,7.560351033858025
2000-04-24,0.38122807807521897
2000-04-25,5.781228189973627
2000-04-26,0.36192983206128704
2000-04-27,3.6378948122262953
2000-04-28,8.535438773361967
2000-04-29,3.868947448593099
2000-04-30,1.6138596825650893
2000-05-01,4.609122902527452
2000-05-02,2.5840351412654856
2000-05-03,17.158947723987513
2000-05-04,4.045438680320514
2000-05-05,9.279473876499107
2000-05-06,5.077193087665364
2000-05-07,0.04368421143153683
2000-05-08,2.804386023024563
2000-05-09,13.665965195465834
2000-05-10,10.588070394843818
2000-05-11,10.137368631118443
2000-05-12,0.6440351010649465
2000-05-13,0.0
2000-05-14,0.0
2000-05-15,0.09438596686813981
2000-05-16,0.1278947394923307
2000-05-17,0.0
2000-05-18,3.124210591055453
2000-05-19,5.190350984747057
2000-05-20,2.5750877726590264
2000-05-21,11.552280941139905
2000-05-22,0.07087719445116819
2000-05-23,0.0
2000-05-24,0.0
2000-05-25,0.019824561814311893
2000-05-26,8.408245788270143
2000-05-27,20.6078951638774
2000-05-28,8.37228087524418
2000-05-29,0.3992982538882643
2000-05-30,7.933684374927543
2000-05-31,3.488596563518513
2000-06-01,1.1749123050482013
2000-06-02,0.6340351008577272
2000-06-03,0.06192982584470883
2000-06-04,0.1756140387267806
2000-06-05,4.556315883889329
2000-06-06,4.966491330985446
2000-06-07,6.23403521690052
2000-06-08,3.16736848668661
2000-06-09,1.7385965272551405
2000-06-10,6.156666794244666
2000-06-11,14.17473713583313
2000-06-12,39.42596572926268
2000-06-13,1.0850877417833544
2000-06-14,12.850000266276766
2000-06-15,0.650877206469886
2000-06-16,0.0
2000-06-17,0.0
2000-06-18,5.3022808116278615
2000-06-19,0.18877193373627962
2000-06-20,0.0
2000-06-21,0.09578947566915305
2000-06-22,0.0
2000-06-23,0.20789474115008488
2000-06-24,4.898070276936051
2000-06-25,0.17192982812412083
2000-06-26,0.13456140629714355
2000-06-27,0.07631579105509445
2000-06-28,0.0056140352040529255
2000-06-29,0.007894737005699426
2000-06-30,0.26315790018998086
2000-07-01,2.335964960686397
2000-07-02,0.37280702526913956
2000-07-03,5.657017661083955
2000-07-04,2.8077193564269693
2000-07-05,2.1308772371383387
2000-07-06,1.0754386187763885
2000-07-07,0.5207017651759088
2000-07-08,0.019473684614058587
2000-07-09,0.8329824734013528
2000-07-10,0.5210526423761621
2000-07-11,0.9912280907155948
2000-07-12,0.0868421070626937
2000-07-13,0.14824561710702255
2000-07-14,0.10403508987510579
2000-07-15,0.34491228784900163
2000-07-16,0.10122807227307933
2000-07-17,0.007017544005066156
2000-07-18,0.42192983330460265
2000-07-19,0.058245615242049104
2000-07-20,0.004736842203419656
2000-07-21,0.0494736852357164
2000-07-22,5.860701875831001
2000-07-23,4.007368504093029
2000-07-24,0.14789473990676927
2000-07-25,0.7668421211536043
2000-07-26,0.07017544005066156
2000-07-27,1.4957895046798515
2000-07-28,5.110000105889049
2000-07-29,1.4642105566570536
2000-07-30,0.026140351418871437
2000-07-31,0.16350877531804148
2000-08-01,0.09175438786624
2000-08-02,0.0978947388706729
2000-08-03,0.1526315821101889
2000-08-04,0.04807017643470318
2000-08-05,0.018070175813045354
2000-08-06,0.9884210731135683
2000-08-07,0.09333333526737989
2000-08-08,0.004736842203419656
2000-08-09,0.07596491385484115
2000-08-10,0.14263158190296962
2000-08-11,0.02456140401773155
2000-08-12,0.4161403595004231
2000-08-13,0.19859649534337226
2000-08-14,0.35385965645546097
2000-08-15,0.18298245993210005
2000-08-16,0.1792982493294403
2000-08-17,0.0
2000-08-18,14.121930117195006
2000-08-19,12.983859918173403
2000-08-20,1.4926316098775714
2000-08-21,0.0
2000-08-22,0.0
2000-08-23,0.0
2000-08-24,0.0010526316007599236
2000-08-25,0.4754386063432321
2000-08-26,2.377543908916414
2000-08-27,0.06333333464572206
2000-08-28,0.4092982540954836
2000-08-29,2.638070230104495
2000-08-30,1.1652631820412354
2000-08-31,0.9156140540610068
2000-09-01,1.7107017898350025
2000-09-02,3.3019298929837535
2000-09-03,1.0715789695736022
2000-09-04,0.6636842242791318
2000-09-05,1.151754409831483
2000-09-06,1.218070200679358
2000-09-07,2.9917544479598295
2000-09-08,20.62859691869235
2000-09-09,5.3614036198705435
2000-09-10,11.588070415565745
2000-09-11,0.2229824607609771
2000-09-12,0.01912280741380528
2000-09-13,0.0
2000-09-14,0.0
2000-09-15,0.004385965003166348
2000-09-16,0.0
2000-09-17,0.05175438703736292
2000-09-18,3.8215790265589025
2000-09-19,1.7898245984921233
2000-09-20,1.8049123181030153
2000-09-21,2.4819298759917725
2000-09-22,0.0024561404017731546
2000-09-23,0.0005263158003799618
2000-09-24,0.0024561404017731546
2000-09-25,0.0
2000-09-26,0.0
2000-09-27,0.0
2000-09-28,0.061578948644455525
2000-09-29,20.986842540150974
2000-09-30,35.726491968391926
2000-10-01,0.141929827502463
2000-10-02,3.5449123541591696
2000-10-03,0.029649123421404515
2000-10-04,0.5868421174236573
2000-10-05,0.12824561669258402
2000-10-06,0.0
2000-10-07,0.0
2000-10-08,0.05035087823634968
2000-10-09,8.749649304116613
2000-10-10,0.06578947504749523
2000-10-11,0.9594737040926702
2000-10-12,0.0012280702008865775
2000-10-13,2.959824622736778
2000-10-14,0.9456140546826647
2000-10-15,0.09526315986877308
2000-10-16,16.90228105200222
2000-10-17,12.949649391148705
2000-10-18,15.44631610955112
2000-10-19,10.241579159593675
2000-10-20,35.14350950017106
2000-10-21,10.386491443298292
2000-10-22,0.6887719440972433
2000-10-23,0.0
2000-10-24,0.0
2000-10-25,0.0
2000-10-26,0.3185964978300035
2000-10-27,0.4524561497266405
2000-10-28,19.182281099248215
2000-10-29,3.58105270578526
2000-10-30,0.0
2000-10-31,5.597719414241147
2000-11-01,0.0647368434467353
2000-11-02,0.00491228080354631
2000-11-03,0.00491228080354631
2000-11-04,36.65193058406003
2000-11-05,1.3008772199391387
2000-11-06,0.1401754415011965
2000-11-07,0.05210526423761622
2000-11-08,26.133333874866366
2000-11-09,3.4640351595007814
2000-11-10,0.006842105404939503
2000-11-11,0.08315789646003396
2000-11-12,0.0
2000-11-13,0.08894737026421354
2000-11-14,0.011578947608359159
2000-11-15,0.002631579001899809
2000-11-16,0.573859661014285
2000-11-17,0.0
2000-11-18,0.02000000041443855
2000-11-19,0.7326315941289068
2000-11-20,0.34245614744722847
2000-11-21,0.08561403686180713
2000-11-22,0.14754386270651595
2000-11-23,14.197544153849595
2000-11-24,2.1607017991598694
2000-11-25,8.164210695493967
2000-11-26,24.296842608740555
2000-11-27,3.0773684848216365
2000-11-28,0.0005263158003799618
2000-11-29,9.795263360871466
2000-11-30,8.915438781236299
2000-12-01,1.8798246003570966
2000-12-02,14.63298275936395
2000-12-03,0.015614035411272199
2000-12-04,0.13771930109942332
2000-12-05,0.5852631700225175
2000-12-06,0.0010526316007599236
2000-12-07,0.28964912880910565
2000-12-08,0.07368421205319464
2000-12-09,9.38771949277725
2000-12-10,3.534561476751697
2000-12-11,0.0
2000-12-12,0.0
2000-12-13,0.0
2000-12-14,5.061228175053838
2000-12-15,11.6417546272045
2000-12-16,34.83368493234739
2000-12-17,14.865965220332146
2000-12-18,0.9136842294596137
2000-12-19,2.9222807623096743
2000-12-20,0.0894736860645935
2000-12-21,7.226842255017255
2000-12-22,4.40631588078104
2000-12-23,9.753684412641451
2000-12-24,4.939824663766195
2000-12-25,3.152280767075718
2000-12-26,1.1777193226502278
2000-12-27,13.526842385565399
2000-12-28,0.0
2000-12-29,0.24403509277617558
2000-12-30,1.2950877461349593
2000-12-31,5.680000117700547
2001-01-01,0.3321052700397559
2001-01-02,0.33807018244406206
2001-01-03,4.085263242549263
2001-01-04,18.960000392887743
2001-01-05,34.04824631958036
2001-01-06,0.6840351018938235
2001-01-07,0.0
2001-01-08,8.863684394198938
2001-01-09,0.495789483957924
2001-01-10,7.151052779762541
2001-01-11,1.1059649351984264
2001-01-12,0.9703508973005228
2001-01-13,2.6022807556786574
2001-01-14,2.137894781143405
2001-01-15,0.11017544087953866
2001-01-16,0.002982456202153117
2001-01-17,0.45543860592879354
2001-01-18,8.0985966590466
2001-01-19,6.203333461878355
2001-01-20,1.002807038323954
2001-01-21,20.550526741635988
2001-01-22,0.23105263636680323
2001-01-23,0.0
2001-01-24,0.27614035659935326
2001-01-25,1.669298280205112
2001-01-26,2.0526316214818507
2001-01-27,1.4626316092559137
2001-01-28,0.6417543992633
2001-01-29,14.070351168757771
2001-01-30,11.504561641905457
2001-01-31,8.361929997836706
2001-02-01,1.3400000277673827
2001-02-02,22.222281162242872
2001-02-03,4.194035174627789
2001-02-04,19.019123201130427
2001-02-05,10.50193004218163
2001-02-06,0.7535087875439785
2001-02-07,0.0
2001-02-08,2.986315851355903
2001-02-09,1.5573684533243068
2001-02-10,0.2098245657514781
2001-02-11,0.4122807102976367
2001-02-12,0.4471929917228409
2001-02-13,0.09298245806712659
2001-02-14,2.0878947801073084
2001-02-15,4.111754471168388
2001-02-16,12.853333599679175
2001-02-17,1.2294737096875907
2001-02-18,6.821228211524431
2001-02-19,0.4005263240891509
2001-02-20,0.6738596630864777
2001-02-21,0.6529824696714059
2001-02-22,4.558421147090849
2001-02-23,3.9119299056241292
2001-02-24,4.946491330571007
2001-02-25,0.020350877614691853
2001-02-26,0.13473684489727022
2001-02-27,0.03017543922178447
2001-02-28,0.0
2001-03-01,9.694912481599022
2001-03-02,11.371930060209706
2001-03-03,0.7426315943361261
2001-03-04,0.2349122855695896
2001-03-05,1.1280701988143846
2001-03-06,0.20719298674957826
2001-03-07,0.4284210615092888
2001-03-08,12.163333585381043
2001-03-09,5.313333443435841
2001-03-10,1.8047368795028889
2001-03-11,0.8659649302251639
2001-03-12,2.513684262614697
2001-03-13,12.980526584770995
2001-03-14,3.3350877884076913
2001-03-15,5.74228082074551
2001-03-16,3.0884211166296156
2001-03-17,1.4796491534681993
2001-03-18,33.26315858401359
2001-03-19,6.751403648674023
2001-03-20,1.1117544090026057
2001-03-21,0.03561403582571075
2001-03-22,0.0
2001-03-23,0.0
2001-03-24,1.0700000221724622
2001-03-25,14.89298276475165
2001-03-26,4.088421137351543
2001-03-27,16.072982789203525
2001-03-28,8.741052812710404
2001-03-29,4.975789576792159
2001-03-30,1.8549123191391121
2001-03-31,17.50350913463626
2001-04-01,4.253508860070724
2001-04-02,1.4473684510448948
2001-04-03,3.113508836447727
2001-04-04,0.11894737088587136
2001-04-05,12.927719566132874
2001-04-06,16.56350911515765
2001-04-07,1.460000030254014
2001-04-08,0.9226315980660729
2001-04-09,4.709649220400024
2001-04-10,14.08350906376727
2001-04-11,0.12175438848789784
2001-04-12,3.269473751960322
2001-04-13,7.995789639372378
2001-04-14,0.13491228349739687
2001-04-15,0.0
2001-04-16,0.178947372129187
2001-04-17,14.965789783804214
2001-04-18,2.372807066712994
2001-04-19,0.02543859701836482
2001-04-20,2.871754445473198
2001-04-21,3.44315796608571
2001-04-22,2.6817544415360315
2001-04-23,8.703859829483555
2001-04-24,0.004736842203419656
2001-04-25,0.0
2001-04-26,0.0
2001-04-27,1.6815789822139777
2001-04-28,3.676491304254159
2001-04-29,2.782631636608858
2001-04-30,23.717544351122342
2001-05-01,17.783158263238146
2001-05-02,2.8278947954415345
2001-05-03,0.0
2001-05-04,11.118596721626819
2001-05-05,11.398772166029087
2001-05-06,0.26333333879010756
2001-05-07,2.573684263858013
2001-05-08,0.3366666736430489
2001-05-09,0.0
2001-05-10,0.0
2001-05-11,0.0
2001-05-12,0.07122807165142149
2001-05-13,0.38473685007775205
2001-05-14,34.37508843161631
2001-05-15,7.010175583860837
2001-05-16,12.207544112612961
2001-05-17,0.2222807063604705
2001-05-18,0.012807017809245737
2001-05-19,9.134210715594236
2001-05-20,0.01842105301329866
2001-05-21,0.0
2001-05-22,0.0
2001-05-23,0.0
2001-05-24,0.0
2001-05-25,0.0
2001-05-26,0.0
2001-05-27,0.05964912404306233
2001-05-28,5.55035099220695
2001-05-29,2.8898246212862437
2001-05-30,0.06368421184597538
2001-05-31,0.20245614454615865
2001-06-01,3.5270176169462504
2001-06-02,3.475438668509014
2001-06-03,1.7743860016809776
2001-06-04,0.014210526610258966
2001-06-05,4.435965004202444
2001-06-06,4.1984211396309545
2001-06-07,0.0
2001-06-08,1.1935087966616267
2001-06-09,4.027894820307847
2001-06-10,3.021754448581487
2001-06-11,12.996491497382523
2001-06-12,11.553509011340793
2001-06-13,0.008245614205952736
2001-06-14,2.5217544382205235
2001-06-15,1.0028070383239538
2001-06-16,0.021578947815578432
2001-06-17,0.025614035618491474
2001-06-18,0.0
2001-06-19,0.025263158418238167
2001-06-20,0.0
2001-06-21,0.0
2001-06-22,0.0
2001-06-23,0.0
2001-06-24,3.7312281474936757
2001-06-25,3.217017610522453
2001-06-26,0.8970175624475816
2001-06-27,24.458947875257586
2001-06-28,8.129649291269015
2001-06-29,0.0
2001-06-30,0.0
2001-07-01,0.48771930835209787
2001-07-02,0.0
2001-07-03,0.0
2001-07-04,0.0
2001-07-05,0.0
2001-07-06,0.0
2001-07-07,0.0
2001-07-08,0.0
2001-07-09,0.0
2001-07-10,0.0
2001-07-11,0.0
2001-07-12,0.49824562435969716
2001-07-13,0.531754396983888
2001-07-14,0.0
2001-07-15,1.760000036470592
2001-07-16,2.6696491781272926
2001-07-17,1.2680702017154548
2001-07-18,0.37561404287116607
2001-07-19,0.0005263158003799618
2001-07-20,0.03245614102343097
2001-07-21,0.666666680481285
2001-07-22,0.0
2001-07-23,0.04859649223508314
2001-07-24,0.954561423289124
2001-07-25,0.0
2001-07-26,0.0
2001-07-27,0.4687719395384192
2001-07-28,19.72877233864274
2001-07-29,0.41964913150295624
2001-07-30,0.0036842106026597327
2001-07-31,0.0022807018016465013
2001-08-01,0.0764912296552211
2001-08-02,0.22403509236173708
2001-08-03,2.61052636988461
2001-08-04,1.1503509010304698
2001-08-05,0.8552631756174379
2001-08-06,0.7001754531054758
2001-08-07,0.0
2001-08-08,0.0
2001-08-09,0.0
2001-08-10,0.0
2001-08-11,0.0
2001-08-12,0.0
2001-08-13,0.0
2001-08-14,0.0
2001-08-15,0.0
2001-08-16,0.023157895216718318
2001-08-17,0.0
2001-08-18,0.0
2001-08-19,0.0
2001-08-20,0.005964912404306234
2001-08-21,13.005438865988982
2001-08-22,47.48456238748041
2001-08-23,9.099473872769158
2001-08-24,0.776666682760697
2001-08-25,0.0
2001-08-26,0.0
2001-08-27,0.0
2001-08-28,0.0
2001-08-29,0.0
2001-08-30,0.0
2001-08-31,0.050877194036729634
2001-09-01,5.025438700628001
2001-09-02,0.0005263158003799618
2001-09-03,1.0977193209924736
2001-09-04,0.021578947815578432
2001-09-05,0.010877193207852544
2001-09-06,0.0
2001-09-07,0.0
2001-09-08,0.0
2001-09-09,0.0
2001-09-10,0.0
2001-09-11,0.0
2001-09-12,0.0
2001-09-13,0.0
2001-09-14,0.0
2001-09-15,0.0
2001-09-16,0.0
2001-09-17,0.38456141147762535
2001-09-18,0.08245614205952735
2001-09-19,0.05087719403672964
2001-09-20,0.006491228204686196
2001-09-21,3.5387720031547367
2001-09-22,0.0
2001-09-23,0.0
2001-09-24,0.0
2001-09-25,2.0780702185002156
2001-09-26,27.793860225065146
2001-09-27,0.05245614143786952
2001-09-28,0.005964912404306234
2001-09-29,0.0
2001-09-30,0.0
2001-10-01,0.0
2001-10-02,0.0
2001-10-03,0.0
2001-10-04,0.0
2001-10-05,0.0
2001-10-06,0.0
2001-10-07,1.0784210749785417
2001-10-08,3.9549123626551594
2001-10-09,0.4622807113337331
2001-10-10,16.37070209361846
2001-10-11,8.1756142045022
2001-10-12,22.021228526497726
2001-10-13,7.935789638129063
2001-10-14,7.527894892834594
2001-10-15,0.0010526316007599236
2001-10-16,7.66912296593655
2001-10-17,3.3429825254133907
2001-10-18,11.180000231671148
2001-10-19,13.386316066863948
2001-10-20,0.0073684212053194646
2001-10-21,14.74421083184425
2001-10-22,33.45789543015417
2001-10-23,34.355263869802
2001-10-24,20.604035514674617
2001-10-25,17.9849126533838
2001-10-26,10.254210738802794
2001-10-27,14.099298537778669
2001-10-28,0.0
2001-10-29,0.006315789604559542
2001-10-30,15.541930146620144
2001-10-31,38.237369213404605
2001-11-01,6.489122941484675
2001-11-02,2.6101754926843572
2001-11-03,0.0056140352040529255
2001-11-04,7.112982603535055
2001-11-05,1.4505263458471744
2001-11-06,0.0010526316007599236
2001-11-07,0.0
2001-11-08,0.0
2001-11-09,0.0
2001-11-10,0.0
2001-11-11,0.054912281839642675
2001-11-12,5.154912387521472
2001-11-13,36.02368495700648
2001-11-14,78.79438759768381
2001-11-15,31.569825215591123
2001-11-16,7.215087868808769
2001-11-17,0.16228070511715487
2001-11-18,0.0
2001-11-19,21.373684653430246
2001-11-20,17.28280737567693
2001-11-21,15.516842426802032
2001-11-22,20.91017587189563
2001-11-23,10.047017752053216
2001-11-24,0.6349122938583605
2001-11-25,2.6929825119441375
2001-11-26,2.9845614653546364
2001-11-27,1.970000040822197
2001-11-28,24.88894788416801
2001-11-29,24.22947418629192
2001-11-30,10.731228292547165
2001-12-01,44.54386057215743
2001-12-02,15.818245941819622
2001-12-03,4.142631664790679
2001-12-04,11.733684453670868
2001-12-05,3.555438670166768
2001-12-06,33.46736911456101
2001-12-07,1.8849123197607698
2001-12-08,23.725614526728172
2001-12-09,2.5763158428599127
2001-12-10,5.8791229288443
2001-12-11,2.0254386384622194
2001-12-12,15.74035120336339
2001-12-13,50.418071220198186
2001-12-14,24.209123308677228
2001-12-15,17.37456176354317
2001-12-16,70.57210672554794
2001-12-17,8.466140526311937
2001-12-18,10.655263378692325
2001-12-19,5.538596605998464
2001-12-20,2.310000047867652
2001-12-21,0.0
2001-12-22,0.0
2001-12-23,0.0
2001-12-24,0.0
2001-12-25,0.0
2001-12-26,0.0
2001-12-27,0.08807017726358027
2001-12-28,5.979473808116746
2001-12-29,0.0
2001-12-30,0.0
2001-12-31,2.3152632058714513
2002-01-01,3.2122807683190335
2002-01-02,11.676491470029578
2002-01-03,3.4575439312960956
2002-01-04,0.4601754481322132
2002-01-05,4.510877286456526
2002-01-06,44.75631671691081
2002-01-07,88.4252649902366
2002-01-08,33.26456209281459
2002-01-09,0.12771930089220404
2002-01-10,1.3457895015715624
2002-01-11,0.5012280805618503
2002-01-12,28.462807607348076
2002-01-13,1.0408772145514376
2002-01-14,0.09771930027054625
2002-01-15,0.012631579209119084
2002-01-16,0.010701754607725888
2002-01-17,0.21526316235540435
2002-01-18,5.854035209026188
2002-01-19,12.729473947989757
2002-01-20,23.573860137618613
2002-01-21,11.683859891234897
2002-01-22,10.269824774214067
2002-01-23,13.237719572556673
2002-01-24,46.09491323587718
2002-01-25,36.22947443495505
2002-01-26,5.922280824475457
2002-01-27,7.717544019571506
2002-01-28,0.9407017738791184
2002-01-29,2.4131579447421245
2002-01-30,10.11193003410008
2002-01-31,7.909298409509939
2002-02-01,4.352982546342537
2002-02-02,0.4973684313590639
2002-02-03,7.776140512013808
2002-02-04,0.056666667840909214
2002-02-05,3.762280779716093
2002-02-06,22.540877660072873
2002-02-07,11.412982692639343
2002-02-08,10.290351090428885
2002-02-09,0.004385965003166349
2002-02-10,7.248421202832834
2002-02-11,2.147894781350624
2002-02-12,0.1454385995049961
2002-02-13,0.0
2002-02-14,0.0
2002-02-15,0.0
2002-02-16,1.8715789861511438
2002-02-17,4.396140441973694
2002-02-18,4.082982540747617
2002-02-19,15.753158221172635
2002-02-20,0.19087719693779948
2002-02-21,92.59421244504628
2002-02-22,75.47614191488829
2002-02-23,15.090526628494263
2002-02-24,1.6968421404249967
2002-02-25,0.0
2002-02-26,0.09754386167041958
2002-02-27,0.7794737003627235
2002-02-28,0.23175439076730986
2002-03-01,0.0
2002-03-02,0.0
2002-03-03,0.0
2002-03-04,0.8584210704197177
2002-03-05,4.76333343203878
2002-03-06,0.9108772118575872
2002-03-07,6.107017670408823
2002-03-08,6.346315920981578
2002-03-09,2.684736897738185
2002-03-10,14.114386257389562
2002-03-11,63.524738158460245
2002-03-12,18.19368458753452
2002-03-13,13.515614315157292
2002-03-14,8.714386145491154
2002-03-15,8.355087892431767
2002-03-16,10.600701974052937
2002-03-17,0.5112280807690694
2002-03-18,10.347193196869922
2002-03-19,22.76859696303727
2002-03-20,12.278772184264382
2002-03-21,1.7426316150580534
2002-03-22,0.008421052806079389
2002-03-23,0.0
2002-03-24,0.5357894847868011
2002-03-25,0.339649129845202
2002-03-26,5.208245721959975
2002-03-27,10.352631793473847
2002-03-28,9.467719494435006
2002-03-29,5.289649232418742
2002-03-30,2.822105321637355
2002-03-31,5.755614154355135
2002-04-01,7.108947515732144
2002-04-02,0.03701754462672398
2002-04-03,0.0
2002-04-04,0.0
2002-04-05,3.6275439348188234
2002-04-06,17.232631936040708
2002-04-07,3.831579026766122
2002-04-08,0.0
2002-04-09,20.5335091974237
2002-04-10,6.822982597525698
2002-04-11,12.717368684581015
2002-04-12,16.252807354333346
2002-04-13,64.72122941132402
2002-04-14,45.78157989605097
2002-04-15,5.735263276740443
2002-04-16,7.969824726553634
2002-04-17,7.659473842929583
2002-04-18,0.33263158584013586
2002-04-19,0.0
2002-04-20,0.0
2002-04-21,1.8110526691074484
2002-04-22,8.623508950625547
2002-04-23,1.6657895082025789
2002-04-24,0.0
2002-04-25,0.016666667012032125
2002-04-26,2.308596539066639
2002-04-27,1.6403509111842145
2002-04-28,0.0031578948022797705
2002-04-29,0.0
2002-04-30,0.0
2002-05-01,0.0
2002-05-02,2.2207018004031855
2002-05-03,0.24421053137630228
2002-05-04,1.599473717354704
2002-05-05,17.805965281254615
2002-05-06,6.030526440753603
2002-05-07,0.13473684489727022
2002-05-08,0.0
2002-05-09,0.9587719496921636
2002-05-10,0.0
2002-05-11,0.0
2002-05-12,0.0
2002-05-13,6.97280716203386
2002-05-14,6.771228210488335
2002-05-15,0.0
2002-05-16,0.40438597329193726
2002-05-17,9.423158090002836
2002-05-18,0.9159649312612601
2002-05-19,0.4868421153514646
2002-05-20,13.451754664711189
2002-05-21,3.1733333990909163
2002-05-22,3.98526324047707
2002-05-23,1.5838596819434314
2002-05-24,0.03929824642837047
2002-05-25,2.5812281236634593
2002-05-26,0.29017544460948563
2002-05-27,4.2270176314515995
2002-05-28,14.997017854626758
2002-05-29,7.053859795292373
2002-05-30,0.9984210733207874
2002-05-31,0.0
2002-06-01,0.0
2002-06-02,0.0
2002-06-03,0.0
2002-06-04,0.1024561424739659
2002-06-05,7.9742106915568005
2002-06-06,1.0673684431705623
2002-06-07,4.820350977079943
2002-06-08,11.52385988791939
2002-06-09,1.1696491470444017
2002-06-10,0.32175439263228334
2002-06-11,0.349298252852168
2002-06-12,0.03684210602659732
2002-06-13,0.0
2002-06-14,0.0
2002-06-15,0.0042105264030396945
2002-06-16,0.03649122882634402
2002-06-17,7.887544023094232
2002-06-18,19.25122846909799
2002-06-19,0.9380701948772185
2002-06-20,0.22631579416338357
2002-06-21,0.0
2002-06-22,0.0
2002-06-23,0.0
2002-06-24,0.0
2002-06-25,0.0
2002-06-26,0.0
2002-06-27,7.989122972567566
2002-06-28,17.725263525196354
2002-06-29,8.286140522581992
2002-06-30,3.628421127819456
2002-07-01,1.2380702010937967
2002-07-02,0.0
2002-07-03,0.03403508842457086
2002-07-04,0.5994736966327765
2002-07-05,0.0
2002-07-06,0.0
2002-07-07,9.010526502504945
2002-07-08,18.881579338631127
2002-07-09,0.0
2002-07-10,0.0
2002-07-11,0.0
2002-07-12,0.0
2002-07-13,0.06947368565015495
2002-07-14,0.0
2002-07-15,0.0
2002-07-16,0.0
2002-07-17,0.002456140401773155
2002-07-18,0.0
2002-07-19,0.0
2002-07-20,0.0
2002-07-21,0.0
2002-07-22,0.0
2002-07-23,0.0
2002-07-24,0.0
2002-07-25,0.0
2002-07-26,0.003157894802279771
2002-07-27,0.0
2002-07-28,0.7226315939216876
2002-07-29,0.27473684779834007
2002-07-30,0.9875438801129349
2002-07-31,0.0970175458700396
2002-08-01,0.0
2002-08-02,0.0
2002-08-03,0.01385964941000566
2002-08-04,5.318596601439641
2002-08-05,10.56385986802634
2002-08-06,2.1577193429577166
2002-08-07,0.06807017684914171
2002-08-08,0.0
2002-08-09,0.0
2002-08-10,0.0
2002-08-11,0.0
2002-08-12,0.0
2002-08-13,0.0
2002-08-14,0.0
2002-08-15,0.0
2002-08-16,0.0
2002-08-17,0.0
2002-08-18,0.0
2002-08-19,0.0
2002-08-20,0.013333333609625696
2002-08-21,0.0
2002-08-22,0.0
2002-08-23,0.0
2002-08-24,0.021052632015198473
2002-08-25,1.0915789699880407
2002-08-26,0.007894737005699428
2002-08-27,0.4026315872906707
2002-08-28,0.0
2002-08-29,0.0
2002-08-30,0.0
2002-08-31,0.023684211017098278
2002-09-01,0.09140351066598669
2002-09-02,7.640877351316158
2002-09-03,1.9656140758190304
2002-09-04,0.027543860219884666
2002-09-05,0.25070175958098845
2002-09-06,0.31087719942443076
2002-09-07,0.8736842286307364
2002-09-08,3.0115790097741413
2002-09-09,0.016842105612158778
2002-09-10,0.0
2002-09-11,0.0
2002-09-12,0.0
2002-09-13,0.0
2002-09-14,0.0
2002-09-15,0.0
2002-09-16,16.323684548784517
2002-09-17,0.05929824684280902
2002-09-18,0.0
2002-09-19,3.4312281412770975
2002-09-20,0.33982456844532866
2002-09-21,0.0
2002-09-22,0.0
2002-09-23,0.0
2002-09-24,0.0
2002-09-25,0.0
2002-09-26,0.0
2002-09-27,0.0
2002-09-28,0.024035088217351584
2002-09-29,7.642456298717299
2002-09-30,5.350000110862311
2002-10-01,0.03263157962355763
2002-10-02,0.2401754435733892
2002-10-03,13.805263443966398
2002-10-04,1.0763158117770217
2002-10-05,1.2057894986704925
2002-10-06,0.032982456823810936
2002-10-07,0.0
2002-10-08,2.934210587118287
2002-10-09,0.019649123214185236
2002-10-10,1.8978947761701421
2002-10-11,0.016842105612158778
2002-10-12,0.011228070408105851
2002-10-13,0.0
2002-10-14,0.0
2002-10-15,0.0
2002-10-16,0.0
2002-10-17,0.0
2002-10-18,0.0
2002-10-19,0.33140351563924925
2002-10-20,0.01701754421228543
2002-10-21,0.0
2002-10-22,0.0
2002-10-23,0.0
2002-10-24,0.0
2002-10-25,0.0
2002-10-26,0.0
2002-10-27,2.4884211041964592
2002-10-28,3.250000067346264
2002-10-29,0.04438596583204344
2002-10-30,0.0
2002-10-31,0.0
2002-11-01,0.0
2002-11-02,0.0
2002-11-03,0.0
2002-11-04,0.0
2002-11-05,0.08754386146320031
2002-11-06,9.114737030980177
2002-11-07,8.222631749336141
2002-11-08,19.150351274025162
2002-11-09,11.404561639833265
2002-11-10,13.276842380384917
2002-11-11,6.19315802307101
2002-11-12,40.17982539400691
2002-11-13,10.251403721200768
2002-11-14,12.862280968285633
2002-11-15,1.3903509060037322
2002-11-16,30.96666730835568
2002-11-17,11.220526548300406
2002-11-18,22.97701801998774
2002-11-19,32.44561470742338
2002-11-20,0.9175438786624
2002-11-21,0.151052634709049
2002-11-22,0.0
2002-11-23,0.0
2002-11-24,0.0
2002-11-25,0.0
2002-11-26,0.0
2002-11-27,0.0
2002-11-28,0.0
2002-11-29,0.0
2002-11-30,0.0
2002-12-01,0.0
2002-12-02,0.0
2002-12-03,0.005087719403672964
2002-12-04,2.2412281166180037
2002-12-05,0.0026315790018998086
2002-12-06,0.0010526316007599236
2002-12-07,0.0
2002-12-08,0.0
2002-12-09,0.27140351439593363
2002-12-10,23.982281198713466
2002-12-11,21.821930276753847
2002-12-12,22.84789521029452
2002-12-13,12.625438858114649
2002-12-14,35.304737573687454
2002-12-15,16.41719332265202
2002-12-16,27.49017600824591
2002-12-17,7.829473846452311
2002-12-18,3.2963158577797005
2002-12-19,0.009473684406839312
2002-12-20,0.7082456287113017
2002-12-21,0.22649123276351024
2002-12-22,0.012807017809245737
2002-12-23,0.0
2002-12-24,2.824210584838875
2002-12-25,14.302982752525715
2002-12-26,7.217544009210542
2002-12-27,29.981930445844775
2002-12-28,5.259649231797085
2002-12-29,0.8750877374317498
2002-12-30,11.644210767606273
2002-12-31,4.910526417545043
2003-01-01,28.63684269867372
2003-01-02,34.89473756519146
2003-01-03,14.67122837419156
2003-01-04,36.6773691810784
2003-01-05,0.24596491737756881
2003-01-06,0.008245614205952734
2003-01-07,0.0015789474011398854
2003-01-08,0.0
2003-01-09,0.0
2003-01-10,0.0
2003-01-11,5.19070186194731
2003-01-12,27.856491805310363
2003-01-13,4.157894823001698
2003-01-14,6.258596620918252
2003-01-15,0.0
2003-01-16,0.0
2003-01-17,0.0
2003-01-18,0.0010526316007599236
2003-01-19,0.2585964965866879
2003-01-20,0.0
2003-01-21,21.291579388570973
2003-01-22,33.678597189113496
2003-01-23,24.300000503542837
2003-01-24,5.795438716583885
2003-01-25,8.470000175514725
2003-01-26,50.20736946144607
2003-01-27,8.977017729880755
2003-01-28,0.47719299234449863
2003-01-29,22.68052678577369
2003-01-30,27.41579004179221
2003-01-31,25.35824613950681
2003-02-01,3.096842169435695
2003-02-02,5.737193101341837
2003-02-03,3.149122872273438
2003-02-04,0.04929824663558976
2003-02-05,0.0
2003-02-06,0.0
2003-02-07,0.0
2003-02-08,0.0
2003-02-09,0.010350877407472581
2003-02-10,0.0012280702008865775
2003-02-11,0.0
2003-02-12,0.0
2003-02-13,0.7968421217752621
2003-02-14,0.06333333464572206
2003-02-15,3.9857895562774504
2003-02-16,21.631754834216554
2003-02-17,8.860526499396656
2003-02-18,0.46175439553335307
2003-02-19,4.530526409670711
2003-02-20,20.331754807278045
2003-02-21,26.348597037221772
2003-02-22,6.086491354194004
2003-02-23,1.8315789853222668
2003-02-24,0.02543859701836482
2003-02-25,0.0010526316007599236
2003-02-26,0.0
2003-02-27,0.002982456202153117
2003-02-28,2.9307018151157536
2003-03-01,0.13684210809879005
2003-03-02,2.4157895237440243
2003-03-03,0.8377193156047724
2003-03-04,0.20631579374894504
2003-03-05,20.312456561264117
2003-03-06,18.948246006679256
2003-03-07,11.352280936995522
2003-03-08,7.929298409924376
2003-03-09,28.144561986718326
2003-03-10,6.893859791976866
2003-03-11,24.906491744180677
2003-03-12,44.1849131962983
2003-03-13,54.48701867293566
2003-03-14,13.835263444588055
2003-03-15,6.708245753042866
2003-03-16,6.177894864859991
2003-03-17,3.5507018279633487
2003-03-18,0.9550877390895041
2003-03-19,1.2943859917344527
2003-03-20,11.568245853751433
2003-03-21,23.244737323781013
2003-03-22,40.957018392567996
2003-03-23,9.052982643735596
2003-03-24,1.8121053007082084
2003-03-25,4.170000086410437
2003-03-26,12.753158159006855
2003-03-27,2.525438648823183
2003-03-28,0.0
2003-03-29,0.002456140401773155
2003-03-30,13.46912308612373
2003-03-31,11.333684445382097
2003-04-01,4.261754474276677
2003-04-02,2.172982501168735
2003-04-03,11.248245847120415
2003-04-04,2.678245669533499
2003-04-05,4.465789566223975
2003-04-06,4.939122909365688
2003-04-07,1.587193015345838
2003-04-08,7.302982607472223
2003-04-09,8.467894912313206
2003-04-10,1.9805263568297962
2003-04-11,3.5845614777877923
2003-04-12,5.230526424176061
2003-04-13,13.936842394061387
2003-04-14,1.2985965181374923
2003-04-15,2.5031579466070983
2003-04-16,3.473157966707367
2003-04-17,8.528772106557154
2003-04-18,1.618596524768509
2003-04-19,0.49438597515691074
2003-04-20,0.5466666779946536
2003-04-21,1.4956140660797248
2003-04-22,0.33000000683823605
2003-04-23,3.2268421721295457
2003-04-24,28.74579006935237
2003-04-25,2.182807062775828
2003-04-26,0.4010526398895309
2003-04-27,0.42315790350548926
2003-04-28,0.5594736958038993
2003-04-29,0.18350877573248
2003-04-30,0.21368421495426448
2003-05-01,1.0247368633397858
2003-05-02,0.0
2003-05-03,0.25543860178440814
2003-05-04,8.576666844391731
2003-05-05,6.380000132205897
2003-05-06,0.2535087771830149
2003-05-07,0.3105263222241774
2003-05-08,0.0
2003-05-09,0.7519298401428387
2003-05-10,0.6324561534565873
2003-05-11,0.8931579132447951
2003-05-12,0.0
2003-05-13,0.0
2003-05-14,3.1700000656885097
2003-05-15,12.798070440639275
2003-05-16,10.188245825155173
2003-05-17,7.754386125598103
2003-05-18,0.5275438705808483
2003-05-19,0.0
2003-05-20,1.4312280998332425
2003-05-21,1.9047368815750816
2003-05-22,4.7792983446503055
2003-05-23,0.984035108110402
2003-05-24,2.041403551073745
2003-05-25,1.5105263470904906
2003-05-26,1.184210550854914
2003-05-27,0.31228070822544396
2003-05-28,0.0012280702008865775
2003-05-29,0.0
2003-05-30,1.8810526705579833
2003-05-31,0.5412280813907274
2003-06-01,0.10982456367928535
2003-06-02,0.0
2003-06-03,0.0
2003-06-04,0.0
2003-06-05,0.0
2003-06-06,0.0
2003-06-07,0.0
2003-06-08,0.0
2003-06-09,0.0028070176020264627
2003-06-10,4.605087814724539
2003-06-11,0.0
2003-06-12,0.0
2003-06-13,4.090877277753316
2003-06-14,0.48631579955108467
2003-06-15,0.018245614413172007
2003-06-16,0.0
2003-06-17,0.0005263158003799618
2003-06-18,0.10087719507282601
2003-06-19,0.12035087968688458
2003-06-20,3.4850877915159804
2003-06-21,5.84192994561745
2003-06-22,0.7703508931561374
2003-06-23,0.030526316422037784
2003-06-24,0.0
2003-06-25,0.0
2003-06-26,0.0
2003-06-27,0.0
2003-06-28,0.0
2003-06-29,0.8722807198297233
2003-06-30,6.566140486940276
2003-07-01,0.4336842195130885
2003-07-02,0.0
2003-07-03,0.0
2003-07-04,0.0
2003-07-05,0.8312280874000862
2003-07-06,0.0
2003-07-07,0.0
2003-07-08,0.005964912404306234
2003-07-09,0.0
2003-07-10,0.0
2003-07-11,0.0
2003-07-12,2.516140403016471
2003-07-13,0.362456147861667
2003-07-14,0.12017544108675793
2003-07-15,0.0
2003-07-16,0.0
2003-07-17,0.0
2003-07-18,0.0
2003-07-19,0.0
2003-07-20,0.0
2003-07-21,0.0
2003-07-22,0.0
2003-07-23,0.0
2003-07-24,0.6268421182525344
2003-07-25,0.0
2003-07-26,0.0
2003-07-27,0.0
2003-07-28,0.0
2003-07-29,0.0
2003-07-30,0.0
2003-07-31,0.0
2003-08-01,0.0
2003-08-02,0.018947368813678624
2003-08-03,0.0
2003-08-04,0.024035088217351584
2003-08-05,0.27789474260061986
2003-08-06,2.5805263692629525
2003-08-07,0.0
2003-08-08,0.0
2003-08-09,0.1710526351234876
2003-08-10,6.719824700651225
2003-08-11,0.4949122909572907
2003-08-12,0.0
2003-08-13,0.0
2003-08-14,0.0
2003-08-15,0.21157895175274463
2003-08-16,0.33140351563924925
2003-08-17,0.0
2003-08-18,0.0
2003-08-19,0.0
2003-08-20,0.0
2003-08-21,0.0
2003-08-22,0.0
2003-08-23,0.0
2003-08-24,0.016315789811778815
2003-08-25,0.015614035411272199
2003-08-26,0.0
2003-08-27,0.0
2003-08-28,0.0
2003-08-29,0.0
2003-08-30,0.0
2003-08-31,0.0
2003-09-01,0.0
2003-09-02,0.0
2003-09-03,0.0
2003-09-04,0.0
2003-09-05,0.0
2003-09-06,0.6429824694641866
2003-09-07,5.017193086422049
2003-09-08,4.462456232821569
2003-09-09,0.5587719414033927
2003-09-10,5.386666778288781
2003-09-11,2.005438638047781
2003-09-12,0.16894737192196774
2003-09-13,0.0040350878029130404
2003-09-14,1.9849123218329625
2003-09-15,1.5510526637197473
2003-09-16,18.011053004802672
2003-09-17,2.4501754893688488
2003-09-18,11.64228094300488
2003-09-19,6.225087848294061
2003-09-20,0.6298245744546875
2003-09-21,0.0
2003-09-22,0.0010526316007599236
2003-09-23,0.0
2003-09-24,0.0
2003-09-25,0.0
2003-09-26,0.0
2003-09-27,0.0
2003-09-28,0.0
2003-09-29,0.211403513152618
2003-09-30,0.12543859909055755
2003-10-01,0.006315789604559542
2003-10-02,0.0010526316007599236
2003-10-03,0.0015789474011398854
2003-10-04,0.0
2003-10-05,0.0010526316007599236
2003-10-06,4.08543868114939
2003-10-07,19.38017584019108
2003-10-08,15.350526633881966
2003-10-09,8.188947538111826
2003-10-10,3.324035156599712
2003-10-11,6.9917545308475395
2003-10-12,42.63228158517741
2003-10-13,5.124561509699561
2003-10-14,0.3878947448800318
2003-10-15,7.517368576826994
2003-10-16,70.84947515234816
2003-10-17,52.80824670832372
2003-10-18,0.07754386125598103
2003-10-19,13.294210801797453
2003-10-20,146.40035391089043
2003-10-21,27.25473740687594
2003-10-22,13.046316059818494
2003-10-23,7.627193140506279
2003-10-24,0.11649123048409821
2003-10-25,0.006315789604559542
2003-10-26,0.0
2003-10-27,0.49701755415881055
2003-10-28,30.815439235046508
2003-10-29,4.370877283555456
2003-10-30,0.3835087798768655
2003-10-31,0.0010526316007599236
2003-11-01,0.0015789474011398854
2003-11-02,0.3426315860473551
2003-11-03,0.0021052632015198473
2003-11-04,0.0
2003-11-05,0.0
2003-11-06,0.0
2003-11-07,0.0010526316007599236
2003-11-08,0.07614035245496781
2003-11-09,0.003508772002533079
2003-11-10,36.45526391331805
2003-11-11,20.954912714927925
2003-11-12,0.19105263553792612
2003-11-13,0.0022807018016465013
2003-11-14,0.002456140401773155
2003-11-15,5.962631702504588
2003-11-16,36.49228145794478
2003-11-17,34.19017614708282
2003-11-18,93.88105457697529
2003-11-19,47.62386063598097
2003-11-20,3.58105270578526
2003-11-21,1.754386001266539
2003-11-22,3.7601755165145736
2003-11-23,15.906316119083204
2003-11-24,10.00596511962358
2003-11-25,26.84386020537932
2003-11-26,11.811228314926847
2003-11-27,1.4773684516665528
2003-11-28,71.30736989867873
2003-11-29,4.4307018461986445
2003-11-30,0.2710526371956803
2003-12-01,0.5708772048121318
2003-12-02,12.510877452231945
2003-12-03,3.0814035726245494
2003-12-04,7.404912434145809
2003-12-05,20.015439011249693
2003-12-06,19.477895140461627
2003-12-07,3.1305263806600125
2003-12-08,1.7915789844933898
2003-12-09,0.7585965069476515
2003-12-10,2.2415789938182575
2003-12-11,3.341579016612377
2003-12-12,13.702631862892304
2003-12-13,22.193860109022353
2003-12-14,12.710877456376329
2003-12-15,1.939649163000286
2003-12-16,27.955965491582177
2003-12-17,1.2001754634664392
2003-12-18,0.0
2003-12-19,1.5666666991310194
2003-12-20,9.345087912946475
2003-12-21,0.8503508948138916
2003-12-22,0.0
2003-12-23,1.5626316113281065
2003-12-24,9.922807223163545
2003-12-25,4.152982542198151
2003-12-26,0.9480701950844378
2003-12-27,16.385965251829475
2003-12-28,8.38684227905469
2003-12-29,0.5045614139642567
2003-12-30,0.6089473810396158
2003-12-31,7.0384211984812275
2004-01-01,0.6563158030738123
2004-01-02,0.5764912400161848
2004-01-03,2.635438651102595
2004-01-04,0.39578948188573126
2004-01-05,0.5561403624014929
2004-01-06,9.841403712704778
2004-01-07,28.321053218445744
2004-01-08,14.760702060256154
2004-01-09,7.404386118345428
2004-01-10,7.797368582629133
2004-01-11,0.018070175813045354
2004-01-12,3.61929832061287
2004-01-13,4.155614121200052
2004-01-14,12.07438621511683
2004-01-15,15.21193013978191
2004-01-16,0.0
2004-01-17,0.4833333433489315
2004-01-18,5.642807134473697
2004-01-19,1.2803509037243204
2004-01-20,0.006491228204686195
2004-01-21,0.0
2004-01-22,2.0719298674957827
2004-01-23,18.87473723322619
2004-01-24,10.44368442693958
2004-01-25,2.5917544396710586
2004-01-26,21.268947809154632
2004-01-27,5.539473798999098
2004-01-28,31.649123462848365
2004-01-29,50.91719403755852
2004-01-30,36.221053382148966
2004-01-31,9.570000198308845
2004-02-01,2.1429825005470775
2004-02-02,4.136140436585993
2004-02-03,1.7535088082659058
2004-02-04,4.773684309446253
2004-02-05,0.1754386001266539
2004-02-06,6.046666791965254
2004-02-07,4.293859738099854
2004-02-08,0.7035087865078822
2004-02-09,0.0
2004-02-10,0.0
2004-02-11,0.0
2004-02-12,0.0
2004-02-13,0.0057894738041795795
2004-02-14,5.702982574317139
2004-02-15,7.918421216716524
2004-02-16,12.086316039925443
2004-02-17,5.929122929880396
2004-02-18,9.390701948979405
2004-02-19,2.717193038761616
2004-02-20,0.8970175624475815
2004-02-21,0.053684211638756106
2004-02-22,0.0
2004-02-23,1.0819298469810747
2004-02-24,5.1743860721355315
2004-02-25,4.63228079774417
2004-02-26,1.784386001888197
2004-02-27,3.814736921153963
2004-02-28,3.038070238393266
2004-02-29,1.1817544104531408
2004-03-01,0.07929824725724757
2004-03-02,0.4431579039199278
2004-03-03,12.593333594291472
2004-03-04,17.803333702252715
2004-03-05,23.340175922249912
2004-03-06,5.741052750544623
2004-03-07,35.1747375709936
2004-03-08,3.6438597246306017
2004-03-09,5.2052632657578215
2004-03-10,0.09578947566915305
2004-03-11,0.0
2004-03-12,1.3356140627642161
2004-03-13,0.0
2004-03-14,3.9445614852476867
2004-03-15,1.1184210758074187
2004-03-16,2.177368466171902
2004-03-17,5.109649228688796
2004-03-18,16.660351222427565
2004-03-19,4.850526416301728
2004-03-20,0.0042105264030396945
2004-03-21,0.0
2004-03-22,0.0010526316007599236
2004-03-23,1.5089473996893503
2004-03-24,14.941579256986735
2004-03-25,9.746315991436132
2004-03-26,11.081579177000096
2004-03-27,11.152280932851136
2004-03-28,0.16122807351639495
2004-03-29,0.0021052632015198473
2004-03-30,5.49000011376338
2004-03-31,0.21596491675591095
2004-04-01,0.0
2004-04-02,0.0
2004-04-03,0.0
2004-04-04,0.0
2004-04-05,0.0
2004-04-06,0.08824561586370694
2004-04-07,0.0970175458700396
2004-04-08,0.0
2004-04-09,0.0
2004-04-10,0.0017543860012665393
2004-04-11,0.015263158211018894
2004-04-12,0.014736842410638929
2004-04-13,1.7649123172741386
2004-04-14,8.861754569597542
2004-04-15,2.6273684754967697
2004-04-16,2.6303509316989224
2004-04-17,2.688245669740718
2004-04-18,0.27684211099985984
2004-04-19,1.2012280950671994
2004-04-20,6.7087720688432455
2004-04-21,1.1784210770507344
2004-04-22,0.0
2004-04-23,4.922456242353656
2004-04-24,0.03210526382317767
2004-04-25,0.0
2004-04-26,0.0
2004-04-27,6.089824687596411
2004-04-28,0.025263158418238167
2004-04-29,0.0
2004-04-30,0.0
2004-05-01,0.0
2004-05-02,0.0
2004-05-03,0.07017544005066156
2004-05-04,7.998421218374279
2004-05-05,1.33175441356143
2004-05-06,0.02175438641570509
2004-05-07,4.901403610338457
2004-05-08,3.7292983228922822
2004-05-09,1.6933333684224636
2004-05-10,1.2301754640880973
2004-05-11,3.603333408001345
2004-05-12,2.6229825104936024
2004-05-13,0.09035087906522676
2004-05-14,0.09947368627181279
2004-05-15,0.3849122886778787
2004-05-16,0.983508792310022
2004-05-17,3.1640351532842037
2004-05-18,0.7328070327290335
2004-05-19,0.2845614094054327
2004-05-20,0.660000013676472
2004-05-21,2.6836842661374254
2004-05-22,13.40035115487408
2004-05-23,3.2936842787778007
2004-05-24,0.015614035411272199
2004-05-25,8.178596660704352
2004-05-26,17.263860006863254
2004-05-27,22.2171934428392
2004-05-28,8.695965092477854
2004-05-29,4.744386063225102
2004-05-30,16.28298279355513
2004-05-31,0.9470175634836778
2004-06-01,0.22333333796123045
2004-06-02,0.05578947484027595
2004-06-03,0.0
2004-06-04,0.01596491261152551
2004-06-05,10.044561611651442
2004-06-06,8.695789653877728
2004-06-07,1.9877193394349888
2004-06-08,2.06052635848755
2004-06-09,3.4682456859038213
2004-06-10,8.500526491936762
2004-06-11,1.3721052915905605
2004-06-12,2.8670176032697783
2004-06-13,13.993859939102549
2004-06-14,3.8538597289822065
2004-06-15,0.0
2004-06-16,0.0
2004-06-17,0.0005263158003799618
2004-06-18,0.0022807018016465013
2004-06-19,0.008245614205952736
2004-06-20,0.0
2004-06-21,0.0010526316007599236
2004-06-22,0.0
2004-06-23,0.0005263158003799618
2004-06-24,1.0938596717896871
2004-06-25,0.5503508885973134
2004-06-26,1.429122836631723
2004-06-27,1.8443860031315127
2004-06-28,0.0022807018016465013
2004-06-29,0.03000000062165782
2004-06-30,0.7266666817246005
2004-07-01,0.0
2004-07-02,0.0
2004-07-03,0.45789474633056676
2004-07-04,0.0754385980544612
2004-07-05,0.0
2004-07-06,5.734561522339937
2004-07-07,2.677543915132992
2004-07-08,0.1278947394923307
2004-07-09,0.2996491290163249
2004-07-10,4.238070263259578
2004-07-11,0.7647368579520843
2004-07-12,0.0
2004-07-13,0.0
2004-07-14,0.0005263158003799618
2004-07-15,0.0
2004-07-16,0.0
2004-07-17,0.0005263158003799618
2004-07-18,0.9587719496921636
2004-07-19,2.654912335716654
2004-07-20,0.03280701822368429
2004-07-21,0.0
2004-07-22,0.0
2004-07-23,0.0
2004-07-24,0.0
2004-07-25,0.0
2004-07-26,0.0
2004-07-27,0.0
2004-07-28,0.0
2004-07-29,0.0
2004-07-30,0.0
2004-07-31,0.0
2004-08-01,0.0
2004-08-02,0.0005263158003799618
2004-08-03,0.4294736931100488
2004-08-04,2.0922807451104743
2004-08-05,2.0733333762967963
2004-08-06,16.8817547357874
2004-08-07,5.350526426662691
2004-08-08,0.2719298301963136
2004-08-09,0.0
2004-08-10,0.0
2004-08-11,0.0
2004-08-12,0.0
2004-08-13,0.0
2004-08-14,0.4315789563115686
2004-08-15,0.1222807042882778
2004-08-16,0.05280701863812283
2004-08-17,0.0
2004-08-18,0.0015789474011398854
2004-08-19,0.0
2004-08-20,0.0
2004-08-21,9.536666864284781
2004-08-22,18.189649499731605
2004-08-23,0.9954386171186344
2004-08-24,33.079649808281104
2004-08-25,35.78824635563652
2004-08-26,6.379824693605769
2004-08-27,0.6363158026593737
2004-08-28,5.684035205503461
2004-08-29,2.021052673459053
2004-08-30,0.0
2004-08-31,0.3375438666436821
2004-09-01,9.682456340990031
2004-09-02,5.807543979992625
2004-09-03,0.31964912943076346
2004-09-04,0.43596492131473497
2004-09-05,1.0391228285501712
2004-09-06,0.0
2004-09-07,0.0021052632015198473
2004-09-08,9.53035107468022
2004-09-09,7.676842264342122
2004-09-10,8.406140525068622
2004-09-11,29.849825179949406
2004-09-12,2.5570175968459807
2004-09-13,18.568596876005177
2004-09-14,14.906491536961404
2004-09-15,29.05894797057845
2004-09-16,18.543509156187067
2004-09-17,23.08543907486601
2004-09-18,13.593509053613527
2004-09-19,1.6978947720257564
2004-09-20,0.42052632450358945
2004-09-21,0.4901754487538711
2004-09-22,2.9801755003514705
2004-09-23,2.2991228546597995
2004-09-24,0.11771930068498479
2004-09-25,0.0026315790018998086
2004-09-26,0.0
2004-09-27,0.0036842106026597323
2004-09-28,0.0
2004-09-29,0.0015789474011398854
2004-09-30,0.0
2004-10-01,0.0
2004-10-02,0.0
2004-10-03,0.0
2004-10-04,0.0
2004-10-05,4.615263253531884
2004-10-06,3.3292983146035118
2004-10-07,0.821228087192867
2004-10-08,25.780175972811413
2004-10-09,14.530175739689732
2004-10-10,1.4705263462616132
2004-10-11,0.0
2004-10-12,0.0
2004-10-13,0.0
2004-10-14,0.0
2004-10-15,3.783157973131165
2004-10-16,10.277368634019513
2004-10-17,16.720526662271006
2004-10-18,9.422105458402076
2004-10-19,5.358596602268518
2004-10-20,2.4942105780006387
2004-10-21,1.7128070530365223
2004-10-22,10.82017566281138
2004-10-23,8.366666840040125
2004-10-24,4.401403599977494
2004-10-25,0.04754386063432321
2004-10-26,0.06228070304496215
2004-10-27,0.011754386208485814
2004-10-28,0.7575438753468916
2004-10-29,5.59964923884254
2004-10-30,26.990702313685325
2004-10-31,6.668421190814115
2004-11-01,34.495439311303194
2004-11-02,48.906141364306684
2004-11-03,1.4292982752318495
2004-11-04,0.011578947608359159
2004-11-05,0.10122807227307931
2004-11-06,15.153684524539859
2004-11-07,4.720701852208004
2004-11-08,0.059824562643188986
2004-11-09,0.0012280702008865775
2004-11-10,0.0
2004-11-11,0.0
2004-11-12,0.011052631807979198
2004-11-13,1.33070178196067
2004-11-14,6.406315922224895
2004-11-15,17.678421418962536
2004-11-16,6.246842234709766
2004-11-17,2.775438654003665
2004-11-18,28.912983055273074
2004-11-19,3.891579028009437
2004-11-20,0.12035087968688458
2004-11-21,1.1880702000577004
2004-11-22,7.336842257296667
2004-11-23,9.791228273068555
2004-11-24,68.8887733573327
2004-11-25,17.363158254534937
2004-11-26,3.771929902723059
2004-11-27,7.2828071684576585
2004-11-28,0.0012280702008865775
2004-11-29,8.565263335383497
2004-11-30,4.022105346503668
2004-12-01,0.8666666846256703
2004-12-02,0.00894736860645935
2004-12-03,1.988596532435622
2004-12-04,15.499474005389494
2004-12-05,11.507544098107608
2004-12-06,2.300877240661066
2004-12-07,13.700175722490531
2004-12-08,34.10719368922292
2004-12-09,17.916140722134152
2004-12-10,77.16754545870936
2004-12-11,15.183859963761645
2004-12-12,0.0021052632015198473
2004-12-13,11.319298480171712
2004-12-14,19.899649535166102
2004-12-15,1.823508809716441
2004-12-16,0.30824562042253095
2004-12-17,0.3107017608243041
2004-12-18,1.198947393265553
2004-12-19,8.93789492205251
2004-12-20,1.7743860016809778
2004-12-21,4.085789558349643
2004-12-22,0.756315805146005
2004-12-23,0.06491228204686195
2004-12-24,0.6635087856790052
2004-12-25,21.350351319613402
2004-12-26,3.7196491998853163
2004-12-27,0.45105264092562725
2004-12-28,0.007192982605192811
2004-12-29,7.885965075693094
2004-12-30,3.0329825189895927
2004-12-31,2.2307018006104045
2005-01-01,2.770350934599992
2005-01-02,0.007017544005066157
2005-01-03,0.0
2005-01-04,0.002982456202153117
2005-01-05,0.0
2005-01-06,2.775964969804045
2005-01-07,13.511052911554
2005-01-08,6.562456276337617
2005-01-09,1.3029824831406587
2005-01-10,0.0005263158003799618
2005-01-11,3.7166667436831635
2005-01-12,14.889649431349245
2005-01-13,0.6180701882462019
2005-01-14,0.0036842106026597323
2005-01-15,4.4538597414153624
2005-01-16,12.683158157556317
2005-01-17,81.04894904791146
2005-01-18,37.9108779785689
2005-01-19,11.938772177218926
2005-01-20,12.418947625765579
2005-01-21,0.5547368536004798
2005-01-22,31.48964977533324
2005-01-23,4.396140441973694
2005-01-24,1.049298267357517
2005-01-25,0.01701754421228543
2005-01-26,2.4324561907560565
2005-01-27,3.1931579609052276
2005-01-28,1.1308772164164114
2005-01-29,1.844210564531386
2005-01-30,1.8992982849711553
2005-01-31,8.426315964083187
2005-02-01,1.2107017794740387
2005-02-02,0.573333345213905
2005-02-03,0.2819298304035328
2005-02-04,25.518421581422444
2005-02-05,4.903508873539977
2005-02-06,2.154561448155437
2005-02-07,2.1405263601453046
2005-02-08,0.0
2005-02-09,0.13298245889600369
2005-02-10,0.004561403603293003
2005-02-11,0.0
2005-02-12,9.471930020838045
2005-02-13,7.438596645370126
2005-02-14,2.7152632141602226
2005-02-15,0.040701755229383706
2005-02-16,0.19771930234273896
2005-02-17,0.0
2005-02-18,0.0
2005-02-19,0.0
2005-02-20,0.0010526316007599236
2005-02-21,0.0
2005-02-22,0.0
2005-02-23,0.0
2005-02-24,0.45894737793132667
2005-02-25,0.0
2005-02-26,0.0
2005-02-27,0.0012280702008865775
2005-02-28,4.127017629379407
2005-03-01,5.72543871513335
2005-03-02,0.4784210625453852
2005-03-03,0.0
2005-03-04,0.0
2005-03-05,0.008421052806079389
2005-03-06,0.03649122882634402
2005-03-07,2.028947410464753
2005-03-08,0.05192982563748957
2005-03-09,2.1912281155819073
2005-03-10,0.027368421619758013
2005-03-11,0.010000000207219275
2005-03-12,0.0
2005-03-13,0.0
2005-03-14,0.0
2005-03-15,0.002456140401773155
2005-03-16,23.170000480127054
2005-03-17,1.83614038892556
2005-03-18,2.8414035676512865
2005-03-19,12.597719559294639
2005-03-20,25.60157947788248
2005-03-21,2.3001754862605597
2005-03-22,0.008421052806079389
2005-03-23,0.0
2005-03-24,0.20736842534970495
2005-03-25,0.2877193042077124
2005-03-26,43.53245704242727
2005-03-27,22.785263630049304
2005-03-28,8.613508950418328
2005-03-29,15.6963161147316
2005-03-30,9.17649141822476
2005-03-31,8.658070354850498
2005-04-01,25.575439126463607
2005-04-02,1.859473722742405
2005-04-03,8.111403676855844
2005-04-04,3.419824632268865
2005-04-05,0.7008772075059824
2005-04-06,0.8949122992460616
2005-04-07,10.363333548081574
2005-04-08,0.8671930004260503
2005-04-09,1.3577193263801748
2005-04-10,0.9792982659069822
2005-04-11,19.78122848008061
2005-04-12,4.708070272998885
2005-04-13,3.322456209198572
2005-04-14,2.70912286315579
2005-04-15,10.493859866575804
2005-04-16,33.573509467637635
2005-04-17,2.1491228515515104
2005-04-18,0.3126315854256973
2005-04-19,0.0
2005-04-20,0.0
2005-04-21,0.0
2005-04-22,0.0
2005-04-23,2.1485965357511305
2005-04-24,1.6201754721696489
2005-04-25,0.073508773453068
2005-04-26,0.3940350958844647
2005-04-27,0.12438596748979763
2005-04-28,0.17947368792956697
2005-04-29,0.7052631725091487
2005-04-30,0.41368421909864994
2005-05-01,0.20280702174641196
2005-05-02,1.4270175734302029
2005-05-03,0.19456140754045917
2005-05-04,1.4884210834745317
2005-05-05,0.8694737022276968
2005-05-06,0.017543860012665394
2005-05-07,0.010000000207219275
2005-05-08,1.224736867484171
2005-05-09,8.201403678720817
2005-05-10,9.31333352632355
2005-05-11,0.9507017740863376
2005-05-12,0.0
2005-05-13,0.3312280770391226
2005-05-14,2.4503509279689752
2005-05-15,15.75035120357061
2005-05-16,6.69122820883058
2005-05-17,1.6301754723768682
2005-05-18,16.07385998220416
2005-05-19,12.42561429257039
2005-05-20,6.024912405549549
2005-05-21,6.274210656329524
2005-05-22,6.204035216278863
2005-05-23,0.930701773671899
2005-05-24,0.011403509008232506
2005-05-25,0.0017543860012665393
2005-05-26,0.0
2005-05-27,0.0
2005-05-28,0.0
2005-05-29,0.6987719443044624
2005-05-30,0.563684222206939
2005-05-31,7.673333492339589
2005-06-01,3.590877267392352
2005-06-02,1.4389473982388155
2005-06-03,0.2800000058021397
2005-06-04,0.15491228391183542
2005-06-05,11.405087955633643
2005-06-06,3.4501755100907756
2005-06-07,5.242105371784419
2005-06-08,5.187543967145029
2005-06-09,0.005964912404306234
2005-06-10,0.25543860178440814
2005-06-11,3.751052709307988
2005-06-12,4.107719383365475
2005-06-13,2.877193042077124
2005-06-14,0.2780701812007465
2005-06-15,0.0868421070626937
2005-06-16,1.720000035641715
2005-06-17,9.820000203489325
2005-06-18,2.995964974362869
2005-06-19,0.07894737005699426
2005-06-20,0.0017543860012665393
2005-06-21,4.410701845784207
2005-06-22,5.589298361435066
2005-06-23,0.1717543895239942
2005-06-24,0.06824561544926838
2005-06-25,0.04368421143153683
2005-06-26,2.953333394532092
2005-06-27,8.334561576216949
2005-06-28,1.0005263365223074
2005-06-29,0.007368421205319465
2005-06-30,0.0017543860012665393
2005-07-01,0.0056140352040529255
2005-07-02,1.513333364692517
2005-07-03,0.1877193021355197
2005-07-04,0.022280702216085045
2005-07-05,2.092982499510981
2005-07-06,10.704737063928043
2005-07-07,0.13245614309562373
2005-07-08,25.967895274946933
2005-07-09,2.8640351470676255
2005-07-10,0.3526315862545744
2005-07-11,2.3143860128708185
2005-07-12,0.26263158438960094
2005-07-13,0.016140351211652162
2005-07-14,0.013684210809879005
2005-07-15,5.8194738048012375
2005-07-16,4.175263244414237
2005-07-17,0.17491228432627398
2005-07-18,0.02929824622115121
2005-07-19,0.0005263158003799618
2005-07-20,0.0
2005-07-21,0.0
2005-07-22,4.452807109814603
2005-07-23,0.0
2005-07-24,0.0
2005-07-25,0.0
2005-07-26,0.0
2005-07-27,0.0
2005-07-28,0.0
2005-07-29,0.002982456202153117
2005-07-30,0.0
2005-07-31,0.0
2005-08-01,0.22473684676224367
2005-08-02,0.004385965003166348
2005-08-03,0.0
2005-08-04,0.0
2005-08-05,0.0
2005-08-06,0.0
2005-08-07,0.0
2005-08-08,0.0
2005-08-09,0.0
2005-08-10,0.0
2005-08-11,0.5952631702297367
2005-08-12,0.4529824655270204
2005-08-13,0.0
2005-08-14,0.0
2005-08-15,0.0
2005-08-16,0.03596491302596406
2005-08-17,16.834386313753203
2005-08-18,0.016140351211652162
2005-08-19,0.0
2005-08-20,0.0
2005-08-21,0.02929824622115121
2005-08-22,0.0
2005-08-23,0.011578947608359157
2005-08-24,0.0
2005-08-25,0.0
2005-08-26,0.0
2005-08-27,0.0
2005-08-28,3.3287719988031315
2005-08-29,6.525438731710893
2005-08-30,1.4236842400277965
2005-08-31,0.2824561462039128
2005-09-01,0.0
2005-09-02,0.0
2005-09-03,0.0
2005-09-04,2.4163158395444047
2005-09-05,0.02684210581937805
2005-09-06,0.0
2005-09-07,0.0
2005-09-08,0.0
2005-09-09,7.159824709768873
2005-09-10,4.346842195338104
2005-09-11,0.5357894847868011
2005-09-12,0.03315789542393759
2005-09-13,0.0
2005-09-14,0.0015789474011398852
2005-09-15,0.03315789542393759
2005-09-16,2.8692983050714247
2005-09-17,0.8175438765902073
2005-09-18,0.18912281093653294
2005-09-19,0.0
2005-09-20,0.0
2005-09-21,0.0
2005-09-22,0.0
2005-09-23,0.0
2005-09-24,0.0
2005-09-25,0.0
2005-09-26,0.0
2005-09-27,0.0
2005-09-28,0.24263158397516238
2005-09-29,84.24017718421528
2005-09-30,9.657894936972298
2005-10-01,8.512456316745375
2005-10-02,5.997719422529918
2005-10-03,2.3552632067003287
2005-10-04,0.03192982522305101
2005-10-05,0.004736842203419656
2005-10-06,15.780702081392521
2005-10-07,14.220000294665805
2005-10-08,1.8373684591264463
2005-10-09,0.17491228432627395
2005-10-10,5.27614046020899
2005-10-11,0.30666667302139106
2005-10-12,6.1321053902269345
2005-10-13,4.806666766270064
2005-10-14,2.449649173568469
2005-10-15,7.299824712669944
2005-10-16,10.842982680827845
2005-10-17,21.650877641630363
2005-10-18,0.6219298374489881
2005-10-19,19.061754780961202
2005-10-20,1.6478947709896605
2005-10-21,0.0035087720025330786
2005-10-22,0.0005263158003799618
2005-10-23,6.952631723019294
2005-10-24,0.19543860054109247
2005-10-25,6.358947500190698
2005-10-26,3.8766667469986715
2005-10-27,0.28280702340416614
2005-10-28,9.993508979014585
2005-10-29,9.904561608750374
2005-10-30,4.993508875404951
2005-10-31,37.37017621297855
2005-11-01,26.774737396929417
2005-11-02,6.299122937547509
2005-11-03,23.916140846465716
2005-11-04,22.142456599185245
2005-11-05,21.509123252728028
2005-11-06,10.832105487619993
2005-11-07,8.824561586370692
2005-11-08,7.256666817038786
2005-11-09,1.8147368797101082
2005-11-10,13.398421330272686
2005-11-11,14.391579245589673
2005-11-12,3.202280768111814
2005-11-13,23.401403993694114
2005-11-14,2.112280745524913
2005-11-15,2.141403553145938
2005-11-16,3.11912287165178
2005-11-17,0.08105263325851411
2005-11-18,0.0
2005-11-19,0.0
2005-11-20,0.0
2005-11-21,0.0
2005-11-22,0.0
2005-11-23,0.009298245806712657
2005-11-24,0.885087737638969
2005-11-25,21.051930260797963
2005-11-26,5.305087829229888
2005-11-27,1.6154386299662291
2005-11-28,1.8480702137341725
2005-11-29,15.82157927522203
2005-11-30,3.022982518782374
2005-12-01,5.376666778081562
2005-12-02,3.3763158594374554
2005-12-03,0.9022807204513811
2005-12-04,3.084386028826702
2005-12-05,2.4903509287978522
2005-12-06,0.2371929873712361
2005-12-07,0.36000000745989386
2005-12-08,0.004736842203419656
2005-12-09,0.0
2005-12-10,0.0
2005-12-11,0.0
2005-12-12,0.7936842269729822
2005-12-13,0.06122807144420222
2005-12-14,0.0
2005-12-15,0.0
2005-12-16,0.0
2005-12-17,0.0
2005-12-18,0.0017543860012665393
2005-12-19,4.226842192851473
2005-12-20,24.476140858069996
2005-12-21,16.329649461188822
2005-12-22,32.82771997849923
2005-12-23,22.89070222872542
2005-12-24,32.88157962873811
2005-12-25,26.629474236024546
2005-12-26,12.998947637784294
2005-12-27,17.133509126969148
2005-12-28,19.472281105257572
2005-12-29,5.030701858631801
2005-12-30,16.4440354284714
2005-12-31,18.194035464734775
2006-01-01,8.91333351803478
2006-01-02,7.585965069476516
2006-01-03,8.590701932401862
2006-01-04,3.8914035894093106
2006-01-05,33.970877896924506
2006-01-06,19.461930227850097
2006-01-07,19.71771970683476
2006-01-08,2.7340351443737747
2006-01-09,52.774562497099396
2006-01-10,47.70298344463809
2006-01-11,33.93350947509754
2006-01-12,26.153860191081186
2006-01-13,30.489649754611307
2006-01-14,5.631929941265844
2006-01-15,3.148947433673311
2006-01-16,37.09456217217958
2006-01-17,12.069298495713157
2006-01-18,1.0521052849595436
2006-01-19,5.908070297865198
2006-01-20,22.154561862593987
2006-01-21,1.4278947664308363
2006-01-22,4.285438685293775
2006-01-23,1.7954386336961763
2006-01-24,0.17701754752779378
2006-01-25,4.775438695447519
2006-01-26,12.985789742774797
2006-01-27,5.247719406988472
2006-01-28,26.350000546022784
2006-01-29,32.93245682277484
2006-01-30,56.13438712812495
2006-01-31,17.498947731032967
2006-02-01,25.766491762001536
2006-02-02,19.778421462478583
2006-02-03,10.83228092622012
2006-02-04,29.781053248699756
2006-02-05,1.4110526608186773
2006-02-06,0.0017543860012665393
2006-02-07,0.3012280764174648
2006-02-08,3.300701822782867
2006-02-09,0.0026315790018998086
2006-02-10,0.0
2006-02-11,0.0
2006-02-12,0.05421052743913606
2006-02-13,4.761754484637641
2006-02-14,1.035263179347385
2006-02-15,0.0010526316007599236
2006-02-16,0.0
2006-02-17,0.0015789474011398854
2006-02-18,0.0
2006-02-19,0.0
2006-02-20,0.0
2006-02-21,2.3926316285273064
2006-02-22,19.065088114363608
2006-02-23,45.51684304845985
2006-02-24,1.080350899579935
2006-02-25,3.9154386776266623
2006-02-26,7.995614200772252
2006-02-27,15.838245942234062
2006-02-28,14.099649414978922
2006-03-01,0.45929825513157996
2006-03-02,12.976666935568211
2006-03-03,0.37017544626723975
2006-03-04,2.1024561839178206
2006-03-05,3.830701833765488
2006-03-06,6.096842231601477
2006-03-07,9.0029826426995
2006-03-08,36.2614042601781
2006-03-09,11.115789704024792
2006-03-10,1.310350904345978
2006-03-11,0.0042105264030396945
2006-03-12,0.004561403603293002
2006-03-13,0.4622807113337331
2006-03-14,1.9510526720085182
2006-03-15,2.1077193419216202
2006-03-16,7.774035248812289
2006-03-17,4.170526402210816
2006-03-18,2.483508823392913
2006-03-19,0.2550877245841548
2006-03-20,0.003157894802279771
2006-03-21,1.0687719519715757
2006-03-22,3.515438669337891
2006-03-23,0.7998245779774151
2006-03-24,7.637193140713498
2006-03-25,1.857368459540885
2006-03-26,1.9866667078342288
2006-03-27,0.032105263823177674
2006-03-28,5.923684333276469
2006-03-29,0.9194737032637933
2006-03-30,1.2256140604848043
2006-03-31,5.1596492297248915
2006-04-01,16.922631929616912
2006-04-02,1.4328070472343826
2006-04-03,3.2608772605541168
2006-04-04,1.802631616301369
2006-04-05,0.1957894777413458
2006-04-06,0.0
2006-04-07,0.012631579209119084
2006-04-08,3.6235088470159105
2006-04-09,4.463684303022456
2006-04-10,2.405964962136932
2006-04-11,1.8443860031315127
2006-04-12,11.744737085478848
2006-04-13,9.281052823900247
2006-04-14,30.500176070618913
2006-04-15,7.8447370046633305
2006-04-16,5.145965018915012
2006-04-17,1.250175464502536
2006-04-18,0.015087719610892237
2006-04-19,0.2670175493927673
2006-04-20,1.759649159270339
2006-04-21,6.549473819928243
2006-04-22,0.0
2006-04-23,0.0
2006-04-24,0.0
2006-04-25,0.0
2006-04-26,0.6384210658608936
2006-04-27,0.004385965003166348
2006-04-28,0.012280702008865775
2006-04-29,6.514210661302787
2006-04-30,1.124912304012105
2006-05-01,1.4740351182641465
2006-05-02,0.0
2006-05-03,0.0
2006-05-04,0.017192982812412085
2006-05-05,0.5600000116042794
2006-05-06,1.3877193270018326
2006-05-07,14.73842135804007
2006-05-08,2.4243860151502306
2006-05-09,0.021403509215451783
2006-05-10,0.0
2006-05-11,0.45929825513157996
2006-05-12,0.3470175510505214
2006-05-13,0.0
2006-05-14,0.0
2006-05-15,0.0
2006-05-16,0.0
2006-05-17,0.0
2006-05-18,0.0
2006-05-19,0.8892982640420086
2006-05-20,7.095614182122518
2006-05-21,2.450000050768722
2006-05-22,9.986315996409393
2006-05-23,4.388947459368501
2006-05-24,7.039649268682115
2006-05-25,3.1049123450415212
2006-05-26,8.48754403552739
2006-05-27,6.435789607046173
2006-05-28,6.306315920152701
2006-05-29,1.1956140598631464
2006-05-30,1.250000025902409
2006-05-31,2.01912284885766
2006-06-01,7.975438761757688
2006-06-02,12.187017796398141
2006-06-03,0.35035088445292784
2006-06-04,17.244912638049577
2006-06-05,1.4942105572787114
2006-06-06,0.09631579146953301
2006-06-07,0.0
2006-06-08,2.216666712600272
2006-06-09,3.225087786128279
2006-06-10,4.612280797329731
2006-06-11,4.3298246511258185
2006-06-12,9.44491247641854
2006-06-13,4.268245702481362
2006-06-14,2.377017593116034
2006-06-15,1.4905263466760519
2006-06-16,4.380350967962295
2006-06-17,1.8729824949521572
2006-06-18,0.0
2006-06-19,0.0005263158003799618
2006-06-20,0.0
2006-06-21,0.0
2006-06-22,0.0
2006-06-23,0.0015789474011398854
2006-06-24,0.0042105264030396945
2006-06-25,0.0
2006-06-26,0.0
2006-06-27,0.0
2006-06-28,0.0
2006-06-29,0.0
2006-06-30,0.022456140816211702
2006-07-01,0.008596491406206042
2006-07-02,0.0
2006-07-03,0.12666666929144413
2006-07-04,3.7875439381343314
2006-07-05,1.5001754696830176
2006-07-06,0.22403509236173705
2006-07-07,0.0
2006-07-08,0.0
2006-07-09,0.0
2006-07-10,0.0
2006-07-11,0.0010526316007599236
2006-07-12,11.808772174525075
2006-07-13,3.0270176065852867
2006-07-14,0.9433333528810182
2006-07-15,0.006315789604559542
2006-07-16,0.0
2006-07-17,0.0
2006-07-18,0.0
2006-07-19,0.0
2006-07-20,0.0
2006-07-21,0.0
2006-07-22,0.0
2006-07-23,0.0
2006-07-24,0.0
2006-07-25,0.0
2006-07-26,0.0
2006-07-27,0.0005263158003799618
2006-07-28,0.0
2006-07-29,0.0
2006-07-30,5.713158013124485
2006-07-31,0.011052631807979198
2006-08-01,0.014210526610258968
2006-08-02,0.0012280702008865775
2006-08-03,0.0
2006-08-04,0.0
2006-08-05,0.0
2006-08-06,0.0
2006-08-07,0.0
2006-08-08,0.013157895009499045
2006-08-09,0.06263158024521545
2006-08-10,4.0461404347210195
2006-08-11,0.24052632077364253
2006-08-12,0.13228070449549706
2006-08-13,0.0
2006-08-14,0.0
2006-08-15,0.0
2006-08-16,0.0
2006-08-17,0.0
2006-08-18,0.0
2006-08-19,0.0
2006-08-20,0.0
2006-08-21,0.0
2006-08-22,0.0
2006-08-23,0.0
2006-08-24,0.0014035088010132314
2006-08-25,0.0
2006-08-26,0.0
2006-08-27,0.0005263158003799618
2006-08-28,0.0
2006-08-29,0.9033333520521412
2006-08-30,7.858947531273589
2006-08-31,0.14508772230474282
2006-09-01,0.0
2006-09-02,0.0
2006-09-03,0.0
2006-09-04,0.0
2006-09-05,0.0
2006-09-06,0.0
2006-09-07,0.0
2006-09-08,0.01210526340873912
2006-09-09,2.0724561832961625
2006-09-10,0.08859649306396024
2006-09-11,0.0
2006-09-12,0.04157894823001698
2006-09-13,0.78122808636399
2006-09-14,9.280000192299486
2006-09-15,5.495965026167688
2006-09-16,2.260350924031809
2006-09-17,0.6045614160364494
2006-09-18,11.959824809234124
2006-09-19,5.515614149381873
2006-09-20,11.587017783964985
2006-09-21,4.420000091590919
2006-09-22,0.6028070300351829
2006-09-23,0.0
2006-09-24,0.0
2006-09-25,0.0
2006-09-26,0.0
2006-09-27,0.0
2006-09-28,0.0
2006-09-29,0.0
2006-09-30,0.0
2006-10-01,0.0
2006-10-02,0.0
2006-10-03,0.0
2006-10-04,0.0
2006-10-05,0.0
2006-10-06,0.3317543928395026
2006-10-07,0.14561403810512275
2006-10-08,1.724035123444628
2006-10-09,0.08421052806079388
2006-10-10,0.0
2006-10-11,0.0
2006-10-12,0.0
2006-10-13,0.0
2006-10-14,0.7657894895528443
2006-10-15,21.083860086021016
2006-10-16,3.7714035869226796
2006-10-17,0.43228071071207524
2006-10-18,4.701403606194072
2006-10-19,10.504210743983277
2006-10-20,0.29017544460948563
2006-10-21,0.0005263158003799618
2006-10-22,0.0
2006-10-23,0.0005263158003799618
2006-10-24,15.062631891074126
2006-10-25,2.476491279387847
2006-10-26,7.760175599402283
2006-10-27,4.435263249801938
2006-10-28,0.08333333506016062
2006-10-29,8.978070361481514
2006-10-30,0.07035087865078822
2006-10-31,0.0
2006-11-01,0.0071929826051928105
2006-11-02,24.687368932622487
2006-11-03,43.75000090658432
2006-11-04,52.18333441467257
2006-11-05,30.908948008914017
2006-11-06,138.2363186539966
2006-11-07,65.41631714502583
2006-11-08,9.50894756546477
2006-11-09,4.988596594601404
2006-11-10,43.06386054148898
2006-11-11,16.879298595385624
2006-11-12,49.612808045616845
2006-11-13,31.192105909518435
2006-11-14,2.000877234444488
2006-11-15,54.678246747073715
2006-11-16,7.734386125183664
2006-11-17,0.20543860074831177
2006-11-18,0.18157895113108677
2006-11-19,16.166842440271285
2006-11-20,13.61789501903113
2006-11-21,24.26245664311573
2006-11-22,16.908772280206904
2006-11-23,20.222982875199524
2006-11-24,13.42017571668839
2006-11-25,7.405614188546315
2006-11-26,20.07543901249301
2006-11-27,9.138070364797022
2006-11-28,0.41666667530080304
2006-11-29,5.375263269280549
2006-11-30,22.28473730388796
2006-12-01,2.672105318529066
2006-12-02,0.006315789604559542
2006-12-03,0.010000000207219273
2006-12-04,7.808947530237493
2006-12-05,0.25491228598402815
2006-12-06,0.019473684614058587
2006-12-07,0.048245615034829825
2006-12-08,1.6735088066081518
2006-12-09,1.6600000343983994
2006-12-10,5.602456256444567
2006-12-11,37.20596568326001
2006-12-12,17.387017904152163
2006-12-13,45.664913226966746
2006-12-14,50.883334387734074
2006-12-15,34.21491298970068
2006-12-16,0.31807018202962356
2006-12-17,0.007543859805446119
2006-12-18,0.021228070615325126
2006-12-19,2.9450877803261393
2006-12-20,6.132280828827062
2006-12-21,25.032982974871995
2006-12-22,2.714035143959336
2006-12-23,20.292281122249555
2006-12-24,22.75017591002397
2006-12-25,10.83438618942164
2006-12-26,10.620877413067502
2006-12-27,6.865614177356475
2006-12-28,1.0585965131642299
2006-12-29,1.7907017914927565
2006-12-30,0.054736843239516025
2006-12-31,0.0015789474011398854
2007-01-01,21.344035530008842
2007-01-02,80.74070342748894
2007-01-03,27.850702331506184
2007-01-04,3.8587720097857527
2007-01-05,29.464912891271528
2007-01-06,15.443509091949092
2007-01-07,47.168772907252425
2007-01-08,3.017894799378701
2007-01-09,13.461579226318282
2007-01-10,8.643158073839732
2007-01-11,0.1343859676970169
2007-01-12,0.01666666701203212
2007-01-13,0.12771930089220404
2007-01-14,0.018070175813045354
2007-01-15,0.017192982812412085
2007-01-16,7.499649278214202
2007-01-17,0.39263158708345147
2007-01-18,10.965087946515997
2007-01-19,18.310877572419123
2007-01-20,2.544210579036735
2007-01-21,2.7864912858116444
2007-01-22,13.37157922445331
2007-01-23,18.50035126055591
2007-01-24,0.12070175688713791
2007-01-25,1.2624561665114016
2007-01-26,0.008245614205952736
2007-01-27,0.009473684406839312
2007-01-28,0.012631579209119084
2007-01-29,0.3515789546538145
2007-01-30,0.015263158211018892
2007-01-31,0.008245614205952734
2007-02-01,0.0019298246013931932
2007-02-02,0.008771930006332697
2007-02-03,2.639649177505635
2007-02-04,5.876140472642146
2007-02-05,0.5682456258102321
2007-02-06,0.45035088652512056
2007-02-07,1.1038596719969065
2007-02-08,2.787193040212151
2007-02-09,2.372807066712994
2007-02-10,0.5529824675992132
2007-02-11,9.734912482427898
2007-02-12,2.644561458309181
2007-02-13,2.0817544291028756
2007-02-14,15.422281021333767
2007-02-15,27.18596547562629
2007-02-16,1.5610526639269664
2007-02-17,10.478772146964912
2007-02-18,18.69175477329409
2007-02-19,32.60666734233965
2007-02-20,29.820526933728253
2007-02-21,3.832982535567135
2007-02-22,4.400701845576987
2007-02-23,5.187368528544904
2007-02-24,8.645087898441124
2007-02-25,4.3171930719167
2007-02-26,7.670877351937817
2007-02-27,2.7703509345999917
2007-02-28,9.158245803811589
2007-03-01,1.946140391204972
2007-03-02,2.9712281317450104
2007-03-03,2.887017603684217
2007-03-04,2.7635088291950525
2007-03-05,6.957017688022461
2007-03-06,0.021052632015198473
2007-03-07,10.863508997042663
2007-03-08,10.717544081737287
2007-03-09,4.5791229019057935
2007-03-10,17.603860013908708
2007-03-11,54.70280815109145
2007-03-12,21.20175482530613
2007-03-13,6.123684337420855
2007-03-14,5.440526428527665
2007-03-15,5.8503509984235285
2007-03-16,16.501228412112688
2007-03-17,17.697895103576595
2007-03-18,2.6935088277445174
2007-03-19,16.196140686492434
2007-03-20,13.028421322605574
2007-03-21,1.549122839118354
2007-03-22,9.091052819963078
2007-03-23,25.17298297777306
2007-03-24,78.07965074076783
2007-03-25,6.3566667983890515
2007-03-26,1.2656140613136815
2007-03-27,0.8324561576009728
2007-03-28,0.019824561814311893
2007-03-29,0.014035088010132315
2007-03-30,0.6575438732746989
2007-03-31,4.627719394140877
2007-04-01,2.0356140772695652
2007-04-02,3.369473754032515
2007-04-03,0.02456140401773155
2007-04-04,0.07491228225408122
2007-04-05,0.017192982812412085
2007-04-06,0.011929824808612467
2007-04-07,0.1873684249352664
2007-04-08,6.958596635423601
2007-04-09,28.579474276432304
2007-04-10,8.090526483440772
2007-04-11,0.05964912404306233
2007-04-12,1.0424561619525776
2007-04-13,11.72052655866137
2007-04-14,9.640701954159884
2007-04-15,1.8800000389572236
2007-04-16,4.464912373223342
2007-04-17,4.111052716767881
2007-04-18,0.862280719622504
2007-04-19,0.31754386622924363
2007-04-20,0.21842105715768415
2007-04-21,0.43315790371270857
2007-04-22,1.6126316123642028
2007-04-23,0.5157894843723625
2007-04-24,10.501228287781123
2007-04-25,3.214912347320933
2007-04-26,9.19175457643578
2007-04-27,20.411930247535928
2007-04-28,7.796842266828754
2007-04-29,0.01210526340873912
2007-04-30,1.3756140635930936
2007-05-01,2.6508772479137406
2007-05-02,13.058245884627105
2007-05-03,3.1782456798944625
2007-05-04,1.567368453531526
2007-05-05,0.05122807123698295
2007-05-06,0.3003508834168315
2007-05-07,0.142456143302843
2007-05-08,0.0035087720025330786
2007-05-09,0.00982456160709262
2007-05-10,0.007192982605192811
2007-05-11,0.010000000207219275
2007-05-12,0.7757894897600637
2007-05-13,7.116842252737842
2007-05-14,0.15245614351006226
2007-05-15,0.0
2007-05-16,0.002982456202153117
2007-05-17,0.0021052632015198473
2007-05-18,1.6489474025904203
2007-05-19,1.37947371279588
2007-05-20,11.470701992081011
2007-05-21,7.121052779140882
2007-05-22,0.4294736931100488
2007-05-23,0.0035087720025330786
2007-05-24,0.0040350878029130404
2007-05-25,0.007368421205319465
2007-05-26,0.005964912404306234
2007-05-27,1.351929852575995
2007-05-28,1.2228070428827778
2007-05-29,0.007192982605192811
2007-05-30,0.014035088010132315
2007-05-31,0.0010526316007599236
2007-06-01,0.003157894802279771
2007-06-02,0.0036842106026597327
2007-06-03,1.2970175707363525
2007-06-04,8.40000017406419
2007-06-05,7.581929981673602
2007-06-06,2.538070228032302
2007-06-07,1.1410526552237572
2007-06-08,0.0
2007-06-09,4.581754480907694
2007-06-10,3.140701819467358
2007-06-11,1.916315829183441
2007-06-12,0.4984210629598238
2007-06-13,0.9578947566915303
2007-06-14,0.2619298299890943
2007-06-15,4.435263249801937
2007-06-16,5.623859765660018
2007-06-17,10.955087946308776
2007-06-18,0.9336842298740522
2007-06-19,0.011228070408105851
2007-06-20,0.009824561607092622
2007-06-21,0.03649122882634402
2007-06-22,4.973508874990512
2007-06-23,1.5668421377311461
2007-06-24,6.257543989317491
2007-06-25,2.8898246212862433
2007-06-26,0.005964912404306233
2007-06-27,0.011578947608359157
2007-06-28,3.282280769769568
2007-06-29,5.5026316929725
2007-06-30,0.8959649308468216
2007-07-01,0.003157894802279771
2007-07-02,0.0038596492027863864
2007-07-03,0.0005263158003799618
2007-07-04,0.0028070176020264627
2007-07-05,0.0017543860012665393
2007-07-06,0.0015789474011398854
2007-07-07,0.0038596492027863864
2007-07-08,0.0015789474011398854
2007-07-09,0.005263158003799617
2007-07-10,0.0017543860012665393
2007-07-11,0.0017543860012665393
2007-07-12,0.0005263158003799618
2007-07-13,2.4745614547864534
2007-07-14,0.11105263388017195
2007-07-15,0.0015789474011398854
2007-07-16,0.008070175605826081
2007-07-17,0.0891228088643402
2007-07-18,6.052982581569814
2007-07-19,2.2419298710185105
2007-07-20,6.651228208001704
2007-07-21,10.296140564233065
2007-07-22,14.568947670317723
2007-07-23,6.500526450492908
2007-07-24,0.026315790018998093
2007-07-25,0.0
2007-07-26,0.0005263158003799618
2007-07-27,0.0028070176020264627
2007-07-28,0.0017543860012665393
2007-07-29,0.0015789474011398854
2007-07-30,0.0017543860012665393
2007-07-31,0.0028070176020264627
2007-08-01,0.59771931063151
2007-08-02,0.11403509008232507
2007-08-03,0.12859649389283734
2007-08-04,0.003333333402406425
2007-08-05,0.013684210809879006
2007-08-06,0.007192982605192811
2007-08-07,0.19736842514248568
2007-08-08,2.506666718609631
2007-08-09,0.04614035183330998
2007-08-10,0.0
2007-08-11,0.0005263158003799618
2007-08-12,1.065087741368916
2007-08-13,0.020701754814945163
2007-08-14,0.0021052632015198473
2007-08-15,0.0005263158003799618
2007-08-16,0.004385965003166348
2007-08-17,0.0005263158003799618
2007-08-18,0.09666666866978632
2007-08-19,9.443508967617527
2007-08-20,6.630000137386378
2007-08-21,3.34877199921757
2007-08-22,0.4719298343406991
2007-08-23,0.0005263158003799618
2007-08-24,0.0015789474011398854
2007-08-25,5.809122927393764
2007-08-26,3.1594737496809104
2007-08-27,0.1831578985322267
2007-08-28,0.011228070408105851
2007-08-29,0.0005263158003799618
2007-08-30,0.0
2007-08-31,0.010877193207852543
2007-09-01,0.009473684406839312
2007-09-02,0.0010526316007599236
2007-09-03,0.24912281217984858
2007-09-04,3.5356141083524566
2007-09-05,0.7256140501238407
2007-09-06,0.0021052632015198473
2007-09-07,0.023859649617224934
2007-09-08,0.0035087720025330786
2007-09-09,0.0035087720025330786
2007-09-10,0.004561403603293003
2007-09-11,0.0021052632015198473
2007-09-12,0.0015789474011398854
2007-09-13,0.01736842141253874
2007-09-14,0.031052632222417748
2007-09-15,0.0035087720025330786
2007-09-16,5.523859763587826
2007-09-17,1.6240351213724353
2007-09-18,5.837894857814536
2007-09-19,2.3578947857022285
2007-09-20,1.8510526699363257
2007-09-21,1.1070175667991862
2007-09-22,0.22631579416338357
2007-09-23,0.0015789474011398854
2007-09-24,0.26666667219251394
2007-09-25,0.20807017975021155
2007-09-26,0.045438597432803374
2007-09-27,9.977193189202808
2007-09-28,9.467368617234753
2007-09-29,5.894210648455191
2007-09-30,38.53912360562245
2007-10-01,17.482982818421444
2007-10-02,51.17701860434609
2007-10-03,19.3875442613964
2007-10-04,4.403859740379266
2007-10-05,0.7663158053532242
2007-10-06,4.72245623820927
2007-10-07,25.279825085250195
2007-10-08,0.6950877337018029
2007-10-09,0.1694736877223477
2007-10-10,12.334561659104658
2007-10-11,0.6359649254591204
2007-10-12,0.24614035597769546
2007-10-13,0.01842105301329866
2007-10-14,0.009649123006965967
2007-10-15,2.20578951939242
2007-10-16,5.360877304070164
2007-10-17,4.5200000936631115
2007-10-18,20.58473726866068
2007-10-19,31.058948012022306
2007-10-20,6.985263302642853
2007-10-21,12.777544124424459
2007-10-22,11.433859886054416
2007-10-23,1.0622807237668894
2007-10-24,13.557544140587563
2007-10-25,0.36614035846432674
2007-10-26,0.010526316007599235
2007-10-27,0.0056140352040529255
2007-10-28,0.0
2007-10-29,1.2378947624936703
2007-10-30,0.033684211224317556
2007-10-31,0.24982456658035518
2007-11-01,0.036491228826344015
2007-11-02,0.27052632139530036
2007-11-03,1.454385995049961
2007-11-04,0.40350878029130405
2007-11-05,0.024385965417604894
2007-11-06,2.288947415852454
2007-11-07,4.900526417337824
2007-11-08,3.602280776400585
2007-11-09,0.7933333497727291
2007-11-10,2.5233333856216635
2007-11-11,6.042982581362594
2007-11-12,10.533508990204428
2007-11-13,24.025965410145
2007-11-14,6.515789608703926
2007-11-15,10.777017767180224
2007-11-16,26.45824616230093
2007-11-17,11.405965148634277
2007-11-18,16.562281044956762
2007-11-19,34.045614740578465
2007-11-20,9.96245634679217
2007-11-21,14.489473984460346
2007-11-22,5.41614046311006
2007-11-23,4.564736936695408
2007-11-24,0.047192983434069906
2007-11-25,0.009473684406839312
2007-11-26,0.48807018555235115
2007-11-27,0.302631585218478
2007-11-28,0.14298245910322296
2007-11-29,0.0445614044321701
2007-11-30,15.36070207268931
2007-12-01,13.746140635723714
2007-12-02,8.133684379071928
2007-12-03,10.397719513706399
2007-12-04,1.0103508981293998
2007-12-05,15.88087752206484
2007-12-06,0.3149122872273438
2007-12-07,0.048070176434703175
2007-12-08,34.63649194580503
2007-12-09,10.562807236425579
2007-12-10,0.2270175485638902
2007-12-11,0.706666681310162
2007-12-12,0.049649123835843065
2007-12-13,4.575438691303134
2007-12-14,1.2214035340817646
2007-12-15,4.623684306337964
2007-12-16,2.9270176045130936
2007-12-17,10.96491250791587
2007-12-18,18.366667047259398
2007-12-19,25.08245666010771
2007-12-20,8.714737022691406
2007-12-21,1.6364912619814276
2007-12-22,51.422281767323156
2007-12-23,40.11772012956207
2007-12-24,7.0801755853113715
2007-12-25,4.0936842953553425
2007-12-26,32.338597161346115
2007-12-27,40.54543943667086
2007-12-28,34.805790194927255
2007-12-29,13.993684500502424
2007-12-30,16.440000340668483
2007-12-31,15.490526636783034
2008-01-01,1.9421053034020588
2008-01-02,11.098245844012126
2008-01-03,14.574386266921648
2008-01-04,16.977017895656175
2008-01-05,9.530526513280346
2008-01-06,1.850877231336199
2008-01-07,1.037193003948778
2008-01-08,14.110351169586648
2008-01-09,8.133508940471803
2008-01-10,43.06052720808657
2008-01-11,16.731930171279238
2008-01-12,7.509824717021548
2008-01-13,1.2375438852934169
2008-01-14,21.113333770842292
2008-01-15,1.2119298496749253
2008-01-16,0.07491228225408122
2008-01-17,0.0010526316007599236
2008-01-18,4.743684308824595
2008-01-19,7.463158049387857
2008-01-20,0.8908772114431486
2008-01-21,0.006842105404939503
2008-01-22,0.008421052806079387
2008-01-23,0.004912280803546311
2008-01-24,0.0
2008-01-25,0.0010526316007599236
2008-01-26,9.996666873816867
2008-01-27,5.234561511978972
2008-01-28,2.104210569919087
2008-01-29,26.33087773860898
2008-01-30,15.071754698280714
2008-01-31,19.205614433065058
2008-02-01,20.797193413414064
2008-02-02,3.7412281477008946
2008-02-03,0.3549122880562209
2008-02-04,2.1228070615325123
2008-02-05,26.311754931195175
2008-02-06,14.16947397782933
2008-02-07,51.558772998221684
2008-02-08,36.767193744343245
2008-02-09,6.135087846429088
2008-02-10,22.914386439742522
2008-02-11,3.238245681137778
2008-02-12,8.993859835492913
2008-02-13,2.5824561938643456
2008-02-14,0.011929824808612467
2008-02-15,10.561403727624565
2008-02-16,1.1080701983999461
2008-02-17,0.020350877614691853
2008-02-18,0.034561404224950826
2008-02-19,0.02228070221608505
2008-02-20,0.10807017767801883
2008-02-21,0.006842105404939503
2008-02-22,1.2568421313073488
2008-02-23,1.51263161029201
2008-02-24,0.09087719486560672
2008-02-25,0.41929825430270284
2008-02-26,0.1791228107293137
2008-02-27,1.5617544183274732
2008-02-28,0.5805263278190979
2008-02-29,14.209298540058082
2008-03-01,12.469298504001927
2008-03-02,0.7143859797157348
2008-03-03,14.557544161309488
2008-03-04,1.8045614409027624
2008-03-05,0.055614036240149295
2008-03-06,0.06368421184597538
2008-03-07,1.5778947695391252
2008-03-08,2.6222807560930956
2008-03-09,0.27526316359872
2008-03-10,21.789649574330543
2008-03-11,9.052631766535342
2008-03-12,0.023508772416971625
2008-03-13,4.9919299280038105
2008-03-14,10.483508989168332
2008-03-15,3.2808772609685555
2008-03-16,3.5922807761933653
2008-03-17,10.994737069937402
2008-03-18,2.5750877726590264
2008-03-19,4.18350885862019
2008-03-20,3.631579022621736
2008-03-21,5.138070281909314
2008-03-22,0.5691228188108653
2008-03-23,34.82052703733789
2008-03-24,2.01964916465804
2008-03-25,1.7047368774306964
2008-03-26,8.903684395027813
2008-03-27,7.356842257711106
2008-03-28,6.455087853060105
2008-03-29,5.094912386278156
2008-03-30,4.780701853451319
2008-03-31,5.240000108582899
2008-04-01,0.08842105446383358
2008-04-02,0.016842105612158775
2008-04-03,0.010000000207219275
2008-04-04,4.029473767708987
2008-04-05,0.9638596690958366
2008-04-06,7.01210540846223
2008-04-07,4.824912380683236
2008-04-08,2.885614094883204
2008-04-09,0.8698245794279501
2008-04-10,1.545263189915568
2008-04-11,0.05105263263685629
2008-04-12,0.008771930006332697
2008-04-13,3.2973684893804602
2008-04-14,3.9652632400626318
2008-04-15,5.860000121430494
2008-04-16,0.6631579084787519
2008-04-17,0.16438596831867472
2008-04-18,7.097368568123784
2008-04-19,3.763859727117233
2008-04-20,2.635614089702722
2008-04-21,0.6500000134692527
2008-04-22,1.344912308570929
2008-04-23,3.237719365337398
2008-04-24,8.161228239291813
2008-04-25,0.3950877274852247
2008-04-26,0.017368421412538738
2008-04-27,3.302280770184007
2008-04-28,13.834386251587421
2008-04-29,11.263509005331434
2008-04-30,4.387719389167614
2008-05-01,0.21701754835667092
2008-05-02,0.35298246345482776
2008-05-03,0.46263158853398634
2008-05-04,0.0
2008-05-05,0.0
2008-05-06,0.12771930089220407
2008-05-07,0.5396491339895875
2008-05-08,0.41280702609801667
2008-05-09,0.0015789474011398854
2008-05-10,3.141754451068118
2008-05-11,7.310351028677542
2008-05-12,0.0019298246013931932
2008-05-13,8.641930003638846
2008-05-14,6.393684343015775
2008-05-15,0.21491228515515104
2008-05-16,0.0
2008-05-17,0.0
2008-05-18,0.0
2008-05-19,4.8114036084734835
2008-05-20,24.768597004481126
2008-05-21,5.622280818258878
2008-05-22,0.5485965025960469
2008-05-23,1.435263187636156
2008-05-24,2.967017605341971
2008-05-25,2.3666667157085612
2008-05-26,4.011052714695689
2008-05-27,0.5717543978127653
2008-05-28,0.7761403669603169
2008-05-29,0.30140351501759144
2008-05-30,0.07894737005699426
2008-05-31,1.2398245870950633
2008-06-01,1.2417544116964563
2008-06-02,1.431052661233116
2008-06-03,14.40701784240082
2008-06-04,2.657543914718554
2008-06-05,13.099473955656867
2008-06-06,6.966666811029427
2008-06-07,1.9275438995915468
2008-06-08,0.18350877573247998
2008-06-09,14.30596520872787
2008-06-10,3.707017620676197
2008-06-11,1.7770175806828776
2008-06-12,0.06631579084787519
2008-06-13,2.304386012663599
2008-06-14,0.05280701863812282
2008-06-15,0.0
2008-06-16,0.0
2008-06-17,0.0
2008-06-18,0.0
2008-06-19,0.2238596537616104
2008-06-20,0.0
2008-06-21,0.9945614241180012
2008-06-22,0.4826315889484249
2008-06-23,0.0010526316007599236
2008-06-24,0.0
2008-06-25,0.0
2008-06-26,0.0
2008-06-27,0.0
2008-06-28,0.0
2008-06-29,0.011403509008232504
2008-06-30,1.2208772182813847
2008-07-01,0.08210526485927404
2008-07-02,1.0203508983366192
2008-07-03,7.605789631290827
2008-07-04,0.003157894802279771
2008-07-05,1.3810526601970197
2008-07-06,0.11350877428194509
2008-07-07,0.0
2008-07-08,0.0
2008-07-09,0.0
2008-07-10,0.0
2008-07-11,0.0
2008-07-12,0.0
2008-07-13,0.0
2008-07-14,0.0
2008-07-15,0.0
2008-07-16,0.0
2008-07-17,0.0
2008-07-18,0.0
2008-07-19,0.0
2008-07-20,0.0
2008-07-21,0.0
2008-07-22,0.0
2008-07-23,0.004912280803546311
2008-07-24,0.0
2008-07-25,0.0
2008-07-26,0.035614035825710745
2008-07-27,0.16228070511715487
2008-07-28,0.0
2008-07-29,4.99298255960457
2008-07-30,0.16508772271918137
2008-07-31,7.723508931975812
2008-08-01,3.207368487515487
2008-08-02,0.6049122932367026
2008-08-03,0.0
2008-08-04,0.0
2008-08-05,0.0
2008-08-06,0.0005263158003799618
2008-08-07,0.0
2008-08-08,2.2429825026192702
2008-08-09,4.030877276510001
2008-08-10,1.1235087952110918
2008-08-11,0.06192982584470883
2008-08-12,0.0
2008-08-13,0.0
2008-08-14,0.0
2008-08-15,0.0
2008-08-16,0.0
2008-08-17,0.2528070227825083
2008-08-18,4.650175534957088
2008-08-19,4.935789575963282
2008-08-20,37.76386043166276
2008-08-21,20.139474101539236
2008-08-22,0.18421053013298663
2008-08-23,0.0
2008-08-24,15.407193301722874
2008-08-25,1.0135087929316797
2008-08-26,9.019473871111405
2008-08-27,14.302456436725334
2008-08-28,11.181579179072287
2008-08-29,6.766491368284916
2008-08-30,0.3689473760663532
2008-08-31,2.061228112888057
2008-09-01,0.0
2008-09-02,0.0
2008-09-03,0.0
2008-09-04,0.0
2008-09-05,0.0
2008-09-06,0.0
2008-09-07,0.0010526316007599236
2008-09-08,0.0
2008-09-09,0.0
2008-09-10,0.0
2008-09-11,0.0
2008-09-12,0.0
2008-09-13,0.0
2008-09-14,0.0
2008-09-15,0.0
2008-09-16,0.0
2008-09-17,0.0
2008-09-18,0.0
2008-09-19,0.0
2008-09-20,13.948070464469494
2008-09-21,4.583684305509087
2008-09-22,5.310526425833815
2008-09-23,0.9973684417200277
2008-09-24,7.469649277592543
2008-09-25,6.083158020791598
2008-09-26,0.2961403570137918
2008-09-27,0.05596491344040261
2008-09-28,0.0
2008-09-29,0.0
2008-09-30,0.0
2008-10-01,0.0
2008-10-02,3.1457895388710315
2008-10-03,8.008070341381245
2008-10-04,24.432281208038333
2008-10-05,3.7214035858865833
2008-10-06,26.425614582677373
2008-10-07,16.09789507042151
2008-10-08,1.222631604282651
2008-10-09,0.28508772520581266
2008-10-10,0.10666666887700559
2008-10-11,0.0017543860012665393
2008-10-12,0.4901754487538711
2008-10-13,14.314561700134075
2008-10-14,2.058596533886157
2008-10-15,2.4122807517414917
2008-10-16,3.9696492050657977
2008-10-17,1.665263192402199
2008-10-18,0.8108772097853943
2008-10-19,0.28526316380593925
2008-10-20,17.292807375884152
2008-10-21,1.690175473620184
2008-10-22,0.15508772251196207
2008-10-23,0.05368421163875611
2008-10-24,1.2433333590975963
2008-10-25,0.5491228183964267
2008-10-26,0.19912281114375222
2008-10-27,0.0
2008-10-28,0.0
2008-10-29,0.0
2008-10-30,0.6617543996777386
2008-10-31,9.485263354447671
2008-11-01,9.518421249871608
2008-11-02,7.924386129120831
2008-11-03,15.679298570519313
2008-11-04,16.408596831245816
2008-11-05,0.9566666864906437
2008-11-06,65.25508907150943
2008-11-07,56.69982573633315
2008-11-08,19.623333739966622
2008-11-09,6.832982597732917
2008-11-10,4.800701853865759
2008-11-11,5.670701871893835
2008-11-12,63.417720612382986
2008-11-13,6.1089474950102165
2008-11-14,0.3338596560410224
2008-11-15,0.3636842180625536
2008-11-16,0.019649123214185243
2008-11-17,0.0
2008-11-18,0.0
2008-11-19,0.0
2008-11-20,11.275438830140047
2008-11-21,8.343508944823407
2008-11-22,3.0422807647963053
2008-11-23,0.17263158252462746
2008-11-24,0.0
2008-11-25,4.496842198446393
2008-11-26,0.0
2008-11-27,0.3292982524377294
2008-11-28,13.47070203352487
2008-11-29,19.608070581755598
2008-11-30,1.7456140712602064
2008-12-01,6.987193127244247
2008-12-02,2.7277193547692153
2008-12-03,0.0
2008-12-04,0.0
2008-12-05,0.0
2008-12-06,1.5664912605308927
2008-12-07,21.999825017282276
2008-12-08,1.0343859863467515
2008-12-09,7.584561560675503
2008-12-10,1.7847368790884501
2008-12-11,1.574561436136719
2008-12-12,18.946667059278116
2008-12-13,6.448596624855417
2008-12-14,1.9747368830256162
2008-12-15,0.0028070176020264627
2008-12-16,0.00491228080354631
2008-12-17,25.55280754704727
2008-12-18,4.940000102366321
2008-12-19,0.8342105436022395
2008-12-20,9.032631766120904
2008-12-21,16.093333666818218
2008-12-22,4.623157990537584
2008-12-23,0.3003508834168315
2008-12-24,14.599123109539505
2008-12-25,6.512631713901648
2008-12-26,11.669473926024512
2008-12-27,30.219123433216012
2008-12-28,17.40368457116419
2008-12-29,15.764386291580742
2008-12-30,5.963508895505219
2008-12-31,21.676316238648727
2009-01-01,25.762632112798748
2009-01-02,4.032105346710887
2009-01-03,3.0303509399876933
2009-01-04,21.78087764432421
2009-01-05,18.315088098822166
2009-01-06,73.33298397574109
2009-01-07,138.1812309335568
2009-01-08,47.886667658970694
2009-01-09,2.0868421485065483
2009-01-10,18.206316166743637
2009-01-11,5.539298360398971
2009-01-12,2.2494737308239565
2009-01-13,0.004736842203419656
2009-01-14,0.0
2009-01-15,0.0
2009-01-16,0.0
2009-01-17,0.008070175605826081
2009-01-18,0.0
2009-01-19,0.0
2009-01-20,0.0
2009-01-21,0.0
2009-01-22,0.0
2009-01-23,0.0
2009-01-24,0.013859649410005661
2009-01-25,0.050526316836476334
2009-01-26,0.13754386249929668
2009-01-27,14.859473992127459
2009-01-28,1.9089474079781215
2009-01-29,0.4559649217291736
2009-01-30,1.8878947759629228
2009-01-31,1.8673684597481044
2009-02-01,5.10368431628449
2009-02-02,4.972807120590005
2009-02-03,0.02333333381684497
2009-02-04,0.0
2009-02-05,0.27192983019631356
2009-02-06,3.1000000642379746
2009-02-07,0.010877193207852543
2009-02-08,0.3800000078743324
2009-02-09,3.137017608864699
2009-02-10,1.825964950118214
2009-02-11,1.017894757934846
2009-02-12,0.0
2009-02-13,0.06350877324584872
2009-02-14,0.20245614454615862
2009-02-15,3.7936842891387648
2009-02-16,3.1803509430959824
2009-02-17,0.0719298260519281
2009-02-18,0.0
2009-02-19,0.0
2009-02-20,0.0
2009-02-21,0.0
2009-02-22,2.2668421522364954
2009-02-23,7.3515790997073065
2009-02-24,12.38894762514392
2009-02-25,17.868596861499828
2009-02-26,1.8859649513615295
2009-02-27,0.9256140542682261
2009-02-28,0.7635087877511979
2009-03-01,12.066316039511003
2009-03-02,14.130351170001088
2009-03-03,3.753157972509507
2009-03-04,3.899473765015137
2009-03-05,14.240175733680372
2009-03-06,3.4615790190990086
2009-03-07,11.660000241617674
2009-03-08,9.083508960157634
2009-03-09,8.735263338906226
2009-03-10,7.788947529823053
2009-03-11,0.5092982561676763
2009-03-12,1.0014035295229404
2009-03-13,0.7459649277385325
2009-03-14,16.340351215796545
2009-03-15,13.35631606624229
2009-03-16,11.80754410432419
2009-03-17,10.729298467945775
2009-03-18,2.5161404030164705
2009-03-19,12.748070439603179
2009-03-20,16.55035122014815
2009-03-21,0.10368421267485246
2009-03-22,1.7928070546942765
2009-03-23,1.7778947736835107
2009-03-24,12.480000258609653
2009-03-25,11.765614278893919
2009-03-26,1.187719322857447
2009-03-27,1.8757895125541837
2009-03-28,4.455965004616883
2009-03-29,2.989824623358436
2009-03-30,2.7538597061880865
2009-03-31,25.55789526645094
2009-04-01,23.428421538113618
2009-04-02,21.72491273088381
2009-04-03,2.554035140643828
2009-04-04,0.9026315976516344
2009-04-05,0.029649123421404515
2009-04-06,0.0
2009-04-07,0.0
2009-04-08,0.0
2009-04-09,0.0400000008288771
2009-04-10,0.0021052632015198473
2009-04-11,1.1354386200197042
2009-04-12,43.04947457627859
2009-04-13,12.965965180960485
2009-04-14,1.7589474048698324
2009-04-15,0.36754386726533994
2009-04-16,0.29877193601569163
2009-04-17,18.612982841837223
2009-04-18,0.05333333443850279
2009-04-19,0.0
2009-04-20,0.0
2009-04-21,0.0
2009-04-22,0.41578948230016977
2009-04-23,0.2649122861912474
2009-04-24,0.0
2009-04-25,0.23105263636680323
2009-04-26,5.457543972739949
2009-04-27,5.13561414150754
2009-04-28,1.8024561777012422
2009-04-29,0.02333333381684497
2009-04-30,0.0
2009-05-01,0.0
2009-05-02,7.040175584482495
2009-05-03,0.9724561605020428
2009-05-04,11.911052878398916
2009-05-05,38.603334133268795
2009-05-06,24.42140401483048
2009-05-07,10.936666893295481
2009-05-08,0.32543860323494306
2009-05-09,1.8342105643241666
2009-05-10,4.72824571201345
2009-05-11,13.525438876764383
2009-05-12,5.389122918690555
2009-05-13,16.38859683083138
2009-05-14,10.63771951867966
2009-05-15,0.0
2009-05-16,0.0
2009-05-17,0.0
2009-05-18,0.002456140401773155
2009-05-19,8.329649295413402
2009-05-20,3.9205263970303355
2009-05-21,0.4905263259541243
2009-05-22,0.0
2009-05-23,0.0
2009-05-24,0.0
2009-05-25,0.0
2009-05-26,2.4549123315722685
2009-05-27,0.0491228080354631
2009-05-28,0.0
2009-05-29,0.0
2009-05-30,0.0
2009-05-31,0.0
2009-06-01,0.0
2009-06-02,0.0
2009-06-03,0.0
2009-06-04,0.0005263158003799618
2009-06-05,0.0
2009-06-06,0.5985965036321431
2009-06-07,0.7775438757613302
2009-06-08,0.04649122903356329
2009-06-09,0.06175438724458218
2009-06-10,2.029298287665006
2009-06-11,0.029649123421404515
2009-06-12,0.0
2009-06-13,3.978245696472004
2009-06-14,0.0005263158003799618
2009-06-15,0.041403509629890325
2009-06-16,0.0015789474011398854
2009-06-17,2.5091228590114043
2009-06-18,0.022982456616591665
2009-06-19,4.026140434306581
2009-06-20,0.12368421308929102
2009-06-21,3.403157965256833
2009-06-22,7.961754550947808
2009-06-23,0.026315790018998086
2009-06-24,3.2201755053247325
2009-06-25,2.540526368434075
2009-06-26,0.0
2009-06-27,0.0
2009-06-28,0.0
2009-06-29,0.0
2009-06-30,0.0
2009-07-01,0.0
2009-07-02,0.0
2009-07-03,0.0
2009-07-04,0.0
2009-07-05,0.0
2009-07-06,4.203859736234881
2009-07-07,0.6571929960744456
2009-07-08,0.201754390145652
2009-07-09,0.6340351008577273
2009-07-10,0.29280702361138544
2009-07-11,0.08228070345940068
2009-07-12,5.552982571208851
2009-07-13,1.1478947606286967
2009-07-14,0.47543860634323215
2009-07-15,0.0
2009-07-16,0.0
2009-07-17,0.0
2009-07-18,0.0
2009-07-19,0.0
2009-07-20,0.0
2009-07-21,0.0
2009-07-22,0.0
2009-07-23,0.477543869544752
2009-07-24,4.5749123755027545
2009-07-25,4.824035187682602
2009-07-26,2.0675439024926163
2009-07-27,0.025614035618491474
2009-07-28,0.0005263158003799618
2009-07-29,5.112280807690695
2009-07-30,2.010175480251201
2009-07-31,0.1210526340873912
2009-08-01,0.1428070205030963
2009-08-02,0.068947369849775
2009-08-03,0.0
2009-08-04,0.8633333512232639
2009-08-05,0.19912281114375222
2009-08-06,0.0
2009-08-07,0.7663158053532244
2009-08-08,0.3285964980372228
2009-08-09,0.31842105922987685
2009-08-10,11.29842128675664
2009-08-11,19.044386359548664
2009-08-12,1.6952631930238569
2009-08-13,4.564912375295535
2009-08-14,8.541930001566651
2009-08-15,0.21315789915388453
2009-08-16,0.0
2009-08-17,0.0
2009-08-18,0.0
2009-08-19,0.0
2009-08-20,0.002807017602026463
2009-08-21,0.0
2009-08-22,0.0
2009-08-23,0.0
2009-08-24,0.0
2009-08-25,0.0
2009-08-26,0.0
2009-08-27,0.0
2009-08-28,0.1682456175214611
2009-08-29,2.7582456711912533
2009-08-30,0.010526316007599236
2009-08-31,0.38912281508091834
2009-09-01,0.9187719488632866
2009-09-02,0.023157895216718318
2009-09-03,19.328246014553592
2009-09-04,0.4689473781385459
2009-09-05,9.67824581458699
2009-09-06,27.676667240180542
2009-09-07,10.306140564440284
2009-09-08,0.5219298353767954
2009-09-09,3.5884211269905792
2009-09-10,0.05122807123698295
2009-09-11,0.0
2009-09-12,0.18596491613425314
2009-09-13,0.36157895486103375
2009-09-14,0.5159649229724892
2009-09-15,0.10666666887700559
2009-09-16,0.35263158625457436
2009-09-17,0.2529824613826349
2009-09-18,0.10245614247396588
2009-09-19,12.4507020123885
2009-09-20,0.8761403690325097
2009-09-21,0.7108772077132016
2009-09-22,0.7008772075059824
2009-09-23,0.9807017747079955
2009-09-24,0.0
2009-09-25,0.0
2009-09-26,0.0
2009-09-27,0.9540351074887441
2009-09-28,3.4447369134868495
2009-09-29,11.51070199290989
2009-09-30,5.136140457307921
2009-10-01,7.692105422553141
2009-10-02,5.837543980614282
2009-10-03,2.0084210942499343
2009-10-04,0.15385965231107548
2009-10-05,0.0
2009-10-06,0.0
2009-10-07,0.0
2009-10-08,0.0
2009-10-09,0.0
2009-10-10,0.0
2009-10-11,0.0
2009-10-12,0.0
2009-10-13,3.3617544556269428
2009-10-14,29.077018146391495
2009-10-15,1.0628070395672697
2009-10-16,33.72649192694807
2009-10-17,62.779650423722344
2009-10-18,4.301754475105554
2009-10-19,0.9391228264779785
2009-10-20,0.0
2009-10-21,11.086666896403768
2009-10-22,0.6145614162436688
2009-10-23,38.77175518939039
2009-10-24,2.682982511736918
2009-10-25,11.66385989082046
2009-10-26,57.11263276243117
2009-10-27,2.871754445473198
2009-10-28,1.0229824773385192
2009-10-29,18.204210903542116
2009-10-30,25.139474205148872
2009-10-31,18.142281077697408
2009-11-01,0.9356140544754453
2009-11-02,1.151754409831483
2009-11-03,0.0
2009-11-04,0.0005263158003799618
2009-11-05,31.254912928363776
2009-11-06,25.888070711889306
2009-11-07,33.47824630776886
2009-11-08,5.1498246681178
2009-11-09,14.219123101665172
2009-11-10,14.363158192369156
2009-11-11,7.880877356289421
2009-11-12,0.9914035293157213
2009-11-13,13.300526591402015
2009-11-14,1.9749123216257432
2009-11-15,33.19526384576457
2009-11-16,44.22263249532553
2009-11-17,33.19122875796166
2009-11-18,8.210526485927403
2009-11-19,46.52105359558482
2009-11-20,31.542456793971358
2009-11-21,14.735438901837917
2009-11-22,23.724912772327663
2009-11-23,10.14070196452085
2009-11-24,4.920350979152135
2009-11-25,16.9054389468045
2009-11-26,34.99859721646644
2009-11-27,2.8912281300872564
2009-11-28,10.719298467738556
2009-11-29,8.376666840247346
2009-11-30,6.448421186255292
2009-12-01,0.8373684384045192
2009-12-02,0.0015789474011398854
2009-12-03,0.042982457031030215
2009-12-04,0.0010526316007599236
2009-12-05,0.43508772831410175
2009-12-06,0.07859649285674096
2009-12-07,0.0
2009-12-08,0.03947368502849713
2009-12-09,0.0010526316007599236
2009-12-10,0.0
2009-12-11,0.9508772126864642
2009-12-12,0.06315789604559541
2009-12-13,2.8071930406265895
2009-12-14,7.170175587176346
2009-12-15,26.01263211797923
2009-12-16,3.5007018269272523
2009-12-17,0.5714035206125119
2009-12-18,2.2750877664424483
2009-12-19,12.148596742970405
2009-12-20,24.538070683914704
2009-12-21,35.114562131150166
2009-12-22,1.3554386245785284
2009-12-23,0.030350877821911128
2009-12-24,0.022105263615958395
2009-12-25,0.024912281217984854
2009-12-26,0.01385964941000566
2009-12-27,0.0
2009-12-28,0.14017544150119648
2009-12-29,0.0010526316007599236
2009-12-30,6.9585966354236
2009-12-31,7.283859800058417
2010-01-01,33.66701824150514
2010-01-02,9.731579149025492
2010-01-03,5.6389474852709105
2010-01-04,26.54701809396502
2010-01-05,7.339649274898694
2010-01-06,0.2235087765613571
2010-01-07,1.6568421395961197
2010-01-08,20.084561819699594
2010-01-09,2.6773684765328656
2010-01-10,6.7096492618438806
2010-01-11,27.511754956061488
2010-01-12,15.992105594545137
2010-01-13,13.560175719589461
2010-01-14,19.11263197499793
2010-01-15,25.899123343697283
2010-01-16,1.9259649521904068
2010-01-17,4.4817544788355015
2010-01-18,2.0722807446960365
2010-01-19,0.32894737523747614
2010-01-20,1.1438596728257835
2010-01-21,0.05666666784090922
2010-01-22,0.027543860219884662
2010-01-23,0.1568421085132286
2010-01-24,9.089122995361686
2010-01-25,3.005789535969962
2010-01-26,0.006140351004432887
2010-01-27,0.0
2010-01-28,0.0
2010-01-29,1.8752631967538038
2010-01-30,4.696140448190272
2010-01-31,1.1980702002649195
2010-02-01,1.8242105641169473
2010-02-02,1.7563158258679323
2010-02-03,0.4459649215219542
2010-02-04,1.2419298502965832
2010-02-05,3.105964976642281
2010-02-06,0.1249122832901776
2010-02-07,0.37385965686989947
2010-02-08,0.00982456160709262
2010-02-09,0.0
2010-02-10,2.027719340263866
2010-02-11,12.998070444783663
2010-02-12,12.94614061914617
2010-02-13,9.892631783941761
2010-02-14,7.991403674369213
2010-02-15,4.031754469510633
2010-02-16,10.722456362540834
2010-02-17,0.006842105404939503
2010-02-18,0.04421052723191679
2010-02-19,0.0
2010-02-20,0.003508772002533078
2010-02-21,0.0042105264030396945
2010-02-22,0.0
2010-02-23,2.1405263601453046
2010-02-24,11.485614273091779
2010-02-25,3.216315856121946
2010-02-26,10.238596703391524
2010-02-27,3.8794737646006983
2010-02-28,0.013508772209752353
2010-03-01,0.02263157941633836
2010-03-02,6.4838597834808755
2010-03-03,5.068772034859284
2010-03-04,0.06210526444483549
2010-03-05,0.017894737212918697
2010-03-06,0.011228070408105851
2010-03-07,3.248596558545251
2010-03-08,0.28947369020897895
2010-03-09,0.019473684614058587
2010-03-10,1.7819298614864238
2010-03-11,21.423333777266087
2010-03-12,14.050351168343333
2010-03-13,0.9642105462960899
2010-03-14,1.4582456442527474
2010-03-15,0.9484210722846911
2010-03-16,8.84035106038209
2010-03-17,4.021579030703288
2010-03-18,0.012280702008865775
2010-03-19,0.03842105342773722
2010-03-20,0.985964932711795
2010-03-21,11.97947393244831
2010-03-22,2.4149123307433915
2010-03-23,0.03947368502849714
2010-03-24,0.037368421826977284
2010-03-25,13.02543886640342
2010-03-26,6.283684340736364
2010-03-27,1.9136842501815408
2010-03-28,20.139123224338984
2010-03-29,21.186667105695236
2010-03-30,6.119122933817562
2010-03-31,2.625789528095629
2010-04-01,2.579122860461939
2010-04-02,17.71508808638901
2010-04-03,7.717017703771127
2010-04-04,2.7470176007831473
2010-04-05,10.823684434813913
2010-04-06,6.157368548645172
2010-04-07,17.393158255156596
2010-04-08,11.066842334589456
2010-04-09,1.6396491567837073
2010-04-10,0.0022807018016465013
2010-04-11,0.012631579209119084
2010-04-12,2.854736901260913
2010-04-13,3.0500000632018787
2010-04-14,0.12017544108675794
2010-04-15,0.0
2010-04-16,0.018421053013298664
2010-04-17,2.9092983059003017
2010-04-18,0.0
2010-04-19,0.01929824601393193
2010-04-20,6.4973685556906275
2010-04-21,5.0912281756754965
2010-04-22,0.04105263242963702
2010-04-23,6.230526444897987
2010-04-24,7.398245767340995
2010-04-25,0.3229824628331699
2010-04-26,6.849473826144823
2010-04-27,12.712807280977724
2010-04-28,5.492807131365408
2010-04-29,3.6735088480520064
2010-04-30,4.212105350440834
2010-05-01,4.066666750935838
2010-05-02,18.64947407066356
2010-05-03,22.258772391069215
2010-05-04,4.927017645956949
2010-05-05,2.0943860083119943
2010-05-06,0.0982456160709262
2010-05-07,0.018245614413172007
2010-05-08,0.23140351356705652
2010-05-09,0.004035087802913041
2010-05-10,0.021403509215451776
2010-05-11,0.0
2010-05-12,0.0
2010-05-13,0.03245614102343097
2010-05-14,0.004561403603293003
2010-05-15,0.0
2010-05-16,0.4929824663558975
2010-05-17,1.9731579356244766
2010-05-18,6.146140478237067
2010-05-19,13.77877221534727
2010-05-20,7.254736992437393
2010-05-21,1.2707017807173544
2010-05-22,1.9064912675763481
2010-05-23,1.0670175659703092
2010-05-24,0.2535087771830149
2010-05-25,0.24140351377427582
2010-05-26,7.5970177012844955
2010-05-27,17.157895092386752
2010-05-28,7.360526468313767
2010-05-29,2.084035130904522
2010-05-30,1.8807017933577304
2010-05-31,5.682807135302574
2010-06-01,4.5694737788988276
2010-06-02,17.31386000789935
2010-06-03,2.57333338665776
2010-06-04,4.4438597412081435
2010-06-05,0.13491228349739687
2010-06-06,10.816666890808849
2010-06-07,3.612982531008311
2010-06-08,5.480000113556162
2010-06-09,7.989649288367946
2010-06-10,2.220877239003312
2010-06-11,0.20631579374894501
2010-06-12,0.003333333402406424
2010-06-13,0.04210526403039694
2010-06-14,0.16350877531804148
2010-06-15,5.610877309250646
2010-06-16,3.5735088459798137
2010-06-17,0.7666666825534776
2010-06-18,0.2049122849479318
2010-06-19,1.6087719631614164
2010-06-20,3.7984211313421845
2010-06-21,0.09175438786624
2010-06-22,0.0
2010-06-23,0.009298245806712659
2010-06-24,0.0
2010-06-25,0.0
2010-06-26,0.0
2010-06-27,1.8307017923216335
2010-06-28,0.2010526357451454
2010-06-29,0.6982456285040828
2010-06-30,0.13122807289473715
2010-07-01,1.4673684514593335
2010-07-02,0.5421052743913606
2010-07-03,0.0
2010-07-04,0.9668421252979897
2010-07-05,0.08842105446383358
2010-07-06,0.0
2010-07-07,0.0
2010-07-08,0.0
2010-07-09,0.0
2010-07-10,0.0
2010-07-11,0.006666666804812849
2010-07-12,1.2412280958960764
2010-07-13,0.03263157962355763
2010-07-14,0.0031578948022797705
2010-07-15,0.0031578948022797705
2010-07-16,0.012456140608992429
2010-07-17,0.0
2010-07-18,0.0
2010-07-19,0.0
2010-07-20,0.0
2010-07-21,0.0
2010-07-22,0.0017543860012665393
2010-07-23,0.0
2010-07-24,0.0
2010-07-25,0.0
2010-07-26,0.0
2010-07-27,0.007543859805446118
2010-07-28,0.017719298612792044
2010-07-29,0.0026315790018998086
2010-07-30,0.010526316007599235
2010-07-31,5.588947484234814
2010-08-01,0.0005263158003799618
2010-08-02,0.0
2010-08-03,5.762105382559821
2010-08-04,0.4028070258907973
2010-08-05,0.04859649223508313
2010-08-06,0.4905263259541244
2010-08-07,4.612807113130112
2010-08-08,0.5078947473666631
2010-08-09,2.395263207529206
2010-08-10,0.09438596686813981
2010-08-11,0.01070175460772589
2010-08-12,0.004736842203419656
2010-08-13,0.30561404142063114
2010-08-14,0.0
2010-08-15,0.0
2010-08-16,0.009298245806712659
2010-08-17,0.009298245806712659
2010-08-18,0.1610526349162683
2010-08-19,0.0494736852357164
2010-08-20,0.009122807206586004
2010-08-21,0.3022807080182247
2010-08-22,0.5442105375928805
2010-08-23,0.0
2010-08-24,0.006666666804812849
2010-08-25,0.0
2010-08-26,5.128772036102601
2010-08-27,2.4301754889544105
2010-08-28,0.1542105295113288
2010-08-29,0.3968421134864912
2010-08-30,0.7412280855351128
2010-08-31,23.78263207176933
2010-09-01,0.24000000497326252
2010-09-02,0.0
2010-09-03,0.004561403603293003
2010-09-04,0.06736842244863511
2010-09-05,1.6892982806195507
2010-09-06,11.692631821241228
2010-09-07,5.340350987855345
2010-09-08,6.461754519864918
2010-09-09,1.9559649528120646
2010-09-10,0.9880701959133149
2010-09-11,1.5447368741151877
2010-09-12,13.719824845704718
2010-09-13,0.0905263176653534
2010-09-14,0.0012280702008865775
2010-09-15,5.890701876452659
2010-09-16,8.477368596720044
2010-09-17,7.382105416129344
2010-09-18,18.02421089981217
2010-09-19,21.692982905660756
2010-09-20,22.634737311140633
2010-09-21,0.009298245806712659
2010-09-22,0.38684211327927187
2010-09-23,8.940877378254662
2010-09-24,1.1596491468371823
2010-09-25,5.679649240500294
2010-09-26,9.803508975077422
2010-09-27,5.960175562102814
2010-09-28,3.4600000716978685
2010-09-29,0.0
2010-09-30,0.008245614205952734
2010-10-01,0.03350877262419089
2010-10-02,0.06894736984977498
2010-10-03,0.16210526651702822
2010-10-04,0.22807018016465008
2010-10-05,0.0
2010-10-06,0.0
2010-10-07,0.09192982646636666
2010-10-08,5.642982573073823
2010-10-09,42.84052720352774
2010-10-10,15.237719614000525
2010-10-11,1.122807040810585
2010-10-12,0.06877193124964834
2010-10-13,0.0
2010-10-14,1.0338596705463716
2010-10-15,0.08087719465838746
2010-10-16,0.017017544212285428
2010-10-17,0.012807017809245737
2010-10-18,0.0
2010-10-19,0.0010526316007599236
2010-10-20,0.0
2010-10-21,1.351929852575995
2010-10-22,1.693157929822337
2010-10-23,13.555263438785914
2010-10-24,25.048421571683143
2010-10-25,28.075965494068804
2010-10-26,3.6582456898409874
2010-10-27,0.5821052752202377
2010-10-28,9.634035287355074
2010-10-29,1.498421083681751
2010-10-30,11.977017792046535
2010-10-31,14.5135090726777
2010-11-01,42.87140439715004
2010-11-02,0.8700000180280769
2010-11-03,0.03912280782824382
2010-11-04,0.0921052650664933
2010-11-05,8.18403525730828
2010-11-06,23.85403558202088
2010-11-07,11.240175671514589
2010-11-08,5.381754497485236
2010-11-09,3.722280778887216
2010-11-10,0.018596491613425317
2010-11-11,6.83070189593127
2010-11-12,1.667193017003592
2010-11-13,7.046666812687182
2010-11-14,6.587894873355982
2010-11-15,35.38228143494344
2010-11-16,11.94491252822336
2010-11-17,27.67386022257852
2010-11-18,11.645965153607538
2010-11-19,5.009122910816223
2010-11-20,0.8392982630059125
2010-11-21,3.124736906855833
2010-11-22,3.321228138997685
2010-11-23,0.5592982572037727
2010-11-24,1.8192982833134013
2010-11-25,7.607193140091841
2010-11-26,15.429298565338833
2010-11-27,5.081403614068404
2010-11-28,0.8149122975883075
2010-11-29,14.883509080344812
2010-11-30,32.01087785630953
2010-12-01,2.1584210973582234
2010-12-02,3.2331579617341046
2010-12-03,0.7187719447189012
2010-12-04,0.1431578977033496
2010-12-05,0.29842105881543834
2010-12-06,0.7298245765268803
2010-12-07,14.083859940967525
2010-12-08,30.847369060269564
2010-12-09,26.733684764499777
2010-12-10,7.712456300167833
2010-12-11,51.27824667661916
2010-12-12,73.20912432405167
2010-12-13,21.062807454005814
2010-12-14,15.733158220758199
2010-12-15,3.6449123562313614
2010-12-16,0.8264912451966666
2010-12-17,0.5452631691936404
2010-12-18,1.7198245970415882
2010-12-19,2.4714035599841737
2010-12-20,2.390526365325786
2010-12-21,2.3366667150869036
2010-12-22,3.762631656916347
2010-12-23,11.317017778370063
2010-12-24,16.35193016340491
2010-12-25,6.414561536430847
2010-12-26,10.305789687240031
2010-12-27,11.682982698234264
2010-12-28,10.550877411616966
2010-12-29,3.768596569320653
2010-12-30,0.395438604685478
2010-12-31,0.0
2011-01-01,0.0
2011-01-02,0.0
2011-01-03,0.0
2011-01-04,0.42315790350548926
2011-01-05,16.788070523319767
2011-01-06,27.66263215217041
2011-01-07,25.36456192911137
2011-01-08,4.646315885754303
2011-01-09,1.307368448143825
2011-01-10,0.00947368440683931
2011-01-11,1.5514035409200004
2011-01-12,53.024913379480125
2011-01-13,36.95964988868218
2011-01-14,35.09543932373635
2011-01-15,12.556491488264875
2011-01-16,83.63035261017504
2011-01-17,34.76649194849888
2011-01-18,2.7524561973870734
2011-01-19,0.015087719610892239
2011-01-20,9.046666854131036
2011-01-21,29.50193043589825
2011-01-22,2.2743860120419415
2011-01-23,2.424035137949977
2011-01-24,16.670702099835033
2011-01-25,2.1391228513442915
2011-01-26,0.2359649171703495
2011-01-27,0.0
2011-01-28,7.585965069476515
2011-01-29,8.595614213205408
2011-01-30,4.426491319795605
2011-01-31,1.186666691256687
2011-02-01,2.712105319357943
2011-02-02,0.0
2011-02-03,7.187719447189011
2011-02-04,28.367193570279053
2011-02-05,0.8878947552409955
2011-02-06,8.423158069280909
2011-02-07,23.14894784811186
2011-02-08,0.0019298246013931932
2011-02-09,0.7935087883728557
2011-02-10,0.1584210559143685
2011-02-11,5.381228181684856
2011-02-12,18.908070567250252
2011-02-13,15.877368750062306
2011-02-14,23.263333815394436
2011-02-15,13.634737124643287
2011-02-16,7.7952633194276135
2011-02-17,8.180877362506
2011-02-18,1.1145614266046324
2011-02-19,0.418245622701943
2011-02-20,0.0
2011-02-21,3.2675439273589295
2011-02-22,15.18719329716405
2011-02-23,16.958070526842494
2011-02-24,3.973333415668458
2011-02-25,0.4103508856962435
2011-02-26,1.6884210876189174
2011-02-27,16.877719647984488
2011-02-28,40.175965744804124
2011-03-01,4.287193071295042
2011-03-02,13.83245642698603
2011-03-03,7.985614200565033
2011-03-04,6.687543998227921
2011-03-05,11.435789710655808
2011-03-06,1.2649123069131747
2011-03-07,1.1833333578542806
2011-03-08,7.3728071703226306
2011-03-09,29.809474301920275
2011-03-10,32.08964978776639
2011-03-11,9.35368440435268
2011-03-12,8.100000167847611
2011-03-13,23.893684705649505
2011-03-14,19.436316192231608
2011-03-15,21.78263203032548
2011-03-16,23.801579440583012
2011-03-17,6.992456285248045
2011-03-18,1.7270175796467813
2011-03-19,11.152280932851136
2011-03-20,0.7142105411156081
2011-03-21,5.341754496656359
2011-03-22,3.0103509395732546
2011-03-23,0.003859649202786387
2011-03-24,2.379649172117934
2011-03-25,10.8354388210224
2011-03-26,0.9849123011110352
2011-03-27,4.243157982663251
2011-03-28,1.2682456403155813
2011-03-29,9.273333525494673
2011-03-30,54.80017657416174
2011-03-31,49.35298347882927
2011-04-01,30.102807641332042
2011-04-02,16.000702085951346
2011-04-03,2.8596491820644587
2011-04-04,27.732456715020817
2011-04-05,21.092632016027345
2011-04-06,13.16649150090525
2011-04-07,0.5671929942094721
2011-04-08,0.048070176434703175
2011-04-09,0.0
2011-04-10,11.92385989620816
2011-04-11,13.97280730708735
2011-04-12,1.931929864594713
2011-04-13,1.083333355782088
2011-04-14,12.644912542728706
2011-04-15,12.23842130623525
2011-04-16,7.954386129742488
2011-04-17,2.1694737291662025
2011-04-18,2.75894742559176
2011-04-19,3.2359649793361314
2011-04-20,0.20263158314628527
2011-04-21,4.517193076061085
2011-04-22,0.021754386415705085
2011-04-23,0.0021052632015198473
2011-04-24,1.922280741587747
2011-04-25,7.731929984781892
2011-04-26,6.981403653440067
2011-04-27,7.350701906706673
2011-04-28,10.397894952306524
2011-04-29,1.1933333580615
2011-04-30,0.17491228432627398
2011-05-01,0.026666667219251396
2011-05-02,7.154912428965327
2011-05-03,4.120000085374341
2011-05-04,0.06701754524838181
2011-05-05,3.3103509457898324
2011-05-06,2.4856140865944325
2011-05-07,12.53894762825221
2011-05-08,1.7364912640536205
2011-05-09,0.11508772168308498
2011-05-10,0.0005263158003799618
2011-05-11,17.84807054528501
2011-05-12,1.7231579304439948
2011-05-13,0.49403509795665745
2011-05-14,14.476140650850722
2011-05-15,14.054561694746372
2011-05-16,13.08105290264357
2011-05-17,0.25438597018364817
2011-05-18,0.016140351211652162
2011-05-19,0.0
2011-05-20,0.0
2011-05-21,4.1373685067868795
2011-05-22,3.231052698532585
2011-05-23,1.7552631942671724
2011-05-24,2.047368463478051
2011-05-25,7.647544018120971
2011-05-26,12.71403535117861
2011-05-27,3.9935088546830233
2011-05-28,2.0552632004837506
2011-05-29,1.0603508991654964
2011-05-30,2.450000050768722
2011-05-31,5.222105371369981
2011-06-01,5.616140467254445
2011-06-02,3.0843860288267027
2011-06-03,0.5710526434122585
2011-06-04,0.04456140443217009
2011-06-05,0.0
2011-06-06,0.0
2011-06-07,4.529824655270204
2011-06-08,7.051754532090855
2011-06-09,0.25543860178440814
2011-06-10,0.0692982470500283
2011-06-11,0.04263157983077691
2011-06-12,0.23526316276984294
2011-06-13,7.577017700870057
2011-06-14,3.4682456859038213
2011-06-15,3.043684273597319
2011-06-16,0.20105263574514537
2011-06-17,0.0
2011-06-18,7.776140512013808
2011-06-19,0.8500000176136382
2011-06-20,0.27245614599669354
2011-06-21,0.06315789604559541
2011-06-22,0.05929824684280903
2011-06-23,0.6064912406378427
2011-06-24,3.5215790203423243
2011-06-25,1.134561427019071
2011-06-26,0.007017544005066157
2011-06-27,0.006842105404939502
2011-06-28,0.04508772023255006
2011-06-29,7.398596644541249
2011-06-30,4.5312281640712175
2011-07-01,0.7489473839406856
2011-07-02,0.04929824663558975
2011-07-03,1.150175462430343
2011-07-04,0.10684210747713224
2011-07-05,0.014035088010132313
2011-07-06,0.0
2011-07-07,0.22368421516148376
2011-07-08,1.8301754765212537
2011-07-09,0.01842105301329866
2011-07-10,0.0335087726241909
2011-07-11,0.7864912443677894
2011-07-12,1.5766666993382388
2011-07-13,8.74385983031243
2011-07-14,6.595087855961174
2011-07-15,0.36192983206128704
2011-07-16,7.369824714120478
2011-07-17,1.5517544181202538
2011-07-18,0.6835087860934437
2011-07-19,0.9026315976516344
2011-07-20,0.9949123013182544
2011-07-21,3.8938597298110835
2011-07-22,0.8078947535832413
2011-07-23,0.008771930006332695
2011-07-24,1.1184210758074187
2011-07-25,5.536842219997198
2011-07-26,0.3207017610315234
2011-07-27,0.022105263615958395
2011-07-28,0.0
2011-07-29,0.0
2011-07-30,0.0
2011-07-31,1.2229824814829044
2011-08-01,0.062456141645088795
2011-08-02,0.032280702423304324
2011-08-03,0.0
2011-08-04,0.0
2011-08-05,0.0
2011-08-06,0.0
2011-08-07,0.00491228080354631
2011-08-08,0.0
2011-08-09,0.032982456823810936
2011-08-10,0.45877193933120003
2011-08-11,0.0
2011-08-12,0.0
2011-08-13,0.0
2011-08-14,0.01210526340873912
2011-08-15,0.10122807227307931
2011-08-16,0.0
2011-08-17,0.46771930793765937
2011-08-18,0.036491228826344015
2011-08-19,0.07824561565648765
2011-08-20,0.015789474011398855
2011-08-21,0.0
2011-08-22,8.13894753707573
2011-08-23,3.267017611558549
2011-08-24,0.7807017705636099
2011-08-25,0.06508772064698862
2011-08-26,0.007894737005699426
2011-08-27,0.0
2011-08-28,0.009649123006965965
2011-08-29,0.0
2011-08-30,0.00894736860645935
2011-08-31,0.006315789604559542
2011-09-01,0.0
2011-09-02,0.0
2011-09-03,0.005438596603926272
2011-09-04,0.0
2011-09-05,0.0
2011-09-06,0.0
2011-09-07,0.0
2011-09-08,0.0
2011-09-09,0.0
2011-09-10,0.0
2011-09-11,0.0
2011-09-12,0.0
2011-09-13,0.0
2011-09-14,0.0
2011-09-15,0.9159649312612601
2011-09-16,0.6870175580959768
2011-09-17,0.2943859710125253
2011-09-18,6.472105397272391
2011-09-19,1.372280730190687
2011-09-20,0.06912280844990164
2011-09-21,0.02105263201519847
2011-09-22,10.623508992069402
2011-09-23,2.1314035529387185
2011-09-24,0.5975438720313833
2011-09-25,5.134210632706527
2011-09-26,26.0914040494361
2011-09-27,30.401228700147477
2011-09-28,2.7584211097913793
2011-09-29,2.9384211135213265
2011-09-30,0.4787719397456386
2011-10-01,4.58824570911238
2011-10-02,2.1359649565420114
2011-10-03,12.060000249906444
2011-10-04,4.061754470132292
2011-10-05,10.721930046740455
2011-10-06,1.1607017784379425
2011-10-07,5.420000112312846
2011-10-08,3.0484211158007386
2011-10-09,2.3954386461293327
2011-10-10,9.394737036782317
2011-10-11,33.53754455461167
2011-10-12,27.408597059187016
2011-10-13,1.794561440695543
2011-10-14,1.437543889437802
2011-10-15,0.06877193124964834
2011-10-16,0.0
2011-10-17,0.07122807165142149
2011-10-18,0.0005263158003799618
2011-10-19,0.316315796028357
2011-10-20,6.25245626991382
2011-10-21,10.831579171819614
2011-10-22,28.885965510853566
2011-10-23,2.4638597001787277
2011-10-24,8.956140536465682
2011-10-25,0.20789474115008488
2011-10-26,0.6126315916422755
2011-10-27,0.7514035243424588
2011-10-28,8.686491408071015
2011-10-29,6.60000013676472
2011-10-30,13.569824842596427
2011-10-31,6.8742106687626805
2011-11-01,1.9577193388133312
2011-11-02,1.226315814885311
2011-11-03,10.378947583492847
2011-11-04,0.11210526548093186
2011-11-05,0.05210526423761622
2011-11-06,0.04508772023255006
2011-11-07,4.936315891763662
2011-11-08,8.771403690532317
2011-11-09,0.2408771979738958
2011-11-10,0.00807017560582608
2011-11-11,25.350351402501115
2011-11-12,8.027017710194924
2011-11-13,23.237719779775944
2011-11-14,14.5905266181333
2011-11-15,1.4836842412711122
2011-11-16,16.59719332638197
2011-11-17,35.48122880541487
2011-11-18,9.417017738998403
2011-11-19,1.3885965200024657
2011-11-20,0.3957894818857312
2011-11-21,8.697719478479122
2011-11-22,51.419299311120994
2011-11-23,47.845615026541054
2011-11-24,7.955965077143627
2011-11-25,12.640702016325669
2011-11-26,14.414035386405885
2011-11-27,57.694913476251536
2011-11-28,7.5745615604682826
2011-11-29,5.516140465182252
2011-11-30,3.431228141277097
2011-12-01,1.0443859865539706
2011-12-02,0.05526315903989599
2011-12-03,0.0
2011-12-04,0.0
2011-12-05,0.0021052632015198473
2011-12-06,0.007894737005699426
2011-12-07,0.2898245674092323
2011-12-08,0.0
2011-12-09,0.0
2011-12-10,0.0005263158003799618
2011-12-11,0.4621052727336064
2011-12-12,0.0
2011-12-13,0.006842105404939503
2011-12-14,0.512456150969956
2011-12-15,3.437543930881657
2011-12-16,2.0066667082486673
2011-12-17,0.22894737316528335
2011-12-18,3.551052705163602
2011-12-19,0.3515789546538145
2011-12-20,1.2303509026882238
2011-12-21,0.06438596624648199
2011-12-22,0.008245614205952734
2011-12-23,0.18263158273184674
2011-12-24,9.625614234548994
2011-12-25,8.305789645796176
2011-12-26,0.999122827721294
2011-12-27,17.766316157625987
2011-12-28,59.9300012418651
2011-12-29,24.32491278476082
2011-12-30,37.501579724473416
2011-12-31,10.541403727210128
2012-01-01,1.3563158175791616
2012-01-02,8.215789643931204
2012-01-03,18.453158277121837
2012-01-04,26.17193036689423
2012-01-05,29.621228683984377
2012-01-06,1.4161403802223504
2012-01-07,2.1384210969437847
2012-01-08,0.12175438848789782
2012-01-09,2.6856140907388184
2012-01-10,3.26228076935513
2012-01-11,0.7317544011282735
2012-01-12,0.0
2012-01-13,0.7970175603753887
2012-01-14,30.094211149925833
2012-01-15,2.8547369012609125
2012-01-16,4.039122890715953
2012-01-17,20.372281123907307
2012-01-18,20.868772362265737
2012-01-19,9.112105451978277
2012-01-20,16.025263489969074
2012-01-21,48.653509780124296
2012-01-22,6.2210527604911485
2012-01-23,6.943158038612456
2012-01-24,20.30912322786171
2012-01-25,35.747895477607386
2012-01-26,31.031579590402544
2012-01-27,1.272456166718621
2012-01-28,1.9891228482360024
2012-01-29,32.980526999209545
2012-01-30,15.1342108399258
2012-01-31,9.562631777103526
2012-02-01,18.74929863413563
2012-02-02,0.7022807163069956
2012-02-03,0.4761403607437388
2012-02-04,0.008771930006332695
2012-02-05,0.0
2012-02-06,0.0
2012-02-07,0.0
2012-02-08,3.0515790106030183
2012-02-09,4.186315876222216
2012-02-10,1.275438622920774
2012-02-11,0.9249122998677195
2012-02-12,0.32105263823177665
2012-02-13,1.1024561631958931
2012-02-14,2.435438646958209
2012-02-15,0.12807017809245735
2012-02-16,4.0387720135157
2012-02-17,4.374561494158115
2012-02-18,18.012982829404063
2012-02-19,16.41736876125215
2012-02-20,3.254035155149177
2012-02-21,45.7870184926549
2012-02-22,49.88157998101087
2012-02-23,3.6201755136135034
2012-02-24,12.15877218177775
2012-02-25,31.17877257590881
2012-02-26,6.085965038393624
2012-02-27,1.5173684524954298
2012-02-28,1.8424561785301194
2012-02-29,10.220000211778098
2012-03-01,9.445087915018668
2012-03-02,7.861403671675363
2012-03-03,22.644912749947984
2012-03-04,10.924737068486868
2012-03-05,35.14035160536878
2012-03-06,6.440877326449845
2012-03-07,0.3875438676797785
2012-03-08,0.16631579292006793
2012-03-09,8.95473702766467
2012-03-10,26.759474238718397
2012-03-11,23.074211004457904
2012-03-12,16.084561736811885
2012-03-13,19.156316186429468
2012-03-14,8.187719467910938
2012-03-15,48.93859750533011
2012-03-16,12.336140606505797
2012-03-17,10.456140567548573
2012-03-18,2.432631629356183
2012-03-19,1.8470175821334127
2012-03-20,25.839123342453966
2012-03-21,16.312456478376408
2012-03-22,1.5919298575492578
2012-03-23,0.16350877531804148
2012-03-24,0.007017544005066158
2012-03-25,0.5863158016232775
2012-03-26,1.2391228326945567
2012-03-27,2.6454386513098145
2012-03-28,11.291579181351699
2012-03-29,38.27614114403259
2012-03-30,21.892456594004763
2012-03-31,10.715965134336148
2012-04-01,10.810526539804414
2012-04-02,3.3975439300527794
2012-04-03,2.8592983048642058
2012-04-04,1.4587719600531275
2012-04-05,1.6975438948255033
2012-04-06,0.8319298418005928
2012-04-07,0.01719298281241208
2012-04-08,0.1770175475277938
2012-04-09,0.0822807034594007
2012-04-10,1.2347368676913903
2012-04-11,3.832807096967008
2012-04-12,4.943859751569108
2012-04-13,1.1261403742129914
2012-04-14,0.11666666908422485
2012-04-15,0.0
2012-04-16,15.407368740323001
2012-04-17,4.977894839993678
2012-04-18,5.240175547183026
2012-04-19,11.845614280551672
2012-04-20,42.44508859884227
2012-04-21,0.9663158094976099
2012-04-22,0.03403508842457086
2012-04-23,0.10947368647903205
2012-04-24,6.342456271778792
2012-04-25,8.741754567110913
2012-04-26,19.02035127133131
2012-04-27,7.2035089212004095
2012-04-28,0.26701754939276723
2012-04-29,0.10263158107409255
2012-04-30,22.760175910231194
2012-05-01,17.57386001328705
2012-05-02,2.496140402602032
2012-05-03,4.765263256640173
2012-05-04,10.880701979855075
2012-05-05,3.0371930453926326
2012-05-06,0.15210526630980895
2012-05-07,0.01245614060899243
2012-05-08,0.007719298405572773
2012-05-09,0.12438596748979763
2012-05-10,0.6719298384850846
2012-05-11,0.06192982584470884
2012-05-12,0.0
2012-05-13,0.0
2012-05-14,0.0
2012-05-15,0.0
2012-05-16,0.0
2012-05-17,0.0
2012-05-18,0.0
2012-05-19,0.0026315790018998086
2012-05-20,7.019824706867803
2012-05-21,22.942281177162663
2012-05-22,7.898421216302086
2012-05-23,19.92631620238535
2012-05-24,4.03456148711266
2012-05-25,0.6921052774996497
2012-05-26,0.002982456202153117
2012-05-27,0.003157894802279771
2012-05-28,1.2012280950671994
2012-05-29,0.967193002498243
2012-05-30,0.09122807206586003
2012-05-31,5.00403519141255
2012-06-01,9.13087738219183
2012-06-02,8.212105433328542
2012-06-03,4.439473776204977
2012-06-04,2.787894794612658
2012-06-05,13.654737125057729
2012-06-06,1.3745614319923334
2012-06-07,10.135789683717302
2012-06-08,5.4808773065567955
2012-06-09,2.4517544367699884
2012-06-10,0.6584210662753321
2012-06-11,0.03789473762735725
2012-06-12,1.483157925470732
2012-06-13,4.548772024083883
2012-06-14,0.04947368523571641
2012-06-15,0.1350877220975235
2012-06-16,9.907368626352401
2012-06-17,9.747894938837272
2012-06-18,12.079473934520502
2012-06-19,2.170701799367089
2012-06-20,0.591578959627077
2012-06-21,0.0005263158003799618
2012-06-22,4.313859738514293
2012-06-23,13.300702030002139
2012-06-24,2.2126316247973596
2012-06-25,1.777894773683511
2012-06-26,8.513333509746008
2012-06-27,0.1371929852990434
2012-06-28,1.0389473899500445
2012-06-29,0.8178947537904606
2012-06-30,5.586491343833041
2012-07-01,2.7666667239973326
2012-07-02,1.8156140727107415
2012-07-03,21.998772385681512
2012-07-04,0.958070195291657
2012-07-05,0.0
2012-07-06,0.0
2012-07-07,0.0
2012-07-08,0.0
2012-07-09,0.09543859846889974
2012-07-10,0.04210526403039694
2012-07-11,0.0
2012-07-12,0.0
2012-07-13,0.7184210675186478
2012-07-14,0.7784210687619635
2012-07-15,2.742982512980234
2012-07-16,2.1835088171763344
2012-07-17,0.5184210633742623
2012-07-18,0.030000000621657818
2012-07-19,0.0
2012-07-20,4.81473694187589
2012-07-21,1.9524561808095313
2012-07-22,1.9036842499743218
2012-07-23,4.242280789662619
2012-07-24,0.24438596997642892
2012-07-25,1.0982456367928537
2012-07-26,1.9854386376333424
2012-07-27,0.0
2012-07-28,0.0
2012-07-29,0.0
2012-07-30,0.0
2012-07-31,0.0
2012-08-01,0.014035088010132313
2012-08-02,0.025964912818744783
2012-08-03,0.007017544005066156
2012-08-04,0.0
2012-08-05,0.0
2012-08-06,0.2556140403845348
2012-08-07,0.06614035224774853
2012-08-08,0.03701754462672398
2012-08-09,0.021403509215451776
2012-08-10,0.0
2012-08-11,0.0
2012-08-12,0.0
2012-08-13,0.0
2012-08-14,0.03087719362229109
2012-08-15,0.0
2012-08-16,0.0
2012-08-17,0.0
2012-08-18,0.008596491406206042
2012-08-19,0.0012280702008865775
2012-08-20,0.5442105375928805
2012-08-21,0.027017544419504703
2012-08-22,0.04947368523571641
2012-08-23,0.021754386415705085
2012-08-24,0.038947369228117174
2012-08-25,0.011578947608359159
2012-08-26,0.22964912756578998
2012-08-27,0.0
2012-08-28,0.02631579001899809
2012-08-29,3.8340351671678947
2012-08-30,0.20491228494793176
2012-08-31,0.0
2012-09-01,0.0
2012-09-02,0.0
2012-09-03,0.0
2012-09-04,0.0
2012-09-05,0.03175438662292436
2012-09-06,0.022631579416338355
2012-09-07,0.0
2012-09-08,0.0
2012-09-09,2.0054386380477807
2012-09-10,8.604386143211741
2012-09-11,1.7431579308584333
2012-09-12,0.04438596583204344
2012-09-13,0.0
2012-09-14,0.0
2012-09-15,0.0
2012-09-16,0.0
2012-09-17,0.0
2012-09-18,0.0
2012-09-19,0.0
2012-09-20,0.0
2012-09-21,0.009298245806712659
2012-09-22,0.00491228080354631
2012-09-23,0.0
2012-09-24,0.0005263158003799618
2012-09-25,0.0031578948022797705
2012-09-26,0.0
2012-09-27,0.0
2012-09-28,0.02192982501583174
2012-09-29,0.0
2012-09-30,0.0
2012-10-01,0.0
2012-10-02,0.26894737399416047
2012-10-03,0.302631585218478
2012-10-04,0.0
2012-10-05,0.0
2012-10-06,0.0
2012-10-07,0.0
2012-10-08,0.0
2012-10-09,0.0
2012-10-10,0.0
2012-10-11,0.0
2012-10-12,2.584386018465739
2012-10-13,15.740351203363389
2012-10-14,62.10719426943688
2012-10-15,26.31473738739733
2012-10-16,35.26210599385668
2012-10-17,5.023859753226862
2012-10-18,9.94929845178267
2012-10-19,41.171755239123016
2012-10-20,32.93596559477737
2012-10-21,7.7917545474250804
2012-10-22,3.016491290577688
2012-10-23,12.656666928937193
2012-10-24,3.8682456941925922
2012-10-25,2.0754386394983158
2012-10-26,6.634736979589799
2012-10-27,13.90368449863745
2012-10-28,10.957894963910803
2012-10-29,27.314211092318875
2012-10-30,32.46666733943857
2012-10-31,38.721930626954425
2012-11-01,12.121930075751152
2012-11-02,4.148772015795112
2012-11-03,15.987193313741592
2012-11-04,9.059473871940282
2012-11-05,15.827017871825955
2012-11-06,3.448421124089509
2012-11-07,3.456315861095209
2012-11-08,0.39035088528180495
2012-11-09,0.022105263615958395
2012-11-10,0.004736842203419656
2012-11-11,2.569473737454973
2012-11-12,16.3301757769892
2012-11-13,22.1507022133912
2012-11-14,11.971228318242357
2012-11-15,1.0556140569620767
2012-11-16,1.9001754779717883
2012-11-17,15.155263471940998
2012-11-18,10.449824777944013
2012-11-19,62.047369706793695
2012-11-20,15.38807049430907
2012-11-21,18.965614428091794
2012-11-22,2.5882456676685255
2012-11-23,38.24929903821321
2012-11-24,6.203333461878357
2012-11-25,2.862105322466232
2012-11-26,0.03456140422495082
2012-11-27,0.0
2012-11-28,2.171228115167469
2012-11-29,9.945965118380265
2012-11-30,18.914035479654558
2012-12-01,24.10736892060377
2012-12-02,24.68789524842287
2012-12-03,19.177368818444666
2012-12-04,31.170000645902476
2012-12-05,23.943333829485347
2012-12-06,16.04543892898364
2012-12-07,26.2882461587782
2012-12-08,9.357017737755086
2012-12-09,6.322105394164101
2012-12-10,3.3470176132163036
2012-12-11,8.000701920175926
2012-12-12,8.168947537697386
2012-12-13,1.6105263491626831
2012-12-14,5.890350999252406
2012-12-15,10.965789700916503
2012-12-16,10.791930048190988
2012-12-17,43.57736932405969
2012-12-18,9.37842124697054
2012-12-19,30.477895368402827
2012-12-20,32.71263225681614
2012-12-21,1.1747368664480744
2012-12-22,8.985087905486582
2012-12-23,0.9912280907155946
2012-12-24,5.231403617176693
2012-12-25,6.572982592345216
2012-12-26,2.446140401565936
2012-12-27,7.575087876268663
2012-12-28,0.21543860095553102
2012-12-29,1.5201754700974563
2012-12-30,1.800175475899596
2012-12-31,0.014385965210385623
2013-01-01,0.0
2013-01-02,0.0
2013-01-03,0.0042105264030396945
2013-01-04,10.410526531515643
2013-01-05,7.0110527768614705
2013-01-06,8.546666843770073
2013-01-07,36.38561478906777
2013-01-08,33.24193051339826
2013-01-09,42.9633342236164
2013-01-10,5.177368528337684
2013-01-11,0.3596491302596405
2013-01-12,0.15491228391183542
2013-01-13,0.0
2013-01-14,0.0
2013-01-15,0.0
2013-01-16,0.0
2013-01-17,0.0
2013-01-18,0.0022807018016465013
2013-01-19,0.0
2013-01-20,0.0
2013-01-21,0.0
2013-01-22,0.0010526316007599236
2013-01-23,7.8998247251031
2013-01-24,3.1540351530769843
2013-01-25,10.135263367916924
2013-01-26,8.491930000530557
2013-01-27,13.904912568838338
2013-01-28,19.595263563946354
2013-01-29,22.269298707076814
2013-01-30,14.193859943246936
2013-01-31,15.128070488921367
2013-02-01,1.9536842510104178
2013-02-02,0.2533333385828883
2013-02-03,0.835438613803126
2013-02-04,0.5773684330168181
2013-02-05,11.880526561976877
2013-02-06,5.908245736465324
2013-02-07,7.952631743741222
2013-02-08,0.4126315874978901
2013-02-09,0.1477193013066426
2013-02-10,0.008771930006332695
2013-02-11,0.05403508883900941
2013-02-12,4.184561490220949
2013-02-13,4.058070259529632
2013-02-14,4.113157979969401
2013-02-15,0.16000000331550837
2013-02-16,13.115263429668268
2013-02-17,6.5259650475112725
2013-02-18,0.6071929950383492
2013-02-19,0.23807018037186936
2013-02-20,0.1500000031082891
2013-02-21,10.232807229587344
2013-02-22,28.805263754795305
2013-02-23,17.462281063606497
2013-02-24,10.67228092290461
2013-02-25,14.826140658103396
2013-02-26,3.638772005226929
2013-02-27,8.321228242607322
2013-02-28,22.940175913961138
2013-03-01,26.165965454489925
2013-03-02,7.184386113786605
2013-03-03,4.580701849306934
2013-03-04,0.14228070470271634
2013-03-05,0.3585964986588806
2013-03-06,4.0631579789333045
2013-03-07,2.7447368989815004
2013-03-08,1.2557894997065888
2013-03-09,0.0
2013-03-10,0.0201754390145652
2013-03-11,0.12912280969321727
2013-03-12,28.960000600107016
2013-03-13,25.134912801545582
2013-03-14,11.87771954437485
2013-03-15,5.913508894469124
2013-03-16,19.892105675360654
2013-03-17,11.208596723491791
2013-03-18,12.869473950890825
2013-03-19,4.409122898383066
2013-03-20,47.855088710947896
2013-03-21,11.287017777748407
2013-03-22,4.49333342644386
2013-03-23,0.2922807078110055
2013-03-24,0.0
2013-03-25,0.0
2013-03-26,0.20666667094919833
2013-03-27,0.10508772147586569
2013-03-28,0.1994736883440055
2013-03-29,0.29526316401315855
2013-03-30,0.010526316007599235
2013-03-31,0.0
2013-04-01,0.0
2013-04-02,0.0
2013-04-03,0.0
2013-04-04,15.122982769517693
2013-04-05,27.697368994995486
2013-04-06,24.265965415118263
2013-04-07,20.873333765869027
2013-04-08,4.515965005860199
2013-04-09,0.7749122967594304
2013-04-10,26.109474225249144
2013-04-11,11.207017776090654
2013-04-12,4.935965014563408
2013-04-13,11.7661405946943
2013-04-14,3.5189474413404245
2013-04-15,3.714912357681897
2013-04-16,0.7419298399356196
2013-04-17,0.36035088466014714
2013-04-18,2.3189474164741113
2013-04-19,11.458947605872527
2013-04-20,10.859298470639624
2013-04-21,11.92438621200854
2013-04-22,1.5229824876994829
2013-04-23,1.0438596707535908
2013-04-24,0.0
2013-04-25,0.0
2013-04-26,0.1050877214758657
2013-04-27,4.122807102976367
2013-04-28,4.602280797122512
2013-04-29,18.335965292237233
2013-04-30,5.511228184378706
2013-05-01,0.5877193104242906
2013-05-02,0.0
2013-05-03,0.0
2013-05-04,0.0
2013-05-05,0.0
2013-05-06,0.0
2013-05-07,0.0
2013-05-08,0.0
2013-05-09,0.0
2013-05-10,0.0
2013-05-11,0.024561404017731547
2013-05-12,9.643859848962165
2013-05-13,21.242281141935386
2013-05-14,6.294035218143836
2013-05-15,4.49596500544576
2013-05-16,2.787017601612024
2013-05-17,3.1061404152424075
2013-05-18,1.5714035413344394
2013-05-19,0.8589473862200976
2013-05-20,0.2971929886145518
2013-05-21,14.752807323250455
2013-05-22,7.787544021022041
2013-05-23,5.3745615148800425
2013-05-24,0.6861403650953435
2013-05-25,0.5378947479883209
2013-05-26,1.65368424479384
2013-05-27,5.715438714926131
2013-05-28,3.2270176107296717
2013-05-29,7.041228216083255
2013-05-30,7.89298261969816
2013-05-31,4.047017627721653
2013-06-01,1.3314035363611767
2013-06-02,0.36754386726533994
2013-06-03,0.19228070573881273
2013-06-04,0.0
2013-06-05,0.005263158003799618
2013-06-06,0.0
2013-06-07,0.028771930420771245
2013-06-08,0.0
2013-06-09,0.0
2013-06-10,0.0
2013-06-11,0.13157895009499043
2013-06-12,1.7685965278767983
2013-06-13,1.1642105504404754
2013-06-14,1.1014035315951334
2013-06-15,0.34964913005242126
2013-06-16,1.9056140745757149
2013-06-17,1.6468421393889003
2013-06-18,2.071403551695403
2013-06-19,2.724912337167189
2013-06-20,19.234035486285578
2013-06-21,5.60543871264672
2013-06-22,0.01964912321418524
2013-06-23,0.9750877395039425
2013-06-24,7.420000153756701
2013-06-25,5.364736953272951
2013-06-26,4.343157984735445
2013-06-27,4.476491320831702
2013-06-28,0.21807017995743083
2013-06-29,4.326140440523159
2013-06-30,0.3192982522305101
2013-07-01,0.003157894802279771
2013-07-02,0.006842105404939503
2013-07-03,0.0
2013-07-04,0.0
2013-07-05,0.0
2013-07-06,0.0
2013-07-07,1.183684235054534
2013-07-08,0.0312280708225444
2013-07-09,0.017368421412538738
2013-07-10,0.017368421412538738
2013-07-11,0.0
2013-07-12,0.034912281425204125
2013-07-13,0.0
2013-07-14,0.01070175460772589
2013-07-15,0.01614035121165216
2013-07-16,0.041403509629890325
2013-07-17,3.2171930491225798
2013-07-18,0.0
2013-07-19,0.018070175813045354
2013-07-20,0.0
2013-07-21,0.26789474239340055
2013-07-22,0.0
2013-07-23,0.02947368482127786
2013-07-24,0.0
2013-07-25,0.0
2013-07-26,0.0
2013-07-27,0.0
2013-07-28,0.0201754390145652
2013-07-29,0.050000001036096364
2013-07-30,0.23578947857022287
2013-07-31,0.24771930337883535
2013-08-01,3.5045614761300383
2013-08-02,5.965789597306866
2013-08-03,0.7961403673747555
2013-08-04,0.29982456761645154
2013-08-05,0.18666667053475977
2013-08-06,0.0
2013-08-07,0.0
2013-08-08,0.0
2013-08-09,0.09877193187130616
2013-08-10,4.2135088592418475
2013-08-11,11.266316022933463
2013-08-12,2.0496491652796975
2013-08-13,0.006140351004432887
2013-08-14,0.18929824953665958
2013-08-15,5.9531580180977475
2013-08-16,1.4552631880505942
2013-08-17,0.3177193048293703
2013-08-18,0.007017544005066157
2013-08-19,0.009473684406839312
2013-08-20,0.0
2013-08-21,0.0
2013-08-22,0.0
2013-08-23,0.01842105301329866
2013-08-24,0.41929825430270284
2013-08-25,0.10666666887700559
2013-08-26,4.442280793807004
2013-08-27,2.4308772433549164
2013-08-28,8.2500001709559
2013-08-29,23.823333826998716
2013-08-30,8.755263339320663
2013-08-31,1.0066666875267403
2013-09-01,0.0
2013-09-02,0.02333333381684497
2013-09-03,2.3443860134924766
2013-09-04,1.4089473976171578
2013-09-05,5.373859760479537
2013-09-06,26.028597030590756
2013-09-07,11.295438830554486
2013-09-08,0.33298246304038914
2013-09-09,0.1226315814885311
2013-09-10,0.0
2013-09-11,0.0
2013-09-12,0.0
2013-09-13,0.0
2013-09-14,0.0
2013-09-15,0.42614035970764236
2013-09-16,8.002807183377445
2013-09-17,2.0807017975021154
2013-09-18,2.9080702356994155
2013-09-19,0.41912281570257626
2013-09-20,0.006842105404939503
2013-09-21,3.6807018306571995
2013-09-22,14.20298275045352
2013-09-23,26.034912820195316
2013-09-24,4.991579050803558
2013-09-25,0.7092982603120618
2013-09-26,0.05877193104242906
2013-09-27,3.6649123566458
2013-09-28,42.6440359713859
2013-09-29,33.80403578820406
2013-09-30,35.03543932249305
2013-10-01,14.961403818801045
2013-10-02,14.594561705936215
2013-10-03,1.098070198192727
2013-10-04,0.0335087726241909
2013-10-05,0.0
2013-10-06,0.1307017570943572
2013-10-07,12.367368677328342
2013-10-08,18.6319302106509
2013-10-09,0.7371929977321998
2013-10-10,0.1857894775341265
2013-10-11,0.06614035224774853
2013-10-12,0.18526316173374655
2013-10-13,0.058245615242049104
2013-10-14,0.0017543860012665393
2013-10-15,0.0
2013-10-16,0.0
2013-10-17,0.0
2013-10-18,0.0
2013-10-19,0.0
2013-10-20,0.0
2013-10-21,0.0
2013-10-22,0.0
2013-10-23,0.0
2013-10-24,0.0019298246013931932
2013-10-25,0.0
2013-10-26,0.006315789604559542
2013-10-27,1.5022807328845373
2013-10-28,0.8908772114431487
2013-10-29,0.0647368434467353
2013-10-30,0.03473684282507748
2013-10-31,7.717719458171632
2013-11-01,0.6824561544926838
2013-11-02,32.01912347051548
2013-11-03,15.59666698985966
2013-11-04,1.4322807314340027
2013-11-05,11.022807245957665
2013-11-06,1.3198245887528175
2013-11-07,32.26298312469153
2013-11-08,9.06578966154484
2013-11-09,1.0729824783746154
2013-11-10,5.2107018623617485
2013-11-11,3.092807081632782
2013-11-12,5.212456248363015
2013-11-13,8.72403526849812
2013-11-14,1.9498246018076317
2013-11-15,16.312456478376404
2013-11-16,17.60000036470592
2013-11-17,16.579474027769177
2013-11-18,27.547193553287073
2013-11-19,28.63842164607486
2013-11-20,0.673684224486351
2013-11-21,0.0
2013-11-22,0.0012280702008865775
2013-11-23,0.006315789604559541
2013-11-24,0.0
2013-11-25,0.0
2013-11-26,0.017719298612792044
2013-11-27,0.2261403555632569
2013-11-28,0.0
2013-11-29,0.7754386125598103
2013-11-30,5.249649231589865
2013-12-01,43.81280792542966
2013-12-02,13.7500002849265
2013-12-03,0.960175458493177
2013-12-04,0.09035087906522676
2013-12-05,0.0
2013-12-06,0.0
2013-12-07,0.0
2013-12-08,0.0
2013-12-09,0.48543860655045135
2013-12-10,1.2807017809245735
2013-12-11,0.027017544419504706
2013-12-12,3.3638597188284622
2013-12-13,8.380000173649751
2013-12-14,1.5647368745296264
2013-12-15,5.853333454625681
2013-12-16,0.8626315968227574
2013-12-17,0.41666667530080304
2013-12-18,2.268421099637635
2013-12-19,0.5296491337823682
2013-12-20,12.333684466104025
2013-12-21,5.449473797134124
2013-12-22,18.325438976229634
2013-12-23,33.7214042075444
2013-12-24,5.391403620492202
2013-12-25,0.41596492090029635
2013-12-26,0.477017553744372
2013-12-27,6.4292983788414855
2013-12-28,3.1466667318716643
2013-12-29,1.8412281083292328
2013-12-30,0.8605263336212374
2013-12-31,0.8605263336212374
2014-01-01,2.542631631635595
2014-01-02,38.55438676383346
2014-01-03,2.3670175929088146
2014-01-04,0.027017544419504703
2014-01-05,0.0692982470500283
2014-01-06,0.7900000163703226
2014-01-07,15.817719626019244
2014-01-08,20.150526733347217
2014-01-09,20.36000042189844
2014-01-10,43.67947458933341
2014-01-11,50.75140456043883
2014-01-12,38.85175519104815
2014-01-13,22.799298718059436
2014-01-14,2.5259649646235633
2014-01-15,0.19894737254362554
2014-01-16,0.0056140352040529255
2014-01-17,0.0
2014-01-18,0.0
2014-01-19,0.0
2014-01-20,0.0
2014-01-21,0.009649123006965965
2014-01-22,0.0
2014-01-23,0.0
2014-01-24,0.0
2014-01-25,0.0
2014-01-26,0.0015789474011398852
2014-01-27,0.027543860219884666
2014-01-28,4.372982546756975
2014-01-29,17.179824917402584
2014-01-30,11.259824794728775
2014-01-31,2.4356140855583366
2014-02-01,0.06105263284407557
2014-02-02,0.04771929923444987
2014-02-03,0.03017543922178447
2014-02-04,0.0012280702008865775
2014-02-05,0.0
2014-02-06,0.09947368627181277
2014-02-07,0.016140351211652162
2014-02-08,1.4643859952571803
2014-02-09,4.269298334082124
2014-02-10,30.295088347070852
2014-02-11,24.05526365636615
2014-02-12,21.97017589386087
2014-02-13,13.885263445624151
2014-02-14,16.83614069975447
2014-02-15,27.667544432973955
2014-02-16,32.94982524418738
2014-02-17,24.097719797596802
2014-02-18,38.07438675388694
2014-02-19,14.732631884235891
2014-02-20,14.751579253049567
2014-02-21,3.024386027583387
2014-02-22,12.532456400047522
2014-02-23,21.36298289882252
2014-02-24,17.466667028609663
2014-02-25,1.3603509053820746
2014-02-26,0.051403509837109604
2014-02-27,1.185614059655927
2014-02-28,0.04017543942900374
2014-03-01,11.10491251081694
2014-03-02,41.929825430270284
2014-03-03,35.95473758715671
2014-03-04,29.98386027044617
2014-03-05,39.49526397631271
2014-03-06,33.80508841980482
2014-03-07,1.857894775341265
2014-03-08,52.18140459007118
2014-03-09,12.115438847546466
2014-03-10,3.7642106043174866
2014-03-11,0.015087719610892236
2014-03-12,0.0031578948022797705
2014-03-13,3.7357895510969685
2014-03-14,16.55719332555309
2014-03-15,41.50649208816467
2014-03-16,28.399825149902608
2014-03-17,4.4952632510452535
2014-03-18,4.5026316722505735
2014-03-19,22.941579422762153
2014-03-20,3.458070247096475
2014-03-21,0.12228070428827778
2014-03-22,2.9731579563464035
2014-03-23,0.020701754814945163
2014-03-24,0.04508772023255005
2014-03-25,15.43771961814491
2014-03-26,5.963158018304966
2014-03-27,5.0722808068618175
2014-03-28,19.3638600503793
2014-03-29,21.100526753033048
2014-03-30,9.53035107468022
2014-03-31,0.15052631890866908
2014-04-01,0.0
2014-04-02,0.0073684212053194646
2014-04-03,6.625614172383211
2014-04-04,3.5514035823638554
2014-04-05,13.883684498223012
2014-04-06,2.446842155966442
2014-04-07,0.12771930089220404
2014-04-08,13.373333610454575
2014-04-09,0.018771930213551967
2014-04-10,0.003508772002533078
2014-04-11,0.110000002279412
2014-04-12,0.07017544005066156
2014-04-13,0.005789473804179579
2014-04-14,0.4385965003166348
2014-04-15,5.198596598953008
2014-04-16,15.698772255133372
2014-04-17,20.576842531654982
2014-04-18,4.870877293916419
2014-04-19,13.326140627020505
2014-04-20,0.8691228250274436
2014-04-21,8.870877376804128
2014-04-22,10.127894946711605
2014-04-23,15.163859963347205
2014-04-24,18.284386343799998
2014-04-25,1.1271930058137514
2014-04-26,3.2192983123240992
2014-04-27,15.194386279769244
2014-04-28,0.12087719548726454
2014-04-29,0.0
2014-04-30,0.0
2014-05-01,0.0
2014-05-02,4.537193076475524
2014-05-03,15.488421373581513
2014-05-04,19.80859690170037
2014-05-05,6.447543993254657
2014-05-06,1.3159649395500312
2014-05-07,0.003333333402406424
2014-05-08,18.145088095299435
2014-05-09,12.539649382652716
2014-05-10,0.6964912425028161
2014-05-11,0.0
2014-05-12,0.0
2014-05-13,0.0
2014-05-14,0.0
2014-05-15,0.0
2014-05-16,0.0021052632015198473
2014-05-17,0.9914035293157213
2014-05-18,3.80649130694801
2014-05-19,0.1314035114948638
2014-05-20,0.0
2014-05-21,0.0
2014-05-22,0.2277193029643968
2014-05-23,11.743158138077707
2014-05-24,0.06596491364762187
2014-05-25,7.396140504139476
2014-05-26,6.23561416430166
2014-05-27,1.092456162988674
2014-05-28,7.535614191240166
2014-05-29,1.4238596786279234
2014-05-30,0.004912280803546309
2014-05-31,0.0
2014-06-01,0.0
2014-06-02,0.01210526340873912
2014-06-03,0.004736842203419656
2014-06-04,0.0
2014-06-05,0.0
2014-06-06,0.0
2014-06-07,0.0038596492027863864
2014-06-08,0.0
2014-06-09,0.0005263158003799618
2014-06-10,0.44192983371904127
2014-06-11,0.0
2014-06-12,15.372281020297669
2014-06-13,8.680877372866963
2014-06-14,1.6489474025904203
2014-06-15,4.827193082484882
2014-06-16,3.6038597238017247
2014-06-17,0.15789474011398852
2014-06-18,0.0
2014-06-19,2.5231579470215366
2014-06-20,0.46403509733499965
2014-06-21,0.0
2014-06-22,0.0
2014-06-23,0.6319298376562075
2014-06-24,0.7496491383411922
2014-06-25,0.0
2014-06-26,2.9191228675073946
2014-06-27,10.905438822472934
2014-06-28,14.474210826249328
2014-06-29,1.9905263570370155
2014-06-30,0.0
2014-07-01,0.0
2014-07-02,0.0
2014-07-03,0.020000000414438546
2014-07-04,0.07298245765268804
2014-07-05,0.0005263158003799618
2014-07-06,0.10192982667358594
2014-07-07,0.0
2014-07-08,0.0
2014-07-09,0.0005263158003799618
2014-07-10,0.0
2014-07-11,0.0
2014-07-12,0.0
2014-07-13,0.0
2014-07-14,0.04877193083520978
2014-07-15,0.0
2014-07-16,0.0
2014-07-17,0.031228070822544397
2014-07-18,1.368771958188154
2014-07-19,13.378421329858247
2014-07-20,0.9445614230819047
2014-07-21,0.0012280702008865775
2014-07-22,2.3554386453004557
2014-07-23,27.43859705980867
2014-07-24,7.661403667530977
2014-07-25,0.0
2014-07-26,0.0
2014-07-27,0.0
2014-07-28,0.0
2014-07-29,0.0
2014-07-30,0.0
2014-07-31,0.0
2014-08-01,0.005087719403672964
2014-08-02,0.12859649389283734
2014-08-03,0.005087719403672964
2014-08-04,0.0
2014-08-05,0.08403508946066723
2014-08-06,0.06947368565015495
2014-08-07,0.0
2014-08-08,0.0008771930006332695
2014-08-09,0.0
2014-08-10,0.0
2014-08-11,0.021228070615325122
2014-08-12,16.614561747794507
2014-08-13,14.8294739915058
2014-08-14,8.951754571462516
2014-08-15,0.23543860136996958
2014-08-16,0.0
2014-08-17,0.004561403603293002
2014-08-18,0.06438596624648199
2014-08-19,0.09122807206586005
2014-08-20,0.007894737005699426
2014-08-21,0.2659649177920073
2014-08-22,0.2026315831462853
2014-08-23,0.002982456202153117
2014-08-24,0.2756140407989733
2014-08-25,0.0
2014-08-26,0.0
2014-08-27,0.0
2014-08-28,0.15982456471538173
2014-08-29,3.3207018231973056
2014-08-30,4.033333416911773
2014-08-31,1.2607017805101353
2014-09-01,0.004736842203419656
2014-09-02,19.15508811622858
2014-09-03,0.04859649223508314
2014-09-04,0.0
2014-09-05,0.0
2014-09-06,0.0
2014-09-07,0.0
2014-09-08,0.019824561814311893
2014-09-09,0.0
2014-09-10,0.008771930006332695
2014-09-11,0.025614035618491474
2014-09-12,0.006140351004432887
2014-09-13,0.0036842106026597323
2014-09-14,0.0
2014-09-15,0.004561403603293002
2014-09-16,0.0
2014-09-17,3.9885965738794766
2014-09-18,7.822807179647498
2014-09-19,0.2596491281874478
2014-09-20,0.0
2014-09-21,0.0
2014-09-22,1.545087751315441
2014-09-23,22.417193446983585
2014-09-24,16.599474028183614
2014-09-25,8.974035273678602
2014-09-26,8.034210692800116
2014-09-27,0.2833333392045461
2014-09-28,0.04017543942900374
2014-09-29,6.788421193300747
2014-09-30,6.327719429368154
2014-10-01,0.0005263158003799618
2014-10-02,0.15947368751512842
2014-10-03,0.01070175460772589
2014-10-04,0.17649123172741385
2014-10-05,0.0005263158003799618
2014-10-06,0.0
2014-10-07,0.0
2014-10-08,0.010350877407472581
2014-10-09,0.0
2014-10-10,1.3319298521615566
2014-10-11,11.746842348680367
2014-10-12,3.277543927566149
2014-10-13,22.472105728823227
2014-10-14,7.283508922858164
2014-10-15,25.320000524679198
2014-10-16,0.985964932711795
2014-10-17,15.817895064619371
2014-10-18,3.0691228706156837
2014-10-19,3.4814035809133204
2014-10-20,18.03578984742053
2014-10-21,15.220175753987862
2014-10-22,49.16754487849539
2014-10-23,16.402281041641256
2014-10-24,5.8843860868480995
2014-10-25,34.43403580125887
2014-10-26,11.795614279515576
2014-10-27,2.451578998169862
2014-10-28,21.493333778716625
2014-10-29,11.485965150292031
2014-10-30,31.263509419769985
2014-10-31,11.611930065182971
2014-11-01,0.3363157964427955
2014-11-02,4.5238597428658975
2014-11-03,39.508948187122584
2014-11-04,20.429649546148724
2014-11-05,12.975438865367325
2014-11-06,27.70035145119764
2014-11-07,0.21000000435160474
2014-11-08,1.8026316163013694
2014-11-09,14.900526624557097
2014-11-10,0.0
2014-11-11,0.0019298246013931932
2014-11-12,0.0
2014-11-13,0.0
2014-11-14,0.0014035088010132314
2014-11-15,0.030701755022164438
2014-11-16,0.11087719528004528
2014-11-17,0.028596491820644585
2014-11-18,0.053684211638756106
2014-11-19,0.44894737772410737
2014-11-20,10.599298465251923
2014-11-21,33.484912974573675
2014-11-22,18.135614410892597
2014-11-23,22.81122854286805
2014-11-24,23.410526800900698
2014-11-25,65.60333469276082
2014-11-26,28.556316381215584
2014-11-27,42.76298334227177
2014-11-28,42.17386052304646
2014-11-29,1.0285965125425718
2014-11-30,0.6512280836701394
2014-12-01,0.008421052806079389
2014-12-02,0.025964912818744777
2014-12-03,0.028070176020264622
2014-12-04,6.170000127854292
2014-12-05,9.40877212479245
2014-12-06,11.393859885225538
2014-12-07,0.020000000414438546
2014-12-08,19.986667080828923
2014-12-09,39.036492036981514
2014-12-10,38.893158700678036
2014-12-11,13.67456168687204
2014-12-12,3.4601755102979954
2014-12-13,0.7819298407644965
2014-12-14,0.02771929882001132
2014-12-15,0.0014035088010132314
2014-12-16,0.24087719797389584
2014-12-17,2.7687719871988525
2014-12-18,14.65035118077649
2014-12-19,12.06596516231075
2014-12-20,36.939474449667614
2014-12-21,13.80193011056399
2014-12-22,0.8684210706269369
2014-12-23,30.96701818555594
2014-12-24,5.322105373442173
2014-12-25,1.9238596889888866
2014-12-26,0.35368421785533427
2014-12-27,20.764561833790506
2014-12-28,5.276491337409243
2014-12-29,1.9807017954299229
2014-12-30,0.1550877225119621
2014-12-31,0.04929824663558975
2015-01-01,0.0033333334024064245
2015-01-02,4.741228168422822
2015-01-03,2.323684258677531
2015-01-04,64.61649256704841
2015-01-05,52.43543968305458
2015-01-06,0.2543859701836482
2015-01-07,0.2864912340068258
2015-01-08,0.08684210706269369
2015-01-09,0.5219298353767954
2015-01-10,2.42807022575289
2015-01-11,0.4384210617165081
2015-01-12,0.059824562643188986
2015-01-13,0.0
2015-01-14,0.0
2015-01-15,14.71684241022449
2015-01-16,6.755263297876809
2015-01-17,29.09438656780403
2015-01-18,27.125965474382973
2015-01-19,12.564912541070953
2015-01-20,0.0
2015-01-21,0.23140351356705652
2015-01-22,3.058245677407831
2015-01-23,48.46701854818967
2015-01-24,8.97982474748278
2015-01-25,0.006491228204686195
2015-01-26,0.03807017622748391
2015-01-27,0.7833333495655097
2015-01-28,0.06017543984344229
2015-01-29,0.0
2015-01-30,0.010701754607725888
2015-01-31,0.1857894775341265
2015-02-01,9.162456330214628
2015-02-02,13.788596776954364
2015-02-03,0.8026315955794416
2015-02-04,8.764035269326996
2015-02-05,55.92035203597044
2015-02-06,55.66386080258526
2015-02-07,33.61982525807107
2015-02-08,6.481403643079103
2015-02-09,5.490000113763381
2015-02-10,4.143157980591059
2015-02-11,0.0
2015-02-12,0.1275438622920774
2015-02-13,1.2364912536926569
2015-02-14,1.2829824827262202
2015-02-15,0.007719298405572773
2015-02-16,0.0
2015-02-17,0.0
2015-02-18,0.40789474529447034
2015-02-19,4.458070267818403
2015-02-20,2.4359649627585895
2015-02-21,0.11333333568181843
2015-02-22,0.011929824808612467
2015-02-23,0.0
2015-02-24,0.0024561404017731546
2015-02-25,1.28245616692584
2015-02-26,1.7726316156797113
2015-02-27,4.201052718632854
2015-02-28,0.0647368434467353
2015-03-01,0.5619298362056725
2015-03-02,0.025438597018364824
2015-03-03,0.0
2015-03-04,0.0040350878029130404
2015-03-05,0.0028070176020264627
2015-03-06,0.0056140352040529255
2015-03-07,0.0
2015-03-08,0.0
2015-03-09,0.0
2015-03-10,0.3522807090543211
2015-03-11,11.69000024223933
2015-03-12,0.3145614100270905
2015-03-13,8.874912464607043
2015-03-14,39.50526397651993
2015-03-15,42.99298334703781
2015-03-16,4.364210616750643
2015-03-17,0.7807017705636099
2015-03-18,0.0054385966039262705
2015-03-19,8.675438776263036
2015-03-20,14.967544169805478
2015-03-21,20.831754817639013
2015-03-22,5.445789586531465
2015-03-23,5.497193096368574
2015-03-24,3.9884211352793497
2015-03-25,21.444035532081035
2015-03-26,0.941929844080005
2015-03-27,10.776842328580098
2015-03-28,11.403158131032253
2015-03-29,2.7833333910093643
2015-03-30,4.248596579267178
2015-03-31,13.404737119877247
2015-04-01,9.233333524665797
2015-04-02,0.1057894758763723
2015-04-03,4.788947467657272
2015-04-04,0.5121052737697027
2015-04-05,0.020000000414438546
2015-04-06,1.2850877459277399
2015-04-07,0.29649123421404516
2015-04-08,0.003333333402406424
2015-04-09,0.398947376688011
2015-04-10,17.06894772212254
2015-04-11,16.12052664983785
2015-04-12,3.2885965593741275
2015-04-13,9.134737031394616
2015-04-14,5.471403622149956
2015-04-15,0.0
2015-04-16,0.0
2015-04-17,0.0
2015-04-18,0.0
2015-04-19,0.0
2015-04-20,0.0
2015-04-21,1.7933333704946566
2015-04-22,0.14894737150752918
2015-04-23,9.862105467519724
2015-04-24,11.953333581029437
2015-04-25,2.9426316399243664
2015-04-26,0.04578947463305667
2015-04-27,0.07052631725091488
2015-04-28,3.551403582363855
2015-04-29,4.1508772789966315
2015-04-30,0.2345614083693363
2015-05-01,0.024736842617858204
2015-05-02,0.0
2015-05-03,0.0
2015-05-04,3.2466667339438575
2015-05-05,11.150701985449995
2015-05-06,0.10789473907789215
2015-05-07,0.0
2015-05-08,0.0
2015-05-09,0.0
2015-05-10,0.0
2015-05-11,1.6240351213724356
2015-05-12,3.967193064664025
2015-05-13,8.060351044218988
2015-05-14,0.7373684363323264
2015-05-15,0.11473684448283165
2015-05-16,0.20000000414438546
2015-05-17,0.44807018472347415
2015-05-18,0.20526316214818507
2015-05-19,0.050877194036729634
2015-05-20,0.28438597080530603
2015-05-21,0.9649123006965965
2015-05-22,2.5978947906754914
2015-05-23,0.6821052772924304
2015-05-24,0.14824561710702255
2015-05-25,1.7038596844300629
2015-05-26,0.3459649194497615
2015-05-27,0.010877193207852544
2015-05-28,0.002456140401773155
2015-05-29,0.08929824746446684
2015-05-30,0.017192982812412085
2015-05-31,0.0
2015-06-01,6.538070310920011
2015-06-02,3.8640351677895524
2015-06-03,1.4282456436310897
2015-06-04,0.008596491406206042
2015-06-05,0.0
2015-06-06,0.0
2015-06-07,0.0
2015-06-08,0.0
2015-06-09,0.0
2015-06-10,0.0
2015-06-11,0.36894737606635325
2015-06-12,0.010000000207219273
2015-06-13,0.004736842203419656
2015-06-14,0.0
2015-06-15,0.0
2015-06-16,0.0
2015-06-17,0.0
2015-06-18,1.4708772234618663
2015-06-19,1.0985965139931069
2015-06-20,0.005964912404306234
2015-06-21,0.002982456202153117
2015-06-22,0.0
2015-06-23,0.0
2015-06-24,0.0
2015-06-25,0.0036842106026597323
2015-06-26,0.0
2015-06-27,0.0
2015-06-28,0.5492982569965534
2015-06-29,2.3989474181318657
2015-06-30,0.05894736964255572
2015-07-01,0.0
2015-07-02,0.0
2015-07-03,0.0
2015-07-04,0.0
2015-07-05,0.012456140608992429
2015-07-06,0.012456140608992429
2015-07-07,0.17491228432627398
2015-07-08,0.0
2015-07-09,0.0
2015-07-10,1.6038596823578701
2015-07-11,4.666315886168741
2015-07-12,0.3394736912450753
2015-07-13,1.1022807245957666
2015-07-14,0.0178947372129187
2015-07-15,0.4528070269268938
2015-07-16,1.495964943279978
2015-07-17,0.0
2015-07-18,0.0
2015-07-19,0.017719298612792048
2015-07-20,0.25491228598402815
2015-07-21,0.7275438747252339
2015-07-22,0.054912281839642675
2015-07-23,0.0
2015-07-24,6.86947382655926
2015-07-25,5.374386076279916
2015-07-26,4.008421135693789
2015-07-27,0.043157895631156865
2015-07-28,0.0
2015-07-29,0.0
2015-07-30,0.0
2015-07-31,0.0
2015-08-01,0.0
2015-08-02,0.0
2015-08-03,0.0
2015-08-04,0.005614035204052926
2015-08-05,5.032982560433448
2015-08-06,0.05912280824268239
2015-08-07,0.019824561814311893
2015-08-08,0.011929824808612467
2015-08-09,0.0
2015-08-10,0.0
2015-08-11,0.0073684212053194646
2015-08-12,0.04771929923444986
2015-08-13,0.0010526316007599236
2015-08-14,17.73473720960319
2015-08-15,1.360175466781948
2015-08-16,0.0
2015-08-17,0.0007017544005066157
2015-08-18,0.0
2015-08-19,0.0
2015-08-20,0.036491228826344015
2015-08-21,0.6445614168653264
2015-08-22,0.0
2015-08-23,0.0
2015-08-24,0.05736842224141583
2015-08-25,0.0
2015-08-26,0.0
2015-08-27,0.06438596624648198
2015-08-28,3.8264913073624487
2015-08-29,49.11456242125715
2015-08-30,17.488070537825116
2015-08-31,31.43193047589157
2015-09-01,19.121930220804643
2015-09-02,11.54210550233256
2015-09-03,4.683859746181406
2015-09-04,2.5943860186729584
2015-09-05,4.821228170080576
2015-09-06,6.189649251068477
2015-09-07,0.4835087819490582
2015-09-08,4.124561488977633
2015-09-09,0.0
2015-09-10,0.1252631604904309
2015-09-11,0.0
2015-09-12,0.05859649244230241
2015-09-13,0.35157895465381445
2015-09-14,2.586315843067132
2015-09-15,0.5380701865884476
2015-09-16,1.1008772157947533
2015-09-17,4.304561492707581
2015-09-18,2.47368426178582
2015-09-19,9.806315992679448
2015-09-20,18.56473722680239
2015-09-21,0.4528070269268938
2015-09-22,0.04789473783457651
2015-09-23,0.04578947463305667
2015-09-24,1.4054386256146245
2015-09-25,7.345789625903127
2015-09-26,1.922280741587747
2015-09-27,0.08771930006332695
2015-09-28,0.09736842307029292
2015-09-29,0.0
2015-09-30,0.04438596583204344
2015-10-01,0.5319298355840146
2015-10-02,2.3494737328961497
2015-10-03,0.4180701841018163
2015-10-04,0.0
2015-10-05,0.05877193104242907
2015-10-06,2.0082456556498074
2015-10-07,17.730351244600023
2015-10-08,0.05614035204052925
2015-10-09,4.201579034433235
2015-10-10,53.51052742463071
2015-10-11,2.6392983003053816
2015-10-12,5.658421169884969
2015-10-13,2.025087761261966
2015-10-14,0.1459649153053761
2015-10-15,0.23666667157085614
2015-10-16,0.06403508904622868
2015-10-17,2.4350877697579563
2015-10-18,3.005614097369835
2015-10-19,2.9885965531575494
2015-10-20,0.12157894988777117
2015-10-21,0.42315790350548926
2015-10-22,0.011052631807979198
2015-10-23,0.003333333402406425
2015-10-24,0.7626315947505646
2015-10-25,8.872280885605143
2015-10-26,2.9650877807405775
2015-10-27,0.32964912963798276
2015-10-28,11.853509017557371
2015-10-29,22.33350923472317
2015-10-30,41.79877279597567
2015-10-31,69.92772074728273
2015-11-01,31.00421116878279
2015-11-02,7.0759650589083325
2015-11-03,0.6324561534565873
2015-11-04,2.171052676567342
2015-11-05,4.465965004824103
2015-11-06,5.4712281835498295
2015-11-07,35.31526388969505
2015-11-08,4.149824647395872
2015-11-09,2.1243860089336524
2015-11-10,9.414210721396376
2015-11-11,8.02087735919049
2015-11-12,35.955439341557216
2015-11-13,83.10877365199849
2015-11-14,33.228421741188505
2015-11-15,10.912456366478
2015-11-16,26.778947923332456
2015-11-17,84.39087894172408
2015-11-18,3.770701832522173
2015-11-19,0.41245614889776333
2015-11-20,0.02052631621481851
2015-11-21,0.3638596566626803
2015-11-22,0.36192983206128704
2015-11-23,5.741052750544623
2015-11-24,1.201052656467073
2015-11-25,0.12771930089220407
2015-11-26,0.061929825844708825
2015-11-27,0.014385965210385621
2015-11-28,0.0601754398434423
2015-11-29,0.030701755022164434
2015-11-30,1.1508772168308496
2015-12-01,10.462807234353386
2015-12-02,8.911403693433385
2015-12-03,38.58877272945829
2015-12-04,9.245087910874282
2015-12-05,38.69719378433656
2015-12-06,33.517895431397484
2015-12-07,16.521930166927632
2015-12-08,80.9828086956637
2015-12-09,23.71017592991702
2015-12-10,13.622280984034298
2015-12-11,6.402631711622234
2015-12-12,22.303684672701642
2015-12-13,16.089824894815685
2015-12-14,3.9061404318199493
2015-12-15,7.579122964071576
2015-12-16,1.1259649356128647
2015-12-17,17.502807380235755
2015-12-18,20.452105686964934
2015-12-19,8.424386139481795
2015-12-20,18.85666705741314
2015-12-21,9.82877213349566
2015-12-22,7.808245775836985
2015-12-23,14.427368720015512
2015-12-24,7.769473845208996
2015-12-25,2.2384210990159774
2015-12-26,1.1950877440627665
2015-12-27,8.998421239096206
2015-12-28,0.3373684280435555
2015-12-29,0.5178947475738824
2015-12-30,1.2424561660969629
2015-12-31,0.08824561586370692
2016-01-01,0.08894737026421354
2016-01-02,0.1278947394923307
2016-01-03,2.3738596983137543
2016-01-04,3.842982535774354
2016-01-05,3.2610526991542423
2016-01-06,0.0
2016-01-07,0.24385965417604893
2016-01-08,0.0624561416450888
2016-01-09,0.0
2016-01-10,0.0010526316007599236
2016-01-11,11.205789705889766
2016-01-12,24.345965416776018
2016-01-13,14.914210835366978
2016-01-14,0.44824562332360074
2016-01-15,5.366666777874344
2016-01-16,21.794210977933837
2016-01-17,17.420702115376482
2016-01-18,5.23000010837568
2016-01-19,5.711929942923598
2016-01-20,14.40912310560234
2016-01-21,50.64280806696043
2016-01-22,19.105438992392738
2016-01-23,9.422982651402709
2016-01-24,1.3042105533415453
2016-01-25,0.5607017660047859
2016-01-26,24.91421104258625
2016-01-27,36.47947444013553
2016-01-28,34.93421125021996
2016-01-29,21.705965362070128
2016-01-30,9.933158100571017
2016-01-31,3.830701833765488
2016-02-01,4.14368429639144
2016-02-02,0.3568421126576141
2016-02-03,15.354561721684878
2016-02-04,8.554561580775772
2016-02-05,17.561579311278184
2016-02-06,8.71771947889356
2016-02-07,0.6945614179014229
2016-02-08,0.1285964938928373
2016-02-09,1.0447368637542243
2016-02-10,8.687719478271903
2016-02-11,17.966667038970627
2016-02-12,34.37754457201809
2016-02-13,18.425263539701703
2016-02-14,34.08543930280721
2016-02-15,49.804386996955145
2016-02-16,4.905087820941117
2016-02-17,10.70070197612513
2016-02-18,8.692456320475323
2016-02-19,18.43386003110791
2016-02-20,3.870350957394112
2016-02-21,6.067719423980453
2016-02-22,1.4831579254707323
2016-02-23,0.2759649179992266
2016-02-24,0.04947368523571641
2016-02-25,0.0008771930006332695
2016-02-26,3.0424562033964326
2016-02-27,2.459122857975308
2016-02-28,21.73842150309356
2016-02-29,6.0080702999373905
2016-03-01,34.390000712627085
2016-03-02,17.481228432420174
2016-03-03,11.691052873840091
2016-03-04,8.994912467093673
2016-03-05,10.028421260439792
2016-03-06,8.061579114419875
2016-03-07,9.681228270789143
2016-03-08,1.409824590617791
2016-03-09,29.078070777992252
2016-03-10,13.141228342487013
2016-03-11,7.516315945226234
2016-03-12,11.788947612710764
2016-03-13,15.185263472562657
2016-03-14,20.857544291857632
2016-03-15,5.388947480090428
2016-03-16,1.140175462223124
2016-03-17,0.0201754390145652
2016-03-18,0.27526316359872
2016-03-19,0.14526316090486946
2016-03-20,4.322105352720246
2016-03-21,10.225789685582276
2016-03-22,8.758421234122943
2016-03-23,16.686667012446563
2016-03-24,16.782807365315968
2016-03-25,2.8410526904510336
2016-03-26,7.3329826080938805
2016-03-27,17.636491593532266
2016-03-28,0.22456140816211703
2016-03-29,0.0
2016-03-30,0.005438596603926271
2016-03-31,0.0
2016-04-01,0.0
2016-04-02,0.08298245785990732
2016-04-03,4.812631678674371
2016-04-04,13.228947642550338
2016-04-05,2.2673684680368753
2016-04-06,0.18649123193463313
2016-04-07,0.0
2016-04-08,0.0
2016-04-09,0.0
2016-04-10,0.0
2016-04-11,0.015263158211018892
2016-04-12,9.658772129972931
2016-04-13,1.6487719639902936
2016-04-14,8.437894911691547
2016-04-15,0.08842105446383358
2016-04-16,0.012807017809245737
2016-04-17,0.03350877262419089
2016-04-18,0.0
2016-04-19,0.0
2016-04-20,0.0
2016-04-21,0.5896491350256838
2016-04-22,4.167368507408537
2016-04-23,6.599122943764087
2016-04-24,5.577193098026328
2016-04-25,1.0145614245324395
2016-04-26,0.0
2016-04-27,0.564210538007319
2016-04-28,0.4691228167386726
2016-04-29,1.1068421281990597
2016-04-30,0.11771930068498478
2016-05-01,0.05473684323951602
2016-05-02,0.0
2016-05-03,2.821579005836975
2016-05-04,1.348947396373842
2016-05-05,0.0605263170436956
2016-05-06,0.0
2016-05-07,0.0038596492027863864
2016-05-08,1.9510526720085182
2016-05-09,0.6335087850573473
2016-05-10,0.0
2016-05-11,0.19140351273817946
2016-05-12,0.0
2016-05-13,0.013684210809879005
2016-05-14,1.0514035305590368
2016-05-15,1.106666689598933
2016-05-16,0.08824561586370692
2016-05-17,0.0
2016-05-18,4.525263251666912
2016-05-19,3.902105344017036
2016-05-20,2.1405263601453046
2016-05-21,6.915087862592191
2016-05-22,5.8198246820014905
2016-05-23,1.6575438939966263
2016-05-24,0.12350877448916436
2016-05-25,0.06684210664825514
2016-05-26,3.3307018234045245
2016-05-27,4.525438690267038
2016-05-28,14.228245908871758
2016-05-29,5.112631684890948
2016-05-30,0.0959649142692797
2016-05-31,0.050877194036729634
2016-06-01,7.51912296282826
2016-06-02,4.317894826317206
2016-06-03,0.015263158211018892
2016-06-04,0.0
2016-06-05,0.0008771930006332695
2016-06-06,0.032982456823810936
2016-06-07,0.0
2016-06-08,0.5903508894261905
2016-06-09,3.49087726532016
2016-06-10,5.408947480504867
2016-06-11,3.672982532251627
2016-06-12,0.09280701946699993
2016-06-13,10.903684436471668
2016-06-14,10.912280927877873
2016-06-15,0.2624561457894743
2016-06-16,0.4773684309446254
2016-06-17,1.74438600105932
2016-06-18,14.051930115744472
2016-06-19,0.35543860385660087
2016-06-20,0.4487719391239807
2016-06-21,0.1629824595176615
2016-06-22,2.1949123261845673
2016-06-23,12.624035349313637
2016-06-24,1.5359649441088552
2016-06-25,0.0
2016-06-26,0.0
2016-06-27,0.0
2016-06-28,0.0
2016-06-29,0.0
2016-06-30,0.0
2016-07-01,0.0
2016-07-02,0.04333333423128352
2016-07-03,2.8215790058369747
2016-07-04,5.110701860289556
2016-07-05,2.547894789639395
2016-07-06,0.05859649244230242
2016-07-07,2.361228119104635
2016-07-08,10.402456355909816
2016-07-09,5.837368542014156
2016-07-10,0.9222807208658197
2016-07-11,0.20350877614691854
2016-07-12,2.0436842528753916
2016-07-13,0.019824561814311893
2016-07-14,0.7849122969666497
2016-07-15,0.6061403634375893
2016-07-16,1.1191228302079252
2016-07-17,3.1203509418526667
2016-07-18,4.210877280239948
2016-07-19,0.002631579001899809
2016-07-20,0.0
2016-07-21,0.9096491416567006
2016-07-22,2.6529825111152605
2016-07-23,0.11736842348473148
2016-07-24,0.0
2016-07-25,0.0005263158003799618
2016-07-26,0.06333333464572206
2016-07-27,0.0
2016-07-28,0.0005263158003799618
2016-07-29,0.016491228411905468
2016-07-30,0.6849122948944568
2016-07-31,0.08438596666092053
2016-08-01,0.15684210851322858
2016-08-02,3.5235088449437173
2016-08-03,0.11157894968055189
2016-08-04,0.0
2016-08-05,0.0
2016-08-06,0.11578947608359161
2016-08-07,0.6435087852645665
2016-08-08,3.122456205054186
2016-08-09,0.22245614496059718
2016-08-10,0.06508772064698862
2016-08-11,0.0
2016-08-12,0.0
2016-08-13,0.0
2016-08-14,0.0
2016-08-15,0.0
2016-08-16,0.0
2016-08-17,0.0
2016-08-18,0.0
2016-08-19,0.0017543860012665393
2016-08-20,0.0
2016-08-21,0.812631595786661
2016-08-22,0.2189473729580641
2016-08-23,0.0
2016-08-24,0.0
2016-08-25,0.0
2016-08-26,0.0
2016-08-27,0.40210527149029074
2016-08-28,0.28122807600302624
2016-08-29,0.022982456616591665
2016-08-30,0.3950877274852246
2016-08-31,10.374386179889553
2016-09-01,8.461228245508392
2016-09-02,11.400351113430224
2016-09-03,1.0019298453233205
2016-09-04,2.4722807529848074
2016-09-05,0.5600000116042794
2016-09-06,0.6829824702930637
2016-09-07,6.450877326657064
2016-09-08,1.2685965175158345
2016-09-09,0.030000000621657818
2016-09-10,0.4870175539515913
2016-09-11,0.4357894827146083
2016-09-12,0.013684210809879006
2016-09-13,0.0
2016-09-14,0.0
2016-09-15,0.0
2016-09-16,1.815263195510488
2016-09-17,39.43403590486851
2016-09-18,6.286666796938517
2016-09-19,18.828596881392876
2016-09-20,0.5754386084154248
2016-09-21,0.30859649762278424
2016-09-22,0.6264912410522812
2016-09-23,5.928070298279636
2016-09-24,0.8771930006332695
2016-09-25,0.0
2016-09-26,0.0
2016-09-27,0.04000000082887709
2016-09-28,0.03017543922178447
2016-09-29,0.009122807206586004
2016-09-30,0.20877193415071818
2016-10-01,2.0050877608475277
2016-10-02,0.08280701925978065
2016-10-03,2.1387719741440376
2016-10-04,5.019122911023443
2016-10-05,0.981929844908882
2016-10-06,13.160877465701196
2016-10-07,14.628421355760658
2016-10-08,71.48245762160514
2016-10-09,2.4317544363555497
2016-10-10,1.4063158186152578
2016-10-11,0.1268421078915708
2016-10-12,7.540877349243965
2016-10-13,42.776667553081644
2016-10-14,58.358597700530666
2016-10-15,23.195614515745547
2016-10-16,13.579649404203522
2016-10-17,14.937017853383441
2016-10-18,8.82684228817234
2016-10-19,21.879825014795642
2016-10-20,36.69473760249093
2016-10-21,11.013509000150952
2016-10-22,1.7375438956543805
2016-10-23,1.5529824883211405
2016-10-24,6.866842247557361
2016-10-25,2.377017593116034
2016-10-26,46.817720268398986
2016-10-27,6.639473821793217
2016-10-28,0.5907017666264438
2016-10-29,5.902280824061018
2016-10-30,5.053859753848519
2016-10-31,19.046842499950436
2016-11-01,21.694386414461768
2016-11-02,27.492456710047556
2016-11-03,0.7171929973177613
2016-11-04,1.6582456483971328
2016-11-05,35.188948097603856
2016-11-06,5.86807029703632
2016-11-07,2.717017600161489
2016-11-08,0.4357894827146083
2016-11-09,10.059123015461957
2016-11-10,0.3598245688597672
2016-11-11,3.974912363069598
2016-11-12,28.089474266278557
2016-11-13,28.432456729526173
2016-11-14,18.280351255997086
2016-11-15,33.99859719574452
2016-11-16,3.788421131134965
2016-11-17,2.089122850308195
2016-11-18,2.5017544378060848
2016-11-19,7.078245760709979
2016-11-20,11.54175462513231
2016-11-21,8.190526485512965
2016-11-22,7.650526474323125
2016-11-23,10.196140562160872
2016-11-24,34.25350948172854
2016-11-25,10.891754611663057
2016-11-26,19.20771969626658
2016-11-27,14.495263458264526
2016-11-28,5.808421172993258
2016-11-29,2.088070218707435
2016-11-30,16.62894771300489
2016-12-01,3.7971930611412974
2016-12-02,13.237017818156165
2016-12-03,22.62807064433582
2016-12-04,7.57789489387069
2016-12-05,2.4998246132046917
2016-12-06,0.2824561462039128
2016-12-07,0.1073684232775122
2016-12-08,2.606666720681824
2016-12-09,16.563684553757774
2016-12-10,16.837544208555485
2016-12-11,15.001579258230048
2016-12-12,2.1861403961782346
2016-12-13,0.3673684286652133
2016-12-14,0.1356140378979035
2016-12-15,1.2964912549359724
2016-12-16,0.0012280702008865775
2016-12-17,0.3580701828585007
2016-12-18,8.766666848328898
2016-12-19,23.6942110173055
2016-12-20,20.27035129723372
2016-12-21,1.0300000213435851
2016-12-22,4.63964921894949
2016-12-23,9.693684411398136
2016-12-24,1.073157916974742
2016-12-25,0.3317543928395026
2016-12-26,17.515263520844748
2016-12-27,21.370175881427716
2016-12-28,5.441754498728551
2016-12-29,24.76263209207682
2016-12-30,4.439122899004724
2016-12-31,3.545964985759929
2017-01-01,1.1577193222357893
2017-01-02,0.09105263346573339
2017-01-03,0.07614035245496781
2017-01-04,0.12175438848789782
2017-01-05,0.12192982708802448
2017-01-06,0.0028070176020264627
2017-01-07,0.3428070246474818
2017-01-08,19.22807057388127
2017-01-09,5.934912403684575
2017-01-10,0.3184210592298769
2017-01-11,0.06350877324584872
2017-01-12,0.00017543860012665392
2017-01-13,0.23561403997009617
2017-01-14,0.09070175626548008
2017-01-15,0.20771930254995824
2017-01-16,3.685263234260492
2017-01-17,53.14175548716449
2017-01-18,36.138948117289694
2017-01-19,18.53350915597985
2017-01-20,2.0405263580731114
2017-01-21,0.9156140540610068
2017-01-22,3.3692983154323883
2017-01-23,0.5019298349623569
2017-01-24,0.025789474218618127
2017-01-25,0.17350877552526073
2017-01-26,0.0
2017-01-27,0.08280701925978065
2017-01-28,0.0
2017-01-29,3.8840351682039915
2017-01-30,0.7229824711219408
2017-01-31,1.0466666883556173
2017-02-01,0.01157894760835916
2017-02-02,0.9959649329190144
2017-02-03,21.170175877283327
2017-02-04,25.933860186522367
2017-02-05,15.284561720234343
2017-02-06,9.956491434387864
2017-02-07,1.480701785068959
2017-02-08,29.272105869732332
2017-02-09,45.3394746237318
2017-02-10,16.824912629346365
2017-02-11,2.51929829781875
2017-02-12,0.1629824595176615
2017-02-13,0.33842105964431546
2017-02-14,16.75193017169368
2017-02-15,58.40105384176131
2017-02-16,16.23684244172182
2017-02-17,1.3126316061476246
2017-02-18,5.039649227238261
2017-02-19,8.174386134301313
2017-02-20,6.141579074633774
2017-02-21,1.5619298569275997
2017-02-22,1.5717544185346926
2017-02-23,0.4138596576987766
2017-02-24,0.18403509153285996
2017-02-25,5.527543974190484
2017-02-26,4.941579049767461
2017-02-27,6.886315932171419
2017-02-28,7.604912438290194
2017-03-01,12.948070443747566
2017-03-02,12.709824824775572
2017-03-03,33.636316486482976
2017-03-04,7.1900001489906575
2017-03-05,13.645789756451267
2017-03-06,13.733859933714848
2017-03-07,15.769474010984414
2017-03-08,11.127719528833403
2017-03-09,23.865965406829492
2017-03-10,10.523158112796956
2017-03-11,14.873509080137593
2017-03-12,7.052105409291107
2017-03-13,19.079298640973867
2017-03-14,39.965790301852394
2017-03-15,20.99508815435693
2017-03-16,1.7831579316873105
2017-03-17,28.03280759843765
2017-03-18,30.19438659059815
2017-03-19,0.2773684268002398
2017-03-20,2.0414035510737447
2017-03-21,6.459122940863017
2017-03-22,13.394737119670026
2017-03-23,5.5821053788298745
2017-03-24,19.43456180623034
2017-03-25,8.368947541841774
2017-03-26,10.914386191079393
2017-03-27,8.951754571462516
2017-03-28,30.438070806174075
2017-03-29,29.442281311855186
2017-03-30,3.3773684910382147
2017-03-31,2.057719340885524
2017-04-01,5.395965024095494
2017-04-02,3.077543923421763
2017-04-03,0.4001754468888976
2017-04-04,5.26771940740291
2017-04-05,18.682456527487375
2017-04-06,7.492807172809262
2017-04-07,16.15140384346014
2017-04-08,6.4491229406557995
2017-04-09,2.050175481080078
2017-04-10,7.873684373684228
2017-04-11,2.7092983017559162
2017-04-12,11.43368444745429
2017-04-13,9.430526511208155
2017-04-14,8.922982641041745
2017-04-15,2.4154386465437714
2017-04-16,0.8245614205952734
2017-04-17,6.84649136994267
2017-04-18,6.083508897991852
2017-04-19,6.7733334736898545
2017-04-20,6.075789599586278
2017-04-21,1.262280727911275
2017-04-22,3.8780702557996847
2017-04-23,5.86438608643366
2017-04-24,1.1996491476660593
2017-04-25,5.534386079595425
2017-04-26,12.311930079688318
2017-04-27,4.17456149001373
2017-04-28,0.8466666842112318
2017-04-29,8.547193159570451
2017-04-30,2.1115789911244067
2017-05-01,2.242280748218764
2017-05-02,3.111052696045954
2017-05-03,6.555614170932676
2017-05-04,14.350702051760164
2017-05-05,9.185614225431348
2017-05-06,0.807543876382988
2017-05-07,0.0010526316007599236
2017-05-08,0.10456140567548575
2017-05-09,0.08666666846256704
2017-05-10,0.21929825015831741
2017-05-11,13.873509059415666
2017-05-12,1.9368421453982594
2017-05-13,2.789473742013797
2017-05-14,3.072280765417964
2017-05-15,11.210701986693312
2017-05-16,12.145965163968503
2017-05-17,0.2726315845968202
2017-05-18,0.0
2017-05-19,0.20000000414438548
2017-05-20,0.026842105819378053
2017-05-21,0.0
2017-05-22,0.014912281010765582
2017-05-23,0.15929824891500177
2017-05-24,0.9131579136592336
2017-05-25,0.7621052789501847
2017-05-26,0.011228070408105851
2017-05-27,0.0
2017-05-28,0.0
2017-05-29,0.028245614620391282
2017-05-30,4.960175541380886
2017-05-31,2.5942105800728315
2017-06-01,4.454736934415996
2017-06-02,0.0
2017-06-03,0.0007017544005066157
2017-06-04,0.0
2017-06-05,0.0
2017-06-06,0.1915789513383061
2017-06-07,1.0494737059576438
2017-06-08,13.785088004951831
2017-06-09,1.7526316152652728
2017-06-10,1.4740351182641462
2017-06-11,0.0036842106026597327
2017-06-12,0.6450877326657065
2017-06-13,1.421052661025897
2017-06-14,0.23894737337250266
2017-06-15,23.799649615981618
2017-06-16,1.6301754723768682
2017-06-17,1.1280701988143849
2017-06-18,2.4314035591552967
2017-06-19,0.004561403603293002
2017-06-20,0.6398245746619068
2017-06-21,0.0
2017-06-22,0.0
2017-06-23,0.014912281010765582
2017-06-24,0.0
2017-06-25,0.04017543942900375
2017-06-26,0.008771930006332695
2017-06-27,0.0
2017-06-28,0.0
2017-06-29,0.0
2017-06-30,0.0
2017-07-01,0.0
2017-07-02,0.0
2017-07-03,0.0
2017-07-04,0.0
2017-07-05,0.0
2017-07-06,0.0
2017-07-07,0.0
2017-07-08,0.0
2017-07-09,0.0
2017-07-10,0.06824561544926837
2017-07-11,0.0
2017-07-12,0.0
2017-07-13,0.0
2017-07-14,0.0
2017-07-15,0.0
2017-07-16,0.0517543870373629
2017-07-17,0.0
2017-07-18,0.0
2017-07-19,0.03526315862545744
2017-07-20,1.7456140712602064
2017-07-21,0.09192982646636665
2017-07-22,0.027017544419504703
2017-07-23,0.0015789474011398852
2017-07-24,0.0
2017-07-25,0.0
2017-07-26,0.0
2017-07-27,0.0
2017-07-28,0.0
2017-07-29,0.0
2017-07-30,0.0
2017-07-31,0.025263158418238167
2017-08-01,0.0
2017-08-02,0.0
2017-08-03,0.0
2017-08-04,0.0
2017-08-05,0.0
2017-08-06,0.0
2017-08-07,0.002631579001899809
2017-08-08,0.0
2017-08-09,0.0
2017-08-10,0.0
2017-08-11,0.0
2017-08-12,1.142631602624897
2017-08-13,3.4682456859038213
2017-08-14,0.0
2017-08-15,0.0
2017-08-16,0.0
2017-08-17,0.0
2017-08-18,0.002631579001899809
2017-08-19,0.0
2017-08-20,0.0
2017-08-21,0.0
2017-08-22,0.0
2017-08-23,0.0
2017-08-24,0.0
2017-08-25,0.0
2017-08-26,0.0
2017-08-27,0.0
2017-08-28,0.010350877407472583
2017-08-29,0.0
2017-08-30,0.31491228722734377
2017-08-31,0.3247368488344364
2017-09-01,0.0
2017-09-02,0.0
2017-09-03,0.0
2017-09-04,0.0
2017-09-05,0.0
2017-09-06,0.0
2017-09-07,0.01666666701203212
2017-09-08,1.0394737057504246
2017-09-09,5.914561526069884
2017-09-10,0.028070176020264626
2017-09-11,0.0
2017-09-12,0.0
2017-09-13,0.12000000248663129
2017-09-14,0.0
2017-09-15,0.0
2017-09-16,0.059824562643188986
2017-09-17,6.83491242233431
2017-09-18,7.439649276970886
2017-09-19,10.327719512255863
2017-09-20,4.152982542198151
2017-09-21,1.1178947600070386
2017-09-22,0.054561404639389376
2017-09-23,0.007719298405572773
2017-09-24,0.022807018016465008
2017-09-25,0.2943859710125253
2017-09-26,0.0
2017-09-27,0.0
2017-09-28,0.020701754814945163
2017-09-29,4.897193083935417
2017-09-30,12.957544128154405
2017-10-01,2.962456201738678
2017-10-02,0.38491228867787874
2017-10-03,0.18263158273184674
2017-10-04,0.2196491273585707
2017-10-05,0.19824561814311892
2017-10-06,12.761579211812933
2017-10-07,16.22438630111283
2017-10-08,0.7257894887239672
2017-10-09,0.18140351253096015
2017-10-10,3.3536842800211164
2017-10-11,3.4175439304672186
2017-10-12,8.380877366650385
2017-10-13,5.465789586945903
2017-10-14,1.269298271916341
2017-10-15,0.010877193207852544
2017-10-16,6.747543999471236
2017-10-17,21.329825003398582
2017-10-18,78.40824723880505
2017-10-19,28.71631638453109
2017-10-20,9.44017563421512
2017-10-21,57.98403628926026
2017-10-22,17.76684247342637
2017-10-23,0.47070176413981246
2017-10-24,0.36508772686356683
2017-10-25,6.2098246900830425
2017-10-26,0.008245614205952736
2017-10-27,0.02807017602026463
2017-10-28,0.0
2017-10-29,0.06719298384850844
2017-10-30,0.0
2017-10-31,0.7970175603753888
2017-11-01,5.286842214816716
2017-11-02,15.165263472148219
2017-11-03,3.5073684937320646
2017-11-04,1.6742105610086584
2017-11-05,2.852456199459266
2017-11-06,0.1356140378979035
2017-11-07,1.4475438896450215
2017-11-08,1.069649144972209
2017-11-09,7.302807168872096
2017-11-10,0.33052632263861603
2017-11-11,4.527193076268304
2017-11-12,20.78578990440583
2017-11-13,31.126667311671195
2017-11-14,18.551403893192763
2017-11-15,17.500702117034237
2017-11-16,12.506140610028528
2017-11-17,6.172280829655938
2017-11-18,0.5833333454211244
2017-11-19,28.902281300665344
2017-11-20,16.32122840838274
2017-11-21,68.37579089056236
2017-11-22,49.82175541836769
2017-11-23,36.89298322063405
2017-11-24,6.716140490048565
2017-11-25,13.055789744225333
2017-11-26,34.49508843410295
2017-11-27,6.450701888056938
2017-11-28,21.441930268879513
2017-11-29,6.496842239890248
2017-11-30,11.77017568249721
2017-12-01,16.950702105637177
2017-12-02,9.046491415530909
2017-12-03,0.28350877780467276
2017-12-04,0.07210526465205476
2017-12-05,0.2943859710125253
2017-12-06,0.024561404017731547
2017-12-07,0.1271929850918241
2017-12-08,0.37859649907331916
2017-12-09,0.012280702008865774
2017-12-10,0.0
2017-12-11,0.0017543860012665393
2017-12-12,0.30368421681923796
2017-12-13,0.11140351108042525
2017-12-14,0.5852631700225175
2017-12-15,6.946842249215116
2017-12-16,3.9654386786627582
2017-12-17,42.641930708184375
2017-12-18,23.335789957246742
2017-12-19,39.69386047165608
2017-12-20,0.9528070372878576
2017-12-21,1.2961403777357192
2017-12-22,0.9257894928683528
2017-12-23,0.3564912354573608
2017-12-24,1.6864912630175242
2017-12-25,1.4375438894378023
2017-12-26,1.4108772222185508
2017-12-27,7.537368577241432
2017-12-28,30.950702395744155
2017-12-29,41.727193847124
2017-12-30,12.754561667807867
2017-12-31,0.1454385995049961
2018-01-01,0.10017544067231939
2018-01-02,0.5015789577621036
2018-01-03,0.2215789519599639
2018-01-04,3.802456219145097
2018-01-05,17.91929861693643
2018-01-06,4.146842191193718
2018-01-07,12.420000257366338
2018-01-08,13.189298518921715
2018-01-09,11.887193228781689
2018-01-10,6.666315927612596
2018-01-11,33.982632283132986
2018-01-12,21.570526762772353
2018-01-13,3.3454386658151636
2018-01-14,0.6896491370978766
2018-01-15,1.6526316131930798
2018-01-16,7.372631731722504
2018-01-17,28.65421112008626
2018-01-18,15.445263477950359
2018-01-19,13.335614311427344
2018-01-20,9.895263362943663
2018-01-21,21.192982895299792
2018-01-22,10.49298267357517
2018-01-23,34.61842176999198
2018-01-24,16.39614069063682
2018-01-25,8.731754566903692
2018-01-26,12.049473933898845
2018-01-27,20.56087761904346
2018-01-28,13.676140634273178
2018-01-29,49.16491329949349
2018-01-30,10.592982675647363
2018-01-31,13.248070449964146
2018-02-01,14.166491521627178
2018-02-02,27.647193555359262
2018-02-03,30.013509393867572
2018-02-04,36.2463165405672
2018-02-05,7.47877208479913
2018-02-06,4.9447369445697404
2018-02-07,8.994737028493548
2018-02-08,10.568596710229759
2018-02-09,1.6591228413977661
2018-02-10,0.4607017639325932
2018-02-11,0.04789473783457651
2018-02-12,0.3042105326196179
2018-02-13,6.777017684292514
2018-02-14,7.051929970690981
2018-02-15,4.973859752190766
2018-02-16,21.184561842493714
2018-02-17,35.40982529516332
2018-02-18,0.9935087925172411
2018-02-19,0.0
2018-02-20,0.1226315814885311
2018-02-21,1.073684232775122
2018-02-22,0.0
2018-02-23,8.235965082945768
2018-02-24,12.002631827665029
2018-02-25,18.938246006472035
2018-02-26,2.5245614558225498
2018-02-27,8.69421070647659
2018-02-28,11.85210550875636
2018-03-01,7.388596644334029
2018-03-02,3.1185965558513997
2018-03-03,1.1361403744202108
2018-03-04,3.4950877917231997
2018-03-05,1.7866667036898436
2018-03-06,0.2731579003972001
2018-03-07,0.8485965088126249
2018-03-08,30.13368483495433
2018-03-09,5.36736853227485
2018-03-10,0.024035088217351584
2018-03-11,0.22508772396249696
2018-03-12,0.03438596562482417
2018-03-13,6.1892983738682235
2018-03-14,6.146315916837193
2018-03-15,0.03684210602659732
2018-03-16,0.035789474425837395
2018-03-17,0.9577193180914039
2018-03-18,0.39035088528180495
2018-03-19,0.034035088424570856
2018-03-20,0.005789473804179579
2018-03-21,2.2024561859900134
2018-03-22,11.019824789755512
2018-03-23,5.378596602682955
2018-03-24,3.266140418557916
2018-03-25,1.5426316109136677
2018-03-26,17.015789826284166
2018-03-27,20.499824986199386
2018-03-28,2.1861403961782346
2018-03-29,4.442105355206877
2018-03-30,2.350175487296656
2018-03-31,1.2352631834917702
2018-04-01,14.231754680874293
2018-04-02,4.652631675358862
2018-04-03,1.2778947633225473
2018-04-04,11.642631820205136
2018-04-05,10.933508998493199
2018-04-06,5.653158011881169
2018-04-07,22.711579417996113
2018-04-08,13.965263447281904
2018-04-09,1.086842127784621
2018-04-10,5.04859659584472
2018-04-11,5.28192993401317
2018-04-12,5.844386086019222
2018-04-13,32.33579014374409
2018-04-14,23.43982504712185
2018-04-15,10.89421075206483
2018-04-16,28.653860242886005
2018-04-17,8.889298429817428
2018-04-18,0.5447368533932604
2018-04-19,0.06982456285040826
2018-04-20,3.499824633926619
2018-04-21,6.126491355022882
2018-04-22,0.0
2018-04-23,0.01754386001266539
2018-04-24,0.2163157939561643
2018-04-25,0.004385965003166348
2018-04-26,0.0
2018-04-27,1.542105295113288
2018-04-28,7.458772084384691
2018-04-29,5.088772035273724
2018-04-30,2.1643860097625294
2018-05-01,0.8821052814368159
2018-05-02,0.017192982812412085
2018-05-03,0.0
2018-05-04,0.0
2018-05-05,0.008070175605826081
2018-05-06,0.20421053054742516
2018-05-07,0.015087719610892237
2018-05-08,7.876491391286254
2018-05-09,6.6364913655910645
2018-05-10,4.971403611788992
2018-05-11,0.6905263300985098
2018-05-12,0.01666666701203212
2018-05-13,0.0
2018-05-14,0.0
2018-05-15,0.0
2018-05-16,0.04017543942900375
2018-05-17,1.0745614257757552
2018-05-18,1.2107017794740387
2018-05-19,1.6533333675935866
2018-05-20,0.4094736926956103
2018-05-21,0.0
2018-05-22,0.0
2018-05-23,0.1138596514821984
2018-05-24,0.0
2018-05-25,0.11736842348473146
2018-05-26,0.09491228266851977
2018-05-27,0.0
2018-05-28,0.0
2018-05-29,0.4584210621309467
2018-05-30,0.04175438683014363
2018-05-31,1.8743860037531705
2018-06-01,0.22666667136363686
2018-06-02,0.010000000207219275
2018-06-03,5.847017665021122
2018-06-04,0.27666667239973325
2018-06-05,0.0010526316007599236
2018-06-06,0.12807017809245738
2018-06-07,0.029824562021531165
2018-06-08,8.044912447407842
2018-06-09,6.847368562943302
2018-06-10,9.425087914604228
2018-06-11,0.9238596682669595
2018-06-12,0.900350895849988
2018-06-13,7.399649276142009
2018-06-14,0.2449122857768089
2018-06-15,0.13000000269385056
2018-06-16,0.3073684274218977
2018-06-17,0.11807017788523808
2018-06-18,0.017192982812412085
2018-06-19,0.0
2018-06-20,2.0449123230762782
2018-06-21,0.010000000207219271
2018-06-22,0.1187719322857447
2018-06-23,0.27491228639846665
2018-06-24,8.478596666920932
2018-06-25,8.240701925149189
2018-06-26,0.385789481678512
2018-06-27,0.10807017767801881
2018-06-28,0.4366666757152416
2018-06-29,1.0987719525932333
2018-06-30,5.522807131987066
2018-07-01,1.8103509147069419
2018-07-02,3.784210604731925
2018-07-03,0.29859649741556493
2018-07-04,0.013684210809879005
2018-07-05,0.4001754468888976
2018-07-06,7.552982612652705
2018-07-07,0.17526316152652727
2018-07-08,0.0
2018-07-09,0.7178947517182679
2018-07-10,0.34070176144596187
2018-07-11,0.009649123006965967
2018-07-12,0.0
2018-07-13,0.0
2018-07-14,0.060701755643822256
2018-07-15,0.0
2018-07-16,0.0
2018-07-17,0.0
2018-07-18,0.0
2018-07-19,0.0
2018-07-20,0.0
2018-07-21,0.0
2018-07-22,0.0
2018-07-23,0.011578947608359159
2018-07-24,0.0
2018-07-25,0.0
2018-07-26,0.0
2018-07-27,0.0
2018-07-28,0.0
2018-07-29,0.0
2018-07-30,0.0
2018-07-31,0.0
2018-08-01,0.5859649244230241
2018-08-02,0.5542105378000997
2018-08-03,0.050000001036096364
2018-08-04,2.1961403963854536
2018-08-05,0.08543859826168046
2018-08-06,0.0
2018-08-07,0.0
2018-08-08,0.0
2018-08-09,0.0
2018-08-10,0.0517543870373629
2018-08-11,5.82508784000529
2018-08-12,0.30298246241873134
2018-08-13,0.0010526316007599236
2018-08-14,0.0
2018-08-15,0.0
2018-08-16,0.0042105264030396945
2018-08-17,0.0
2018-08-18,0.0
2018-08-19,0.0
2018-08-20,0.0
2018-08-21,0.0
2018-08-22,0.0
2018-08-23,0.3645614110631868
2018-08-24,0.30052632201695817
2018-08-25,2.2866667140508072
2018-08-26,5.815614155598451
2018-08-27,0.0
2018-08-28,0.006315789604559541
2018-08-29,0.40385965749155733
2018-08-30,0.014561403810512276
2018-08-31,0.04771929923444986
2018-09-01,0.0
2018-09-02,0.0014035088010132314
2018-09-03,0.0
2018-09-04,0.0
2018-09-05,0.0
2018-09-06,0.0
2018-09-07,1.6521052973927
2018-09-08,3.8385965707711875
2018-09-09,16.87491263038246
2018-09-10,11.715438839257697
2018-09-11,3.8459649919765075
2018-09-12,3.457719369896222
2018-09-13,5.600877309043426
2018-09-14,5.903859771462157
2018-09-15,4.012456223496702
2018-09-16,11.498947606701405
2018-09-17,1.3654386247857475
2018-09-18,0.00491228080354631
2018-09-19,0.20894737275084482
2018-09-20,6.564912416739389
2018-09-21,12.133509023359512
2018-09-22,23.851930318819363
2018-09-23,1.149122830829583
2018-09-24,0.21807017995743083
2018-09-25,0.13210526589537042
2018-09-26,0.013684210809879006
2018-09-27,0.01210526340873912
2018-09-28,0.0
2018-09-29,4.544035181880464
2018-09-30,12.417017801164185
2018-10-01,22.62280748633202
2018-10-02,11.904561650194228
2018-10-03,1.05228072355967
2018-10-04,0.0517543870373629
2018-10-05,1.0615789693663829
2018-10-06,0.0005263158003799618
2018-10-07,1.6166667001671158
2018-10-08,8.297719470190351
2018-10-09,2.0243860068614596
2018-10-10,0.05719298364128918
2018-10-11,0.08192982625914738
2018-10-12,0.0
2018-10-13,0.06789473824901507
2018-10-14,0.15140351190930235
2018-10-15,0.1252631604904309
2018-10-16,0.05508772043976934
2018-10-17,0.04631579043343663
2018-10-18,0.03684210602659732
2018-10-19,0.0012280702008865775
2018-10-20,0.0
2018-10-21,0.0022807018016465013
2018-10-22,0.30982456782367085
2018-10-23,2.627017598296516
2018-10-24,2.7780702330055647
2018-10-25,21.518947814335114
2018-10-26,22.615789942326955
2018-10-27,30.395088349143045
2018-10-28,25.10771981852595
2018-10-29,5.942982579290401
2018-10-30,7.763684371404816
2018-10-31,28.01701812442625
2018-11-01,52.06701862278861
2018-11-02,26.933158452843784
2018-11-03,39.27000081375008
2018-11-04,28.252807602996473
2018-11-05,21.849123259773478
2018-11-06,6.2901755689410495
2018-11-07,0.23210526796756312
2018-11-08,0.6001754510332831
2018-11-09,6.956666810822209
2018-11-10,0.06912280844990165
2018-11-11,0.05543859764002263
2018-11-12,0.5087719403672963
2018-11-13,3.400526386254933
2018-11-14,12.697544122766704
2018-11-15,7.163158043171279
2018-11-16,0.6207017672481016
2018-11-17,0.0
2018-11-18,0.031052632222417744
2018-11-19,0.01245614060899243
2018-11-20,0.2242105309618637
2018-11-21,10.989824789133854
2018-11-22,16.68210560884327
2018-11-23,13.95035116627114
2018-11-24,0.34105263864621527
2018-11-25,6.931228213803843
2018-11-26,78.00017705491047
2018-11-27,34.55543931254652
2018-11-28,7.031579093076289
2018-11-29,2.3705263649113477
2018-11-30,4.165614121407271
2018-12-01,0.5670175556093455
2018-12-02,0.004561403603293002
2018-12-03,0.0012280702008865775
2018-12-04,0.0
2018-12-05,0.0
2018-12-06,0.0
2018-12-07,0.41578948230016977
2018-12-08,0.7001754531054758
2018-12-09,20.484912705188616
2018-12-10,14.406666965200568
2018-12-11,47.61052730237134
2018-12-12,18.988596884708386
2018-12-13,21.91000045401743
2018-12-14,6.943859793012963
2018-12-15,7.537719454441685
2018-12-16,29.63684271939565
2018-12-17,24.41228120762389
2018-12-18,36.85070251800353
2018-12-19,12.106491478940008
2018-12-20,28.288772516022433
2018-12-21,0.6124561530421488
2018-12-22,11.635438837599942
2018-12-23,16.267017880943605
2018-12-24,0.44210527231916785
2018-12-25,0.2571929877856747
2018-12-26,8.765614216728137
2018-12-27,0.7085965059115551
2018-12-28,22.788947840651964
2018-12-29,37.69964990401641
2018-12-30,4.5621053576935084
2018-12-31,0.12771930089220407
2019-01-01,0.12175438848789782
2019-01-02,21.837895189365373
2019-01-03,53.341755491308874
2019-01-04,9.681754586589523
2019-01-05,6.615965049376246
2019-01-06,12.883859916101212
2019-01-07,3.430877264076844
2019-01-08,11.885965158580802
2019-01-09,22.271403970278335
2019-01-10,4.35491237094393
2019-01-11,0.02982456202153117
2019-01-12,0.0
2019-01-13,0.034736842825077476
2019-01-14,0.0007017544005066157
2019-01-15,0.05929824684280903
2019-01-16,1.250000025902409
2019-01-17,11.905087965994609
2019-01-18,18.018947741808372
2019-01-19,10.765965135372246
2019-01-20,0.09473684406839311
2019-01-21,1.2003509020665661
2019-01-22,43.87508862847463
2019-01-23,8.75491246212041
2019-01-24,0.30947369062341756
2019-01-25,0.04842105363495648
2019-01-26,0.005263158003799617
2019-01-27,0.0007017544005066157
2019-01-28,0.0
2019-01-29,0.0
2019-01-30,0.29947369041619826
2019-01-31,3.2426316461409446
2019-02-01,33.180000687553544
2019-02-02,2.4754386477870867
2019-02-03,2.698947424348444
2019-02-04,0.279298251401633
2019-02-05,0.06456140484660865
2019-02-06,0.0
2019-02-07,0.6852631720947102
2019-02-08,5.36736853227485
2019-02-09,0.37000000766711316
2019-02-10,8.497894912934862
2019-02-11,18.150877569103613
2019-02-12,19.323860049550422
2019-02-13,2.33684215368703
2019-02-14,4.638245710148476
2019-02-15,3.9271930638351478
2019-02-16,0.3164912346284837
2019-02-17,0.0
2019-02-18,0.2673684265930205
2019-02-19,11.130175669235177
2019-02-20,0.3921052712830715
2019-02-21,0.03684210602659733
2019-02-22,11.724035330663902
2019-02-23,2.0468421476776713
2019-02-24,0.3540350950555876
2019-02-25,0.002631579001899809
2019-02-26,0.0
2019-02-27,1.545614067115821
2019-02-28,0.027894737420137972
2019-03-01,0.07245614185230807
2019-03-02,0.0
2019-03-03,0.0
2019-03-04,0.0
2019-03-05,0.36964913046685977
2019-03-06,7.789122968423181
2019-03-07,3.44105270288419
2019-03-08,1.019473705335986
2019-03-09,0.0
2019-03-10,0.15947368751512842
2019-03-11,13.31070203020936
2019-03-12,5.300877302826848
2019-03-13,0.32421053303405645
2019-03-14,0.5389473795890809
2019-03-15,0.32140351543202994
2019-03-16,0.0
2019-03-17,0.0035087720025330786
2019-03-18,0.024385965417604898
2019-03-19,0.028245614620391282
2019-03-20,0.0
2019-03-21,0.0
2019-03-22,0.6724561542854646
2019-03-23,0.14368421350372956
2019-03-24,1.1229824794107117
2019-03-25,5.298421162425075
2019-03-26,5.032456244633067
2019-03-27,0.026491228619124743
2019-03-28,0.18438596873311325
2019-03-29,0.2978947430150583
2019-03-30,0.0
2019-03-31,0.0005263158003799618
2019-04-01,0.012631579209119084
2019-04-02,2.06315793748945
2019-04-03,9.839473888103385
2019-04-04,0.5440350989927538
2019-04-05,9.401228264987004
2019-04-06,8.552280878974127
2019-04-07,2.6896491785417314
2019-04-08,11.176491459668615
2019-04-09,5.099298351281323
2019-04-10,14.133509064803365
2019-04-11,12.142631830566097
2019-04-12,4.2931579836993485
2019-04-13,15.705789799138438
2019-04-14,6.7782457544934
2019-04-15,0.45912281653145326
2019-04-16,4.850877293501981
2019-04-17,3.279122874967288
2019-04-18,38.00017622603337
2019-04-19,16.47912314849673
2019-04-20,0.0
2019-04-21,0.0
2019-04-22,6.336140482174233
2019-04-23,1.0761403731768953
2019-04-24,0.0014035088010132314
2019-04-25,0.0
2019-04-26,0.8040351043804549
2019-04-27,1.9152631975826808
2019-04-28,0.8108772097853943
2019-04-29,0.037192983226850634
2019-04-30,0.0201754390145652
2019-05-01,0.032280702423304324
2019-05-02,0.27526316359872
2019-05-03,0.0201754390145652
2019-05-04,0.0
2019-05-05,0.0
2019-05-06,0.0
2019-05-07,0.0
2019-05-08,0.05035087823634968
2019-05-09,0.0
2019-05-10,0.0
2019-05-11,0.05035087823634968
2019-05-12,0.05035087823634968
2019-05-13,0.11771930068498478
2019-05-14,7.046315935486929
2019-05-15,1.0700000221724622
2019-05-16,13.677719581674321
2019-05-17,8.520701930951327
2019-05-18,0.18175438973121347
2019-05-19,2.088596534507815
2019-05-20,6.885087861970533
2019-05-21,0.197192986542359
2019-05-22,0.03649122882634402
2019-05-23,3.7849123591324316
2019-05-24,6.531754521315452
2019-05-25,6.105965038808063
2019-05-26,0.6531579082715326
2019-05-27,0.05070175543660299
2019-05-28,0.5645614152075723
2019-05-29,0.031578948022797704
2019-05-30,0.0201754390145652
2019-05-31,0.0
2019-06-01,0.0
2019-06-02,0.0
2019-06-03,0.3891228150809184
2019-06-04,0.07298245765268803
2019-06-05,4.722807115409523
2019-06-06,4.970877295988612
2019-06-07,6.575614171347114
2019-06-08,0.29052632180973886
2019-06-09,0.37122807786799966
2019-06-10,0.0
2019-06-11,0.0
2019-06-12,0.0
2019-06-13,0.0
2019-06-14,0.0
2019-06-15,0.0
2019-06-16,0.0
2019-06-17,0.16842105612158778
2019-06-18,0.4419298337190412
2019-06-19,4.159824647603091
2019-06-20,4.135263243585359
2019-06-21,0.5121052737697028
2019-06-22,0.6196491356473416
2019-06-23,1.2082456390722656
2019-06-24,0.2917543920106254
2019-06-25,2.375087768514641
2019-06-26,13.194386238325388
2019-06-27,11.220000232500023
2019-06-28,1.2080702004721389
2019-06-29,0.017368421412538738
2019-06-30,1.1092982686008328
2019-07-01,0.0
2019-07-02,2.883333393081557
2019-07-03,0.015789474011398852
2019-07-04,0.009649123006965965
2019-07-05,0.5949122930294835
2019-07-06,0.08333333506016062
2019-07-07,0.3978947450872511
2019-07-08,0.142456143302843
2019-07-09,3.982982538675424
2019-07-10,6.625965049583465
2019-07-11,0.4647368517355063
2019-07-12,0.001754386001266539
2019-07-13,0.0012280702008865775
2019-07-14,0.12719298509182408
2019-07-15,0.9822807221091354
2019-07-16,0.42526316670700914
2019-07-17,23.374211010674482
2019-07-18,2.4664912791806275
2019-07-19,0.26631579499226066
2019-07-20,0.2070175481494516
2019-07-21,0.0
2019-07-22,0.0
2019-07-23,0.15350877511082217
2019-07-24,0.0
2019-07-25,0.0
2019-07-26,0.19263158293906602
2019-07-27,0.909473703056574
2019-07-28,0.0
2019-07-29,0.024736842617858204
2019-07-30,0.0
2019-07-31,0.0
2019-08-01,2.1121053069247866
2019-08-02,6.13964925003238
2019-08-03,0.0
2019-08-04,0.0
2019-08-05,0.0005263158003799618
2019-08-06,0.030000000621657818
2019-08-07,0.05842105384217576
2019-08-08,0.34824562125140807
2019-08-09,1.0163158105337062
2019-08-10,3.934736923640594
2019-08-11,3.220000066724606
2019-08-12,0.42754386850865567
2019-08-13,0.0
2019-08-14,0.0
2019-08-15,0.0
2019-08-16,0.030000000621657818
2019-08-17,0.0028070176020264627
2019-08-18,0.06350877324584872
2019-08-19,0.0
2019-08-20,0.1796491265296936
2019-08-21,8.718596671894193
2019-08-22,0.35859649865888066
2019-08-23,2.3408772414899435
2019-08-24,0.15333333651069553
2019-08-25,0.3175438662292435
2019-08-26,0.1385964941000566
2019-08-27,0.0005263158003799618
2019-08-28,0.0
2019-08-29,1.2631579209119084
2019-08-30,0.39859649948775766
2019-08-31,0.0628070188453421
2019-09-01,0.0
2019-09-02,0.0
2019-09-03,0.43859650031663483
2019-09-04,0.0007017544005066157
2019-09-05,0.027543860219884666
2019-09-06,0.04070175522938371
2019-09-07,8.46122824550839
2019-09-08,5.625614151661284
2019-09-09,4.683333430381026
2019-09-10,1.956315830012318
2019-09-11,0.32368421723367646
2019-09-12,13.90000028803479
2019-09-13,9.200526506442111
2019-09-14,14.7735090780654
2019-09-15,21.53543904274702
2019-09-16,2.9475439207279126
2019-09-17,14.451754685433116
2019-09-18,4.051754469925072
2019-09-19,0.30070176061708476
2019-09-20,0.8675438776263036
2019-09-21,0.5461403621942738
2019-09-22,11.628245854994748
2019-09-23,8.317544032004662
2019-09-24,0.45789474633056676
2019-09-25,11.657544101215901
2019-09-26,15.313333650655114
2019-09-27,7.607017701491714
2019-09-28,3.3885965614463207
2019-09-29,0.9719298447016629
2019-09-30,0.1587719331146218
2019-10-01,0.15385965231107548
2019-10-02,1.446315819444135
2019-10-03,4.347193072538357
2019-10-04,10.731754608347547
2019-10-05,1.5249123123008759
2019-10-06,2.2238596952054652
2019-10-07,38.4631586917676
2019-10-08,9.337193175940776
2019-10-09,0.35842106005875396
2019-10-10,0.5791228190180846
2019-10-11,0.1184210550854914
2019-10-12,0.7370175591320731
2019-10-13,0.2589473737869412
2019-10-14,0.005614035204052926
2019-10-15,0.7796491389628502
2019-10-16,17.004561755876058
2019-10-17,31.707544516690543
2019-10-18,18.870351268223022
2019-10-19,12.318772185093259
2019-10-20,16.47385999049293
2019-10-21,58.240176645445175
2019-10-22,2.499122858804185
2019-10-23,0.03315789542393759
2019-10-24,0.2375438645714894
2019-10-25,8.938070360652638
2019-10-26,0.14070175730157644
2019-10-27,0.16017544191563504
2019-10-28,0.0
2019-10-29,0.0
2019-10-30,0.1285964938928373
2019-10-31,0.003157894802279771
2019-11-01,0.27315790039720017
2019-11-02,0.03421052702469752
2019-11-03,0.0
2019-11-04,0.0
2019-11-05,0.0
2019-11-06,0.013508772209752351
2019-11-07,0.0
2019-11-08,0.06859649264952168
2019-11-09,1.242982481897343
2019-11-10,0.07122807165142149
2019-11-11,1.1459649360273034
2019-11-12,5.926140473678243
2019-11-13,0.05684210644103587
2019-11-14,1.166315813641995
2019-11-15,16.72929859227734
2019-11-16,21.570000446971974
2019-11-17,34.848772651958285
2019-11-18,15.248245930008125
2019-11-19,5.380701865884475
2019-11-20,0.01701754421228543
2019-11-21,0.06421052764635533
2019-11-22,0.6056140476372094
2019-11-23,14.669649426790421
2019-11-24,9.085087907558773
2019-11-25,9.307544052519372
2019-11-26,0.12666666929144413
2019-11-27,0.06385965044610203
2019-11-28,0.03228070242330432
2019-11-29,0.048070176434703175
2019-11-30,0.30192983081797137
2019-12-01,4.9350878215627745
2019-12-02,9.027193169516977
2019-12-03,17.720351244392806
2019-12-04,9.799298448674381
2019-12-05,1.1698245856445284
2019-12-06,3.275263225764502
2019-12-07,8.16824578329688
2019-12-08,0.4692982553387992
2019-12-09,0.15964912611525506
2019-12-10,2.5442105790367346
2019-12-11,10.366842320084107
2019-12-12,29.940526936214887
2019-12-13,8.907719482830725
2019-12-14,3.030175501387567
2019-12-15,0.9885965117136949
2019-12-16,5.264035196800251
2019-12-17,3.3489474378176967
2019-12-18,7.080000146711246
2019-12-19,54.46315902331844
2019-12-20,79.52526480581147
2019-12-21,16.958070526842494
2019-12-22,2.433508822356816
2019-12-23,0.8357894910033792
2019-12-24,0.0
2019-12-25,0.05421052743913606
2019-12-26,2.3807018037186936
2019-12-27,3.9957895564846697
2019-12-28,1.6792982804123313
2019-12-29,0.4868421153514647
2019-12-30,7.453684364981019
2019-12-31,59.81824685358443
2020-01-01,15.51701786540216
2020-01-02,16.064210859197193
2020-01-03,25.15631631076103
2020-01-04,14.256140646291897
2020-01-05,17.124737196962815
2020-01-06,75.52772086332553
2020-01-07,37.619123586558274
2020-01-08,4.215789561043494
2020-01-09,2.230526362010278
2020-01-10,26.029649662191517
2020-01-11,16.120175772637594
2020-01-12,19.802281112095805
2020-01-13,2.2608772398321886
2020-01-14,11.074386194394902
2020-01-15,9.956842311588119
2020-01-16,9.225438787660096
2020-01-17,8.093158062442672
2020-01-18,12.330351132701617
2020-01-19,5.646491345076356
2020-01-20,1.3871930112014526
2020-01-21,18.8043863545754
2020-01-22,31.9178953982424
2020-01-23,40.57456224429188
2020-01-24,17.88894773911452
2020-01-25,6.540351012721659
2020-01-26,13.168245886906515
2020-01-27,18.54070213858504
2020-01-28,7.769824722409249
2020-01-29,16.625088063802107
2020-01-30,20.719123236357703
2020-01-31,71.62017692270456
2020-02-01,32.977193665807135
2020-02-02,1.7089474038337358
2020-02-03,2.342982504691463
2020-02-04,15.658772254304495
2020-02-05,29.924211146403106
2020-02-06,23.38070223887917
2020-02-07,31.07175502983155
2020-02-08,8.794210708548782
2020-02-09,0.50385965956375
2020-02-10,0.17771930192830043
2020-02-11,2.4598246123758147
2020-02-12,0.2561403561849147
2020-02-13,8.830701937375125
2020-02-14,11.871754631970543
2020-02-15,13.443509050505238
2020-02-16,8.20491245072335
2020-02-17,4.640000096149743
2020-02-18,0.13894737130030993
2020-02-19,0.007543859805446119
2020-02-20,0.09596491426927968
2020-02-21,0.7692982615553775
2020-02-22,6.120701881218702
2020-02-23,34.29561474575894
2020-02-24,5.585438712232281
2020-02-25,1.7726316156797113
2020-02-26,1.8792982845567168
2020-02-27,1.2726316053187476
2020-02-28,12.96631605816074
2020-02-29,8.879824745410588
2020-03-01,3.317368489794899
2020-03-02,24.247193484904713
2020-03-03,12.78842131763231
2020-03-04,2.5561404038453475
2020-03-05,14.98052662621485
2020-03-06,6.3640352195943715
2020-03-07,4.667017640569247
2020-03-08,1.4424561702413485
2020-03-09,0.07736842265585438
2020-03-10,8.89754404402338
2020-03-11,3.4421053344849497
2020-03-12,0.1268421078915708
2020-03-13,2.1880702207796277
2020-03-14,0.19105263553792612
2020-03-15,0.08684210706269369
2020-03-16,0.24824561917921528
2020-03-17,0.016315789811778815
2020-03-18,0.0012280702008865775
2020-03-19,0.0
2020-03-20,0.003333333402406424
2020-03-21,0.0
2020-03-22,0.41947369290282954
2020-03-23,9.302105455915445
2020-03-24,2.8198246198357086
2020-03-25,0.812105279986281
2020-03-26,2.3277193464804444
2020-03-27,5.616666783054825
2020-03-28,23.267368903197347
2020-03-29,15.116140664112756
2020-03-30,28.255439181998376
2020-03-31,9.457368617027534
2020-04-01,1.919824601185974
2020-04-02,2.378421101917047
2020-04-03,7.241579097427894
2020-04-04,0.46614036053651947
2020-04-05,0.6526315924711525
2020-04-06,1.430000029632356
2020-04-07,0.0
2020-04-08,0.011052631807979198
2020-04-09,0.0
2020-04-10,0.5129824667703361
2020-04-11,1.4738596796640195
2020-04-12,0.0
2020-04-13,0.0
2020-04-14,0.21526316235540438
2020-04-15,0.015789474011398852
2020-04-16,0.0
2020-04-17,0.02333333381684497
2020-04-18,0.21087719735223803
2020-04-19,0.002456140401773155
2020-04-20,0.049122808035463095
2020-04-21,0.37491228847065944
2020-04-22,14.7392985510407
2020-04-23,4.515614128659945
2020-04-24,0.6119298372417689
2020-04-25,15.557017866231035
2020-04-26,7.051579093490727
2020-04-27,15.0703511894797
2020-04-28,0.29666667281417175
2020-04-29,7.38122822312871
2020-04-30,4.98403519099811
2020-05-01,0.6659649260807783
2020-05-02,19.141228466818575
2020-05-03,6.0119299491401765
2020-05-04,0.7364912433316932
2020-05-05,9.411754580994602
2020-05-06,5.085614140471444
2020-05-07,0.23929825057275597
2020-05-08,0.018070175813045354
2020-05-09,0.026315790018998086
2020-05-10,0.0
2020-05-11,4.85877203050768
2020-05-12,10.383158109895886
2020-05-13,3.3580702450242828
2020-05-14,3.317368489794899
2020-05-15,0.9238596682669595
2020-05-16,13.733333617914468
2020-05-17,8.070000167225952
2020-05-18,0.2791228128015064
2020-05-19,0.31526316442759705
2020-05-20,5.0870176492724575
2020-05-21,8.740351058309898
2020-05-22,6.00491240513511
2020-05-23,0.02000000041443855
2020-05-24,1.832631616923027
2020-05-25,12.61649148950819
2020-05-26,0.26403509319061413
2020-05-27,0.028596491820644592
2020-05-28,0.07000000145053492
2020-05-29,0.390350885281805
2020-05-30,35.78052705723094
2020-05-31,2.0584210952860307
2020-06-01,0.0
2020-06-02,3.8464913077768874
2020-06-03,0.0040350878029130404
2020-06-04,0.13421052909689024
2020-06-05,5.482982569758315
2020-06-06,5.569473799620756
2020-06-07,7.9421054277336225
2020-06-08,7.600175596086775
2020-06-09,15.876316118461546
2020-06-10,0.7308772081276402
2020-06-11,5.936315912485589
2020-06-12,11.47614058868494
2020-06-13,6.628596628585365
2020-06-14,3.5147369149373846
2020-06-15,9.254035279480743
2020-06-16,1.1985965160652996
2020-06-17,0.0
2020-06-18,0.0178947372129187
2020-06-19,0.311754392425064
2020-06-20,5.518947482784279
2020-06-21,0.43298246511258176
2020-06-22,0.00491228080354631
2020-06-23,1.6771930172108114
2020-06-24,4.464912373223342
2020-06-25,0.0057894738041795795
2020-06-26,0.564210538007319
2020-06-27,3.5150877921376376
2020-06-28,2.8861404106835837
2020-06-29,0.6857894878950902
2020-06-30,5.582807133230381
2020-07-01,13.073684481438253
2020-07-02,1.1987719546654263
2020-07-03,2.8401754974504003
2020-07-04,0.016842105612158778
2020-07-05,0.02456140401773155
2020-07-06,0.06526315924711525
2020-07-07,0.8052631745813416
2020-07-08,0.7085965059115552
2020-07-09,5.938245737086982
2020-07-10,0.6191228198469616
2020-07-11,1.6678947714040988
2020-07-12,1.6759649470099252
2020-07-13,0.0
2020-07-14,0.0010526316007599236
2020-07-15,0.0
2020-07-16,0.007894737005699428
2020-07-17,0.316842111828737
2020-07-18,0.0
2020-07-19,0.0
2020-07-20,0.0
2020-07-21,0.03929824642837047
2020-07-22,0.1857894775341265
2020-07-23,0.28087719880277295
2020-07-24,0.12385965168941765
2020-07-25,0.0
2020-07-26,0.0
2020-07-27,0.0
2020-07-28,0.0
2020-07-29,0.0
2020-07-30,0.0
2020-07-31,0.22368421516148373
2020-08-01,0.00017543860012665392
2020-08-02,0.0
2020-08-03,0.00017543860012665392
2020-08-04,0.0
2020-08-05,0.21035088155185805
2020-08-06,7.65280717612477
2020-08-07,1.2317544114892371
2020-08-08,0.4652631675358862
2020-08-09,0.0
2020-08-10,0.0
2020-08-11,0.0
2020-08-12,0.0
2020-08-13,0.0
2020-08-14,0.05859649244230241
2020-08-15,0.0
2020-08-16,0.09087719486560673
2020-08-17,0.0
2020-08-18,0.0
2020-08-19,0.389824569481425
2020-08-20,2.184386010176968
2020-08-21,13.275789748784156
2020-08-22,0.5877193104242906
2020-08-23,0.024912281217984857
2020-08-24,0.0005263158003799618
2020-08-25,0.009649123006965965
2020-08-26,0.0
2020-08-27,0.0
2020-08-28,0.0
2020-08-29,0.05087719403672964
2020-08-30,1.4257895032293164
2020-08-31,0.036315790226217365
2020-09-01,0.0
2020-09-02,0.0012280702008865775
2020-09-03,0.0057894738041795795
2020-09-04,0.0
2020-09-05,0.0
2020-09-06,0.0
2020-09-07,0.0
2020-09-08,0.0
2020-09-09,0.0
2020-09-10,0.0
2020-09-11,0.0
2020-09-12,0.0
2020-09-13,0.0
2020-09-14,1.762631615472492
2020-09-15,1.6664912626030854
2020-09-16,0.10298245827434586
2020-09-17,0.04473684303229675
2020-09-18,11.33456163838273
2020-09-19,4.312280791113154
2020-09-20,0.33157895423937594
2020-09-21,2.0415789896738716
2020-09-22,4.955438699177466
2020-09-23,56.934738021902746
2020-09-24,26.158421594684484
2020-09-25,35.71298319618218
2020-09-26,16.57298279956449
2020-09-27,0.24052632077364253
2020-09-28,0.011403509008232508
2020-09-29,0.036315790226217365
2020-09-30,0.03438596562482417
2020-10-01,0.0
2020-10-02,0.06122807144420222
2020-10-03,0.2477193033788353
2020-10-04,0.0650877206469886
2020-10-05,0.0
2020-10-06,0.0
2020-10-07,0.16543859991943463
2020-10-08,0.5687719416106121
2020-10-09,20.9415793813183
2020-10-10,33.236316478194205
2020-10-11,35.59736915869871
2020-10-12,11.904210772993975
2020-10-13,36.0915796952555
2020-10-14,7.235087869223207
2020-10-15,3.2131579613196664
2020-10-16,31.312456789205317
2020-10-17,7.373859801923391
2020-10-18,13.927368709654548
2020-10-19,6.740701894066297
2020-10-20,5.840526436816436
2020-10-21,6.8880703181726854
2020-10-22,0.4545614129281603
2020-10-23,18.857544250413774
2020-10-24,0.38754386767977855
2020-10-25,1.012280722730793
2020-10-26,1.7187719654408287
2020-10-27,2.2564912748290227
2020-10-28,1.9189474081853408
2020-10-29,4.806842204870191
2020-10-30,11.856842350959779
2020-10-31,0.12157894988777115
2020-11-01,0.0670175452483818
2020-11-02,0.7131579095148481
2020-11-03,35.15350950037828
2020-11-04,44.51157986973413
2020-11-05,27.324737408326477
2020-11-06,0.7203508921200409
2020-11-07,0.12175438848789781
2020-11-08,0.0
2020-11-09,8.400877367064822
2020-11-10,3.651403584436048
2020-11-11,0.1428070205030963
2020-11-12,28.750877788756043
2020-11-13,36.092807765456385
2020-11-14,16.69929859165568
2020-11-15,19.184210923849605
2020-11-16,23.737368912936656
2020-11-17,26.56210581357591
2020-11-18,19.520000404492023
2020-11-19,11.431930061453023
2020-11-20,11.698947610845789
2020-11-21,1.2187719550798648
2020-11-22,2.4600000509759417
2020-11-23,3.2863158575724816
2020-11-24,18.690000387292823
2020-11-25,7.290701905463357
2020-11-26,2.4907018059981056
2020-11-27,5.668772047292442
2020-11-28,2.1391228513442915
2020-11-29,2.8963158494909296
2020-11-30,18.252982834377324
2020-12-01,0.7029824707075023
2020-12-02,0.22736842576414348
2020-12-03,0.32280702423304325
2020-12-04,0.00403508780291304
2020-12-05,0.03087719362229109
2020-12-06,0.408596499694977
2020-12-07,9.014210713107605
2020-12-08,23.70403557891259
2020-12-09,5.531228184793145
2020-12-10,1.1773684454499744
2020-12-11,1.9387719699996526
2020-12-12,0.3685964988660999
2020-12-13,9.825789677293507
2020-12-14,10.0903510862845
2020-12-15,17.982982828782404
2020-12-16,18.350175818847493
2020-12-17,12.155087971175089
2020-12-18,16.653859994222877
2020-12-19,24.5215794555028
2020-12-20,10.077368629875128
2020-12-21,50.925439651764464
2020-12-22,1.0631579167675227
2020-12-23,0.7868421215680428
2020-12-24,0.6882456282968633
2020-12-25,10.219649334577845
2020-12-26,13.508596771152227
2020-12-27,3.4922807741211725
2020-12-28,0.35578948105685415
2020-12-29,11.559473923745099
2020-12-30,27.455790042621082
2020-12-31,13.574386246199719
2021-01-01,32.6419305009651
2021-01-02,45.874036038317726
2021-01-03,8.379122980649118
2021-01-04,23.470877679344266
2021-01-05,28.04438654604601
2021-01-06,9.672280902182685
2021-01-07,0.876491246232763
2021-01-08,2.042280744074378
2021-01-09,0.5012280805618503
2021-01-10,5.550526430807078
2021-01-11,29.865790092560932
2021-01-12,55.836667823710016
2021-01-13,8.668772109458224
2021-01-14,5.125087825499941
2021-01-15,6.219824690290261
2021-01-16,6.965263302228414
2021-01-17,5.658596608485096
2021-01-18,0.2657894791918807
2021-01-19,0.05385965023888275
2021-01-20,0.9824561607092621
2021-01-21,0.12578947629081086
2021-01-22,0.0
2021-01-23,0.20157895154552533
2021-01-24,1.8522807401372121
2021-01-25,0.5491228183964267
2021-01-26,0.8259649293962866
2021-01-27,1.802105300500989
2021-01-28,3.39912287745392
2021-01-29,0.8242105433950201
2021-01-30,8.39105280545773
2021-01-31,20.347719719889575
2021-02-01,26.455439144698904
2021-02-02,14.398772228194868
2021-02-03,4.111579032568261
2021-02-04,34.28964983335463
2021-02-05,9.338421246141662
2021-02-06,32.63631646576104
2021-02-07,7.788772091222929
2021-02-08,0.7977193147758953
2021-02-09,0.12701754649169744
2021-02-10,0.009122807206586004
2021-02-11,0.6192982584470884
2021-02-12,2.5445614562369885
2021-02-13,4.512280795257539
2021-02-14,5.801403628988192
2021-02-15,11.925789720809554
2021-02-16,9.295789666310885
2021-02-17,2.5247368944226762
2021-02-18,16.60649157218868
2021-02-19,10.27122828301508
2021-02-20,11.405438832833898
2021-02-21,45.982106215995735
2021-02-22,34.30245685116388
2021-02-23,12.728070439188741
2021-02-24,10.026491435838398
2021-02-25,33.90508842187701
2021-02-26,8.287368592782878
2021-02-27,3.0308772557880728
2021-02-28,2.210350922995713
2021-03-01,1.3533333613770082
2021-03-02,0.07526315945433452
2021-03-03,0.058947369642555716
2021-03-04,5.0321053674328144
2021-03-05,4.716842203005218
2021-03-06,1.181578971853014
2021-03-07,6.515965047304054
2021-03-08,0.0
2021-03-09,0.3373684280435555
2021-03-10,0.22754386436427015
2021-03-11,0.0868421070626937
2021-03-12,0.1180701778852381
2021-03-13,0.033859649824444206
2021-03-14,5.637719415070023
2021-03-15,0.147017546906136
2021-03-16,0.3349122876417824
2021-03-17,0.030877193622291087
2021-03-18,7.333508923894261
2021-03-19,6.851228212146088
2021-03-20,7.182105411984958
2021-03-21,16.807895085134078
2021-03-22,2.9217544465092944
2021-03-23,4.1280702609801665
2021-03-24,17.954912652762143
2021-03-25,0.4591228165314533
2021-03-26,0.8950877378461883
2021-03-27,1.0182456351350995
2021-03-28,25.182456662179902
2021-03-29,3.8370176233700484
2021-03-30,0.09543859846889974
2021-03-31,0.5026315893628635
2021-04-01,0.20245614454615862
2021-04-02,0.31385965562658386
2021-04-03,5.612807133852039
2021-04-04,0.4949122909572907
2021-04-05,0.1161403532838449
2021-04-06,0.3033333396189846
2021-04-07,15.020702065643855
2021-04-08,3.8054386753472498
2021-04-09,6.74789487667149
2021-04-10,4.764736940839794
2021-04-11,0.1633333367179148
2021-04-12,0.03596491302596405
2021-04-13,0.033157895423937586
2021-04-14,0.07245614185230807
2021-04-15,0.003333333402406424
2021-04-16,0.0
2021-04-17,0.0
2021-04-18,0.0
2021-04-19,0.0
2021-04-20,0.0
2021-04-21,0.015789474011398852
2021-04-22,0.0
2021-04-23,1.472105293662753
2021-04-24,6.411228203028441
2021-04-25,4.333157984528225
2021-04-26,1.823859686916694
2021-04-27,0.3052631642203778
2021-04-28,0.01614035121165216
2021-04-29,0.7073684357106687
2021-04-30,6.6400001375935975
2021-05-01,0.8647368600242772
2021-05-02,0.0
2021-05-03,3.173859714891296
2021-05-04,0.5554386080009863
2021-05-05,0.29578947981353854
2021-05-06,5.729824680136518
2021-05-07,8.499122983135749
2021-05-08,0.17719298612792045
2021-05-09,0.06789473824901507
2021-05-10,0.0
2021-05-11,0.017719298612792048
2021-05-12,0.4385965003166348
2021-05-13,0.017719298612792048
2021-05-14,0.0
2021-05-15,0.0
2021-05-16,0.013157895009499043
2021-05-17,12.711754649376962
2021-05-18,8.505789649940562
2021-05-19,3.998070258286316
2021-05-20,7.904210690106265
2021-05-21,0.05000000103609637
2021-05-22,0.0
2021-05-23,2.632105317700189
2021-05-24,3.67385972525226
2021-05-25,4.617894832533785
2021-05-26,1.4252631874289363
2021-05-27,34.805088440526745
2021-05-28,3.6673684970475735
2021-05-29,0.11333333568181844
2021-05-30,0.09000000186497345
2021-05-31,0.0
2021-06-01,0.06912280844990165
2021-06-02,0.0
2021-06-03,0.05228070283774287
2021-06-04,1.4364912578370421
2021-06-05,9.395965106983205
2021-06-06,5.272807126806584
2021-06-07,1.5373684529098683
2021-06-08,2.778245671605691
2021-06-09,0.15403509091120213
2021-06-10,0.7601754543487915
2021-06-11,3.735087796696462
2021-06-12,1.4577193284523675
2021-06-13,12.645789735729341
2021-06-14,3.2668421729584227
2021-06-15,5.2335088803782135
2021-06-16,0.005087719403672964
2021-06-17,0.0
2021-06-18,0.004385965003166348
2021-06-19,0.01666666701203212
2021-06-20,0.0
2021-06-21,0.0
2021-06-22,0.0
2021-06-23,0.0
2021-06-24,0.0
2021-06-25,0.0
2021-06-26,0.01666666701203212
2021-06-27,0.0
2021-06-28,0.0
2021-06-29,0.0
2021-06-30,0.15754386291373523
2021-07-01,0.12543859909055757
2021-07-02,0.044561404432170104
2021-07-03,0.0
2021-07-04,0.0
2021-07-05,0.0
2021-07-06,0.015087719610892237
2021-07-07,1.6057895069592634
2021-07-08,0.0536842116387561
2021-07-09,0.0
2021-07-10,0.0
2021-07-11,0.0
2021-07-12,0.0
2021-07-13,0.0
2021-07-14,0.10578947587637232
2021-07-15,0.220000004558824
2021-07-16,0.0
2021-07-17,0.0
2021-07-18,0.0
2021-07-19,0.0
2021-07-20,0.0
2021-07-21,0.0
2021-07-22,0.015789474011398855
2021-07-23,0.0
2021-07-24,0.0
2021-07-25,0.0
2021-07-26,0.024035088217351588
2021-07-27,0.015789474011398855
2021-07-28,0.0
2021-07-29,0.0
2021-07-30,0.04508772023255006
2021-07-31,0.632631592056714
2021-08-01,2.2838596964487805
2021-08-02,0.0
2021-08-03,1.4301754682324828
2021-08-04,0.0
2021-08-05,0.6500000134692527
2021-08-06,4.1370176295866266
2021-08-07,20.51263200400863
2021-08-08,0.9085965100559408
2021-08-09,0.0
2021-08-10,0.03701754462672398
2021-08-11,0.0
2021-08-12,0.0
2021-08-13,0.0
2021-08-14,0.0
2021-08-15,0.02508771981811151
2021-08-16,4.248245702066924
2021-08-17,2.600000053877011
2021-08-18,0.0
2021-08-19,0.0
2021-08-20,5.1878948443452835
2021-08-21,1.3703509055892937
2021-08-22,2.1154386403271928
2021-08-23,0.3777193060726859
2021-08-24,0.0647368434467353
2021-08-25,0.0
2021-08-26,4.709473781799898
2021-08-27,1.4043859940138645
2021-08-28,0.005438596603926272
2021-08-29,0.0017543860012665393
2021-08-30,0.47000000973930584
2021-08-31,0.9992982663214208
2021-09-01,0.0
2021-09-02,0.0
2021-09-03,0.01385964941000566
2021-09-04,0.5608772046049126
2021-09-05,0.03491228142520413
2021-09-06,0.0
2021-09-07,0.0403508780291304
2021-09-08,0.16701754732057456
2021-09-09,0.0
2021-09-10,0.883508790237829
2021-09-11,2.4498246121685954
2021-09-12,3.9824562228750437
2021-09-13,0.12421052888967096
2021-09-14,7.471754540794063
2021-09-15,0.33561404204228895
2021-09-16,0.5401754497899673
2021-09-17,57.93087839342188
2021-09-18,16.472982797492296
2021-09-19,13.357017820642795
2021-09-20,1.8545614419388587
2021-09-21,0.14105263450182975
2021-09-22,0.5584210642031395
2021-09-23,0.12508772189030423
2021-09-24,0.06017543984344229
2021-09-25,0.0005263158003799618
2021-09-26,31.372983106249013
2021-09-27,15.434912600542885
2021-09-28,14.740000305441209
2021-09-29,12.32280727289617
2021-09-30,26.522105812747032
2021-10-01,0.23859649617224934
2021-10-02,0.08368421226041392
2021-10-03,1.266315815714188
2021-10-04,0.20982456575147812
2021-10-05,11.98368445885135
2021-10-06,9.41877212499967
2021-10-07,0.3759649200714193
2021-10-08,0.11263158128131182
2021-10-09,18.28421090519987
2021-10-10,8.005789639579598
2021-10-11,0.22333333796123042
2021-10-12,7.705438756162767
2021-10-13,3.462280773499515
2021-10-14,12.632631840719842
2021-10-15,18.663684597273825
2021-10-16,4.092280786554329
2021-10-17,0.36473684966331354
2021-10-18,0.0015789474011398854
2021-10-19,0.6236842234502548
2021-10-20,11.895263404387517
2021-10-21,9.340526509343182
2021-10-22,10.579298464837485
2021-10-23,4.097368505958002
2021-10-24,14.814737149095162
2021-10-25,25.89052685229108
2021-10-26,31.623860304430128
2021-10-27,20.60122849707259
2021-10-28,91.56105452890043
2021-10-29,7.827368583250791
2021-10-30,0.029122807621024552
2021-10-31,0.2828070234041661
2021-11-01,5.1340351941064
2021-11-02,14.78245644667186
2021-11-03,8.522456316952596
2021-11-04,35.15649195658043
2021-11-05,4.809122906671837
2021-11-06,14.41701784260804
2021-11-07,11.996316038060467
2021-11-08,4.899298347136937
2021-11-09,22.999298722203825
2021-11-10,6.709473823243753
2021-11-11,37.4382463898277
2021-11-12,38.60982536147349
2021-11-13,39.23964993592817
2021-11-14,71.1352646319545
2021-11-15,46.470000962947964
2021-11-16,4.367368511552923
2021-11-17,0.937368440476712
2021-11-18,10.019298453233205
2021-11-19,1.5522807339206337
2021-11-20,0.15736842431360856
2021-11-21,0.13754386249929668
2021-11-22,6.560351013136097
2021-11-23,9.997017751017118
2021-11-24,4.5617544804932555
2021-11-25,47.682457128423266
2021-11-26,12.99140377797885
2021-11-27,47.888597483572084
2021-11-28,38.36543939149706
2021-11-29,9.72807037702296
2021-11-30,39.938948196033024
2021-12-01,19.732807426445653
2021-12-02,1.7671930190757852
2021-12-03,3.8557895535835995
2021-12-04,12.412105520360637
2021-12-05,2.0366667088703254
2021-12-06,11.680526557832492
2021-12-07,11.429298482451124
2021-12-08,10.28701775702648
2021-12-09,12.745087983401026
2021-12-10,24.49877243748633
2021-12-11,36.01298320239876
2021-12-12,8.009298411582131
2021-12-13,10.525614253198729
2021-12-14,3.0143860273761676
2021-12-15,2.552982509043068
2021-12-16,4.0492983295233
2021-12-17,9.294035280309616
2021-12-18,42.17245701424545
2021-12-19,6.5015790820936665
2021-12-20,0.8057894903817214
2021-12-21,17.89193019531667
2021-12-22,28.624035680864473
2021-12-23,24.56771980733611
2021-12-24,10.865263383043931
2021-12-25,9.84280722150579
2021-12-26,6.086315915593878
2021-12-27,4.4743860576301815
2021-12-28,1.0871930049848744
2021-12-29,5.64052643267205
2021-12-30,2.498070227203425
2021-12-31,0.3045614098198712
2022-01-01,0.8291228241985664
2022-01-02,24.68263209041907
2022-01-03,11.8326318241423
2022-01-04,13.680526599276346
2022-01-05,13.258421327371618
2022-01-06,61.97158023153898
2022-01-07,25.55701807345031
2022-01-08,2.2375439060153446
2022-01-09,6.012631703540682
2022-01-10,14.927895046176857
2022-01-11,47.080351852788596
2022-01-12,24.306667170347644
2022-01-13,1.8949123199679891
2022-01-14,0.07140351025154815
2022-01-15,0.1042105284752324
2022-01-16,0.0
2022-01-17,5.967017667507753
2022-01-18,3.729824638692662
2022-01-19,14.854912588524169
2022-01-20,25.064211045694535
2022-01-21,0.42210527190472935
2022-01-22,0.05649122924078256
2022-01-23,0.0
2022-01-24,0.0007017544005066157
2022-01-25,0.06298245744546875
2022-01-26,0.0
2022-01-27,0.047017544833943256
2022-01-28,0.047017544833943256
2022-01-29,1.8373684591264468
2022-01-30,17.88631616011262
2022-01-31,6.89947382718092
2022-02-01,2.468421103782021
2022-02-02,4.691052728786599
2022-02-03,3.451929896092042
2022-02-04,8.092280869442039
2022-02-05,3.7419299021014014
2022-02-06,0.13035087989410388
2022-02-07,1.8040351251023825
2022-02-08,0.7429824715363794
2022-02-09,0.29333333941176537
2022-02-10,0.02087719341507182
2022-02-11,0.0
2022-02-12,0.0335087726241909
2022-02-13,0.2721052687964402
2022-02-14,2.978771991550457
2022-02-15,1.2319298500893638
2022-02-16,0.7601754543487915
2022-02-17,1.3035087989410388
2022-02-18,0.08543859826168046
2022-02-19,11.770000243897083
2022-02-20,5.1573685279232455
2022-02-21,0.468421062338166
2022-02-22,2.080000043101609
2022-02-23,1.0040351085248405
2022-02-24,0.21105263595236468
2022-02-25,0.07807017705636099
2022-02-26,5.7115790657233445
2022-02-27,19.081579342775512
2022-02-28,50.461053677229216
2022-03-01,22.505789940047542
2022-03-02,21.92245659462642
2022-03-03,6.260877322719898
2022-03-04,0.00982456160709262
2022-03-05,0.03456140422495082
2022-03-06,0.15824561731424183
2022-03-07,1.186666691256687
2022-03-08,2.366842154308688
2022-03-09,0.3868421132792719
2022-03-10,0.08315789646003396
2022-03-11,1.7919298616936432
2022-03-12,3.5780702495831065
2022-03-13,10.398596706707032
2022-03-14,32.72263225702336
2022-03-15,33.10543928249972
2022-03-16,4.90964922454441
2022-03-17,12.621052893111482
2022-03-18,8.420701928879135
2022-03-19,21.134737280057745
2022-03-20,15.03298276765272
2022-03-21,10.659298466495239
2022-03-22,9.291579139907846
2022-03-23,11.601754626375623
2022-03-24,0.2314035135670565
2022-03-25,0.7105263305129483
2022-03-26,5.14245624691248
2022-03-27,0.7370175591320731
2022-03-28,4.878947469522245
2022-03-29,1.842631617130246
2022-03-30,6.123158021620475
2022-03-31,2.2005263613886203
2022-04-01,3.9252632392337543
2022-04-02,3.063859712611884
2022-04-03,26.940351435448974
2022-04-04,32.14210592920426
2022-04-05,29.060351479379463
2022-04-06,1.196842130064033
2022-04-07,3.530350950348657
2022-04-08,16.140175773052036
2022-04-09,8.38789491065545
2022-04-10,3.8803509576013315
2022-04-11,4.458596583618783
2022-04-12,4.77280711644562
2022-04-13,0.2508771981811151
2022-04-14,1.6842105612158775
2022-04-15,0.3489473756519147
2022-04-16,2.4559649631730283
2022-04-17,0.7280701905256137
2022-04-18,15.188421367364937
2022-04-19,4.425263249594718
2022-04-20,1.3994737132103185
2022-04-21,2.9900000619585625
2022-04-22,2.2798246086458676
2022-04-23,0.34438597204862165
2022-04-24,0.8114035255857743
2022-04-25,6.532280837115833
2022-04-26,7.343859801301733
2022-04-27,1.2731579211191277
2022-04-28,0.9110526504577137
2022-04-29,0.4201754473033361
2022-04-30,3.8821053436025976
2022-05-01,1.1224561636103318
2022-05-02,3.1182456786511468
2022-05-03,1.8338596871239132
2022-05-04,6.468596625269857
2022-05-05,21.376316232432146
2022-05-06,9.094912469165866
2022-05-07,5.544736957002898
2022-05-08,3.682982532458846
2022-05-09,2.9184211131068882
2022-05-10,0.7945614199736157
2022-05-11,0.944912300282158
2022-05-12,14.553509073506575
2022-05-13,2.989298307558056
2022-05-14,8.191228239913473
2022-05-15,25.322807542281225
2022-05-16,5.04596501684282
2022-05-17,3.5868421795894396
2022-05-18,19.61754426616244
2022-05-19,2.404035137535539
2022-05-20,1.9191228467854673
2022-05-21,0.7954386129742489
2022-05-22,0.12052631828701126
2022-05-23,0.04192982543027028
2022-05-24,3.503333405929152
2022-05-25,2.435789524158463
2022-05-26,11.76070199809037
2022-05-27,12.281754640466534
2022-05-28,4.575789568503387
2022-05-29,12.20807042841334
2022-05-30,2.348070224095136
2022-05-31,0.3587719372590073
2022-06-01,0.6521052766707726
2022-06-02,5.847017665021122
2022-06-03,12.354737098119223
2022-06-04,6.372807149600704
2022-06-05,18.072807392047253
2022-06-06,0.7550877349451185
2022-06-07,2.4419298751628955
2022-06-08,0.7747368581593037
2022-06-09,36.81508848217781
2022-06-10,5.28245624981355
2022-06-11,4.167368507408537
2022-06-12,8.085965079837479
2022-06-13,9.342456333944575
2022-06-14,0.9671930024982431
2022-06-15,2.322105311276391
2022-06-16,1.8107017919071953
2022-06-17,2.790175496414304
2022-06-18,3.469473756104708
2022-06-19,0.6242105392506346
2022-06-20,0.1428070205030963
2022-06-21,1.572982488735579
2022-06-22,0.5180701861740091
2022-06-23,0.0
2022-06-24,0.0
2022-06-25,0.06000000124331564
2022-06-26,0.0
2022-06-27,0.0
2022-06-28,4.616140446532517
2022-06-29,0.9714035289012828
2022-06-30,0.017192982812412085
2022-07-01,0.0
2022-07-02,3.494035160122439
2022-07-03,12.379298502136955
2022-07-04,0.45298246552702043
2022-07-05,0.4587719393312
2022-07-06,3.508772002533078
2022-07-07,1.0328070389456117
2022-07-08,0.02754386021988467
2022-07-09,0.0
2022-07-10,0.0
2022-07-11,0.0
2022-07-12,0.0
2022-07-13,0.0
2022-07-14,0.0
2022-07-15,0.14298245910322294
2022-07-16,0.043684211431536835
2022-07-17,3.389473754446954
2022-07-18,1.4224561698269098
2022-07-19,0.004385965003166348
2022-07-20,0.0
2022-07-21,0.0
2022-07-22,0.0
2022-07-23,0.0
2022-07-24,0.0
2022-07-25,0.0
2022-07-26,0.0
2022-07-27,0.0
2022-07-28,0.0
2022-07-29,0.0
2022-07-30,0.0
2022-07-31,0.0
2022-08-01,0.007894737005699426
2022-08-02,0.0010526316007599236
2022-08-03,1.7673684576759114
2022-08-04,1.2085965162725187
2022-08-05,0.0
2022-08-06,0.0
2022-08-07,0.0
2022-08-08,0.0
2022-08-09,0.0073684212053194646
2022-08-10,1.7364912640536203
2022-08-11,0.0
2022-08-12,0.0
2022-08-13,0.0
2022-08-14,0.0
2022-08-15,0.0
2022-08-16,0.0
2022-08-17,0.11052631807979198
2022-08-18,0.006315789604559541
2022-08-19,0.02561403561849147
2022-08-20,0.041754386830143625
2022-08-21,0.008245614205952734
2022-08-22,0.0005263158003799618
2022-08-23,0.284912286605686
2022-08-24,0.09403508966788648
2022-08-25,0.039649123628623786
2022-08-26,0.09578947566915304
2022-08-27,0.15385965231107548
2022-08-28,0.0
2022-08-29,0.011403509008232504
2022-08-30,0.0
2022-08-31,0.0
2022-09-01,0.0
2022-09-02,0.0
2022-09-03,0.9505263354862109
2022-09-04,3.720877270086203
2022-09-05,0.13789473969955
2022-09-06,0.0
2022-09-07,0.0
2022-09-08,0.0
2022-09-09,0.0
2022-09-10,0.0
2022-09-11,0.07754386125598103
2022-09-12,1.470000030461233
2022-09-13,4.319649212318473
2022-09-14,0.5382456251885742
2022-09-15,0.7663158053532243
2022-09-16,1.3942105552065187
2022-09-17,0.05508772043976934
2022-09-18,0.015438596811145545
2022-09-19,0.0
2022-09-20,0.04807017643470317
2022-09-21,0.0
2022-09-22,0.0
2022-09-23,0.1157894760835916
2022-09-24,0.015438596811145545
2022-09-25,0.0
2022-09-26,0.0
2022-09-27,0.06719298384850846
2022-09-28,1.065087741368916
2022-09-29,0.18631579333450649
2022-09-30,0.07754386125598102
2022-10-01,0.0
2022-10-02,0.0
2022-10-03,0.0
2022-10-04,0.0
2022-10-05,0.0
2022-10-06,0.0
2022-10-07,0.0
2022-10-08,0.0
2022-10-09,0.0
2022-10-10,0.0
2022-10-11,0.0
2022-10-12,0.0
2022-10-13,0.0
2022-10-14,0.002456140401773155
2022-10-15,0.0
2022-10-16,0.0
2022-10-17,0.0
2022-10-18,0.0
2022-10-19,0.018070175813045354
2022-10-20,0.3278947436367162
2022-10-21,6.261929954320658
2022-10-22,0.5229824669775553
2022-10-23,5.308947478432675
2022-10-24,26.024912819988096
2022-10-25,15.344210844277406
2022-10-26,7.409824714949355
2022-10-27,25.526316318428147
2022-10-28,8.901052816025913
2022-10-29,1.6115789807634426
2022-10-30,44.104913194640545
2022-10-31,17.7729828244308
2022-11-01,0.527192993380595
2022-11-02,1.042631600552704
2022-11-03,28.62000059306156
2022-11-04,88.23438779329882
2022-11-05,8.220175608934369
2022-11-06,14.135965205205139
2022-11-07,4.842631679296028
2022-11-08,0.03596491302596405
2022-11-09,0.060877194243948905
2022-11-10,0.07403508925344796
2022-11-11,0.68894738269737
2022-11-12,0.17052631932310763
2022-11-13,0.0
2022-11-14,0.0
2022-11-15,0.06385965044610203
2022-11-16,0.0
2022-11-17,0.0
2022-11-18,0.0017543860012665393
2022-11-19,0.0
2022-11-20,0.9717544061015361
2022-11-21,1.3475438875728287
2022-11-22,35.293509503279346
2022-11-23,0.9735087921028027
2022-11-24,0.5978947492316365
2022-11-25,11.75245638388442
2022-11-26,17.77631615783321
2022-11-27,11.658947610016913
2022-11-28,0.2394736891728826
2022-11-29,21.513158340530936
2022-11-30,14.198596785450356
2022-12-01,0.10491228287573905
2022-12-02,3.193859715305735
2022-12-03,2.521052683820017
2022-12-04,0.12385965168941766
2022-12-05,0.3585964986588806
2022-12-06,1.4147368714213373
2022-12-07,2.227894783008378
2022-12-08,13.234035361954012
2022-12-09,12.596140611893496
2022-12-10,16.70807052166201
2022-12-11,0.11824561648536476
2022-12-12,0.13578947649803014
2022-12-13,0.2550877245841548
2022-12-14,0.0
2022-12-15,0.0012280702008865775
2022-12-16,0.05614035204052926
2022-12-17,2.3149123286711983
2022-12-18,5.649122924078257
2022-12-19,5.936140473885462
2022-12-20,16.853859998367263
2022-12-21,0.0
2022-12-22,4.5977193935192195
2022-12-23,34.501053346507256
2022-12-24,65.34386100317352
2022-12-25,24.56912331613712
2022-12-26,38.89736922708107
2022-12-27,31.080526959837883
2022-12-28,4.227368508651853
2022-12-29,5.7738597687683075
2022-12-30,20.508772354805842
2022-12-31,13.167895009706264
2023-01-01,0.009298245806712659
2023-01-02,0.05280701863812283
2023-01-03,1.1005263385944999
2023-01-04,1.0657894957694225
2023-01-05,5.806491348391864
2023-01-06,3.293859717377927
2023-01-07,5.642982573073823
2023-01-08,10.094912489887793
2023-01-09,12.408772186958231
2023-01-10,1.4149123100214638
2023-01-11,4.772105362045114
2023-01-12,44.040527228394055
2023-01-13,17.847895106684884
2023-01-14,2.4777193495887335
2023-01-15,6.908772072987631
2023-01-16,1.2359649378922768
2023-01-17,3.6794737604563132
2023-01-18,13.371052908652928
2023-01-19,0.491228080354631
2023-01-20,0.0
2023-01-21,3.521228143142071
2023-01-22,0.20315789894666525
2023-01-23,0.6847368562943302
2023-01-24,2.8231579532381152
2023-01-25,0.06210526444483548
2023-01-26,10.32368442445295
2023-01-27,2.730350933771115
2023-01-28,0.02175438641570509
2023-01-29,0.028421053220517935
2023-01-30,0.12912280969321727
2023-01-31,2.025263199862093
2023-02-01,0.07964912445750089
2023-02-02,0.003333333402406425
2023-02-03,8.758947549923324
2023-02-04,5.586315905232914
2023-02-05,4.644386061152909
2023-02-06,8.144912449480035
2023-02-07,25.884561939886773
2023-02-08,1.2964912549359724
2023-02-09,5.82508784000529
2023-02-10,2.0787719729007224
2023-02-11,0.002631579001899809
2023-02-12,9.936666872573552
2023-02-13,7.698772089357954
2023-02-14,0.05578947484027595
2023-02-15,0.08298245785990731
2023-02-16,4.729122905014083
2023-02-17,3.899473765015136
2023-02-18,4.948070277972147
2023-02-19,17.803158263652584
2023-02-20,26.31666721199872
2023-02-21,5.261754494998604
2023-02-22,0.7014035233063625
2023-02-23,0.5764912400161848
2023-02-24,10.752982678962873
2023-02-25,24.187719799461775
2023-02-26,5.495263271767181
2023-02-27,10.928947594889905
2023-02-28,40.431755223788784
2023-03-01,16.053509104589466
2023-03-02,13.731403793313074
2023-03-03,8.362105436436833
2023-03-04,2.009473725850694
2023-03-05,1.0915789699880407
2023-03-06,0.05052631683647633
2023-03-07,0.7077193129109218
2023-03-08,0.5817543980199844
2023-03-09,0.9043859836529011
2023-03-10,7.495614190411289
2023-03-11,2.2014035543892536
2023-03-12,19.75245654965984
2023-03-13,22.12386010757182
2023-03-14,2.1040351313189607
2023-03-15,1.8808772319578564
2023-03-16,0.008245614205952736
2023-03-17,0.013859649410005661
2023-03-18,0.0
2023-03-19,0.02649122861912474
2023-03-20,3.3714035786339087
2023-03-21,0.07315789625281469
2023-03-22,1.4928070484776983
2023-03-23,7.4752633127965975
2023-03-24,8.995438782894052
2023-03-25,2.0443860072758984
2023-03-26,0.07701754545560108
2023-03-27,0.015087719610892239
2023-03-28,0.017017544212285428
2023-03-29,0.002631579001899809
2023-03-30,0.055087720439769325
2023-03-31,11.6417546272045
2023-04-01,10.854210751235952
2023-04-02,4.5633334278943956
2023-04-03,2.395964961929713
2023-04-04,0.17298245972488077
2023-04-05,0.1340350904967636
2023-04-06,12.087544110126327
2023-04-07,7.416842258954421
2023-04-08,11.940351124620065
2023-04-09,33.65403578509577
2023-04-10,12.718947631982154
2023-04-11,9.061403696541674
2023-04-12,0.7205263307201676
2023-04-13,0.43438597391359507
2023-04-14,0.002631579001899809
2023-04-15,1.3508772209752353
2023-04-16,12.284561658068561
2023-04-17,4.039122890715953
2023-04-18,4.562280796293635
2023-04-19,1.9121053027804011
2023-04-20,9.226842296461111
2023-04-21,4.443157986807638
2023-04-22,12.82789500266081
2023-04-23,14.710351182019803
2023-04-24,2.990000061958563
2023-04-25,0.0
2023-04-26,3.468421124503948
2023-04-27,0.0005263158003799618
2023-04-28,0.003157894802279771
2023-04-29,0.0007017544005066157
2023-04-30,0.1180701778852381
2023-05-01,3.203684276912827
2023-05-02,0.17421052992576733
2023-05-03,0.034561404224950826
2023-05-04,8.582280879595782
2023-05-05,8.24701771475375
2023-05-06,3.454912352294196
2023-05-07,1.2984210795373654
2023-05-08,2.393684260128066
2023-05-09,0.03157894802279771
2023-05-10,0.1961403549415991
2023-05-11,0.0
2023-05-12,0.0012280702008865775
2023-05-13,0.0
2023-05-14,0.0
2023-05-15,0.9433333528810182
2023-05-16,0.5807017664192244
2023-05-17,0.0
2023-05-18,0.7387719451333397
2023-05-19,0.0015789474011398854
2023-05-20,0.24157895237440247
2023-05-21,1.1373684446210974
2023-05-22,4.975965015392285
2023-05-23,0.026491228619124743
2023-05-24,0.023859649617224934
2023-05-25,0.7575438753468917
2023-05-26,0.0012280702008865775
2023-05-27,0.0754385980544612
2023-05-28,0.0
2023-05-29,0.0
2023-05-30,0.0514035098371096
2023-05-31,0.0
2023-06-01,0.0
2023-06-02,0.0
2023-06-03,0.0
2023-06-04,0.0005263158003799618
2023-06-05,0.004736842203419656
2023-06-06,0.0
2023-06-07,0.0014035088010132314
2023-06-08,0.06842105404939502
2023-06-09,9.13403527699411
2023-06-10,2.789122864813544
2023-06-11,0.013684210809879006
2023-06-12,0.0038596492027863864
2023-06-13,2.501052683405578
2023-06-14,0.08614035266218709
2023-06-15,0.0
2023-06-16,1.2461403766996229
2023-06-17,1.7042105616303163
2023-06-18,2.9380702363210736
2023-06-19,5.636491344869137
2023-06-20,4.3940351787721745
2023-06-21,0.03438596562482417
2023-06-22,0.46368422013474636
2023-06-23,0.949473703885451
2023-06-24,1.3264912555576305
2023-06-25,2.921929885109421
2023-06-26,1.5305263475049289
2023-06-27,0.6712280840845779
2023-06-28,0.042456141230650245
2023-06-29,0.0
2023-06-30,0.0
2023-07-01,0.00491228080354631
2023-07-02,0.0
2023-07-03,0.0
2023-07-04,0.0
2023-07-05,0.009824561607092622
2023-07-06,0.09912280907155946
2023-07-07,0.24315789977554234
2023-07-08,0.0
2023-07-09,0.07210526465205476
2023-07-10,0.5221052739769221
2023-07-11,0.0
2023-07-12,0.009649123006965967
2023-07-13,0.0
2023-07-14,0.0
2023-07-15,0.0
2023-07-16,0.011754386208485814
2023-07-17,1.0180701965349725
2023-07-18,0.0
2023-07-19,0.005438596603926272
2023-07-20,0.0
2023-07-21,0.0
2023-07-22,0.0
2023-07-23,0.0
2023-07-24,13.17754413271323
2023-07-25,1.0478947585565037
2023-07-26,0.005614035204052925
2023-07-27,0.5243859757785686
2023-07-28,0.0
2023-07-29,0.0
2023-07-30,0.0005263158003799618
2023-07-31,0.0
2023-08-01,0.0005263158003799618
2023-08-02,0.0
2023-08-03,0.0
2023-08-04,0.0
2023-08-05,0.01421052661025897
2023-08-06,1.1317544094170444
2023-08-07,1.2266666920855642
2023-08-08,0.0
2023-08-09,2.4919298761989923
2023-08-10,0.0
2023-08-11,0.0005263158003799618
2023-08-12,0.0
2023-08-13,0.0012280702008865775
2023-08-14,0.0
2023-08-15,0.0
2023-08-16,0.0
2023-08-17,0.0
2023-08-18,0.022631579416338355
2023-08-19,0.0
2023-08-20,0.0
2023-08-21,0.010526316007599235
2023-08-22,1.2454386222991163
2023-08-23,2.051052674080711
2023-08-24,0.0
2023-08-25,0.082631580659654
2023-08-26,0.0
2023-08-27,0.0
2023-08-28,0.8017544025788085
2023-08-29,12.078245864319616
2023-08-30,3.750350954907481
2023-08-31,0.02596491281874478
2023-09-01,0.0042105264030396945
2023-09-02,0.0
2023-09-03,3.743333410902415
2023-09-04,0.45052632512524726
2023-09-05,0.0
2023-09-06,0.0
2023-09-07,0.0
2023-09-08,0.0012280702008865775
2023-09-09,0.0
2023-09-10,0.0
2023-09-11,0.004736842203419656
2023-09-12,0.16403509111842143
2023-09-13,0.0
2023-09-14,0.0
2023-09-15,0.0
2023-09-16,0.0
2023-09-17,0.10824561627814548
2023-09-18,0.33263158584013586
2023-09-19,8.786666848743335
2023-09-20,0.9192982646636665
2023-09-21,0.0017543860012665393
2023-09-22,0.007894737005699428
2023-09-23,9.469473880436272
2023-09-24,9.522982653474902
2023-09-25,30.46491291199345
2023-09-26,8.423158069280909
2023-09-27,11.891579193784855
2023-09-28,11.124737072631252
2023-09-29,0.03877193062799052
2023-09-30,0.0014035088010132314
2023-10-01,0.04122807102976367
2023-10-02,4.028596574708354
2023-10-03,0.002456140401773155
2023-10-04,0.04333333423128352
2023-10-05,0.0
2023-10-06,0.0036842106026597323
2023-10-07,0.018245614413172007
2023-10-08,0.0
2023-10-09,8.007193148380612
2023-10-10,12.701754649169743
2023-10-11,2.3242105744779114
2023-10-12,0.012807017809245737
2023-10-13,1.2650877455133016
2023-10-14,4.703684307995719
2023-10-15,3.9519299064530067
2023-10-16,26.44403563569067
2023-10-17,6.1800001280615104
2023-10-18,0.03263157962355763
2023-10-19,1.1854386210558006
2023-10-20,0.042982457031030215
2023-10-21,1.4728070480632596
2023-10-22,0.8340351050021126
2023-10-23,2.3636842595064085
2023-10-24,14.616491530952043
2023-10-25,4.282982544892002
2023-10-26,0.020000000414438546
2023-10-27,0.0
2023-10-28,0.015964912611525505
2023-10-29,0.18070175813045355
2023-10-30,0.049824562435969715
2023-10-31,0.10631579167675227
2023-11-01,19.712807426031215
2023-11-02,47.08719395819354
2023-11-03,21.555088165961205
2023-11-04,36.66403584746877
2023-11-05,5.31333344343584
2023-11-06,14.464386264642236
2023-11-07,6.86789487915812
2023-11-08,0.009298245806712659
2023-11-09,6.152456267841626
2023-11-10,16.912281052209437
2023-11-11,36.230176189355554
2023-11-12,8.560701931780203
2023-11-13,5.559473799413537
2023-11-14,0.0
2023-11-15,1.1163158126058987
2023-11-16,0.0033333334024064245
2023-11-17,0.04070175522938371
2023-11-18,6.644736979797017
2023-11-19,6.835614176734817
2023-11-20,0.021754386415705085
2023-11-21,7.573508928867524
2023-11-22,0.46000000953208664
2023-11-23,0.0042105264030396945
2023-11-24,0.0
2023-11-25,0.0
2023-11-26,0.0
2023-11-27,0.0
2023-11-28,0.0
2023-11-29,0.10631579167675227
2023-11-30,4.505087812652346
2023-12-01,24.43280752383871
2023-12-02,19.492982860072516
2023-12-03,13.857895024004394
2023-12-04,73.85579100411852
2023-12-05,51.902106338669554
2023-12-06,6.583859785553068
2023-12-07,12.081052881921641
2023-12-08,1.8589474069420249
2023-12-09,36.733860410319174
2023-12-10,20.2043863835861
2023-12-11,0.05614035204052926
2023-12-12,0.0021052632015198473
2023-12-13,0.6101754512405023
2023-12-14,6.14017556583276
2023-12-15,0.0012280702008865775
2023-12-16,0.0017543860012665393
2023-12-17,0.02333333381684497
2023-12-18,3.0003509393660357
2023-12-19,5.751929943752476
2023-12-20,0.008421052806079387
2023-12-21,1.1998245862661863
2023-12-22,15.637544183689169
2023-12-23,0.1359649150981568
2023-12-24,0.4414035179186613
2023-12-25,16.368947707617192
2023-12-26,4.31140359811252
2023-12-27,8.421228244679515
2023-12-28,4.516842198860831
2023-12-29,0.0005263158003799618
2023-12-30,8.130526484269648
2023-12-31,0.2850877252058126
2024-01-01,0.012456140608992429
2024-01-02,6.178245742060245
2024-01-03,6.9256141785997904
2024-01-04,9.265789665689226
2024-01-05,18.144035463698675
2024-01-06,6.650175576400943
2024-01-07,0.23087719776667656
2024-01-08,30.479825193004217
2024-01-09,33.53193051940762
2024-01-10,6.14333346063504
2024-01-11,4.391929915570654
2024-01-12,0.1994736883440055
2024-01-13,0.010350877407472581
2024-01-14,0.01298245640937239
2024-01-15,0.08929824746446685
2024-01-16,8.99087737929076
2024-01-17,21.63456185181858
2024-01-18,8.217894907132724
2024-01-19,11.102105493214914
2024-01-20,2.9329825169174004
2024-01-21,11.594561643770431
2024-01-22,17.69912317377748
2024-01-23,10.34157916166587
2024-01-24,12.629298507317436
2024-01-25,12.942807285743765
2024-01-26,11.358772165200207
2024-01-27,36.93824637946673
2024-01-28,24.106316289003008
2024-01-29,1.831052669521887
2024-01-30,3.7380702528986154
2024-01-31,16.16754419467179
2024-02-01,7.883859812491574
2024-02-02,0.59771931063151
2024-02-03,0.26333333879010756
2024-02-04,0.17631579312728718
2024-02-05,3.0929825202329084
2024-02-06,1.7333333692513408
2024-02-07,0.24122807517414915
2024-02-08,3.799298324342817
2024-02-09,0.1656140385195613
2024-02-10,1.8117544235079552
2024-02-11,20.929123240709306
2024-02-12,3.1908772591035817
2024-02-13,0.11087719528004529
2024-02-14,0.6624561540782453
2024-02-15,1.5792982783401386
2024-02-16,0.0033333334024064245
2024-02-17,0.03315789542393759
2024-02-18,0.15000000310828912
2024-02-19,1.7654386330745186
2024-02-20,5.993684334727004
2024-02-21,19.87403549954761
2024-02-22,46.880000971443955
2024-02-23,23.68684259610018
2024-02-24,16.826491576747504
2024-02-25,34.04386035457719
2024-02-26,0.18578947753412647
2024-02-27,0.015087719610892236
2024-02-28,0.0
2024-02-29,0.0
2024-03-01,8.67263175866101
2024-03-02,7.828947530651931
2024-03-03,8.160877362091561
2024-03-04,6.463508905866184
2024-03-05,0.0017543860012665393
2024-03-06,0.004736842203419656
2024-03-07,0.47561404494335874
2024-03-08,4.743684308824594
2024-03-09,13.391930102067999
2024-03-10,18.73105301972246
2024-03-11,17.8177196674631
2024-03-12,16.746842452290004
2024-03-13,0.3135087784263305
2024-03-14,0.07561403665458784
2024-03-15,0.0
2024-03-16,0.0
2024-03-17,0.0
2024-03-18,0.0
2024-03-19,0.0019298246013931932
2024-03-20,0.8852631762390957
2024-03-21,1.4015789764118383
2024-03-22,4.7696492216433395
2024-03-23,17.561403872678056
2024-03-24,1.4622807320556603
2024-03-25,6.765087859483902
2024-03-26,6.431929957843385
2024-03-27,17.96087756516645
2024-03-28,6.162982583849226
2024-03-29,1.1080701983999461
2024-03-30,0.0
2024-03-31,0.01298245640937239
2024-04-01,0.06877193124964834
2024-04-02,7.5559650688548565
2024-04-03,2.4003509269328793
2024-04-04,3.081228134024423
2024-04-05,2.312105311069172
2024-04-06,2.6701754939276725
2024-04-07,4.90596501394175
2024-04-08,21.848421505372972
2024-04-09,4.236842193058692
2024-04-10,0.062456141645088795
2024-04-11,2.9596491841366515
2024-04-12,0.015789474011398852
2024-04-13,0.0
2024-04-14,0.05947368544293568
2024-04-15,1.575087751937099
2024-04-16,2.500701806205325
2024-04-17,0.0
2024-04-18,0.004736842203419656
2024-04-19,0.01263157920911908
2024-04-20,10.325087933253963
2024-04-21,3.0887719938298686
2024-04-22,0.014035088010132313
2024-04-23,0.012807017809245737
2024-04-24,5.050175543245859
2024-04-25,14.37719328037929
2024-04-26,4.854386065504514
2024-04-27,8.478245789720678
2024-04-28,13.357193259242923
2024-04-29,4.00105271448847
2024-04-30,2.276842152443715
2024-05-01,0.0
2024-05-02,0.036491228826344015
2024-05-03,0.2375438645714894
2024-05-04,0.33298246304038914
2024-05-05,9.734737043827774
2024-05-06,7.9289475327241234
2024-05-07,2.1617544307606296
2024-05-08,0.016315789811778815
2024-05-09,0.0
2024-05-10,0.0
2024-05-11,0.0
2024-05-12,0.0
2024-05-13,0.005964912404306234
2024-05-14,0.0
2024-05-15,0.015438596811145544
2024-05-16,7.758421213401016
2024-05-17,2.5722807550569997
2024-05-18,2.143333377747331
2024-05-19,1.2143859900766985
2024-05-20,0.293508778011892
2024-05-21,18.890877584437842
2024-05-22,4.306491317308974
2024-05-23,0.09736842307029293
2024-05-24,4.908245715743396
2024-05-25,4.126491313579026
2024-05-26,2.6921053189435042
2024-05-27,0.030175439221784478
2024-05-28,11.644386206206402
2024-05-29,8.265965083567426
2024-05-30,0.34403509484836836
2024-05-31,0.5138596597709694
2024-06-01,2.4715789985843006
2024-06-02,25.969825099548327
2024-06-03,19.735439005447553
2024-06-04,13.07473711303901
2024-06-05,0.011578947608359159
2024-06-06,0.004736842203419656
2024-06-07,0.011754386208485814
2024-06-08,0.0
2024-06-09,0.0
2024-06-10,0.03596491302596405
2024-06-11,0.8238596661947668
2024-06-12,0.007017544005066157
2024-06-13,0.005964912404306234
2024-06-14,4.947894839372021
2024-06-15,9.246140542475041
2024-06-16,2.3552632067003287
2024-06-17,2.1740351327694953
2024-06-18,0.04157894823001698
2024-06-19,0.020701754814945163
2024-06-20,0.0
2024-06-21,0.03263157962355763
2024-06-22,0.05157894843723625
2024-06-23,0.624035100650508
2024-06-24,0.0
2024-06-25,0.1275438622920774
2024-06-26,10.38140372389462
2024-06-27,9.413684405595998
2024-06-28,0.07807017705636099
2024-06-29,2.186315834778361
2024-06-30,1.5689474009326658
2024-07-01,0.00578947380417958
2024-07-02,0.0
2024-07-03,0.0
2024-07-04,0.0
2024-07-05,0.009122807206586005
2024-07-06,0.03824561482761056
2024-07-07,0.039649123628623786
2024-07-08,0.07982456305762753
2024-07-09,0.0
2024-07-10,0.0
2024-07-11,0.0
2024-07-12,0.0
2024-07-13,0.0
2024-07-14,0.0
2024-07-15,0.0
2024-07-16,0.04754386063432321
2024-07-17,0.05456140463938937
2024-07-18,0.028771930420771242
2024-07-19,0.0
2024-07-20,0.0
2024-07-21,0.0
2024-07-22,0.22438596956199036
2024-07-23,0.0
2024-07-24,0.26631579499226066
2024-07-25,1.1068421281990597
2024-07-26,0.0
2024-07-27,0.0
2024-07-28,0.12263158148853108
2024-07-29,15.474737162771635
2024-07-30,2.235614081413951
2024-07-31,0.007543859805446119
2024-08-01,0.04421052723191679
2024-08-02,0.010000000207219273
2024-08-03,0.009649123006965965
2024-08-04,0.0
2024-08-05,0.0
2024-08-06,0.0005263158003799618
2024-08-07,0.0
2024-08-08,0.34649123525014147
2024-08-09,0.7161403657170013
2024-08-10,1.984210567432456
2024-08-11,0.8898245798423888
2024-08-12,1.5008772240835242
2024-08-13,0.12122807268751785
2024-08-14,0.0
2024-08-15,0.005263158003799618
2024-08-16,0.4264912369078957
2024-08-17,9.591403707524297
2024-08-18,4.100000084959903
2024-08-19,0.34912281425204134
2024-08-20,1.6578947711968794
2024-08-21,0.14842105570714922
2024-08-22,2.7589474255917597
2024-08-23,25.93035141451983
2024-08-24,14.872631887136958
2024-08-25,0.5922807140275836
2024-08-26,10.25350898440229
2024-08-27,4.253859737270977
2024-08-28,0.006140351004432888
2024-08-29,0.0517543870373629
2024-08-30,0.04175438683014363
2024-08-31,0.0
2024-09-01,0.0
2024-09-02,0.0019298246013931932
2024-09-03,0.0
2024-09-04,0.0
2024-09-05,0.0
2024-09-06,0.10421052847523242
2024-09-07,0.0
2024-09-08,0.0
2024-09-09,0.22403509236173705
2024-09-10,1.133508795418311
2024-09-11,1.4898245922755453
2024-09-12,0.12157894988777115
2024-09-13,3.482280773913953
2024-09-14,3.170175504288637
2024-09-15,0.08438596666092053
2024-09-16,0.0
2024-09-17,0.0
2024-09-18,0.0
2024-09-19,0.002631579001899809
2024-09-20,0.0005263158003799618
2024-09-21,0.028947369020897895
2024-09-22,0.7382456293329598
2024-09-23,0.15210526630980895
2024-09-24,2.1133333771256733
2024-09-25,27.349825128144584
2024-09-26,9.296315982111265
2024-09-27,3.0103509395732546
2024-09-28,0.5710526434122585
2024-09-29,0.7780701915617102
2024-09-30,0.03368421122431755
2024-10-01,1.6031579279573633
2024-10-02,0.08368421226041392
2024-10-03,0.3933333414839581
2024-10-04,11.150526546849871
2024-10-05,0.0559649134404026
2024-10-06,0.0019298246013931932
2024-10-07,0.6352631710586139
2024-10-08,7.864035250677262
2024-10-09,3.0040351499686953
2024-10-10,0.0
2024-10-11,0.03877193062799052
2024-10-12,0.0
2024-10-13,0.017017544212285435
2024-10-14,5.658772047085222
2024-10-15,6.491754520486575
2024-10-16,17.307719656894918
2024-10-17,2.3945614531286994
2024-10-18,29.682983071228957
2024-10-19,46.80175535578746
2024-10-20,18.22929862336023
2024-10-21,7.3252633096883075
2024-10-22,1.134035111218691
2024-10-23,1.9177193379844542
2024-10-24,0.3310526384389959
2024-10-25,2.407193032337818
2024-10-26,34.02579017876415
2024-10-27,36.914562168449635
2024-10-28,13.509123086952606
2024-10-29,0.9452631774824112
2024-10-30,4.27210535168415
2024-10-31,6.712105402245653
2024-11-01,25.437193509563805
2024-11-02,7.252807167836001
2024-11-03,5.939473807287868
2024-11-04,30.87456204328919
2024-11-05,2.029298287665006
2024-11-06,0.4429824653198012
2024-11-07,0.014210526610258968
2024-11-08,1.46859652166022
2024-11-09,6.582631715352182
2024-11-10,10.677894958108665
2024-11-11,34.2512287799269
2024-11-12,21.298421493975912
2024-11-13,44.89666759701213
2024-11-14,14.574035389721395
2024-11-15,1.7745614402811043
2024-11-16,25.01245665865717
2024-11-17,31.01771994099254
2024-11-18,13.127544131677134
2024-11-19,12.064210776309483
2024-11-20,5.184561510942877
2024-11-21,2.2747368892421944
2024-11-22,13.978947658091784
2024-11-23,2.400350926932879
2024-11-24,2.4456140857655555
2024-11-25,9.056315977138002
2024-11-26,1.2619298507110217
2024-11-27,0.4550877287285403
2024-11-28,0.1278947394923307
2024-11-29,0.18228070553159342
2024-11-30,0.0
2024-12-01,0.0
2024-12-02,0.10578947587637232
2024-12-03,0.1301754412939772
2024-12-04,0.010877193207852543
2024-12-05,0.05473684323951602
2024-12-06,12.127719549555332
2024-12-07,48.90859750470845
2024-12-08,13.771228355541826
2024-12-09,0.1947368461405859
2024-12-10,0.555087730800733
2024-12-11,0.0007017544005066157
2024-12-12,1.197368445864413
2024-12-13,11.096316019410732
2024-12-14,17.474561765615363
2024-12-15,5.1156141410931015
2024-12-16,8.441228245093953
2024-12-17,48.96982557615266
2024-12-18,21.546316235954876
2024-12-19,8.462456315709279
2024-12-20,3.295438664779067
2024-12-21,12.917544127325527
2024-12-22,19.379298647190446
2024-12-23,10.445438812940848
2024-12-24,10.13438617491629
2024-12-25,20.571930250851437
2024-12-26,24.182281202857848
2024-12-27,14.500351177668199
2024-12-28,24.389298751007303
2024-12-29,8.740877374110278
2024-12-30,4.938421154965182
2024-12-31,0.5470175551949069
2025-01-01,2.1059649559203537
2025-01-02,14.52701784488745
2025-01-03,51.85929932023865
2025-01-04,34.63701826160541
2025-01-05,19.631579354172572
2025-01-06,0.5663158012088388
2025-01-07,3.1070176082430407
2025-01-08,1.3082456411444583
2025-01-09,6.875789616163821
2025-01-10,71.38052779493157
2025-01-11,9.411754580994604
2025-01-12,0.13491228349739687
2025-01-13,0.9061403696541676
2025-01-14,0.0
2025-01-15,0.0936842124676332
2025-01-16,6.936315933207515
2025-01-17,0.0
2025-01-18,0.403508780291304
2025-01-19,0.0
2025-01-20,0.0
2025-01-21,0.0
2025-01-22,0.4696491325390525
2025-01-23,0.7259649273240938
2025-01-24,0.11929824808612467
2025-01-25,0.08438596666092053
2025-01-26,0.7935087883728557
2025-01-27,0.9947368627181277
2025-01-28,0.1622807051171549
2025-01-29,0.003333333402406424
2025-01-30,39.012632387364285
2025-01-31,31.69052697247826
2025-02-01,11.644210767606275
2025-02-02,4.740000098221936
2025-02-03,2.454035138571635
2025-02-04,0.18473684593336656
2025-02-05,3.2163158561219465
2025-02-06,1.9889474096358755
2025-02-07,0.4414035179186613
2025-02-08,0.9100000188569539
2025-02-09,0.0
2025-02-10,0.10421052847523243
2025-02-11,0.09333333526737989
2025-02-12,0.02192982501583174
2025-02-13,1.224736867484171
2025-02-14,1.2896491495310327
2025-02-15,7.436666820768734
2025-02-16,13.813684496772478
2025-02-17,3.9308772744378073
2025-02-18,1.4373684508376756
2025-02-19,10.891403734462802
2025-02-20,1.9177193379844542
2025-02-21,1.0070175647269934
2025-02-22,12.632105524919464
2025-02-23,12.52578973324271
2025-02-24,1.0617544079665096
2025-02-25,4.454912373016123
2025-02-26,4.180701841018163
2025-02-27,2.0410526738734918
2025-02-28,0.0468421062338166
2025-03-01,0.08473684386117386
2025-03-02,0.06982456285040826
2025-03-03,4.297719387302641
2025-03-04,11.383859885018321
2025-03-05,1.0540351095609368
2025-03-06,0.0715789488516748
2025-03-07,0.39368421868421144
2025-03-08,10.602807237254456
2025-03-09,20.93175481971121
2025-03-10,0.0
2025-03-11,0.0
2025-03-12,13.008070444990881
2025-03-13,17.24403544504894
2025-03-14,3.7024562170729043
2025-03-15,23.446140836726407
2025-03-16,14.492281002062374
2025-03-17,8.213508942129556
2025-03-18,0.868947386427317
2025-03-19,4.862631679710466
2025-03-20,19.13824601061642
2025-03-21,19.70157935562311
2025-03-22,8.39684227926191
2025-03-23,57.36965031161671
2025-03-24,25.89579001029488
2025-03-25,0.5929824684280903
2025-03-26,12.328947623900604
2025-03-27,9.912280907155948
2025-03-28,9.565789671905804
2025-03-29,0.07105263305129483
2025-03-30,1.7415789834572935
2025-03-31,7.036491373879835
2025-04-01,5.45596502533881
2025-04-02,2.457193033373915
2025-04-03,0.024561404017731547
2025-04-04,0.02333333381684497
2025-04-05,0.11964912528637797
2025-04-06,14.54596521370113
2025-04-07,20.228070594603196
2025-04-08,17.347017903323284
2025-04-09,1.4454386264435017
2025-04-10,12.306842360284644
2025-04-11,2.3982456637313594
2025-04-12,1.7108772284351292
2025-04-13,0.0
2025-04-14,0.0
2025-04-15,0.0
2025-04-16,0.0
2025-04-17,0.10631579167675227
2025-04-18,0.020701754814945163
2025-04-19,0.7047368567087688
2025-04-20,10.495965129777325
2025-04-21,2.578421106061433
2025-04-22,0.012456140608992429
2025-04-23,0.03438596562482417
2025-04-24,0.006315789604559542
2025-04-25,0.0
2025-04-26,0.0
2025-04-27,0.0
2025-04-28,5.052105367847252
2025-04-29,2.0656140778912233
2025-04-30,0.00947368440683931
2025-05-01,0.0
2025-05-02,0.6101754512405024
2025-05-03,0.91807019446278
2025-05-04,0.0
2025-05-05,0.04842105363495648
2025-05-06,0.016315789811778815
2025-05-07,1.3714035371900537
2025-05-08,0.0
2025-05-09,0.0
2025-05-10,0.45140351812588053
2025-05-11,2.3533333820989357
2025-05-12,2.000526357244235
2025-05-13,1.7152631934382954
2025-05-14,5.078947473666631
2025-05-15,2.9759649739484306
2025-05-16,2.1547368867555634
2025-05-17,9.188947558833751
2025-05-18,4.467543952225242
2025-05-19,21.750702205102428
2025-05-20,8.45298263130244
2025-05-21,0.20245614454615862
2025-05-22,0.13192982729524375
2025-05-23,0.0
2025-05-24,0.016842105612158778
2025-05-25,0.05245614143786952
2025-05-26,0.6635087856790051
2025-05-27,0.0
2025-05-28,0.18526316173374655
2025-05-29,2.694736897945404
2025-05-30,0.0
2025-05-31,4.107368506165222
2025-06-01,0.006666666804812849
2025-06-02,0.0005263158003799618
2025-06-03,0.007894737005699426
2025-06-04,0.07456140505382791
2025-06-05,0.0
2025-06-06,0.0
2025-06-07,0.0
2025-06-08,0.0
2025-06-09,0.0
2025-06-10,0.0
2025-06-11,0.0
2025-06-12,0.0
2025-06-13,0.13631579229841007
2025-06-14,0.007017544005066157
2025-06-15,0.0
2025-06-16,0.0
2025-06-17,0.34964913005242126
2025-06-18,1.7931579318945297
2025-06-19,0.048070176434703175
2025-06-20,8.827193165372591
2025-06-21,2.860000059264712
2025-06-22,0.013684210809879006
2025-06-23,0.014736842410638929
2025-06-24,0.0
2025-06-25,0.0
2025-06-26,3.1712281358893963
2025-06-27,1.3098245885455984
2025-06-28,0.018947368813678624
2025-06-29,0.007017544005066157
2025-06-30,0.0
2025-07-01,0.0
2025-07-02,0.04929824663558974
2025-07-03,0.1070175460772589
2025-07-04,0.0
2025-07-05,0.0010526316007599236
2025-07-06,0.018771930213551967
2025-07-07,0.004912280803546309
2025-07-08,0.008245614205952734
2025-07-09,4.795789573062212
2025-07-10,0.048771930835209795
2025-07-11,0.0335087726241909
2025-07-12,0.0
2025-07-13,0.0
2025-07-14,0.005087719403672964
2025-07-15,0.0
2025-07-16,0.0019298246013931932
2025-07-17,0.0
2025-07-18,0.4307017633109354
2025-07-19,0.08596491406206042
2025-07-20,2.137719342543278
2025-07-21,7.063684356899467
2025-07-22,1.276842131721787
2025-07-23,0.0
2025-07-24,0.02771929882001132
2025-07-25,0.10578947587637232
2025-07-26,0.0
2025-07-27,0.0
2025-07-28,0.0
2025-07-29,0.0
2025-07-30,0.14298245910322294
2025-07-31,0.43666667571524165
2025-08-01,0.0005263158003799618
2025-08-02,0.0
2025-08-03,0.0010526316007599236
2025-08-04,0.09491228266851977
2025-08-05,0.252456145582255
2025-08-06,10.721228292339948
2025-08-07,0.4156140437000431
2025-08-08,0.0
2025-08-09,0.029122807621024552
2025-08-10,0.0
2025-08-11,0.0
2025-08-12,0.03491228142520413
2025-08-13,0.2082456183503382
2025-08-14,5.061052736453712
2025-08-15,47.855790465348406
2025-08-16,4.4994737774482925
2025-08-17,0.06666666804812849
2025-08-18,0.0
2025-08-19,0.035438597225584095
2025-08-20,0.0
2025-08-21,0.0
2025-08-22,0.0
2025-08-23,0.0
2025-08-24,0.0
2025-08-25,0.015789474011398852
2025-08-26,0.07491228225408122
2025-08-27,0.31263158542569724
2025-08-28,0.7324561555287801
2025-08-29,0.0
2025-08-30,0.0
2025-08-31,0.019298246013931927
2025-09-01,0.0
2025-09-02,0.0
2025-09-03,0.0010526316007599236
2025-09-04,0.0
2025-09-05,0.0
2025-09-06,0.23824561897199603
2025-09-07,1.4180702048237435
2025-09-08,0.04298245703103021
2025-09-09,0.6410526448627933
2025-09-10,0.08157894905889407
2025-09-11,0.11210526548093183
2025-09-12,0.0
2025-09-13,0.05842105384217576
2025-09-14,8.45192999970168
2025-09-15,0.10228070387383925
2025-09-16,0.005438596603926272
2025-09-17,0.0
2025-09-18,0.02684210581937805
2025-09-19,0.0014035088010132314
2025-09-20,4.699298342992552
2025-09-21,13.338421329029371
2025-09-22,0.06438596624648199
2025-09-23,0.0
2025-09-24,0.0
2025-09-25,0.16912281052209438
2025-09-26,0.940350896678865
2025-09-27,0.34649123525014147
2025-09-28,0.05859649244230242
2025-09-29,13.654737125057729
2025-09-30,5.078245719266125
2025-10-01,9.524386162275915
2025-10-02,0.9791228273068556
2025-10-03,0.4063157978933305
2025-10-04,0.6978947513038293
2025-10-05,0.0517543870373629
2025-10-06,0.049649123835843065
2025-10-07,0.0
2025-10-08,0.6047368546365761
2025-10-09,0.4356140441144817
2025-10-10,1.7382456500548868
2025-10-11,10.247894949198235
2025-10-12,15.165088033548091
2025-10-13,0.36561404266394676
2025-10-14,0.046315790433436636
2025-10-15,0.32473684883443643
2025-10-16,1.3445614313706757
2025-10-17,3.06982462501619
2025-10-18,30.525439229037147
2025-10-19,35.08350949892775
2025-10-20,1.2382456396939234
2025-10-21,0.3607017618604005
2025-10-22,2.7442105831811205
2025-10-23,0.7087719445116819
2025-10-24,46.05000095424476
2025-10-25,21.850351329974366
2025-10-26,18.23807055336656
2025-10-27,3.792280780337751
2025-10-28,27.645088292157745
2025-10-29,8.407544033869636
2025-10-30,0.441578956518788
2025-10-31,34.57807089196285
2025-11-01,47.206492206279655
2025-11-02,6.564561539539136
2025-11-03,1.1736842348473147
2025-11-04,3.238421119737905
2025-11-05,39.78140433311928
2025-11-06,44.34368512941292
2025-11-07,7.57789489387069
2025-11-08,0.26789474239340055
2025-11-09,4.848772030300461
2025-11-10,12.629298507317433
2025-11-11,0.23684211017098278
2025-11-12,10.736666889151092
2025-11-13,49.3749133038451
2025-11-14,47.47736940487521
2025-11-15,5.204210634157063
2025-11-16,3.191052697703708
2025-11-17,14.568596793117466
2025-11-18,2.055087761883624
2025-11-19,0.5624561520060525
2025-11-20,0.1824561441317201
2025-11-21,4.99561413860647
2025-11-22,9.464035283832345
2025-11-23,11.120351107628085
2025-11-24,2.722631635365542
2025-11-25,16.426491568458733
2025-11-26,3.786842183733825
2025-11-27,11.131930055236444
2025-11-28,0.11964912528637797
2025-11-29,0.0
2025-11-30,0.009298245806712657
2025-12-01,7.029298391274642
2025-12-02,1.143157918425277
2025-12-03,4.607719393726439
2025-12-04,13.729298530111555
2025-12-05,38.94631659651641
2025-12-06,25.121053152135573
2025-12-07,22.66964959256584
2025-12-08,66.10579084352358
2025-12-09,30.7298251981847
2025-12-10,122.34789727212629
2025-12-11,17.75684247321915
2025-12-12,7.344386117102113
2025-12-13,0.8243859819951467
2025-12-14,15.980877524137032
2025-12-15,57.645264352415694
2025-12-16,58.14719418737805
2025-12-17,17.87175475630211
2025-12-18,30.823684849252462
2025-12-19,13.747193267324473
2025-12-20,15.889649452071172
2025-12-21,16.389649462432136
2025-12-22,10.796666890394409
2025-12-23,3.185614101099782
2025-12-24,10.821403733012266
2025-12-25,7.862105426075869
2025-12-26,17.976316161977593
2025-12-27,2.1505263603525235
2025-12-28,1.8333333713235336
2025-12-29,0.6354386096587405
2025-12-30,0.10789473907789217
2025-12-31,0.062456141645088795
