date,discharge_cfs,gage_height_ft,ar_scale_47.5N_124.5W,ar_scale_48.0N_124.5W,ar_scale_48.5N_124.5W
1980-01-01,16500,,0.0,0.0,0.0
1980-01-02,16700,,0.0,0.0,0.0
1980-01-03,17700,,0.0,0.0,0.0
1980-01-04,16400,,0.0,0.0,0.0
1980-01-05,15800,,0.0,0.0,0.0
1980-01-06,15500,,0.0,0.0,0.0
1980-01-07,15900,,0.0,0.0,0.0
1980-01-08,16300,,0.0,0.0,0.0
1980-01-09,16100,,0.0,0.0,0.0
1980-01-10,17900,,0.0,0.0,0.0
1980-01-11,16500,,1.0,1.0,0.0
1980-01-12,20600,,1.0,1.0,1.0
1980-01-13,24800,,0.0,0.0,0.0
1980-01-14,19900,,0.0,0.0,0.0
1980-01-15,18200,,0.0,0.0,0.0
1980-01-16,18100,,0.0,0.0,0.0
1980-01-17,18700,,0.0,0.0,0.0
1980-01-18,17800,,0.0,0.0,0.0
1980-01-19,17100,,0.0,0.0,0.0
1980-01-20,16700,,0.0,0.0,0.0
1980-01-21,16100,,0.0,0.0,0.0
1980-01-22,16700,,0.0,0.0,0.0
1980-01-23,16300,,0.0,0.0,0.0
1980-01-24,15700,,0.0,0.0,0.0
1980-01-25,17600,,0.0,0.0,0.0
1980-01-26,18300,,0.0,0.0,0.0
1980-01-27,18100,,0.0,0.0,0.0
1980-01-28,21200,,0.0,0.0,0.0
1980-01-29,18300,,0.0,0.0,0.0
1980-01-30,16800,,0.0,0.0,0.0
1980-01-31,14300,,0.0,1.0,0.0
1980-02-01,15100,,0.0,1.0,0.0
1980-02-02,16100,,1.0,1.0,1.0
1980-02-03,21800,,0.0,0.0,0.0
1980-02-04,21400,,0.0,0.0,0.0
1980-02-05,18300,,0.0,0.0,0.0
1980-02-06,18700,,0.0,0.0,0.0
1980-02-07,18400,,0.0,0.0,0.0
1980-02-08,17700,,0.0,0.0,0.0
1980-02-09,17400,,0.0,0.0,0.0
1980-02-10,16700,,0.0,0.0,0.0
1980-02-11,15300,,0.0,0.0,0.0
1980-02-12,15500,,0.0,0.0,0.0
1980-02-13,15800,,0.0,0.0,0.0
1980-02-14,15600,,0.0,0.0,0.0
1980-02-15,15600,,0.0,0.0,0.0
1980-02-16,15100,,0.0,0.0,0.0
1980-02-17,12800,,1.0,1.0,0.0
1980-02-18,14200,,1.0,1.0,0.0
1980-02-19,19200,,0.0,1.0,0.0
1980-02-20,19100,,0.0,0.0,0.0
1980-02-21,18200,,0.0,0.0,0.0
1980-02-22,16900,,0.0,0.0,0.0
1980-02-23,15400,,0.0,0.0,0.0
1980-02-24,14600,,0.0,0.0,0.0
1980-02-25,12300,,3.0,3.0,0.0
1980-02-26,14900,,3.0,3.0,3.0
1980-02-27,37400,,3.0,3.0,3.0
1980-02-28,39900,,3.0,3.0,3.0
1980-02-29,29000,,0.0,0.0,0.0
1980-03-01,20600,,0.0,0.0,0.0
1980-03-02,16800,,0.0,0.0,0.0
1980-03-03,16900,,0.0,0.0,0.0
1980-03-04,16900,,0.0,0.0,0.0
1980-03-05,15500,,0.0,0.0,0.0
1980-03-06,15700,,0.0,0.0,0.0
1980-03-07,14500,,0.0,0.0,0.0
1980-03-08,13400,,0.0,0.0,0.0
1980-03-09,13700,,0.0,0.0,0.0
1980-03-10,14700,,0.0,0.0,0.0
1980-03-11,16400,,0.0,0.0,0.0
1980-03-12,16000,,0.0,0.0,0.0
1980-03-13,16700,,0.0,0.0,0.0
1980-03-14,15500,,0.0,0.0,0.0
1980-03-15,15400,,0.0,0.0,0.0
1980-03-16,16000,,0.0,0.0,0.0
1980-03-17,16300,,0.0,0.0,0.0
1980-03-18,17600,,0.0,0.0,0.0
1980-03-19,17100,,0.0,0.0,0.0
1980-03-20,16500,,0.0,0.0,0.0
1980-03-21,15300,,0.0,0.0,0.0
1980-03-22,14500,,0.0,0.0,0.0
1980-03-23,14800,,0.0,0.0,0.0
1980-03-24,15100,,0.0,0.0,0.0
1980-03-25,14200,,0.0,0.0,0.0
1980-03-26,12700,,0.0,0.0,0.0
1980-03-27,14000,,0.0,0.0,0.0
1980-03-28,12000,,0.0,0.0,0.0
1980-03-29,12200,,0.0,0.0,0.0
1980-03-30,13300,,0.0,0.0,0.0
1980-03-31,12600,,0.0,0.0,0.0
1980-04-01,14500,,0.0,0.0,0.0
1980-04-02,13800,,0.0,0.0,0.0
1980-04-03,13200,,0.0,0.0,0.0
1980-04-04,13600,,0.0,0.0,0.0
1980-04-05,12200,,0.0,0.0,0.0
1980-04-06,12500,,0.0,0.0,0.0
1980-04-07,13300,,0.0,0.0,0.0
1980-04-08,14000,,0.0,0.0,0.0
1980-04-09,13300,,1.0,1.0,0.0
1980-04-10,14700,,0.0,0.0,0.0
1980-04-11,13700,,0.0,0.0,0.0
1980-04-12,11800,,0.0,0.0,0.0
1980-04-13,13900,,0.0,0.0,0.0
1980-04-14,14600,,0.0,0.0,0.0
1980-04-15,19900,,0.0,0.0,0.0
1980-04-16,17600,,0.0,0.0,0.0
1980-04-17,16500,,0.0,0.0,0.0
1980-04-18,17200,,2.0,2.0,2.0
1980-04-19,19300,,2.0,2.0,2.0
1980-04-20,30900,,2.0,2.0,0.0
1980-04-21,25200,,0.0,0.0,0.0
1980-04-22,20100,,0.0,0.0,0.0
1980-04-23,16600,,0.0,0.0,0.0
1980-04-24,18500,,0.0,0.0,0.0
1980-04-25,17800,,0.0,0.0,0.0
1980-04-26,16500,,0.0,0.0,0.0
1980-04-27,16900,,0.0,0.0,0.0
1980-04-28,20000,,0.0,0.0,0.0
1980-04-29,22200,,0.0,0.0,0.0
1980-04-30,20400,,0.0,0.0,0.0
1980-05-01,18200,,0.0,0.0,0.0
1980-05-02,20100,,0.0,0.0,0.0
1980-05-03,20300,,0.0,0.0,0.0
1980-05-04,18700,,0.0,0.0,0.0
1980-05-05,20100,,0.0,0.0,0.0
1980-05-06,23100,,0.0,0.0,0.0
1980-05-07,21700,,0.0,0.0,0.0
1980-05-08,20500,,0.0,0.0,0.0
1980-05-09,18700,,0.0,0.0,0.0
1980-05-10,14100,,0.0,0.0,0.0
1980-05-11,13000,,0.0,0.0,0.0
1980-05-12,14100,,0.0,0.0,0.0
1980-05-13,14900,,0.0,0.0,0.0
1980-05-14,13600,,0.0,0.0,0.0
1980-05-15,13800,,0.0,0.0,0.0
1980-05-16,11800,,0.0,0.0,0.0
1980-05-17,10500,,0.0,0.0,0.0
1980-05-18,9980,,0.0,0.0,0.0
1980-05-19,10500,,2.0,2.0,1.0
1980-05-20,12300,,2.0,2.0,1.0
1980-05-21,20800,,2.0,2.0,0.0
1980-05-22,22100,,0.0,0.0,0.0
1980-05-23,17600,,0.0,0.0,0.0
1980-05-24,13900,,0.0,0.0,0.0
1980-05-25,12200,,0.0,0.0,0.0
1980-05-26,12900,,0.0,0.0,0.0
1980-05-27,15300,,0.0,0.0,0.0
1980-05-28,13300,,0.0,0.0,0.0
1980-05-29,11600,,0.0,0.0,0.0
1980-05-30,11900,,0.0,0.0,0.0
1980-05-31,11500,,0.0,0.0,0.0
1980-06-01,13200,,0.0,0.0,0.0
1980-06-02,15200,,0.0,0.0,0.0
1980-06-03,13600,,0.0,0.0,0.0
1980-06-04,11700,,0.0,0.0,0.0
1980-06-05,11300,,0.0,0.0,0.0
1980-06-06,11100,,0.0,0.0,0.0
1980-06-07,10500,,1.0,0.0,0.0
1980-06-08,11200,,1.0,1.0,0.0
1980-06-09,12600,,1.0,1.0,0.0
1980-06-10,12200,,0.0,0.0,0.0
1980-06-11,14100,,0.0,0.0,0.0
1980-06-12,14500,,0.0,0.0,0.0
1980-06-13,14800,,0.0,0.0,0.0
1980-06-14,14900,,0.0,0.0,0.0
1980-06-15,13800,,0.0,0.0,0.0
1980-06-16,15100,,0.0,0.0,0.0
1980-06-17,22200,,0.0,0.0,0.0
1980-06-18,22100,,0.0,0.0,0.0
1980-06-19,19400,,0.0,0.0,0.0
1980-06-20,18400,,0.0,0.0,0.0
1980-06-21,20100,,0.0,0.0,0.0
1980-06-22,17600,,0.0,0.0,0.0
1980-06-23,18400,,0.0,0.0,0.0
1980-06-24,17900,,1.0,0.0,0.0
1980-06-25,17400,,1.0,0.0,0.0
1980-06-26,19400,,0.0,0.0,0.0
1980-06-27,17800,,0.0,0.0,0.0
1980-06-28,18400,,0.0,0.0,0.0
1980-06-29,15200,,0.0,0.0,0.0
1980-06-30,16200,,0.0,0.0,0.0
1980-07-01,17100,,0.0,0.0,0.0
1980-07-02,17400,,0.0,0.0,0.0
1980-07-03,19500,,0.0,0.0,0.0
1980-07-04,19600,,0.0,0.0,0.0
1980-07-05,18300,,0.0,0.0,0.0
1980-07-06,15200,,0.0,0.0,0.0
1980-07-07,13900,,0.0,0.0,0.0
1980-07-08,14500,,0.0,0.0,0.0
1980-07-09,17600,,0.0,0.0,0.0
1980-07-10,17900,,0.0,0.0,0.0
1980-07-11,18000,,0.0,0.0,0.0
1980-07-12,21100,,0.0,0.0,0.0
1980-07-13,18100,,0.0,0.0,0.0
1980-07-14,15900,,0.0,0.0,0.0
1980-07-15,15700,,0.0,0.0,0.0
1980-07-16,15600,,0.0,0.0,0.0
1980-07-17,16600,,0.0,0.0,0.0
1980-07-18,16400,,1.0,0.0,0.0
1980-07-19,14800,,1.0,1.0,0.0
1980-07-20,12600,,1.0,1.0,0.0
1980-07-21,15400,,0.0,0.0,0.0
1980-07-22,17500,,0.0,0.0,0.0
1980-07-23,18400,,0.0,0.0,0.0
1980-07-24,17000,,0.0,0.0,0.0
1980-07-25,15300,,0.0,0.0,0.0
1980-07-26,12300,,0.0,0.0,0.0
1980-07-27,12400,,0.0,0.0,0.0
1980-07-28,12500,,0.0,0.0,0.0
1980-07-29,11800,,0.0,0.0,0.0
1980-07-30,10600,,0.0,0.0,0.0
1980-07-31,9630,,0.0,0.0,0.0
1980-08-01,10000,,0.0,0.0,0.0
1980-08-02,11900,,0.0,0.0,0.0
1980-08-03,10600,,0.0,0.0,0.0
1980-08-04,10700,,0.0,0.0,0.0
1980-08-05,10300,,0.0,0.0,0.0
1980-08-06,11400,,0.0,0.0,0.0
1980-08-07,10300,,0.0,0.0,0.0
1980-08-08,9880,,0.0,0.0,0.0
1980-08-09,9190,,0.0,0.0,0.0
1980-08-10,8940,,0.0,0.0,0.0
1980-08-11,9470,,0.0,0.0,0.0
1980-08-12,11300,,0.0,0.0,0.0
1980-08-13,10900,,0.0,0.0,0.0
1980-08-14,10700,,0.0,0.0,0.0
1980-08-15,10700,,0.0,0.0,0.0
1980-08-16,9470,,0.0,0.0,0.0
1980-08-17,8850,,2.0,1.0,1.0
1980-08-18,13800,,2.0,1.0,1.0
1980-08-19,11500,,0.0,0.0,0.0
1980-08-20,10300,,0.0,0.0,0.0
1980-08-21,10000,,0.0,0.0,0.0
1980-08-22,8760,,0.0,0.0,0.0
1980-08-23,8500,,0.0,0.0,0.0
1980-08-24,6590,,0.0,0.0,0.0
1980-08-25,5540,,0.0,0.0,0.0
1980-08-26,6280,,0.0,0.0,0.0
1980-08-27,7000,,0.0,0.0,0.0
1980-08-28,11000,,0.0,0.0,0.0
1980-08-29,9950,,0.0,0.0,0.0
1980-08-30,9420,,0.0,0.0,0.0
1980-08-31,8300,,0.0,0.0,0.0
1980-09-01,8800,,1.0,1.0,1.0
1980-09-02,17700,,1.0,1.0,0.0
1980-09-03,15800,,0.0,0.0,0.0
1980-09-04,13400,,0.0,0.0,0.0
1980-09-05,11200,,0.0,0.0,0.0
1980-09-06,8800,,1.0,1.0,1.0
1980-09-07,8160,,1.0,1.0,1.0
1980-09-08,10200,,0.0,0.0,0.0
1980-09-09,8800,,0.0,0.0,0.0
1980-09-10,7150,,0.0,0.0,0.0
1980-09-11,7510,,0.0,0.0,0.0
1980-09-12,8620,,0.0,0.0,0.0
1980-09-13,7640,,0.0,0.0,0.0
1980-09-14,6800,,0.0,0.0,0.0
1980-09-15,5180,,0.0,0.0,0.0
1980-09-16,6200,,0.0,0.0,0.0
1980-09-17,6340,,0.0,0.0,0.0
1980-09-18,6650,,0.0,0.0,0.0
1980-09-19,7100,,1.0,1.0,1.0
1980-09-20,17000,,0.0,0.0,0.0
1980-09-21,15300,,0.0,0.0,0.0
1980-09-22,13000,,0.0,0.0,0.0
1980-09-23,12800,,0.0,0.0,0.0
1980-09-24,12400,,0.0,0.0,0.0
1980-09-25,11900,,0.0,0.0,0.0
1980-09-26,11300,,0.0,0.0,0.0
1980-09-27,9220,,0.0,0.0,0.0
1980-09-28,7510,,3.0,3.0,3.0
1980-09-29,5660,,3.0,3.0,3.0
1980-09-30,9630,,3.0,3.0,3.0
1980-10-01,12100,,0.0,0.0,0.0
1980-10-02,9910,,0.0,0.0,0.0
1980-10-03,9220,,0.0,0.0,0.0
1980-10-04,8480,,0.0,0.0,0.0
1980-10-05,6430,,0.0,0.0,0.0
1980-10-06,6780,,0.0,0.0,0.0
1980-10-07,6780,,0.0,0.0,0.0
1980-10-08,7980,,0.0,0.0,0.0
1980-10-09,8140,,0.0,0.0,0.0
1980-10-10,8110,,0.0,0.0,0.0
1980-10-11,6010,,0.0,0.0,0.0
1980-10-12,5590,,0.0,0.0,0.0
1980-10-13,5170,,0.0,0.0,0.0
1980-10-14,7980,,0.0,0.0,0.0
1980-10-15,7270,,0.0,0.0,0.0
1980-10-16,6580,,0.0,0.0,0.0
1980-10-17,7000,,0.0,0.0,0.0
1980-10-18,7100,,0.0,0.0,0.0
1980-10-19,5770,,0.0,0.0,0.0
1980-10-20,4830,,0.0,0.0,0.0
1980-10-21,5800,,0.0,0.0,0.0
1980-10-22,7000,,0.0,0.0,0.0
1980-10-23,7500,,0.0,0.0,0.0
1980-10-24,8610,,1.0,1.0,0.0
1980-10-25,8830,,0.0,1.0,0.0
1980-10-26,8340,,0.0,0.0,0.0
1980-10-27,8660,,0.0,0.0,0.0
1980-10-28,9470,,0.0,0.0,0.0
1980-10-29,10000,,0.0,0.0,0.0
1980-10-30,9980,,0.0,0.0,0.0
1980-10-31,9080,,4.0,4.0,2.0
1980-11-01,10400,,4.0,4.0,2.0
1980-11-02,13400,,4.0,4.0,2.0
1980-11-03,13900,,2.0,2.0,2.0
1980-11-04,22500,,2.0,2.0,2.0
1980-11-05,19700,,3.0,3.0,1.0
1980-11-06,16100,,3.0,3.0,2.0
1980-11-07,25400,,3.0,3.0,2.0
1980-11-08,45500,,3.0,3.0,0.0
1980-11-09,43100,,0.0,0.0,0.0
1980-11-10,30400,,0.0,0.0,0.0
1980-11-11,25100,,0.0,0.0,0.0
1980-11-12,22700,,0.0,0.0,0.0
1980-11-13,21200,,0.0,0.0,0.0
1980-11-14,20000,,0.0,0.0,0.0
1980-11-15,18600,,0.0,0.0,0.0
1980-11-16,15200,,0.0,0.0,0.0
1980-11-17,15900,,0.0,0.0,0.0
1980-11-18,16400,,0.0,0.0,0.0
1980-11-19,18100,,0.0,0.0,0.0
1980-11-20,18000,,2.0,2.0,1.0
1980-11-21,26900,,2.0,2.0,1.0
1980-11-22,44500,,0.0,0.0,0.0
1980-11-23,26500,,0.0,0.0,0.0
1980-11-24,21100,,0.0,0.0,0.0
1980-11-25,20300,,0.0,0.0,0.0
1980-11-26,19800,,3.0,2.0,2.0
1980-11-27,20100,,3.0,2.0,2.0
1980-11-28,29100,,0.0,0.0,0.0
1980-11-29,23000,,1.0,1.0,0.0
1980-11-30,22400,,0.0,0.0,0.0
1980-12-01,21400,,0.0,0.0,0.0
1980-12-02,21200,,0.0,0.0,0.0
1980-12-03,21400,,0.0,0.0,0.0
1980-12-04,20700,,0.0,0.0,0.0
1980-12-05,20100,,0.0,0.0,0.0
1980-12-06,18300,,0.0,0.0,0.0
1980-12-07,18000,,0.0,0.0,0.0
1980-12-08,16900,,0.0,0.0,0.0
1980-12-09,16700,,0.0,2.0,2.0
1980-12-10,18000,,2.0,2.0,2.0
1980-12-11,22900,,2.0,2.0,2.0
1980-12-12,23300,,0.0,0.0,0.0
1980-12-13,21000,,0.0,0.0,0.0
1980-12-14,19400,,2.0,2.0,2.0
1980-12-15,28300,,2.0,2.0,2.0
1980-12-16,29800,,0.0,2.0,2.0
1980-12-17,26500,,0.0,0.0,0.0
1980-12-18,23400,,0.0,0.0,0.0
1980-12-19,21800,,0.0,0.0,0.0
1980-12-20,19800,,0.0,0.0,0.0
1980-12-21,22100,,0.0,0.0,0.0
1980-12-22,29800,,0.0,0.0,0.0
1980-12-23,39700,,0.0,0.0,0.0
1980-12-24,29700,,4.0,1.0,0.0
1980-12-25,29500,,4.0,4.0,4.0
1980-12-26,55700,,4.0,4.0,4.0
1980-12-27,101000,,4.0,4.0,4.0
1980-12-28,83900,,0.0,0.0,0.0
1980-12-29,64300,,0.0,0.0,0.0
1980-12-30,50300,,0.0,0.0,0.0
1980-12-31,45100,,0.0,0.0,0.0
1981-01-01,42600,,0.0,0.0,0.0
1981-01-02,34200,,0.0,0.0,0.0
1981-01-03,26800,,0.0,0.0,0.0
1981-01-04,24500,,0.0,0.0,0.0
1981-01-05,22800,,0.0,0.0,0.0
1981-01-06,21200,,0.0,0.0,0.0
1981-01-07,19200,,0.0,0.0,0.0
1981-01-08,17800,,1.0,1.0,0.0
1981-01-09,17600,,1.0,1.0,0.0
1981-01-10,15600,,0.0,0.0,0.0
1981-01-11,15100,,0.0,0.0,0.0
1981-01-12,14100,,0.0,0.0,0.0
1981-01-13,13200,,0.0,0.0,0.0
1981-01-14,12400,,0.0,0.0,0.0
1981-01-15,11900,,0.0,0.0,0.0
1981-01-16,11400,,0.0,0.0,0.0
1981-01-17,10900,,0.0,0.0,0.0
1981-01-18,12900,,3.0,2.0,2.0
1981-01-19,12600,,3.0,2.0,2.0
1981-01-20,13100,,3.0,2.0,2.0
1981-01-21,12300,,3.0,2.0,1.0
1981-01-22,14500,,2.0,2.0,1.0
1981-01-23,16900,,0.0,0.0,0.0
1981-01-24,15900,,0.0,0.0,0.0
1981-01-25,13800,,0.0,0.0,0.0
1981-01-26,13000,,0.0,0.0,0.0
1981-01-27,14200,,0.0,0.0,0.0
1981-01-28,13600,,0.0,0.0,0.0
1981-01-29,12200,,0.0,0.0,0.0
1981-01-30,12200,,0.0,0.0,0.0
1981-01-31,10400,,0.0,0.0,0.0
1981-02-01,9980,,0.0,0.0,0.0
1981-02-02,9160,,0.0,0.0,0.0
1981-02-03,9760,,0.0,0.0,0.0
1981-02-04,8950,,0.0,0.0,0.0
1981-02-05,8930,,0.0,0.0,0.0
1981-02-06,9100,,0.0,0.0,0.0
1981-02-07,8160,,0.0,0.0,0.0
1981-02-08,6920,,0.0,0.0,0.0
1981-02-09,7460,,0.0,0.0,0.0
1981-02-10,9060,,0.0,0.0,0.0
1981-02-11,8980,,0.0,0.0,0.0
1981-02-12,9910,,1.0,1.0,0.0
1981-02-13,12700,,1.0,1.0,0.0
1981-02-14,15800,,0.0,0.0,0.0
1981-02-15,22000,,3.0,3.0,3.0
1981-02-16,33800,,3.0,3.0,3.0
1981-02-17,43700,,3.0,3.0,3.0
1981-02-18,38900,,2.0,0.0,0.0
1981-02-19,37500,,2.0,2.0,1.0
1981-02-20,39700,,0.0,0.0,0.0
1981-02-21,30500,,0.0,0.0,0.0
1981-02-22,25400,,0.0,0.0,0.0
1981-02-23,22500,,0.0,0.0,0.0
1981-02-24,21500,,0.0,0.0,0.0
1981-02-25,21600,,0.0,0.0,0.0
1981-02-26,20100,,0.0,0.0,0.0
1981-02-27,18100,,0.0,0.0,0.0
1981-02-28,16100,,0.0,0.0,0.0
1981-03-01,14800,,0.0,0.0,0.0
1981-03-02,14700,,0.0,0.0,0.0
1981-03-03,12600,,0.0,0.0,0.0
1981-03-04,12800,,0.0,0.0,0.0
1981-03-05,11700,,0.0,0.0,0.0
1981-03-06,10900,,0.0,0.0,0.0
1981-03-07,10200,,0.0,0.0,0.0
1981-03-08,9840,,0.0,0.0,0.0
1981-03-09,9430,,0.0,0.0,0.0
1981-03-10,8930,,0.0,0.0,0.0
1981-03-11,9160,,0.0,0.0,0.0
1981-03-12,11600,,0.0,0.0,0.0
1981-03-13,11300,,0.0,0.0,0.0
1981-03-14,11300,,0.0,0.0,0.0
1981-03-15,11400,,0.0,0.0,0.0
1981-03-16,13600,,0.0,0.0,0.0
1981-03-17,12900,,0.0,0.0,0.0
1981-03-18,12400,,0.0,0.0,0.0
1981-03-19,11600,,0.0,0.0,0.0
1981-03-20,10700,,0.0,0.0,0.0
1981-03-21,11300,,0.0,0.0,0.0
1981-03-22,11800,,0.0,0.0,0.0
1981-03-23,12000,,0.0,0.0,0.0
1981-03-24,12600,,0.0,0.0,0.0
1981-03-25,12200,,0.0,0.0,0.0
1981-03-26,12200,,0.0,0.0,0.0
1981-03-27,11200,,0.0,0.0,0.0
1981-03-28,12500,,0.0,0.0,0.0
1981-03-29,14400,,0.0,0.0,0.0
1981-03-30,16700,,0.0,0.0,0.0
1981-03-31,17600,,0.0,0.0,0.0
1981-04-01,17800,,0.0,0.0,0.0
1981-04-02,14700,,0.0,0.0,0.0
1981-04-03,14100,,0.0,0.0,0.0
1981-04-04,13500,,0.0,0.0,0.0
1981-04-05,14300,,0.0,0.0,0.0
1981-04-06,15600,,0.0,0.0,0.0
1981-04-07,15300,,0.0,0.0,0.0
1981-04-08,14900,,0.0,0.0,0.0
1981-04-09,17000,,0.0,0.0,0.0
1981-04-10,16500,,0.0,0.0,0.0
1981-04-11,15500,,0.0,0.0,0.0
1981-04-12,15900,,0.0,0.0,0.0
1981-04-13,15000,,0.0,0.0,0.0
1981-04-14,14200,,0.0,0.0,0.0
1981-04-15,14500,,0.0,0.0,0.0
1981-04-16,15600,,0.0,0.0,0.0
1981-04-17,16700,,0.0,0.0,0.0
1981-04-18,15600,,0.0,0.0,0.0
1981-04-19,16000,,0.0,0.0,0.0
1981-04-20,16900,,0.0,0.0,0.0
1981-04-21,18600,,0.0,0.0,0.0
1981-04-22,20800,,3.0,3.0,2.0
1981-04-23,24300,,3.0,3.0,2.0
1981-04-24,30200,,3.0,3.0,2.0
1981-04-25,25600,,0.0,0.0,0.0
1981-04-26,21600,,0.0,0.0,0.0
1981-04-27,18700,,3.0,3.0,3.0
1981-04-28,23200,,3.0,3.0,3.0
1981-04-29,32400,,3.0,3.0,3.0
1981-04-30,27700,,0.0,0.0,0.0
1981-05-01,30100,,0.0,0.0,0.0
1981-05-02,24600,,0.0,0.0,0.0
1981-05-03,19800,,0.0,0.0,0.0
1981-05-04,19100,,0.0,0.0,0.0
1981-05-05,16600,,0.0,0.0,0.0
1981-05-06,14500,,0.0,0.0,0.0
1981-05-07,13000,,0.0,0.0,0.0
1981-05-08,13600,,0.0,0.0,0.0
1981-05-09,11500,,0.0,0.0,0.0
1981-05-10,11700,,0.0,0.0,0.0
1981-05-11,11600,,0.0,0.0,0.0
1981-05-12,10800,,0.0,0.0,0.0
1981-05-13,10600,,0.0,0.0,0.0
1981-05-14,10600,,0.0,0.0,0.0
1981-05-15,13000,,0.0,0.0,0.0
1981-05-16,12200,,0.0,0.0,0.0
1981-05-17,11000,,0.0,0.0,0.0
1981-05-18,10600,,0.0,0.0,0.0
1981-05-19,12100,,0.0,0.0,0.0
1981-05-20,14400,,0.0,0.0,0.0
1981-05-21,14700,,0.0,0.0,0.0
1981-05-22,14800,,0.0,0.0,0.0
1981-05-23,15900,,0.0,0.0,0.0
1981-05-24,17000,,0.0,0.0,0.0
1981-05-25,21400,,0.0,0.0,0.0
1981-05-26,23600,,0.0,0.0,0.0
1981-05-27,17600,,0.0,0.0,0.0
1981-05-28,15300,,0.0,0.0,0.0
1981-05-29,15000,,0.0,0.0,0.0
1981-05-30,17100,,0.0,0.0,0.0
1981-05-31,17800,,0.0,0.0,0.0
1981-06-01,15700,,0.0,0.0,0.0
1981-06-02,14200,,0.0,0.0,0.0
1981-06-03,14000,,0.0,1.0,0.0
1981-06-04,17400,,0.0,1.0,0.0
1981-06-05,17300,,1.0,1.0,0.0
1981-06-06,24000,,0.0,0.0,0.0
1981-06-07,22100,,0.0,0.0,0.0
1981-06-08,22100,,0.0,0.0,0.0
1981-06-09,26900,,0.0,0.0,0.0
1981-06-10,24800,,0.0,0.0,0.0
1981-06-11,22900,,0.0,0.0,0.0
1981-06-12,21500,,0.0,0.0,0.0
1981-06-13,21200,,0.0,0.0,0.0
1981-06-14,19300,,0.0,0.0,0.0
1981-06-15,17100,,0.0,0.0,0.0
1981-06-16,18300,,0.0,0.0,0.0
1981-06-17,22300,,2.0,0.0,0.0
1981-06-18,23300,,2.0,1.0,0.0
1981-06-19,28400,,2.0,1.0,0.0
1981-06-20,31400,,0.0,0.0,0.0
1981-06-21,29300,,2.0,1.0,0.0
1981-06-22,27500,,2.0,1.0,0.0
1981-06-23,28200,,0.0,0.0,0.0
1981-06-24,26800,,0.0,0.0,0.0
1981-06-25,24800,,0.0,0.0,0.0
1981-06-26,24900,,0.0,0.0,0.0
1981-06-27,24900,,0.0,0.0,0.0
1981-06-28,23300,,0.0,0.0,0.0
1981-06-29,20200,,0.0,0.0,0.0
1981-06-30,22800,,0.0,0.0,0.0
1981-07-01,24900,,0.0,0.0,0.0
1981-07-02,22600,,0.0,0.0,0.0
1981-07-03,20800,,0.0,0.0,0.0
1981-07-04,23000,,0.0,0.0,0.0
1981-07-05,24100,,0.0,0.0,0.0
1981-07-06,23400,,0.0,0.0,0.0
1981-07-07,23100,,0.0,0.0,0.0
1981-07-08,18700,,0.0,0.0,0.0
1981-07-09,15800,,0.0,0.0,0.0
1981-07-10,14000,,0.0,0.0,0.0
1981-07-11,13300,,0.0,0.0,0.0
1981-07-12,13400,,0.0,0.0,0.0
1981-07-13,15600,,0.0,0.0,0.0
1981-07-14,18200,,0.0,0.0,0.0
1981-07-15,15200,,0.0,0.0,0.0
1981-07-16,17000,,0.0,0.0,0.0
1981-07-17,19500,,0.0,0.0,0.0
1981-07-18,19100,,0.0,0.0,0.0
1981-07-19,19200,,0.0,0.0,0.0
1981-07-20,17800,,0.0,0.0,0.0
1981-07-21,17900,,0.0,0.0,0.0
1981-07-22,17200,,0.0,0.0,0.0
1981-07-23,15700,,0.0,0.0,0.0
1981-07-24,15200,,0.0,0.0,0.0
1981-07-25,16400,,0.0,0.0,0.0
1981-07-26,16200,,0.0,0.0,0.0
1981-07-27,16900,,0.0,0.0,0.0
1981-07-28,17300,,0.0,0.0,0.0
1981-07-29,15600,,0.0,0.0,0.0
1981-07-30,14800,,0.0,0.0,0.0
1981-07-31,14000,,0.0,0.0,0.0
1981-08-01,12100,,0.0,0.0,0.0
1981-08-02,10900,,0.0,0.0,0.0
1981-08-03,10700,,0.0,0.0,0.0
1981-08-04,11400,,0.0,0.0,0.0
1981-08-05,10200,,0.0,0.0,0.0
1981-08-06,10400,,0.0,0.0,0.0
1981-08-07,11900,,0.0,0.0,0.0
1981-08-08,13100,,0.0,0.0,0.0
1981-08-09,13700,,0.0,0.0,0.0
1981-08-10,13700,,0.0,0.0,0.0
1981-08-11,14900,,0.0,0.0,0.0
1981-08-12,14800,,0.0,0.0,0.0
1981-08-13,14000,,0.0,0.0,0.0
1981-08-14,12300,,0.0,0.0,0.0
1981-08-15,12700,,0.0,0.0,0.0
1981-08-16,12900,,0.0,0.0,0.0
1981-08-17,11500,,0.0,0.0,0.0
1981-08-18,10800,,0.0,0.0,0.0
1981-08-19,10900,,0.0,0.0,0.0
1981-08-20,10700,,0.0,0.0,0.0
1981-08-21,9630,,0.0,0.0,0.0
1981-08-22,8500,,0.0,0.0,0.0
1981-08-23,8640,,0.0,0.0,0.0
1981-08-24,8390,,0.0,0.0,0.0
1981-08-25,9220,,0.0,0.0,0.0
1981-08-26,8600,,0.0,0.0,0.0
1981-08-27,8230,,0.0,0.0,0.0
1981-08-28,8370,,0.0,0.0,0.0
1981-08-29,7740,,0.0,0.0,0.0
1981-08-30,7860,,0.0,0.0,0.0
1981-08-31,6660,,1.0,2.0,2.0
1981-09-01,11000,,1.0,2.0,2.0
1981-09-02,16300,,0.0,0.0,0.0
1981-09-03,12700,,0.0,0.0,0.0
1981-09-04,12200,,0.0,0.0,0.0
1981-09-05,9750,,0.0,0.0,0.0
1981-09-06,7740,,0.0,0.0,0.0
1981-09-07,6990,,0.0,0.0,0.0
1981-09-08,7540,,0.0,0.0,0.0
1981-09-09,10500,,0.0,0.0,0.0
1981-09-10,9170,,0.0,0.0,0.0
1981-09-11,7770,,0.0,0.0,0.0
1981-09-12,7170,,0.0,0.0,0.0
1981-09-13,5480,,0.0,0.0,0.0
1981-09-14,5220,,0.0,0.0,0.0
1981-09-15,6120,,0.0,0.0,0.0
1981-09-16,7540,,0.0,2.0,0.0
1981-09-17,7700,,2.0,2.0,0.0
1981-09-18,8660,,2.0,2.0,0.0
1981-09-19,9610,,0.0,0.0,0.0
1981-09-20,8140,,0.0,1.0,1.0
1981-09-21,7810,,0.0,1.0,1.0
1981-09-22,8870,,0.0,0.0,0.0
1981-09-23,8180,,0.0,0.0,0.0
1981-09-24,7010,,0.0,0.0,0.0
1981-09-25,5720,,0.0,0.0,0.0
1981-09-26,7280,,1.0,1.0,0.0
1981-09-27,6760,,1.0,1.0,0.0
1981-09-28,10800,,0.0,0.0,0.0
1981-09-29,17000,,0.0,0.0,0.0
1981-09-30,13200,,2.0,2.0,2.0
1981-10-01,11500,,2.0,2.0,2.0
1981-10-02,20300,,2.0,2.0,2.0
1981-10-03,16600,,0.0,0.0,0.0
1981-10-04,11200,,0.0,0.0,0.0
1981-10-05,8640,,2.0,2.0,2.0
1981-10-06,18000,,2.0,2.0,2.0
1981-10-07,32900,,2.0,2.0,0.0
1981-10-08,24100,,0.0,0.0,0.0
1981-10-09,20700,,0.0,0.0,0.0
1981-10-10,17600,,0.0,0.0,0.0
1981-10-11,15000,,0.0,0.0,0.0
1981-10-12,13900,,0.0,0.0,0.0
1981-10-13,14200,,0.0,0.0,0.0
1981-10-14,13700,,0.0,0.0,0.0
1981-10-15,12600,,0.0,0.0,0.0
1981-10-16,11700,,0.0,0.0,0.0
1981-10-17,11100,,0.0,0.0,0.0
1981-10-18,10900,,0.0,0.0,0.0
1981-10-19,10800,,0.0,0.0,0.0
1981-10-20,11500,,0.0,0.0,0.0
1981-10-21,11100,,0.0,0.0,0.0
1981-10-22,10900,,0.0,0.0,0.0
1981-10-23,10600,,0.0,0.0,0.0
1981-10-24,9090,,0.0,0.0,0.0
1981-10-25,8140,,0.0,0.0,0.0
1981-10-26,7640,,2.0,2.0,2.0
1981-10-27,10900,,2.0,2.0,2.0
1981-10-28,19300,,2.0,2.0,2.0
1981-10-29,18800,,0.0,0.0,0.0
1981-10-30,15300,,3.0,4.0,4.0
1981-10-31,18200,,3.0,4.0,4.0
1981-11-01,18400,,3.0,4.0,4.0
1981-11-02,14900,,0.0,4.0,4.0
1981-11-03,13400,,1.0,1.0,1.0
1981-11-04,12800,,0.0,0.0,0.0
1981-11-05,12000,,0.0,0.0,0.0
1981-11-06,11500,,0.0,0.0,0.0
1981-11-07,11000,,0.0,0.0,0.0
1981-11-08,10300,,0.0,0.0,0.0
1981-11-09,9920,,0.0,0.0,0.0
1981-11-10,9230,,4.0,3.0,3.0
1981-11-11,9420,,4.0,3.0,3.0
1981-11-12,16700,,4.0,3.0,3.0
1981-11-13,16700,,0.0,0.0,0.0
1981-11-14,15300,,1.0,1.0,0.0
1981-11-15,17600,,1.0,1.0,0.0
1981-11-16,17400,,0.0,0.0,0.0
1981-11-17,17500,,0.0,0.0,0.0
1981-11-18,19900,,0.0,0.0,0.0
1981-11-19,18700,,0.0,0.0,0.0
1981-11-20,16700,,1.0,1.0,0.0
1981-11-21,16400,,1.0,1.0,0.0
1981-11-22,19500,,0.0,0.0,0.0
1981-11-23,19500,,0.0,0.0,0.0
1981-11-24,17300,,0.0,0.0,0.0
1981-11-25,16000,,0.0,0.0,0.0
1981-11-26,12500,,0.0,0.0,0.0
1981-11-27,10500,,0.0,0.0,0.0
1981-11-28,10300,,0.0,0.0,0.0
1981-11-29,9160,,0.0,0.0,0.0
1981-11-30,9180,,1.0,1.0,1.0
1981-12-01,14500,,1.0,1.0,1.0
1981-12-02,21300,,1.0,1.0,1.0
1981-12-03,21100,,0.0,0.0,0.0
1981-12-04,17700,,3.0,3.0,2.0
1981-12-05,22100,,3.0,3.0,2.0
1981-12-06,27400,,0.0,0.0,0.0
1981-12-07,22500,,0.0,0.0,0.0
1981-12-08,22000,,3.0,0.0,0.0
1981-12-09,19900,,3.0,2.0,1.0
1981-12-10,24500,,3.0,0.0,0.0
1981-12-11,23900,,0.0,0.0,0.0
1981-12-12,20800,,0.0,0.0,0.0
1981-12-13,19100,,0.0,0.0,0.0
1981-12-14,17000,,0.0,0.0,0.0
1981-12-15,16800,,0.0,0.0,0.0
1981-12-16,16400,,0.0,0.0,0.0
1981-12-17,15300,,3.0,3.0,0.0
1981-12-18,14400,,3.0,3.0,2.0
1981-12-19,19100,,3.0,3.0,2.0
1981-12-20,23400,,0.0,0.0,0.0
1981-12-21,18500,,0.0,0.0,0.0
1981-12-22,16900,,0.0,0.0,0.0
1981-12-23,16100,,0.0,0.0,0.0
1981-12-24,15600,,0.0,0.0,0.0
1981-12-25,13700,,0.0,0.0,0.0
1981-12-26,12100,,0.0,0.0,0.0
1981-12-27,12800,,0.0,0.0,0.0
1981-12-28,14100,,0.0,0.0,0.0
1981-12-29,12900,,0.0,0.0,0.0
1981-12-30,12200,,0.0,0.0,0.0
1981-12-31,12400,,0.0,0.0,0.0
1982-01-01,12500,,0.0,0.0,0.0
1982-01-02,11600,,0.0,0.0,0.0
1982-01-03,11600,,0.0,0.0,0.0
1982-01-04,12000,,0.0,0.0,0.0
1982-01-05,12600,,0.0,0.0,0.0
1982-01-06,12000,,0.0,0.0,0.0
1982-01-07,11600,,0.0,0.0,0.0
1982-01-08,11600,,0.0,0.0,0.0
1982-01-09,10400,,0.0,0.0,0.0
1982-01-10,9300,,0.0,0.0,0.0
1982-01-11,9870,,0.0,0.0,0.0
1982-01-12,11300,,0.0,0.0,0.0
1982-01-13,10600,,0.0,0.0,0.0
1982-01-14,12300,,0.0,0.0,0.0
1982-01-15,13100,,2.0,0.0,0.0
1982-01-16,15500,,2.0,1.0,0.0
1982-01-17,19700,,0.0,0.0,0.0
1982-01-18,19000,,0.0,0.0,0.0
1982-01-19,17100,,0.0,0.0,0.0
1982-01-20,15800,,0.0,0.0,0.0
1982-01-21,13600,,0.0,0.0,0.0
1982-01-22,12100,,3.0,3.0,3.0
1982-01-23,17500,,3.0,3.0,3.0
1982-01-24,36900,,3.0,3.0,3.0
1982-01-25,28000,,2.0,2.0,2.0
1982-01-26,25400,,2.0,2.0,2.0
1982-01-27,24700,,0.0,0.0,0.0
1982-01-28,21000,,0.0,0.0,0.0
1982-01-29,19600,,0.0,0.0,0.0
1982-01-30,19500,,0.0,0.0,0.0
1982-01-31,20700,,0.0,0.0,0.0
1982-02-01,19700,,0.0,0.0,1.0
1982-02-02,20000,,0.0,0.0,1.0
1982-02-03,18900,,0.0,0.0,0.0
1982-02-04,17400,,0.0,0.0,0.0
1982-02-05,17800,,0.0,0.0,0.0
1982-02-06,17600,,0.0,0.0,0.0
1982-02-07,16700,,0.0,0.0,0.0
1982-02-08,15900,,0.0,0.0,0.0
1982-02-09,15300,,0.0,0.0,0.0
1982-02-10,15700,,0.0,0.0,0.0
1982-02-11,15000,,0.0,0.0,0.0
1982-02-12,14800,,3.0,3.0,1.0
1982-02-13,20200,,3.0,3.0,1.0
1982-02-14,38100,,3.0,3.0,1.0
1982-02-15,53900,,3.0,1.0,0.0
1982-02-16,53900,,3.0,1.0,0.0
1982-02-17,45400,,0.0,0.0,0.0
1982-02-18,38300,,2.0,1.0,1.0
1982-02-19,34000,,0.0,0.0,0.0
1982-02-20,35000,,1.0,0.0,0.0
1982-02-21,41500,,0.0,0.0,0.0
1982-02-22,33000,,0.0,0.0,0.0
1982-02-23,27500,,0.0,0.0,0.0
1982-02-24,24300,,0.0,0.0,0.0
1982-02-25,21600,,0.0,0.0,0.0
1982-02-26,19400,,0.0,0.0,0.0
1982-02-27,19000,,0.0,0.0,0.0
1982-02-28,17700,,2.0,2.0,1.0
1982-03-01,18200,,2.0,2.0,1.0
1982-03-02,21200,,0.0,0.0,0.0
1982-03-03,20100,,0.0,0.0,0.0
1982-03-04,20200,,0.0,0.0,0.0
1982-03-05,18800,,0.0,0.0,0.0
1982-03-06,17000,,0.0,0.0,0.0
1982-03-07,15900,,0.0,0.0,0.0
1982-03-08,15100,,0.0,0.0,0.0
1982-03-09,15500,,0.0,0.0,0.0
1982-03-10,19600,,0.0,0.0,0.0
1982-03-11,21100,,0.0,0.0,0.0
1982-03-12,19900,,0.0,0.0,0.0
1982-03-13,18500,,0.0,0.0,0.0
1982-03-14,17200,,0.0,0.0,0.0
1982-03-15,15800,,0.0,0.0,0.0
1982-03-16,15900,,0.0,0.0,0.0
1982-03-17,15100,,0.0,0.0,0.0
1982-03-18,14800,,0.0,0.0,0.0
1982-03-19,14100,,0.0,0.0,0.0
1982-03-20,14100,,0.0,0.0,0.0
1982-03-21,13100,,0.0,0.0,0.0
1982-03-22,12500,,0.0,0.0,0.0
1982-03-23,12800,,0.0,0.0,0.0
1982-03-24,12600,,0.0,0.0,0.0
1982-03-25,12500,,0.0,0.0,0.0
1982-03-26,12200,,0.0,0.0,0.0
1982-03-27,13100,,0.0,0.0,0.0
1982-03-28,12800,,0.0,0.0,0.0
1982-03-29,12900,,0.0,0.0,0.0
1982-03-30,13300,,0.0,0.0,0.0
1982-03-31,13400,,0.0,0.0,0.0
1982-04-01,13700,,0.0,0.0,0.0
1982-04-02,12100,,0.0,0.0,0.0
1982-04-03,10200,,0.0,0.0,0.0
1982-04-04,9340,,0.0,0.0,0.0
1982-04-05,9960,,0.0,0.0,0.0
1982-04-06,10400,,0.0,0.0,0.0
1982-04-07,10500,,0.0,0.0,0.0
1982-04-08,10300,,0.0,0.0,0.0
1982-04-09,9340,,0.0,0.0,0.0
1982-04-10,8250,,0.0,0.0,0.0
1982-04-11,8250,,0.0,0.0,0.0
1982-04-12,14800,,0.0,0.0,0.0
1982-04-13,17200,,0.0,0.0,0.0
1982-04-14,17000,,0.0,0.0,0.0
1982-04-15,15100,,0.0,0.0,0.0
1982-04-16,13700,,0.0,0.0,0.0
1982-04-17,11400,,0.0,0.0,0.0
1982-04-18,12100,,0.0,0.0,0.0
1982-04-19,12000,,0.0,0.0,0.0
1982-04-20,11100,,0.0,0.0,0.0
1982-04-21,9470,,0.0,0.0,0.0
1982-04-22,10400,,0.0,0.0,0.0
1982-04-23,13300,,0.0,0.0,0.0
1982-04-24,15800,,0.0,0.0,0.0
1982-04-25,14500,,0.0,0.0,0.0
1982-04-26,14300,,0.0,0.0,0.0
1982-04-27,12000,,0.0,0.0,0.0
1982-04-28,13700,,0.0,0.0,0.0
1982-04-29,14900,,0.0,0.0,0.0
1982-04-30,13700,,0.0,0.0,0.0
1982-05-01,12400,,0.0,0.0,0.0
1982-05-02,12300,,0.0,0.0,0.0
1982-05-03,15400,,0.0,0.0,0.0
1982-05-04,15100,,0.0,0.0,0.0
1982-05-05,14000,,0.0,0.0,0.0
1982-05-06,12900,,0.0,0.0,0.0
1982-05-07,16100,,0.0,0.0,0.0
1982-05-08,17400,,0.0,0.0,0.0
1982-05-09,15800,,0.0,0.0,0.0
1982-05-10,16400,,0.0,0.0,0.0
1982-05-11,18900,,0.0,0.0,0.0
1982-05-12,19700,,0.0,0.0,0.0
1982-05-13,19600,,0.0,0.0,0.0
1982-05-14,19000,,0.0,0.0,0.0
1982-05-15,19600,,0.0,0.0,0.0
1982-05-16,20900,,0.0,0.0,0.0
1982-05-17,22900,,0.0,0.0,0.0
1982-05-18,24500,,0.0,0.0,0.0
1982-05-19,23200,,0.0,0.0,0.0
1982-05-20,22200,,0.0,0.0,0.0
1982-05-21,21900,,0.0,0.0,0.0
1982-05-22,24800,,0.0,0.0,0.0
1982-05-23,24800,,0.0,0.0,0.0
1982-05-24,22900,,0.0,0.0,0.0
1982-05-25,28000,,0.0,0.0,0.0
1982-05-26,30800,,0.0,0.0,0.0
1982-05-27,28000,,0.0,0.0,0.0
1982-05-28,23800,,0.0,0.0,0.0
1982-05-29,22500,,0.0,0.0,0.0
1982-05-30,21800,,0.0,0.0,0.0
1982-05-31,22700,,0.0,0.0,0.0
1982-06-01,24700,,0.0,0.0,0.0
1982-06-02,26600,,0.0,0.0,0.0
1982-06-03,25600,,0.0,0.0,0.0
1982-06-04,24100,,0.0,0.0,0.0
1982-06-05,22000,,0.0,0.0,0.0
1982-06-06,20200,,0.0,0.0,0.0
1982-06-07,19500,,0.0,0.0,0.0
1982-06-08,20100,,0.0,0.0,0.0
1982-06-09,20100,,0.0,0.0,0.0
1982-06-10,23900,,0.0,0.0,0.0
1982-06-11,27500,,0.0,0.0,0.0
1982-06-12,30000,,0.0,0.0,0.0
1982-06-13,32300,,0.0,0.0,0.0
1982-06-14,31400,,0.0,0.0,0.0
1982-06-15,32300,,0.0,0.0,0.0
1982-06-16,33800,,0.0,0.0,0.0
1982-06-17,36300,,0.0,0.0,0.0
1982-06-18,40500,,0.0,0.0,0.0
1982-06-19,46200,,0.0,0.0,0.0
1982-06-20,47000,,0.0,0.0,0.0
1982-06-21,47600,,0.0,0.0,0.0
1982-06-22,42300,,0.0,0.0,0.0
1982-06-23,36600,,0.0,0.0,0.0
1982-06-24,34400,,0.0,0.0,0.0
1982-06-25,36500,,2.0,0.0,0.0
1982-06-26,34100,,2.0,1.0,1.0
1982-06-27,33800,,1.0,0.0,0.0
1982-06-28,31500,,1.0,0.0,0.0
1982-06-29,28500,,0.0,0.0,0.0
1982-06-30,30800,,0.0,0.0,0.0
1982-07-01,33700,,0.0,0.0,0.0
1982-07-02,28800,,0.0,0.0,0.0
1982-07-03,27100,,0.0,0.0,0.0
1982-07-04,31100,,0.0,0.0,0.0
1982-07-05,25000,,0.0,0.0,0.0
1982-07-06,22100,,0.0,0.0,0.0
1982-07-07,23000,,0.0,0.0,0.0
1982-07-08,25400,,0.0,0.0,0.0
1982-07-09,23700,,0.0,0.0,0.0
1982-07-10,24100,,0.0,0.0,0.0
1982-07-11,26300,,0.0,0.0,0.0
1982-07-12,27800,,0.0,0.0,0.0
1982-07-13,26500,,0.0,0.0,0.0
1982-07-14,28200,,0.0,0.0,0.0
1982-07-15,31800,,0.0,0.0,0.0
1982-07-16,28400,,0.0,0.0,0.0
1982-07-17,22300,,0.0,0.0,0.0
1982-07-18,20200,,0.0,0.0,0.0
1982-07-19,20600,,0.0,1.0,1.0
1982-07-20,22600,,0.0,1.0,1.0
1982-07-21,24200,,0.0,0.0,0.0
1982-07-22,23000,,0.0,0.0,0.0
1982-07-23,19700,,0.0,0.0,0.0
1982-07-24,18700,,0.0,0.0,0.0
1982-07-25,18700,,0.0,0.0,0.0
1982-07-26,19400,,0.0,0.0,0.0
1982-07-27,21300,,0.0,0.0,0.0
1982-07-28,21300,,0.0,0.0,0.0
1982-07-29,23600,,0.0,0.0,0.0
1982-07-30,24900,,0.0,0.0,0.0
1982-07-31,22900,,0.0,0.0,0.0
1982-08-01,20400,,0.0,0.0,0.0
1982-08-02,19600,,0.0,0.0,0.0
1982-08-03,17000,,0.0,0.0,0.0
1982-08-04,15300,,0.0,0.0,0.0
1982-08-05,13900,,0.0,0.0,0.0
1982-08-06,13400,,0.0,0.0,0.0
1982-08-07,14500,,0.0,0.0,0.0
1982-08-08,15100,,0.0,0.0,0.0
1982-08-09,15600,,0.0,0.0,0.0
1982-08-10,17600,,0.0,0.0,0.0
1982-08-11,17400,,0.0,0.0,0.0
1982-08-12,16700,,2.0,2.0,2.0
1982-08-13,20000,,2.0,2.0,2.0
1982-08-14,25600,,0.0,0.0,0.0
1982-08-15,19100,,0.0,0.0,0.0
1982-08-16,17600,,0.0,0.0,0.0
1982-08-17,16500,,0.0,0.0,0.0
1982-08-18,13200,,0.0,0.0,0.0
1982-08-19,12000,,0.0,0.0,0.0
1982-08-20,12000,,0.0,0.0,0.0
1982-08-21,13000,,0.0,0.0,0.0
1982-08-22,12400,,0.0,0.0,0.0
1982-08-23,11200,,0.0,0.0,0.0
1982-08-24,11500,,0.0,0.0,0.0
1982-08-25,12200,,0.0,0.0,0.0
1982-08-26,11300,,0.0,0.0,0.0
1982-08-27,12200,,0.0,0.0,0.0
1982-08-28,10200,,0.0,0.0,0.0
1982-08-29,9270,,0.0,0.0,0.0
1982-08-30,9830,,0.0,0.0,0.0
1982-08-31,11500,,0.0,0.0,0.0
1982-09-01,10400,,0.0,0.0,0.0
1982-09-02,10900,,0.0,0.0,0.0
1982-09-03,11000,,0.0,0.0,0.0
1982-09-04,12400,,0.0,0.0,0.0
1982-09-05,12400,,0.0,0.0,0.0
1982-09-06,9720,,0.0,0.0,1.0
1982-09-07,9650,,0.0,0.0,1.0
1982-09-08,10600,,1.0,1.0,1.0
1982-09-09,11300,,1.0,1.0,1.0
1982-09-10,15100,,0.0,0.0,0.0
1982-09-11,14500,,2.0,0.0,0.0
1982-09-12,16200,,2.0,0.0,0.0
1982-09-13,12800,,0.0,0.0,0.0
1982-09-14,10900,,0.0,0.0,0.0
1982-09-15,9330,,0.0,0.0,0.0
1982-09-16,9620,,0.0,0.0,0.0
1982-09-17,10400,,0.0,0.0,0.0
1982-09-18,9050,,0.0,0.0,0.0
1982-09-19,8180,,0.0,0.0,0.0
1982-09-20,8000,,0.0,0.0,0.0
1982-09-21,8950,,0.0,0.0,0.0
1982-09-22,9100,,0.0,0.0,0.0
1982-09-23,8500,,0.0,0.0,0.0
1982-09-24,8370,,0.0,0.0,0.0
1982-09-25,9470,,0.0,0.0,0.0
1982-09-26,9150,,0.0,0.0,0.0
1982-09-27,8040,,0.0,0.0,0.0
1982-09-28,7780,,0.0,0.0,0.0
1982-09-29,8610,,0.0,0.0,0.0
1982-09-30,9130,,0.0,0.0,0.0
1982-10-01,6800,,0.0,0.0,0.0
1982-10-02,6200,,0.0,0.0,0.0
1982-10-03,6600,,0.0,0.0,0.0
1982-10-04,7400,,0.0,0.0,0.0
1982-10-05,7500,,2.0,2.0,1.0
1982-10-06,7200,,2.0,2.0,1.0
1982-10-07,9600,,0.0,0.0,0.0
1982-10-08,12400,,0.0,0.0,0.0
1982-10-09,11300,,0.0,0.0,0.0
1982-10-10,9610,,0.0,0.0,0.0
1982-10-11,8620,,0.0,0.0,0.0
1982-10-12,10600,,0.0,0.0,0.0
1982-10-13,8970,,0.0,0.0,0.0
1982-10-14,8550,,0.0,0.0,0.0
1982-10-15,8110,,0.0,0.0,0.0
1982-10-16,8020,,0.0,0.0,0.0
1982-10-17,10200,,0.0,0.0,0.0
1982-10-18,9540,,0.0,0.0,0.0
1982-10-19,9610,,0.0,0.0,0.0
1982-10-20,10100,,0.0,0.0,0.0
1982-10-21,9400,,3.0,3.0,3.0
1982-10-22,13400,,3.0,3.0,3.0
1982-10-23,19200,,3.0,3.0,3.0
1982-10-24,13100,,3.0,3.0,3.0
1982-10-25,11900,,3.0,3.0,3.0
1982-10-26,13300,,3.0,3.0,3.0
1982-10-27,18900,,0.0,3.0,3.0
1982-10-28,18000,,0.0,0.0,0.0
1982-10-29,17500,,0.0,0.0,0.0
1982-10-30,15600,,0.0,0.0,0.0
1982-10-31,14100,,0.0,0.0,0.0
1982-11-01,15600,,0.0,0.0,0.0
1982-11-02,15300,,0.0,0.0,0.0
1982-11-03,12000,,1.0,1.0,1.0
1982-11-04,11800,,1.0,1.0,1.0
1982-11-05,16000,,0.0,0.0,0.0
1982-11-06,19700,,0.0,0.0,0.0
1982-11-07,17700,,0.0,0.0,0.0
1982-11-08,15800,,0.0,0.0,0.0
1982-11-09,15200,,0.0,0.0,0.0
1982-11-10,14500,,0.0,0.0,0.0
1982-11-11,11500,,0.0,0.0,0.0
1982-11-12,11000,,0.0,0.0,0.0
1982-11-13,10900,,0.0,0.0,0.0
1982-11-14,8890,,0.0,0.0,0.0
1982-11-15,8500,,0.0,0.0,0.0
1982-11-16,10400,,0.0,0.0,0.0
1982-11-17,12000,,0.0,0.0,0.0
1982-11-18,13800,,0.0,0.0,0.0
1982-11-19,13200,,0.0,0.0,0.0
1982-11-20,13000,,0.0,0.0,0.0
1982-11-21,12500,,0.0,0.0,0.0
1982-11-22,12900,,0.0,0.0,0.0
1982-11-23,12000,,0.0,0.0,0.0
1982-11-24,13400,,0.0,0.0,0.0
1982-11-25,11900,,0.0,0.0,0.0
1982-11-26,10400,,0.0,0.0,0.0
1982-11-27,10800,,0.0,0.0,0.0
1982-11-28,11800,,0.0,0.0,0.0
1982-11-29,14800,,0.0,0.0,0.0
1982-11-30,14800,,0.0,0.0,0.0
1982-12-01,14100,,0.0,0.0,0.0
1982-12-02,13300,,3.0,3.0,3.0
1982-12-03,25000,,3.0,3.0,3.0
1982-12-04,63200,,0.0,0.0,0.0
1982-12-05,37100,,0.0,0.0,0.0
1982-12-06,24500,,0.0,0.0,0.0
1982-12-07,22000,,0.0,0.0,0.0
1982-12-08,20500,,0.0,0.0,0.0
1982-12-09,17500,,0.0,0.0,0.0
1982-12-10,15000,,0.0,0.0,0.0
1982-12-11,14300,,0.0,0.0,0.0
1982-12-12,14100,,0.0,0.0,0.0
1982-12-13,14500,,0.0,0.0,0.0
1982-12-14,15000,,1.0,1.0,1.0
1982-12-15,17200,,2.0,1.0,1.0
1982-12-16,22900,,2.0,1.0,1.0
1982-12-17,24500,,0.0,0.0,0.0
1982-12-18,21600,,0.0,0.0,0.0
1982-12-19,18800,,0.0,0.0,0.0
1982-12-20,17800,,0.0,0.0,0.0
1982-12-21,16400,,0.0,0.0,0.0
1982-12-22,15300,,0.0,0.0,0.0
1982-12-23,14600,,0.0,0.0,0.0
1982-12-24,13500,,0.0,0.0,0.0
1982-12-25,13100,,0.0,0.0,0.0
1982-12-26,13200,,0.0,0.0,0.0
1982-12-27,13300,,0.0,0.0,0.0
1982-12-28,13400,,0.0,0.0,0.0
1982-12-29,11900,,0.0,0.0,0.0
1982-12-30,11900,,0.0,0.0,0.0
1982-12-31,11000,,0.0,0.0,0.0
1983-01-01,10800,,0.0,0.0,0.0
1983-01-02,10300,,0.0,0.0,0.0
1983-01-03,10400,,0.0,0.0,0.0
1983-01-04,11800,,2.0,0.0,0.0
1983-01-05,23000,,2.0,0.0,0.0
1983-01-06,29300,,2.0,0.0,0.0
1983-01-07,22500,,2.0,2.0,2.0
1983-01-08,42200,,2.0,2.0,2.0
1983-01-09,40000,,1.0,2.0,2.0
1983-01-10,46600,,1.0,2.0,2.0
1983-01-11,50500,,0.0,0.0,0.0
1983-01-12,34500,,0.0,0.0,0.0
1983-01-13,28100,,0.0,0.0,0.0
1983-01-14,24400,,0.0,0.0,0.0
1983-01-15,21200,,0.0,0.0,0.0
1983-01-16,17900,,0.0,0.0,0.0
1983-01-17,16100,,2.0,2.0,1.0
1983-01-18,17100,,2.0,2.0,1.0
1983-01-19,16300,,2.0,2.0,1.0
1983-01-20,17200,,0.0,0.0,0.0
1983-01-21,16200,,0.0,0.0,0.0
1983-01-22,14400,,0.0,0.0,0.0
1983-01-23,12900,,0.0,0.0,0.0
1983-01-24,12300,,0.0,0.0,0.0
1983-01-25,13600,,2.0,2.0,0.0
1983-01-26,14600,,2.0,2.0,0.0
1983-01-27,16700,,1.0,1.0,0.0
1983-01-28,19600,,0.0,0.0,0.0
1983-01-29,18200,,0.0,0.0,0.0
1983-01-30,16100,,0.0,0.0,0.0
1983-01-31,14900,,0.0,0.0,0.0
1983-02-01,13600,,0.0,0.0,0.0
1983-02-02,14500,,0.0,0.0,0.0
1983-02-03,14000,,0.0,0.0,0.0
1983-02-04,12200,,0.0,0.0,0.0
1983-02-05,11900,,0.0,0.0,0.0
1983-02-06,12500,,0.0,0.0,0.0
1983-02-07,12800,,0.0,0.0,0.0
1983-02-08,12100,,0.0,0.0,0.0
1983-02-09,12000,,0.0,0.0,0.0
1983-02-10,12400,,4.0,3.0,2.0
1983-02-11,13000,,4.0,3.0,2.0
1983-02-12,16600,,4.0,3.0,2.0
1983-02-13,22400,,4.0,3.0,0.0
1983-02-14,21400,,0.0,0.0,0.0
1983-02-15,18900,,0.0,0.0,0.0
1983-02-16,18400,,2.0,0.0,0.0
1983-02-17,19600,,2.0,2.0,1.0
1983-02-18,23900,,2.0,2.0,1.0
1983-02-19,22700,,1.0,1.0,0.0
1983-02-20,20500,,1.0,1.0,0.0
1983-02-21,19900,,0.0,0.0,0.0
1983-02-22,19200,,2.0,2.0,1.0
1983-02-23,21300,,2.0,2.0,1.0
1983-02-24,23900,,2.0,2.0,1.0
1983-02-25,24200,,0.0,0.0,0.0
1983-02-26,21800,,0.0,0.0,0.0
1983-02-27,19600,,0.0,0.0,0.0
1983-02-28,18800,,0.0,0.0,0.0
1983-03-01,18900,,0.0,0.0,0.0
1983-03-02,18700,,0.0,0.0,0.0
1983-03-03,18100,,0.0,0.0,0.0
1983-03-04,17600,,0.0,0.0,0.0
1983-03-05,17000,,0.0,0.0,0.0
1983-03-06,16700,,0.0,0.0,0.0
1983-03-07,16200,,0.0,0.0,0.0
1983-03-08,18100,,3.0,3.0,3.0
1983-03-09,24300,,3.0,3.0,3.0
1983-03-10,29900,,0.0,0.0,0.0
1983-03-11,27200,,0.0,0.0,0.0
1983-03-12,23400,,0.0,0.0,0.0
1983-03-13,21300,,0.0,0.0,0.0
1983-03-14,21300,,0.0,0.0,0.0
1983-03-15,21400,,0.0,0.0,0.0
1983-03-16,20000,,0.0,0.0,0.0
1983-03-17,18200,,0.0,0.0,0.0
1983-03-18,17200,,0.0,0.0,0.0
1983-03-19,16300,,0.0,0.0,0.0
1983-03-20,15300,,0.0,0.0,0.0
1983-03-21,15000,,0.0,0.0,0.0
1983-03-22,15400,,0.0,0.0,0.0
1983-03-23,15400,,0.0,0.0,0.0
1983-03-24,15100,,0.0,0.0,0.0
1983-03-25,13900,,0.0,0.0,0.0
1983-03-26,13500,,0.0,0.0,0.0
1983-03-27,13600,,0.0,0.0,0.0
1983-03-28,15000,,0.0,0.0,0.0
1983-03-29,19000,,0.0,0.0,0.0
1983-03-30,20800,,0.0,0.0,0.0
1983-03-31,21600,,0.0,0.0,0.0
1983-04-01,20300,,0.0,0.0,0.0
1983-04-02,19000,,0.0,0.0,0.0
1983-04-03,17000,,0.0,0.0,0.0
1983-04-04,15800,,0.0,0.0,0.0
1983-04-05,14200,,0.0,0.0,0.0
1983-04-06,14100,,0.0,0.0,0.0
1983-04-07,13900,,0.0,0.0,0.0
1983-04-08,15500,,0.0,0.0,0.0
1983-04-09,14000,,0.0,0.0,0.0
1983-04-10,14000,,0.0,0.0,0.0
1983-04-11,13500,,0.0,0.0,0.0
1983-04-12,13100,,0.0,0.0,0.0
1983-04-13,11900,,0.0,0.0,0.0
1983-04-14,11700,,0.0,0.0,0.0
1983-04-15,12200,,0.0,0.0,0.0
1983-04-16,11600,,0.0,0.0,0.0
1983-04-17,9720,,0.0,0.0,0.0
1983-04-18,9750,,0.0,0.0,0.0
1983-04-19,10500,,0.0,0.0,0.0
1983-04-20,11500,,0.0,0.0,0.0
1983-04-21,13800,,0.0,0.0,0.0
1983-04-22,13800,,0.0,0.0,0.0
1983-04-23,13400,,0.0,0.0,0.0
1983-04-24,12700,,0.0,0.0,0.0
1983-04-25,14200,,0.0,0.0,0.0
1983-04-26,14300,,0.0,0.0,0.0
1983-04-27,12700,,0.0,0.0,0.0
1983-04-28,11700,,0.0,0.0,0.0
1983-04-29,12200,,0.0,0.0,0.0
1983-04-30,12700,,0.0,0.0,0.0
1983-05-01,12500,,0.0,0.0,0.0
1983-05-02,13500,,0.0,0.0,0.0
1983-05-03,13700,,0.0,0.0,0.0
1983-05-04,12800,,0.0,0.0,0.0
1983-05-05,12300,,0.0,0.0,0.0
1983-05-06,14300,,0.0,0.0,0.0
1983-05-07,13900,,0.0,0.0,0.0
1983-05-08,13200,,0.0,0.0,0.0
1983-05-09,12800,,0.0,0.0,0.0
1983-05-10,12000,,0.0,0.0,0.0
1983-05-11,11800,,0.0,0.0,0.0
1983-05-12,12700,,0.0,0.0,0.0
1983-05-13,12700,,0.0,0.0,0.0
1983-05-14,12900,,0.0,0.0,0.0
1983-05-15,13400,,0.0,0.0,0.0
1983-05-16,13000,,0.0,0.0,0.0
1983-05-17,12400,,0.0,0.0,0.0
1983-05-18,12500,,0.0,0.0,0.0
1983-05-19,12500,,0.0,0.0,0.0
1983-05-20,12600,,0.0,0.0,0.0
1983-05-21,13700,,0.0,0.0,0.0
1983-05-22,15500,,0.0,0.0,0.0
1983-05-23,16700,,0.0,0.0,0.0
1983-05-24,19600,,0.0,0.0,0.0
1983-05-25,21900,,0.0,0.0,0.0
1983-05-26,23700,,0.0,0.0,0.0
1983-05-27,23400,,0.0,0.0,0.0
1983-05-28,23400,,0.0,0.0,0.0
1983-05-29,25200,,0.0,0.0,0.0
1983-05-30,29300,,0.0,0.0,0.0
1983-05-31,28600,,0.0,0.0,0.0
1983-06-01,25100,,0.0,0.0,0.0
1983-06-02,21900,,0.0,0.0,0.0
1983-06-03,20400,,0.0,0.0,0.0
1983-06-04,19100,,0.0,0.0,0.0
1983-06-05,16700,,0.0,0.0,0.0
1983-06-06,15900,,0.0,0.0,0.0
1983-06-07,16600,,0.0,0.0,0.0
1983-06-08,19400,,0.0,0.0,0.0
1983-06-09,21900,,2.0,2.0,1.0
1983-06-10,22100,,2.0,2.0,1.0
1983-06-11,24900,,0.0,0.0,0.0
1983-06-12,20100,,0.0,0.0,0.0
1983-06-13,17900,,0.0,0.0,0.0
1983-06-14,16700,,0.0,0.0,0.0
1983-06-15,18200,,0.0,0.0,0.0
1983-06-16,20500,,1.0,1.0,0.0
1983-06-17,20100,,1.0,1.0,0.0
1983-06-18,24900,,0.0,0.0,0.0
1983-06-19,23400,,0.0,0.0,0.0
1983-06-20,19900,,0.0,0.0,0.0
1983-06-21,18300,,0.0,0.0,0.0
1983-06-22,16900,,0.0,0.0,0.0
1983-06-23,17200,,0.0,0.0,0.0
1983-06-24,18200,,0.0,0.0,0.0
1983-06-25,18100,,0.0,0.0,0.0
1983-06-26,16600,,0.0,0.0,0.0
1983-06-27,16000,,0.0,0.0,0.0
1983-06-28,14400,,0.0,0.0,0.0
1983-06-29,14700,,0.0,0.0,0.0
1983-06-30,15300,,0.0,0.0,0.0
1983-07-01,15500,,0.0,0.0,0.0
1983-07-02,19000,,0.0,0.0,0.0
1983-07-03,19300,,0.0,0.0,0.0
1983-07-04,16200,,0.0,0.0,0.0
1983-07-05,15800,,0.0,0.0,0.0
1983-07-06,16500,,0.0,0.0,0.0
1983-07-07,16200,,0.0,0.0,0.0
1983-07-08,14700,,0.0,0.0,0.0
1983-07-09,14200,,0.0,0.0,0.0
1983-07-10,13000,,5.0,4.0,3.0
1983-07-11,13000,,5.0,4.0,3.0
1983-07-12,35900,,5.0,4.0,3.0
1983-07-13,48500,,5.0,4.0,1.0
1983-07-14,62800,,0.0,0.0,0.0
1983-07-15,53600,,0.0,0.0,0.0
1983-07-16,39000,,0.0,0.0,0.0
1983-07-17,27700,,0.0,0.0,0.0
1983-07-18,25800,,0.0,0.0,0.0
1983-07-19,24600,,0.0,0.0,0.0
1983-07-20,23600,,0.0,0.0,0.0
1983-07-21,23400,,0.0,0.0,0.0
1983-07-22,21800,,0.0,0.0,0.0
1983-07-23,21800,,0.0,0.0,0.0
1983-07-24,22000,,0.0,0.0,0.0
1983-07-25,21800,,0.0,0.0,0.0
1983-07-26,21200,,0.0,0.0,0.0
1983-07-27,19500,,0.0,0.0,0.0
1983-07-28,18400,,0.0,0.0,0.0
1983-07-29,16600,,0.0,0.0,0.0
1983-07-30,15800,,0.0,0.0,0.0
1983-07-31,15100,,0.0,0.0,0.0
1983-08-01,17000,,0.0,0.0,0.0
1983-08-02,16700,,0.0,0.0,0.0
1983-08-03,16900,,0.0,0.0,0.0
1983-08-04,15700,,0.0,0.0,0.0
1983-08-05,14800,,0.0,0.0,0.0
1983-08-06,14200,,0.0,0.0,0.0
1983-08-07,13400,,0.0,0.0,0.0
1983-08-08,13300,,0.0,0.0,0.0
1983-08-09,15100,,0.0,0.0,0.0
1983-08-10,15200,,0.0,0.0,0.0
1983-08-11,16900,,0.0,0.0,0.0
1983-08-12,20500,,0.0,0.0,0.0
1983-08-13,17600,,0.0,0.0,0.0
1983-08-14,15700,,0.0,0.0,0.0
1983-08-15,13900,,0.0,0.0,0.0
1983-08-16,12600,,0.0,0.0,0.0
1983-08-17,11400,,0.0,0.0,0.0
1983-08-18,11100,,0.0,0.0,0.0
1983-08-19,9560,,0.0,0.0,0.0
1983-08-20,10300,,0.0,0.0,0.0
1983-08-21,10200,,0.0,0.0,0.0
1983-08-22,9560,,0.0,0.0,0.0
1983-08-23,9520,,0.0,0.0,0.0
1983-08-24,10400,,0.0,0.0,0.0
1983-08-25,9790,,0.0,0.0,0.0
1983-08-26,8370,,0.0,0.0,0.0
1983-08-27,8940,,0.0,0.0,0.0
1983-08-28,8160,,1.0,1.0,1.0
1983-08-29,8300,,0.0,1.0,1.0
1983-08-30,9750,,0.0,0.0,0.0
1983-08-31,10900,,0.0,0.0,0.0
1983-09-01,10900,,0.0,0.0,0.0
1983-09-02,20600,,0.0,0.0,0.0
1983-09-03,17800,,0.0,0.0,0.0
1983-09-04,14300,,0.0,0.0,0.0
1983-09-05,12000,,0.0,0.0,0.0
1983-09-06,10900,,0.0,1.0,1.0
1983-09-07,10500,,0.0,0.0,0.0
1983-09-08,9560,,0.0,0.0,0.0
1983-09-09,9880,,0.0,0.0,0.0
1983-09-10,10900,,1.0,1.0,0.0
1983-09-11,18300,,0.0,0.0,0.0
1983-09-12,15500,,0.0,0.0,0.0
1983-09-13,12500,,0.0,0.0,0.0
1983-09-14,13000,,0.0,0.0,0.0
1983-09-15,10500,,0.0,0.0,0.0
1983-09-16,11000,,0.0,0.0,0.0
1983-09-17,10500,,0.0,0.0,0.0
1983-09-18,9700,,0.0,0.0,0.0
1983-09-19,10500,,0.0,0.0,0.0
1983-09-20,9200,,0.0,0.0,0.0
1983-09-21,8700,,0.0,0.0,0.0
1983-09-22,8900,,0.0,0.0,0.0
1983-09-23,9000,,0.0,0.0,0.0
1983-09-24,8900,,0.0,0.0,0.0
1983-09-25,8600,,0.0,0.0,0.0
1983-09-26,8100,,0.0,0.0,0.0
1983-09-27,8000,,0.0,0.0,0.0
1983-09-28,9600,,0.0,0.0,0.0
1983-09-29,8640,,0.0,0.0,0.0
1983-09-30,7860,,0.0,0.0,0.0
1983-10-01,7580,,0.0,0.0,0.0
1983-10-02,7170,,1.0,1.0,1.0
1983-10-03,5990,,1.0,1.0,1.0
1983-10-04,8660,,1.0,1.0,1.0
1983-10-05,7860,,0.0,0.0,0.0
1983-10-06,7980,,0.0,0.0,0.0
1983-10-07,8320,,0.0,0.0,0.0
1983-10-08,8090,,0.0,0.0,0.0
1983-10-09,7240,,0.0,0.0,0.0
1983-10-10,5990,,0.0,0.0,0.0
1983-10-11,6940,,0.0,0.0,0.0
1983-10-12,7100,,0.0,0.0,0.0
1983-10-13,6390,,0.0,0.0,0.0
1983-10-14,5370,,0.0,0.0,0.0
1983-10-15,4640,,0.0,0.0,0.0
1983-10-16,4120,,0.0,0.0,0.0
1983-10-17,4470,,0.0,0.0,0.0
1983-10-18,5500,,0.0,0.0,0.0
1983-10-19,5830,,0.0,0.0,0.0
1983-10-20,4820,,0.0,0.0,0.0
1983-10-21,6050,,2.0,2.0,2.0
1983-10-22,10500,,2.0,2.0,2.0
1983-10-23,14900,,0.0,0.0,0.0
1983-10-24,10600,,1.0,2.0,2.0
1983-10-25,10200,,1.0,2.0,2.0
1983-10-26,9060,,1.0,2.0,2.0
1983-10-27,9170,,0.0,2.0,2.0
1983-10-28,8830,,0.0,0.0,0.0
1983-10-29,8160,,1.0,1.0,0.0
1983-10-30,7740,,1.0,1.0,1.0
1983-10-31,13000,,0.0,0.0,0.0
1983-11-01,13400,,2.0,2.0,1.0
1983-11-02,13800,,2.0,2.0,1.0
1983-11-03,22700,,1.0,1.0,1.0
1983-11-04,31000,,0.0,0.0,0.0
1983-11-05,28000,,1.0,1.0,0.0
1983-11-06,23000,,1.0,1.0,0.0
1983-11-07,21000,,0.0,0.0,0.0
1983-11-08,20000,,0.0,0.0,0.0
1983-11-09,19000,,0.0,0.0,0.0
1983-11-10,20000,,3.0,2.0,2.0
1983-11-11,21800,,3.0,2.0,2.0
1983-11-12,22400,,0.0,0.0,0.0
1983-11-13,20600,,0.0,0.0,0.0
1983-11-14,19900,,3.0,2.0,2.0
1983-11-15,30900,,3.0,2.0,2.0
1983-11-16,57900,,3.0,2.0,2.0
1983-11-17,51100,,0.0,0.0,0.0
1983-11-18,37300,,0.0,0.0,0.0
1983-11-19,34000,,0.0,0.0,0.0
1983-11-20,26000,,0.0,0.0,0.0
1983-11-21,23400,,0.0,0.0,0.0
1983-11-22,21400,,0.0,0.0,0.0
1983-11-23,20000,,0.0,0.0,0.0
1983-11-24,21000,,0.0,0.0,0.0
1983-11-25,24000,,0.0,0.0,0.0
1983-11-26,21400,,0.0,0.0,0.0
1983-11-27,20700,,0.0,0.0,0.0
1983-11-28,18900,,0.0,0.0,0.0
1983-11-29,19300,,0.0,0.0,0.0
1983-11-30,17500,,0.0,0.0,0.0
1983-12-01,16700,,0.0,0.0,0.0
1983-12-02,13900,,0.0,0.0,0.0
1983-12-03,13000,,0.0,0.0,0.0
1983-12-04,12800,,0.0,0.0,0.0
1983-12-05,11200,,0.0,0.0,0.0
1983-12-06,12000,,0.0,0.0,0.0
1983-12-07,11300,,0.0,0.0,0.0
1983-12-08,11400,,0.0,0.0,0.0
1983-12-09,11000,,0.0,0.0,0.0
1983-12-10,13200,,0.0,0.0,0.0
1983-12-11,13700,,0.0,0.0,0.0
1983-12-12,12700,,0.0,0.0,0.0
1983-12-13,11500,,0.0,0.0,0.0
1983-12-14,10500,,0.0,0.0,0.0
1983-12-15,10000,,0.0,0.0,0.0
1983-12-16,12300,,0.0,0.0,0.0
1983-12-17,11600,,0.0,0.0,0.0
1983-12-18,9840,,0.0,0.0,0.0
1983-12-19,10000,,0.0,0.0,0.0
1983-12-20,10800,,0.0,0.0,0.0
1983-12-21,12200,,0.0,0.0,0.0
1983-12-22,12200,,0.0,0.0,0.0
1983-12-23,13000,,0.0,0.0,0.0
1983-12-24,13000,,0.0,0.0,0.0
1983-12-25,13000,,0.0,0.0,0.0
1983-12-26,11200,,0.0,0.0,0.0
1983-12-27,12000,,0.0,0.0,0.0
1983-12-28,11200,,0.0,0.0,0.0
1983-12-29,11400,,0.0,0.0,0.0
1983-12-30,14300,,0.0,0.0,0.0
1983-12-31,15400,,0.0,0.0,0.0
1984-01-01,14900,,2.0,1.0,1.0
1984-01-02,14400,,2.0,1.0,1.0
1984-01-03,21200,,4.0,4.0,4.0
1984-01-04,49600,,4.0,4.0,4.0
1984-01-05,81300,,4.0,4.0,4.0
1984-01-06,61000,,0.0,0.0,0.0
1984-01-07,42100,,0.0,0.0,0.0
1984-01-08,36800,,0.0,0.0,0.0
1984-01-09,31500,,0.0,0.0,0.0
1984-01-10,26300,,0.0,0.0,0.0
1984-01-11,24200,,0.0,0.0,0.0
1984-01-12,21400,,0.0,0.0,0.0
1984-01-13,20200,,0.0,0.0,0.0
1984-01-14,18500,,0.0,0.0,0.0
1984-01-15,16800,,0.0,0.0,0.0
1984-01-16,16100,,0.0,0.0,0.0
1984-01-17,15600,,0.0,0.0,0.0
1984-01-18,14100,,0.0,0.0,0.0
1984-01-19,15100,,0.0,0.0,0.0
1984-01-20,13600,,0.0,0.0,0.0
1984-01-21,13500,,0.0,0.0,0.0
1984-01-22,13600,,1.0,1.0,0.0
1984-01-23,14100,,3.0,3.0,3.0
1984-01-24,21600,,3.0,3.0,3.0
1984-01-25,45200,,3.0,3.0,3.0
1984-01-26,39100,,0.0,1.0,1.0
1984-01-27,30300,,0.0,1.0,1.0
1984-01-28,28600,,0.0,0.0,1.0
1984-01-29,28600,,0.0,0.0,0.0
1984-01-30,26400,,0.0,0.0,0.0
1984-01-31,23500,,0.0,0.0,0.0
1984-02-01,21700,,0.0,0.0,0.0
1984-02-02,19600,,0.0,0.0,0.0
1984-02-03,19000,,0.0,0.0,0.0
1984-02-04,17400,,0.0,0.0,0.0
1984-02-05,16200,,0.0,0.0,0.0
1984-02-06,15100,,0.0,0.0,0.0
1984-02-07,15300,,1.0,1.0,0.0
1984-02-08,14700,,1.0,1.0,0.0
1984-02-09,15600,,1.0,1.0,0.0
1984-02-10,17200,,1.0,1.0,0.0
1984-02-11,18800,,0.0,0.0,0.0
1984-02-12,19400,,1.0,1.0,0.0
1984-02-13,23500,,0.0,0.0,0.0
1984-02-14,22200,,0.0,0.0,0.0
1984-02-15,21400,,0.0,0.0,0.0
1984-02-16,19600,,0.0,0.0,0.0
1984-02-17,18300,,0.0,0.0,0.0
1984-02-18,18200,,0.0,0.0,0.0
1984-02-19,16200,,2.0,2.0,2.0
1984-02-20,18100,,2.0,2.0,2.0
1984-02-21,24500,,0.0,0.0,0.0
1984-02-22,22800,,0.0,0.0,0.0
1984-02-23,21500,,0.0,0.0,0.0
1984-02-24,19700,,0.0,0.0,0.0
1984-02-25,18800,,0.0,0.0,0.0
1984-02-26,18200,,0.0,0.0,0.0
1984-02-27,19100,,0.0,0.0,0.0
1984-02-28,17600,,0.0,0.0,0.0
1984-02-29,18600,,0.0,0.0,0.0
1984-03-01,17700,,0.0,0.0,0.0
1984-03-02,16500,,0.0,0.0,0.0
1984-03-03,17200,,0.0,0.0,0.0
1984-03-04,15900,,0.0,0.0,0.0
1984-03-05,15600,,0.0,0.0,0.0
1984-03-06,15100,,0.0,0.0,0.0
1984-03-07,14600,,0.0,0.0,0.0
1984-03-08,14700,,0.0,0.0,0.0
1984-03-09,16500,,0.0,0.0,0.0
1984-03-10,16900,,0.0,0.0,0.0
1984-03-11,16000,,0.0,0.0,0.0
1984-03-12,16000,,0.0,0.0,0.0
1984-03-13,19400,,0.0,0.0,0.0
1984-03-14,17600,,0.0,0.0,0.0
1984-03-15,17800,,0.0,0.0,0.0
1984-03-16,17900,,0.0,0.0,0.0
1984-03-17,17900,,0.0,0.0,0.0
1984-03-18,16100,,0.0,0.0,0.0
1984-03-19,16400,,0.0,0.0,0.0
1984-03-20,17200,,1.0,1.0,1.0
1984-03-21,24000,,1.0,1.0,1.0
1984-03-22,24200,,0.0,0.0,0.0
1984-03-23,22800,,0.0,0.0,0.0
1984-03-24,20200,,0.0,0.0,0.0
1984-03-25,16900,,0.0,0.0,0.0
1984-03-26,19400,,0.0,0.0,0.0
1984-03-27,16400,,0.0,0.0,0.0
1984-03-28,14500,,0.0,0.0,0.0
1984-03-29,16200,,0.0,0.0,0.0
1984-03-30,15400,,0.0,0.0,0.0
1984-03-31,15000,,0.0,0.0,0.0
1984-04-01,13900,,0.0,0.0,0.0
1984-04-02,12800,,0.0,0.0,0.0
1984-04-03,15300,,0.0,0.0,0.0
1984-04-04,16200,,0.0,0.0,0.0
1984-04-05,16700,,0.0,0.0,0.0
1984-04-06,16500,,0.0,0.0,0.0
1984-04-07,15300,,0.0,0.0,0.0
1984-04-08,14900,,0.0,0.0,0.0
1984-04-09,15800,,0.0,0.0,0.0
1984-04-10,16600,,0.0,0.0,0.0
1984-04-11,15200,,0.0,0.0,0.0
1984-04-12,15100,,0.0,0.0,0.0
1984-04-13,15800,,2.0,2.0,2.0
1984-04-14,11700,,2.0,2.0,2.0
1984-04-15,12000,,2.0,2.0,2.0
1984-04-16,13500,,0.0,0.0,0.0
1984-04-17,12900,,0.0,0.0,0.0
1984-04-18,11900,,0.0,0.0,0.0
1984-04-19,11500,,0.0,0.0,0.0
1984-04-20,10800,,0.0,0.0,0.0
1984-04-21,10200,,0.0,0.0,0.0
1984-04-22,10200,,0.0,0.0,0.0
1984-04-23,10900,,0.0,0.0,0.0
1984-04-24,10800,,0.0,0.0,0.0
1984-04-25,9950,,0.0,0.0,0.0
1984-04-26,9630,,0.0,0.0,0.0
1984-04-27,8970,,0.0,0.0,0.0
1984-04-28,9700,,0.0,0.0,0.0
1984-04-29,10300,,0.0,0.0,0.0
1984-04-30,10700,,0.0,0.0,0.0
1984-05-01,11700,,0.0,0.0,0.0
1984-05-02,15100,,0.0,0.0,0.0
1984-05-03,15900,,0.0,0.0,0.0
1984-05-04,13800,,0.0,0.0,0.0
1984-05-05,11800,,0.0,0.0,0.0
1984-05-06,10700,,0.0,0.0,0.0
1984-05-07,10400,,1.0,1.0,0.0
1984-05-08,10800,,1.0,1.0,0.0
1984-05-09,14800,,0.0,0.0,0.0
1984-05-10,14400,,0.0,0.0,0.0
1984-05-11,13500,,0.0,0.0,0.0
1984-05-12,18700,,0.0,0.0,0.0
1984-05-13,17200,,0.0,0.0,0.0
1984-05-14,19300,,0.0,0.0,0.0
1984-05-15,19900,,0.0,0.0,0.0
1984-05-16,18000,,0.0,0.0,0.0
1984-05-17,16800,,0.0,0.0,0.0
1984-05-18,15400,,2.0,2.0,0.0
1984-05-19,16100,,2.0,2.0,1.0
1984-05-20,25300,,0.0,0.0,0.0
1984-05-21,23200,,0.0,0.0,0.0
1984-05-22,20000,,0.0,0.0,0.0
1984-05-23,22300,,0.0,0.0,0.0
1984-05-24,22300,,0.0,0.0,0.0
1984-05-25,19800,,0.0,0.0,0.0
1984-05-26,20500,,0.0,0.0,0.0
1984-05-27,21800,,0.0,0.0,0.0
1984-05-28,19700,,0.0,0.0,0.0
1984-05-29,19700,,0.0,0.0,0.0
1984-05-30,26100,,0.0,0.0,0.0
1984-05-31,26300,,0.0,0.0,0.0
1984-06-01,22000,,0.0,0.0,0.0
1984-06-02,18900,,0.0,0.0,0.0
1984-06-03,17800,,0.0,0.0,0.0
1984-06-04,16700,,0.0,0.0,0.0
1984-06-05,17000,,0.0,0.0,0.0
1984-06-06,17200,,0.0,0.0,0.0
1984-06-07,16400,,0.0,0.0,0.0
1984-06-08,19700,,0.0,0.0,0.0
1984-06-09,18500,,0.0,0.0,0.0
1984-06-10,16300,,0.0,0.0,0.0
1984-06-11,15600,,0.0,0.0,0.0
1984-06-12,15600,,0.0,0.0,0.0
1984-06-13,21000,,0.0,0.0,0.0
1984-06-14,22500,,0.0,0.0,0.0
1984-06-15,26700,,0.0,0.0,0.0
1984-06-16,25300,,0.0,0.0,0.0
1984-06-17,23500,,0.0,0.0,0.0
1984-06-18,18000,,0.0,0.0,0.0
1984-06-19,18000,,0.0,0.0,0.0
1984-06-20,19000,,0.0,0.0,0.0
1984-06-21,20500,,0.0,0.0,0.0
1984-06-22,25000,,0.0,0.0,0.0
1984-06-23,22500,,0.0,0.0,0.0
1984-06-24,26800,,0.0,0.0,0.0
1984-06-25,28400,,1.0,0.0,0.0
1984-06-26,28700,,1.0,1.0,1.0
1984-06-27,30900,,2.0,2.0,2.0
1984-06-28,29200,,2.0,2.0,2.0
1984-06-29,31000,,2.0,2.0,2.0
1984-06-30,32600,,2.0,2.0,2.0
1984-07-01,28200,,2.0,2.0,2.0
1984-07-02,27100,,0.0,0.0,0.0
1984-07-03,25300,,1.0,1.0,1.0
1984-07-04,24000,,1.0,1.0,1.0
1984-07-05,24700,,1.0,1.0,1.0
1984-07-06,25400,,0.0,0.0,0.0
1984-07-07,22900,,0.0,0.0,0.0
1984-07-08,22700,,0.0,0.0,0.0
1984-07-09,22500,,0.0,0.0,0.0
1984-07-10,21400,,0.0,0.0,0.0
1984-07-11,20000,,0.0,0.0,0.0
1984-07-12,21500,,0.0,0.0,0.0
1984-07-13,20900,,0.0,0.0,0.0
1984-07-14,21900,,0.0,0.0,0.0
1984-07-15,22500,,0.0,0.0,0.0
1984-07-16,24100,,0.0,0.0,0.0
1984-07-17,26000,,0.0,0.0,0.0
1984-07-18,25900,,0.0,0.0,0.0
1984-07-19,25400,,0.0,0.0,0.0
1984-07-20,23000,,0.0,0.0,0.0
1984-07-21,19100,,0.0,0.0,0.0
1984-07-22,16300,,0.0,0.0,0.0
1984-07-23,17400,,0.0,0.0,0.0
1984-07-24,19300,,0.0,0.0,0.0
1984-07-25,21700,,1.0,1.0,0.0
1984-07-26,24800,,1.0,1.0,0.0
1984-07-27,22800,,0.0,0.0,0.0
1984-07-28,19400,,0.0,0.0,0.0
1984-07-29,17700,,0.0,0.0,0.0
1984-07-30,16500,,0.0,0.0,0.0
1984-07-31,15800,,0.0,0.0,0.0
1984-08-01,18500,,0.0,0.0,0.0
1984-08-02,19600,,0.0,0.0,0.0
1984-08-03,19500,,0.0,0.0,0.0
1984-08-04,19000,,0.0,0.0,0.0
1984-08-05,19400,,0.0,0.0,0.0
1984-08-06,18900,,0.0,0.0,0.0
1984-08-07,15900,,0.0,0.0,0.0
1984-08-08,14500,,0.0,0.0,0.0
1984-08-09,14300,,0.0,0.0,0.0
1984-08-10,15000,,0.0,0.0,0.0
1984-08-11,14700,,0.0,0.0,0.0
1984-08-12,14100,,0.0,0.0,0.0
1984-08-13,14500,,0.0,0.0,0.0
1984-08-14,13600,,0.0,0.0,0.0
1984-08-15,12200,,1.0,1.0,0.0
1984-08-16,11500,,1.0,1.0,0.0
1984-08-17,10300,,1.0,1.0,0.0
1984-08-18,10900,,0.0,0.0,0.0
1984-08-19,10100,,0.0,0.0,0.0
1984-08-20,9590,,0.0,0.0,0.0
1984-08-21,9270,,0.0,0.0,0.0
1984-08-22,9240,,0.0,0.0,0.0
1984-08-23,9140,,0.0,0.0,0.0
1984-08-24,8960,,0.0,0.0,0.0
1984-08-25,8540,,0.0,0.0,0.0
1984-08-26,7600,,0.0,1.0,1.0
1984-08-27,8740,,1.0,1.0,1.0
1984-08-28,16100,,0.0,0.0,0.0
1984-08-29,12400,,0.0,0.0,0.0
1984-08-30,10200,,0.0,0.0,0.0
1984-08-31,9140,,0.0,0.0,0.0
1984-09-01,8590,,0.0,0.0,0.0
1984-09-02,9960,,0.0,0.0,0.0
1984-09-03,7400,,0.0,0.0,0.0
1984-09-04,7080,,1.0,1.0,1.0
1984-09-05,9340,,1.0,1.0,1.0
1984-09-06,15100,,0.0,0.0,0.0
1984-09-07,14300,,1.0,0.0,0.0
1984-09-08,12900,,1.0,0.0,0.0
1984-09-09,14700,,0.0,0.0,0.0
1984-09-10,13000,,0.0,0.0,0.0
1984-09-11,12600,,0.0,0.0,0.0
1984-09-12,12700,,0.0,0.0,0.0
1984-09-13,11400,,0.0,0.0,0.0
1984-09-14,10300,,0.0,0.0,0.0
1984-09-15,9120,,0.0,2.0,3.0
1984-09-16,8070,,0.0,2.0,3.0
1984-09-17,7070,,1.0,2.0,3.0
1984-09-18,7980,,1.0,2.0,3.0
1984-09-19,8750,,0.0,0.0,0.0
1984-09-20,8770,,0.0,0.0,0.0
1984-09-21,8990,,0.0,0.0,0.0
1984-09-22,10400,,0.0,0.0,0.0
1984-09-23,9760,,0.0,0.0,0.0
1984-09-24,8940,,0.0,0.0,0.0
1984-09-25,9170,,0.0,0.0,0.0
1984-09-26,7400,,0.0,0.0,0.0
1984-09-27,8750,,0.0,0.0,0.0
1984-09-28,7850,,0.0,0.0,0.0
1984-09-29,6920,,0.0,0.0,0.0
1984-09-30,5600,,0.0,0.0,0.0
1984-10-01,5390,,0.0,0.0,0.0
1984-10-02,6640,,0.0,0.0,0.0
1984-10-03,7160,,1.0,1.0,1.0
1984-10-04,6790,,1.0,1.0,1.0
1984-10-05,7010,,0.0,0.0,0.0
1984-10-06,6550,,5.0,5.0,5.0
1984-10-07,6750,,5.0,5.0,5.0
1984-10-08,7500,,5.0,5.0,5.0
1984-10-09,10300,,5.0,5.0,5.0
1984-10-10,13300,,3.0,3.0,2.0
1984-10-11,17200,,0.0,0.0,0.0
1984-10-12,17200,,1.0,1.0,0.0
1984-10-13,18300,,1.0,1.0,0.0
1984-10-14,17400,,0.0,0.0,0.0
1984-10-15,14900,,0.0,0.0,0.0
1984-10-16,14500,,0.0,0.0,0.0
1984-10-17,13800,,0.0,0.0,0.0
1984-10-18,12900,,0.0,0.0,0.0
1984-10-19,12200,,0.0,0.0,0.0
1984-10-20,12000,,0.0,0.0,0.0
1984-10-21,11000,,0.0,0.0,0.0
1984-10-22,10100,,0.0,0.0,0.0
1984-10-23,10900,,0.0,0.0,0.0
1984-10-24,11400,,0.0,2.0,2.0
1984-10-25,13600,,1.0,2.0,2.0
1984-10-26,19400,,0.0,0.0,0.0
1984-10-27,15800,,0.0,0.0,0.0
1984-10-28,14600,,0.0,0.0,0.0
1984-10-29,13200,,0.0,0.0,0.0
1984-10-30,13600,,0.0,0.0,0.0
1984-10-31,14000,,0.0,0.0,0.0
1984-11-01,12500,,2.0,1.0,1.0
1984-11-02,16800,,2.0,2.0,2.0
1984-11-03,27400,,2.0,2.0,2.0
1984-11-04,24200,,0.0,0.0,0.0
1984-11-05,20900,,0.0,0.0,0.0
1984-11-06,19000,,0.0,0.0,0.0
1984-11-07,23500,,0.0,0.0,0.0
1984-11-08,23100,,0.0,0.0,0.0
1984-11-09,19200,,0.0,0.0,0.0
1984-11-10,16200,,0.0,0.0,0.0
1984-11-11,18100,,0.0,0.0,0.0
1984-11-12,18900,,0.0,0.0,0.0
1984-11-13,18500,,0.0,0.0,0.0
1984-11-14,20700,,0.0,0.0,0.0
1984-11-15,19800,,0.0,0.0,0.0
1984-11-16,17100,,0.0,0.0,0.0
1984-11-17,14300,,1.0,1.0,0.0
1984-11-18,12200,,1.0,1.0,0.0
1984-11-19,15200,,0.0,0.0,0.0
1984-11-20,15500,,0.0,0.0,0.0
1984-11-21,14200,,0.0,0.0,0.0
1984-11-22,13300,,2.0,2.0,3.0
1984-11-23,14000,,2.0,2.0,3.0
1984-11-24,16800,,0.0,0.0,0.0
1984-11-25,15600,,0.0,0.0,0.0
1984-11-26,14200,,0.0,0.0,0.0
1984-11-27,13800,,1.0,1.0,0.0
1984-11-28,14800,,0.0,0.0,0.0
1984-11-29,17200,,0.0,0.0,0.0
1984-11-30,16100,,0.0,0.0,0.0
1984-12-01,15200,,0.0,0.0,0.0
1984-12-02,14200,,0.0,0.0,0.0
1984-12-03,14000,,0.0,0.0,0.0
1984-12-04,12800,,0.0,0.0,0.0
1984-12-05,11700,,0.0,0.0,0.0
1984-12-06,11200,,0.0,0.0,0.0
1984-12-07,11000,,2.0,2.0,2.0
1984-12-08,22700,,2.0,2.0,2.0
1984-12-09,21400,,0.0,0.0,0.0
1984-12-10,17600,,0.0,0.0,0.0
1984-12-11,15300,,0.0,0.0,0.0
1984-12-12,15600,,0.0,0.0,0.0
1984-12-13,14600,,0.0,0.0,0.0
1984-12-14,14700,,1.0,1.0,1.0
1984-12-15,19900,,0.0,0.0,0.0
1984-12-16,15600,,0.0,0.0,0.0
1984-12-17,14000,,0.0,0.0,0.0
1984-12-18,14600,,0.0,0.0,0.0
1984-12-19,13200,,0.0,0.0,0.0
1984-12-20,12600,,0.0,0.0,0.0
1984-12-21,12400,,0.0,0.0,0.0
1984-12-22,12100,,0.0,0.0,0.0
1984-12-23,12700,,0.0,0.0,0.0
1984-12-24,11700,,0.0,0.0,0.0
1984-12-25,9710,,0.0,0.0,0.0
1984-12-26,9240,,0.0,0.0,0.0
1984-12-27,10400,,0.0,0.0,0.0
1984-12-28,11100,,0.0,0.0,0.0
1984-12-29,9390,,0.0,0.0,0.0
1984-12-30,9940,,0.0,0.0,0.0
1984-12-31,10400,,0.0,0.0,0.0
1985-01-01,9420,,0.0,0.0,0.0
1985-01-02,9720,,0.0,0.0,0.0
1985-01-03,11800,,0.0,0.0,0.0
1985-01-04,11500,,0.0,0.0,0.0
1985-01-05,11600,,0.0,0.0,0.0
1985-01-06,9220,,0.0,0.0,0.0
1985-01-07,8850,,0.0,0.0,0.0
1985-01-08,11300,,0.0,0.0,0.0
1985-01-09,10600,,0.0,0.0,0.0
1985-01-10,11600,,0.0,0.0,0.0
1985-01-11,11700,,0.0,0.0,0.0
1985-01-12,11900,,0.0,0.0,0.0
1985-01-13,10500,,0.0,0.0,0.0
1985-01-14,10800,,0.0,0.0,0.0
1985-01-15,11500,,0.0,0.0,0.0
1985-01-16,12100,,0.0,0.0,0.0
1985-01-17,12600,,0.0,0.0,0.0
1985-01-18,13300,,0.0,0.0,0.0
1985-01-19,14900,,0.0,0.0,0.0
1985-01-20,13700,,0.0,0.0,0.0
1985-01-21,14500,,0.0,0.0,0.0
1985-01-22,15900,,0.0,0.0,0.0
1985-01-23,15900,,0.0,0.0,0.0
1985-01-24,16800,,0.0,0.0,0.0
1985-01-25,16000,,0.0,0.0,0.0
1985-01-26,14200,,0.0,0.0,0.0
1985-01-27,13600,,0.0,0.0,0.0
1985-01-28,13200,,0.0,0.0,0.0
1985-01-29,11600,,0.0,0.0,0.0
1985-01-30,10200,,0.0,0.0,0.0
1985-01-31,9540,,0.0,0.0,0.0
1985-02-01,9370,,0.0,0.0,0.0
1985-02-02,10600,,0.0,0.0,0.0
1985-02-03,9050,,0.0,0.0,0.0
1985-02-04,9860,,0.0,0.0,0.0
1985-02-05,10800,,0.0,0.0,0.0
1985-02-06,10800,,0.0,0.0,0.0
1985-02-07,10600,,0.0,0.0,0.0
1985-02-08,9590,,0.0,0.0,0.0
1985-02-09,8580,,0.0,0.0,0.0
1985-02-10,7860,,0.0,0.0,0.0
1985-02-11,9570,,1.0,1.0,1.0
1985-02-12,11800,,0.0,0.0,0.0
1985-02-13,10900,,0.0,0.0,0.0
1985-02-14,9520,,1.0,1.0,1.0
1985-02-15,10900,,0.0,0.0,0.0
1985-02-16,9140,,0.0,0.0,0.0
1985-02-17,7890,,0.0,0.0,0.0
1985-02-18,8860,,0.0,0.0,0.0
1985-02-19,9350,,0.0,0.0,0.0
1985-02-20,10100,,0.0,0.0,0.0
1985-02-21,9020,,0.0,0.0,0.0
1985-02-22,11300,,0.0,0.0,0.0
1985-02-23,11500,,0.0,0.0,0.0
1985-02-24,13100,,0.0,0.0,0.0
1985-02-25,15200,,0.0,0.0,0.0
1985-02-26,14300,,0.0,0.0,0.0
1985-02-27,13000,,0.0,0.0,0.0
1985-02-28,13000,,0.0,0.0,0.0
1985-03-01,12700,,0.0,0.0,0.0
1985-03-02,11300,,0.0,0.0,0.0
1985-03-03,11700,,0.0,0.0,0.0
1985-03-04,10400,,0.0,0.0,0.0
1985-03-05,12300,,0.0,0.0,0.0
1985-03-06,12100,,0.0,0.0,0.0
1985-03-07,11500,,0.0,0.0,0.0
1985-03-08,11200,,0.0,0.0,0.0
1985-03-09,10000,,0.0,0.0,0.0
1985-03-10,9750,,0.0,0.0,0.0
1985-03-11,8510,,0.0,0.0,0.0
1985-03-12,8930,,0.0,0.0,0.0
1985-03-13,8350,,0.0,0.0,0.0
1985-03-14,7820,,0.0,0.0,0.0
1985-03-15,7060,,0.0,0.0,0.0
1985-03-16,7900,,0.0,0.0,0.0
1985-03-17,8840,,0.0,0.0,0.0
1985-03-18,8030,,0.0,0.0,0.0
1985-03-19,7640,,0.0,0.0,0.0
1985-03-20,8290,,0.0,0.0,0.0
1985-03-21,9460,,0.0,0.0,0.0
1985-03-22,10200,,0.0,0.0,0.0
1985-03-23,9910,,1.0,1.0,0.0
1985-03-24,10700,,0.0,0.0,0.0
1985-03-25,10600,,0.0,0.0,0.0
1985-03-26,10800,,0.0,0.0,0.0
1985-03-27,11700,,0.0,0.0,0.0
1985-03-28,11300,,0.0,0.0,0.0
1985-03-29,10100,,0.0,0.0,0.0
1985-03-30,10700,,0.0,0.0,0.0
1985-03-31,12600,,0.0,0.0,0.0
1985-04-01,12000,,0.0,0.0,0.0
1985-04-02,12100,,0.0,0.0,0.0
1985-04-03,15000,,0.0,0.0,0.0
1985-04-04,16300,,0.0,0.0,0.0
1985-04-05,15400,,0.0,0.0,0.0
1985-04-06,14100,,0.0,0.0,0.0
1985-04-07,13400,,0.0,0.0,0.0
1985-04-08,12900,,0.0,0.0,0.0
1985-04-09,14400,,0.0,0.0,0.0
1985-04-10,16200,,0.0,0.0,0.0
1985-04-11,18000,,0.0,0.0,0.0
1985-04-12,23200,,0.0,0.0,0.0
1985-04-13,23600,,0.0,0.0,0.0
1985-04-14,22100,,0.0,0.0,0.0
1985-04-15,20600,,0.0,0.0,0.0
1985-04-16,19800,,0.0,0.0,0.0
1985-04-17,19100,,0.0,0.0,0.0
1985-04-18,18000,,0.0,0.0,0.0
1985-04-19,14900,,0.0,0.0,0.0
1985-04-20,12800,,0.0,0.0,0.0
1985-04-21,11200,,0.0,0.0,0.0
1985-04-22,11100,,0.0,0.0,0.0
1985-04-23,11500,,0.0,0.0,0.0
1985-04-24,11600,,0.0,0.0,0.0
1985-04-25,12600,,0.0,0.0,0.0
1985-04-26,11300,,2.0,2.0,2.0
1985-04-27,18100,,2.0,2.0,2.0
1985-04-28,23700,,0.0,0.0,0.0
1985-04-29,16900,,0.0,0.0,0.0
1985-04-30,14200,,0.0,0.0,0.0
1985-05-01,12500,,0.0,0.0,0.0
1985-05-02,13800,,0.0,0.0,0.0
1985-05-03,16900,,0.0,0.0,0.0
1985-05-04,19800,,0.0,0.0,0.0
1985-05-05,17000,,0.0,0.0,0.0
1985-05-06,15600,,0.0,0.0,0.0
1985-05-07,13800,,0.0,0.0,0.0
1985-05-08,13900,,0.0,0.0,0.0
1985-05-09,13400,,0.0,0.0,0.0
1985-05-10,13800,,0.0,0.0,0.0
1985-05-11,14100,,0.0,0.0,0.0
1985-05-12,12900,,0.0,0.0,0.0
1985-05-13,11800,,0.0,0.0,0.0
1985-05-14,13000,,0.0,0.0,0.0
1985-05-15,13000,,0.0,0.0,0.0
1985-05-16,13600,,0.0,0.0,0.0
1985-05-17,20800,,0.0,0.0,0.0
1985-05-18,25800,,0.0,0.0,0.0
1985-05-19,27000,,0.0,0.0,0.0
1985-05-20,26200,,0.0,0.0,0.0
1985-05-21,24000,,0.0,0.0,0.0
1985-05-22,25200,,0.0,0.0,0.0
1985-05-23,28500,,0.0,0.0,0.0
1985-05-24,32200,,0.0,0.0,0.0
1985-05-25,31500,,0.0,0.0,0.0
1985-05-26,27700,,0.0,0.0,0.0
1985-05-27,24700,,0.0,0.0,0.0
1985-05-28,23600,,0.0,0.0,0.0
1985-05-29,21400,,0.0,0.0,0.0
1985-05-30,21400,,0.0,0.0,0.0
1985-05-31,20800,,0.0,0.0,0.0
1985-06-01,21500,,0.0,0.0,0.0
1985-06-02,21500,,0.0,0.0,0.0
1985-06-03,20500,,0.0,0.0,0.0
1985-06-04,24300,,0.0,0.0,0.0
1985-06-05,26200,,0.0,0.0,0.0
1985-06-06,23200,,0.0,0.0,0.0
1985-06-07,27900,,0.0,0.0,0.0
1985-06-08,41500,,0.0,0.0,0.0
1985-06-09,29900,,0.0,0.0,0.0
1985-06-10,23200,,0.0,0.0,0.0
1985-06-11,21500,,0.0,0.0,0.0
1985-06-12,21600,,0.0,0.0,0.0
1985-06-13,23500,,0.0,0.0,0.0
1985-06-14,21900,,0.0,0.0,0.0
1985-06-15,25800,,0.0,0.0,0.0
1985-06-16,25400,,0.0,0.0,0.0
1985-06-17,22800,,0.0,0.0,0.0
1985-06-18,24500,,0.0,0.0,0.0
1985-06-19,27300,,0.0,0.0,0.0
1985-06-20,28100,,0.0,0.0,0.0
1985-06-21,25200,,0.0,0.0,0.0
1985-06-22,24300,,0.0,0.0,0.0
1985-06-23,22200,,0.0,0.0,0.0
1985-06-24,21200,,0.0,0.0,0.0
1985-06-25,18100,,0.0,0.0,0.0
1985-06-26,19300,,0.0,0.0,0.0
1985-06-27,18500,,0.0,0.0,0.0
1985-06-28,19000,,0.0,0.0,0.0
1985-06-29,17700,,0.0,0.0,0.0
1985-06-30,15600,,0.0,0.0,0.0
1985-07-01,16600,,0.0,0.0,0.0
1985-07-02,18500,,0.0,0.0,0.0
1985-07-03,21300,,0.0,0.0,0.0
1985-07-04,22300,,0.0,0.0,0.0
1985-07-05,21800,,0.0,0.0,0.0
1985-07-06,21900,,0.0,0.0,0.0
1985-07-07,20500,,0.0,0.0,0.0
1985-07-08,20600,,0.0,0.0,0.0
1985-07-09,21900,,0.0,0.0,0.0
1985-07-10,22100,,0.0,0.0,0.0
1985-07-11,20000,,0.0,0.0,0.0
1985-07-12,20500,,0.0,0.0,0.0
1985-07-13,19700,,0.0,0.0,0.0
1985-07-14,17100,,0.0,0.0,0.0
1985-07-15,15900,,0.0,0.0,0.0
1985-07-16,16600,,0.0,0.0,0.0
1985-07-17,15300,,0.0,0.0,0.0
1985-07-18,15700,,0.0,0.0,0.0
1985-07-19,18100,,0.0,0.0,0.0
1985-07-20,16700,,0.0,0.0,0.0
1985-07-21,14500,,0.0,0.0,0.0
1985-07-22,14200,,0.0,0.0,0.0
1985-07-23,13200,,0.0,0.0,0.0
1985-07-24,12400,,0.0,0.0,0.0
1985-07-25,12600,,0.0,0.0,0.0
1985-07-26,11900,,0.0,0.0,0.0
1985-07-27,11500,,0.0,0.0,0.0
1985-07-28,10500,,0.0,0.0,0.0
1985-07-29,9830,,0.0,0.0,0.0
1985-07-30,11500,,0.0,0.0,0.0
1985-07-31,12400,,0.0,0.0,0.0
1985-08-01,12900,,0.0,0.0,0.0
1985-08-02,13100,,0.0,0.0,0.0
1985-08-03,11700,,0.0,0.0,0.0
1985-08-04,10800,,0.0,0.0,0.0
1985-08-05,9810,,0.0,0.0,0.0
1985-08-06,9900,,0.0,0.0,0.0
1985-08-07,10600,,0.0,0.0,0.0
1985-08-08,10300,,0.0,0.0,0.0
1985-08-09,9960,,0.0,0.0,0.0
1985-08-10,10000,,0.0,0.0,0.0
1985-08-11,10600,,0.0,0.0,0.0
1985-08-12,8920,,0.0,0.0,0.0
1985-08-13,9080,,0.0,0.0,0.0
1985-08-14,8060,,0.0,0.0,0.0
1985-08-15,8870,,0.0,0.0,0.0
1985-08-16,9580,,0.0,0.0,0.0
1985-08-17,8970,,0.0,0.0,0.0
1985-08-18,8280,,0.0,0.0,0.0
1985-08-19,7580,,0.0,0.0,0.0
1985-08-20,8340,,0.0,0.0,0.0
1985-08-21,7220,,0.0,0.0,0.0
1985-08-22,7460,,0.0,0.0,0.0
1985-08-23,7370,,0.0,0.0,0.0
1985-08-24,7040,,0.0,0.0,0.0
1985-08-25,6580,,0.0,0.0,0.0
1985-08-26,6530,,0.0,0.0,0.0
1985-08-27,7100,,0.0,0.0,0.0
1985-08-28,7550,,0.0,0.0,0.0
1985-08-29,7810,,0.0,0.0,0.0
1985-08-30,8090,,0.0,0.0,0.0
1985-08-31,8140,,0.0,0.0,0.0
1985-09-01,7390,,0.0,0.0,0.0
1985-09-02,6600,,0.0,0.0,0.0
1985-09-03,6570,,0.0,0.0,0.0
1985-09-04,6440,,2.0,2.0,2.0
1985-09-05,5860,,2.0,2.0,2.0
1985-09-06,16400,,2.0,2.0,2.0
1985-09-07,19000,,0.0,0.0,0.0
1985-09-08,12200,,0.0,0.0,0.0
1985-09-09,10300,,0.0,0.0,0.0
1985-09-10,9610,,0.0,0.0,0.0
1985-09-11,9500,,0.0,0.0,0.0
1985-09-12,8850,,1.0,0.0,0.0
1985-09-13,8210,,1.0,0.0,0.0
1985-09-14,7800,,0.0,0.0,0.0
1985-09-15,6950,,0.0,0.0,0.0
1985-09-16,6200,,0.0,0.0,0.0
1985-09-17,9450,,0.0,0.0,0.0
1985-09-18,11400,,0.0,0.0,0.0
1985-09-19,8130,,0.0,0.0,0.0
1985-09-20,8320,,0.0,0.0,0.0
1985-09-21,7180,,0.0,0.0,0.0
1985-09-22,6400,,0.0,0.0,0.0
1985-09-23,5600,,0.0,0.0,0.0
1985-09-24,6400,,0.0,0.0,0.0
1985-09-25,5900,,0.0,0.0,0.0
1985-09-26,5410,,0.0,0.0,0.0
1985-09-27,6150,,0.0,0.0,0.0
1985-09-28,5210,,0.0,0.0,0.0
1985-09-29,5010,,0.0,0.0,0.0
1985-09-30,5360,,0.0,0.0,0.0
1985-10-01,5760,,1.0,1.0,1.0
1985-10-02,6060,,1.0,1.0,1.0
1985-10-03,5850,,1.0,1.0,1.0
1985-10-04,6280,,0.0,0.0,0.0
1985-10-05,5610,,0.0,0.0,0.0
1985-10-06,5860,,0.0,0.0,0.0
1985-10-07,5970,,0.0,0.0,0.0
1985-10-08,5780,,0.0,0.0,0.0
1985-10-09,5570,,0.0,0.0,0.0
1985-10-10,5440,,1.0,1.0,1.0
1985-10-11,6020,,1.0,1.0,1.0
1985-10-12,10500,,0.0,0.0,0.0
1985-10-13,8310,,0.0,0.0,0.0
1985-10-14,9670,,1.0,2.0,2.0
1985-10-15,18700,,1.0,2.0,2.0
1985-10-16,20900,,1.0,1.0,1.0
1985-10-17,17200,,0.0,0.0,0.0
1985-10-18,14600,,2.0,2.0,2.0
1985-10-19,13600,,2.0,2.0,2.0
1985-10-20,17300,,1.0,1.0,0.0
1985-10-21,17400,,1.0,1.0,0.0
1985-10-22,16100,,0.0,0.0,0.0
1985-10-23,18400,,0.0,0.0,0.0
1985-10-24,19000,,1.0,0.0,0.0
1985-10-25,40000,,1.0,0.0,0.0
1985-10-26,32400,,2.0,2.0,2.0
1985-10-27,51700,,2.0,2.0,2.0
1985-10-28,58200,,0.0,0.0,0.0
1985-10-29,33800,,0.0,0.0,0.0
1985-10-30,26100,,0.0,0.0,0.0
1985-10-31,23300,,3.0,2.0,2.0
1985-11-01,26500,,3.0,2.0,2.0
1985-11-02,50900,,3.0,2.0,2.0
1985-11-03,56200,,3.0,0.0,0.0
1985-11-04,49500,,0.0,0.0,0.0
1985-11-05,35000,,1.0,0.0,0.0
1985-11-06,33100,,1.0,0.0,0.0
1985-11-07,31300,,0.0,0.0,0.0
1985-11-08,29000,,0.0,0.0,0.0
1985-11-09,25500,,0.0,0.0,0.0
1985-11-10,23500,,0.0,0.0,0.0
1985-11-11,20600,,0.0,0.0,0.0
1985-11-12,19600,,0.0,0.0,0.0
1985-11-13,18800,,0.0,0.0,0.0
1985-11-14,17400,,0.0,0.0,0.0
1985-11-15,16600,,0.0,0.0,0.0
1985-11-16,19100,,0.0,0.0,0.0
1985-11-17,17500,,0.0,0.0,0.0
1985-11-18,16500,,0.0,0.0,0.0
1985-11-19,14900,,0.0,0.0,0.0
1985-11-20,14100,,0.0,0.0,0.0
1985-11-21,14800,,0.0,0.0,0.0
1985-11-22,14600,,0.0,0.0,0.0
1985-11-23,14500,,0.0,0.0,0.0
1985-11-24,14300,,0.0,0.0,0.0
1985-11-25,13800,,0.0,0.0,0.0
1985-11-26,13800,,0.0,0.0,0.0
1985-11-27,13800,,0.0,0.0,0.0
1985-11-28,11900,,0.0,0.0,0.0
1985-11-29,11900,,0.0,0.0,0.0
1985-11-30,10600,,0.0,0.0,0.0
1985-12-01,10200,,0.0,0.0,0.0
1985-12-02,8600,,0.0,0.0,0.0
1985-12-03,9700,,0.0,0.0,0.0
1985-12-04,9340,,1.0,1.0,1.0
1985-12-05,8630,,1.0,1.0,1.0
1985-12-06,9740,,0.0,0.0,0.0
1985-12-07,9890,,0.0,0.0,0.0
1985-12-08,9020,,0.0,0.0,0.0
1985-12-09,10600,,0.0,0.0,0.0
1985-12-10,10500,,0.0,0.0,0.0
1985-12-11,8570,,0.0,0.0,0.0
1985-12-12,7830,,0.0,0.0,0.0
1985-12-13,7140,,0.0,0.0,0.0
1985-12-14,7240,,0.0,0.0,0.0
1985-12-15,7500,,0.0,0.0,0.0
1985-12-16,6950,,0.0,0.0,0.0
1985-12-17,7750,,0.0,0.0,0.0
1985-12-18,7750,,0.0,0.0,0.0
1985-12-19,7730,,0.0,0.0,0.0
1985-12-20,7960,,0.0,0.0,0.0
1985-12-21,8460,,0.0,0.0,0.0
1985-12-22,8980,,0.0,0.0,0.0
1985-12-23,8170,,0.0,0.0,0.0
1985-12-24,9390,,0.0,0.0,0.0
1985-12-25,8310,,0.0,0.0,0.0
1985-12-26,9170,,0.0,0.0,0.0
1985-12-27,9610,,0.0,0.0,0.0
1985-12-28,9300,,0.0,0.0,0.0
1985-12-29,8760,,0.0,0.0,0.0
1985-12-30,7180,,0.0,0.0,0.0
1985-12-31,7630,,0.0,0.0,0.0
1986-01-01,8290,,0.0,0.0,0.0
1986-01-02,9360,,0.0,0.0,0.0
1986-01-03,11600,,0.0,0.0,0.0
1986-01-04,10600,,0.0,0.0,0.0
1986-01-05,9610,,0.0,0.0,0.0
1986-01-06,13800,,0.0,0.0,0.0
1986-01-07,12700,,3.0,3.0,3.0
1986-01-08,12900,,3.0,3.0,3.0
1986-01-09,12800,,2.0,2.0,2.0
1986-01-10,12200,,2.0,2.0,2.0
1986-01-11,16100,,2.0,2.0,2.0
1986-01-12,15600,,0.0,0.0,0.0
1986-01-13,13700,,1.0,1.0,0.0
1986-01-14,13600,,1.0,1.0,0.0
1986-01-15,13300,,0.0,0.0,0.0
1986-01-16,13100,,0.0,0.0,0.0
1986-01-17,16500,,0.0,0.0,0.0
1986-01-18,25100,,4.0,4.0,3.0
1986-01-19,63400,,4.0,4.0,3.0
1986-01-20,49400,,0.0,0.0,0.0
1986-01-21,30200,,0.0,0.0,0.0
1986-01-22,25700,,0.0,0.0,0.0
1986-01-23,24900,,0.0,0.0,0.0
1986-01-24,24000,,0.0,0.0,0.0
1986-01-25,21500,,0.0,0.0,0.0
1986-01-26,20000,,0.0,0.0,0.0
1986-01-27,20200,,1.0,1.0,0.0
1986-01-28,21600,,0.0,0.0,0.0
1986-01-29,19900,,0.0,0.0,0.0
1986-01-30,18200,,0.0,0.0,0.0
1986-01-31,18200,,0.0,0.0,0.0
1986-02-01,19700,,0.0,0.0,0.0
1986-02-02,21100,,0.0,0.0,0.0
1986-02-03,18700,,0.0,0.0,0.0
1986-02-04,16200,,0.0,0.0,0.0
1986-02-05,17200,,0.0,0.0,0.0
1986-02-06,16300,,0.0,0.0,0.0
1986-02-07,14700,,0.0,0.0,0.0
1986-02-08,14700,,0.0,0.0,0.0
1986-02-09,14400,,0.0,0.0,0.0
1986-02-10,13500,,0.0,0.0,0.0
1986-02-11,14900,,0.0,0.0,0.0
1986-02-12,15000,,0.0,0.0,0.0
1986-02-13,14800,,0.0,0.0,0.0
1986-02-14,14500,,0.0,0.0,0.0
1986-02-15,14200,,0.0,0.0,0.0
1986-02-16,18000,,0.0,0.0,0.0
1986-02-17,15400,,0.0,0.0,0.0
1986-02-18,15600,,0.0,0.0,0.0
1986-02-19,14500,,0.0,0.0,0.0
1986-02-20,14100,,0.0,0.0,0.0
1986-02-21,13800,,0.0,0.0,0.0
1986-02-22,12900,,0.0,0.0,0.0
1986-02-23,15800,,4.0,4.0,4.0
1986-02-24,43600,,4.0,4.0,4.0
1986-02-25,60900,,4.0,4.0,4.0
1986-02-26,55100,,0.0,0.0,0.0
1986-02-27,36300,,0.0,0.0,0.0
1986-02-28,28300,,0.0,0.0,0.0
1986-03-01,25700,,0.0,0.0,0.0
1986-03-02,22900,,0.0,0.0,0.0
1986-03-03,21200,,0.0,0.0,0.0
1986-03-04,20100,,0.0,0.0,0.0
1986-03-05,19600,,0.0,0.0,0.0
1986-03-06,18700,,1.0,2.0,0.0
1986-03-07,19600,,1.0,2.0,0.0
1986-03-08,26100,,0.0,0.0,0.0
1986-03-09,21700,,0.0,0.0,0.0
1986-03-10,19700,,0.0,0.0,0.0
1986-03-11,18600,,0.0,0.0,0.0
1986-03-12,17800,,0.0,0.0,0.0
1986-03-13,16100,,0.0,0.0,0.0
1986-03-14,14600,,0.0,0.0,0.0
1986-03-15,15600,,0.0,0.0,0.0
1986-03-16,15600,,0.0,0.0,0.0
1986-03-17,14800,,0.0,0.0,0.0
1986-03-18,14000,,0.0,0.0,0.0
1986-03-19,13500,,0.0,0.0,0.0
1986-03-20,14100,,0.0,0.0,0.0
1986-03-21,14700,,0.0,0.0,0.0
1986-03-22,15500,,0.0,0.0,0.0
1986-03-23,14900,,0.0,0.0,0.0
1986-03-24,16400,,0.0,0.0,0.0
1986-03-25,16200,,2.0,2.0,2.0
1986-03-26,16700,,2.0,2.0,2.0
1986-03-27,16800,,2.0,2.0,2.0
1986-03-28,17900,,2.0,2.0,2.0
1986-03-29,20100,,0.0,0.0,0.0
1986-03-30,18700,,0.0,0.0,0.0
1986-03-31,19300,,0.0,0.0,0.0
1986-04-01,17500,,0.0,0.0,0.0
1986-04-02,16700,,0.0,0.0,0.0
1986-04-03,15400,,0.0,0.0,0.0
1986-04-04,14600,,0.0,0.0,0.0
1986-04-05,13900,,0.0,0.0,0.0
1986-04-06,13700,,0.0,0.0,0.0
1986-04-07,12600,,0.0,0.0,0.0
1986-04-08,12800,,0.0,0.0,0.0
1986-04-09,12800,,0.0,0.0,0.0
1986-04-10,11600,,0.0,0.0,0.0
1986-04-11,12000,,0.0,0.0,0.0
1986-04-12,12200,,0.0,0.0,0.0
1986-04-13,10800,,0.0,0.0,0.0
1986-04-14,10500,,0.0,0.0,0.0
1986-04-15,10000,,0.0,0.0,0.0
1986-04-16,10800,,0.0,0.0,0.0
1986-04-17,10200,,0.0,0.0,0.0
1986-04-18,10300,,0.0,0.0,0.0
1986-04-19,10800,,2.0,2.0,2.0
1986-04-20,10000,,2.0,2.0,2.0
1986-04-21,11000,,2.0,2.0,2.0
1986-04-22,15900,,2.0,0.0,0.0
1986-04-23,15600,,0.0,0.0,0.0
1986-04-24,14400,,0.0,0.0,0.0
1986-04-25,12600,,0.0,0.0,0.0
1986-04-26,11700,,0.0,0.0,0.0
1986-04-27,12500,,0.0,0.0,0.0
1986-04-28,14900,,0.0,0.0,0.0
1986-04-29,14200,,0.0,0.0,0.0
1986-04-30,13400,,0.0,0.0,0.0
1986-05-01,12900,,1.0,0.0,0.0
1986-05-02,12600,,1.0,0.0,0.0
1986-05-03,12900,,0.0,0.0,0.0
1986-05-04,13200,,0.0,0.0,0.0
1986-05-05,12500,,0.0,0.0,0.0
1986-05-06,11900,,0.0,0.0,0.0
1986-05-07,11800,,0.0,0.0,0.0
1986-05-08,11700,,0.0,0.0,0.0
1986-05-09,11500,,0.0,0.0,0.0
1986-05-10,11400,,0.0,0.0,0.0
1986-05-11,11200,,0.0,0.0,0.0
1986-05-12,11500,,1.0,1.0,1.0
1986-05-13,20000,,1.0,1.0,1.0
1986-05-14,18200,,0.0,0.0,0.0
1986-05-15,16700,,0.0,0.0,0.0
1986-05-16,14600,,0.0,0.0,0.0
1986-05-17,12600,,1.0,1.0,1.0
1986-05-18,13100,,1.0,1.0,1.0
1986-05-19,19200,,1.0,1.0,1.0
1986-05-20,26200,,0.0,0.0,0.0
1986-05-21,26600,,0.0,0.0,0.0
1986-05-22,22100,,0.0,0.0,0.0
1986-05-23,18700,,4.0,4.0,3.0
1986-05-24,16800,,4.0,4.0,3.0
1986-05-25,14600,,4.0,4.0,3.0
1986-05-26,21900,,4.0,4.0,3.0
1986-05-27,28500,,0.0,0.0,0.0
1986-05-28,27200,,0.0,0.0,0.0
1986-05-29,28000,,0.0,0.0,0.0
1986-05-30,31500,,0.0,0.0,0.0
1986-05-31,34500,,0.0,0.0,0.0
1986-06-01,36400,,0.0,0.0,0.0
1986-06-02,34300,,0.0,0.0,0.0
1986-06-03,30700,,0.0,0.0,0.0
1986-06-04,28400,,0.0,0.0,0.0
1986-06-05,25100,,0.0,0.0,0.0
1986-06-06,23200,,0.0,0.0,0.0
1986-06-07,22000,,0.0,0.0,0.0
1986-06-08,20200,,0.0,0.0,0.0
1986-06-09,19000,,0.0,0.0,0.0
1986-06-10,19500,,0.0,0.0,0.0
1986-06-11,21400,,0.0,0.0,0.0
1986-06-12,22200,,0.0,0.0,0.0
1986-06-13,20900,,0.0,0.0,0.0
1986-06-14,21800,,0.0,0.0,0.0
1986-06-15,21300,,1.0,0.0,0.0
1986-06-16,19700,,1.0,1.0,0.0
1986-06-17,19200,,1.0,1.0,0.0
1986-06-18,18400,,1.0,1.0,0.0
1986-06-19,19400,,0.0,0.0,0.0
1986-06-20,18000,,0.0,0.0,0.0
1986-06-21,17000,,0.0,0.0,0.0
1986-06-22,16300,,0.0,0.0,0.0
1986-06-23,15800,,0.0,0.0,0.0
1986-06-24,19900,,0.0,0.0,0.0
1986-06-25,20400,,0.0,0.0,0.0
1986-06-26,20000,,0.0,0.0,0.0
1986-06-27,19100,,0.0,0.0,0.0
1986-06-28,17400,,0.0,0.0,0.0
1986-06-29,18300,,0.0,0.0,0.0
1986-06-30,16800,,2.0,2.0,2.0
1986-07-01,15500,,2.0,2.0,2.0
1986-07-02,18200,,2.0,2.0,2.0
1986-07-03,19900,,0.0,0.0,0.0
1986-07-04,19400,,0.0,0.0,0.0
1986-07-05,17800,,0.0,0.0,0.0
1986-07-06,16000,,0.0,0.0,0.0
1986-07-07,13500,,0.0,0.0,0.0
1986-07-08,14000,,0.0,0.0,0.0
1986-07-09,13100,,0.0,0.0,0.0
1986-07-10,11500,,1.0,0.0,0.0
1986-07-11,14500,,0.0,0.0,0.0
1986-07-12,18400,,0.0,0.0,0.0
1986-07-13,17100,,0.0,0.0,0.0
1986-07-14,15200,,0.0,0.0,0.0
1986-07-15,13000,,0.0,0.0,0.0
1986-07-16,11800,,0.0,0.0,0.0
1986-07-17,15800,,0.0,0.0,0.0
1986-07-18,15100,,0.0,0.0,0.0
1986-07-19,12400,,0.0,0.0,0.0
1986-07-20,11300,,0.0,0.0,0.0
1986-07-21,13600,,0.0,0.0,0.0
1986-07-22,13500,,0.0,0.0,0.0
1986-07-23,14900,,0.0,0.0,0.0
1986-07-24,15400,,0.0,0.0,0.0
1986-07-25,12300,,0.0,0.0,0.0
1986-07-26,11600,,0.0,0.0,0.0
1986-07-27,11900,,0.0,0.0,0.0
1986-07-28,11200,,0.0,0.0,0.0
1986-07-29,9850,,0.0,0.0,0.0
1986-07-30,7490,,0.0,0.0,0.0
1986-07-31,7090,,0.0,0.0,0.0
1986-08-01,7860,,0.0,0.0,0.0
1986-08-02,9180,,0.0,0.0,0.0
1986-08-03,10000,,0.0,0.0,0.0
1986-08-04,10800,,0.0,0.0,0.0
1986-08-05,9780,,0.0,0.0,0.0
1986-08-06,10300,,0.0,0.0,0.0
1986-08-07,11200,,0.0,0.0,0.0
1986-08-08,11700,,0.0,0.0,0.0
1986-08-09,11500,,0.0,0.0,0.0
1986-08-10,11400,,0.0,0.0,0.0
1986-08-11,11400,,0.0,0.0,0.0
1986-08-12,11300,,0.0,0.0,0.0
1986-08-13,10500,,0.0,0.0,0.0
1986-08-14,9800,,0.0,0.0,0.0
1986-08-15,9420,,0.0,0.0,0.0
1986-08-16,8040,,0.0,0.0,0.0
1986-08-17,7190,,0.0,0.0,0.0
1986-08-18,7170,,0.0,0.0,0.0
1986-08-19,8250,,0.0,0.0,0.0
1986-08-20,7600,,0.0,0.0,0.0
1986-08-21,6970,,0.0,0.0,0.0
1986-08-22,7370,,0.0,0.0,0.0
1986-08-23,7470,,0.0,0.0,0.0
1986-08-24,7360,,0.0,0.0,0.0
1986-08-25,6650,,0.0,0.0,0.0
1986-08-26,7250,,0.0,0.0,0.0
1986-08-27,8150,,0.0,0.0,0.0
1986-08-28,8470,,0.0,0.0,0.0
1986-08-29,8780,,0.0,0.0,0.0
1986-08-30,8870,,0.0,0.0,0.0
1986-08-31,8340,,0.0,0.0,0.0
1986-09-01,7220,,2.0,1.0,1.0
1986-09-02,7540,,2.0,1.0,1.0
1986-09-03,7400,,2.0,0.0,0.0
1986-09-04,8050,,0.0,0.0,0.0
1986-09-05,8140,,0.0,0.0,0.0
1986-09-06,7500,,0.0,0.0,0.0
1986-09-07,6440,,0.0,0.0,0.0
1986-09-08,6200,,0.0,0.0,0.0
1986-09-09,6650,,0.0,0.0,0.0
1986-09-10,6870,,0.0,0.0,0.0
1986-09-11,7140,,0.0,0.0,0.0
1986-09-12,7180,,0.0,0.0,0.0
1986-09-13,6640,,0.0,0.0,0.0
1986-09-14,4600,,0.0,0.0,0.0
1986-09-15,5100,,0.0,0.0,0.0
1986-09-16,5500,,0.0,0.0,0.0
1986-09-17,5800,,0.0,0.0,0.0
1986-09-18,6630,,0.0,0.0,0.0
1986-09-19,5970,,0.0,0.0,0.0
1986-09-20,5500,,0.0,0.0,0.0
1986-09-21,6200,,0.0,0.0,0.0
1986-09-22,5800,,0.0,0.0,0.0
1986-09-23,6000,,1.0,1.0,1.0
1986-09-24,11800,,0.0,0.0,0.0
1986-09-25,9500,,0.0,0.0,0.0
1986-09-26,7160,,0.0,0.0,0.0
1986-09-27,6920,,0.0,0.0,0.0
1986-09-28,7630,,0.0,0.0,0.0
1986-09-29,9360,,0.0,0.0,0.0
1986-09-30,10500,,0.0,0.0,0.0
1986-10-01,9180,,0.0,0.0,0.0
1986-10-02,8830,,1.0,1.0,0.0
1986-10-03,8120,,1.0,1.0,0.0
1986-10-04,7460,,1.0,1.0,0.0
1986-10-05,5700,,1.0,1.0,0.0
1986-10-06,5900,,0.0,0.0,0.0
1986-10-07,6100,,0.0,0.0,0.0
1986-10-08,5900,,0.0,0.0,0.0
1986-10-09,5800,,0.0,0.0,0.0
1986-10-10,5640,,0.0,0.0,0.0
1986-10-11,5240,,0.0,0.0,0.0
1986-10-12,4660,,0.0,0.0,0.0
1986-10-13,5240,,0.0,0.0,0.0
1986-10-14,5390,,0.0,0.0,0.0
1986-10-15,6010,,0.0,0.0,0.0
1986-10-16,5590,,0.0,0.0,0.0
1986-10-17,5880,,0.0,0.0,0.0
1986-10-18,5220,,0.0,0.0,0.0
1986-10-19,5330,,0.0,0.0,0.0
1986-10-20,5230,,0.0,0.0,0.0
1986-10-21,5390,,0.0,0.0,0.0
1986-10-22,5270,,0.0,0.0,0.0
1986-10-23,4800,,0.0,0.0,0.0
1986-10-24,3800,,3.0,3.0,0.0
1986-10-25,4100,,3.0,3.0,0.0
1986-10-26,6190,,3.0,3.0,2.0
1986-10-27,18500,,3.0,3.0,2.0
1986-10-28,18200,,0.0,0.0,0.0
1986-10-29,13700,,2.0,1.0,0.0
1986-10-30,12700,,2.0,1.0,0.0
1986-10-31,14400,,0.0,0.0,0.0
1986-11-01,11800,,0.0,0.0,0.0
1986-11-02,10800,,0.0,0.0,0.0
1986-11-03,9810,,0.0,0.0,0.0
1986-11-04,10300,,0.0,0.0,0.0
1986-11-05,11000,,0.0,0.0,0.0
1986-11-06,12800,,0.0,0.0,0.0
1986-11-07,12200,,0.0,0.0,0.0
1986-11-08,11700,,0.0,0.0,0.0
1986-11-09,10600,,0.0,0.0,0.0
1986-11-10,10400,,1.0,1.0,1.0
1986-11-11,10600,,1.0,1.0,1.0
1986-11-12,9890,,1.0,0.0,0.0
1986-11-13,8440,,0.0,0.0,0.0
1986-11-14,8110,,0.0,0.0,0.0
1986-11-15,7830,,0.0,0.0,0.0
1986-11-16,7770,,0.0,0.0,0.0
1986-11-17,10400,,0.0,0.0,0.0
1986-11-18,11900,,2.0,2.0,2.0
1986-11-19,19900,,3.0,3.0,2.0
1986-11-20,30100,,3.0,3.0,2.0
1986-11-21,38900,,0.0,0.0,0.0
1986-11-22,27000,,0.0,0.0,0.0
1986-11-23,31300,,3.0,3.0,3.0
1986-11-24,65100,,3.0,3.0,3.0
1986-11-25,49000,,1.0,0.0,0.0
1986-11-26,33000,,1.0,0.0,0.0
1986-11-27,28500,,1.0,1.0,0.0
1986-11-28,24400,,0.0,0.0,0.0
1986-11-29,21300,,0.0,0.0,0.0
1986-11-30,19100,,0.0,0.0,0.0
1986-12-01,18200,,0.0,0.0,0.0
1986-12-02,17000,,0.0,0.0,0.0
1986-12-03,16300,,0.0,0.0,0.0
1986-12-04,15600,,0.0,0.0,0.0
1986-12-05,15300,,0.0,0.0,0.0
1986-12-06,14700,,0.0,0.0,0.0
1986-12-07,14000,,0.0,0.0,0.0
1986-12-08,13500,,0.0,0.0,0.0
1986-12-09,12300,,0.0,0.0,0.0
1986-12-10,12200,,0.0,0.0,0.0
1986-12-11,12200,,0.0,0.0,0.0
1986-12-12,12100,,0.0,0.0,0.0
1986-12-13,10200,,0.0,0.0,0.0
1986-12-14,10600,,0.0,0.0,0.0
1986-12-15,13200,,0.0,0.0,0.0
1986-12-16,12200,,0.0,0.0,0.0
1986-12-17,12300,,0.0,0.0,0.0
1986-12-18,12100,,0.0,0.0,0.0
1986-12-19,12000,,0.0,0.0,0.0
1986-12-20,10500,,0.0,0.0,0.0
1986-12-21,10900,,2.0,2.0,2.0
1986-12-22,15300,,2.0,2.0,2.0
1986-12-23,19500,,0.0,0.0,0.0
1986-12-24,18700,,0.0,0.0,0.0
1986-12-25,15900,,0.0,0.0,0.0
1986-12-26,14900,,0.0,0.0,0.0
1986-12-27,12200,,0.0,0.0,0.0
1986-12-28,10700,,2.0,2.0,1.0
1986-12-29,20700,,2.0,2.0,0.0
1986-12-30,26500,,0.0,0.0,0.0
1986-12-31,20200,,0.0,0.0,0.0
1987-01-01,18600,,0.0,0.0,0.0
1987-01-02,18500,,2.0,2.0,1.0
1987-01-03,20700,,2.0,2.0,1.0
1987-01-04,22000,,0.0,0.0,0.0
1987-01-05,19000,,0.0,0.0,0.0
1987-01-06,19300,,0.0,0.0,0.0
1987-01-07,18700,,0.0,0.0,0.0
1987-01-08,18200,,0.0,0.0,0.0
1987-01-09,17100,,0.0,0.0,0.0
1987-01-10,16000,,3.0,3.0,3.0
1987-01-11,13200,,3.0,3.0,3.0
1987-01-12,22400,,3.0,3.0,3.0
1987-01-13,27000,,0.0,0.0,0.0
1987-01-14,22000,,0.0,0.0,0.0
1987-01-15,19700,,0.0,0.0,0.0
1987-01-16,18200,,0.0,0.0,0.0
1987-01-17,18600,,0.0,0.0,0.0
1987-01-18,18000,,0.0,0.0,0.0
1987-01-19,17300,,0.0,0.0,0.0
1987-01-20,17100,,0.0,0.0,0.0
1987-01-21,17000,,0.0,0.0,0.0
1987-01-22,16600,,0.0,0.0,0.0
1987-01-23,16000,,0.0,0.0,0.0
1987-01-24,15100,,0.0,0.0,0.0
1987-01-25,14800,,0.0,0.0,0.0
1987-01-26,14100,,0.0,0.0,0.0
1987-01-27,15700,,1.0,0.0,0.0
1987-01-28,17300,,1.0,0.0,0.0
1987-01-29,17800,,1.0,1.0,1.0
1987-01-30,18000,,1.0,1.0,1.0
1987-01-31,18500,,0.0,0.0,0.0
1987-02-01,22800,,1.0,0.0,0.0
1987-02-02,27500,,0.0,0.0,0.0
1987-02-03,21400,,2.0,0.0,0.0
1987-02-04,18800,,2.0,1.0,1.0
1987-02-05,18200,,0.0,0.0,0.0
1987-02-06,17500,,0.0,0.0,0.0
1987-02-07,17300,,0.0,0.0,0.0
1987-02-08,17700,,0.0,0.0,0.0
1987-02-09,17800,,0.0,0.0,0.0
1987-02-10,17100,,1.0,1.0,1.0
1987-02-11,17200,,1.0,1.0,1.0
1987-02-12,19600,,0.0,0.0,0.0
1987-02-13,19000,,0.0,0.0,0.0
1987-02-14,18800,,0.0,0.0,0.0
1987-02-15,17900,,0.0,0.0,0.0
1987-02-16,17500,,0.0,0.0,0.0
1987-02-17,18400,,0.0,0.0,0.0
1987-02-18,15800,,0.0,0.0,0.0
1987-02-19,15800,,0.0,0.0,0.0
1987-02-20,14700,,0.0,0.0,0.0
1987-02-21,15300,,0.0,0.0,0.0
1987-02-22,15300,,0.0,0.0,0.0
1987-02-23,15400,,0.0,0.0,0.0
1987-02-24,14600,,0.0,0.0,0.0
1987-02-25,13800,,0.0,0.0,0.0
1987-02-26,13700,,0.0,0.0,0.0
1987-02-27,13600,,0.0,0.0,0.0
1987-02-28,13200,,0.0,0.0,0.0
1987-03-01,14400,,0.0,0.0,0.0
1987-03-02,14400,,4.0,4.0,4.0
1987-03-03,24500,,4.0,4.0,4.0
1987-03-04,39500,,4.0,4.0,4.0
1987-03-05,32900,,4.0,4.0,4.0
1987-03-06,30900,,4.0,4.0,4.0
1987-03-07,27200,,0.0,0.0,0.0
1987-03-08,24100,,0.0,0.0,0.0
1987-03-09,21600,,0.0,0.0,0.0
1987-03-10,21700,,0.0,0.0,0.0
1987-03-11,21800,,1.0,0.0,0.0
1987-03-12,20900,,1.0,0.0,0.0
1987-03-13,22000,,0.0,0.0,0.0
1987-03-14,21200,,0.0,0.0,0.0
1987-03-15,19000,,0.0,0.0,0.0
1987-03-16,17400,,0.0,0.0,0.0
1987-03-17,17400,,0.0,0.0,0.0
1987-03-18,17900,,0.0,0.0,0.0
1987-03-19,18000,,0.0,0.0,0.0
1987-03-20,16200,,0.0,0.0,0.0
1987-03-21,15600,,0.0,0.0,0.0
1987-03-22,12600,,0.0,0.0,0.0
1987-03-23,13400,,0.0,0.0,0.0
1987-03-24,13500,,0.0,0.0,0.0
1987-03-25,13000,,0.0,0.0,0.0
1987-03-26,14400,,0.0,0.0,0.0
1987-03-27,14900,,0.0,0.0,0.0
1987-03-28,12800,,0.0,0.0,0.0
1987-03-29,9910,,0.0,0.0,0.0
1987-03-30,9920,,0.0,0.0,0.0
1987-03-31,9560,,0.0,0.0,0.0
1987-04-01,9160,,0.0,0.0,0.0
1987-04-02,8910,,0.0,0.0,0.0
1987-04-03,10300,,0.0,0.0,0.0
1987-04-04,12300,,0.0,0.0,0.0
1987-04-05,11800,,0.0,0.0,0.0
1987-04-06,11000,,0.0,0.0,0.0
1987-04-07,9850,,0.0,0.0,0.0
1987-04-08,11900,,0.0,0.0,0.0
1987-04-09,12300,,0.0,0.0,0.0
1987-04-10,11800,,0.0,0.0,0.0
1987-04-11,13700,,0.0,0.0,0.0
1987-04-12,12300,,0.0,0.0,0.0
1987-04-13,11000,,0.0,0.0,0.0
1987-04-14,10800,,0.0,0.0,0.0
1987-04-15,12400,,2.0,2.0,1.0
1987-04-16,16500,,2.0,2.0,1.0
1987-04-17,19700,,0.0,0.0,0.0
1987-04-18,15900,,0.0,0.0,0.0
1987-04-19,13600,,0.0,0.0,0.0
1987-04-20,12100,,0.0,0.0,0.0
1987-04-21,11000,,0.0,0.0,0.0
1987-04-22,10400,,0.0,0.0,0.0
1987-04-23,10300,,0.0,0.0,0.0
1987-04-24,10900,,0.0,0.0,0.0
1987-04-25,10600,,0.0,0.0,0.0
1987-04-26,10200,,0.0,0.0,0.0
1987-04-27,10900,,0.0,0.0,0.0
1987-04-28,16800,,0.0,0.0,0.0
1987-04-29,22900,,0.0,0.0,0.0
1987-04-30,24500,,0.0,0.0,0.0
1987-05-01,32900,,0.0,0.0,0.0
1987-05-02,26000,,0.0,0.0,0.0
1987-05-03,22200,,0.0,0.0,0.0
1987-05-04,19400,,0.0,0.0,0.0
1987-05-05,17000,,0.0,0.0,0.0
1987-05-06,19200,,0.0,0.0,0.0
1987-05-07,22700,,0.0,0.0,0.0
1987-05-08,28900,,0.0,0.0,0.0
1987-05-09,32000,,0.0,0.0,0.0
1987-05-10,29200,,0.0,0.0,0.0
1987-05-11,25800,,2.0,2.0,1.0
1987-05-12,35900,,2.0,2.0,1.0
1987-05-13,37200,,1.0,1.0,0.0
1987-05-14,28400,,1.0,1.0,1.0
1987-05-15,31100,,0.0,0.0,0.0
1987-05-16,26000,,0.0,0.0,0.0
1987-05-17,22600,,0.0,0.0,0.0
1987-05-18,20500,,0.0,0.0,0.0
1987-05-19,19800,,0.0,0.0,0.0
1987-05-20,18500,,0.0,0.0,0.0
1987-05-21,16700,,0.0,0.0,0.0
1987-05-22,14400,,0.0,0.0,0.0
1987-05-23,13800,,0.0,0.0,0.0
1987-05-24,12200,,0.0,0.0,0.0
1987-05-25,13100,,0.0,0.0,0.0
1987-05-26,15300,,0.0,0.0,0.0
1987-05-27,17400,,0.0,0.0,0.0
1987-05-28,17100,,0.0,0.0,0.0
1987-05-29,16000,,2.0,2.0,1.0
1987-05-30,16400,,2.0,2.0,1.0
1987-05-31,26600,,0.0,0.0,0.0
1987-06-01,26400,,0.0,0.0,0.0
1987-06-02,22200,,0.0,0.0,0.0
1987-06-03,19000,,0.0,0.0,0.0
1987-06-04,19400,,0.0,0.0,0.0
1987-06-05,22300,,0.0,0.0,0.0
1987-06-06,21000,,0.0,0.0,0.0
1987-06-07,20100,,0.0,0.0,0.0
1987-06-08,21100,,0.0,0.0,0.0
1987-06-09,20900,,0.0,0.0,0.0
1987-06-10,20400,,0.0,0.0,4.0
1987-06-11,17900,,3.0,4.0,4.0
1987-06-12,19500,,3.0,4.0,4.0
1987-06-13,20900,,3.0,4.0,4.0
1987-06-14,20200,,0.0,0.0,0.0
1987-06-15,20400,,0.0,0.0,0.0
1987-06-16,20300,,0.0,0.0,0.0
1987-06-17,17800,,0.0,0.0,0.0
1987-06-18,15800,,0.0,0.0,0.0
1987-06-19,16300,,0.0,0.0,0.0
1987-06-20,16700,,0.0,0.0,0.0
1987-06-21,17200,,0.0,0.0,0.0
1987-06-22,17200,,0.0,0.0,0.0
1987-06-23,16900,,0.0,0.0,0.0
1987-06-24,15800,,0.0,0.0,0.0
1987-06-25,14900,,0.0,0.0,0.0
1987-06-26,15800,,0.0,0.0,0.0
1987-06-27,16800,,0.0,0.0,0.0
1987-06-28,17900,,0.0,0.0,0.0
1987-06-29,18500,,0.0,0.0,0.0
1987-06-30,19200,,0.0,0.0,0.0
1987-07-01,19300,,0.0,0.0,0.0
1987-07-02,19000,,0.0,0.0,0.0
1987-07-03,17900,,0.0,0.0,0.0
1987-07-04,17100,,0.0,0.0,0.0
1987-07-05,18000,,0.0,0.0,0.0
1987-07-06,19700,,0.0,0.0,0.0
1987-07-07,17200,,0.0,0.0,0.0
1987-07-08,15500,,0.0,0.0,0.0
1987-07-09,14900,,0.0,0.0,0.0
1987-07-10,13600,,0.0,0.0,0.0
1987-07-11,11400,,0.0,0.0,0.0
1987-07-12,11100,,0.0,0.0,0.0
1987-07-13,11700,,0.0,0.0,0.0
1987-07-14,13000,,0.0,0.0,0.0
1987-07-15,13600,,0.0,0.0,0.0
1987-07-16,12400,,0.0,0.0,0.0
1987-07-17,11300,,0.0,0.0,0.0
1987-07-18,9740,,0.0,0.0,0.0
1987-07-19,9220,,0.0,0.0,0.0
1987-07-20,10200,,0.0,0.0,0.0
1987-07-21,9410,,0.0,0.0,0.0
1987-07-22,8800,,0.0,0.0,0.0
1987-07-23,9600,,0.0,0.0,0.0
1987-07-24,9550,,0.0,0.0,0.0
1987-07-25,10100,,0.0,0.0,0.0
1987-07-26,9910,,0.0,0.0,0.0
1987-07-27,9340,,0.0,0.0,0.0
1987-07-28,8390,,0.0,0.0,0.0
1987-07-29,8730,,0.0,0.0,0.0
1987-07-30,8320,,0.0,0.0,0.0
1987-07-31,8440,,0.0,0.0,0.0
1987-08-01,9660,,0.0,0.0,0.0
1987-08-02,8610,,0.0,0.0,0.0
1987-08-03,7380,,0.0,0.0,0.0
1987-08-04,8350,,0.0,0.0,0.0
1987-08-05,8360,,0.0,0.0,0.0
1987-08-06,8840,,0.0,0.0,0.0
1987-08-07,8810,,0.0,0.0,0.0
1987-08-08,8770,,0.0,0.0,0.0
1987-08-09,9350,,0.0,0.0,0.0
1987-08-10,8130,,0.0,0.0,0.0
1987-08-11,8860,,0.0,0.0,0.0
1987-08-12,9150,,0.0,0.0,0.0
1987-08-13,8270,,0.0,0.0,0.0
1987-08-14,8210,,0.0,0.0,0.0
1987-08-15,8300,,0.0,0.0,0.0
1987-08-16,8490,,0.0,0.0,0.0
1987-08-17,7950,,0.0,0.0,0.0
1987-08-18,7690,,0.0,0.0,0.0
1987-08-19,7950,,0.0,0.0,0.0
1987-08-20,7600,,0.0,0.0,0.0
1987-08-21,6960,,0.0,0.0,0.0
1987-08-22,6050,,0.0,0.0,0.0
1987-08-23,6270,,0.0,0.0,0.0
1987-08-24,6180,,0.0,0.0,0.0
1987-08-25,6730,,0.0,0.0,0.0
1987-08-26,7520,,0.0,0.0,0.0
1987-08-27,7930,,0.0,0.0,0.0
1987-08-28,6880,,0.0,0.0,0.0
1987-08-29,7090,,0.0,0.0,0.0
1987-08-30,6510,,0.0,0.0,0.0
1987-08-31,6800,,0.0,0.0,0.0
1987-09-01,7110,,0.0,0.0,0.0
1987-09-02,8310,,0.0,0.0,0.0
1987-09-03,8220,,0.0,0.0,0.0
1987-09-04,7130,,0.0,0.0,0.0
1987-09-05,7430,,0.0,0.0,0.0
1987-09-06,7330,,0.0,0.0,0.0
1987-09-07,6910,,0.0,0.0,0.0
1987-09-08,7660,,0.0,0.0,0.0
1987-09-09,7780,,0.0,0.0,0.0
1987-09-10,8290,,0.0,0.0,0.0
1987-09-11,7950,,0.0,0.0,0.0
1987-09-12,7610,,0.0,0.0,0.0
1987-09-13,7060,,0.0,0.0,0.0
1987-09-14,6080,,1.0,1.0,1.0
1987-09-15,8060,,0.0,0.0,0.0
1987-09-16,8470,,0.0,0.0,0.0
1987-09-17,7480,,0.0,0.0,0.0
1987-09-18,7240,,0.0,0.0,0.0
1987-09-19,6440,,0.0,1.0,1.0
1987-09-20,5370,,0.0,1.0,1.0
1987-09-21,5350,,0.0,0.0,0.0
1987-09-22,5660,,0.0,0.0,0.0
1987-09-23,6260,,0.0,0.0,0.0
1987-09-24,6480,,0.0,0.0,0.0
1987-09-25,7450,,0.0,0.0,0.0
1987-09-26,7940,,0.0,0.0,0.0
1987-09-27,8070,,0.0,0.0,0.0
1987-09-28,7580,,0.0,0.0,0.0
1987-09-29,8000,,0.0,0.0,0.0
1987-09-30,6410,,0.0,0.0,0.0
1987-10-01,6300,,0.0,0.0,0.0
1987-10-02,6050,,0.0,0.0,0.0
1987-10-03,5820,,0.0,0.0,0.0
1987-10-04,5280,,0.0,0.0,0.0
1987-10-05,5200,,0.0,0.0,0.0
1987-10-06,4850,,0.0,0.0,0.0
1987-10-07,6490,,0.0,0.0,0.0
1987-10-08,6770,,0.0,0.0,0.0
1987-10-09,7100,,0.0,0.0,0.0
1987-10-10,7480,,0.0,0.0,0.0
1987-10-11,7180,,0.0,0.0,0.0
1987-10-12,6690,,0.0,0.0,0.0
1987-10-13,7400,,0.0,0.0,0.0
1987-10-14,7170,,0.0,0.0,0.0
1987-10-15,7290,,0.0,0.0,0.0
1987-10-16,7430,,0.0,0.0,0.0
1987-10-17,7120,,0.0,0.0,0.0
1987-10-18,7010,,0.0,0.0,0.0
1987-10-19,6520,,0.0,0.0,0.0
1987-10-20,7310,,0.0,0.0,0.0
1987-10-21,7210,,0.0,0.0,0.0
1987-10-22,7170,,0.0,0.0,0.0
1987-10-23,6520,,0.0,0.0,0.0
1987-10-24,5030,,0.0,0.0,0.0
1987-10-25,5220,,0.0,0.0,0.0
1987-10-26,5100,,0.0,0.0,0.0
1987-10-27,5260,,0.0,0.0,0.0
1987-10-28,5330,,0.0,0.0,1.0
1987-10-29,5540,,0.0,0.0,1.0
1987-10-30,5350,,1.0,1.0,1.0
1987-10-31,5240,,1.0,1.0,1.0
1987-11-01,5580,,0.0,0.0,0.0
1987-11-02,6210,,0.0,0.0,0.0
1987-11-03,5760,,0.0,0.0,0.0
1987-11-04,5860,,0.0,0.0,0.0
1987-11-05,6620,,0.0,0.0,0.0
1987-11-06,6720,,0.0,0.0,0.0
1987-11-07,6950,,0.0,0.0,0.0
1987-11-08,7180,,2.0,1.0,1.0
1987-11-09,7320,,2.0,1.0,1.0
1987-11-10,8240,,2.0,2.0,2.0
1987-11-11,8830,,2.0,2.0,2.0
1987-11-12,12100,,0.0,0.0,0.0
1987-11-13,12200,,0.0,0.0,0.0
1987-11-14,13400,,0.0,0.0,0.0
1987-11-15,12300,,0.0,0.0,0.0
1987-11-16,11300,,0.0,0.0,0.0
1987-11-17,8620,,0.0,0.0,0.0
1987-11-18,7320,,3.0,3.0,3.0
1987-11-19,7000,,3.0,3.0,3.0
1987-11-20,8460,,3.0,3.0,3.0
1987-11-21,8510,,3.0,3.0,3.0
1987-11-22,10800,,0.0,0.0,0.0
1987-11-23,12100,,1.0,1.0,1.0
1987-11-24,12200,,1.0,1.0,1.0
1987-11-25,13700,,0.0,0.0,0.0
1987-11-26,11000,,0.0,0.0,0.0
1987-11-27,9670,,0.0,0.0,0.0
1987-11-28,8620,,0.0,0.0,0.0
1987-11-29,8190,,0.0,0.0,0.0
1987-11-30,7720,,2.0,2.0,2.0
1987-12-01,8760,,2.0,2.0,2.0
1987-12-02,11500,,0.0,0.0,0.0
1987-12-03,14400,,3.0,1.0,1.0
1987-12-04,17700,,3.0,0.0,0.0
1987-12-05,12500,,2.0,2.0,2.0
1987-12-06,14100,,2.0,2.0,2.0
1987-12-07,22900,,0.0,0.0,0.0
1987-12-08,18000,,0.0,0.0,0.0
1987-12-09,16000,,2.0,2.0,1.0
1987-12-10,32100,,2.0,2.0,1.0
1987-12-11,25000,,0.0,0.0,0.0
1987-12-12,18400,,0.0,0.0,0.0
1987-12-13,15300,,0.0,0.0,0.0
1987-12-14,14000,,0.0,0.0,0.0
1987-12-15,13600,,0.0,0.0,0.0
1987-12-16,12900,,0.0,0.0,0.0
1987-12-17,11400,,0.0,0.0,0.0
1987-12-18,10300,,0.0,0.0,0.0
1987-12-19,9880,,0.0,0.0,0.0
1987-12-20,9430,,0.0,0.0,0.0
1987-12-21,9830,,0.0,0.0,0.0
1987-12-22,9720,,0.0,0.0,0.0
1987-12-23,8950,,0.0,0.0,0.0
1987-12-24,7400,,0.0,0.0,0.0
1987-12-25,7210,,0.0,0.0,0.0
1987-12-26,8710,,0.0,0.0,0.0
1987-12-27,8600,,0.0,0.0,0.0
1987-12-28,7140,,0.0,0.0,0.0
1987-12-29,6630,,0.0,0.0,0.0
1987-12-30,6880,,0.0,0.0,0.0
1987-12-31,6850,,0.0,0.0,0.0
1988-01-01,6850,,0.0,0.0,0.0
1988-01-02,7470,,0.0,0.0,0.0
1988-01-03,6510,,0.0,0.0,0.0
1988-01-04,7710,,0.0,0.0,0.0
1988-01-05,8940,,0.0,0.0,0.0
1988-01-06,8600,,0.0,0.0,0.0
1988-01-07,8930,,0.0,0.0,0.0
1988-01-08,9530,,0.0,0.0,0.0
1988-01-09,9070,,0.0,0.0,0.0
1988-01-10,6910,,0.0,0.0,0.0
1988-01-11,7280,,0.0,0.0,0.0
1988-01-12,7640,,0.0,0.0,0.0
1988-01-13,6940,,3.0,3.0,2.0
1988-01-14,9380,,3.0,3.0,2.0
1988-01-15,26300,,3.0,3.0,2.0
1988-01-16,17300,,0.0,0.0,0.0
1988-01-17,13300,,0.0,0.0,0.0
1988-01-18,11600,,0.0,0.0,0.0
1988-01-19,10400,,0.0,0.0,0.0
1988-01-20,11200,,1.0,1.0,0.0
1988-01-21,11300,,0.0,0.0,0.0
1988-01-22,10800,,1.0,1.0,1.0
1988-01-23,11300,,0.0,0.0,0.0
1988-01-24,10500,,0.0,0.0,0.0
1988-01-25,9590,,0.0,0.0,0.0
1988-01-26,10100,,0.0,0.0,0.0
1988-01-27,10900,,2.0,2.0,1.0
1988-01-28,9370,,2.0,2.0,1.0
1988-01-29,12500,,0.0,0.0,0.0
1988-01-30,15100,,0.0,0.0,0.0
1988-01-31,13100,,0.0,0.0,0.0
1988-02-01,12000,,0.0,0.0,0.0
1988-02-02,13800,,0.0,0.0,0.0
1988-02-03,13100,,0.0,0.0,0.0
1988-02-04,10000,,0.0,0.0,0.0
1988-02-05,9280,,0.0,0.0,0.0
1988-02-06,8410,,0.0,0.0,0.0
1988-02-07,10000,,0.0,0.0,0.0
1988-02-08,12200,,0.0,0.0,0.0
1988-02-09,12900,,0.0,0.0,0.0
1988-02-10,14800,,0.0,0.0,0.0
1988-02-11,14300,,0.0,0.0,0.0
1988-02-12,14100,,0.0,0.0,0.0
1988-02-13,15400,,0.0,0.0,0.0
1988-02-14,15300,,1.0,1.0,0.0
1988-02-15,16400,,1.0,1.0,0.0
1988-02-16,16000,,0.0,0.0,0.0
1988-02-17,14400,,0.0,0.0,0.0
1988-02-18,14200,,0.0,0.0,0.0
1988-02-19,13900,,0.0,0.0,0.0
1988-02-20,11800,,0.0,0.0,0.0
1988-02-21,13200,,0.0,0.0,0.0
1988-02-22,13400,,0.0,0.0,0.0
1988-02-23,13000,,0.0,0.0,0.0
1988-02-24,12900,,0.0,0.0,0.0
1988-02-25,13300,,0.0,0.0,0.0
1988-02-26,13400,,0.0,0.0,0.0
1988-02-27,12100,,0.0,0.0,0.0
1988-02-28,12500,,0.0,0.0,0.0
1988-02-29,13700,,0.0,0.0,0.0
1988-03-01,15100,,0.0,0.0,0.0
1988-03-02,16800,,0.0,0.0,0.0
1988-03-03,18000,,0.0,0.0,0.0
1988-03-04,17300,,0.0,0.0,0.0
1988-03-05,19200,,0.0,0.0,0.0
1988-03-06,19200,,0.0,0.0,0.0
1988-03-07,18000,,0.0,0.0,0.0
1988-03-08,17700,,0.0,0.0,0.0
1988-03-09,23700,,0.0,0.0,0.0
1988-03-10,21900,,0.0,0.0,0.0
1988-03-11,19300,,0.0,0.0,0.0
1988-03-12,18000,,0.0,0.0,0.0
1988-03-13,16700,,0.0,0.0,0.0
1988-03-14,16400,,0.0,0.0,0.0
1988-03-15,15400,,0.0,0.0,0.0
1988-03-16,13200,,0.0,0.0,0.0
1988-03-17,12800,,0.0,0.0,0.0
1988-03-18,13100,,0.0,0.0,0.0
1988-03-19,12900,,0.0,0.0,0.0
1988-03-20,11900,,0.0,0.0,0.0
1988-03-21,16400,,0.0,0.0,0.0
1988-03-22,14600,,1.0,1.0,0.0
1988-03-23,16400,,1.0,1.0,0.0
1988-03-24,17800,,0.0,0.0,0.0
1988-03-25,17600,,2.0,1.0,1.0
1988-03-26,25300,,2.0,1.0,1.0
1988-03-27,24700,,0.0,0.0,0.0
1988-03-28,19400,,0.0,0.0,0.0
1988-03-29,17600,,0.0,0.0,0.0
1988-03-30,16200,,0.0,0.0,0.0
1988-03-31,14100,,0.0,0.0,0.0
1988-04-01,12800,,0.0,0.0,0.0
1988-04-02,15500,,1.0,1.0,0.0
1988-04-03,21100,,1.0,1.0,0.0
1988-04-04,20300,,0.0,0.0,0.0
1988-04-05,18700,,2.0,2.0,2.0
1988-04-06,30700,,2.0,2.0,2.0
1988-04-07,38700,,0.0,0.0,0.0
1988-04-08,27200,,0.0,0.0,0.0
1988-04-09,22200,,0.0,0.0,0.0
1988-04-10,18700,,0.0,0.0,0.0
1988-04-11,17000,299.13,0.0,0.0,0.0
1988-04-12,18100,259.55,0.0,0.0,0.0
1988-04-13,20600,235.51,0.0,0.0,0.0
1988-04-14,25300,231.5,0.0,0.0,0.0
1988-04-15,26100,202.47,0.0,0.0,0.0
1988-04-16,26200,160.12,0.0,0.0,0.0
1988-04-17,25900,118.66,0.0,0.0,0.0
1988-04-18,24600,69.5,0.0,0.0,0.0
1988-04-19,22300,25.53,0.0,0.0,0.0
1988-04-20,21700,47.29,0.0,0.0,0.0
1988-04-21,22000,,0.0,0.0,0.0
1988-04-22,23100,,0.0,0.0,0.0
1988-04-23,22900,,0.0,0.0,0.0
1988-04-24,21100,,0.0,0.0,0.0
1988-04-25,18700,,0.0,0.0,0.0
1988-04-26,17900,,0.0,0.0,0.0
1988-04-27,16700,,1.0,1.0,1.0
1988-04-28,15700,,1.0,1.0,1.0
1988-04-29,18200,,1.0,1.0,1.0
1988-04-30,19700,,0.0,0.0,0.0
1988-05-01,19100,,0.0,0.0,0.0
1988-05-02,17800,,0.0,0.0,0.0
1988-05-03,19000,,0.0,0.0,0.0
1988-05-04,17700,,0.0,0.0,0.0
1988-05-05,16500,,0.0,0.0,0.0
1988-05-06,15900,,0.0,0.0,0.0
1988-05-07,14900,,0.0,0.0,0.0
1988-05-08,14800,,0.0,0.0,0.0
1988-05-09,16400,,1.0,0.0,0.0
1988-05-10,16100,,1.0,0.0,0.0
1988-05-11,18800,,0.0,0.0,0.0
1988-05-12,26600,,1.0,1.0,0.0
1988-05-13,35600,,1.0,1.0,0.0
1988-05-14,36300,,0.0,0.0,0.0
1988-05-15,26300,,2.0,2.0,1.0
1988-05-16,24300,,2.0,2.0,1.0
1988-05-17,26200,,0.0,0.0,0.0
1988-05-18,22300,,0.0,0.0,0.0
1988-05-19,19700,,0.0,0.0,0.0
1988-05-20,18500,,0.0,0.0,0.0
1988-05-21,19300,,0.0,0.0,0.0
1988-05-22,22100,,0.0,0.0,0.0
1988-05-23,25900,,0.0,0.0,0.0
1988-05-24,23600,,0.0,0.0,0.0
1988-05-25,21300,,0.0,0.0,0.0
1988-05-26,20900,,0.0,1.0,0.0
1988-05-27,21400,,0.0,1.0,0.0
1988-05-28,26500,,0.0,0.0,0.0
1988-05-29,29000,,0.0,0.0,0.0
1988-05-30,22000,,0.0,0.0,0.0
1988-05-31,19400,,0.0,0.0,0.0
1988-06-01,19100,,0.0,0.0,0.0
1988-06-02,19700,,2.0,2.0,1.0
1988-06-03,22400,,2.0,2.0,1.0
1988-06-04,20900,,0.0,0.0,0.0
1988-06-05,19900,,0.0,0.0,0.0
1988-06-06,16900,,0.0,0.0,0.0
1988-06-07,16900,,0.0,0.0,0.0
1988-06-08,16400,,0.0,0.0,0.0
1988-06-09,16300,,0.0,0.0,0.0
1988-06-10,17600,,0.0,0.0,0.0
1988-06-11,18900,,0.0,0.0,0.0
1988-06-12,17900,,0.0,0.0,0.0
1988-06-13,17500,,0.0,0.0,0.0
1988-06-14,19800,,0.0,0.0,0.0
1988-06-15,24100,,0.0,0.0,0.0
1988-06-16,26700,,0.0,0.0,0.0
1988-06-17,28300,,0.0,0.0,0.0
1988-06-18,25800,,0.0,0.0,0.0
1988-06-19,25100,,0.0,0.0,0.0
1988-06-20,24500,,0.0,0.0,0.0
1988-06-21,25100,,2.0,2.0,1.0
1988-06-22,26400,,2.0,2.0,1.0
1988-06-23,27200,,0.0,0.0,0.0
1988-06-24,25300,,0.0,0.0,0.0
1988-06-25,24100,,0.0,0.0,0.0
1988-06-26,24700,,0.0,0.0,0.0
1988-06-27,24500,,0.0,0.0,0.0
1988-06-28,21700,,0.0,0.0,0.0
1988-06-29,20300,,0.0,0.0,0.0
1988-06-30,18500,,0.0,0.0,0.0
1988-07-01,15500,,1.0,1.0,0.0
1988-07-02,16800,13.72,1.0,1.0,0.0
1988-07-03,24000,16.34,0.0,0.0,0.0
1988-07-04,19300,14.69,0.0,0.0,0.0
1988-07-05,17100,13.87,0.0,0.0,0.0
1988-07-06,17400,14.0,0.0,0.0,0.0
1988-07-07,17500,14.05,0.0,0.0,0.0
1988-07-08,17200,13.91,0.0,0.0,0.0
1988-07-09,17700,14.1,0.0,0.0,0.0
1988-07-10,17400,13.99,0.0,0.0,0.0
1988-07-11,17300,13.96,0.0,0.0,0.0
1988-07-12,19800,14.87,1.0,0.0,0.0
1988-07-13,22600,15.87,1.0,0.0,0.0
1988-07-14,23200,16.09,0.0,0.0,0.0
1988-07-15,21600,15.5,0.0,0.0,0.0
1988-07-16,20200,15.01,0.0,0.0,0.0
1988-07-17,19700,14.84,0.0,0.0,0.0
1988-07-18,18100,14.25,0.0,0.0,0.0
1988-07-19,19400,14.73,0.0,0.0,0.0
1988-07-20,20600,15.16,0.0,0.0,0.0
1988-07-21,20400,15.09,0.0,0.0,0.0
1988-07-22,19400,14.72,0.0,0.0,0.0
1988-07-23,17500,14.04,0.0,0.0,0.0
1988-07-24,17000,13.84,0.0,0.0,0.0
1988-07-25,17200,13.93,0.0,0.0,0.0
1988-07-26,17300,13.95,0.0,0.0,0.0
1988-07-27,17200,13.93,0.0,0.0,0.0
1988-07-28,16800,13.76,0.0,0.0,0.0
1988-07-29,16500,13.66,0.0,0.0,0.0
1988-07-30,15100,13.1,0.0,0.0,0.0
1988-07-31,13600,12.53,0.0,0.0,0.0
1988-08-01,11600,11.69,0.0,0.0,0.0
1988-08-02,12600,12.12,0.0,0.0,0.0
1988-08-03,12600,12.1,0.0,0.0,0.0
1988-08-04,13000,12.3,0.0,0.0,0.0
1988-08-05,12600,12.12,0.0,0.0,0.0
1988-08-06,11700,11.73,0.0,0.0,0.0
1988-08-07,11300,11.59,0.0,0.0,0.0
1988-08-08,11100,11.49,0.0,0.0,1.0
1988-08-09,11100,11.49,0.0,0.0,1.0
1988-08-10,10300,11.13,0.0,0.0,0.0
1988-08-11,10400,11.17,0.0,0.0,0.0
1988-08-12,10400,11.17,0.0,0.0,0.0
1988-08-13,10500,11.24,0.0,0.0,0.0
1988-08-14,9950,10.98,0.0,0.0,0.0
1988-08-15,8990,10.57,0.0,0.0,0.0
1988-08-16,9770,10.91,0.0,0.0,0.0
1988-08-17,9920,10.98,0.0,0.0,0.0
1988-08-18,10100,11.05,0.0,0.0,0.0
1988-08-19,9340,10.72,0.0,0.0,0.0
1988-08-20,9430,10.76,0.0,0.0,0.0
1988-08-21,8380,10.28,0.0,0.0,0.0
1988-08-22,7540,9.9,0.0,0.0,0.0
1988-08-23,8700,10.43,0.0,0.0,0.0
1988-08-24,9000,10.57,0.0,0.0,0.0
1988-08-25,8530,10.36,0.0,0.0,0.0
1988-08-26,9240,10.68,0.0,0.0,0.0
1988-08-27,9110,10.62,0.0,0.0,0.0
1988-08-28,8680,10.43,0.0,0.0,0.0
1988-08-29,8930,10.54,0.0,0.0,0.0
1988-08-30,9580,10.83,0.0,0.0,0.0
1988-08-31,9190,10.66,0.0,0.0,0.0
1988-09-01,8670,10.42,0.0,0.0,0.0
1988-09-02,8390,10.29,0.0,0.0,0.0
1988-09-03,8390,10.3,0.0,0.0,0.0
1988-09-04,7590,9.92,0.0,0.0,0.0
1988-09-05,7910,10.08,0.0,0.0,0.0
1988-09-06,7820,10.03,0.0,0.0,0.0
1988-09-07,8830,10.5,0.0,0.0,0.0
1988-09-08,9310,10.71,0.0,0.0,0.0
1988-09-09,8800,10.48,0.0,0.0,0.0
1988-09-10,8340,10.27,0.0,0.0,0.0
1988-09-11,8070,10.14,0.0,0.0,0.0
1988-09-12,7420,9.82,0.0,0.0,0.0
1988-09-13,7670,9.96,0.0,0.0,0.0
1988-09-14,6810,9.54,0.0,0.0,0.0
1988-09-15,6800,9.53,0.0,0.0,0.0
1988-09-16,8070,10.14,0.0,0.0,0.0
1988-09-17,7990,10.11,0.0,0.0,0.0
1988-09-18,7430,9.83,1.0,1.0,0.0
1988-09-19,8740,10.45,1.0,1.0,0.0
1988-09-20,9720,10.9,0.0,0.0,0.0
1988-09-21,8990,10.57,0.0,0.0,0.0
1988-09-22,7890,10.05,0.0,0.0,0.0
1988-09-23,7770,10.0,0.0,0.0,0.0
1988-09-24,7720,9.98,1.0,0.0,0.0
1988-09-25,14500,12.69,1.0,0.0,0.0
1988-09-26,20300,15.05,0.0,0.0,0.0
1988-09-27,17400,13.99,0.0,0.0,0.0
1988-09-28,16700,13.73,0.0,1.0,1.0
1988-09-29,12600,12.13,0.0,1.0,1.0
1988-09-30,11300,11.59,0.0,0.0,0.0
1988-10-01,11000,11.51,0.0,0.0,0.0
1988-10-02,10600,11.32,0.0,0.0,0.0
1988-10-03,9900,11.0,0.0,0.0,0.0
1988-10-04,9850,10.98,0.0,0.0,0.0
1988-10-05,10200,11.14,0.0,0.0,0.0
1988-10-06,10100,11.11,0.0,0.0,0.0
1988-10-07,10100,,0.0,0.0,0.0
1988-10-08,10300,,0.0,0.0,0.0
1988-10-09,10000,,0.0,0.0,0.0
1988-10-10,8000,,0.0,0.0,0.0
1988-10-11,7000,,0.0,0.0,0.0
1988-10-12,7100,,2.0,2.0,1.0
1988-10-13,6820,9.54,2.0,2.0,1.0
1988-10-14,9370,10.73,4.0,4.0,3.0
1988-10-15,25000,16.97,4.0,4.0,3.0
1988-10-16,42200,22.14,4.0,4.0,3.0
1988-10-17,43700,22.5,4.0,4.0,0.0
1988-10-18,23500,16.43,0.0,0.0,0.0
1988-10-19,20300,15.25,0.0,0.0,0.0
1988-10-20,18700,14.68,0.0,0.0,0.0
1988-10-21,16400,13.77,1.0,1.0,1.0
1988-10-22,17300,14.12,0.0,1.0,1.0
1988-10-23,16500,13.78,0.0,1.0,1.0
1988-10-24,15800,13.51,0.0,1.0,1.0
1988-10-25,16300,13.7,0.0,0.0,0.0
1988-10-26,15800,13.51,0.0,0.0,0.0
1988-10-27,14200,12.85,0.0,0.0,0.0
1988-10-28,13700,12.64,0.0,0.0,0.0
1988-10-29,14500,12.99,0.0,0.0,0.0
1988-10-30,14400,12.96,0.0,0.0,0.0
1988-10-31,14800,13.12,2.0,2.0,2.0
1988-11-01,15600,13.44,2.0,2.0,2.0
1988-11-02,19200,14.84,2.0,2.0,1.0
1988-11-03,24500,16.81,2.0,2.0,1.0
1988-11-04,25900,17.31,0.0,0.0,0.0
1988-11-05,23600,16.49,4.0,4.0,3.0
1988-11-06,47200,23.46,4.0,4.0,3.0
1988-11-07,36800,20.73,0.0,0.0,0.0
1988-11-08,26700,17.6,0.0,0.0,0.0
1988-11-09,23900,16.59,0.0,0.0,0.0
1988-11-10,22300,16.01,0.0,0.0,0.0
1988-11-11,23700,16.53,0.0,0.0,0.0
1988-11-12,23600,16.5,0.0,0.0,0.0
1988-11-13,23200,16.35,0.0,0.0,0.0
1988-11-14,21000,15.53,0.0,0.0,0.0
1988-11-15,19500,14.98,0.0,0.0,0.0
1988-11-16,18700,14.67,0.0,0.0,0.0
1988-11-17,18400,14.54,0.0,0.0,0.0
1988-11-18,17300,14.13,0.0,0.0,0.0
1988-11-19,16100,13.64,0.0,0.0,0.0
1988-11-20,19000,14.76,0.0,0.0,0.0
1988-11-21,20900,15.49,1.0,1.0,0.0
1988-11-22,23200,16.36,1.0,1.0,0.0
1988-11-23,25600,17.21,0.0,0.0,0.0
1988-11-24,22100,15.96,0.0,0.0,0.0
1988-11-25,19700,15.04,0.0,0.0,0.0
1988-11-26,17900,14.37,0.0,0.0,0.0
1988-11-27,16700,13.89,1.0,1.0,0.0
1988-11-28,19400,14.94,0.0,0.0,0.0
1988-11-29,19300,14.9,0.0,0.0,0.0
1988-11-30,17600,14.23,0.0,0.0,0.0
1988-12-01,17100,14.03,0.0,1.0,1.0
1988-12-02,17500,14.21,0.0,1.0,1.0
1988-12-03,17500,14.2,0.0,0.0,0.0
1988-12-04,17000,14.01,0.0,0.0,0.0
1988-12-05,16900,13.96,0.0,0.0,0.0
1988-12-06,17800,14.29,0.0,0.0,0.0
1988-12-07,20300,15.27,0.0,0.0,0.0
1988-12-08,18600,14.63,0.0,0.0,0.0
1988-12-09,18000,14.39,0.0,0.0,0.0
1988-12-10,17500,14.19,0.0,0.0,0.0
1988-12-11,16700,13.86,2.0,2.0,0.0
1988-12-12,18600,14.63,2.0,2.0,1.0
1988-12-13,34000,19.9,2.0,2.0,1.0
1988-12-14,28200,18.1,0.0,0.0,0.0
1988-12-15,22300,16.0,0.0,0.0,0.0
1988-12-16,19600,15.02,0.0,0.0,0.0
1988-12-17,18300,14.51,0.0,0.0,0.0
1988-12-18,17500,14.17,0.0,0.0,0.0
1988-12-19,17100,14.05,0.0,0.0,0.0
1988-12-20,16500,13.81,0.0,0.0,0.0
1988-12-21,16100,13.63,0.0,0.0,0.0
1988-12-22,15500,13.4,0.0,0.0,0.0
1988-12-23,14500,13.0,0.0,0.0,0.0
1988-12-24,13800,12.7,0.0,0.0,0.0
1988-12-25,13400,12.54,0.0,0.0,0.0
1988-12-26,12700,12.25,0.0,0.0,0.0
1988-12-27,12800,12.3,0.0,0.0,0.0
1988-12-28,11800,11.82,0.0,0.0,0.0
1988-12-29,11600,11.76,2.0,2.0,0.0
1988-12-30,16100,13.62,2.0,2.0,0.0
1988-12-31,17400,14.13,0.0,0.0,0.0
1989-01-01,13300,12.48,0.0,0.0,0.0
1989-01-02,12900,12.31,1.0,0.0,0.0
1989-01-03,14100,12.78,1.0,2.0,2.0
1989-01-04,26100,17.38,1.0,2.0,0.0
1989-01-05,21700,15.79,0.0,0.0,0.0
1989-01-06,18900,14.74,0.0,0.0,0.0
1989-01-07,17500,14.18,0.0,0.0,0.0
1989-01-08,16500,13.77,0.0,0.0,0.0
1989-01-09,17400,14.15,0.0,0.0,0.0
1989-01-10,17800,14.33,0.0,0.0,0.0
1989-01-11,17000,14.01,0.0,0.0,0.0
1989-01-12,16300,13.73,0.0,0.0,0.0
1989-01-13,16300,13.71,0.0,0.0,0.0
1989-01-14,16600,13.83,0.0,0.0,0.0
1989-01-15,15400,13.35,0.0,0.0,0.0
1989-01-16,19300,14.9,1.0,1.0,1.0
1989-01-17,25100,17.04,1.0,1.0,1.0
1989-01-18,25100,17.03,0.0,0.0,0.0
1989-01-19,23400,16.43,0.0,0.0,0.0
1989-01-20,20500,15.34,0.0,0.0,0.0
1989-01-21,19900,15.14,0.0,0.0,0.0
1989-01-22,19200,14.86,0.0,0.0,0.0
1989-01-23,18500,14.57,0.0,0.0,0.0
1989-01-24,17500,14.17,0.0,0.0,0.0
1989-01-25,16300,13.73,0.0,0.0,0.0
1989-01-26,15500,13.38,0.0,0.0,0.0
1989-01-27,15600,13.44,0.0,0.0,0.0
1989-01-28,15300,13.3,1.0,1.0,3.0
1989-01-29,14800,13.1,1.0,2.0,3.0
1989-01-30,16500,13.78,2.0,2.0,3.0
1989-01-31,24900,16.96,2.0,2.0,3.0
1989-02-01,22000,15.9,0.0,0.0,0.0
1989-02-02,19800,15.17,0.0,0.0,0.0
1989-02-03,19000,15.16,0.0,0.0,0.0
1989-02-04,18500,15.16,0.0,0.0,0.0
1989-02-05,18000,15.15,0.0,0.0,0.0
1989-02-06,17500,14.65,0.0,0.0,0.0
1989-02-07,16200,13.68,0.0,0.0,0.0
1989-02-08,15800,13.51,0.0,0.0,0.0
1989-02-09,15500,13.4,0.0,0.0,0.0
1989-02-10,14800,13.09,0.0,0.0,0.0
1989-02-11,13800,12.69,0.0,0.0,0.0
1989-02-12,12200,12.01,0.0,0.0,0.0
1989-02-13,11000,11.5,0.0,0.0,0.0
1989-02-14,12700,12.23,0.0,0.0,0.0
1989-02-15,14200,12.84,0.0,0.0,0.0
1989-02-16,13500,12.57,0.0,0.0,0.0
1989-02-17,14400,12.94,0.0,0.0,0.0
1989-02-18,13700,12.63,0.0,0.0,0.0
1989-02-19,13600,12.59,0.0,0.0,0.0
1989-02-20,13700,12.65,0.0,0.0,0.0
1989-02-21,13500,12.57,2.0,0.0,0.0
1989-02-22,13500,,2.0,0.0,0.0
1989-02-23,14000,,0.0,0.0,0.0
1989-02-24,15200,,0.0,0.0,0.0
1989-02-25,14500,,0.0,0.0,0.0
1989-02-26,13500,,0.0,0.0,0.0
1989-02-27,14000,,0.0,0.0,0.0
1989-02-28,12500,12.14,0.0,0.0,0.0
1989-03-01,11700,11.8,0.0,0.0,0.0
1989-03-02,13600,12.59,0.0,0.0,0.0
1989-03-03,11300,11.63,0.0,0.0,0.0
1989-03-04,11200,11.59,2.0,2.0,0.0
1989-03-05,12200,12.03,2.0,2.0,0.0
1989-03-06,14400,12.94,2.0,2.0,0.0
1989-03-07,14500,12.98,0.0,0.0,0.0
1989-03-08,10600,11.3,0.0,0.0,0.0
1989-03-09,9620,10.88,0.0,0.0,0.0
1989-03-10,11800,11.82,0.0,0.0,0.0
1989-03-11,14400,12.95,1.0,1.0,0.0
1989-03-12,16300,13.7,0.0,0.0,0.0
1989-03-13,15400,13.35,0.0,0.0,0.0
1989-03-14,15700,13.47,0.0,0.0,0.0
1989-03-15,12900,12.33,0.0,0.0,0.0
1989-03-16,11100,11.52,0.0,0.0,0.0
1989-03-17,12200,12.0,0.0,0.0,0.0
1989-03-18,10100,11.07,0.0,0.0,0.0
1989-03-19,9660,10.89,0.0,0.0,0.0
1989-03-20,9180,10.67,0.0,0.0,0.0
1989-03-21,9830,10.97,0.0,0.0,0.0
1989-03-22,11000,11.51,0.0,0.0,0.0
1989-03-23,10400,11.24,0.0,0.0,0.0
1989-03-24,9630,10.88,0.0,0.0,0.0
1989-03-25,9890,11.0,0.0,0.0,0.0
1989-03-26,10400,11.24,0.0,0.0,0.0
1989-03-27,10700,11.37,0.0,0.0,0.0
1989-03-28,12200,12.0,0.0,0.0,0.0
1989-03-29,11800,11.84,0.0,0.0,0.0
1989-03-30,10800,11.4,0.0,0.0,0.0
1989-03-31,10500,11.26,0.0,0.0,0.0
1989-04-01,9840,10.98,0.0,0.0,0.0
1989-04-02,10000,11.06,0.0,0.0,0.0
1989-04-03,9720,10.92,0.0,0.0,0.0
1989-04-04,10000,11.06,0.0,0.0,0.0
1989-04-05,16100,13.54,4.0,3.0,2.0
1989-04-06,29000,18.38,4.0,3.0,2.0
1989-04-07,25100,17.06,4.0,3.0,0.0
1989-04-08,22900,16.24,0.0,0.0,0.0
1989-04-09,18300,14.51,0.0,0.0,0.0
1989-04-10,16100,13.63,0.0,0.0,0.0
1989-04-11,16000,13.62,0.0,0.0,0.0
1989-04-12,16200,13.69,0.0,0.0,0.0
1989-04-13,16700,13.89,0.0,0.0,0.0
1989-04-14,19300,14.88,0.0,0.0,0.0
1989-04-15,22800,16.22,0.0,0.0,0.0
1989-04-16,22500,16.1,0.0,0.0,0.0
1989-04-17,19900,15.13,0.0,0.0,0.0
1989-04-18,18300,14.5,0.0,0.0,0.0
1989-04-19,19700,15.05,1.0,1.0,1.0
1989-04-20,22300,16.02,1.0,1.0,1.0
1989-04-21,24800,16.92,0.0,0.0,0.0
1989-04-22,22300,16.0,0.0,0.0,0.0
1989-04-23,17300,14.09,0.0,0.0,0.0
1989-04-24,16000,13.58,0.0,0.0,0.0
1989-04-25,16100,13.63,0.0,0.0,0.0
1989-04-26,16200,13.7,0.0,0.0,0.0
1989-04-27,16600,13.84,0.0,0.0,0.0
1989-04-28,16700,13.89,0.0,0.0,0.0
1989-04-29,18400,14.54,0.0,0.0,0.0
1989-04-30,16500,13.8,0.0,0.0,0.0
1989-05-01,17400,14.15,0.0,0.0,0.0
1989-05-02,18800,14.69,0.0,0.0,0.0
1989-05-03,17600,14.25,0.0,0.0,0.0
1989-05-04,18600,14.61,0.0,0.0,0.0
1989-05-05,20400,15.3,0.0,0.0,0.0
1989-05-06,22400,16.05,0.0,0.0,0.0
1989-05-07,26300,17.48,0.0,0.0,0.0
1989-05-08,27300,17.81,0.0,0.0,0.0
1989-05-09,28500,18.23,0.0,0.0,0.0
1989-05-10,25900,17.33,0.0,0.0,0.0
1989-05-11,23400,16.41,0.0,0.0,0.0
1989-05-12,20300,15.26,0.0,0.0,0.0
1989-05-13,17400,14.16,0.0,0.0,0.0
1989-05-14,15200,13.25,0.0,0.0,0.0
1989-05-15,14600,13.04,0.0,0.0,0.0
1989-05-16,15500,13.39,0.0,0.0,0.0
1989-05-17,17500,14.17,0.0,0.0,0.0
1989-05-18,20800,15.48,0.0,0.0,0.0
1989-05-19,18700,14.67,0.0,0.0,0.0
1989-05-20,16500,13.78,0.0,0.0,0.0
1989-05-21,15000,13.18,0.0,0.0,0.0
1989-05-22,14400,12.95,0.0,0.0,0.0
1989-05-23,14800,13.1,0.0,0.0,0.0
1989-05-24,15400,13.34,0.0,0.0,0.0
1989-05-25,14700,13.07,0.0,0.0,0.0
1989-05-26,12900,12.32,0.0,0.0,0.0
1989-05-27,14100,12.84,0.0,0.0,0.0
1989-05-28,14100,12.84,0.0,0.0,0.0
1989-05-29,13200,12.43,0.0,0.0,0.0
1989-05-30,12600,12.18,0.0,0.0,0.0
1989-05-31,14000,12.79,0.0,0.0,0.0
1989-06-01,16000,13.59,0.0,0.0,0.0
1989-06-02,22100,15.91,0.0,0.0,0.0
1989-06-03,28800,18.33,0.0,0.0,0.0
1989-06-04,28500,18.23,0.0,0.0,0.0
1989-06-05,28300,18.16,0.0,0.0,0.0
1989-06-06,29900,18.7,0.0,0.0,0.0
1989-06-07,28000,18.07,0.0,0.0,0.0
1989-06-08,26500,17.56,0.0,0.0,0.0
1989-06-09,26000,17.35,0.0,0.0,0.0
1989-06-10,23800,16.55,0.0,0.0,0.0
1989-06-11,22400,16.05,0.0,0.0,0.0
1989-06-12,23800,16.57,0.0,0.0,0.0
1989-06-13,26300,17.46,2.0,2.0,2.0
1989-06-14,27600,17.92,2.0,2.0,2.0
1989-06-15,28100,18.11,0.0,0.0,0.0
1989-06-16,24400,16.78,0.0,0.0,0.0
1989-06-17,20700,15.42,0.0,0.0,0.0
1989-06-18,19500,14.99,0.0,0.0,0.0
1989-06-19,19400,14.95,0.0,0.0,0.0
1989-06-20,20200,15.24,0.0,0.0,0.0
1989-06-21,18600,14.62,1.0,1.0,0.0
1989-06-22,17800,14.3,1.0,1.0,0.0
1989-06-23,18600,14.64,0.0,0.0,0.0
1989-06-24,19200,14.87,0.0,0.0,0.0
1989-06-25,20000,15.18,0.0,0.0,0.0
1989-06-26,22100,15.96,0.0,0.0,0.0
1989-06-27,20100,15.19,0.0,0.0,0.0
1989-06-28,18000,14.4,0.0,0.0,0.0
1989-06-29,17200,14.08,2.0,0.0,0.0
1989-06-30,17600,14.25,2.0,1.0,0.0
1989-07-01,18800,14.68,2.0,1.0,0.0
1989-07-02,19700,15.04,2.0,1.0,0.0
1989-07-03,18300,14.52,0.0,0.0,0.0
1989-07-04,17500,14.18,0.0,0.0,0.0
1989-07-05,16200,13.66,0.0,0.0,0.0
1989-07-06,16000,13.59,0.0,0.0,0.0
1989-07-07,16500,13.79,0.0,0.0,0.0
1989-07-08,16900,13.94,0.0,0.0,0.0
1989-07-09,16200,13.69,0.0,0.0,0.0
1989-07-10,16300,13.7,0.0,0.0,0.0
1989-07-11,15300,13.32,0.0,0.0,0.0
1989-07-12,15600,13.44,0.0,0.0,0.0
1989-07-13,17000,13.99,0.0,0.0,0.0
1989-07-14,18600,14.63,0.0,0.0,0.0
1989-07-15,20200,15.23,0.0,0.0,0.0
1989-07-16,21700,15.81,0.0,0.0,0.0
1989-07-17,17700,14.28,1.0,0.0,0.0
1989-07-18,17300,14.1,1.0,0.0,0.0
1989-07-19,17600,14.22,1.0,0.0,0.0
1989-07-20,18000,14.37,0.0,0.0,0.0
1989-07-21,17200,14.07,0.0,0.0,0.0
1989-07-22,16200,13.68,0.0,0.0,0.0
1989-07-23,15300,13.33,0.0,0.0,0.0
1989-07-24,15300,13.33,0.0,0.0,0.0
1989-07-25,13800,12.69,0.0,0.0,0.0
1989-07-26,13000,12.37,0.0,0.0,0.0
1989-07-27,12400,12.11,0.0,0.0,0.0
1989-07-28,12200,12.01,0.0,0.0,0.0
1989-07-29,11200,11.58,0.0,0.0,0.0
1989-07-30,11500,11.7,0.0,0.0,0.0
1989-07-31,11800,11.86,0.0,0.0,0.0
1989-08-01,11500,11.72,0.0,0.0,0.0
1989-08-02,11200,11.58,0.0,0.0,0.0
1989-08-03,11500,11.73,0.0,0.0,0.0
1989-08-04,11400,11.66,0.0,0.0,0.0
1989-08-05,11000,11.5,0.0,0.0,0.0
1989-08-06,10900,11.46,0.0,0.0,0.0
1989-08-07,11400,11.67,0.0,0.0,0.0
1989-08-08,11600,11.76,0.0,0.0,0.0
1989-08-09,11700,11.82,0.0,0.0,0.0
1989-08-10,11800,11.86,0.0,0.0,0.0
1989-08-11,11100,11.52,0.0,0.0,0.0
1989-08-12,10300,11.18,0.0,0.0,0.0
1989-08-13,9110,10.63,0.0,0.0,0.0
1989-08-14,8510,10.36,0.0,0.0,0.0
1989-08-15,9870,10.98,0.0,0.0,0.0
1989-08-16,10900,11.45,0.0,0.0,0.0
1989-08-17,11000,11.48,0.0,0.0,0.0
1989-08-18,10400,11.22,0.0,0.0,0.0
1989-08-19,10000,11.04,0.0,0.0,0.0
1989-08-20,9680,10.89,1.0,1.0,1.0
1989-08-21,11000,11.5,1.0,1.0,1.0
1989-08-22,17300,14.13,0.0,0.0,0.0
1989-08-23,15400,13.36,0.0,0.0,0.0
1989-08-24,12800,12.28,0.0,0.0,0.0
1989-08-25,11200,11.58,0.0,0.0,0.0
1989-08-26,9370,10.76,0.0,0.0,0.0
1989-08-27,9350,10.74,0.0,0.0,0.0
1989-08-28,9240,10.7,0.0,0.0,0.0
1989-08-29,8870,10.52,0.0,0.0,0.0
1989-08-30,9320,10.73,0.0,0.0,0.0
1989-08-31,8640,10.41,0.0,0.0,0.0
1989-09-01,8420,10.31,0.0,0.0,0.0
1989-09-02,8970,10.57,0.0,0.0,0.0
1989-09-03,8790,10.49,0.0,0.0,0.0
1989-09-04,8210,10.21,0.0,0.0,0.0
1989-09-05,8250,10.23,0.0,0.0,0.0
1989-09-06,8030,10.13,0.0,0.0,0.0
1989-09-07,7700,10.0,0.0,0.0,0.0
1989-09-08,7600,9.94,0.0,0.0,0.0
1989-09-09,7840,10.04,0.0,0.0,0.0
1989-09-10,8130,10.18,0.0,0.0,0.0
1989-09-11,7600,9.94,0.0,0.0,0.0
1989-09-12,6900,9.65,0.0,0.0,0.0
1989-09-13,7200,9.77,0.0,0.0,0.0
1989-09-14,7900,10.08,0.0,0.0,0.0
1989-09-15,7970,10.11,0.0,0.0,0.0
1989-09-16,7700,10.01,0.0,0.0,0.0
1989-09-17,7500,9.92,0.0,0.0,0.0
1989-09-18,7400,9.94,0.0,0.0,0.0
1989-09-19,7200,9.8,0.0,0.0,0.0
1989-09-20,7300,9.86,0.0,0.0,0.0
1989-09-21,7300,9.87,0.0,0.0,0.0
1989-09-22,6900,9.65,0.0,0.0,0.0
1989-09-23,6700,9.47,0.0,0.0,0.0
1989-09-24,6570,9.41,0.0,0.0,0.0
1989-09-25,7820,10.02,0.0,0.0,0.0
1989-09-26,8050,10.14,0.0,0.0,0.0
1989-09-27,8090,10.15,0.0,0.0,0.0
1989-09-28,8180,10.2,0.0,0.0,0.0
1989-09-29,8140,10.18,0.0,0.0,0.0
1989-09-30,7700,9.96,0.0,0.0,0.0
1989-10-01,7120,9.68,0.0,0.0,0.0
1989-10-02,5690,8.96,0.0,0.0,0.0
1989-10-03,6100,9.17,0.0,0.0,0.0
1989-10-04,6120,9.18,0.0,0.0,0.0
1989-10-05,6130,9.19,0.0,0.0,0.0
1989-10-06,5730,8.97,0.0,0.0,0.0
1989-10-07,6740,9.5,0.0,0.0,0.0
1989-10-08,7020,9.64,0.0,0.0,0.0
1989-10-09,6660,9.45,0.0,0.0,0.0
1989-10-10,6800,9.52,1.0,1.0,1.0
1989-10-11,8140,10.18,2.0,2.0,2.0
1989-10-12,10400,11.24,2.0,2.0,2.0
1989-10-13,13300,12.5,0.0,0.0,0.0
1989-10-14,13300,12.49,0.0,0.0,0.0
1989-10-15,10500,11.28,0.0,0.0,0.0
1989-10-16,9640,10.88,0.0,0.0,0.0
1989-10-17,9300,10.73,2.0,2.0,2.0
1989-10-18,9170,10.66,2.0,2.0,2.0
1989-10-19,9560,10.85,0.0,0.0,0.0
1989-10-20,9300,10.73,1.0,0.0,0.0
1989-10-21,10900,11.43,1.0,0.0,0.0
1989-10-22,11500,11.71,2.0,2.0,1.0
1989-10-23,11000,11.51,2.0,2.0,1.0
1989-10-24,14400,12.92,0.0,0.0,0.0
1989-10-25,13100,12.42,0.0,0.0,0.0
1989-10-26,12400,12.12,0.0,0.0,0.0
1989-10-27,14600,13.04,0.0,0.0,0.0
1989-10-28,12400,12.1,0.0,0.0,0.0
1989-10-29,10800,11.43,0.0,0.0,0.0
1989-10-30,10400,11.21,0.0,0.0,0.0
1989-10-31,10400,11.23,0.0,0.0,0.0
1989-11-01,10300,11.2,0.0,0.0,0.0
1989-11-02,12100,11.97,2.0,2.0,2.0
1989-11-03,13300,12.49,2.0,2.0,2.0
1989-11-04,29800,18.54,2.0,2.0,2.0
1989-11-05,25900,17.28,0.0,0.0,0.0
1989-11-06,23100,16.27,0.0,0.0,0.0
1989-11-07,30900,19.01,0.0,0.0,0.0
1989-11-08,25500,17.16,3.0,3.0,4.0
1989-11-09,50600,24.25,3.0,3.0,4.0
1989-11-10,72200,28.73,3.0,3.0,4.0
1989-11-11,84000,30.54,3.0,3.0,4.0
1989-11-12,61900,26.71,3.0,0.0,0.0
1989-11-13,35400,20.37,0.0,0.0,0.0
1989-11-14,31000,19.04,0.0,0.0,0.0
1989-11-15,35200,20.34,0.0,0.0,0.0
1989-11-16,30800,18.92,0.0,0.0,0.0
1989-11-17,24600,16.86,0.0,0.0,0.0
1989-11-18,23100,16.31,0.0,0.0,0.0
1989-11-19,22700,16.16,3.0,2.0,1.0
1989-11-20,27300,17.82,3.0,2.0,0.0
1989-11-21,28100,18.11,3.0,0.0,0.0
1989-11-22,25600,17.23,0.0,0.0,0.0
1989-11-23,24000,16.64,1.0,1.0,0.0
1989-11-24,25900,17.31,0.0,0.0,0.0
1989-11-25,24800,16.94,0.0,0.0,0.0
1989-11-26,23300,16.39,0.0,0.0,0.0
1989-11-27,22300,16.02,0.0,0.0,0.0
1989-11-28,19300,14.89,0.0,0.0,0.0
1989-11-29,18100,14.44,0.0,0.0,0.0
1989-11-30,17200,14.07,0.0,0.0,0.0
1989-12-01,16700,13.86,2.0,2.0,2.0
1989-12-02,16400,13.77,2.0,2.0,2.0
1989-12-03,26100,17.32,3.0,3.0,2.0
1989-12-04,47600,23.37,3.0,3.0,2.0
1989-12-05,88200,31.09,0.0,0.0,0.0
1989-12-06,67900,27.92,0.0,0.0,0.0
1989-12-07,46600,23.4,1.0,1.0,1.0
1989-12-08,40500,21.83,1.0,1.0,1.0
1989-12-09,37000,20.85,0.0,0.0,0.0
1989-12-10,31000,19.04,0.0,0.0,0.0
1989-12-11,27300,17.83,0.0,0.0,0.0
1989-12-12,24900,16.97,0.0,0.0,0.0
1989-12-13,23200,16.34,0.0,0.0,0.0
1989-12-14,20000,15.17,0.0,0.0,0.0
1989-12-15,19000,14.77,0.0,0.0,0.0
1989-12-16,17600,14.24,0.0,0.0,0.0
1989-12-17,16800,13.91,0.0,0.0,0.0
1989-12-18,16100,13.65,0.0,0.0,0.0
1989-12-19,16100,13.65,0.0,0.0,0.0
1989-12-20,15800,13.51,0.0,0.0,0.0
1989-12-21,15300,13.32,0.0,0.0,0.0
1989-12-22,15100,13.25,0.0,0.0,0.0
1989-12-23,15300,13.3,0.0,0.0,0.0
1989-12-24,15200,13.26,0.0,0.0,0.0
1989-12-25,14800,13.11,0.0,0.0,0.0
1989-12-26,14500,12.97,0.0,0.0,0.0
1989-12-27,14300,12.9,0.0,0.0,0.0
1989-12-28,13700,12.66,0.0,0.0,0.0
1989-12-29,13600,12.62,0.0,0.0,0.0
1989-12-30,11100,11.54,0.0,0.0,0.0
1989-12-31,9580,10.86,0.0,0.0,0.0
1990-01-01,11400,11.66,0.0,0.0,0.0
1990-01-02,12800,12.28,0.0,0.0,0.0
1990-01-03,12300,12.07,0.0,0.0,0.0
1990-01-04,13200,12.44,0.0,0.0,0.0
1990-01-05,14700,13.07,1.0,1.0,1.0
1990-01-06,22900,16.24,2.0,1.0,1.0
1990-01-07,27300,17.81,2.0,1.0,1.0
1990-01-08,28800,18.34,0.0,0.0,0.0
1990-01-09,30900,18.93,1.0,0.0,0.0
1990-01-10,47400,23.6,1.0,0.0,0.0
1990-01-11,32300,19.43,0.0,0.0,0.0
1990-01-12,26900,17.69,0.0,0.0,0.0
1990-01-13,24000,16.63,0.0,0.0,0.0
1990-01-14,20500,15.34,0.0,0.0,0.0
1990-01-15,17100,14.05,0.0,0.0,0.0
1990-01-16,19900,15.11,0.0,0.0,0.0
1990-01-17,19900,15.11,0.0,0.0,0.0
1990-01-18,19200,14.87,0.0,0.0,0.0
1990-01-19,18900,14.73,0.0,0.0,0.0
1990-01-20,18200,14.48,0.0,0.0,0.0
1990-01-21,17900,14.34,0.0,0.0,0.0
1990-01-22,18600,14.6,0.0,0.0,0.0
1990-01-23,19800,15.07,0.0,0.0,0.0
1990-01-24,19100,14.82,0.0,0.0,0.0
1990-01-25,19100,14.82,0.0,0.0,0.0
1990-01-26,19100,14.81,0.0,0.0,0.0
1990-01-27,15800,13.5,0.0,0.0,0.0
1990-01-28,16200,13.68,0.0,0.0,0.0
1990-01-29,18300,14.5,0.0,0.0,0.0
1990-01-30,17500,14.19,0.0,0.0,0.0
1990-01-31,16200,13.68,0.0,0.0,0.0
1990-02-01,15000,13.18,0.0,0.0,0.0
1990-02-02,15100,13.21,1.0,0.0,0.0
1990-02-03,16800,13.9,1.0,0.0,0.0
1990-02-04,17500,14.18,0.0,0.0,0.0
1990-02-05,18700,14.65,0.0,0.0,0.0
1990-02-06,19400,14.94,0.0,0.0,0.0
1990-02-07,18700,14.67,0.0,0.0,0.0
1990-02-08,18700,14.68,0.0,0.0,0.0
1990-02-09,18600,14.62,3.0,3.0,3.0
1990-02-10,29200,18.38,3.0,3.0,3.0
1990-02-11,39900,21.68,3.0,3.0,3.0
1990-02-12,33500,19.79,0.0,0.0,0.0
1990-02-13,26100,17.38,0.0,0.0,0.0
1990-02-14,22700,16.18,0.0,0.0,0.0
1990-02-15,21500,15.74,0.0,0.0,0.0
1990-02-16,20300,15.29,0.0,0.0,0.0
1990-02-17,19500,14.96,0.0,0.0,0.0
1990-02-18,18100,14.44,0.0,0.0,0.0
1990-02-19,17800,14.3,0.0,0.0,0.0
1990-02-20,17600,14.23,0.0,0.0,0.0
1990-02-21,18100,14.44,0.0,0.0,0.0
1990-02-22,16700,13.86,0.0,0.0,0.0
1990-02-23,15200,13.28,0.0,0.0,0.0
1990-02-24,15700,13.46,0.0,0.0,0.0
1990-02-25,16500,13.81,0.0,0.0,0.0
1990-02-26,17400,14.17,0.0,0.0,0.0
1990-02-27,18000,14.38,0.0,0.0,0.0
1990-02-28,15900,13.56,0.0,0.0,0.0
1990-03-01,15500,13.4,0.0,0.0,0.0
1990-03-02,16900,13.95,0.0,0.0,0.0
1990-03-03,16300,13.72,0.0,0.0,0.0
1990-03-04,14800,13.11,0.0,0.0,0.0
1990-03-05,14700,13.07,0.0,0.0,0.0
1990-03-06,16100,13.64,0.0,0.0,0.0
1990-03-07,20100,15.19,0.0,0.0,0.0
1990-03-08,21300,15.66,0.0,0.0,0.0
1990-03-09,19900,15.13,0.0,0.0,0.0
1990-03-10,20900,15.48,0.0,0.0,0.0
1990-03-11,20600,15.39,0.0,0.0,0.0
1990-03-12,18900,14.73,0.0,0.0,0.0
1990-03-13,18600,14.61,0.0,0.0,0.0
1990-03-14,18400,14.53,0.0,0.0,0.0
1990-03-15,16500,13.81,0.0,0.0,0.0
1990-03-16,15900,13.54,0.0,0.0,0.0
1990-03-17,14800,13.11,0.0,0.0,0.0
1990-03-18,14000,12.77,0.0,0.0,0.0
1990-03-19,17000,14.0,0.0,0.0,0.0
1990-03-20,19500,14.98,0.0,0.0,0.0
1990-03-21,20500,15.33,0.0,0.0,0.0
1990-03-22,19000,14.76,0.0,0.0,0.0
1990-03-23,19200,14.86,0.0,0.0,0.0
1990-03-24,17200,14.08,0.0,0.0,0.0
1990-03-25,16200,13.67,0.0,0.0,0.0
1990-03-26,14800,13.09,0.0,0.0,0.0
1990-03-27,14500,12.97,0.0,0.0,0.0
1990-03-28,16000,13.58,0.0,0.0,0.0
1990-03-29,16000,13.59,0.0,0.0,0.0
1990-03-30,16600,13.84,0.0,0.0,0.0
1990-03-31,16300,13.71,0.0,0.0,0.0
1990-04-01,15300,13.31,0.0,0.0,0.0
1990-04-02,15800,13.53,0.0,0.0,0.0
1990-04-03,18000,14.4,0.0,0.0,0.0
1990-04-04,17900,14.34,0.0,0.0,0.0
1990-04-05,17800,14.32,0.0,0.0,0.0
1990-04-06,18400,14.56,0.0,0.0,0.0
1990-04-07,18300,14.52,0.0,0.0,0.0
1990-04-08,18500,14.56,0.0,0.0,0.0
1990-04-09,18700,14.67,0.0,0.0,0.0
1990-04-10,16800,13.93,0.0,0.0,0.0
1990-04-11,18000,14.39,0.0,0.0,0.0
1990-04-12,20800,15.47,0.0,0.0,0.0
1990-04-13,21300,15.67,0.0,0.0,0.0
1990-04-14,20400,15.31,0.0,0.0,0.0
1990-04-15,21900,15.89,0.0,0.0,0.0
1990-04-16,24000,16.65,0.0,0.0,0.0
1990-04-17,25700,17.25,0.0,0.0,0.0
1990-04-18,24200,16.7,0.0,0.0,0.0
1990-04-19,21200,15.62,0.0,0.0,0.0
1990-04-20,20800,15.48,0.0,0.0,0.0
1990-04-21,21200,15.6,0.0,0.0,0.0
1990-04-22,20500,15.34,0.0,0.0,0.0
1990-04-23,21200,15.59,0.0,0.0,0.0
1990-04-24,21600,15.76,0.0,0.0,0.0
1990-04-25,19600,15.0,0.0,0.0,0.0
1990-04-26,19700,15.03,0.0,0.0,0.0
1990-04-27,20700,15.44,0.0,0.0,0.0
1990-04-28,20000,15.14,0.0,0.0,0.0
1990-04-29,19000,14.77,0.0,0.0,0.0
1990-04-30,17200,14.06,0.0,0.0,0.0
1990-05-01,15700,13.48,1.0,0.0,0.0
1990-05-02,16900,13.97,1.0,0.0,0.0
1990-05-03,17400,14.14,0.0,0.0,0.0
1990-05-04,16300,13.71,0.0,0.0,0.0
1990-05-05,21400,15.69,0.0,0.0,0.0
1990-05-06,25400,17.16,0.0,0.0,0.0
1990-05-07,23300,16.37,0.0,0.0,0.0
1990-05-08,20000,15.17,0.0,0.0,0.0
1990-05-09,18300,14.49,0.0,0.0,0.0
1990-05-10,17600,14.22,0.0,0.0,0.0
1990-05-11,17500,14.18,0.0,0.0,0.0
1990-05-12,17500,14.19,0.0,0.0,0.0
1990-05-13,16400,13.74,0.0,0.0,0.0
1990-05-14,17700,14.28,0.0,0.0,0.0
1990-05-15,16700,13.87,0.0,0.0,0.0
1990-05-16,15900,13.56,0.0,0.0,0.0
1990-05-17,16300,13.72,0.0,0.0,0.0
1990-05-18,15600,13.44,0.0,0.0,0.0
1990-05-19,15100,13.24,0.0,0.0,0.0
1990-05-20,14400,12.95,0.0,0.0,0.0
1990-05-21,16400,13.77,1.0,1.0,0.0
1990-05-22,16000,13.61,1.0,1.0,0.0
1990-05-23,16400,13.77,0.0,0.0,0.0
1990-05-24,16900,13.94,0.0,0.0,0.0
1990-05-25,16300,13.71,0.0,0.0,0.0
1990-05-26,15500,13.37,1.0,1.0,1.0
1990-05-27,13400,12.51,1.0,1.0,1.0
1990-05-28,14000,12.77,0.0,0.0,0.0
1990-05-29,18300,14.48,0.0,0.0,0.0
1990-05-30,21200,15.61,0.0,0.0,0.0
1990-05-31,21500,15.73,0.0,0.0,0.0
1990-06-01,23700,16.52,0.0,0.0,0.0
1990-06-02,21000,15.53,2.0,2.0,1.0
1990-06-03,20000,15.17,2.0,2.0,1.0
1990-06-04,27500,17.9,0.0,0.0,0.0
1990-06-05,26300,17.48,0.0,0.0,0.0
1990-06-06,23200,16.36,0.0,0.0,0.0
1990-06-07,25500,17.18,0.0,0.0,0.0
1990-06-08,24700,16.91,0.0,0.0,0.0
1990-06-09,22800,16.21,0.0,0.0,0.0
1990-06-10,24800,16.93,0.0,0.0,0.0
1990-06-11,29400,18.55,0.0,0.0,0.0
1990-06-12,27200,17.8,0.0,0.0,0.0
1990-06-13,25600,17.23,0.0,0.0,0.0
1990-06-14,23400,16.44,0.0,0.0,0.0
1990-06-15,23100,16.32,0.0,0.0,0.0
1990-06-16,24700,16.88,0.0,0.0,0.0
1990-06-17,23300,16.39,0.0,0.0,0.0
1990-06-18,22600,16.13,1.0,1.0,1.0
1990-06-19,22300,16.04,1.0,1.0,1.0
1990-06-20,23200,16.36,1.0,0.0,0.0
1990-06-21,25200,17.09,0.0,0.0,0.0
1990-06-22,28000,18.07,0.0,0.0,0.0
1990-06-23,29700,18.64,0.0,0.0,0.0
1990-06-24,28900,18.38,0.0,0.0,0.0
1990-06-25,27600,17.91,0.0,0.0,0.0
1990-06-26,26400,17.5,0.0,0.0,0.0
1990-06-27,25000,17.02,0.0,0.0,0.0
1990-06-28,24000,16.66,0.0,0.0,0.0
1990-06-29,23900,16.62,1.0,1.0,1.0
1990-06-30,25000,17.01,1.0,1.0,1.0
1990-07-01,23900,16.62,0.0,0.0,0.0
1990-07-02,21600,15.76,0.0,0.0,0.0
1990-07-03,22400,16.05,0.0,0.0,0.0
1990-07-04,22500,16.1,0.0,0.0,0.0
1990-07-05,23300,16.39,0.0,0.0,0.0
1990-07-06,24200,16.73,0.0,0.0,0.0
1990-07-07,25600,17.24,0.0,0.0,0.0
1990-07-08,25100,17.05,0.0,0.0,0.0
1990-07-09,25400,17.17,0.0,0.0,0.0
1990-07-10,26100,17.41,0.0,0.0,0.0
1990-07-11,26400,17.5,0.0,0.0,0.0
1990-07-12,30200,18.79,0.0,0.0,0.0
1990-07-13,31000,19.04,0.0,0.0,0.0
1990-07-14,28500,18.24,0.0,0.0,0.0
1990-07-15,25600,17.23,0.0,0.0,0.0
1990-07-16,25200,17.09,0.0,0.0,0.0
1990-07-17,23700,16.54,0.0,0.0,0.0
1990-07-18,21400,15.7,0.0,0.0,0.0
1990-07-19,19700,15.05,0.0,0.0,0.0
1990-07-20,19200,14.87,0.0,0.0,0.0
1990-07-21,17300,14.12,0.0,0.0,0.0
1990-07-22,17300,14.11,0.0,0.0,0.0
1990-07-23,18500,14.58,0.0,0.0,0.0
1990-07-24,18300,14.5,0.0,0.0,0.0
1990-07-25,17600,14.24,0.0,0.0,0.0
1990-07-26,16400,13.76,0.0,0.0,0.0
1990-07-27,15700,13.48,0.0,0.0,0.0
1990-07-28,13800,12.75,0.0,0.0,0.0
1990-07-29,14800,13.14,0.0,0.0,0.0
1990-07-30,15000,13.22,0.0,0.0,0.0
1990-07-31,15100,13.28,0.0,0.0,0.0
1990-08-01,15900,13.59,0.0,0.0,0.0
1990-08-02,15500,13.41,0.0,0.0,0.0
1990-08-03,14700,13.13,0.0,0.0,0.0
1990-08-04,13100,12.48,0.0,0.0,0.0
1990-08-05,11200,11.71,0.0,0.0,0.0
1990-08-06,13500,12.65,0.0,0.0,0.0
1990-08-07,12300,12.15,0.0,0.0,0.0
1990-08-08,12700,12.31,0.0,0.0,0.0
1990-08-09,12300,12.15,0.0,0.0,0.0
1990-08-10,11400,11.8,0.0,0.0,0.0
1990-08-11,10900,11.57,0.0,0.0,0.0
1990-08-12,10000,11.2,0.0,0.0,0.0
1990-08-13,10500,11.39,0.0,0.0,0.0
1990-08-14,12200,12.1,0.0,0.0,0.0
1990-08-15,11100,11.65,0.0,0.0,0.0
1990-08-16,11200,11.7,0.0,0.0,0.0
1990-08-17,10700,11.48,0.0,0.0,0.0
1990-08-18,9840,11.13,0.0,0.0,0.0
1990-08-19,9720,11.06,0.0,0.0,0.0
1990-08-20,8030,10.31,0.0,0.0,0.0
1990-08-21,10200,11.27,0.0,0.0,0.0
1990-08-22,12100,12.09,0.0,0.0,0.0
1990-08-23,11600,11.85,0.0,0.0,0.0
1990-08-24,9980,11.19,0.0,0.0,0.0
1990-08-25,8180,10.39,0.0,0.0,0.0
1990-08-26,7660,10.14,0.0,0.0,0.0
1990-08-27,7740,10.18,0.0,0.0,0.0
1990-08-28,7810,10.21,0.0,0.0,0.0
1990-08-29,8120,10.36,0.0,0.0,0.0
1990-08-30,9280,10.85,0.0,0.0,0.0
1990-08-31,14600,13.07,0.0,0.0,0.0
1990-09-01,14000,12.83,0.0,0.0,0.0
1990-09-02,11700,11.91,0.0,0.0,0.0
1990-09-03,10300,11.34,0.0,0.0,0.0
1990-09-04,10100,11.24,0.0,0.0,0.0
1990-09-05,9900,11.16,0.0,0.0,0.0
1990-09-06,9820,11.12,0.0,0.0,0.0
1990-09-07,9010,10.76,0.0,0.0,0.0
1990-09-08,9270,10.88,0.0,0.0,0.0
1990-09-09,8390,10.48,0.0,0.0,0.0
1990-09-10,8630,10.59,0.0,0.0,0.0
1990-09-11,8430,10.5,0.0,0.0,0.0
1990-09-12,8000,10.3,0.0,0.0,0.0
1990-09-13,9020,10.77,0.0,0.0,0.0
1990-09-14,8970,10.75,0.0,0.0,0.0
1990-09-15,8540,10.55,0.0,0.0,0.0
1990-09-16,8670,10.61,0.0,0.0,0.0
1990-09-17,7950,10.27,0.0,0.0,0.0
1990-09-18,9450,10.96,0.0,0.0,0.0
1990-09-19,9140,10.82,0.0,0.0,0.0
1990-09-20,8750,10.64,0.0,0.0,0.0
1990-09-21,8130,10.36,0.0,0.0,0.0
1990-09-22,7970,10.29,0.0,0.0,0.0
1990-09-23,8270,10.43,0.0,0.0,0.0
1990-09-24,8120,10.36,0.0,0.0,0.0
1990-09-25,8290,10.44,0.0,0.0,0.0
1990-09-26,8570,10.57,0.0,0.0,0.0
1990-09-27,8580,10.57,0.0,0.0,0.0
1990-09-28,8110,10.35,0.0,0.0,0.0
1990-09-29,7720,10.17,0.0,0.0,0.0
1990-09-30,7790,10.2,0.0,0.0,0.0
1990-10-01,7810,10.21,1.0,1.0,1.0
1990-10-02,7540,10.08,4.0,4.0,4.0
1990-10-03,8860,10.7,4.0,4.0,4.0
1990-10-04,30400,18.53,4.0,4.0,4.0
1990-10-05,40800,21.81,4.0,4.0,0.0
1990-10-06,21800,15.82,0.0,0.0,0.0
1990-10-07,16100,13.65,0.0,0.0,0.0
1990-10-08,13800,12.78,0.0,0.0,0.0
1990-10-09,12700,12.32,1.0,1.0,1.0
1990-10-10,15200,13.32,1.0,0.0,0.0
1990-10-11,14100,12.89,1.0,2.0,1.0
1990-10-12,14800,13.16,1.0,2.0,1.0
1990-10-13,16900,13.96,0.0,0.0,0.0
1990-10-14,15800,13.55,0.0,0.0,0.0
1990-10-15,16500,13.79,0.0,0.0,0.0
1990-10-16,20700,15.44,0.0,0.0,0.0
1990-10-17,18500,14.58,1.0,1.0,1.0
1990-10-18,18100,14.41,1.0,1.0,1.0
1990-10-19,18300,14.51,0.0,0.0,0.0
1990-10-20,16500,13.8,2.0,2.0,2.0
1990-10-21,17700,14.28,2.0,2.0,2.0
1990-10-22,23300,16.4,0.0,0.0,0.0
1990-10-23,19200,14.85,0.0,4.0,4.0
1990-10-24,17600,14.24,3.0,4.0,4.0
1990-10-25,17200,14.06,3.0,4.0,4.0
1990-10-26,28000,18.04,3.0,4.0,4.0
1990-10-27,22200,15.97,2.0,2.0,2.0
1990-10-28,22200,15.96,2.0,2.0,2.0
1990-10-29,22900,16.24,1.0,1.0,1.0
1990-10-30,22500,16.11,1.0,1.0,1.0
1990-10-31,22100,15.94,0.0,0.0,0.0
1990-11-01,21800,15.83,0.0,0.0,0.0
1990-11-02,20400,15.33,0.0,0.0,0.0
1990-11-03,19700,15.05,0.0,0.0,0.0
1990-11-04,21700,15.81,0.0,0.0,0.0
1990-11-05,22700,16.17,0.0,0.0,0.0
1990-11-06,21000,15.55,0.0,0.0,0.0
1990-11-07,20600,15.4,0.0,0.0,0.0
1990-11-08,21600,15.78,4.0,4.0,4.0
1990-11-09,36700,20.39,4.0,4.0,4.0
1990-11-10,88700,30.94,4.0,4.0,4.0
1990-11-11,130000,35.63,4.0,4.0,4.0
1990-11-12,86800,30.89,4.0,4.0,4.0
1990-11-13,75000,29.18,4.0,4.0,4.0
1990-11-14,77200,29.5,0.0,0.0,0.0
1990-11-15,61400,26.76,0.0,0.0,0.0
1990-11-16,50500,24.12,0.0,0.0,0.0
1990-11-17,44500,22.46,0.0,0.0,0.0
1990-11-18,41400,21.64,0.0,0.0,0.0
1990-11-19,36400,20.26,0.0,0.0,0.0
1990-11-20,32300,19.01,0.0,0.0,0.0
1990-11-21,33600,19.42,5.0,5.0,5.0
1990-11-22,42600,21.95,5.0,5.0,5.0
1990-11-23,64100,27.25,5.0,5.0,5.0
1990-11-24,97200,32.05,5.0,5.0,5.0
1990-11-25,142000,36.62,5.0,5.0,0.0
1990-11-26,81200,29.87,0.0,0.0,0.0
1990-11-27,50900,24.22,0.0,0.0,0.0
1990-11-28,51100,24.28,1.0,1.0,1.0
1990-11-29,42600,21.96,1.0,1.0,1.0
1990-11-30,40800,21.47,0.0,0.0,0.0
1990-12-01,36100,20.17,0.0,0.0,0.0
1990-12-02,34300,19.65,0.0,0.0,0.0
1990-12-03,33400,19.35,3.0,2.0,3.0
1990-12-04,41900,21.77,3.0,2.0,3.0
1990-12-05,43500,22.2,0.0,0.0,0.0
1990-12-06,33000,19.24,0.0,0.0,0.0
1990-12-07,27500,17.46,0.0,0.0,0.0
1990-12-08,25300,16.69,2.0,1.0,1.0
1990-12-09,35200,19.89,2.0,0.0,0.0
1990-12-10,36800,20.37,0.0,0.0,0.0
1990-12-11,32100,18.96,0.0,0.0,0.0
1990-12-12,27300,17.39,0.0,0.0,0.0
1990-12-13,24500,16.38,0.0,0.0,0.0
1990-12-14,22500,15.67,0.0,0.0,0.0
1990-12-15,20900,15.08,0.0,0.0,0.0
1990-12-16,20000,14.73,0.0,0.0,0.0
1990-12-17,20500,14.93,1.0,1.0,1.0
1990-12-18,24300,16.32,1.0,1.0,1.0
1990-12-19,21000,15.1,0.0,0.0,0.0
1990-12-20,18800,14.28,0.0,0.0,0.0
1990-12-21,18800,14.25,0.0,0.0,0.0
1990-12-22,18600,14.19,0.0,0.0,0.0
1990-12-23,17100,13.59,0.0,0.0,0.0
1990-12-24,16100,13.21,0.0,0.0,0.0
1990-12-25,15700,13.05,0.0,0.0,0.0
1990-12-26,15700,13.03,0.0,0.0,0.0
1990-12-27,15200,12.86,0.0,0.0,0.0
1990-12-28,12800,12.23,0.0,0.0,0.0
1990-12-29,13600,12.17,0.0,0.0,0.0
1990-12-30,14300,12.47,0.0,0.0,0.0
1990-12-31,14300,12.48,0.0,0.0,0.0
1991-01-01,14500,12.57,0.0,0.0,0.0
1991-01-02,14900,12.74,0.0,0.0,0.0
1991-01-03,14700,12.65,0.0,0.0,0.0
1991-01-04,14700,12.64,0.0,0.0,0.0
1991-01-05,14300,12.46,0.0,0.0,0.0
1991-01-06,13900,12.33,0.0,0.0,0.0
1991-01-07,14100,12.4,0.0,0.0,0.0
1991-01-08,15500,12.96,0.0,0.0,0.0
1991-01-09,16500,13.37,0.0,0.0,0.0
1991-01-10,17500,13.77,0.0,0.0,0.0
1991-01-11,17800,13.87,1.0,1.0,1.0
1991-01-12,29200,17.98,1.0,1.0,1.0
1991-01-13,41500,21.67,0.0,0.0,0.0
1991-01-14,43700,22.24,0.0,0.0,0.0
1991-01-15,41500,21.66,0.0,0.0,0.0
1991-01-16,33400,19.35,0.0,0.0,0.0
1991-01-17,27900,17.61,0.0,0.0,0.0
1991-01-18,25900,16.9,0.0,0.0,0.0
1991-01-19,24200,16.28,0.0,0.0,0.0
1991-01-20,23100,15.88,0.0,0.0,0.0
1991-01-21,21700,15.38,0.0,0.0,0.0
1991-01-22,20800,15.05,0.0,0.0,0.0
1991-01-23,19900,14.7,0.0,0.0,0.0
1991-01-24,18900,14.32,0.0,0.0,0.0
1991-01-25,18300,14.06,0.0,0.0,0.0
1991-01-26,17900,13.92,0.0,0.0,0.0
1991-01-27,17000,13.55,0.0,0.0,0.0
1991-01-28,16500,13.36,0.0,0.0,0.0
1991-01-29,16500,13.35,0.0,0.0,0.0
1991-01-30,17100,13.61,0.0,0.0,0.0
1991-01-31,16700,13.46,0.0,0.0,0.0
1991-02-01,17800,13.87,4.0,4.0,3.0
1991-02-02,24700,16.44,4.0,4.0,3.0
1991-02-03,32800,19.2,3.0,4.0,3.0
1991-02-04,34900,19.8,3.0,3.0,2.0
1991-02-05,48800,23.65,3.0,3.0,2.0
1991-02-06,42000,21.78,1.0,1.0,2.0
1991-02-07,30400,18.41,1.0,1.0,2.0
1991-02-08,28400,17.76,1.0,1.0,2.0
1991-02-09,35000,19.84,0.0,0.0,0.0
1991-02-10,33800,19.5,0.0,0.0,0.0
1991-02-11,31900,18.9,0.0,0.0,0.0
1991-02-12,33300,19.33,0.0,0.0,0.0
1991-02-13,28000,17.61,0.0,0.0,0.0
1991-02-14,27200,17.37,0.0,0.0,0.0
1991-02-15,29600,18.16,0.0,0.0,0.0
1991-02-16,35600,20.02,0.0,0.0,0.0
1991-02-17,29900,18.27,0.0,0.0,0.0
1991-02-18,27100,17.32,2.0,2.0,2.0
1991-02-19,34200,19.5,2.0,2.0,2.0
1991-02-20,44100,22.38,2.0,2.0,2.0
1991-02-21,37100,20.47,0.0,0.0,0.0
1991-02-22,29800,18.23,0.0,0.0,0.0
1991-02-23,26500,17.13,0.0,0.0,0.0
1991-02-24,29000,17.97,0.0,0.0,0.0
1991-02-25,28600,17.83,0.0,0.0,0.0
1991-02-26,26900,17.25,0.0,0.0,0.0
1991-02-27,22600,15.7,0.0,0.0,0.0
1991-02-28,21300,15.23,0.0,0.0,0.0
1991-03-01,20500,14.91,0.0,0.0,0.0
1991-03-02,21800,15.4,0.0,0.0,0.0
1991-03-03,25500,16.75,0.0,0.0,0.0
1991-03-04,28100,17.65,0.0,0.0,0.0
1991-03-05,24800,16.51,0.0,0.0,0.0
1991-03-06,22400,15.62,0.0,0.0,0.0
1991-03-07,21200,15.18,0.0,0.0,0.0
1991-03-08,20400,14.86,0.0,0.0,0.0
1991-03-09,18200,14.03,0.0,0.0,0.0
1991-03-10,19400,14.51,0.0,0.0,0.0
1991-03-11,19100,14.39,0.0,0.0,0.0
1991-03-12,18900,14.32,0.0,0.0,0.0
1991-03-13,18600,14.18,0.0,0.0,0.0
1991-03-14,18200,14.04,0.0,0.0,0.0
1991-03-15,17900,13.91,0.0,0.0,0.0
1991-03-16,17600,13.78,0.0,0.0,0.0
1991-03-17,16600,13.4,0.0,0.0,0.0
1991-03-18,12900,11.87,0.0,0.0,0.0
1991-03-19,11500,11.63,0.0,0.0,0.0
1991-03-20,13000,12.02,0.0,0.0,0.0
1991-03-21,15900,13.14,0.0,0.0,0.0
1991-03-22,15300,12.87,0.0,0.0,0.0
1991-03-23,15600,13.0,0.0,0.0,0.0
1991-03-24,15300,12.88,0.0,0.0,0.0
1991-03-25,16300,13.27,0.0,0.0,0.0
1991-03-26,16200,13.26,0.0,0.0,0.0
1991-03-27,15500,12.97,0.0,0.0,0.0
1991-03-28,12900,11.87,0.0,0.0,0.0
1991-03-29,12800,11.85,0.0,0.0,0.0
1991-03-30,12600,11.76,0.0,0.0,0.0
1991-03-31,12700,11.82,0.0,0.0,0.0
1991-04-01,13100,11.98,0.0,0.0,0.0
1991-04-02,11500,12.0,0.0,0.0,0.0
1991-04-03,12300,11.65,2.0,2.0,2.0
1991-04-04,20300,14.78,2.0,2.0,2.0
1991-04-05,30700,18.48,2.0,0.0,0.0
1991-04-06,28300,17.72,0.0,0.0,0.0
1991-04-07,21500,15.29,0.0,0.0,0.0
1991-04-08,18900,14.31,0.0,0.0,0.0
1991-04-09,17800,13.89,0.0,0.0,0.0
1991-04-10,17000,13.57,0.0,0.0,0.0
1991-04-11,14900,12.73,0.0,0.0,0.0
1991-04-12,14100,12.39,0.0,0.0,0.0
1991-04-13,13900,12.32,0.0,0.0,0.0
1991-04-14,13000,11.93,0.0,0.0,0.0
1991-04-15,14600,12.59,0.0,0.0,0.0
1991-04-16,15000,12.77,0.0,0.0,0.0
1991-04-17,16000,13.16,0.0,0.0,0.0
1991-04-18,17700,13.83,0.0,0.0,0.0
1991-04-19,17600,13.79,0.0,0.0,0.0
1991-04-20,17800,13.86,0.0,0.0,0.0
1991-04-21,18800,14.28,0.0,0.0,0.0
1991-04-22,21500,15.28,0.0,0.0,0.0
1991-04-23,22900,15.81,0.0,0.0,0.0
1991-04-24,23100,15.87,0.0,0.0,0.0
1991-04-25,23000,15.85,0.0,0.0,0.0
1991-04-26,20800,15.03,0.0,0.0,0.0
1991-04-27,19100,14.4,0.0,0.0,0.0
1991-04-28,17500,13.76,0.0,0.0,0.0
1991-04-29,16300,13.28,0.0,0.0,0.0
1991-04-30,14600,12.59,0.0,0.0,0.0
1991-05-01,16400,13.34,0.0,0.0,0.0
1991-05-02,14900,12.73,0.0,0.0,0.0
1991-05-03,15500,12.96,0.0,0.0,0.0
1991-05-04,17100,13.59,0.0,0.0,0.0
1991-05-05,18900,14.31,0.0,0.0,0.0
1991-05-06,21300,15.22,0.0,0.0,0.0
1991-05-07,21800,15.39,0.0,0.0,0.0
1991-05-08,23400,15.98,0.0,0.0,0.0
1991-05-09,22900,15.82,0.0,0.0,0.0
1991-05-10,20700,14.98,0.0,0.0,0.0
1991-05-11,19300,14.45,0.0,0.0,0.0
1991-05-12,19900,14.7,0.0,0.0,0.0
1991-05-13,21000,15.1,0.0,0.0,0.0
1991-05-14,20700,14.98,0.0,0.0,0.0
1991-05-15,20000,14.72,0.0,0.0,0.0
1991-05-16,19600,14.59,0.0,0.0,0.0
1991-05-17,20900,15.05,0.0,0.0,0.0
1991-05-18,23600,16.07,0.0,0.0,0.0
1991-05-19,24100,16.25,0.0,0.0,0.0
1991-05-20,24400,16.38,0.0,0.0,0.0
1991-05-21,25100,16.61,0.0,0.0,0.0
1991-05-22,24800,16.5,0.0,0.0,0.0
1991-05-23,23700,16.11,0.0,0.0,0.0
1991-05-24,23000,15.84,0.0,0.0,0.0
1991-05-25,23100,15.87,0.0,0.0,0.0
1991-05-26,21000,15.12,0.0,0.0,0.0
1991-05-27,19700,14.62,0.0,0.0,0.0
1991-05-28,18000,13.97,0.0,0.0,0.0
1991-05-29,19100,14.37,0.0,0.0,0.0
1991-05-30,21400,15.27,0.0,0.0,0.0
1991-05-31,21400,15.27,0.0,0.0,0.0
1991-06-01,20500,14.93,0.0,0.0,0.0
1991-06-02,20900,15.06,0.0,0.0,0.0
1991-06-03,19900,14.7,0.0,0.0,0.0
1991-06-04,20700,14.99,0.0,0.0,0.0
1991-06-05,19500,14.52,0.0,0.0,0.0
1991-06-06,16800,13.49,0.0,0.0,0.0
1991-06-07,18800,14.26,0.0,0.0,0.0
1991-06-08,23400,16.01,0.0,0.0,0.0
1991-06-09,24000,16.21,0.0,0.0,0.0
1991-06-10,24400,16.36,0.0,0.0,1.0
1991-06-11,26800,17.21,0.0,0.0,1.0
1991-06-12,25400,16.72,0.0,0.0,0.0
1991-06-13,24000,16.21,0.0,0.0,0.0
1991-06-14,22600,15.69,0.0,0.0,0.0
1991-06-15,21200,15.17,0.0,0.0,0.0
1991-06-16,21000,15.11,0.0,0.0,0.0
1991-06-17,22100,15.52,0.0,0.0,0.0
1991-06-18,20600,14.97,0.0,0.0,0.0
1991-06-19,19900,14.67,0.0,0.0,0.0
1991-06-20,22000,15.5,0.0,0.0,0.0
1991-06-21,24400,16.36,0.0,0.0,0.0
1991-06-22,23000,15.84,0.0,0.0,0.0
1991-06-23,21500,15.29,0.0,0.0,0.0
1991-06-24,21500,15.31,0.0,0.0,0.0
1991-06-25,21900,15.44,0.0,0.0,0.0
1991-06-26,22400,15.64,0.0,0.0,0.0
1991-06-27,21900,15.44,0.0,0.0,0.0
1991-06-28,23300,15.95,0.0,0.0,0.0
1991-06-29,25600,16.79,0.0,0.0,0.0
1991-06-30,24600,16.43,0.0,0.0,0.0
1991-07-01,22900,15.81,0.0,0.0,0.0
1991-07-02,26500,17.1,0.0,0.0,0.0
1991-07-03,31800,18.87,0.0,0.0,0.0
1991-07-04,36200,20.27,0.0,0.0,0.0
1991-07-05,34800,20.19,0.0,0.0,0.0
1991-07-06,33400,19.8,0.0,0.0,0.0
1991-07-07,28600,18.25,0.0,0.0,0.0
1991-07-08,27400,17.84,0.0,0.0,0.0
1991-07-09,26300,17.47,0.0,0.0,0.0
1991-07-10,24800,16.94,0.0,0.0,0.0
1991-07-11,24000,16.66,1.0,1.0,0.0
1991-07-12,24200,16.73,1.0,1.0,1.0
1991-07-13,31300,19.15,0.0,0.0,1.0
1991-07-14,29500,18.57,0.0,0.0,0.0
1991-07-15,26100,17.39,0.0,0.0,0.0
1991-07-16,24000,16.64,0.0,0.0,0.0
1991-07-17,24000,16.65,0.0,0.0,0.0
1991-07-18,22000,15.91,0.0,0.0,0.0
1991-07-19,21100,15.59,0.0,0.0,0.0
1991-07-20,23000,16.27,0.0,0.0,0.0
1991-07-21,22600,16.12,0.0,0.0,0.0
1991-07-22,23600,16.5,0.0,0.0,0.0
1991-07-23,26100,17.39,0.0,0.0,0.0
1991-07-24,28100,18.09,0.0,0.0,0.0
1991-07-25,30000,18.74,0.0,0.0,0.0
1991-07-26,26800,17.63,0.0,0.0,0.0
1991-07-27,23300,16.39,0.0,0.0,0.0
1991-07-28,21400,15.67,0.0,0.0,0.0
1991-07-29,20400,15.3,0.0,0.0,0.0
1991-07-30,19000,14.78,0.0,0.0,0.0
1991-07-31,17300,14.13,0.0,0.0,0.0
1991-08-01,16100,13.66,0.0,0.0,0.0
1991-08-02,16700,13.86,0.0,0.0,0.0
1991-08-03,17200,14.07,0.0,0.0,0.0
1991-08-04,18300,14.51,0.0,0.0,0.0
1991-08-05,19200,14.85,0.0,0.0,0.0
1991-08-06,19100,14.83,5.0,5.0,5.0
1991-08-07,19600,15.0,5.0,5.0,5.0
1991-08-08,18900,14.72,5.0,5.0,5.0
1991-08-09,18300,14.5,5.0,5.0,5.0
1991-08-10,18800,14.68,0.0,0.0,0.0
1991-08-11,19100,14.81,0.0,0.0,0.0
1991-08-12,16900,13.95,0.0,0.0,0.0
1991-08-13,15900,13.57,0.0,0.0,0.0
1991-08-14,14000,12.76,0.0,0.0,0.0
1991-08-15,13100,12.41,0.0,0.0,0.0
1991-08-16,13400,12.53,0.0,0.0,0.0
1991-08-17,13600,12.61,0.0,0.0,0.0
1991-08-18,15800,13.51,0.0,0.0,0.0
1991-08-19,16800,13.92,0.0,0.0,0.0
1991-08-20,16000,13.61,0.0,0.0,0.0
1991-08-21,15700,13.47,0.0,0.0,0.0
1991-08-22,14400,12.96,0.0,0.0,0.0
1991-08-23,13000,12.36,0.0,0.0,0.0
1991-08-24,12100,11.99,0.0,0.0,0.0
1991-08-25,11300,11.76,0.0,0.0,0.0
1991-08-26,11000,11.65,2.0,2.0,2.0
1991-08-27,11500,11.78,2.0,2.0,2.0
1991-08-28,15100,13.25,5.0,5.0,5.0
1991-08-29,17600,14.23,5.0,5.0,5.0
1991-08-30,22900,16.24,5.0,5.0,5.0
1991-08-31,19000,14.78,5.0,5.0,5.0
1991-09-01,20500,15.33,0.0,0.0,0.0
1991-09-02,17900,14.35,0.0,0.0,0.0
1991-09-03,16200,13.7,0.0,0.0,0.0
1991-09-04,13200,12.59,0.0,0.0,0.0
1991-09-05,12000,12.1,0.0,0.0,0.0
1991-09-06,10800,11.83,0.0,0.0,0.0
1991-09-07,10900,11.7,0.0,0.0,0.0
1991-09-08,10700,11.79,0.0,0.0,0.0
1991-09-09,10900,11.77,0.0,0.0,0.0
1991-09-10,9700,11.65,0.0,0.0,0.0
1991-09-11,9700,11.64,0.0,0.0,0.0
1991-09-12,8100,11.64,0.0,0.0,0.0
1991-09-13,8600,11.63,0.0,0.0,0.0
1991-09-14,8700,11.63,0.0,0.0,0.0
1991-09-15,6800,11.62,0.0,0.0,0.0
1991-09-16,8200,11.61,0.0,0.0,0.0
1991-09-17,8000,11.6,0.0,0.0,0.0
1991-09-18,8400,11.6,0.0,0.0,0.0
1991-09-19,8700,11.6,0.0,0.0,0.0
1991-09-20,8000,11.6,0.0,0.0,0.0
1991-09-21,7200,11.6,0.0,0.0,0.0
1991-09-22,6200,11.6,1.0,1.0,1.0
1991-09-23,7600,11.6,1.0,1.0,1.0
1991-09-24,8800,11.6,0.0,0.0,0.0
1991-09-25,9100,11.6,0.0,0.0,0.0
1991-09-26,9600,11.6,0.0,0.0,0.0
1991-09-27,9500,,0.0,0.0,0.0
1991-09-28,10400,,0.0,0.0,0.0
1991-09-29,10100,,0.0,0.0,0.0
1991-09-30,9800,,0.0,0.0,0.0
1991-10-01,9400,11.65,0.0,0.0,0.0
1991-10-02,9400,11.26,0.0,0.0,0.0
1991-10-03,9170,10.94,0.0,0.0,0.0
1991-10-04,8990,10.86,0.0,0.0,0.0
1991-10-05,8490,10.64,0.0,0.0,0.0
1991-10-06,8890,10.82,0.0,0.0,0.0
1991-10-07,8860,10.81,0.0,0.0,0.0
1991-10-08,7700,10.28,0.0,0.0,0.0
1991-10-09,7130,10.02,0.0,0.0,0.0
1991-10-10,7080,10.0,0.0,0.0,0.0
1991-10-11,7130,10.02,0.0,0.0,0.0
1991-10-12,7160,10.03,0.0,0.0,0.0
1991-10-13,6930,9.92,0.0,0.0,0.0
1991-10-14,6490,9.71,0.0,0.0,0.0
1991-10-15,5520,9.25,0.0,0.0,1.0
1991-10-16,5690,9.33,2.0,2.0,1.0
1991-10-17,6030,9.5,0.0,0.0,0.0
1991-10-18,6280,9.62,0.0,0.0,0.0
1991-10-19,5760,9.36,1.0,0.0,0.0
1991-10-20,5260,9.11,1.0,1.0,2.0
1991-10-21,6110,9.53,1.0,1.0,2.0
1991-10-22,7310,10.1,0.0,0.0,0.0
1991-10-23,7040,9.97,0.0,0.0,0.0
1991-10-24,6880,9.9,0.0,0.0,0.0
1991-10-25,7150,10.03,0.0,0.0,0.0
1991-10-26,6730,9.83,0.0,0.0,0.0
1991-10-27,6590,9.76,0.0,0.0,0.0
1991-10-28,6210,9.58,0.0,0.0,0.0
1991-10-29,6950,9.93,0.0,0.0,0.0
1991-10-30,7070,9.99,0.0,0.0,0.0
1991-10-31,7810,10.34,1.0,1.0,0.0
1991-11-01,6730,9.83,1.0,1.0,0.0
1991-11-02,5660,9.31,0.0,0.0,0.0
1991-11-03,5520,9.24,1.0,1.0,1.0
1991-11-04,6690,9.81,1.0,1.0,1.0
1991-11-05,12200,12.23,1.0,1.0,1.0
1991-11-06,15600,13.58,0.0,0.0,0.0
1991-11-07,11300,11.84,0.0,0.0,0.0
1991-11-08,9250,10.98,0.0,0.0,0.0
1991-11-09,12200,12.22,0.0,0.0,0.0
1991-11-10,8600,10.69,0.0,0.0,0.0
1991-11-11,9150,10.93,3.0,3.0,2.0
1991-11-12,28800,18.24,3.0,3.0,2.0
1991-11-13,25000,17.0,0.0,0.0,0.0
1991-11-14,19900,15.15,0.0,0.0,0.0
1991-11-15,17200,14.17,2.0,3.0,3.0
1991-11-16,15000,13.34,2.0,3.0,3.0
1991-11-17,17200,14.18,1.0,1.0,0.0
1991-11-18,19700,15.08,0.0,0.0,0.0
1991-11-19,18200,14.56,2.0,2.0,2.0
1991-11-20,32000,19.3,2.0,2.0,2.0
1991-11-21,27600,17.9,0.0,0.0,0.0
1991-11-22,20900,15.53,0.0,0.0,0.0
1991-11-23,17100,14.15,0.0,0.0,0.0
1991-11-24,16100,13.74,0.0,0.0,0.0
1991-11-25,26000,17.32,0.0,0.0,0.0
1991-11-26,26100,17.39,0.0,0.0,0.0
1991-11-27,21600,15.78,0.0,0.0,0.0
1991-11-28,19700,15.11,0.0,0.0,0.0
1991-11-29,18000,14.46,0.0,0.0,0.0
1991-11-30,15700,13.6,0.0,0.0,0.0
1991-12-01,14700,13.22,0.0,0.0,0.0
1991-12-02,14800,13.26,0.0,0.0,0.0
1991-12-03,13800,12.85,0.0,0.0,0.0
1991-12-04,14200,13.02,0.0,0.0,0.0
1991-12-05,16700,13.97,2.0,2.0,1.0
1991-12-06,36500,20.69,2.0,2.0,1.0
1991-12-07,28100,18.07,0.0,0.0,0.0
1991-12-08,26300,17.48,0.0,0.0,0.0
1991-12-09,28400,18.21,1.0,1.0,1.0
1991-12-10,26400,17.51,0.0,0.0,0.0
1991-12-11,22700,16.18,0.0,0.0,0.0
1991-12-12,22300,16.02,0.0,0.0,0.0
1991-12-13,22400,16.07,0.0,0.0,0.0
1991-12-14,19300,14.96,0.0,0.0,0.0
1991-12-15,17800,14.41,0.0,0.0,0.0
1991-12-16,16700,14.0,0.0,0.0,0.0
1991-12-17,15700,13.59,0.0,0.0,0.0
1991-12-18,15000,13.35,0.0,0.0,0.0
1991-12-19,15000,13.35,0.0,0.0,0.0
1991-12-20,14000,12.94,0.0,0.0,0.0
1991-12-21,11200,11.79,1.0,1.0,1.0
1991-12-22,11100,11.76,0.0,0.0,0.0
1991-12-23,10400,11.46,0.0,0.0,0.0
1991-12-24,9510,11.09,0.0,0.0,0.0
1991-12-25,9460,11.07,2.0,2.0,1.0
1991-12-26,9070,10.9,2.0,2.0,1.0
1991-12-27,9290,11.0,2.0,2.0,1.0
1991-12-28,10300,11.45,0.0,0.0,0.0
1991-12-29,10300,11.41,0.0,0.0,0.0
1991-12-30,9400,11.05,0.0,0.0,0.0
1991-12-31,8990,10.86,2.0,2.0,1.0
1992-01-01,9090,10.9,2.0,2.0,1.0
1992-01-02,10500,11.5,2.0,2.0,1.0
1992-01-03,12400,12.3,0.0,0.0,0.0
1992-01-04,11800,12.05,0.0,0.0,0.0
1992-01-05,12600,12.38,0.0,0.0,0.0
1992-01-06,12900,12.52,0.0,0.0,0.0
1992-01-07,13300,12.68,0.0,0.0,0.0
1992-01-08,13400,12.71,0.0,0.0,0.0
1992-01-09,13300,12.66,2.0,1.0,1.0
1992-01-10,16000,13.71,2.0,1.0,1.0
1992-01-11,20100,15.24,0.0,0.0,0.0
1992-01-12,18500,14.66,0.0,0.0,0.0
1992-01-13,16800,14.03,0.0,0.0,0.0
1992-01-14,15900,13.69,0.0,0.0,0.0
1992-01-15,15300,13.45,0.0,0.0,0.0
1992-01-16,17800,14.39,0.0,0.0,0.0
1992-01-17,17700,14.35,0.0,0.0,0.0
1992-01-18,16200,13.8,0.0,0.0,0.0
1992-01-19,15500,13.53,0.0,0.0,0.0
1992-01-20,15400,13.5,0.0,0.0,0.0
1992-01-21,15800,13.65,0.0,0.0,0.0
1992-01-22,16000,13.71,2.0,2.0,2.0
1992-01-23,21600,15.77,2.0,2.0,2.0
1992-01-24,36200,20.61,2.0,2.0,2.0
1992-01-25,31000,19.04,1.0,1.0,0.0
1992-01-26,26900,17.67,3.0,2.0,0.0
1992-01-27,24300,16.74,3.0,2.0,0.0
1992-01-28,31200,19.06,3.0,1.0,0.0
1992-01-29,37800,21.1,3.0,3.0,3.0
1992-01-30,36500,20.73,3.0,3.0,3.0
1992-01-31,38000,21.14,3.0,3.0,1.0
1992-02-01,40100,21.72,3.0,3.0,1.0
1992-02-02,33500,19.83,1.0,1.0,1.0
1992-02-03,29500,18.57,1.0,1.0,1.0
1992-02-04,27200,17.79,0.0,0.0,0.0
1992-02-05,25100,17.03,0.0,0.0,0.0
1992-02-06,23500,16.45,0.0,0.0,0.0
1992-02-07,22300,16.01,0.0,0.0,0.0
1992-02-08,20900,15.53,0.0,0.0,0.0
1992-02-09,19300,14.97,0.0,0.0,0.0
1992-02-10,19000,14.83,0.0,0.0,0.0
1992-02-11,19300,14.96,0.0,0.0,0.0
1992-02-12,16400,13.86,0.0,0.0,0.0
1992-02-13,18300,14.59,0.0,0.0,0.0
1992-02-14,18300,14.58,0.0,0.0,0.0
1992-02-15,17500,14.31,0.0,0.0,0.0
1992-02-16,17500,14.27,0.0,0.0,0.0
1992-02-17,16900,14.08,0.0,0.0,0.0
1992-02-18,17300,14.2,0.0,0.0,0.0
1992-02-19,17400,14.27,0.0,0.0,0.0
1992-02-20,16900,14.07,0.0,0.0,0.0
1992-02-21,18000,14.46,1.0,1.0,1.0
1992-02-22,25100,17.04,1.0,1.0,1.0
1992-02-23,23300,16.4,0.0,0.0,0.0
1992-02-24,21300,15.67,0.0,0.0,0.0
1992-02-25,20700,15.45,0.0,0.0,0.0
1992-02-26,21300,15.65,0.0,0.0,0.0
1992-02-27,21900,15.89,0.0,0.0,0.0
1992-02-28,21700,15.82,0.0,0.0,0.0
1992-02-29,21400,15.71,0.0,0.0,0.0
1992-03-01,21000,15.55,0.0,0.0,0.0
1992-03-02,21200,15.64,0.0,0.0,0.0
1992-03-03,20400,15.34,0.0,0.0,0.0
1992-03-04,19300,14.93,0.0,0.0,0.0
1992-03-05,18800,14.76,0.0,0.0,0.0
1992-03-06,18200,14.55,0.0,0.0,0.0
1992-03-07,17700,14.37,0.0,0.0,0.0
1992-03-08,17300,14.22,0.0,0.0,0.0
1992-03-09,16100,13.77,0.0,0.0,0.0
1992-03-10,13400,12.7,0.0,0.0,0.0
1992-03-11,13100,12.57,0.0,0.0,0.0
1992-03-12,12700,12.41,0.0,0.0,0.0
1992-03-13,12500,12.34,0.0,0.0,0.0
1992-03-14,12200,12.23,0.0,0.0,0.0
1992-03-15,11900,12.11,0.0,0.0,0.0
1992-03-16,12000,12.14,0.0,0.0,0.0
1992-03-17,12300,12.25,0.0,0.0,0.0
1992-03-18,12200,12.24,0.0,0.0,0.0
1992-03-19,11400,11.89,0.0,0.0,0.0
1992-03-20,10800,11.64,0.0,0.0,0.0
1992-03-21,10200,11.39,0.0,0.0,0.0
1992-03-22,10100,11.36,0.0,0.0,0.0
1992-03-23,9340,11.02,0.0,0.0,0.0
1992-03-24,9770,11.21,0.0,0.0,0.0
1992-03-25,9730,11.19,0.0,0.0,0.0
1992-03-26,9980,11.29,0.0,0.0,0.0
1992-03-27,10300,11.42,0.0,0.0,0.0
1992-03-28,10300,11.45,0.0,0.0,0.0
1992-03-29,9730,11.19,0.0,0.0,0.0
1992-03-30,9420,11.05,0.0,0.0,0.0
1992-03-31,9390,11.04,0.0,0.0,0.0
1992-04-01,9410,11.05,0.0,0.0,0.0
1992-04-02,10400,11.48,0.0,0.0,0.0
1992-04-03,12900,12.49,0.0,0.0,0.0
1992-04-04,13700,12.82,0.0,0.0,0.0
1992-04-05,11500,11.94,0.0,0.0,0.0
1992-04-06,10900,11.67,0.0,0.0,0.0
1992-04-07,10700,11.61,0.0,0.0,0.0
1992-04-08,9840,11.23,0.0,0.0,0.0
1992-04-09,9410,11.05,0.0,0.0,0.0
1992-04-10,8930,10.84,0.0,0.0,0.0
1992-04-11,9140,10.92,0.0,0.0,0.0
1992-04-12,8880,10.81,0.0,0.0,0.0
1992-04-13,8800,10.78,0.0,0.0,0.0
1992-04-14,9610,11.14,0.0,0.0,0.0
1992-04-15,9460,11.07,2.0,2.0,2.0
1992-04-16,9860,11.24,2.0,2.0,2.0
1992-04-17,16400,13.83,2.0,2.0,2.0
1992-04-18,19600,15.04,0.0,0.0,0.0
1992-04-19,14200,13.03,0.0,0.0,0.0
1992-04-20,11700,12.02,0.0,0.0,0.0
1992-04-21,10700,11.62,0.0,0.0,0.0
1992-04-22,10100,11.36,0.0,0.0,0.0
1992-04-23,9320,11.01,0.0,0.0,0.0
1992-04-24,8630,10.71,0.0,0.0,0.0
1992-04-25,8140,10.49,0.0,0.0,0.0
1992-04-26,8080,10.46,1.0,1.0,1.0
1992-04-27,9500,11.08,1.0,1.0,1.0
1992-04-28,14500,13.14,2.0,2.0,1.0
1992-04-29,20600,15.32,2.0,2.0,1.0
1992-04-30,41000,22.38,2.0,2.0,1.0
1992-05-01,25000,22.3,0.0,0.0,0.0
1992-05-02,15400,22.3,0.0,0.0,0.0
1992-05-03,14600,22.3,0.0,0.0,0.0
1992-05-04,18000,22.3,0.0,0.0,0.0
1992-05-05,20000,18.41,0.0,0.0,0.0
1992-05-06,21100,15.58,0.0,0.0,0.0
1992-05-07,22500,16.11,0.0,0.0,0.0
1992-05-08,21400,15.7,0.0,0.0,0.0
1992-05-09,18800,14.7,0.0,0.0,0.0
1992-05-10,18500,14.56,0.0,0.0,0.0
1992-05-11,17600,14.22,0.0,0.0,0.0
1992-05-12,15700,13.48,0.0,0.0,0.0
1992-05-13,14500,13.02,0.0,0.0,0.0
1992-05-14,13800,12.74,0.0,0.0,0.0
1992-05-15,13600,12.64,0.0,0.0,0.0
1992-05-16,13500,12.63,0.0,0.0,0.0
1992-05-17,13700,12.71,0.0,0.0,0.0
1992-05-18,14500,13.03,0.0,0.0,0.0
1992-05-19,15700,13.49,0.0,0.0,0.0
1992-05-20,15400,13.38,0.0,0.0,0.0
1992-05-21,13900,12.79,0.0,0.0,0.0
1992-05-22,11800,11.91,0.0,0.0,0.0
1992-05-23,10800,11.51,0.0,0.0,0.0
1992-05-24,10500,11.38,0.0,0.0,0.0
1992-05-25,12900,12.35,0.0,0.0,0.0
1992-05-26,16700,13.89,0.0,0.0,0.0
1992-05-27,18100,14.41,0.0,0.0,0.0
1992-05-28,15500,13.43,0.0,0.0,0.0
1992-05-29,14800,13.13,0.0,0.0,0.0
1992-05-30,14800,13.15,0.0,0.0,0.0
1992-05-31,13100,12.48,0.0,0.0,0.0
1992-06-01,13800,12.74,0.0,0.0,0.0
1992-06-02,16700,13.89,0.0,0.0,0.0
1992-06-03,14300,12.92,0.0,0.0,0.0
1992-06-04,13700,12.69,0.0,0.0,0.0
1992-06-05,13200,12.48,0.0,0.0,0.0
1992-06-06,11800,11.91,0.0,0.0,0.0
1992-06-07,11000,11.58,0.0,0.0,0.0
1992-06-08,11900,11.95,0.0,0.0,0.0
1992-06-09,11800,11.9,0.0,0.0,0.0
1992-06-10,11900,11.95,0.0,0.0,0.0
1992-06-11,11700,11.89,0.0,0.0,0.0
1992-06-12,12600,12.23,0.0,0.0,0.0
1992-06-13,17700,14.27,0.0,0.0,0.0
1992-06-14,17200,14.09,0.0,0.0,0.0
1992-06-15,12800,12.35,0.0,0.0,0.0
1992-06-16,11900,11.95,0.0,0.0,0.0
1992-06-17,11800,11.93,0.0,0.0,0.0
1992-06-18,11800,11.93,0.0,0.0,0.0
1992-06-19,12400,12.18,0.0,0.0,0.0
1992-06-20,12900,12.37,0.0,0.0,0.0
1992-06-21,11800,11.93,0.0,0.0,0.0
1992-06-22,14400,12.96,0.0,0.0,0.0
1992-06-23,14800,13.13,0.0,0.0,0.0
1992-06-24,13800,12.74,0.0,0.0,0.0
1992-06-25,14300,12.93,0.0,0.0,0.0
1992-06-26,13600,12.65,0.0,0.0,0.0
1992-06-27,12600,12.27,0.0,0.0,0.0
1992-06-28,11600,11.85,0.0,0.0,0.0
1992-06-29,13700,12.67,0.0,0.0,0.0
1992-06-30,19500,14.96,0.0,0.0,0.0
1992-07-01,14500,13.0,0.0,0.0,0.0
1992-07-02,14300,12.92,0.0,0.0,0.0
1992-07-03,12000,11.99,0.0,0.0,0.0
1992-07-04,10900,11.53,0.0,0.0,0.0
1992-07-05,15000,13.22,0.0,0.0,0.0
1992-07-06,18100,14.43,0.0,0.0,0.0
1992-07-07,17200,14.08,0.0,0.0,0.0
1992-07-08,15500,13.42,0.0,0.0,0.0
1992-07-09,14800,13.16,0.0,0.0,0.0
1992-07-10,14000,12.82,0.0,0.0,0.0
1992-07-11,12800,12.32,0.0,0.0,0.0
1992-07-12,11400,11.75,0.0,0.0,0.0
1992-07-13,11400,11.77,0.0,0.0,0.0
1992-07-14,11800,11.93,0.0,0.0,0.0
1992-07-15,11500,11.78,0.0,0.0,0.0
1992-07-16,11500,11.77,0.0,0.0,0.0
1992-07-17,11600,11.82,0.0,0.0,0.0
1992-07-18,12000,11.98,0.0,0.0,0.0
1992-07-19,11500,11.78,0.0,0.0,0.0
1992-07-20,11000,11.58,0.0,0.0,0.0
1992-07-21,13100,12.45,0.0,0.0,0.0
1992-07-22,11500,11.8,0.0,0.0,0.0
1992-07-23,12300,12.12,0.0,0.0,0.0
1992-07-24,12500,12.21,0.0,0.0,0.0
1992-07-25,11800,11.9,0.0,0.0,0.0
1992-07-26,10200,11.24,0.0,0.0,0.0
1992-07-27,10100,11.18,0.0,0.0,0.0
1992-07-28,11200,11.68,0.0,0.0,0.0
1992-07-29,11500,11.8,0.0,0.0,0.0
1992-07-30,11400,11.76,0.0,0.0,0.0
1992-07-31,11400,11.76,0.0,0.0,0.0
1992-08-01,11700,11.88,0.0,0.0,0.0
1992-08-02,10500,11.34,0.0,0.0,0.0
1992-08-03,9380,10.87,0.0,0.0,0.0
1992-08-04,9480,10.91,0.0,0.0,0.0
1992-08-05,9740,11.03,0.0,0.0,0.0
1992-08-06,9830,11.07,1.0,1.0,0.0
1992-08-07,10700,11.45,0.0,0.0,0.0
1992-08-08,12700,12.28,0.0,0.0,0.0
1992-08-09,11600,11.85,0.0,0.0,0.0
1992-08-10,9030,10.71,0.0,0.0,0.0
1992-08-11,9490,10.92,0.0,0.0,0.0
1992-08-12,9620,10.98,0.0,0.0,0.0
1992-08-13,9970,11.13,0.0,0.0,0.0
1992-08-14,10700,11.46,0.0,0.0,0.0
1992-08-15,10700,11.45,0.0,0.0,0.0
1992-08-16,9740,11.03,0.0,0.0,0.0
1992-08-17,8180,10.33,0.0,0.0,0.0
1992-08-18,8990,10.7,0.0,0.0,0.0
1992-08-19,9580,10.96,0.0,0.0,0.0
1992-08-20,9150,10.77,0.0,0.0,0.0
1992-08-21,8660,10.55,0.0,0.0,0.0
1992-08-22,8830,10.63,0.0,0.0,0.0
1992-08-23,8860,10.64,0.0,0.0,0.0
1992-08-24,8410,10.44,0.0,0.0,0.0
1992-08-25,8000,10.36,0.0,0.0,0.0
1992-08-26,7600,10.4,0.0,0.0,0.0
1992-08-27,8000,10.37,0.0,0.0,0.0
1992-08-28,6700,10.16,0.0,0.0,0.0
1992-08-29,6600,10.16,0.0,0.0,0.0
1992-08-30,6500,10.16,0.0,0.0,0.0
1992-08-31,6800,10.23,0.0,0.0,0.0
1992-09-01,7400,10.25,0.0,0.0,0.0
1992-09-02,6300,10.23,0.0,0.0,0.0
1992-09-03,6800,10.26,0.0,0.0,0.0
1992-09-04,6300,10.26,0.0,0.0,0.0
1992-09-05,6000,10.26,0.0,0.0,0.0
1992-09-06,5100,10.26,0.0,0.0,0.0
1992-09-07,5000,10.26,1.0,1.0,1.0
1992-09-08,5000,10.54,1.0,1.0,1.0
1992-09-09,10600,11.42,0.0,0.0,0.0
1992-09-10,8650,10.57,0.0,0.0,0.0
1992-09-11,7600,10.29,0.0,0.0,0.0
1992-09-12,7200,10.3,0.0,0.0,0.0
1992-09-13,6800,10.29,0.0,0.0,0.0
1992-09-14,6700,10.29,0.0,0.0,0.0
1992-09-15,7200,10.29,0.0,0.0,0.0
1992-09-16,7000,10.28,0.0,0.0,0.0
1992-09-17,6200,10.28,0.0,0.0,0.0
1992-09-18,6200,10.28,0.0,0.0,0.0
1992-09-19,6000,10.28,2.0,2.0,2.0
1992-09-20,5700,10.28,2.0,2.0,2.0
1992-09-21,6000,10.28,2.0,2.0,2.0
1992-09-22,7000,10.28,0.0,0.0,0.0
1992-09-23,6500,10.27,2.0,2.0,2.0
1992-09-24,10800,11.54,2.0,2.0,2.0
1992-09-25,15700,13.49,0.0,1.0,1.0
1992-09-26,12800,12.32,1.0,1.0,1.0
1992-09-27,13200,12.51,0.0,0.0,0.0
1992-09-28,10500,11.35,0.0,0.0,0.0
1992-09-29,9220,10.8,2.0,2.0,1.0
1992-09-30,9370,10.87,2.0,2.0,1.0
1992-10-01,8990,10.7,2.0,2.0,1.0
1992-10-02,8600,10.53,0.0,0.0,0.0
1992-10-03,8400,10.45,0.0,0.0,0.0
1992-10-04,8500,10.48,0.0,0.0,0.0
1992-10-05,8200,10.36,0.0,0.0,0.0
1992-10-06,8500,10.5,0.0,0.0,0.0
1992-10-07,7600,10.09,0.0,0.0,0.0
1992-10-08,7500,10.02,1.0,0.0,0.0
1992-10-09,7300,9.95,1.0,0.0,0.0
1992-10-10,7760,10.14,0.0,0.0,1.0
1992-10-11,7440,9.99,0.0,0.0,1.0
1992-10-12,7000,9.82,0.0,0.0,0.0
1992-10-13,8490,10.48,0.0,0.0,0.0
1992-10-14,7900,10.21,0.0,0.0,0.0
1992-10-15,7900,10.2,0.0,0.0,0.0
1992-10-16,7590,10.06,0.0,0.0,0.0
1992-10-17,7600,10.07,0.0,0.0,0.0
1992-10-18,7100,9.84,2.0,2.0,2.0
1992-10-19,7900,10.22,3.0,3.0,3.0
1992-10-20,12400,12.15,3.0,3.0,3.0
1992-10-21,12700,12.3,0.0,0.0,0.0
1992-10-22,12400,12.15,3.0,3.0,3.0
1992-10-23,11600,11.84,3.0,3.0,3.0
1992-10-24,10500,11.35,3.0,3.0,3.0
1992-10-25,9710,11.02,0.0,0.0,0.0
1992-10-26,9130,10.76,0.0,0.0,0.0
1992-10-27,9310,10.84,0.0,0.0,0.0
1992-10-28,9600,10.97,0.0,0.0,0.0
1992-10-29,11200,11.65,0.0,0.0,0.0
1992-10-30,11900,11.98,0.0,0.0,0.0
1992-10-31,12400,12.17,0.0,0.0,0.0
1992-11-01,14500,13.04,0.0,0.0,0.0
1992-11-02,14800,13.12,0.0,0.0,0.0
1992-11-03,14200,12.92,0.0,0.0,0.0
1992-11-04,13500,12.62,1.0,1.0,0.0
1992-11-05,14300,12.95,0.0,0.0,0.0
1992-11-06,12500,12.19,2.0,2.0,1.0
1992-11-07,19900,15.07,2.0,2.0,1.0
1992-11-08,23900,16.61,0.0,0.0,0.0
1992-11-09,18600,14.62,0.0,0.0,0.0
1992-11-10,16700,13.9,0.0,0.0,0.0
1992-11-11,17000,14.0,0.0,0.0,0.0
1992-11-12,16900,13.95,0.0,0.0,0.0
1992-11-13,16000,13.61,0.0,0.0,0.0
1992-11-14,14500,13.02,0.0,0.0,0.0
1992-11-15,13200,12.49,0.0,0.0,0.0
1992-11-16,13900,12.77,0.0,0.0,0.0
1992-11-17,15100,13.24,0.0,0.0,0.0
1992-11-18,14300,12.93,0.0,0.0,0.0
1992-11-19,14000,12.84,0.0,0.0,0.0
1992-11-20,14200,12.9,0.0,0.0,0.0
1992-11-21,14200,12.91,1.0,1.0,0.0
1992-11-22,18700,14.67,0.0,0.0,0.0
1992-11-23,17300,14.1,0.0,0.0,0.0
1992-11-24,15400,13.38,0.0,0.0,0.0
1992-11-25,13400,12.57,0.0,0.0,0.0
1992-11-26,12700,12.27,2.0,2.0,2.0
1992-11-27,14400,12.96,2.0,2.0,2.0
1992-11-28,18200,14.46,0.0,0.0,0.0
1992-11-29,15400,13.36,1.0,1.0,0.0
1992-11-30,15900,13.56,1.0,1.0,0.0
1992-12-01,16400,13.78,0.0,0.0,0.0
1992-12-02,13700,12.68,0.0,0.0,0.0
1992-12-03,13300,12.55,0.0,0.0,0.0
1992-12-04,13000,12.4,0.0,0.0,0.0
1992-12-05,12500,12.23,0.0,0.0,0.0
1992-12-06,11200,11.65,0.0,0.0,0.0
1992-12-07,11600,11.82,0.0,0.0,0.0
1992-12-08,11100,11.63,0.0,0.0,0.0
1992-12-09,11600,11.83,0.0,0.0,0.0
1992-12-10,11600,11.85,0.0,0.0,0.0
1992-12-11,11500,11.79,0.0,0.0,0.0
1992-12-12,11300,11.7,0.0,0.0,0.0
1992-12-13,10800,11.5,0.0,0.0,1.0
1992-12-14,11000,11.57,0.0,1.0,1.0
1992-12-15,12800,12.33,0.0,0.0,0.0
1992-12-16,11800,11.93,0.0,0.0,0.0
1992-12-17,11000,11.58,0.0,0.0,0.0
1992-12-18,10200,11.22,0.0,0.0,0.0
1992-12-19,8590,10.53,0.0,0.0,0.0
1992-12-20,9090,10.75,0.0,0.0,0.0
1992-12-21,9710,11.02,0.0,0.0,0.0
1992-12-22,9120,10.76,0.0,0.0,0.0
1992-12-23,11900,11.97,0.0,0.0,0.0
1992-12-24,11900,11.96,0.0,0.0,0.0
1992-12-25,11600,11.85,0.0,0.0,0.0
1992-12-26,10600,11.43,0.0,0.0,0.0
1992-12-27,10200,11.24,0.0,0.0,0.0
1992-12-28,9650,11.0,0.0,0.0,0.0
1992-12-29,9390,10.88,0.0,0.0,0.0
1992-12-30,10200,11.24,0.0,0.0,0.0
1992-12-31,11700,11.87,0.0,0.0,0.0
1993-01-01,10600,11.42,0.0,0.0,0.0
1993-01-02,10800,11.49,0.0,0.0,0.0
1993-01-03,9700,,0.0,0.0,0.0
1993-01-04,10000,,0.0,0.0,0.0
1993-01-05,9860,11.09,0.0,0.0,0.0
1993-01-06,10800,11.5,0.0,0.0,0.0
1993-01-07,11300,11.73,0.0,0.0,0.0
1993-01-08,10700,11.46,0.0,0.0,0.0
1993-01-09,9400,10.88,0.0,0.0,0.0
1993-01-10,9450,10.9,0.0,0.0,0.0
1993-01-11,9010,10.71,0.0,0.0,0.0
1993-01-12,9430,10.89,0.0,0.0,0.0
1993-01-13,9050,10.72,0.0,0.0,0.0
1993-01-14,8490,10.46,0.0,0.0,0.0
1993-01-15,8810,10.61,0.0,0.0,0.0
1993-01-16,7780,10.15,0.0,0.0,0.0
1993-01-17,8120,10.29,0.0,0.0,0.0
1993-01-18,6160,9.38,0.0,0.0,0.0
1993-01-19,6820,9.69,1.0,1.0,0.0
1993-01-20,8580,10.51,0.0,0.0,0.0
1993-01-21,9610,10.98,0.0,0.0,0.0
1993-01-22,9180,10.78,0.0,0.0,0.0
1993-01-23,8890,10.65,0.0,0.0,0.0
1993-01-24,8780,10.61,2.0,2.0,2.0
1993-01-25,23300,16.25,2.0,2.0,2.0
1993-01-26,27600,17.92,0.0,1.0,1.0
1993-01-27,23500,16.54,0.0,1.0,1.0
1993-01-28,18600,14.78,0.0,0.0,0.0
1993-01-29,16700,14.04,0.0,0.0,0.0
1993-01-30,15500,13.6,0.0,0.0,0.0
1993-01-31,14700,13.29,0.0,0.0,0.0
1993-02-01,14100,13.02,0.0,0.0,0.0
1993-02-02,13700,12.86,0.0,0.0,0.0
1993-02-03,13600,12.84,0.0,0.0,0.0
1993-02-04,13300,12.7,1.0,1.0,0.0
1993-02-05,12600,12.45,1.0,1.0,0.0
1993-02-06,12500,12.38,1.0,0.0,0.0
1993-02-07,11300,11.88,0.0,0.0,0.0
1993-02-08,10700,11.65,0.0,0.0,0.0
1993-02-09,12400,12.35,0.0,0.0,0.0
1993-02-10,13900,12.95,0.0,0.0,0.0
1993-02-11,13700,12.88,0.0,0.0,0.0
1993-02-12,13300,12.73,0.0,0.0,0.0
1993-02-13,12800,12.5,0.0,0.0,0.0
1993-02-14,12200,12.28,0.0,0.0,0.0
1993-02-15,10800,11.69,0.0,0.0,0.0
1993-02-16,11200,11.84,0.0,0.0,0.0
1993-02-17,11800,12.12,0.0,0.0,0.0
1993-02-18,11500,11.99,0.0,0.0,0.0
1993-02-19,12100,12.22,0.0,0.0,0.0
1993-02-20,12100,12.22,0.0,0.0,0.0
1993-02-21,11200,11.87,0.0,0.0,0.0
1993-02-22,11300,11.89,0.0,0.0,0.0
1993-02-23,10700,11.62,0.0,0.0,0.0
1993-02-24,10500,11.56,0.0,0.0,0.0
1993-02-25,10100,11.37,0.0,0.0,0.0
1993-02-26,9450,11.09,0.0,0.0,0.0
1993-02-27,8830,10.81,0.0,0.0,0.0
1993-02-28,6100,,0.0,0.0,0.0
1993-03-01,5830,9.4,0.0,0.0,0.0
1993-03-02,6190,9.58,0.0,0.0,0.0
1993-03-03,6040,9.5,2.0,2.0,1.0
1993-03-04,6420,9.69,2.0,2.0,1.0
1993-03-05,9330,11.03,0.0,0.0,0.0
1993-03-06,10100,11.38,0.0,0.0,0.0
1993-03-07,9310,11.03,0.0,0.0,0.0
1993-03-08,8890,10.85,0.0,0.0,0.0
1993-03-09,8940,10.86,0.0,0.0,0.0
1993-03-10,8320,10.59,0.0,0.0,0.0
1993-03-11,7870,10.38,0.0,0.0,0.0
1993-03-12,7720,10.31,0.0,0.0,0.0
1993-03-13,6950,9.95,0.0,0.0,0.0
1993-03-14,7350,10.13,0.0,0.0,0.0
1993-03-15,11300,11.88,0.0,0.0,0.0
1993-03-16,11400,11.93,0.0,0.0,0.0
1993-03-17,10300,11.44,0.0,0.0,0.0
1993-03-18,12300,12.32,0.0,0.0,0.0
1993-03-19,12000,12.19,0.0,0.0,0.0
1993-03-20,9730,11.21,0.0,0.0,0.0
1993-03-21,9520,11.12,0.0,4.0,2.0
1993-03-22,10500,11.53,3.0,4.0,2.0
1993-03-23,27200,17.74,3.0,4.0,2.0
1993-03-24,25700,17.28,0.0,0.0,0.0
1993-03-25,19800,15.19,0.0,0.0,0.0
1993-03-26,16900,14.14,0.0,0.0,0.0
1993-03-27,15300,13.52,0.0,0.0,0.0
1993-03-28,14100,13.03,0.0,0.0,0.0
1993-03-29,13500,12.79,0.0,0.0,0.0
1993-03-30,12700,12.46,0.0,0.0,0.0
1993-03-31,12200,12.25,0.0,0.0,0.0
1993-04-01,11800,12.12,0.0,0.0,0.0
1993-04-02,11900,12.12,0.0,0.0,0.0
1993-04-03,13000,12.61,0.0,0.0,0.0
1993-04-04,13800,12.91,0.0,0.0,0.0
1993-04-05,12700,12.48,0.0,0.0,0.0
1993-04-06,9950,11.31,0.0,0.0,0.0
1993-04-07,9750,11.22,1.0,0.0,0.0
1993-04-08,9380,11.06,1.0,0.0,0.0
1993-04-09,11600,12.03,0.0,0.0,0.0
1993-04-10,11600,12.02,0.0,0.0,0.0
1993-04-11,10800,11.68,0.0,0.0,0.0
1993-04-12,10100,11.39,0.0,0.0,0.0
1993-04-13,9370,11.06,0.0,0.0,0.0
1993-04-14,9290,11.02,0.0,0.0,0.0
1993-04-15,8760,10.79,0.0,0.0,0.0
1993-04-16,8930,10.86,0.0,0.0,0.0
1993-04-17,8680,10.75,0.0,0.0,0.0
1993-04-18,9270,11.01,0.0,0.0,0.0
1993-04-19,9580,11.15,0.0,0.0,0.0
1993-04-20,8990,10.89,0.0,0.0,0.0
1993-04-21,8670,10.75,0.0,0.0,0.0
1993-04-22,9690,11.19,0.0,0.0,0.0
1993-04-23,11200,11.86,0.0,0.0,0.0
1993-04-24,11300,11.87,0.0,0.0,0.0
1993-04-25,12200,12.27,1.0,0.0,0.0
1993-04-26,14300,13.13,0.0,0.0,0.0
1993-04-27,17400,14.31,0.0,0.0,0.0
1993-04-28,15800,13.71,0.0,0.0,0.0
1993-04-29,14900,13.36,0.0,0.0,0.0
1993-04-30,16200,13.86,0.0,0.0,0.0
1993-05-01,16400,13.94,0.0,0.0,0.0
1993-05-02,19800,15.21,0.0,0.0,0.0
1993-05-03,20600,15.5,0.0,0.0,0.0
1993-05-04,17500,14.35,0.0,0.0,0.0
1993-05-05,14000,13.01,0.0,0.0,0.0
1993-05-06,16400,13.94,0.0,0.0,0.0
1993-05-07,19700,15.17,0.0,0.0,0.0
1993-05-08,18500,14.75,0.0,0.0,0.0
1993-05-09,18000,14.55,2.0,2.0,2.0
1993-05-10,15400,13.56,2.0,2.0,2.0
1993-05-11,23200,16.43,2.0,2.0,2.0
1993-05-12,30400,18.84,0.0,0.0,0.0
1993-05-13,36100,20.6,0.0,0.0,0.0
1993-05-14,31700,19.27,0.0,0.0,0.0
1993-05-15,28400,18.2,0.0,0.0,0.0
1993-05-16,24200,16.78,0.0,0.0,0.0
1993-05-17,24400,16.85,0.0,0.0,0.0
1993-05-18,25300,17.17,0.0,0.0,0.0
1993-05-19,27400,17.89,2.0,1.0,1.0
1993-05-20,30100,18.75,2.0,1.0,1.0
1993-05-21,28200,18.14,2.0,0.0,0.0
1993-05-22,25800,17.35,0.0,0.0,0.0
1993-05-23,23300,16.48,0.0,0.0,0.0
1993-05-24,20500,15.47,0.0,0.0,0.0
1993-05-25,21200,15.72,0.0,0.0,0.0
1993-05-26,20900,15.6,0.0,0.0,0.0
1993-05-27,21700,15.91,0.0,0.0,0.0
1993-05-28,22800,16.28,0.0,0.0,0.0
1993-05-29,24500,16.9,0.0,0.0,0.0
1993-05-30,23100,16.38,1.0,0.0,0.0
1993-05-31,20300,15.4,0.0,0.0,0.0
1993-06-01,23500,16.54,0.0,0.0,0.0
1993-06-02,21900,15.97,0.0,0.0,0.0
1993-06-03,20300,15.41,0.0,0.0,0.0
1993-06-04,18900,14.88,0.0,0.0,0.0
1993-06-05,18300,14.68,0.0,0.0,0.0
1993-06-06,18300,14.67,0.0,0.0,0.0
1993-06-07,18600,14.78,0.0,0.0,0.0
1993-06-08,18700,14.8,0.0,0.0,0.0
1993-06-09,16900,14.11,1.0,1.0,1.0
1993-06-10,24200,16.79,0.0,0.0,0.0
1993-06-11,21500,15.82,0.0,0.0,0.0
1993-06-12,20200,15.37,0.0,0.0,0.0
1993-06-13,19700,15.18,0.0,0.0,0.0
1993-06-14,17300,14.3,0.0,0.0,0.0
1993-06-15,20100,15.33,0.0,0.0,0.0
1993-06-16,22700,16.25,0.0,0.0,0.0
1993-06-17,20300,15.39,0.0,0.0,0.0
1993-06-18,19300,15.05,0.0,0.0,0.0
1993-06-19,18700,14.8,0.0,0.0,0.0
1993-06-20,18000,14.56,0.0,0.0,0.0
1993-06-21,16700,14.06,0.0,0.0,0.0
1993-06-22,16100,13.82,0.0,0.0,0.0
1993-06-23,16600,14.03,0.0,0.0,0.0
1993-06-24,15500,13.59,0.0,0.0,0.0
1993-06-25,14000,13.0,0.0,0.0,0.0
1993-06-26,12500,12.4,0.0,0.0,0.0
1993-06-27,13600,12.83,0.0,0.0,0.0
1993-06-28,14100,13.03,0.0,0.0,0.0
1993-06-29,13600,12.82,0.0,0.0,0.0
1993-06-30,11400,11.94,0.0,0.0,0.0
1993-07-01,11400,11.91,0.0,0.0,0.0
1993-07-02,11500,11.98,0.0,0.0,0.0
1993-07-03,10700,11.63,0.0,0.0,0.0
1993-07-04,9700,11.2,0.0,0.0,0.0
1993-07-05,9560,11.14,0.0,0.0,0.0
1993-07-06,9990,11.32,0.0,0.0,0.0
1993-07-07,10100,11.38,0.0,0.0,0.0
1993-07-08,9120,10.95,0.0,0.0,0.0
1993-07-09,9350,11.05,0.0,0.0,0.0
1993-07-10,9290,11.02,0.0,0.0,0.0
1993-07-11,8860,10.83,0.0,0.0,0.0
1993-07-12,9300,11.02,0.0,0.0,0.0
1993-07-13,9470,11.09,0.0,0.0,0.0
1993-07-14,9030,10.9,0.0,0.0,0.0
1993-07-15,9260,11.01,0.0,0.0,0.0
1993-07-16,9150,10.96,0.0,0.0,0.0
1993-07-17,9010,10.9,0.0,0.0,0.0
1993-07-18,10000,11.34,0.0,0.0,0.0
1993-07-19,11100,11.81,0.0,0.0,0.0
1993-07-20,13800,12.9,0.0,0.0,0.0
1993-07-21,20500,15.47,0.0,0.0,0.0
1993-07-22,18300,14.67,0.0,0.0,0.0
1993-07-23,18300,14.66,0.0,0.0,0.0
1993-07-24,16600,14.0,0.0,0.0,0.0
1993-07-25,14800,13.31,0.0,0.0,0.0
1993-07-26,14400,13.17,0.0,0.0,0.0
1993-07-27,14200,13.08,0.0,0.0,0.0
1993-07-28,13900,12.95,0.0,0.0,0.0
1993-07-29,15900,13.74,0.0,0.0,0.0
1993-07-30,16300,13.9,0.0,0.0,0.0
1993-07-31,16500,13.97,0.0,0.0,0.0
1993-08-01,14300,13.12,0.0,0.0,0.0
1993-08-02,12600,12.41,0.0,0.0,0.0
1993-08-03,11700,12.08,0.0,0.0,0.0
1993-08-04,12300,12.3,0.0,0.0,0.0
1993-08-05,12200,12.25,0.0,0.0,0.0
1993-08-06,12000,12.2,0.0,0.0,0.0
1993-08-07,11600,12.01,0.0,0.0,0.0
1993-08-08,10400,11.51,0.0,0.0,0.0
1993-08-09,10800,11.69,0.0,0.0,0.0
1993-08-10,10300,11.47,0.0,0.0,0.0
1993-08-11,9100,10.93,0.0,0.0,0.0
1993-08-12,8520,10.67,0.0,0.0,0.0
1993-08-13,8290,10.56,0.0,0.0,0.0
1993-08-14,7340,10.13,0.0,0.0,0.0
1993-08-15,7010,9.97,0.0,0.0,0.0
1993-08-16,8030,10.45,0.0,0.0,0.0
1993-08-17,9910,11.29,0.0,0.0,0.0
1993-08-18,9970,11.32,0.0,0.0,0.0
1993-08-19,8760,10.78,0.0,0.0,0.0
1993-08-20,9460,11.09,0.0,0.0,0.0
1993-08-21,8300,10.57,0.0,0.0,0.0
1993-08-22,6610,9.78,1.0,2.0,2.0
1993-08-23,7350,10.12,1.0,2.0,2.0
1993-08-24,10700,11.61,0.0,0.0,0.0
1993-08-25,10400,11.51,0.0,0.0,0.0
1993-08-26,9680,11.19,0.0,0.0,0.0
1993-08-27,7990,10.42,0.0,0.0,0.0
1993-08-28,6760,9.85,0.0,0.0,0.0
1993-08-29,5760,9.37,0.0,0.0,0.0
1993-08-30,6070,9.52,0.0,0.0,0.0
1993-08-31,6900,9.91,0.0,0.0,0.0
1993-09-01,6290,9.62,0.0,0.0,0.0
1993-09-02,6080,9.53,0.0,0.0,0.0
1993-09-03,6220,9.59,0.0,0.0,0.0
1993-09-04,7890,10.39,0.0,0.0,0.0
1993-09-05,6570,9.76,0.0,0.0,0.0
1993-09-06,6500,9.72,0.0,0.0,0.0
1993-09-07,5890,9.43,0.0,0.0,0.0
1993-09-08,7240,10.08,0.0,0.0,0.0
1993-09-09,8240,10.55,0.0,0.0,0.0
1993-09-10,8320,10.58,0.0,0.0,0.0
1993-09-11,7590,10.24,0.0,0.0,0.0
1993-09-12,7660,10.28,0.0,0.0,0.0
1993-09-13,7250,10.09,0.0,0.0,0.0
1993-09-14,7050,9.99,0.0,0.0,0.0
1993-09-15,8270,10.56,0.0,0.0,0.0
1993-09-16,7460,10.18,0.0,0.0,0.0
1993-09-17,7850,10.37,0.0,0.0,0.0
1993-09-18,7690,10.3,0.0,0.0,0.0
1993-09-19,7470,10.2,0.0,0.0,0.0
1993-09-20,6720,9.83,0.0,0.0,0.0
1993-09-21,6810,9.88,0.0,0.0,0.0
1993-09-22,7130,10.03,0.0,0.0,0.0
1993-09-23,6310,9.63,0.0,0.0,0.0
1993-09-24,6390,9.67,0.0,0.0,0.0
1993-09-25,6600,9.77,0.0,0.0,0.0
1993-09-26,6170,9.56,0.0,0.0,0.0
1993-09-27,6630,9.79,0.0,0.0,0.0
1993-09-28,6510,9.73,0.0,0.0,0.0
1993-09-29,6180,9.56,0.0,0.0,0.0
1993-09-30,6620,9.79,0.0,0.0,0.0
1993-10-01,6580,,0.0,0.0,0.0
1993-10-02,6500,9.73,0.0,0.0,0.0
1993-10-03,6460,9.71,0.0,0.0,0.0
1993-10-04,6560,9.76,0.0,0.0,0.0
1993-10-05,6800,9.87,0.0,0.0,0.0
1993-10-06,6430,9.69,0.0,0.0,0.0
1993-10-07,7620,10.27,0.0,0.0,0.0
1993-10-08,6940,9.94,0.0,0.0,0.0
1993-10-09,5640,9.3,0.0,0.0,0.0
1993-10-10,5320,9.14,0.0,0.0,0.0
1993-10-11,5780,9.37,0.0,0.0,0.0
1993-10-12,5130,9.04,0.0,0.0,0.0
1993-10-13,6100,9.53,0.0,0.0,0.0
1993-10-14,6230,9.59,0.0,0.0,0.0
1993-10-15,6680,9.81,0.0,0.0,0.0
1993-10-16,6550,9.75,0.0,0.0,0.0
1993-10-17,6660,9.81,0.0,0.0,0.0
1993-10-18,6140,9.55,0.0,0.0,0.0
1993-10-19,5980,9.47,0.0,0.0,0.0
1993-10-20,6100,9.53,0.0,0.0,0.0
1993-10-21,6820,9.88,0.0,0.0,0.0
1993-10-22,6610,9.78,2.0,2.0,2.0
1993-10-23,9250,10.98,2.0,2.0,2.0
1993-10-24,17400,14.31,2.0,2.0,1.0
1993-10-25,13700,12.87,0.0,0.0,0.0
1993-10-26,9680,11.19,0.0,0.0,0.0
1993-10-27,8390,10.61,0.0,2.0,2.0
1993-10-28,8550,10.68,2.0,2.0,2.0
1993-10-29,8960,10.87,2.0,2.0,2.0
1993-10-30,8260,10.55,0.0,0.0,0.0
1993-10-31,8000,10.44,0.0,0.0,0.0
1993-11-01,8340,10.59,0.0,0.0,0.0
1993-11-02,8350,10.59,2.0,2.0,2.0
1993-11-03,8790,10.8,2.0,2.0,2.0
1993-11-04,10900,11.73,0.0,0.0,0.0
1993-11-05,10100,11.38,0.0,0.0,0.0
1993-11-06,10100,11.36,0.0,0.0,0.0
1993-11-07,10200,11.43,0.0,0.0,0.0
1993-11-08,10200,11.43,0.0,0.0,0.0
1993-11-09,9330,11.04,0.0,0.0,0.0
1993-11-10,10400,11.52,0.0,0.0,0.0
1993-11-11,9250,11.0,0.0,0.0,0.0
1993-11-12,9220,10.98,0.0,0.0,0.0
1993-11-13,8560,10.69,0.0,0.0,0.0
1993-11-14,8370,10.61,0.0,0.0,0.0
1993-11-15,9490,11.11,0.0,0.0,0.0
1993-11-16,9530,11.12,0.0,0.0,0.0
1993-11-17,9440,11.08,0.0,0.0,0.0
1993-11-18,8600,10.71,0.0,0.0,0.0
1993-11-19,7780,10.33,0.0,0.0,0.0
1993-11-20,6500,9.73,0.0,0.0,1.0
1993-11-21,7890,10.38,0.0,0.0,1.0
1993-11-22,9950,11.3,0.0,0.0,0.0
1993-11-23,9980,11.32,0.0,0.0,0.0
1993-11-24,9480,11.1,0.0,0.0,0.0
1993-11-25,9790,11.23,0.0,0.0,0.0
1993-11-26,6900,9.92,0.0,0.0,0.0
1993-11-27,7190,10.04,0.0,0.0,0.0
1993-11-28,6690,9.82,0.0,0.0,0.0
1993-11-29,8660,10.74,0.0,0.0,0.0
1993-11-30,14400,13.14,0.0,0.0,0.0
1993-12-01,14600,13.24,0.0,0.0,0.0
1993-12-02,18600,14.77,0.0,0.0,2.0
1993-12-03,17700,14.43,1.0,1.0,2.0
1993-12-04,23500,16.54,1.0,1.0,2.0
1993-12-05,21000,15.63,0.0,0.0,0.0
1993-12-06,16400,13.95,0.0,0.0,0.0
1993-12-07,15300,13.52,0.0,0.0,0.0
1993-12-08,14400,13.16,0.0,0.0,0.0
1993-12-09,14400,13.17,3.0,3.0,3.0
1993-12-10,26800,17.56,3.0,3.0,3.0
1993-12-11,32100,19.46,0.0,0.0,0.0
1993-12-12,26400,17.77,2.0,2.0,2.0
1993-12-13,21600,16.09,2.0,2.0,2.0
1993-12-14,19600,15.39,2.0,2.0,0.0
1993-12-15,16400,14.15,0.0,0.0,0.0
1993-12-16,15400,13.79,0.0,0.0,0.0
1993-12-17,14500,13.43,0.0,0.0,0.0
1993-12-18,13600,13.07,0.0,0.0,0.0
1993-12-19,13300,12.94,0.0,0.0,0.0
1993-12-20,12500,12.59,0.0,0.0,0.0
1993-12-21,11600,12.25,0.0,0.0,0.0
1993-12-22,11700,12.26,0.0,0.0,0.0
1993-12-23,11200,12.05,0.0,0.0,0.0
1993-12-24,10900,11.92,0.0,0.0,0.0
1993-12-25,10200,11.65,0.0,0.0,0.0
1993-12-26,10300,11.66,0.0,0.0,0.0
1993-12-27,9910,11.51,0.0,0.0,0.0
1993-12-28,10000,11.56,0.0,0.0,0.0
1993-12-29,9730,11.43,0.0,0.0,0.0
1993-12-30,9720,11.42,0.0,0.0,0.0
1993-12-31,11500,12.19,1.0,1.0,0.0
1994-01-01,11800,12.29,1.0,1.0,0.0
1994-01-02,12300,12.51,0.0,0.0,0.0
1994-01-03,13900,13.16,1.0,1.0,1.0
1994-01-04,19400,15.29,1.0,1.0,1.0
1994-01-05,26800,17.92,0.0,0.0,0.0
1994-01-06,21300,15.99,0.0,0.0,0.0
1994-01-07,17600,14.62,0.0,0.0,0.0
1994-01-08,15700,13.89,0.0,0.0,0.0
1994-01-09,13600,13.08,0.0,0.0,0.0
1994-01-10,16500,14.21,0.0,0.0,0.0
1994-01-11,17100,14.44,0.0,0.0,0.0
1994-01-12,17700,14.67,0.0,0.0,0.0
1994-01-13,19300,15.25,0.0,0.0,0.0
1994-01-14,19700,15.43,0.0,0.0,0.0
1994-01-15,18500,14.98,0.0,0.0,0.0
1994-01-16,20200,15.58,0.0,0.0,0.0
1994-01-17,19400,15.29,0.0,0.0,0.0
1994-01-18,17900,14.72,0.0,0.0,0.0
1994-01-19,17100,14.44,0.0,0.0,0.0
1994-01-20,16200,14.11,0.0,0.0,0.0
1994-01-21,15600,13.86,1.0,1.0,0.0
1994-01-22,15600,13.85,1.0,1.0,0.0
1994-01-23,19200,15.21,0.0,0.0,0.0
1994-01-24,19000,15.17,0.0,0.0,0.0
1994-01-25,17600,14.64,0.0,0.0,0.0
1994-01-26,16200,14.1,0.0,0.0,0.0
1994-01-27,15700,13.89,0.0,0.0,0.0
1994-01-28,14000,13.23,0.0,0.0,0.0
1994-01-29,12100,12.45,0.0,0.0,0.0
1994-01-30,11600,12.24,0.0,0.0,0.0
1994-01-31,11100,12.02,0.0,0.0,0.0
1994-02-01,10600,11.81,0.0,0.0,0.0
1994-02-02,9820,11.46,0.0,0.0,0.0
1994-02-03,9190,11.19,0.0,0.0,0.0
1994-02-04,9300,11.23,0.0,0.0,0.0
1994-02-05,9600,11.37,0.0,0.0,0.0
1994-02-06,10400,11.69,0.0,0.0,0.0
1994-02-07,9480,11.31,0.0,0.0,0.0
1994-02-08,11300,12.09,0.0,0.0,0.0
1994-02-09,10500,11.78,0.0,0.0,0.0
1994-02-10,9220,11.19,0.0,0.0,0.0
1994-02-11,9470,11.31,0.0,0.0,0.0
1994-02-12,10200,11.61,0.0,0.0,0.0
1994-02-13,10600,11.81,0.0,0.0,0.0
1994-02-14,11100,11.98,0.0,0.0,0.0
1994-02-15,11600,12.22,0.0,0.0,0.0
1994-02-16,14300,13.32,1.0,1.0,0.0
1994-02-17,15100,13.65,1.0,1.0,0.0
1994-02-18,14700,13.49,0.0,0.0,0.0
1994-02-19,14600,13.45,0.0,0.0,0.0
1994-02-20,13000,12.83,0.0,0.0,0.0
1994-02-21,11600,12.24,0.0,0.0,0.0
1994-02-22,11800,12.32,0.0,0.0,0.0
1994-02-23,12200,12.46,0.0,0.0,0.0
1994-02-24,11200,12.08,0.0,0.0,0.0
1994-02-25,12400,12.58,0.0,0.0,0.0
1994-02-26,11900,12.37,0.0,0.0,0.0
1994-02-27,13000,12.82,3.0,3.0,2.0
1994-02-28,13400,12.96,3.0,3.0,2.0
1994-03-01,29700,18.85,3.0,3.0,2.0
1994-03-02,35200,20.51,3.0,3.0,1.0
1994-03-03,36400,20.83,0.0,0.0,0.0
1994-03-04,29800,18.89,0.0,0.0,0.0
1994-03-05,26400,17.79,0.0,0.0,0.0
1994-03-06,23300,16.71,0.0,0.0,0.0
1994-03-07,20500,15.72,0.0,0.0,0.0
1994-03-08,18400,14.92,0.0,0.0,0.0
1994-03-09,16300,14.14,0.0,0.0,0.0
1994-03-10,15300,13.72,0.0,0.0,0.0
1994-03-11,15400,13.77,0.0,0.0,0.0
1994-03-12,15400,13.76,0.0,0.0,0.0
1994-03-13,13000,12.82,0.0,0.0,0.0
1994-03-14,14500,13.41,0.0,0.0,0.0
1994-03-15,16400,14.16,0.0,0.0,0.0
1994-03-16,16500,14.19,0.0,0.0,0.0
1994-03-17,17400,14.57,0.0,0.0,0.0
1994-03-18,19100,15.19,0.0,0.0,0.0
1994-03-19,19400,15.3,0.0,0.0,0.0
1994-03-20,16700,14.28,0.0,0.0,0.0
1994-03-21,15900,13.98,0.0,0.0,0.0
1994-03-22,15700,13.91,0.0,0.0,0.0
1994-03-23,15000,13.61,0.0,0.0,0.0
1994-03-24,14000,13.23,0.0,0.0,0.0
1994-03-25,13400,12.99,0.0,0.0,0.0
1994-03-26,13600,13.05,0.0,0.0,0.0
1994-03-27,13300,12.92,0.0,0.0,0.0
1994-03-28,13400,12.99,0.0,0.0,0.0
1994-03-29,14800,13.53,0.0,0.0,0.0
1994-03-30,15300,13.75,0.0,0.0,0.0
1994-03-31,15400,13.77,0.0,0.0,0.0
1994-04-01,15700,13.91,0.0,0.0,0.0
1994-04-02,16100,14.04,0.0,0.0,0.0
1994-04-03,16700,14.29,0.0,0.0,0.0
1994-04-04,17400,14.56,0.0,0.0,0.0
1994-04-05,16300,14.11,0.0,0.0,0.0
1994-04-06,16400,14.16,0.0,0.0,0.0
1994-04-07,16700,14.27,0.0,0.0,0.0
1994-04-08,16100,14.06,0.0,0.0,0.0
1994-04-09,16700,14.29,0.0,0.0,0.0
1994-04-10,15900,13.98,0.0,0.0,0.0
1994-04-11,14400,13.36,0.0,0.0,0.0
1994-04-12,12500,12.62,0.0,0.0,0.0
1994-04-13,13800,13.13,0.0,0.0,0.0
1994-04-14,13500,13.01,0.0,0.0,0.0
1994-04-15,12000,12.39,0.0,0.0,0.0
1994-04-16,11900,12.34,0.0,0.0,0.0
1994-04-17,13100,12.85,0.0,0.0,0.0
1994-04-18,16500,14.21,0.0,0.0,0.0
1994-04-19,19700,15.4,0.0,0.0,0.0
1994-04-20,21000,15.89,0.0,0.0,0.0
1994-04-21,19700,15.41,0.0,0.0,0.0
1994-04-22,20200,15.58,0.0,0.0,0.0
1994-04-23,20000,15.52,0.0,0.0,0.0
1994-04-24,18700,15.06,0.0,0.0,0.0
1994-04-25,17600,14.62,0.0,0.0,0.0
1994-04-26,17300,14.53,0.0,0.0,0.0
1994-04-27,17300,14.52,0.0,0.0,0.0
1994-04-28,17300,14.5,0.0,0.0,0.0
1994-04-29,17700,14.66,0.0,0.0,0.0
1994-04-30,18100,14.82,0.0,0.0,0.0
1994-05-01,17700,14.68,0.0,0.0,0.0
1994-05-02,16000,14.0,0.0,0.0,0.0
1994-05-03,14800,13.56,0.0,0.0,0.0
1994-05-04,14400,13.38,0.0,0.0,0.0
1994-05-05,15500,13.83,0.0,0.0,0.0
1994-05-06,16200,14.09,0.0,0.0,0.0
1994-05-07,18700,15.04,0.0,0.0,0.0
1994-05-08,21800,16.17,0.0,0.0,0.0
1994-05-09,23800,16.9,0.0,0.0,0.0
1994-05-10,23300,16.7,0.0,0.0,0.0
1994-05-11,21900,16.22,0.0,0.0,0.0
1994-05-12,22300,16.35,0.0,0.0,0.0
1994-05-13,20500,15.69,0.0,0.0,0.0
1994-05-14,17800,14.7,0.0,0.0,0.0
1994-05-15,16100,14.06,0.0,0.0,0.0
1994-05-16,16100,14.06,0.0,0.0,0.0
1994-05-17,15500,13.82,0.0,0.0,0.0
1994-05-18,14700,13.49,0.0,0.0,0.0
1994-05-19,14800,13.54,0.0,0.0,0.0
1994-05-20,15600,13.86,0.0,0.0,0.0
1994-05-21,15700,13.91,0.0,0.0,0.0
1994-05-22,15100,13.64,0.0,0.0,0.0
1994-05-23,15100,13.65,0.0,0.0,0.0
1994-05-24,16200,14.08,0.0,0.0,0.0
1994-05-25,18000,14.79,0.0,0.0,0.0
1994-05-26,18900,15.13,0.0,0.0,0.0
1994-05-27,17000,14.4,0.0,0.0,0.0
1994-05-28,14900,13.58,0.0,0.0,0.0
1994-05-29,14500,13.44,0.0,0.0,0.0
1994-05-30,15800,13.95,0.0,0.0,0.0
1994-05-31,12600,12.63,0.0,0.0,0.0
1994-06-01,13600,13.05,0.0,0.0,0.0
1994-06-02,13700,13.12,0.0,0.0,0.0
1994-06-03,13000,12.82,0.0,0.0,0.0
1994-06-04,15000,13.63,0.0,0.0,0.0
1994-06-05,13900,13.2,0.0,0.0,0.0
1994-06-06,14100,13.27,0.0,0.0,0.0
1994-06-07,15300,13.73,0.0,0.0,0.0
1994-06-08,13800,13.16,0.0,0.0,0.0
1994-06-09,12800,12.73,0.0,0.0,0.0
1994-06-10,12300,12.54,0.0,0.0,0.0
1994-06-11,13100,12.85,0.0,0.0,0.0
1994-06-12,13800,13.14,1.0,1.0,1.0
1994-06-13,16900,14.33,1.0,1.0,1.0
1994-06-14,21000,15.87,0.0,0.0,0.0
1994-06-15,19100,15.18,0.0,0.0,0.0
1994-06-16,15000,13.62,0.0,0.0,0.0
1994-06-17,13300,12.94,0.0,0.0,0.0
1994-06-18,14500,13.42,0.0,0.0,0.0
1994-06-19,15500,13.83,0.0,0.0,0.0
1994-06-20,12800,12.72,0.0,0.0,0.0
1994-06-21,14500,13.41,0.0,0.0,0.0
1994-06-22,15900,13.96,0.0,0.0,0.0
1994-06-23,17100,14.44,0.0,0.0,0.0
1994-06-24,16500,14.22,0.0,0.0,0.0
1994-06-25,13800,13.15,0.0,0.0,0.0
1994-06-26,12800,12.73,0.0,0.0,0.0
1994-06-27,13600,13.05,0.0,0.0,0.0
1994-06-28,13800,13.13,0.0,0.0,0.0
1994-06-29,14300,13.34,0.0,0.0,0.0
1994-06-30,14400,13.37,0.0,1.0,0.0
1994-07-01,14800,13.52,0.0,1.0,0.0
1994-07-02,18100,14.8,0.0,0.0,0.0
1994-07-03,17300,14.52,0.0,0.0,0.0
1994-07-04,14100,13.27,0.0,0.0,0.0
1994-07-05,13600,13.04,0.0,0.0,0.0
1994-07-06,13600,13.05,0.0,0.0,0.0
1994-07-07,14900,13.58,0.0,0.0,0.0
1994-07-08,15100,13.67,0.0,0.0,0.0
1994-07-09,15100,13.66,0.0,0.0,0.0
1994-07-10,14200,13.32,0.0,0.0,0.0
1994-07-11,13300,12.95,0.0,0.0,0.0
1994-07-12,12800,12.72,0.0,0.0,0.0
1994-07-13,13300,12.95,0.0,0.0,0.0
1994-07-14,14100,13.26,0.0,0.0,0.0
1994-07-15,13800,13.13,0.0,0.0,0.0
1994-07-16,13100,12.87,0.0,0.0,0.0
1994-07-17,13500,13.03,0.0,0.0,1.0
1994-07-18,13000,12.82,0.0,0.0,1.0
1994-07-19,13000,12.82,0.0,0.0,0.0
1994-07-20,12500,12.62,0.0,0.0,0.0
1994-07-21,12800,12.73,0.0,0.0,0.0
1994-07-22,13700,13.08,0.0,0.0,0.0
1994-07-23,13400,12.96,0.0,0.0,0.0
1994-07-24,13300,12.96,0.0,0.0,0.0
1994-07-25,13100,12.87,0.0,0.0,0.0
1994-07-26,12000,12.38,0.0,0.0,0.0
1994-07-27,10800,11.89,0.0,0.0,0.0
1994-07-28,10100,11.6,0.0,0.0,0.0
1994-07-29,9370,11.26,0.0,0.0,0.0
1994-07-30,8340,10.8,0.0,0.0,0.0
1994-07-31,8410,10.84,0.0,0.0,0.0
1994-08-01,8040,10.66,0.0,0.0,0.0
1994-08-02,8150,10.71,0.0,0.0,0.0
1994-08-03,8310,10.79,0.0,0.0,0.0
1994-08-04,9090,11.14,0.0,0.0,0.0
1994-08-05,10500,11.76,0.0,0.0,0.0
1994-08-06,9870,11.49,0.0,0.0,0.0
1994-08-07,9530,11.34,0.0,0.0,0.0
1994-08-08,10100,11.61,0.0,0.0,0.0
1994-08-09,9760,11.44,0.0,0.0,0.0
1994-08-10,9630,11.38,0.0,0.0,0.0
1994-08-11,9290,11.23,0.0,0.0,0.0
1994-08-12,7760,10.53,0.0,0.0,0.0
1994-08-13,7460,10.39,0.0,0.0,0.0
1994-08-14,7440,10.38,0.0,0.0,0.0
1994-08-15,9710,11.42,0.0,0.0,0.0
1994-08-16,10100,11.6,0.0,0.0,0.0
1994-08-17,9110,11.15,0.0,0.0,0.0
1994-08-18,8020,10.65,0.0,0.0,0.0
1994-08-19,6870,10.11,0.0,0.0,0.0
1994-08-20,6840,10.1,0.0,0.0,0.0
1994-08-21,6440,9.91,0.0,0.0,0.0
1994-08-22,6290,9.83,0.0,0.0,0.0
1994-08-23,6450,9.91,0.0,0.0,0.0
1994-08-24,6350,9.86,0.0,0.0,0.0
1994-08-25,6220,9.8,0.0,0.0,0.0
1994-08-26,5990,9.68,0.0,0.0,0.0
1994-08-27,5710,9.54,0.0,0.0,0.0
1994-08-28,5770,9.57,0.0,0.0,0.0
1994-08-29,5610,9.49,0.0,0.0,0.0
1994-08-30,5720,9.55,0.0,0.0,0.0
1994-08-31,5960,9.67,0.0,0.0,0.0
1994-09-01,5810,9.59,0.0,0.0,0.0
1994-09-02,5660,9.52,0.0,0.0,0.0
1994-09-03,6140,9.76,0.0,0.0,0.0
1994-09-04,8060,10.67,0.0,0.0,0.0
1994-09-05,8060,10.66,0.0,0.0,0.0
1994-09-06,6530,9.95,0.0,0.0,0.0
1994-09-07,6920,10.14,0.0,1.0,1.0
1994-09-08,7840,10.57,0.0,1.0,1.0
1994-09-09,8160,10.71,0.0,0.0,0.0
1994-09-10,9450,11.3,0.0,0.0,0.0
1994-09-11,8440,10.84,0.0,0.0,0.0
1994-09-12,7310,10.32,0.0,0.0,0.0
1994-09-13,7290,10.31,1.0,1.0,0.0
1994-09-14,8300,10.79,1.0,1.0,0.0
1994-09-15,11000,11.95,1.0,1.0,0.0
1994-09-16,10400,11.7,0.0,0.0,0.0
1994-09-17,7920,10.6,0.0,0.0,0.0
1994-09-18,6940,10.15,0.0,0.0,0.0
1994-09-19,6500,9.93,0.0,0.0,0.0
1994-09-20,8160,10.71,0.0,0.0,0.0
1994-09-21,8510,10.88,0.0,0.0,0.0
1994-09-22,7450,10.38,0.0,0.0,0.0
1994-09-23,6270,9.82,0.0,0.0,0.0
1994-09-24,7180,10.26,0.0,0.0,0.0
1994-09-25,7450,10.38,0.0,0.0,0.0
1994-09-26,7310,10.32,0.0,0.0,0.0
1994-09-27,7560,10.44,0.0,0.0,0.0
1994-09-28,8470,10.86,0.0,0.0,0.0
1994-09-29,8290,10.78,0.0,0.0,0.0
1994-09-30,8200,10.74,0.0,0.0,0.0
1994-10-01,7610,10.46,0.0,1.0,0.0
1994-10-02,7740,10.52,0.0,0.0,0.0
1994-10-03,7610,10.47,0.0,0.0,0.0
1994-10-04,6990,10.16,0.0,0.0,0.0
1994-10-05,6680,10.02,0.0,0.0,0.0
1994-10-06,7160,10.25,0.0,0.0,0.0
1994-10-07,5640,9.5,0.0,0.0,0.0
1994-10-08,5260,9.31,0.0,0.0,0.0
1994-10-09,5840,9.6,0.0,0.0,0.0
1994-10-10,5470,9.41,0.0,0.0,0.0
1994-10-11,5160,9.25,0.0,0.0,0.0
1994-10-12,5630,9.5,0.0,0.0,0.0
1994-10-13,5210,9.28,0.0,0.0,0.0
1994-10-14,5160,9.25,0.0,0.0,0.0
1994-10-15,5100,9.23,0.0,0.0,0.0
1994-10-16,6930,10.14,0.0,0.0,0.0
1994-10-17,5640,9.5,0.0,0.0,0.0
1994-10-18,4290,8.8,0.0,0.0,0.0
1994-10-19,4270,8.79,0.0,0.0,0.0
1994-10-20,4530,8.93,1.0,1.0,1.0
1994-10-21,11000,11.93,1.0,1.0,1.0
1994-10-22,9480,11.31,0.0,0.0,0.0
1994-10-23,9040,11.12,0.0,0.0,0.0
1994-10-24,8080,10.68,0.0,0.0,0.0
1994-10-25,6670,10.01,2.0,2.0,1.0
1994-10-26,8970,11.03,3.0,2.0,1.0
1994-10-27,26000,17.64,3.0,1.0,1.0
1994-10-28,20800,15.8,0.0,0.0,0.0
1994-10-29,15800,13.92,0.0,0.0,0.0
1994-10-30,12800,12.73,0.0,0.0,0.0
1994-10-31,14400,13.35,4.0,3.0,2.0
1994-11-01,22400,16.4,4.0,3.0,2.0
1994-11-02,18500,14.95,0.0,0.0,0.0
1994-11-03,15300,13.72,0.0,1.0,1.0
1994-11-04,14300,13.32,1.0,1.0,1.0
1994-11-05,14000,13.21,0.0,0.0,0.0
1994-11-06,13100,12.86,0.0,0.0,0.0
1994-11-07,12400,12.56,0.0,0.0,0.0
1994-11-08,12300,12.53,1.0,1.0,0.0
1994-11-09,11700,12.27,1.0,1.0,0.0
1994-11-10,11500,12.19,0.0,0.0,0.0
1994-11-11,11700,12.27,0.0,0.0,0.0
1994-11-12,11400,12.17,0.0,0.0,0.0
1994-11-13,11000,12.0,0.0,0.0,0.0
1994-11-14,11900,12.35,0.0,0.0,0.0
1994-11-15,13900,13.19,0.0,0.0,0.0
1994-11-16,13000,12.82,0.0,0.0,0.0
1994-11-17,12800,12.74,0.0,0.0,0.0
1994-11-18,11800,12.31,0.0,0.0,0.0
1994-11-19,11200,12.06,1.0,1.0,1.0
1994-11-20,11600,12.24,0.0,0.0,0.0
1994-11-21,11900,12.36,0.0,0.0,0.0
1994-11-22,10900,11.93,0.0,0.0,0.0
1994-11-23,10400,11.72,1.0,1.0,0.0
1994-11-24,9040,11.12,0.0,0.0,0.0
1994-11-25,9320,11.25,0.0,0.0,0.0
1994-11-26,9190,11.19,0.0,0.0,0.0
1994-11-27,9450,11.3,0.0,0.0,0.0
1994-11-28,8490,10.86,0.0,0.0,0.0
1994-11-29,10600,11.79,3.0,3.0,3.0
1994-11-30,25500,17.22,3.0,3.0,3.0
1994-12-01,37300,21.05,3.0,0.0,0.0
1994-12-02,23800,16.89,0.0,0.0,0.0
1994-12-03,18100,14.81,0.0,0.0,0.0
1994-12-04,16400,14.16,0.0,0.0,0.0
1994-12-05,15700,13.88,0.0,0.0,0.0
1994-12-06,14000,13.23,0.0,0.0,0.0
1994-12-07,12600,12.66,0.0,0.0,0.0
1994-12-08,11200,12.05,0.0,0.0,0.0
1994-12-09,12200,12.5,0.0,0.0,0.0
1994-12-10,10900,11.94,0.0,0.0,0.0
1994-12-11,8990,11.09,0.0,0.0,0.0
1994-12-12,9390,11.27,0.0,0.0,0.0
1994-12-13,9200,11.19,0.0,0.0,0.0
1994-12-14,10600,11.81,0.0,0.0,0.0
1994-12-15,9760,11.43,0.0,0.0,0.0
1994-12-16,10000,11.55,0.0,0.0,0.0
1994-12-17,16000,13.94,3.0,2.0,1.0
1994-12-18,33700,20.08,3.0,2.0,0.0
1994-12-19,28600,18.48,3.0,3.0,3.0
1994-12-20,43900,22.68,3.0,3.0,3.0
1994-12-21,48200,23.79,0.0,0.0,0.0
1994-12-22,31500,19.39,0.0,0.0,0.0
1994-12-23,26000,17.65,0.0,0.0,0.0
1994-12-24,22700,16.48,0.0,0.0,0.0
1994-12-25,21800,16.16,1.0,1.0,1.0
1994-12-26,25200,17.33,1.0,1.0,1.0
1994-12-27,39000,21.5,1.0,0.0,0.0
1994-12-28,55700,25.54,1.0,0.0,0.0
1994-12-29,38800,21.43,0.0,0.0,0.0
1994-12-30,27500,18.12,0.0,0.0,0.0
1994-12-31,23200,16.68,0.0,0.0,0.0
1995-01-01,21200,15.94,0.0,0.0,0.0
1995-01-02,20800,15.81,0.0,0.0,0.0
1995-01-03,19500,15.32,0.0,0.0,0.0
1995-01-04,17600,14.6,0.0,0.0,0.0
1995-01-05,15800,13.93,0.0,0.0,0.0
1995-01-06,17000,14.39,0.0,0.0,0.0
1995-01-07,16700,14.29,2.0,1.0,1.0
1995-01-08,15100,13.64,2.0,1.0,1.0
1995-01-09,14100,13.25,2.0,1.0,0.0
1995-01-10,16200,14.09,1.0,0.0,0.0
1995-01-11,18200,14.85,0.0,0.0,0.0
1995-01-12,17600,14.62,0.0,0.0,0.0
1995-01-13,18500,14.95,0.0,0.0,0.0
1995-01-14,18700,15.02,0.0,0.0,0.0
1995-01-15,19800,15.43,0.0,0.0,0.0
1995-01-16,18400,14.92,0.0,0.0,0.0
1995-01-17,18000,14.79,1.0,0.0,0.0
1995-01-18,19600,15.37,1.0,0.0,0.0
1995-01-19,23000,16.58,0.0,0.0,0.0
1995-01-20,19300,15.28,0.0,0.0,0.0
1995-01-21,17000,14.39,0.0,0.0,0.0
1995-01-22,16700,14.3,0.0,0.0,0.0
1995-01-23,16000,14.01,0.0,0.0,0.0
1995-01-24,15700,13.88,0.0,0.0,0.0
1995-01-25,15100,13.65,0.0,0.0,0.0
1995-01-26,13700,13.11,0.0,0.0,0.0
1995-01-27,13000,12.83,0.0,0.0,0.0
1995-01-28,12000,12.38,3.0,3.0,3.0
1995-01-29,16300,14.1,3.0,3.0,3.0
1995-01-30,26100,17.69,2.0,2.0,0.0
1995-01-31,32000,19.52,2.0,2.0,2.0
1995-02-01,52800,24.89,2.0,2.0,2.0
1995-02-02,43600,22.7,0.0,0.0,0.0
1995-02-03,32100,19.6,1.0,1.0,1.0
1995-02-04,27600,18.17,1.0,0.0,0.0
1995-02-05,26500,17.82,1.0,0.0,0.0
1995-02-06,26500,17.81,1.0,0.0,0.0
1995-02-07,25300,17.42,0.0,0.0,0.0
1995-02-08,23500,16.78,0.0,0.0,0.0
1995-02-09,21500,16.05,0.0,0.0,0.0
1995-02-10,20600,15.73,0.0,0.0,0.0
1995-02-11,20000,15.52,0.0,0.0,0.0
1995-02-12,18800,15.07,0.0,0.0,0.0
1995-02-13,17500,14.58,0.0,0.0,0.0
1995-02-14,16900,14.37,0.0,0.0,0.0
1995-02-15,17700,14.65,0.0,0.0,0.0
1995-02-16,17400,14.56,2.0,1.0,0.0
1995-02-17,19000,15.13,2.0,1.0,0.0
1995-02-18,21600,16.1,4.0,2.0,1.0
1995-02-19,46200,23.23,4.0,2.0,1.0
1995-02-20,53500,25.06,4.0,2.0,1.0
1995-02-21,47300,23.67,0.0,0.0,0.0
1995-02-22,39200,21.63,0.0,0.0,0.0
1995-02-23,29600,18.95,0.0,0.0,0.0
1995-02-24,26300,17.9,0.0,0.0,0.0
1995-02-25,26200,17.86,0.0,0.0,0.0
1995-02-26,24600,17.32,0.0,0.0,0.0
1995-02-27,23100,16.79,0.0,0.0,0.0
1995-02-28,22100,16.47,0.0,0.0,0.0
1995-03-01,20000,15.72,0.0,0.0,0.0
1995-03-02,19500,15.52,0.0,0.0,0.0
1995-03-03,18800,15.29,0.0,0.0,0.0
1995-03-04,18700,15.24,0.0,0.0,0.0
1995-03-05,18000,15.0,0.0,0.0,0.0
1995-03-06,17800,14.92,0.0,0.0,0.0
1995-03-07,17200,14.7,0.0,0.0,0.0
1995-03-08,17100,14.65,2.0,0.0,0.0
1995-03-09,19000,15.35,2.0,1.0,1.0
1995-03-10,22400,16.55,2.0,1.0,1.0
1995-03-11,21900,16.4,0.0,0.0,0.0
1995-03-12,26000,17.78,0.0,0.0,0.0
1995-03-13,24400,17.24,0.0,0.0,0.0
1995-03-14,23600,16.98,1.0,1.0,0.0
1995-03-15,25100,17.49,0.0,0.0,0.0
1995-03-16,22900,16.75,0.0,0.0,0.0
1995-03-17,21000,16.09,0.0,0.0,0.0
1995-03-18,19900,15.7,0.0,0.0,0.0
1995-03-19,22400,16.56,0.0,0.0,0.0
1995-03-20,22900,16.74,1.0,0.0,0.0
1995-03-21,21400,16.2,0.0,0.0,0.0
1995-03-22,20900,16.04,0.0,0.0,0.0
1995-03-23,19300,15.48,0.0,0.0,0.0
1995-03-24,18600,15.22,0.0,0.0,0.0
1995-03-25,17700,14.87,0.0,0.0,0.0
1995-03-26,16400,14.39,0.0,0.0,0.0
1995-03-27,15900,14.2,0.0,0.0,0.0
1995-03-28,16100,14.28,0.0,0.0,0.0
1995-03-29,16200,14.32,0.0,0.0,0.0
1995-03-30,16200,14.3,0.0,0.0,0.0
1995-03-31,16500,14.42,0.0,0.0,0.0
1995-04-01,16900,14.58,0.0,0.0,0.0
1995-04-02,17000,14.62,0.0,0.0,0.0
1995-04-03,16000,14.24,0.0,0.0,0.0
1995-04-04,14500,13.65,0.0,0.0,0.0
1995-04-05,15000,13.86,0.0,0.0,0.0
1995-04-06,13600,13.32,0.0,0.0,0.0
1995-04-07,12700,12.94,0.0,0.0,0.0
1995-04-08,13400,13.24,0.0,0.0,0.0
1995-04-09,11600,12.51,0.0,0.0,0.0
1995-04-10,12300,12.77,0.0,0.0,0.0
1995-04-11,10800,12.16,0.0,0.0,0.0
1995-04-12,10300,11.96,0.0,0.0,0.0
1995-04-13,10500,12.04,0.0,0.0,0.0
1995-04-14,11300,12.37,0.0,0.0,0.0
1995-04-15,10800,12.18,0.0,0.0,0.0
1995-04-16,10300,11.97,0.0,0.0,0.0
1995-04-17,9900,11.79,0.0,0.0,0.0
1995-04-18,9850,11.77,0.0,0.0,0.0
1995-04-19,9910,11.8,0.0,0.0,0.0
1995-04-20,9710,11.71,0.0,0.0,0.0
1995-04-21,10200,11.91,0.0,0.0,0.0
1995-04-22,10600,12.07,0.0,0.0,0.0
1995-04-23,9620,11.67,0.0,0.0,0.0
1995-04-24,10300,11.98,0.0,0.0,0.0
1995-04-25,11400,12.44,0.0,0.0,0.0
1995-04-26,11700,12.54,0.0,0.0,0.0
1995-04-27,11700,12.54,0.0,0.0,0.0
1995-04-28,14200,13.53,0.0,0.0,0.0
1995-04-29,15000,13.85,0.0,0.0,0.0
1995-04-30,14400,13.63,0.0,0.0,0.0
1995-05-01,14900,13.82,0.0,0.0,0.0
1995-05-02,14800,13.77,0.0,0.0,0.0
1995-05-03,16200,14.3,0.0,0.0,0.0
1995-05-04,16400,14.38,0.0,0.0,0.0
1995-05-05,15300,13.97,0.0,0.0,0.0
1995-05-06,16200,14.31,0.0,0.0,0.0
1995-05-07,16100,14.28,0.0,0.0,0.0
1995-05-08,17300,14.73,0.0,0.0,0.0
1995-05-09,18800,15.28,0.0,0.0,0.0
1995-05-10,21800,16.34,0.0,0.0,0.0
1995-05-11,24500,17.3,0.0,0.0,0.0
1995-05-12,21800,16.35,0.0,0.0,0.0
1995-05-13,18000,14.99,0.0,0.0,0.0
1995-05-14,16100,14.28,0.0,0.0,0.0
1995-05-15,19000,15.35,0.0,0.0,0.0
1995-05-16,23600,16.98,0.0,0.0,0.0
1995-05-17,24200,17.2,0.0,0.0,0.0
1995-05-18,22600,16.64,0.0,0.0,0.0
1995-05-19,19500,15.52,0.0,0.0,0.0
1995-05-20,17900,14.97,0.0,0.0,0.0
1995-05-21,16400,14.37,0.0,0.0,0.0
1995-05-22,16900,14.57,0.0,0.0,0.0
1995-05-23,18800,15.27,0.0,0.0,0.0
1995-05-24,17700,14.87,0.0,0.0,0.0
1995-05-25,20000,15.7,0.0,0.0,0.0
1995-05-26,20900,16.05,0.0,0.0,0.0
1995-05-27,21900,16.37,0.0,0.0,0.0
1995-05-28,21600,16.28,0.0,0.0,0.0
1995-05-29,23400,16.91,0.0,0.0,0.0
1995-05-30,25600,17.65,0.0,0.0,0.0
1995-05-31,24900,17.43,0.0,0.0,0.0
1995-06-01,23300,16.89,0.0,0.0,0.0
1995-06-02,22000,16.43,0.0,0.0,0.0
1995-06-03,22000,16.44,0.0,0.0,0.0
1995-06-04,20800,16.01,0.0,0.0,0.0
1995-06-05,20900,16.03,0.0,0.0,0.0
1995-06-06,20900,16.04,0.0,0.0,0.0
1995-06-07,17900,14.97,0.0,0.0,0.0
1995-06-08,16500,14.42,0.0,0.0,0.0
1995-06-09,17700,14.86,0.0,0.0,0.0
1995-06-10,19400,15.49,0.0,0.0,0.0
1995-06-11,19000,15.34,0.0,0.0,0.0
1995-06-12,18900,15.33,0.0,0.0,0.0
1995-06-13,18000,15.0,0.0,0.0,0.0
1995-06-14,17100,14.64,0.0,0.0,0.0
1995-06-15,15900,14.19,0.0,0.0,0.0
1995-06-16,16400,14.39,0.0,0.0,0.0
1995-06-17,16100,14.27,0.0,0.0,0.0
1995-06-18,15100,13.89,0.0,0.0,0.0
1995-06-19,14700,13.75,0.0,0.0,0.0
1995-06-20,14300,13.57,0.0,0.0,0.0
1995-06-21,14000,13.47,0.0,0.0,0.0
1995-06-22,13300,13.19,0.0,0.0,0.0
1995-06-23,13700,13.33,0.0,0.0,0.0
1995-06-24,14200,13.55,0.0,0.0,0.0
1995-06-25,15000,13.87,0.0,0.0,0.0
1995-06-26,15500,14.06,0.0,0.0,0.0
1995-06-27,15900,14.18,0.0,0.0,0.0
1995-06-28,15000,13.87,0.0,0.0,0.0
1995-06-29,15000,13.84,0.0,0.0,0.0
1995-06-30,15900,14.22,0.0,0.0,0.0
1995-07-01,17300,14.74,0.0,0.0,0.0
1995-07-02,17800,14.93,2.0,0.0,0.0
1995-07-03,19900,15.69,2.0,0.0,0.0
1995-07-04,19100,15.39,0.0,0.0,0.0
1995-07-05,17400,14.76,0.0,0.0,0.0
1995-07-06,15200,13.93,0.0,0.0,0.0
1995-07-07,15300,13.97,0.0,0.0,0.0
1995-07-08,14800,13.78,0.0,0.0,0.0
1995-07-09,13900,13.43,0.0,0.0,0.0
1995-07-10,16600,14.45,0.0,0.0,0.0
1995-07-11,14800,13.8,0.0,0.0,0.0
1995-07-12,13400,13.24,0.0,0.0,0.0
1995-07-13,13000,13.09,0.0,0.0,0.0
1995-07-14,11900,12.62,0.0,0.0,0.0
1995-07-15,11800,12.58,0.0,0.0,0.0
1995-07-16,11700,12.56,0.0,0.0,0.0
1995-07-17,12700,12.95,0.0,0.0,0.0
1995-07-18,13700,13.34,0.0,0.0,0.0
1995-07-19,14300,13.59,0.0,0.0,0.0
1995-07-20,14600,13.71,0.0,0.0,0.0
1995-07-21,13500,13.29,0.0,0.0,0.0
1995-07-22,12600,12.91,0.0,0.0,0.0
1995-07-23,11400,12.43,0.0,0.0,0.0
1995-07-24,10700,12.14,0.0,0.0,0.0
1995-07-25,9600,11.66,1.0,2.0,2.0
1995-07-26,11300,12.33,1.0,2.0,2.0
1995-07-27,18800,15.28,0.0,0.0,0.0
1995-07-28,15300,13.96,0.0,0.0,0.0
1995-07-29,12900,13.05,0.0,0.0,0.0
1995-07-30,12100,12.69,0.0,0.0,0.0
1995-07-31,10400,12.01,0.0,0.0,0.0
1995-08-01,9190,11.48,0.0,0.0,0.0
1995-08-02,9260,11.51,0.0,0.0,0.0
1995-08-03,9830,11.76,0.0,0.0,0.0
1995-08-04,9070,11.43,0.0,0.0,0.0
1995-08-05,8920,11.36,2.0,1.0,0.0
1995-08-06,8600,11.23,2.0,1.0,0.0
1995-08-07,12800,12.95,2.0,1.0,0.0
1995-08-08,18700,15.25,0.0,0.0,0.0
1995-08-09,17100,14.65,0.0,0.0,0.0
1995-08-10,14000,13.47,0.0,0.0,0.0
1995-08-11,12500,12.86,0.0,0.0,0.0
1995-08-12,12700,12.96,0.0,0.0,0.0
1995-08-13,12500,12.88,0.0,0.0,0.0
1995-08-14,10600,12.09,1.0,1.0,1.0
1995-08-15,10800,12.18,0.0,0.0,0.0
1995-08-16,11200,12.34,0.0,0.0,0.0
1995-08-17,10700,12.13,0.0,0.0,0.0
1995-08-18,12600,12.92,0.0,0.0,0.0
1995-08-19,10300,11.98,0.0,0.0,0.0
1995-08-20,10600,12.08,0.0,0.0,0.0
1995-08-21,9520,11.63,0.0,0.0,0.0
1995-08-22,10000,11.85,0.0,0.0,0.0
1995-08-23,9770,11.73,0.0,0.0,0.0
1995-08-24,8450,11.15,0.0,0.0,0.0
1995-08-25,8350,11.11,0.0,0.0,0.0
1995-08-26,8490,11.17,0.0,0.0,0.0
1995-08-27,7420,10.68,0.0,0.0,0.0
1995-08-28,7010,10.5,0.0,0.0,0.0
1995-08-29,7710,10.82,0.0,0.0,0.0
1995-08-30,8770,11.3,0.0,0.0,0.0
1995-08-31,8140,11.02,0.0,0.0,0.0
1995-09-01,7990,10.95,0.0,0.0,0.0
1995-09-02,8330,11.1,0.0,0.0,0.0
1995-09-03,8170,11.03,0.0,0.0,0.0
1995-09-04,7280,10.62,0.0,0.0,0.0
1995-09-05,7730,10.83,0.0,0.0,0.0
1995-09-06,7910,10.91,0.0,0.0,0.0
1995-09-07,7890,10.91,0.0,0.0,0.0
1995-09-08,8950,11.38,0.0,0.0,0.0
1995-09-09,9140,11.47,0.0,0.0,0.0
1995-09-10,8590,11.22,0.0,0.0,0.0
1995-09-11,8010,10.96,0.0,0.0,0.0
1995-09-12,8760,11.3,0.0,0.0,0.0
1995-09-13,8760,11.3,0.0,0.0,0.0
1995-09-14,8800,11.32,0.0,0.0,0.0
1995-09-15,8320,11.1,0.0,0.0,0.0
1995-09-16,7020,10.5,0.0,0.0,0.0
1995-09-17,7980,10.94,0.0,0.0,0.0
1995-09-18,7660,10.8,0.0,0.0,0.0
1995-09-19,7700,10.82,0.0,0.0,0.0
1995-09-20,8210,11.05,0.0,0.0,0.0
1995-09-21,6250,10.14,0.0,0.0,0.0
1995-09-22,5860,9.95,0.0,0.0,0.0
1995-09-23,5530,9.79,0.0,0.0,0.0
1995-09-24,4560,9.29,0.0,0.0,0.0
1995-09-25,7500,10.73,0.0,0.0,0.0
1995-09-26,5820,9.93,0.0,0.0,0.0
1995-09-27,6470,10.24,0.0,0.0,0.0
1995-09-28,6800,10.4,0.0,0.0,0.0
1995-09-29,8330,11.09,0.0,0.0,0.0
1995-09-30,7490,10.71,0.0,0.0,0.0
1995-10-01,11800,,1.0,0.0,0.0
1995-10-02,10600,12.07,1.0,0.0,0.0
1995-10-03,11600,12.49,0.0,0.0,0.0
1995-10-04,14600,13.7,0.0,0.0,0.0
1995-10-05,12000,12.68,0.0,0.0,0.0
1995-10-06,11100,12.29,0.0,0.0,0.0
1995-10-07,9550,11.64,0.0,0.0,0.0
1995-10-08,9310,11.53,0.0,0.0,0.0
1995-10-09,7570,10.76,2.0,2.0,2.0
1995-10-10,19100,15.23,2.0,2.0,2.0
1995-10-11,34000,20.23,0.0,0.0,0.0
1995-10-12,25900,17.75,0.0,0.0,0.0
1995-10-13,20800,16.0,0.0,1.0,2.0
1995-10-14,17400,14.75,0.0,1.0,2.0
1995-10-15,17700,14.87,0.0,1.0,2.0
1995-10-16,20600,15.9,0.0,0.0,0.0
1995-10-17,26300,17.9,1.0,1.0,1.0
1995-10-18,30200,19.12,0.0,0.0,0.0
1995-10-19,22400,16.55,0.0,0.0,0.0
1995-10-20,18400,15.14,1.0,1.0,1.0
1995-10-21,17800,14.91,0.0,0.0,0.0
1995-10-22,17000,14.61,0.0,0.0,0.0
1995-10-23,15400,14.02,0.0,0.0,0.0
1995-10-24,14500,13.67,0.0,0.0,0.0
1995-10-25,14300,13.59,2.0,2.0,2.0
1995-10-26,19200,15.41,2.0,2.0,2.0
1995-10-27,19200,15.42,0.0,0.0,0.0
1995-10-28,17100,14.64,0.0,0.0,0.0
1995-10-29,15600,14.09,0.0,0.0,0.0
1995-10-30,14700,13.74,0.0,0.0,0.0
1995-10-31,13800,13.4,0.0,0.0,0.0
1995-11-01,13200,13.17,0.0,0.0,0.0
1995-11-02,13500,13.26,0.0,0.0,0.0
1995-11-03,11800,12.6,0.0,0.0,0.0
1995-11-04,12000,12.66,0.0,0.0,0.0
1995-11-05,11800,12.58,0.0,0.0,0.0
1995-11-06,12200,12.74,0.0,0.0,0.0
1995-11-07,13200,13.12,3.0,3.0,3.0
1995-11-08,48400,23.67,3.0,3.0,3.0
1995-11-09,81300,30.12,0.0,0.0,0.0
1995-11-10,48800,23.93,2.0,2.0,2.0
1995-11-11,48500,23.85,2.0,2.0,2.0
1995-11-12,57100,25.87,1.0,2.0,2.0
1995-11-13,45300,23.18,1.0,2.0,2.0
1995-11-14,52800,24.89,1.0,2.0,2.0
1995-11-15,48600,23.96,1.0,1.0,1.0
1995-11-16,47700,23.77,4.0,3.0,3.0
1995-11-17,47100,23.61,4.0,3.0,3.0
1995-11-18,50400,24.36,4.0,3.0,3.0
1995-11-19,50200,24.31,0.0,0.0,0.0
1995-11-20,38900,21.59,0.0,0.0,0.0
1995-11-21,34300,20.35,0.0,0.0,0.0
1995-11-22,30400,19.21,3.0,0.0,0.0
1995-11-23,36100,20.81,3.0,2.0,2.0
1995-11-24,55000,25.39,0.0,0.0,0.0
1995-11-25,57900,26.02,0.0,0.0,0.0
1995-11-26,57300,25.91,0.0,0.0,0.0
1995-11-27,51900,24.71,4.0,4.0,4.0
1995-11-28,59300,26.3,4.0,4.0,4.0
1995-11-29,91600,31.7,4.0,4.0,4.0
1995-11-30,132000,36.48,4.0,4.0,4.0
1995-12-01,93600,32.05,0.0,0.0,0.0
1995-12-02,78700,29.91,0.0,0.0,0.0
1995-12-03,61000,26.76,0.0,0.0,0.0
1995-12-04,48300,24.17,0.0,0.0,0.0
1995-12-05,39700,22.08,0.0,0.0,0.0
1995-12-06,31100,19.64,0.0,0.0,0.0
1995-12-07,27100,18.37,0.0,0.0,0.0
1995-12-08,23800,17.23,0.0,0.0,0.0
1995-12-09,23100,16.96,3.0,3.0,3.0
1995-12-10,27600,18.48,3.0,3.0,3.0
1995-12-11,42100,22.67,1.0,1.0,0.0
1995-12-12,45300,23.5,2.0,1.0,0.0
1995-12-13,51000,24.74,2.0,1.0,0.0
1995-12-14,48400,24.17,1.0,1.0,0.0
1995-12-15,38900,21.89,0.0,0.0,0.0
1995-12-16,32800,20.18,0.0,0.0,0.0
1995-12-17,27100,18.36,1.0,1.0,0.0
1995-12-18,24700,17.53,1.0,1.0,0.0
1995-12-19,24400,17.42,0.0,0.0,0.0
1995-12-20,23200,16.99,0.0,0.0,0.0
1995-12-21,21600,16.42,0.0,0.0,0.0
1995-12-22,20600,16.02,0.0,0.0,0.0
1995-12-23,19000,15.44,0.0,0.0,0.0
1995-12-24,17800,14.98,0.0,0.0,0.0
1995-12-25,15800,14.17,0.0,0.0,0.0
1995-12-26,15300,13.96,0.0,0.0,0.0
1995-12-27,15500,14.04,0.0,0.0,0.0
1995-12-28,13500,13.19,0.0,0.0,0.0
1995-12-29,14200,13.5,0.0,0.0,0.0
1995-12-30,15600,14.09,0.0,0.0,0.0
1995-12-31,18000,15.04,0.0,0.0,0.0
1996-01-01,16200,14.33,0.0,0.0,1.0
1996-01-02,16800,14.57,0.0,1.0,1.0
1996-01-03,26700,18.18,0.0,1.0,1.0
1996-01-04,26600,18.18,0.0,0.0,0.0
1996-01-05,21700,16.44,3.0,0.0,0.0
1996-01-06,20200,15.88,3.0,3.0,3.0
1996-01-07,33600,20.3,3.0,3.0,3.0
1996-01-08,39600,22.03,0.0,0.0,0.0
1996-01-09,27900,18.63,0.0,0.0,0.0
1996-01-10,24400,17.45,0.0,1.0,1.0
1996-01-11,23100,16.97,0.0,1.0,1.0
1996-01-12,22100,16.6,0.0,0.0,0.0
1996-01-13,20700,16.06,3.0,1.0,0.0
1996-01-14,22800,16.87,3.0,2.0,2.0
1996-01-15,30200,19.36,3.0,2.0,2.0
1996-01-16,33900,20.5,0.0,0.0,0.0
1996-01-17,28200,18.75,0.0,0.0,0.0
1996-01-18,24700,17.55,0.0,0.0,0.0
1996-01-19,22400,16.72,0.0,0.0,0.0
1996-01-20,21300,16.3,0.0,0.0,0.0
1996-01-21,19700,15.72,0.0,0.0,0.0
1996-01-22,18800,15.34,0.0,0.0,0.0
1996-01-23,19600,15.65,0.0,0.0,0.0
1996-01-24,18900,15.39,0.0,0.0,0.0
1996-01-25,17800,14.95,0.0,0.0,0.0
1996-01-26,17800,14.97,0.0,0.0,0.0
1996-01-27,16300,14.37,0.0,0.0,0.0
1996-01-28,16300,14.38,0.0,0.0,0.0
1996-01-29,16700,14.51,0.0,0.0,0.0
1996-01-30,15900,14.22,0.0,0.0,0.0
1996-01-31,15800,14.16,0.0,0.0,0.0
1996-02-01,15700,14.12,0.0,0.0,0.0
1996-02-02,15500,14.02,0.0,0.0,0.0
1996-02-03,14900,13.79,0.0,0.0,0.0
1996-02-04,15600,,0.0,0.0,0.0
1996-02-05,16800,,2.0,1.0,1.0
1996-02-06,26500,18.15,2.0,1.0,1.0
1996-02-07,35800,20.92,2.0,1.0,0.0
1996-02-08,46400,23.31,2.0,1.0,0.0
1996-02-09,73200,28.38,0.0,0.0,0.0
1996-02-10,49500,23.68,0.0,0.0,0.0
1996-02-11,32600,19.48,0.0,0.0,0.0
1996-02-12,26100,17.39,0.0,0.0,0.0
1996-02-13,23700,16.53,0.0,0.0,0.0
1996-02-14,22200,16.0,0.0,0.0,0.0
1996-02-15,21800,15.83,0.0,0.0,0.0
1996-02-16,21900,15.89,0.0,0.0,0.0
1996-02-17,22400,16.06,1.0,1.0,1.0
1996-02-18,27300,17.79,1.0,1.0,1.0
1996-02-19,29000,18.79,0.0,0.0,0.0
1996-02-20,24700,17.54,0.0,0.0,0.0
1996-02-21,23300,17.03,0.0,0.0,0.0
1996-02-22,22000,16.57,0.0,0.0,0.0
1996-02-23,20900,16.17,0.0,0.0,0.0
1996-02-24,19600,15.65,0.0,0.0,0.0
1996-02-25,17300,14.77,0.0,0.0,0.0
1996-02-26,16500,14.45,0.0,0.0,0.0
1996-02-27,16900,14.62,0.0,0.0,0.0
1996-02-28,16600,14.48,0.0,0.0,0.0
1996-02-29,16200,14.32,0.0,0.0,0.0
1996-03-01,16600,14.48,0.0,0.0,0.0
1996-03-02,15500,14.02,0.0,0.0,0.0
1996-03-03,14400,13.59,0.0,0.0,0.0
1996-03-04,14700,13.71,0.0,0.0,0.0
1996-03-05,15600,14.09,0.0,0.0,0.0
1996-03-06,15000,13.81,0.0,0.0,0.0
1996-03-07,13900,13.39,0.0,0.0,0.0
1996-03-08,14200,13.51,1.0,1.0,1.0
1996-03-09,13500,13.19,1.0,1.0,1.0
1996-03-10,18500,15.24,1.0,1.0,1.0
1996-03-11,21000,16.17,0.0,0.0,0.0
1996-03-12,19300,15.55,0.0,0.0,0.0
1996-03-13,17300,14.77,0.0,0.0,0.0
1996-03-14,15800,14.16,0.0,0.0,0.0
1996-03-15,16200,14.34,0.0,0.0,0.0
1996-03-16,17100,14.7,0.0,0.0,0.0
1996-03-17,16400,14.42,0.0,0.0,0.0
1996-03-18,15700,14.13,0.0,0.0,0.0
1996-03-19,15300,13.97,0.0,0.0,0.0
1996-03-20,15400,14.01,0.0,0.0,0.0
1996-03-21,14400,13.58,0.0,0.0,0.0
1996-03-22,14700,13.71,0.0,0.0,0.0
1996-03-23,14400,13.58,0.0,0.0,0.0
1996-03-24,13900,13.38,0.0,0.0,0.0
1996-03-25,13400,13.17,0.0,0.0,0.0
1996-03-26,12500,12.78,0.0,0.0,0.0
1996-03-27,12400,12.73,0.0,0.0,0.0
1996-03-28,10200,11.72,0.0,0.0,0.0
1996-03-29,10900,12.06,0.0,0.0,0.0
1996-03-30,10800,12.01,0.0,0.0,0.0
1996-03-31,10700,11.97,0.0,0.0,0.0
1996-04-01,12200,12.64,0.0,0.0,0.0
1996-04-02,13900,13.36,0.0,0.0,0.0
1996-04-03,12300,12.67,0.0,0.0,0.0
1996-04-04,11600,12.38,0.0,0.0,0.0
1996-04-05,11200,12.18,3.0,3.0,2.0
1996-04-06,11600,12.4,3.0,3.0,2.0
1996-04-07,15100,13.86,3.0,3.0,0.0
1996-04-08,17300,14.75,0.0,0.0,0.0
1996-04-09,18600,15.29,0.0,0.0,0.0
1996-04-10,18400,15.2,0.0,0.0,0.0
1996-04-11,16400,14.4,0.0,0.0,0.0
1996-04-12,15500,14.03,0.0,0.0,0.0
1996-04-13,14700,13.72,0.0,0.0,0.0
1996-04-14,13600,13.23,2.0,1.0,0.0
1996-04-15,12000,12.53,2.0,1.0,0.0
1996-04-16,12600,12.84,0.0,1.0,0.0
1996-04-17,14000,13.42,0.0,1.0,0.0
1996-04-18,13800,13.31,0.0,0.0,0.0
1996-04-19,13100,13.02,0.0,0.0,0.0
1996-04-20,14000,13.41,0.0,0.0,0.0
1996-04-21,14500,13.63,0.0,0.0,0.0
1996-04-22,14000,13.42,2.0,2.0,0.0
1996-04-23,18400,15.16,2.0,2.0,0.0
1996-04-24,32000,19.95,2.0,2.0,0.0
1996-04-25,26700,18.23,1.0,1.0,0.0
1996-04-26,24700,17.55,0.0,0.0,0.0
1996-04-27,22800,16.84,0.0,0.0,0.0
1996-04-28,20600,16.04,0.0,0.0,0.0
1996-04-29,19200,15.51,0.0,0.0,0.0
1996-04-30,18300,15.15,0.0,0.0,0.0
1996-05-01,17600,14.91,0.0,0.0,0.0
1996-05-02,16600,14.51,0.0,0.0,0.0
1996-05-03,16900,14.64,0.0,0.0,0.0
1996-05-04,15900,14.26,0.0,0.0,0.0
1996-05-05,15400,14.07,0.0,0.0,0.0
1996-05-06,15100,13.97,0.0,0.0,0.0
1996-05-07,15200,13.99,0.0,0.0,0.0
1996-05-08,15000,13.91,0.0,0.0,0.0
1996-05-09,13400,13.31,0.0,0.0,0.0
1996-05-10,11700,12.6,0.0,0.0,0.0
1996-05-11,11700,12.59,0.0,0.0,0.0
1996-05-12,10800,12.23,0.0,0.0,0.0
1996-05-13,13700,13.39,0.0,0.0,0.0
1996-05-14,21700,16.45,0.0,0.0,0.0
1996-05-15,21300,16.31,0.0,0.0,0.0
1996-05-16,19200,15.5,0.0,0.0,0.0
1996-05-17,16900,14.63,0.0,0.0,0.0
1996-05-18,19400,15.58,0.0,0.0,0.0
1996-05-19,22300,16.69,0.0,0.0,0.0
1996-05-20,21400,16.33,0.0,0.0,0.0
1996-05-21,19300,15.53,0.0,0.0,0.0
1996-05-22,18400,15.2,0.0,0.0,0.0
1996-05-23,21000,16.19,0.0,0.0,0.0
1996-05-24,18900,15.4,0.0,0.0,0.0
1996-05-25,18000,15.05,0.0,0.0,0.0
1996-05-26,19200,15.51,0.0,0.0,0.0
1996-05-27,19500,15.61,0.0,0.0,0.0
1996-05-28,18700,15.32,0.0,0.0,0.0
1996-05-29,18800,15.34,0.0,0.0,0.0
1996-05-30,19700,15.7,0.0,0.0,0.0
1996-05-31,18000,15.04,0.0,0.0,0.0
1996-06-01,17000,14.68,0.0,0.0,0.0
1996-06-02,17000,14.69,0.0,0.0,0.0
1996-06-03,21200,16.24,0.0,0.0,0.0
1996-06-04,25000,17.65,0.0,0.0,0.0
1996-06-05,22800,16.84,0.0,0.0,0.0
1996-06-06,21100,16.24,0.0,0.0,0.0
1996-06-07,21900,16.52,0.0,0.0,0.0
1996-06-08,23200,17.0,0.0,0.0,0.0
1996-06-09,21500,16.39,0.0,0.0,0.0
1996-06-10,19700,15.69,0.0,0.0,0.0
1996-06-11,18700,15.32,0.0,0.0,0.0
1996-06-12,18400,15.2,0.0,0.0,0.0
1996-06-13,18100,15.09,0.0,0.0,0.0
1996-06-14,18500,15.22,0.0,0.0,0.0
1996-06-15,18500,15.25,0.0,0.0,0.0
1996-06-16,18500,15.24,0.0,0.0,0.0
1996-06-17,18000,15.03,0.0,0.0,0.0
1996-06-18,17000,14.67,0.0,0.0,0.0
1996-06-19,15900,14.26,0.0,0.0,0.0
1996-06-20,15300,14.02,0.0,0.0,0.0
1996-06-21,15500,14.13,0.0,0.0,0.0
1996-06-22,14700,13.79,0.0,0.0,0.0
1996-06-23,15100,13.98,0.0,0.0,0.0
1996-06-24,15000,13.93,0.0,0.0,0.0
1996-06-25,15100,13.95,0.0,0.0,0.0
1996-06-26,15100,13.96,0.0,0.0,0.0
1996-06-27,15000,13.92,0.0,0.0,0.0
1996-06-28,14700,13.82,0.0,0.0,0.0
1996-06-29,13200,13.23,0.0,0.0,0.0
1996-06-30,12400,12.91,0.0,0.0,0.0
1996-07-01,13300,13.27,0.0,0.0,0.0
1996-07-02,15900,14.27,0.0,0.0,0.0
1996-07-03,16700,14.58,0.0,0.0,0.0
1996-07-04,17100,14.71,0.0,0.0,0.0
1996-07-05,15300,14.02,0.0,0.0,0.0
1996-07-06,14100,13.57,0.0,0.0,0.0
1996-07-07,13300,13.26,0.0,0.0,0.0
1996-07-08,15600,14.14,0.0,0.0,0.0
1996-07-09,17000,14.67,0.0,0.0,0.0
1996-07-10,16600,14.52,0.0,0.0,0.0
1996-07-11,15500,14.1,0.0,0.0,0.0
1996-07-12,17700,14.95,0.0,0.0,0.0
1996-07-13,18400,15.19,0.0,0.0,0.0
1996-07-14,19000,15.45,0.0,0.0,0.0
1996-07-15,19900,15.76,0.0,0.0,0.0
1996-07-16,19400,15.59,0.0,0.0,0.0
1996-07-17,18300,15.15,0.0,0.0,0.0
1996-07-18,18300,15.15,0.0,0.0,0.0
1996-07-19,17100,14.7,0.0,0.0,0.0
1996-07-20,18600,15.27,0.0,0.0,0.0
1996-07-21,15000,13.94,0.0,0.0,0.0
1996-07-22,12400,12.88,0.0,0.0,0.0
1996-07-23,14600,13.78,0.0,0.0,0.0
1996-07-24,15500,14.13,0.0,0.0,0.0
1996-07-25,16300,14.41,0.0,0.0,0.0
1996-07-26,15600,14.15,0.0,0.0,0.0
1996-07-27,16200,14.38,0.0,0.0,0.0
1996-07-28,16900,14.62,0.0,0.0,0.0
1996-07-29,17500,14.86,0.0,0.0,0.0
1996-07-30,16400,14.46,0.0,0.0,0.0
1996-07-31,14800,13.86,0.0,0.0,0.0
1996-08-01,13100,13.19,0.0,0.0,0.0
1996-08-02,12200,12.81,0.0,0.0,0.0
1996-08-03,13000,13.15,0.0,0.0,0.0
1996-08-04,11000,12.31,0.0,0.0,0.0
1996-08-05,12700,13.0,0.0,0.0,0.0
1996-08-06,13800,13.45,0.0,0.0,0.0
1996-08-07,11800,12.67,0.0,0.0,0.0
1996-08-08,10400,12.05,0.0,0.0,0.0
1996-08-09,9860,11.82,0.0,0.0,0.0
1996-08-10,9660,11.73,0.0,0.0,0.0
1996-08-11,9970,11.87,0.0,0.0,0.0
1996-08-12,9650,11.72,0.0,0.0,0.0
1996-08-13,9820,11.8,0.0,0.0,0.0
1996-08-14,9520,11.67,0.0,0.0,0.0
1996-08-15,9740,11.76,0.0,0.0,0.0
1996-08-16,10200,12.0,0.0,0.0,0.0
1996-08-17,8630,11.23,0.0,0.0,0.0
1996-08-18,7190,10.52,0.0,0.0,0.0
1996-08-19,7020,10.43,0.0,0.0,0.0
1996-08-20,7970,10.91,0.0,0.0,0.0
1996-08-21,7440,10.64,0.0,0.0,0.0
1996-08-22,7700,10.78,0.0,0.0,0.0
1996-08-23,8590,11.22,0.0,0.0,0.0
1996-08-24,9530,11.67,0.0,0.0,0.0
1996-08-25,8500,11.17,0.0,0.0,0.0
1996-08-26,8620,11.24,0.0,0.0,0.0
1996-08-27,9630,11.72,0.0,0.0,0.0
1996-08-28,9740,11.78,0.0,0.0,0.0
1996-08-29,9350,11.59,2.0,2.0,2.0
1996-08-30,9640,11.73,2.0,2.0,2.0
1996-08-31,10100,11.95,0.0,0.0,0.0
1996-09-01,10200,11.98,0.0,0.0,0.0
1996-09-02,8840,11.34,0.0,0.0,0.0
1996-09-03,8830,11.34,0.0,0.0,0.0
1996-09-04,8280,11.07,0.0,0.0,0.0
1996-09-05,8240,11.05,0.0,0.0,0.0
1996-09-06,8940,11.39,0.0,0.0,0.0
1996-09-07,9230,11.53,0.0,0.0,0.0
1996-09-08,9080,11.46,0.0,0.0,0.0
1996-09-09,11100,12.38,0.0,0.0,0.0
1996-09-10,10600,12.16,0.0,0.0,0.0
1996-09-11,8000,,0.0,0.0,0.0
1996-09-12,7090,,0.0,0.0,0.0
1996-09-13,7020,10.44,0.0,0.0,0.0
1996-09-14,6900,10.37,0.0,0.0,0.0
1996-09-15,8580,11.21,0.0,0.0,0.0
1996-09-16,10600,12.18,0.0,0.0,0.0
1996-09-17,9790,11.8,0.0,0.0,0.0
1996-09-18,9070,11.45,0.0,0.0,0.0
1996-09-19,7630,10.74,0.0,0.0,0.0
1996-09-20,9790,11.8,0.0,0.0,0.0
1996-09-21,8810,11.33,0.0,0.0,0.0
1996-09-22,9250,11.53,0.0,0.0,0.0
1996-09-23,9500,11.65,0.0,0.0,0.0
1996-09-24,8660,11.24,0.0,0.0,0.0
1996-09-25,7620,10.74,0.0,0.0,0.0
1996-09-26,6870,10.36,0.0,0.0,0.0
1996-09-27,6930,10.39,0.0,0.0,0.0
1996-09-28,6750,10.29,0.0,0.0,0.0
1996-09-29,5980,9.88,0.0,0.0,0.0
1996-09-30,8310,11.08,0.0,0.0,0.0
1996-10-01,7100,10.47,0.0,0.0,0.0
1996-10-02,9100,11.47,3.0,4.0,3.0
1996-10-03,9000,11.42,3.0,4.0,3.0
1996-10-04,9250,11.54,3.0,4.0,3.0
1996-10-05,15800,14.21,0.0,0.0,0.0
1996-10-06,13500,13.33,0.0,0.0,0.0
1996-10-07,10700,12.18,0.0,0.0,0.0
1996-10-08,10300,12.02,0.0,0.0,0.0
1996-10-09,10200,11.99,0.0,0.0,0.0
1996-10-10,9580,11.7,1.0,0.0,0.0
1996-10-11,10200,11.97,1.0,0.0,0.0
1996-10-12,11900,12.68,0.0,0.0,0.0
1996-10-13,11600,12.55,0.0,0.0,0.0
1996-10-14,17800,14.97,1.0,1.0,1.0
1996-10-15,21500,16.37,0.0,0.0,0.0
1996-10-16,18000,15.04,0.0,0.0,0.0
1996-10-17,14300,13.64,2.0,2.0,1.0
1996-10-18,16100,14.32,2.0,2.0,1.0
1996-10-19,16900,14.62,0.0,0.0,0.0
1996-10-20,14200,13.62,0.0,0.0,0.0
1996-10-21,12800,13.08,1.0,1.0,1.0
1996-10-22,20000,15.81,1.0,1.0,1.0
1996-10-23,20400,15.97,1.0,1.0,1.0
1996-10-24,21000,16.18,1.0,1.0,1.0
1996-10-25,19700,15.68,0.0,0.0,0.0
1996-10-26,14900,13.89,0.0,0.0,0.0
1996-10-27,15000,13.92,0.0,1.0,2.0
1996-10-28,16000,14.28,1.0,1.0,2.0
1996-10-29,27000,18.32,0.0,0.0,0.0
1996-10-30,20400,15.95,0.0,0.0,0.0
1996-10-31,17900,14.99,0.0,0.0,0.0
1996-11-01,15600,14.15,0.0,0.0,0.0
1996-11-02,14100,13.57,0.0,0.0,0.0
1996-11-03,14000,13.54,0.0,0.0,0.0
1996-11-04,14900,13.9,0.0,0.0,0.0
1996-11-05,15200,13.99,0.0,0.0,0.0
1996-11-06,16700,14.57,0.0,0.0,0.0
1996-11-07,17800,14.99,2.0,2.0,2.0
1996-11-08,19100,15.47,2.0,2.0,2.0
1996-11-09,24100,17.32,0.0,0.0,2.0
1996-11-10,20700,16.09,0.0,0.0,0.0
1996-11-11,20200,15.89,2.0,1.0,1.0
1996-11-12,20800,16.11,2.0,1.0,1.0
1996-11-13,25500,17.82,2.0,1.0,0.0
1996-11-14,26300,18.08,0.0,0.0,0.0
1996-11-15,21800,16.46,0.0,0.0,0.0
1996-11-16,20100,15.84,0.0,0.0,0.0
1996-11-17,18500,15.22,0.0,0.0,0.0
1996-11-18,17100,14.71,0.0,0.0,0.0
1996-11-19,16400,14.44,0.0,0.0,0.0
1996-11-20,15400,14.07,0.0,0.0,0.0
1996-11-21,14600,13.76,0.0,0.0,0.0
1996-11-22,14200,13.61,0.0,0.0,0.0
1996-11-23,13700,13.4,0.0,0.0,0.0
1996-11-24,13900,13.51,0.0,0.0,0.0
1996-11-25,15600,14.14,0.0,0.0,0.0
1996-11-26,15000,13.94,0.0,0.0,0.0
1996-11-27,18400,15.19,0.0,0.0,0.0
1996-11-28,38000,21.61,0.0,0.0,0.0
1996-11-29,29300,19.04,0.0,0.0,0.0
1996-11-30,23000,16.91,1.0,1.0,1.0
1996-12-01,25600,17.87,1.0,1.0,1.0
1996-12-02,24300,17.37,0.0,0.0,0.0
1996-12-03,21500,16.37,0.0,0.0,0.0
1996-12-04,19300,15.55,1.0,1.0,1.0
1996-12-05,20900,16.14,0.0,0.0,0.0
1996-12-06,18500,15.24,0.0,0.0,0.0
1996-12-07,17400,14.8,0.0,0.0,0.0
1996-12-08,18600,15.28,0.0,0.0,0.0
1996-12-09,17900,15.0,0.0,0.0,0.0
1996-12-10,17300,14.75,1.0,0.0,0.0
1996-12-11,17500,14.83,0.0,0.0,0.0
1996-12-12,17000,14.63,0.0,0.0,0.0
1996-12-13,16100,14.3,0.0,0.0,0.0
1996-12-14,16000,14.26,0.0,0.0,0.0
1996-12-15,14600,13.65,1.0,1.0,1.0
1996-12-16,14400,13.59,1.0,1.0,1.0
1996-12-17,13800,13.32,0.0,0.0,0.0
1996-12-18,13800,13.34,0.0,0.0,0.0
1996-12-19,13500,13.22,0.0,0.0,0.0
1996-12-20,13800,13.35,0.0,0.0,0.0
1996-12-21,13500,13.21,0.0,0.0,0.0
1996-12-22,12700,12.85,0.0,0.0,0.0
1996-12-23,11800,12.46,0.0,0.0,0.0
1996-12-24,12700,12.86,0.0,0.0,0.0
1996-12-25,12500,12.78,0.0,0.0,0.0
1996-12-26,12300,12.69,0.0,0.0,0.0
1996-12-27,12400,12.72,0.0,0.0,0.0
1996-12-28,11800,12.46,0.0,0.0,0.0
1996-12-29,10300,,3.0,2.0,1.0
1996-12-30,14200,13.5,3.0,2.0,1.0
1996-12-31,22400,16.69,4.0,3.0,1.0
1997-01-01,38300,21.64,4.0,3.0,1.0
1997-01-02,44000,23.18,0.0,0.0,0.0
1997-01-03,37900,21.61,0.0,0.0,0.0
1997-01-04,28500,18.83,0.0,0.0,0.0
1997-01-05,22700,16.81,0.0,0.0,0.0
1997-01-06,19500,15.64,1.0,1.0,1.0
1997-01-07,23400,17.08,1.0,1.0,1.0
1997-01-08,23300,17.03,0.0,0.0,0.0
1997-01-09,21900,16.52,0.0,0.0,0.0
1997-01-10,21800,16.5,0.0,0.0,0.0
1997-01-11,20700,16.09,0.0,0.0,0.0
1997-01-12,19400,15.6,0.0,0.0,0.0
1997-01-13,19200,15.52,0.0,0.0,0.0
1997-01-14,17000,14.65,0.0,0.0,0.0
1997-01-15,15300,13.97,0.0,0.0,0.0
1997-01-16,14900,13.81,2.0,2.0,2.0
1997-01-17,19700,15.68,2.0,2.0,2.0
1997-01-18,27300,18.43,3.0,2.0,2.0
1997-01-19,40400,22.21,3.0,2.0,2.0
1997-01-20,47600,24.01,3.0,2.0,2.0
1997-01-21,35700,21.02,0.0,0.0,0.0
1997-01-22,28700,18.91,0.0,0.0,0.0
1997-01-23,26100,18.03,0.0,0.0,0.0
1997-01-24,24000,17.27,0.0,0.0,0.0
1997-01-25,21900,16.53,0.0,0.0,0.0
1997-01-26,21100,16.23,0.0,0.0,0.0
1997-01-27,19800,15.72,1.0,1.0,0.0
1997-01-28,20000,15.83,1.0,1.0,0.0
1997-01-29,20100,15.86,4.0,4.0,3.0
1997-01-30,30300,19.16,4.0,4.0,3.0
1997-01-31,43900,23.1,0.0,0.0,0.0
1997-02-01,31600,19.82,0.0,0.0,0.0
1997-02-02,29300,19.11,0.0,0.0,0.0
1997-02-03,25600,17.86,0.0,0.0,0.0
1997-02-04,23700,17.19,0.0,0.0,0.0
1997-02-05,21800,16.49,0.0,0.0,0.0
1997-02-06,20800,16.11,0.0,0.0,0.0
1997-02-07,19800,15.73,0.0,0.0,0.0
1997-02-08,19000,15.44,0.0,0.0,0.0
1997-02-09,18600,15.28,0.0,0.0,0.0
1997-02-10,18000,15.03,0.0,0.0,0.0
1997-02-11,17400,14.8,0.0,0.0,0.0
1997-02-12,18500,15.26,0.0,0.0,0.0
1997-02-13,17800,14.96,0.0,0.0,0.0
1997-02-14,18800,15.36,0.0,0.0,0.0
1997-02-15,24700,17.53,0.0,0.0,0.0
1997-02-16,23200,17.0,0.0,0.0,0.0
1997-02-17,23000,16.92,0.0,0.0,0.0
1997-02-18,25200,17.73,0.0,0.0,0.0
1997-02-19,25800,17.92,0.0,0.0,0.0
1997-02-20,26200,18.07,0.0,0.0,0.0
1997-02-21,23600,17.16,0.0,0.0,0.0
1997-02-22,21900,16.52,0.0,0.0,0.0
1997-02-23,20500,15.99,0.0,0.0,0.0
1997-02-24,19400,15.58,0.0,0.0,0.0
1997-02-25,19100,15.45,0.0,0.0,0.0
1997-02-26,18900,15.39,0.0,0.0,0.0
1997-02-27,18800,15.36,0.0,0.0,0.0
1997-02-28,18300,15.15,0.0,0.0,0.0
1997-03-01,18400,15.21,0.0,0.0,0.0
1997-03-02,18600,15.26,0.0,0.0,0.0
1997-03-03,18500,15.23,0.0,0.0,0.0
1997-03-04,18100,15.07,0.0,0.0,0.0
1997-03-05,17700,14.91,0.0,0.0,0.0
1997-03-06,17800,14.98,0.0,0.0,0.0
1997-03-07,20600,16.04,0.0,0.0,0.0
1997-03-08,20700,16.07,0.0,0.0,0.0
1997-03-09,19900,15.76,0.0,0.0,0.0
1997-03-10,21700,16.46,0.0,0.0,0.0
1997-03-11,20200,15.89,0.0,0.0,0.0
1997-03-12,18800,15.37,0.0,0.0,0.0
1997-03-13,18100,15.07,0.0,0.0,0.0
1997-03-14,17400,14.82,0.0,0.0,0.0
1997-03-15,17200,14.72,0.0,0.0,0.0
1997-03-16,18800,15.36,0.0,0.0,0.0
1997-03-17,16700,14.55,4.0,4.0,4.0
1997-03-18,19400,15.58,4.0,4.0,4.0
1997-03-19,47300,23.68,4.0,4.0,4.0
1997-03-20,73800,29.11,4.0,4.0,4.0
1997-03-21,54400,25.39,0.0,0.0,0.0
1997-03-22,34500,20.66,0.0,0.0,0.0
1997-03-23,26900,18.3,0.0,0.0,0.0
1997-03-24,22900,16.89,0.0,0.0,0.0
1997-03-25,20700,16.08,0.0,0.0,0.0
1997-03-26,22400,16.72,0.0,0.0,0.0
1997-03-27,23900,17.26,0.0,0.0,0.0
1997-03-28,21600,16.43,0.0,0.0,0.0
1997-03-29,17900,14.99,0.0,0.0,0.0
1997-03-30,19300,15.56,0.0,0.0,0.0
1997-03-31,21000,16.18,0.0,0.0,0.0
1997-04-01,21000,16.18,0.0,0.0,0.0
1997-04-02,19000,15.43,0.0,0.0,0.0
1997-04-03,17300,14.77,0.0,0.0,0.0
1997-04-04,16700,14.51,0.0,0.0,0.0
1997-04-05,15900,14.22,0.0,0.0,0.0
1997-04-06,15800,14.16,0.0,0.0,0.0
1997-04-07,17400,14.79,0.0,0.0,0.0
1997-04-08,14800,13.76,0.0,0.0,0.0
1997-04-09,17000,14.64,0.0,0.0,0.0
1997-04-10,15100,13.88,0.0,0.0,0.0
1997-04-11,16100,14.3,0.0,0.0,0.0
1997-04-12,17000,14.65,0.0,0.0,0.0
1997-04-13,17800,14.96,0.0,0.0,0.0
1997-04-14,18500,15.25,0.0,0.0,0.0
1997-04-15,17300,14.74,2.0,2.0,2.0
1997-04-16,20600,16.04,2.0,2.0,2.0
1997-04-17,22800,16.84,0.0,0.0,0.0
1997-04-18,22300,16.66,0.0,0.0,0.0
1997-04-19,19100,15.45,0.0,0.0,0.0
1997-04-20,28000,18.59,0.0,0.0,0.0
1997-04-21,31900,19.9,0.0,0.0,0.0
1997-04-22,25800,17.93,0.0,0.0,0.0
1997-04-23,24700,17.54,0.0,0.0,0.0
1997-04-24,24800,17.57,0.0,0.0,0.0
1997-04-25,23700,17.19,0.0,0.0,0.0
1997-04-26,22300,16.67,0.0,0.0,0.0
1997-04-27,26400,18.11,0.0,0.0,0.0
1997-04-28,28400,18.82,0.0,0.0,0.0
1997-04-29,26700,18.24,0.0,0.0,0.0
1997-04-30,23800,17.21,0.0,0.0,0.0
1997-05-01,26300,18.11,0.0,0.0,0.0
1997-05-02,24400,17.43,0.0,0.0,0.0
1997-05-03,22800,16.85,0.0,0.0,0.0
1997-05-04,23200,16.98,1.0,1.0,0.0
1997-05-05,22100,16.6,1.0,1.0,0.0
1997-05-06,23900,17.25,1.0,1.0,0.0
1997-05-07,25500,17.82,0.0,0.0,0.0
1997-05-08,24500,17.48,0.0,0.0,0.0
1997-05-09,24600,17.5,0.0,0.0,0.0
1997-05-10,26600,18.22,0.0,0.0,0.0
1997-05-11,28400,18.81,0.0,0.0,0.0
1997-05-12,32500,20.1,0.0,0.0,0.0
1997-05-13,36600,21.28,0.0,0.0,0.0
1997-05-14,39500,22.04,0.0,0.0,0.0
1997-05-15,40700,22.36,0.0,0.0,0.0
1997-05-16,40900,22.4,0.0,0.0,0.0
1997-05-17,39300,22.0,0.0,0.0,0.0
1997-05-18,34500,20.7,0.0,0.0,0.0
1997-05-19,30600,19.52,0.0,0.0,0.0
1997-05-20,29400,19.14,0.0,0.0,0.0
1997-05-21,27700,18.57,0.0,0.0,0.0
1997-05-22,25200,17.71,0.0,0.0,0.0
1997-05-23,24400,17.44,0.0,0.0,0.0
1997-05-24,24200,17.35,0.0,0.0,0.0
1997-05-25,23800,17.2,0.0,0.0,0.0
1997-05-26,23900,17.27,0.0,0.0,0.0
1997-05-27,24600,17.49,0.0,0.0,0.0
1997-05-28,25700,17.88,0.0,0.0,0.0
1997-05-29,29200,19.06,0.0,0.0,0.0
1997-05-30,33700,20.46,2.0,2.0,2.0
1997-05-31,40300,22.18,2.0,2.0,2.0
1997-06-01,51700,24.94,0.0,0.0,0.0
1997-06-02,43300,23.0,0.0,0.0,0.0
1997-06-03,35000,20.84,0.0,0.0,0.0
1997-06-04,36500,21.24,0.0,0.0,0.0
1997-06-05,37200,21.43,0.0,0.0,0.0
1997-06-06,32700,20.17,0.0,0.0,0.0
1997-06-07,28600,18.88,0.0,0.0,0.0
1997-06-08,27600,18.54,0.0,0.0,0.0
1997-06-09,26900,18.29,0.0,0.0,0.0
1997-06-10,27500,18.53,0.0,0.0,0.0
1997-06-11,30300,19.42,0.0,0.0,0.0
1997-06-12,32400,20.07,0.0,0.0,0.0
1997-06-13,31700,19.87,0.0,0.0,0.0
1997-06-14,29300,19.11,0.0,0.0,0.0
1997-06-15,31800,19.83,0.0,0.0,0.0
1997-06-16,37900,21.64,2.0,2.0,2.0
1997-06-17,42700,22.85,2.0,2.0,2.0
1997-06-18,59900,26.59,0.0,0.0,0.0
1997-06-19,57600,26.13,0.0,0.0,0.0
1997-06-20,40000,22.15,0.0,0.0,0.0
1997-06-21,31900,19.91,0.0,0.0,0.0
1997-06-22,30900,19.61,0.0,0.0,0.0
1997-06-23,30600,19.52,0.0,0.0,0.0
1997-06-24,33700,20.45,0.0,0.0,0.0
1997-06-25,30300,19.42,0.0,0.0,0.0
1997-06-26,28800,18.94,0.0,0.0,0.0
1997-06-27,27600,18.53,0.0,0.0,0.0
1997-06-28,26100,18.03,0.0,0.0,0.0
1997-06-29,27500,18.49,0.0,0.0,0.0
1997-06-30,29100,19.04,0.0,0.0,0.0
1997-07-01,27700,18.58,0.0,0.0,0.0
1997-07-02,26600,18.2,0.0,0.0,0.0
1997-07-03,26300,18.1,0.0,0.0,0.0
1997-07-04,25900,17.95,0.0,0.0,0.0
1997-07-05,30900,19.59,0.0,0.0,0.0
1997-07-06,34900,20.81,0.0,0.0,0.0
1997-07-07,35500,20.96,2.0,2.0,2.0
1997-07-08,33300,20.32,2.0,2.0,2.0
1997-07-09,62200,26.95,2.0,2.0,2.0
1997-07-10,68800,28.23,0.0,0.0,0.0
1997-07-11,44900,23.32,0.0,0.0,0.0
1997-07-12,34300,20.62,0.0,0.0,0.0
1997-07-13,28200,18.72,0.0,0.0,0.0
1997-07-14,26600,18.22,0.0,0.0,0.0
1997-07-15,27800,18.63,0.0,0.0,0.0
1997-07-16,27600,18.54,0.0,0.0,0.0
1997-07-17,26000,18.0,0.0,0.0,0.0
1997-07-18,24700,17.54,0.0,0.0,0.0
1997-07-19,24900,17.61,0.0,0.0,0.0
1997-07-20,26000,18.01,0.0,0.0,0.0
1997-07-21,27300,18.45,0.0,0.0,0.0
1997-07-22,27600,18.54,0.0,0.0,0.0
1997-07-23,25900,17.96,0.0,0.0,0.0
1997-07-24,22900,16.9,0.0,0.0,0.0
1997-07-25,21200,16.28,0.0,0.0,0.0
1997-07-26,18800,15.35,0.0,0.0,0.0
1997-07-27,17900,14.99,0.0,0.0,0.0
1997-07-28,18100,15.07,0.0,0.0,0.0
1997-07-29,18600,15.27,0.0,0.0,0.0
1997-07-30,19300,15.56,0.0,0.0,0.0
1997-07-31,18700,15.32,0.0,0.0,0.0
1997-08-01,17400,14.79,0.0,0.0,0.0
1997-08-02,16800,14.59,0.0,0.0,0.0
1997-08-03,16800,14.58,0.0,0.0,0.0
1997-08-04,17200,14.72,0.0,0.0,0.0
1997-08-05,17800,14.95,0.0,0.0,0.0
1997-08-06,18100,15.07,0.0,0.0,0.0
1997-08-07,16900,14.61,0.0,0.0,0.0
1997-08-08,19100,15.46,0.0,0.0,0.0
1997-08-09,17000,14.64,0.0,0.0,0.0
1997-08-10,15500,14.05,0.0,0.0,0.0
1997-08-11,14700,13.71,0.0,0.0,0.0
1997-08-12,14400,13.57,0.0,0.0,0.0
1997-08-13,14700,13.71,0.0,0.0,0.0
1997-08-14,14400,13.57,0.0,0.0,0.0
1997-08-15,14400,13.59,0.0,0.0,0.0
1997-08-16,14700,13.72,0.0,0.0,0.0
1997-08-17,13900,13.37,0.0,0.0,0.0
1997-08-18,13100,13.02,0.0,0.0,0.0
1997-08-19,13100,13.01,0.0,0.0,0.0
1997-08-20,12800,12.92,0.0,0.0,0.0
1997-08-21,12300,12.68,0.0,0.0,0.0
1997-08-22,12000,12.57,0.0,0.0,0.0
1997-08-23,11900,12.53,0.0,0.0,0.0
1997-08-24,11600,12.39,4.0,4.0,3.0
1997-08-25,11400,12.29,4.0,4.0,3.0
1997-08-26,11300,12.26,4.0,4.0,3.0
1997-08-27,11400,12.27,4.0,4.0,3.0
1997-08-28,10400,11.82,0.0,0.0,0.0
1997-08-29,8730,11.04,0.0,0.0,0.0
1997-08-30,8440,10.9,0.0,0.0,0.0
1997-08-31,10200,11.75,0.0,0.0,0.0
1997-09-01,10300,11.78,0.0,0.0,0.0
1997-09-02,9510,11.41,0.0,0.0,0.0
1997-09-03,9640,11.47,0.0,0.0,0.0
1997-09-04,9460,11.38,0.0,0.0,0.0
1997-09-05,9160,11.24,0.0,0.0,0.0
1997-09-06,10100,11.7,0.0,0.0,0.0
1997-09-07,10100,11.7,0.0,0.0,0.0
1997-09-08,9320,11.32,0.0,0.0,0.0
1997-09-09,8490,10.92,0.0,0.0,0.0
1997-09-10,7820,10.59,0.0,0.0,0.0
1997-09-11,8280,10.82,0.0,0.0,0.0
1997-09-12,10100,11.67,0.0,0.0,0.0
1997-09-13,8440,10.89,0.0,0.0,0.0
1997-09-14,7600,10.48,2.0,2.0,0.0
1997-09-15,9630,11.46,2.0,2.0,0.0
1997-09-16,12900,12.96,1.0,1.0,0.0
1997-09-17,20300,15.86,1.0,1.0,0.0
1997-09-18,27700,18.6,0.0,0.0,0.0
1997-09-19,19900,15.75,0.0,0.0,0.0
1997-09-20,14300,13.54,0.0,0.0,0.0
1997-09-21,12300,12.68,0.0,0.0,0.0
1997-09-22,11500,12.33,0.0,0.0,0.0
1997-09-23,11100,12.16,0.0,0.0,0.0
1997-09-24,10800,12.02,0.0,0.0,0.0
1997-09-25,10600,11.94,2.0,3.0,3.0
1997-09-26,11100,12.16,2.0,3.0,3.0
1997-09-27,20000,15.75,1.0,3.0,3.0
1997-09-28,22200,16.62,1.0,1.0,3.0
1997-09-29,17700,14.91,3.0,3.0,3.0
1997-09-30,15200,13.92,3.0,3.0,3.0
1997-10-01,16200,14.34,4.0,4.0,3.0
1997-10-02,19400,15.57,4.0,4.0,3.0
1997-10-03,25500,17.83,1.0,1.0,1.0
1997-10-04,35600,20.85,1.0,1.0,1.0
1997-10-05,60600,26.73,0.0,0.0,0.0
1997-10-06,46700,23.72,0.0,0.0,0.0
1997-10-07,31400,19.76,0.0,0.0,0.0
1997-10-08,25100,17.68,1.0,0.0,0.0
1997-10-09,21300,16.28,1.0,1.0,0.0
1997-10-10,19900,15.79,1.0,1.0,0.0
1997-10-11,19000,15.42,0.0,0.0,0.0
1997-10-12,17800,14.96,0.0,0.0,0.0
1997-10-13,16500,14.45,0.0,0.0,0.0
1997-10-14,16800,14.55,0.0,0.0,0.0
1997-10-15,16000,14.23,0.0,1.0,2.0
1997-10-16,16200,14.33,0.0,1.0,2.0
1997-10-17,14700,13.71,0.0,0.0,0.0
1997-10-18,14600,13.65,0.0,0.0,0.0
1997-10-19,14100,13.48,0.0,0.0,0.0
1997-10-20,14300,13.56,0.0,0.0,0.0
1997-10-21,13200,13.08,0.0,0.0,0.0
1997-10-22,11900,12.5,0.0,0.0,0.0
1997-10-23,11500,12.32,0.0,0.0,0.0
1997-10-24,13000,12.98,0.0,0.0,0.0
1997-10-25,12600,12.81,0.0,0.0,0.0
1997-10-26,11100,12.13,0.0,0.0,0.0
1997-10-27,14200,13.49,0.0,0.0,0.0
1997-10-28,14200,13.49,1.0,1.0,1.0
1997-10-29,18700,15.25,2.0,3.0,3.0
1997-10-30,36600,21.06,2.0,3.0,3.0
1997-10-31,46500,23.73,0.0,3.0,3.0
1997-11-01,35600,20.98,0.0,0.0,0.0
1997-11-02,27800,18.62,0.0,0.0,0.0
1997-11-03,24500,17.46,1.0,1.0,1.0
1997-11-04,31000,19.62,0.0,0.0,0.0
1997-11-05,26400,18.14,1.0,1.0,0.0
1997-11-06,27300,18.44,1.0,1.0,0.0
1997-11-07,27900,18.65,0.0,0.0,0.0
1997-11-08,23500,17.12,0.0,0.0,0.0
1997-11-09,20900,16.16,0.0,0.0,0.0
1997-11-10,18400,15.19,0.0,0.0,0.0
1997-11-11,17900,15.02,0.0,0.0,0.0
1997-11-12,19600,15.67,0.0,0.0,0.0
1997-11-13,19000,15.43,0.0,0.0,0.0
1997-11-14,18800,15.36,0.0,0.0,0.0
1997-11-15,18500,15.22,0.0,0.0,0.0
1997-11-16,17100,14.67,0.0,0.0,0.0
1997-11-17,16900,14.62,0.0,0.0,0.0
1997-11-18,17400,14.81,0.0,0.0,0.0
1997-11-19,15600,14.1,0.0,0.0,0.0
1997-11-20,18300,15.14,0.0,0.0,0.0
1997-11-21,20200,15.88,0.0,0.0,0.0
1997-11-22,16800,14.57,2.0,2.0,2.0
1997-11-23,15000,13.83,2.0,2.0,2.0
1997-11-24,19700,15.69,2.0,2.0,2.0
1997-11-25,19200,15.5,0.0,0.0,0.0
1997-11-26,16300,14.35,0.0,0.0,0.0
1997-11-27,14700,13.7,2.0,2.0,2.0
1997-11-28,15800,14.14,2.0,2.0,2.0
1997-11-29,21700,16.45,1.0,1.0,0.0
1997-11-30,20000,15.81,0.0,0.0,0.0
1997-12-01,18000,15.02,0.0,0.0,0.0
1997-12-02,15700,14.14,0.0,0.0,0.0
1997-12-03,13900,13.38,0.0,0.0,0.0
1997-12-04,13900,13.38,0.0,0.0,0.0
1997-12-05,13900,13.36,0.0,0.0,0.0
1997-12-06,12900,12.96,0.0,0.0,0.0
1997-12-07,12600,12.8,0.0,0.0,0.0
1997-12-08,12400,12.74,0.0,0.0,0.0
1997-12-09,12100,12.6,0.0,0.0,0.0
1997-12-10,11700,12.43,0.0,0.0,0.0
1997-12-11,11200,12.18,0.0,0.0,0.0
1997-12-12,11200,12.19,0.0,0.0,0.0
1997-12-13,10700,11.97,1.0,1.0,1.0
1997-12-14,10100,11.7,1.0,1.0,1.0
1997-12-15,11400,12.28,2.0,2.0,2.0
1997-12-16,15900,14.11,2.0,2.0,2.0
1997-12-17,32800,20.19,0.0,0.0,0.0
1997-12-18,24000,,0.0,0.0,0.0
1997-12-19,20800,,0.0,2.0,0.0
1997-12-20,16600,14.71,1.0,2.0,1.0
1997-12-21,17300,14.99,0.0,0.0,0.0
1997-12-22,15700,14.36,0.0,0.0,0.0
1997-12-23,15100,14.13,0.0,0.0,0.0
1997-12-24,13700,13.57,0.0,0.0,0.0
1997-12-25,12500,13.1,0.0,0.0,0.0
1997-12-26,12500,13.09,0.0,0.0,0.0
1997-12-27,12200,12.99,2.0,2.0,3.0
1997-12-28,13300,13.43,2.0,2.0,3.0
1997-12-29,24800,17.6,2.0,2.0,3.0
1997-12-30,24900,17.64,0.0,0.0,0.0
1997-12-31,21400,16.44,0.0,0.0,0.0
1998-01-01,21900,16.59,0.0,0.0,0.0
1998-01-02,25800,17.93,0.0,0.0,0.0
1998-01-03,21500,16.47,0.0,0.0,0.0
1998-01-04,19800,15.88,0.0,0.0,0.0
1998-01-05,18900,15.57,0.0,0.0,0.0
1998-01-06,19800,15.87,0.0,0.0,0.0
1998-01-07,19600,15.82,0.0,0.0,0.0
1998-01-08,17900,15.18,0.0,0.0,0.0
1998-01-09,16900,14.81,0.0,0.0,0.0
1998-01-10,16900,14.82,0.0,0.0,0.0
1998-01-11,15700,14.35,0.0,0.0,0.0
1998-01-12,15500,14.29,0.0,0.0,0.0
1998-01-13,16400,14.62,1.0,0.0,0.0
1998-01-14,18000,15.23,1.0,0.0,0.0
1998-01-15,22500,16.83,0.0,0.0,0.0
1998-01-16,19900,15.92,0.0,0.0,0.0
1998-01-17,20600,16.16,0.0,0.0,0.0
1998-01-18,22800,16.94,1.0,1.0,0.0
1998-01-19,21600,16.52,1.0,1.0,0.0
1998-01-20,20200,16.02,0.0,0.0,0.0
1998-01-21,18300,15.35,0.0,0.0,0.0
1998-01-22,17000,14.87,3.0,0.0,0.0
1998-01-23,18100,15.26,3.0,2.0,2.0
1998-01-24,24300,17.42,3.0,2.0,2.0
1998-01-25,24700,17.57,1.0,1.0,0.0
1998-01-26,21700,16.54,1.0,1.0,0.0
1998-01-27,20500,16.11,0.0,0.0,0.0
1998-01-28,18000,15.22,2.0,2.0,1.0
1998-01-29,17000,14.84,2.0,2.0,1.0
1998-01-30,18900,15.55,0.0,0.0,0.0
1998-01-31,17400,14.99,0.0,0.0,0.0
1998-02-01,16100,14.53,0.0,0.0,0.0
1998-02-02,15100,14.15,0.0,0.0,0.0
1998-02-03,14800,14.01,0.0,0.0,0.0
1998-02-04,14100,13.76,0.0,0.0,0.0
1998-02-05,14100,13.76,0.0,0.0,0.0
1998-02-06,14200,13.77,1.0,1.0,0.0
1998-02-07,14100,13.74,1.0,1.0,0.0
1998-02-08,14100,13.73,0.0,0.0,0.0
1998-02-09,15600,14.34,0.0,0.0,0.0
1998-02-10,14100,13.73,0.0,0.0,0.0
1998-02-11,13600,13.56,0.0,0.0,0.0
1998-02-12,13500,13.51,2.0,1.0,1.0
1998-02-13,18100,15.26,2.0,1.0,0.0
1998-02-14,16700,14.73,0.0,0.0,0.0
1998-02-15,14600,13.93,0.0,0.0,0.0
1998-02-16,13600,13.53,0.0,0.0,0.0
1998-02-17,12900,13.25,0.0,0.0,0.0
1998-02-18,11600,12.75,2.0,1.0,1.0
1998-02-19,12900,13.28,2.0,1.0,1.0
1998-02-20,12600,13.13,0.0,0.0,0.0
1998-02-21,13700,13.59,0.0,0.0,0.0
1998-02-22,13800,13.64,0.0,0.0,0.0
1998-02-23,12900,13.27,0.0,0.0,0.0
1998-02-24,13300,13.4,0.0,0.0,0.0
1998-02-25,13000,13.29,0.0,0.0,0.0
1998-02-26,12300,13.01,0.0,0.0,0.0
1998-02-27,12200,12.98,0.0,0.0,0.0
1998-02-28,11500,12.7,0.0,0.0,0.0
1998-03-01,12900,13.24,0.0,0.0,0.0
1998-03-02,14600,13.94,0.0,0.0,0.0
1998-03-03,14900,14.06,0.0,0.0,0.0
1998-03-04,14700,13.97,0.0,0.0,0.0
1998-03-05,14600,13.92,0.0,0.0,0.0
1998-03-06,13100,13.36,0.0,0.0,0.0
1998-03-07,12500,13.08,0.0,0.0,0.0
1998-03-08,11700,12.74,0.0,0.0,0.0
1998-03-09,11700,12.79,0.0,0.0,0.0
1998-03-10,12100,12.93,0.0,0.0,0.0
1998-03-11,12300,13.02,1.0,0.0,0.0
1998-03-12,12700,13.18,1.0,1.0,0.0
1998-03-13,13500,13.49,1.0,1.0,0.0
1998-03-14,14300,13.8,0.0,0.0,0.0
1998-03-15,14800,14.02,0.0,0.0,0.0
1998-03-16,15400,14.26,0.0,0.0,0.0
1998-03-17,14600,13.94,0.0,0.0,0.0
1998-03-18,13500,13.48,0.0,0.0,0.0
1998-03-19,13200,13.39,0.0,0.0,0.0
1998-03-20,12700,13.17,0.0,0.0,0.0
1998-03-21,12700,13.18,0.0,0.0,0.0
1998-03-22,15000,14.09,0.0,0.0,0.0
1998-03-23,19400,15.73,1.0,0.0,0.0
1998-03-24,21000,16.31,1.0,0.0,0.0
1998-03-25,20300,16.06,0.0,0.0,0.0
1998-03-26,19300,15.7,0.0,0.0,0.0
1998-03-27,18300,15.35,0.0,0.0,0.0
1998-03-28,16700,14.74,0.0,0.0,0.0
1998-03-29,15000,14.07,0.0,0.0,0.0
1998-03-30,13900,13.65,0.0,0.0,0.0
1998-03-31,13800,13.63,0.0,0.0,0.0
1998-04-01,13600,13.53,0.0,0.0,0.0
1998-04-02,13500,13.49,0.0,0.0,0.0
1998-04-03,13000,13.32,0.0,0.0,0.0
1998-04-04,13000,13.29,0.0,0.0,0.0
1998-04-05,13200,13.38,0.0,0.0,0.0
1998-04-06,13200,13.36,0.0,0.0,0.0
1998-04-07,13500,13.49,0.0,0.0,0.0
1998-04-08,12800,13.23,0.0,0.0,0.0
1998-04-09,12700,13.16,0.0,0.0,0.0
1998-04-10,11500,12.68,0.0,0.0,0.0
1998-04-11,11000,12.47,0.0,0.0,0.0
1998-04-12,10500,12.27,0.0,0.0,0.0
1998-04-13,11000,12.46,0.0,0.0,0.0
1998-04-14,12000,12.87,0.0,0.0,0.0
1998-04-15,12000,12.9,0.0,0.0,0.0
1998-04-16,11600,12.72,0.0,0.0,0.0
1998-04-17,10500,12.25,0.0,0.0,0.0
1998-04-18,8560,11.39,0.0,0.0,0.0
1998-04-19,9040,11.61,0.0,0.0,0.0
1998-04-20,8970,11.58,0.0,0.0,0.0
1998-04-21,9260,11.71,0.0,0.0,0.0
1998-04-22,10300,12.15,0.0,0.0,0.0
1998-04-23,13100,13.33,0.0,0.0,0.0
1998-04-24,17300,14.97,0.0,0.0,0.0
1998-04-25,14600,13.91,0.0,0.0,0.0
1998-04-26,12100,12.91,0.0,0.0,0.0
1998-04-27,10700,12.35,0.0,0.0,0.0
1998-04-28,11500,12.66,0.0,0.0,0.0
1998-04-29,13200,13.37,0.0,0.0,0.0
1998-04-30,15500,14.28,0.0,0.0,0.0
1998-05-01,20900,16.24,0.0,0.0,0.0
1998-05-02,24100,17.36,0.0,0.0,0.0
1998-05-03,23600,17.18,0.0,0.0,0.0
1998-05-04,22200,16.71,0.0,0.0,0.0
1998-05-05,22000,16.66,0.0,0.0,0.0
1998-05-06,22200,16.71,0.0,0.0,0.0
1998-05-07,21300,16.42,0.0,0.0,0.0
1998-05-08,20000,15.96,0.0,0.0,0.0
1998-05-09,18400,15.35,0.0,0.0,0.0
1998-05-10,16000,14.47,0.0,0.0,0.0
1998-05-11,15600,14.32,0.0,0.0,0.0
1998-05-12,16300,14.6,0.0,0.0,0.0
1998-05-13,17700,15.1,0.0,0.0,0.0
1998-05-14,18700,15.49,0.0,0.0,0.0
1998-05-15,17400,14.99,0.0,0.0,0.0
1998-05-16,14900,14.04,0.0,0.0,0.0
1998-05-17,12600,13.14,0.0,0.0,0.0
1998-05-18,12900,13.25,0.0,0.0,0.0
1998-05-19,12800,13.21,0.0,0.0,0.0
1998-05-20,13300,13.42,0.0,0.0,0.0
1998-05-21,14100,13.72,0.0,0.0,0.0
1998-05-22,13800,13.6,0.0,0.0,0.0
1998-05-23,12600,13.13,0.0,0.0,0.0
1998-05-24,11300,12.61,0.0,0.0,0.0
1998-05-25,13000,13.28,0.0,0.0,0.0
1998-05-26,15200,14.16,0.0,0.0,0.0
1998-05-27,15800,14.39,0.0,0.0,0.0
1998-05-28,15300,14.21,0.0,0.0,0.0
1998-05-29,14000,13.67,0.0,0.0,0.0
1998-05-30,12500,13.08,0.0,0.0,0.0
1998-05-31,11900,12.83,0.0,0.0,0.0
1998-06-01,14100,13.73,0.0,0.0,0.0
1998-06-02,17400,15.01,0.0,0.0,0.0
1998-06-03,20100,16.0,0.0,0.0,0.0
1998-06-04,20800,16.21,0.0,0.0,0.0
1998-06-05,20700,16.21,0.0,0.0,0.0
1998-06-06,18700,15.47,0.0,0.0,0.0
1998-06-07,18100,15.26,0.0,0.0,0.0
1998-06-08,20400,16.08,0.0,0.0,0.0
1998-06-09,19800,15.86,0.0,0.0,0.0
1998-06-10,20900,16.25,0.0,0.0,0.0
1998-06-11,19900,15.91,0.0,0.0,0.0
1998-06-12,18700,15.49,0.0,0.0,0.0
1998-06-13,19000,15.6,0.0,0.0,0.0
1998-06-14,18000,15.21,1.0,1.0,0.0
1998-06-15,17200,14.91,1.0,1.0,0.0
1998-06-16,18800,15.52,0.0,0.0,0.0
1998-06-17,16600,14.72,0.0,0.0,0.0
1998-06-18,16000,14.46,0.0,0.0,0.0
1998-06-19,15300,14.22,0.0,0.0,0.0
1998-06-20,15000,14.1,0.0,0.0,0.0
1998-06-21,15900,14.43,0.0,0.0,0.0
1998-06-22,16900,14.81,0.0,0.0,0.0
1998-06-23,17800,15.13,0.0,0.0,0.0
1998-06-24,17500,15.05,0.0,0.0,0.0
1998-06-25,18000,15.21,0.0,0.0,0.0
1998-06-26,17600,15.07,0.0,0.0,0.0
1998-06-27,16500,14.67,0.0,0.0,0.0
1998-06-28,15500,14.26,0.0,0.0,0.0
1998-06-29,15300,14.19,0.0,0.0,0.0
1998-06-30,14500,13.91,0.0,0.0,0.0
1998-07-01,15100,14.1,0.0,0.0,0.0
1998-07-02,15200,14.17,0.0,0.0,0.0
1998-07-03,15300,14.2,0.0,0.0,0.0
1998-07-04,15900,14.43,0.0,0.0,0.0
1998-07-05,14400,13.85,0.0,0.0,0.0
1998-07-06,12900,13.23,0.0,0.0,0.0
1998-07-07,13200,13.36,0.0,0.0,0.0
1998-07-08,13100,13.31,0.0,0.0,0.0
1998-07-09,13500,13.47,0.0,0.0,0.0
1998-07-10,13400,13.46,0.0,0.0,0.0
1998-07-11,13300,13.39,0.0,0.0,0.0
1998-07-12,12700,13.18,0.0,0.0,0.0
1998-07-13,13500,13.47,0.0,0.0,0.0
1998-07-14,13000,13.28,3.0,3.0,3.0
1998-07-15,14500,13.9,3.0,3.0,3.0
1998-07-16,14900,14.03,3.0,3.0,3.0
1998-07-17,15200,14.17,3.0,3.0,3.0
1998-07-18,14600,13.94,0.0,0.0,0.0
1998-07-19,14100,13.72,0.0,0.0,0.0
1998-07-20,13500,13.48,0.0,0.0,0.0
1998-07-21,13500,13.49,0.0,0.0,0.0
1998-07-22,13400,13.45,0.0,0.0,0.0
1998-07-23,12600,13.11,0.0,0.0,0.0
1998-07-24,13500,13.51,0.0,0.0,0.0
1998-07-25,13000,13.3,0.0,0.0,0.0
1998-07-26,13100,13.35,0.0,0.0,0.0
1998-07-27,13900,13.64,0.0,0.0,0.0
1998-07-28,15400,14.22,0.0,0.0,0.0
1998-07-29,14700,13.97,0.0,0.0,0.0
1998-07-30,13300,13.42,0.0,0.0,0.0
1998-07-31,13200,13.37,0.0,0.0,0.0
1998-08-01,12400,13.03,0.0,0.0,0.0
1998-08-02,11500,12.68,0.0,0.0,0.0
1998-08-03,11200,12.53,0.0,0.0,0.0
1998-08-04,11600,12.72,0.0,0.0,0.0
1998-08-05,12000,12.86,0.0,0.0,0.0
1998-08-06,11900,12.85,0.0,0.0,0.0
1998-08-07,11600,12.69,0.0,0.0,0.0
1998-08-08,10900,12.41,0.0,0.0,0.0
1998-08-09,9080,11.6,0.0,0.0,0.0
1998-08-10,8790,11.47,0.0,0.0,0.0
1998-08-11,9380,11.74,0.0,0.0,0.0
1998-08-12,10300,12.16,0.0,0.0,0.0
1998-08-13,10500,12.23,0.0,0.0,0.0
1998-08-14,10700,12.32,0.0,0.0,0.0
1998-08-15,10800,12.36,0.0,0.0,0.0
1998-08-16,9920,11.98,0.0,0.0,0.0
1998-08-17,9480,11.79,0.0,0.0,0.0
1998-08-18,8310,11.25,0.0,0.0,0.0
1998-08-19,7530,10.88,0.0,0.0,0.0
1998-08-20,7260,10.75,0.0,0.0,0.0
1998-08-21,7520,10.88,0.0,0.0,0.0
1998-08-22,8150,11.18,0.0,0.0,0.0
1998-08-23,7190,10.71,0.0,0.0,0.0
1998-08-24,5860,10.06,0.0,0.0,0.0
1998-08-25,5700,9.98,0.0,0.0,0.0
1998-08-26,5800,10.03,0.0,0.0,0.0
1998-08-27,5950,10.11,0.0,0.0,0.0
1998-08-28,6610,10.44,0.0,0.0,0.0
1998-08-29,6970,10.62,0.0,0.0,0.0
1998-08-30,6620,10.44,0.0,0.0,0.0
1998-08-31,6890,10.58,0.0,0.0,0.0
1998-09-01,7210,10.74,0.0,0.0,0.0
1998-09-02,6950,10.61,0.0,0.0,0.0
1998-09-03,7080,10.68,0.0,0.0,0.0
1998-09-04,6950,10.61,0.0,0.0,0.0
1998-09-05,6910,10.59,0.0,0.0,0.0
1998-09-06,6240,10.25,0.0,0.0,0.0
1998-09-07,5910,10.09,0.0,0.0,0.0
1998-09-08,5650,9.95,0.0,0.0,0.0
1998-09-09,5960,10.11,0.0,0.0,0.0
1998-09-10,5600,9.93,0.0,0.0,0.0
1998-09-11,5670,9.97,0.0,0.0,0.0
1998-09-12,6040,10.16,0.0,0.0,0.0
1998-09-13,6080,10.18,0.0,0.0,0.0
1998-09-14,7150,10.7,0.0,0.0,0.0
1998-09-15,6620,10.44,0.0,0.0,0.0
1998-09-16,6700,10.48,0.0,0.0,0.0
1998-09-17,6550,10.41,0.0,0.0,0.0
1998-09-18,6440,10.35,0.0,0.0,0.0
1998-09-19,6730,10.49,0.0,0.0,0.0
1998-09-20,6680,10.47,0.0,0.0,0.0
1998-09-21,4810,9.5,0.0,0.0,0.0
1998-09-22,6470,10.37,0.0,0.0,0.0
1998-09-23,6500,10.38,0.0,0.0,0.0
1998-09-24,6090,10.17,0.0,0.0,0.0
1998-09-25,5860,10.05,0.0,0.0,0.0
1998-09-26,5560,9.9,0.0,0.0,0.0
1998-09-27,5310,9.77,0.0,0.0,0.0
1998-09-28,4970,9.58,0.0,0.0,0.0
1998-09-29,5900,10.07,0.0,0.0,0.0
1998-09-30,6080,10.16,0.0,0.0,0.0
1998-10-01,5670,10.0,0.0,0.0,0.0
1998-10-02,6370,10.36,0.0,0.0,0.0
1998-10-03,6070,10.21,0.0,0.0,0.0
1998-10-04,6160,10.26,0.0,0.0,0.0
1998-10-05,6380,10.37,0.0,0.0,0.0
1998-10-06,6540,10.45,0.0,0.0,0.0
1998-10-07,5640,9.99,0.0,0.0,0.0
1998-10-08,4720,9.5,0.0,0.0,0.0
1998-10-09,5210,9.77,0.0,0.0,0.0
1998-10-10,6360,10.36,0.0,0.0,0.0
1998-10-11,5860,10.1,2.0,2.0,2.0
1998-10-12,5490,9.92,2.0,2.0,2.0
1998-10-13,5900,10.12,2.0,2.0,2.0
1998-10-14,10700,12.32,0.0,0.0,0.0
1998-10-15,10500,12.27,0.0,0.0,0.0
1998-10-16,8060,11.17,0.0,0.0,0.0
1998-10-17,6520,10.44,0.0,0.0,0.0
1998-10-18,9310,11.73,0.0,0.0,0.0
1998-10-19,7730,11.02,0.0,0.0,0.0
1998-10-20,7100,10.73,0.0,0.0,0.0
1998-10-21,6730,10.54,0.0,0.0,0.0
1998-10-22,6310,10.33,0.0,0.0,0.0
1998-10-23,6030,10.19,0.0,0.0,0.0
1998-10-24,5600,9.97,0.0,0.0,0.0
1998-10-25,5300,9.81,0.0,0.0,0.0
1998-10-26,5580,9.95,0.0,0.0,0.0
1998-10-27,6540,10.44,0.0,0.0,0.0
1998-10-28,6760,10.55,0.0,0.0,0.0
1998-10-29,6390,10.37,0.0,0.0,0.0
1998-10-30,5860,10.1,0.0,0.0,0.0
1998-10-31,5750,10.05,0.0,0.0,0.0
1998-11-01,5420,9.88,0.0,0.0,0.0
1998-11-02,5810,10.08,0.0,0.0,0.0
1998-11-03,6350,10.35,0.0,0.0,0.0
1998-11-04,7510,10.91,0.0,0.0,0.0
1998-11-05,8460,11.36,0.0,0.0,0.0
1998-11-06,9320,11.75,0.0,0.0,0.0
1998-11-07,9050,11.63,0.0,0.0,0.0
1998-11-08,8800,11.52,0.0,0.0,0.0
1998-11-09,7750,11.03,0.0,0.0,0.0
1998-11-10,6730,10.53,0.0,0.0,0.0
1998-11-11,5970,10.15,0.0,0.0,0.0
1998-11-12,6280,10.31,4.0,4.0,3.0
1998-11-13,17000,14.73,4.0,4.0,3.0
1998-11-14,31300,19.73,4.0,4.0,3.0
1998-11-15,33900,20.38,4.0,4.0,3.0
1998-11-16,46100,23.67,4.0,4.0,3.0
1998-11-17,29000,18.95,0.0,0.0,0.0
1998-11-18,19300,15.68,0.0,0.0,0.0
1998-11-19,16000,14.48,0.0,0.0,0.0
1998-11-20,19400,15.69,2.0,2.0,2.0
1998-11-21,35500,20.95,2.0,2.0,2.0
1998-11-22,29100,19.03,0.0,0.0,0.0
1998-11-23,24000,17.33,2.0,0.0,0.0
1998-11-24,22400,16.79,3.0,2.0,2.0
1998-11-25,26400,18.08,3.0,2.0,2.0
1998-11-26,41500,22.56,3.0,2.0,2.0
1998-11-27,30500,19.46,0.0,0.0,0.0
1998-11-28,22400,16.78,0.0,0.0,0.0
1998-11-29,18800,15.53,0.0,0.0,0.0
1998-11-30,16900,14.83,0.0,0.0,0.0
1998-12-01,15900,14.44,1.0,0.0,0.0
1998-12-02,19500,15.79,1.0,0.0,0.0
1998-12-03,19600,15.82,0.0,0.0,0.0
1998-12-04,16800,14.78,0.0,0.0,0.0
1998-12-05,16100,14.53,0.0,0.0,0.0
1998-12-06,15500,14.3,0.0,0.0,0.0
1998-12-07,14700,13.98,0.0,0.0,0.0
1998-12-08,16800,14.78,0.0,0.0,0.0
1998-12-09,15300,14.23,0.0,0.0,0.0
1998-12-10,14900,14.06,0.0,0.0,0.0
1998-12-11,16200,14.56,3.0,3.0,0.0
1998-12-12,22200,16.69,3.0,3.0,3.0
1998-12-13,43600,22.93,3.0,3.0,3.0
1998-12-14,51900,24.91,0.0,0.0,0.0
1998-12-15,31200,19.67,1.0,1.0,1.0
1998-12-16,25300,17.76,1.0,1.0,1.0
1998-12-17,23300,17.11,0.0,0.0,0.0
1998-12-18,23300,17.11,0.0,0.0,0.0
1998-12-19,20200,16.05,0.0,0.0,0.0
1998-12-20,17600,15.12,0.0,0.0,0.0
1998-12-21,16800,14.83,0.0,0.0,0.0
1998-12-22,15900,14.48,0.0,0.0,0.0
1998-12-23,15800,14.44,0.0,0.0,0.0
1998-12-24,15200,14.21,0.0,0.0,0.0
1998-12-25,15100,14.19,0.0,0.0,0.0
1998-12-26,15300,14.27,0.0,0.0,0.0
1998-12-27,16500,14.71,2.0,2.0,1.0
1998-12-28,25900,17.97,3.0,3.0,2.0
1998-12-29,31800,19.84,3.0,3.0,2.0
1998-12-30,46200,23.69,3.0,3.0,2.0
1998-12-31,31500,19.77,0.0,0.0,0.0
1999-01-01,26200,18.07,0.0,0.0,0.0
1999-01-02,22500,16.83,0.0,0.0,0.0
1999-01-03,21000,16.31,0.0,0.0,0.0
1999-01-04,19600,15.84,0.0,0.0,0.0
1999-01-05,18200,15.32,0.0,0.0,0.0
1999-01-06,16600,14.74,0.0,0.0,0.0
1999-01-07,17500,15.09,0.0,0.0,0.0
1999-01-08,18000,15.25,0.0,0.0,0.0
1999-01-09,17900,15.22,0.0,0.0,0.0
1999-01-10,19400,15.75,0.0,0.0,1.0
1999-01-11,27100,18.39,0.0,0.0,1.0
1999-01-12,23600,17.22,0.0,0.0,0.0
1999-01-13,18800,15.55,3.0,3.0,2.0
1999-01-14,24800,17.52,3.0,3.0,2.0
1999-01-15,41700,22.58,0.0,0.0,0.0
1999-01-16,29000,19.0,0.0,0.0,0.0
1999-01-17,26900,18.3,1.0,0.0,0.0
1999-01-18,27200,18.41,1.0,0.0,0.0
1999-01-19,28500,18.86,0.0,0.0,0.0
1999-01-20,25800,17.94,0.0,0.0,0.0
1999-01-21,23400,17.15,0.0,0.0,0.0
1999-01-22,21700,16.57,0.0,0.0,0.0
1999-01-23,21000,16.31,0.0,0.0,0.0
1999-01-24,17800,15.17,0.0,0.0,0.0
1999-01-25,16600,14.73,0.0,0.0,0.0
1999-01-26,16800,14.81,0.0,0.0,0.0
1999-01-27,16800,14.82,0.0,0.0,0.0
1999-01-28,16600,14.75,2.0,1.0,1.0
1999-01-29,20600,16.19,2.0,1.0,1.0
1999-01-30,23400,17.14,0.0,0.0,0.0
1999-01-31,21000,16.32,0.0,0.0,0.0
1999-02-01,18900,15.6,2.0,2.0,2.0
1999-02-02,19700,15.87,2.0,2.0,2.0
1999-02-03,23500,17.18,0.0,0.0,0.0
1999-02-04,22000,16.66,0.0,0.0,0.0
1999-02-05,21100,16.35,1.0,1.0,0.0
1999-02-06,20600,16.19,0.0,1.0,0.0
1999-02-07,21500,16.5,0.0,0.0,0.0
1999-02-08,21200,16.4,0.0,0.0,0.0
1999-02-09,19700,15.88,0.0,0.0,0.0
1999-02-10,18300,15.38,0.0,0.0,0.0
1999-02-11,17400,15.05,0.0,0.0,0.0
1999-02-12,16300,14.65,1.0,1.0,1.0
1999-02-13,15400,14.31,1.0,1.0,1.0
1999-02-14,15000,14.14,0.0,0.0,0.0
1999-02-15,14300,13.87,1.0,0.0,0.0
1999-02-16,14700,14.02,1.0,0.0,0.0
1999-02-17,14900,14.11,0.0,0.0,0.0
1999-02-18,14400,13.93,0.0,0.0,0.0
1999-02-19,13800,13.69,0.0,0.0,0.0
1999-02-20,13300,13.5,0.0,0.0,0.0
1999-02-21,12700,13.24,0.0,0.0,0.0
1999-02-22,12900,13.33,1.0,0.0,0.0
1999-02-23,16100,14.57,1.0,1.0,0.0
1999-02-24,18900,15.54,1.0,1.0,1.0
1999-02-25,28600,18.88,0.0,0.0,0.0
1999-02-26,24600,17.54,0.0,0.0,0.0
1999-02-27,20700,16.22,0.0,0.0,0.0
1999-02-28,24500,17.51,0.0,0.0,0.0
1999-03-01,24000,17.35,0.0,0.0,0.0
1999-03-02,22000,16.65,1.0,0.0,0.0
1999-03-03,21900,16.63,1.0,0.0,0.0
1999-03-04,20700,16.24,0.0,0.0,0.0
1999-03-05,19600,15.82,0.0,0.0,0.0
1999-03-06,18300,15.38,0.0,0.0,0.0
1999-03-07,17600,15.13,0.0,0.0,0.0
1999-03-08,16900,14.85,0.0,0.0,0.0
1999-03-09,16700,14.77,0.0,0.0,0.0
1999-03-10,15300,14.27,0.0,0.0,0.0
1999-03-11,14300,13.87,0.0,0.0,0.0
1999-03-12,14100,13.79,2.0,1.0,0.0
1999-03-13,15400,14.29,2.0,1.0,0.0
1999-03-14,18800,15.54,0.0,0.0,0.0
1999-03-15,17900,15.23,0.0,0.0,0.0
1999-03-16,16200,14.58,0.0,0.0,0.0
1999-03-17,15400,14.3,0.0,0.0,0.0
1999-03-18,16800,14.84,0.0,0.0,0.0
1999-03-19,15000,14.15,0.0,0.0,0.0
1999-03-20,15000,14.15,0.0,0.0,0.0
1999-03-21,17400,15.02,0.0,0.0,0.0
1999-03-22,18500,15.45,0.0,0.0,0.0
1999-03-23,18000,15.24,0.0,0.0,0.0
1999-03-24,18100,15.29,0.0,0.0,0.0
1999-03-25,18400,15.39,0.0,0.0,0.0
1999-03-26,17900,15.24,0.0,0.0,0.0
1999-03-27,17400,15.03,0.0,0.0,0.0
1999-03-28,16400,14.67,0.0,0.0,0.0
1999-03-29,16200,14.58,0.0,0.0,0.0
1999-03-30,16200,14.59,0.0,0.0,0.0
1999-03-31,15700,14.41,0.0,0.0,0.0
1999-04-01,14200,13.83,0.0,0.0,0.0
1999-04-02,12300,13.06,0.0,0.0,0.0
1999-04-03,11900,12.93,0.0,0.0,0.0
1999-04-04,10800,12.45,0.0,0.0,0.0
1999-04-05,11300,12.65,0.0,0.0,0.0
1999-04-06,11000,12.55,0.0,0.0,0.0
1999-04-07,10700,12.41,0.0,0.0,0.0
1999-04-08,12400,13.12,0.0,0.0,0.0
1999-04-09,12300,13.08,0.0,0.0,0.0
1999-04-10,10600,12.38,0.0,0.0,0.0
1999-04-11,9780,12.02,0.0,0.0,0.0
1999-04-12,10300,12.26,0.0,0.0,0.0
1999-04-13,11700,12.83,0.0,0.0,0.0
1999-04-14,11800,12.87,0.0,0.0,0.0
1999-04-15,11800,12.87,0.0,0.0,0.0
1999-04-16,12100,13.01,0.0,0.0,0.0
1999-04-17,13800,13.68,0.0,0.0,0.0
1999-04-18,15500,14.35,0.0,0.0,0.0
1999-04-19,17600,15.11,0.0,0.0,0.0
1999-04-20,18400,15.42,0.0,0.0,0.0
1999-04-21,18100,15.31,0.0,0.0,0.0
1999-04-22,15700,14.41,0.0,0.0,0.0
1999-04-23,15300,14.26,0.0,0.0,0.0
1999-04-24,16500,14.72,0.0,0.0,0.0
1999-04-25,19600,15.83,0.0,0.0,0.0
1999-04-26,20900,16.28,0.0,0.0,0.0
1999-04-27,18900,15.59,0.0,0.0,0.0
1999-04-28,17100,14.95,0.0,0.0,0.0
1999-04-29,16000,14.54,0.0,0.0,0.0
1999-04-30,16000,14.51,0.0,0.0,0.0
1999-05-01,17100,14.93,0.0,0.0,0.0
1999-05-02,18700,15.51,0.0,0.0,0.0
1999-05-03,18000,15.25,0.0,0.0,0.0
1999-05-04,18400,15.42,0.0,0.0,0.0
1999-05-05,17700,15.16,0.0,0.0,0.0
1999-05-06,17000,14.89,0.0,0.0,0.0
1999-05-07,19200,15.69,0.0,0.0,0.0
1999-05-08,19800,15.9,0.0,0.0,0.0
1999-05-09,16800,14.81,0.0,0.0,0.0
1999-05-10,16600,14.77,0.0,0.0,0.0
1999-05-11,16500,14.7,0.0,0.0,0.0
1999-05-12,17000,14.88,0.0,0.0,0.0
1999-05-13,17400,15.04,0.0,0.0,0.0
1999-05-14,16500,14.72,0.0,0.0,0.0
1999-05-15,12700,13.24,0.0,0.0,0.0
1999-05-16,12600,13.19,0.0,0.0,0.0
1999-05-17,13900,13.73,0.0,0.0,0.0
1999-05-18,18600,15.47,0.0,0.0,0.0
1999-05-19,21900,16.64,0.0,0.0,0.0
1999-05-20,20200,16.03,0.0,0.0,0.0
1999-05-21,18900,15.6,0.0,0.0,0.0
1999-05-22,18600,15.47,0.0,0.0,0.0
1999-05-23,20300,16.07,0.0,0.0,0.0
1999-05-24,27000,18.35,0.0,0.0,0.0
1999-05-25,36000,21.1,0.0,0.0,0.0
1999-05-26,34900,20.77,0.0,0.0,0.0
1999-05-27,28200,18.73,0.0,0.0,0.0
1999-05-28,28900,18.99,0.0,0.0,0.0
1999-05-29,27700,18.6,0.0,0.0,0.0
1999-05-30,26500,18.16,2.0,2.0,2.0
1999-05-31,26100,18.03,2.0,2.0,2.0
1999-06-01,28400,18.82,0.0,0.0,0.0
1999-06-02,27200,18.42,0.0,0.0,0.0
1999-06-03,23800,17.28,0.0,0.0,0.0
1999-06-04,23500,17.17,0.0,1.0,1.0
1999-06-05,27100,18.36,0.0,1.0,1.0
1999-06-06,31800,19.89,0.0,0.0,0.0
1999-06-07,28300,18.78,0.0,0.0,0.0
1999-06-08,24800,17.59,0.0,0.0,0.0
1999-06-09,22900,16.96,0.0,0.0,0.0
1999-06-10,22200,16.73,0.0,0.0,0.0
1999-06-11,21300,16.43,0.0,0.0,0.0
1999-06-12,22500,16.82,1.0,1.0,0.0
1999-06-13,26900,18.32,1.0,1.0,0.0
1999-06-14,32200,20.0,0.0,0.0,0.0
1999-06-15,38600,21.8,0.0,0.0,0.0
1999-06-16,42300,22.77,0.0,0.0,0.0
1999-06-17,37600,21.54,0.0,0.0,0.0
1999-06-18,34000,20.53,0.0,0.0,0.0
1999-06-19,32300,20.04,0.0,0.0,0.0
1999-06-20,28900,18.98,0.0,0.0,0.0
1999-06-21,27000,18.34,0.0,0.0,0.0
1999-06-22,28500,18.85,1.0,0.0,0.0
1999-06-23,29000,19.03,1.0,0.0,0.0
1999-06-24,29900,19.3,0.0,0.0,0.0
1999-06-25,34800,20.78,0.0,0.0,0.0
1999-06-26,33100,20.27,0.0,0.0,0.0
1999-06-27,28100,18.71,0.0,0.0,0.0
1999-06-28,25700,17.91,0.0,0.0,0.0
1999-06-29,24200,17.42,0.0,0.0,0.0
1999-06-30,24200,17.42,0.0,0.0,0.0
1999-07-01,26500,18.18,0.0,0.0,0.0
1999-07-02,29600,19.19,0.0,0.0,0.0
1999-07-03,29800,19.26,0.0,0.0,0.0
1999-07-04,26300,18.12,0.0,0.0,0.0
1999-07-05,24400,17.46,0.0,0.0,0.0
1999-07-06,25200,17.74,0.0,0.0,0.0
1999-07-07,29300,19.1,0.0,0.0,0.0
1999-07-08,31100,19.69,0.0,0.0,0.0
1999-07-09,29700,19.22,0.0,0.0,0.0
1999-07-10,32000,19.96,0.0,0.0,0.0
1999-07-11,34800,20.78,0.0,0.0,0.0
1999-07-12,34300,20.65,0.0,0.0,0.0
1999-07-13,33300,20.34,0.0,0.0,0.0
1999-07-14,32400,20.09,0.0,0.0,0.0
1999-07-15,29700,19.23,0.0,0.0,0.0
1999-07-16,27800,18.62,0.0,0.0,0.0
1999-07-17,29800,19.27,0.0,0.0,0.0
1999-07-18,28700,18.92,0.0,0.0,0.0
1999-07-19,28600,18.89,0.0,0.0,0.0
1999-07-20,29200,19.07,0.0,0.0,0.0
1999-07-21,32700,20.15,0.0,0.0,0.0
1999-07-22,33800,20.48,0.0,0.0,0.0
1999-07-23,32700,20.15,0.0,0.0,0.0
1999-07-24,33400,20.37,0.0,0.0,0.0
1999-07-25,32300,20.04,0.0,0.0,0.0
1999-07-26,30800,19.58,0.0,0.0,0.0
1999-07-27,27700,18.56,0.0,0.0,0.0
1999-07-28,27200,18.42,0.0,0.0,0.0
1999-07-29,28400,18.82,0.0,0.0,0.0
1999-07-30,29600,19.19,0.0,0.0,0.0
1999-07-31,30600,19.52,0.0,0.0,0.0
1999-08-01,28800,18.94,0.0,0.0,0.0
1999-08-02,27000,18.34,0.0,0.0,0.0
1999-08-03,25500,17.85,0.0,0.0,0.0
1999-08-04,32800,20.18,0.0,0.0,0.0
1999-08-05,35100,20.87,0.0,0.0,0.0
1999-08-06,32800,20.2,0.0,0.0,0.0
1999-08-07,29800,19.26,0.0,0.0,0.0
1999-08-08,30000,19.35,0.0,0.0,0.0
1999-08-09,28100,18.7,0.0,0.0,0.0
1999-08-10,26500,18.18,0.0,0.0,0.0
1999-08-11,24200,17.4,0.0,0.0,0.0
1999-08-12,22700,16.91,0.0,0.0,0.0
1999-08-13,21300,16.43,0.0,0.0,0.0
1999-08-14,20500,16.16,0.0,0.0,0.0
1999-08-15,19600,15.82,0.0,0.0,0.0
1999-08-16,20800,16.25,0.0,0.0,0.0
1999-08-17,21100,16.37,0.0,0.0,0.0
1999-08-18,21300,16.44,0.0,0.0,0.0
1999-08-19,21200,16.39,0.0,0.0,0.0
1999-08-20,18500,15.45,0.0,0.0,0.0
1999-08-21,17000,14.91,0.0,0.0,0.0
1999-08-22,16700,14.79,0.0,0.0,0.0
1999-08-23,16000,14.53,0.0,0.0,0.0
1999-08-24,14600,14.0,3.0,3.0,3.0
1999-08-25,14800,14.08,3.0,3.0,3.0
1999-08-26,17100,14.95,0.0,0.0,3.0
1999-08-27,15600,14.37,0.0,0.0,0.0
1999-08-28,15300,14.25,0.0,0.0,0.0
1999-08-29,15300,14.26,0.0,0.0,0.0
1999-08-30,14900,14.1,0.0,0.0,0.0
1999-08-31,13800,13.67,0.0,0.0,0.0
1999-09-01,13700,13.66,0.0,0.0,0.0
1999-09-02,12100,13.0,0.0,0.0,0.0
1999-09-03,10900,12.52,0.0,0.0,0.0
1999-09-04,10000,12.13,1.0,1.0,1.0
1999-09-05,9220,11.78,1.0,1.0,1.0
1999-09-06,10700,12.42,0.0,0.0,0.0
1999-09-07,12900,13.33,0.0,0.0,0.0
1999-09-08,11800,12.88,0.0,0.0,0.0
1999-09-09,10900,12.49,0.0,0.0,0.0
1999-09-10,11400,12.69,0.0,0.0,0.0
1999-09-11,10200,12.21,0.0,0.0,0.0
1999-09-12,7940,11.19,0.0,0.0,0.0
1999-09-13,8400,11.39,0.0,0.0,0.0
1999-09-14,9860,12.05,0.0,0.0,0.0
1999-09-15,9470,11.88,0.0,0.0,0.0
1999-09-16,9680,11.98,0.0,0.0,0.0
1999-09-17,9350,11.83,0.0,0.0,0.0
1999-09-18,8390,11.39,0.0,0.0,0.0
1999-09-19,7540,11.0,0.0,0.0,0.0
1999-09-20,8240,11.32,0.0,0.0,0.0
1999-09-21,9680,11.97,0.0,0.0,0.0
1999-09-22,10600,12.35,0.0,0.0,0.0
1999-09-23,11400,12.71,1.0,1.0,1.0
1999-09-24,11200,12.61,1.0,1.0,1.0
1999-09-25,8790,11.58,1.0,1.0,1.0
1999-09-26,8670,11.53,0.0,0.0,0.0
1999-09-27,9740,12.0,0.0,0.0,0.0
1999-09-28,8330,11.37,0.0,0.0,0.0
1999-09-29,8820,11.6,0.0,0.0,0.0
1999-09-30,8840,,0.0,0.0,0.0
1999-10-01,8520,,0.0,0.0,0.0
1999-10-02,8330,,0.0,0.0,0.0
1999-10-03,7140,,0.0,0.0,0.0
1999-10-04,7350,,0.0,0.0,0.0
1999-10-05,9070,,0.0,0.0,0.0
1999-10-06,9750,,0.0,0.0,0.0
1999-10-07,9590,,2.0,2.0,1.0
1999-10-08,19000,,2.0,2.0,1.0
1999-10-09,27900,,0.0,0.0,0.0
1999-10-10,16500,,0.0,0.0,0.0
1999-10-11,11900,,0.0,0.0,0.0
1999-10-12,12700,,2.0,2.0,2.0
1999-10-13,13700,,2.0,2.0,2.0
1999-10-14,16500,,0.0,0.0,0.0
1999-10-15,13700,,0.0,0.0,0.0
1999-10-16,12000,,0.0,0.0,0.0
1999-10-17,11300,,0.0,0.0,0.0
1999-10-18,10800,,0.0,0.0,0.0
1999-10-19,10900,,0.0,0.0,0.0
1999-10-20,10700,,0.0,0.0,0.0
1999-10-21,10800,,0.0,0.0,0.0
1999-10-22,10700,,0.0,0.0,0.0
1999-10-23,10600,,1.0,1.0,1.0
1999-10-24,10800,,1.0,1.0,1.0
1999-10-25,10800,,1.0,0.0,0.0
1999-10-26,11500,,0.0,0.0,0.0
1999-10-27,11300,,2.0,2.0,2.0
1999-10-28,12500,,2.0,2.0,2.0
1999-10-29,18600,,2.0,2.0,2.0
1999-10-30,19000,,2.0,2.0,2.0
1999-10-31,26300,,2.0,2.0,2.0
1999-11-01,21600,,0.0,0.0,0.0
1999-11-02,16700,,0.0,0.0,0.0
1999-11-03,14700,,1.0,1.0,1.0
1999-11-04,15800,,1.0,1.0,1.0
1999-11-05,15200,,4.0,0.0,0.0
1999-11-06,16300,,4.0,4.0,3.0
1999-11-07,22600,,4.0,4.0,3.0
1999-11-08,17800,,4.0,4.0,3.0
1999-11-09,18100,,2.0,2.0,2.0
1999-11-10,24800,,2.0,2.0,2.0
1999-11-11,23600,,3.0,3.0,2.0
1999-11-12,51900,,3.0,3.0,2.0
1999-11-13,76800,,3.0,1.0,1.0
1999-11-14,74400,,1.0,1.0,1.0
1999-11-15,55900,,2.0,2.0,2.0
1999-11-16,36600,,2.0,2.0,2.0
1999-11-17,35800,,0.0,0.0,0.0
1999-11-18,33000,,2.0,2.0,0.0
1999-11-19,29500,,2.0,2.0,0.0
1999-11-20,29700,,2.0,2.0,0.0
1999-11-21,28600,,0.0,0.0,0.0
1999-11-22,24800,,0.0,0.0,0.0
1999-11-23,23100,,0.0,0.0,0.0
1999-11-24,23400,,2.0,2.0,2.0
1999-11-25,29000,,2.0,2.0,2.0
1999-11-26,27800,,0.0,0.0,0.0
1999-11-27,24900,,0.0,0.0,0.0
1999-11-28,22900,,0.0,0.0,0.0
1999-11-29,19000,,2.0,1.0,1.0
1999-11-30,22700,,2.0,1.0,1.0
1999-12-01,23600,,1.0,1.0,0.0
1999-12-02,27900,,1.0,1.0,0.0
1999-12-03,28500,,0.0,0.0,0.0
1999-12-04,22400,,0.0,0.0,0.0
1999-12-05,20300,,0.0,0.0,0.0
1999-12-06,21100,,0.0,0.0,0.0
1999-12-07,21500,,0.0,0.0,0.0
1999-12-08,18900,,1.0,0.0,0.0
1999-12-09,19200,,1.0,0.0,0.0
1999-12-10,19100,,0.0,0.0,0.0
1999-12-11,21400,,0.0,0.0,0.0
1999-12-12,29700,,0.0,0.0,0.0
1999-12-13,32100,,0.0,0.0,0.0
1999-12-14,25500,,3.0,2.0,2.0
1999-12-15,30800,,3.0,2.0,2.0
1999-12-16,49000,,3.0,2.0,2.0
1999-12-17,37200,,1.0,1.0,1.0
1999-12-18,40900,,1.0,1.0,1.0
1999-12-19,36300,,0.0,0.0,0.0
1999-12-20,27100,,0.0,0.0,0.0
1999-12-21,23900,,0.0,0.0,0.0
1999-12-22,21600,,0.0,0.0,0.0
1999-12-23,20300,,0.0,0.0,0.0
1999-12-24,19800,,0.0,0.0,0.0
1999-12-25,19100,,0.0,0.0,0.0
1999-12-26,18100,,0.0,0.0,0.0
1999-12-27,18300,,0.0,0.0,0.0
1999-12-28,20400,,0.0,0.0,0.0
1999-12-29,19500,,0.0,0.0,0.0
1999-12-30,19900,,0.0,0.0,0.0
1999-12-31,19300,,0.0,0.0,0.0
2000-01-01,18300,,0.0,0.0,0.0
2000-01-02,18200,,0.0,0.0,0.0
2000-01-03,17500,,1.0,1.0,1.0
2000-01-04,19100,,1.0,1.0,1.0
2000-01-05,20400,,0.0,0.0,0.0
2000-01-06,18100,,0.0,0.0,0.0
2000-01-07,18000,,0.0,0.0,0.0
2000-01-08,16900,,0.0,0.0,0.0
2000-01-09,18400,,0.0,0.0,0.0
2000-01-10,17700,,0.0,0.0,0.0
2000-01-11,18300,,0.0,0.0,0.0
2000-01-12,18200,,0.0,0.0,0.0
2000-01-13,17600,,0.0,0.0,0.0
2000-01-14,17400,,0.0,0.0,0.0
2000-01-15,16900,,0.0,0.0,0.0
2000-01-16,15300,,0.0,0.0,0.0
2000-01-17,15900,,0.0,0.0,0.0
2000-01-18,15700,,0.0,0.0,0.0
2000-01-19,16400,,0.0,0.0,0.0
2000-01-20,15900,,0.0,0.0,0.0
2000-01-21,14900,,0.0,0.0,0.0
2000-01-22,12600,,0.0,0.0,0.0
2000-01-23,12100,,0.0,0.0,0.0
2000-01-24,13700,,0.0,0.0,0.0
2000-01-25,14900,,0.0,0.0,0.0
2000-01-26,14700,,0.0,0.0,0.0
2000-01-27,14500,,0.0,0.0,0.0
2000-01-28,14000,,0.0,0.0,0.0
2000-01-29,12900,,0.0,0.0,0.0
2000-01-30,10900,,0.0,0.0,0.0
2000-01-31,11000,,2.0,2.0,0.0
2000-02-01,13600,,2.0,2.0,0.0
2000-02-02,19900,,0.0,0.0,0.0
2000-02-03,18200,,0.0,0.0,0.0
2000-02-04,14300,,0.0,0.0,0.0
2000-02-05,12700,,0.0,0.0,0.0
2000-02-06,11800,,0.0,0.0,0.0
2000-02-07,12100,,1.0,1.0,1.0
2000-02-08,13500,,0.0,0.0,0.0
2000-02-09,16600,,0.0,0.0,0.0
2000-02-10,15400,,0.0,0.0,0.0
2000-02-11,14200,,0.0,0.0,0.0
2000-02-12,12600,,0.0,0.0,0.0
2000-02-13,11300,,0.0,0.0,0.0
2000-02-14,11500,,0.0,0.0,0.0
2000-02-15,12800,,0.0,0.0,0.0
2000-02-16,13000,,0.0,0.0,0.0
2000-02-17,12700,,0.0,0.0,0.0
2000-02-18,12400,,0.0,0.0,0.0
2000-02-19,11600,,0.0,0.0,0.0
2000-02-20,10700,,0.0,0.0,0.0
2000-02-21,9870,,0.0,0.0,0.0
2000-02-22,11800,,1.0,1.0,0.0
2000-02-23,13100,,0.0,0.0,0.0
2000-02-24,12700,,0.0,0.0,0.0
2000-02-25,12400,,0.0,0.0,0.0
2000-02-26,11100,,0.0,0.0,0.0
2000-02-27,11200,,0.0,0.0,0.0
2000-02-28,11400,,0.0,0.0,0.0
2000-02-29,11200,,0.0,0.0,0.0
2000-03-01,11800,,0.0,0.0,0.0
2000-03-02,12600,,0.0,0.0,0.0
2000-03-03,12800,,0.0,0.0,0.0
2000-03-04,14100,,0.0,0.0,0.0
2000-03-05,13200,,0.0,0.0,0.0
2000-03-06,12500,,0.0,0.0,0.0
2000-03-07,12900,,0.0,0.0,0.0
2000-03-08,11600,,0.0,0.0,0.0
2000-03-09,11400,,0.0,0.0,0.0
2000-03-10,11000,,0.0,0.0,0.0
2000-03-11,11100,,0.0,0.0,0.0
2000-03-12,11000,,0.0,0.0,0.0
2000-03-13,10400,,0.0,0.0,0.0
2000-03-14,11100,,0.0,0.0,0.0
2000-03-15,12900,,0.0,0.0,0.0
2000-03-16,11800,,0.0,0.0,0.0
2000-03-17,12500,,0.0,0.0,0.0
2000-03-18,13500,,0.0,0.0,0.0
2000-03-19,16000,,0.0,0.0,0.0
2000-03-20,14600,,0.0,0.0,0.0
2000-03-21,13400,,0.0,0.0,0.0
2000-03-22,13700,,0.0,0.0,0.0
2000-03-23,18200,,0.0,0.0,0.0
2000-03-24,16900,,0.0,0.0,0.0
2000-03-25,15500,,0.0,0.0,0.0
2000-03-26,14100,,0.0,0.0,0.0
2000-03-27,13200,,0.0,0.0,0.0
2000-03-28,13000,,0.0,0.0,0.0
2000-03-29,12800,,0.0,0.0,0.0
2000-03-30,12000,,0.0,0.0,0.0
2000-03-31,11300,,0.0,0.0,0.0
2000-04-01,10600,,0.0,0.0,0.0
2000-04-02,10300,,0.0,0.0,0.0
2000-04-03,11500,,0.0,0.0,0.0
2000-04-04,14400,,0.0,0.0,0.0
2000-04-05,16100,,0.0,0.0,0.0
2000-04-06,14300,,0.0,0.0,0.0
2000-04-07,13300,,0.0,0.0,0.0
2000-04-08,10800,,0.0,0.0,0.0
2000-04-09,10600,,0.0,0.0,0.0
2000-04-10,12200,,0.0,0.0,0.0
2000-04-11,14000,,0.0,0.0,0.0
2000-04-12,15300,,0.0,0.0,0.0
2000-04-13,16700,,0.0,0.0,0.0
2000-04-14,23400,,0.0,0.0,0.0
2000-04-15,28900,,0.0,0.0,0.0
2000-04-16,23700,,0.0,0.0,0.0
2000-04-17,19600,,0.0,0.0,0.0
2000-04-18,18800,,0.0,0.0,0.0
2000-04-19,18700,,0.0,0.0,0.0
2000-04-20,17500,,0.0,0.0,0.0
2000-04-21,17000,,0.0,0.0,0.0
2000-04-22,18800,,0.0,0.0,0.0
2000-04-23,19800,,0.0,0.0,0.0
2000-04-24,17400,,0.0,0.0,0.0
2000-04-25,16200,,0.0,0.0,0.0
2000-04-26,15300,,2.0,0.0,0.0
2000-04-27,14900,,2.0,2.0,0.0
2000-04-28,16300,,0.0,0.0,0.0
2000-04-29,15700,,0.0,0.0,0.0
2000-04-30,14400,,1.0,1.0,1.0
2000-05-01,15500,,1.0,1.0,1.0
2000-05-02,16300,,0.0,0.0,0.0
2000-05-03,18700,,0.0,0.0,0.0
2000-05-04,20500,,0.0,0.0,0.0
2000-05-05,17800,,0.0,0.0,0.0
2000-05-06,16800,,0.0,0.0,0.0
2000-05-07,15400,,0.0,0.0,0.0
2000-05-08,13600,,0.0,0.0,0.0
2000-05-09,14000,,0.0,0.0,0.0
2000-05-10,17900,,0.0,0.0,0.0
2000-05-11,17400,,0.0,0.0,0.0
2000-05-12,16100,,0.0,0.0,0.0
2000-05-13,14500,,0.0,0.0,0.0
2000-05-14,13500,,0.0,0.0,0.0
2000-05-15,13500,,0.0,0.0,0.0
2000-05-16,16300,,0.0,0.0,0.0
2000-05-17,18300,,0.0,0.0,0.0
2000-05-18,16500,,0.0,0.0,0.0
2000-05-19,16600,,0.0,0.0,0.0
2000-05-20,18500,,2.0,2.0,2.0
2000-05-21,19600,,2.0,2.0,2.0
2000-05-22,26700,,2.0,2.0,0.0
2000-05-23,25700,,0.0,0.0,0.0
2000-05-24,22700,,0.0,0.0,0.0
2000-05-25,20600,,0.0,0.0,0.0
2000-05-26,18500,,0.0,0.0,0.0
2000-05-27,21000,,0.0,0.0,0.0
2000-05-28,23500,,0.0,0.0,0.0
2000-05-29,21600,,0.0,0.0,0.0
2000-05-30,20100,,0.0,0.0,0.0
2000-05-31,20600,,0.0,0.0,0.0
2000-06-01,18700,,0.0,0.0,0.0
2000-06-02,18400,,0.0,0.0,0.0
2000-06-03,19400,,0.0,0.0,0.0
2000-06-04,20600,,0.0,0.0,0.0
2000-06-05,25400,,0.0,0.0,0.0
2000-06-06,26600,,0.0,0.0,0.0
2000-06-07,24100,,0.0,0.0,0.0
2000-06-08,23800,,0.0,0.0,0.0
2000-06-09,22800,,0.0,0.0,0.0
2000-06-10,22000,,0.0,0.0,0.0
2000-06-11,20500,,2.0,1.0,0.0
2000-06-12,27100,,2.0,1.0,0.0
2000-06-13,36500,,3.0,3.0,2.0
2000-06-14,30100,,3.0,3.0,2.0
2000-06-15,36300,,3.0,3.0,0.0
2000-06-16,30900,,0.0,0.0,0.0
2000-06-17,27400,,0.0,0.0,0.0
2000-06-18,26900,,0.0,0.0,0.0
2000-06-19,27200,,0.0,0.0,0.0
2000-06-20,25200,,0.0,0.0,0.0
2000-06-21,24200,,0.0,0.0,0.0
2000-06-22,25100,,0.0,0.0,0.0
2000-06-23,23700,,0.0,0.0,0.0
2000-06-24,22900,,0.0,0.0,0.0
2000-06-25,23100,,0.0,0.0,0.0
2000-06-26,23300,,0.0,0.0,0.0
2000-06-27,25500,,0.0,0.0,0.0
2000-06-28,28600,,0.0,0.0,0.0
2000-06-29,30200,,0.0,0.0,0.0
2000-06-30,28400,,0.0,0.0,0.0
2000-07-01,25700,,0.0,0.0,0.0
2000-07-02,23500,,0.0,0.0,0.0
2000-07-03,22000,,0.0,0.0,0.0
2000-07-04,20700,,0.0,0.0,0.0
2000-07-05,19500,,0.0,0.0,0.0
2000-07-06,18900,,0.0,0.0,0.0
2000-07-07,19100,,0.0,0.0,0.0
2000-07-08,19900,,0.0,0.0,0.0
2000-07-09,19700,,0.0,0.0,0.0
2000-07-10,19700,,0.0,0.0,0.0
2000-07-11,19500,,0.0,0.0,0.0
2000-07-12,19900,,0.0,0.0,0.0
2000-07-13,20100,,0.0,0.0,0.0
2000-07-14,19600,,0.0,0.0,0.0
2000-07-15,18800,,0.0,0.0,0.0
2000-07-16,17600,,0.0,0.0,0.0
2000-07-17,17600,,0.0,0.0,0.0
2000-07-18,18400,,0.0,0.0,0.0
2000-07-19,18400,,0.0,0.0,0.0
2000-07-20,18500,,0.0,0.0,0.0
2000-07-21,18600,,0.0,0.0,0.0
2000-07-22,19900,,0.0,0.0,0.0
2000-07-23,21100,,0.0,0.0,0.0
2000-07-24,20800,,0.0,0.0,0.0
2000-07-25,20200,,0.0,0.0,0.0
2000-07-26,19200,,3.0,3.0,3.0
2000-07-27,17300,,3.0,3.0,3.0
2000-07-28,15000,,3.0,3.0,3.0
2000-07-29,16400,,0.0,0.0,0.0
2000-07-30,16800,,0.0,0.0,0.0
2000-07-31,17600,,0.0,0.0,0.0
2000-08-01,18900,,0.0,0.0,0.0
2000-08-02,17600,,0.0,0.0,0.0
2000-08-03,17300,,0.0,0.0,0.0
2000-08-04,16800,,0.0,0.0,0.0
2000-08-05,16900,,0.0,0.0,0.0
2000-08-06,16000,,0.0,0.0,0.0
2000-08-07,16000,,0.0,0.0,0.0
2000-08-08,14800,,0.0,0.0,0.0
2000-08-09,15000,,0.0,0.0,0.0
2000-08-10,13000,,0.0,0.0,0.0
2000-08-11,13100,,0.0,0.0,0.0
2000-08-12,12000,,0.0,0.0,0.0
2000-08-13,9190,,0.0,0.0,0.0
2000-08-14,9750,,0.0,0.0,0.0
2000-08-15,11400,,0.0,0.0,0.0
2000-08-16,10300,,0.0,0.0,0.0
2000-08-17,10100,,0.0,0.0,0.0
2000-08-18,9570,,0.0,0.0,0.0
2000-08-19,9850,,0.0,0.0,0.0
2000-08-20,11100,,0.0,0.0,0.0
2000-08-21,9950,,0.0,0.0,0.0
2000-08-22,9370,,0.0,0.0,0.0
2000-08-23,9500,,0.0,0.0,0.0
2000-08-24,10400,,0.0,0.0,0.0
2000-08-25,10800,,0.0,0.0,0.0
2000-08-26,10700,,0.0,0.0,0.0
2000-08-27,10200,,0.0,0.0,0.0
2000-08-28,9590,,0.0,0.0,1.0
2000-08-29,9910,,0.0,0.0,1.0
2000-08-30,7580,,0.0,0.0,0.0
2000-08-31,7490,,0.0,0.0,0.0
2000-09-01,7490,,0.0,0.0,0.0
2000-09-02,6760,,0.0,0.0,0.0
2000-09-03,5840,,0.0,0.0,0.0
2000-09-04,5750,,0.0,0.0,0.0
2000-09-05,6660,,0.0,0.0,0.0
2000-09-06,9640,,0.0,0.0,0.0
2000-09-07,9180,,0.0,0.0,0.0
2000-09-08,9570,,0.0,0.0,0.0
2000-09-09,11600,,0.0,2.0,2.0
2000-09-10,14000,,0.0,2.0,2.0
2000-09-11,14000,,0.0,0.0,0.0
2000-09-12,11800,,0.0,0.0,0.0
2000-09-13,10900,,0.0,0.0,0.0
2000-09-14,10600,,1.0,1.0,0.0
2000-09-15,10600,,1.0,1.0,0.0
2000-09-16,9470,,0.0,0.0,0.0
2000-09-17,8920,,3.0,3.0,3.0
2000-09-18,10600,,3.0,3.0,3.0
2000-09-19,12600,,3.0,3.0,3.0
2000-09-20,12300,,1.0,1.0,0.0
2000-09-21,11200,,0.0,0.0,0.0
2000-09-22,10100,,0.0,0.0,0.0
2000-09-23,7340,,0.0,0.0,0.0
2000-09-24,7200,,0.0,0.0,0.0
2000-09-25,6140,,0.0,0.0,0.0
2000-09-26,7620,,0.0,0.0,0.0
2000-09-27,8120,,0.0,0.0,0.0
2000-09-28,8000,,0.0,3.0,2.0
2000-09-29,8160,,3.0,3.0,2.0
2000-09-30,12100,,3.0,3.0,2.0
2000-10-01,21000,,3.0,3.0,0.0
2000-10-02,12900,,0.0,0.0,0.0
2000-10-03,12400,,0.0,0.0,0.0
2000-10-04,11500,,0.0,0.0,0.0
2000-10-05,10700,,0.0,0.0,0.0
2000-10-06,10100,,0.0,0.0,0.0
2000-10-07,7520,,0.0,0.0,0.0
2000-10-08,7820,,0.0,0.0,0.0
2000-10-09,7890,,0.0,0.0,0.0
2000-10-10,6920,,0.0,0.0,0.0
2000-10-11,8070,,0.0,0.0,0.0
2000-10-12,8650,,0.0,0.0,0.0
2000-10-13,7960,,0.0,0.0,0.0
2000-10-14,7160,,0.0,0.0,0.0
2000-10-15,6990,,0.0,0.0,0.0
2000-10-16,7420,,3.0,3.0,3.0
2000-10-17,10100,,3.0,3.0,3.0
2000-10-18,12500,,3.0,3.0,3.0
2000-10-19,14600,,3.0,3.0,2.0
2000-10-20,15600,,3.0,3.0,2.0
2000-10-21,26700,,0.0,0.0,0.0
2000-10-22,18200,,0.0,0.0,0.0
2000-10-23,15100,,0.0,0.0,0.0
2000-10-24,13600,,0.0,0.0,0.0
2000-10-25,12700,,0.0,0.0,0.0
2000-10-26,12000,,0.0,0.0,0.0
2000-10-27,11500,,1.0,1.0,1.0
2000-10-28,11400,,1.0,1.0,1.0
2000-10-29,11800,,0.0,0.0,0.0
2000-10-30,11100,,0.0,0.0,0.0
2000-10-31,10100,,0.0,0.0,0.0
2000-11-01,9730,,0.0,0.0,0.0
2000-11-02,9920,,0.0,0.0,0.0
2000-11-03,9840,,0.0,0.0,1.0
2000-11-04,10400,,1.0,1.0,1.0
2000-11-05,12900,,0.0,0.0,0.0
2000-11-06,11800,,0.0,0.0,0.0
2000-11-07,11400,,0.0,0.0,0.0
2000-11-08,11300,,0.0,0.0,0.0
2000-11-09,11400,,0.0,0.0,0.0
2000-11-10,11200,,0.0,0.0,0.0
2000-11-11,10900,,0.0,0.0,0.0
2000-11-12,10900,,0.0,0.0,0.0
2000-11-13,9810,,0.0,0.0,0.0
2000-11-14,12000,,0.0,0.0,0.0
2000-11-15,11600,,0.0,0.0,0.0
2000-11-16,10500,,0.0,0.0,0.0
2000-11-17,10400,,0.0,0.0,0.0
2000-11-18,10100,,0.0,0.0,0.0
2000-11-19,10300,,0.0,0.0,0.0
2000-11-20,10000,,0.0,0.0,0.0
2000-11-21,8950,,0.0,0.0,0.0
2000-11-22,8810,,0.0,0.0,0.0
2000-11-23,7780,,1.0,1.0,1.0
2000-11-24,7140,,0.0,0.0,0.0
2000-11-25,6610,,0.0,0.0,0.0
2000-11-26,7260,,0.0,0.0,0.0
2000-11-27,11300,,0.0,0.0,0.0
2000-11-28,11300,,0.0,0.0,0.0
2000-11-29,9910,,0.0,0.0,0.0
2000-11-30,9930,,0.0,0.0,0.0
2000-12-01,10100,,0.0,0.0,0.0
2000-12-02,8980,,0.0,0.0,0.0
2000-12-03,8920,,0.0,0.0,0.0
2000-12-04,8260,,0.0,0.0,0.0
2000-12-05,7700,,0.0,0.0,0.0
2000-12-06,7670,,0.0,0.0,0.0
2000-12-07,7690,,0.0,0.0,0.0
2000-12-08,8170,,0.0,0.0,0.0
2000-12-09,7970,,0.0,0.0,0.0
2000-12-10,8140,,0.0,0.0,0.0
2000-12-11,8000,,0.0,0.0,0.0
2000-12-12,8080,,0.0,0.0,0.0
2000-12-13,7470,,0.0,0.0,0.0
2000-12-14,7650,,0.0,0.0,0.0
2000-12-15,7730,,0.0,0.0,0.0
2000-12-16,7940,,2.0,2.0,2.0
2000-12-17,10700,,0.0,0.0,0.0
2000-12-18,9140,,0.0,0.0,0.0
2000-12-19,8730,,0.0,0.0,0.0
2000-12-20,8150,,0.0,0.0,0.0
2000-12-21,7700,,0.0,0.0,0.0
2000-12-22,7710,,0.0,0.0,0.0
2000-12-23,8750,,0.0,0.0,0.0
2000-12-24,8530,,0.0,0.0,0.0
2000-12-25,8040,,0.0,0.0,0.0
2000-12-26,7990,,0.0,0.0,0.0
2000-12-27,8870,,0.0,0.0,0.0
2000-12-28,9790,,0.0,0.0,0.0
2000-12-29,8480,,0.0,0.0,0.0
2000-12-30,7940,,0.0,0.0,0.0
2000-12-31,8110,,0.0,0.0,0.0
2001-01-01,8190,,0.0,0.0,0.0
2001-01-02,7910,,0.0,0.0,0.0
2001-01-03,8230,,0.0,0.0,0.0
2001-01-04,8320,,2.0,3.0,1.0
2001-01-05,15100,,2.0,3.0,1.0
2001-01-06,19300,,0.0,0.0,0.0
2001-01-07,13200,,1.0,0.0,0.0
2001-01-08,11000,,1.0,0.0,0.0
2001-01-09,10100,,0.0,0.0,0.0
2001-01-10,9540,,0.0,0.0,0.0
2001-01-11,9290,,0.0,0.0,0.0
2001-01-12,9300,,0.0,0.0,0.0
2001-01-13,8780,,0.0,0.0,0.0
2001-01-14,8680,,0.0,0.0,0.0
2001-01-15,8550,,0.0,0.0,0.0
2001-01-16,8830,,0.0,0.0,0.0
2001-01-17,8840,,0.0,0.0,0.0
2001-01-18,9020,,0.0,0.0,0.0
2001-01-19,8910,,0.0,0.0,0.0
2001-01-20,8660,,0.0,0.0,0.0
2001-01-21,9030,,0.0,0.0,0.0
2001-01-22,9370,,0.0,0.0,0.0
2001-01-23,8960,,0.0,0.0,0.0
2001-01-24,8730,,0.0,0.0,0.0
2001-01-25,8650,,0.0,0.0,0.0
2001-01-26,8670,,0.0,0.0,0.0
2001-01-27,8610,,0.0,0.0,0.0
2001-01-28,8580,,0.0,0.0,0.0
2001-01-29,8900,,0.0,0.0,0.0
2001-01-30,8840,,0.0,0.0,0.0
2001-01-31,9430,,0.0,0.0,0.0
2001-02-01,9300,,1.0,1.0,0.0
2001-02-02,9180,,1.0,1.0,0.0
2001-02-03,9310,,0.0,0.0,0.0
2001-02-04,9460,,0.0,0.0,0.0
2001-02-05,10200,,0.0,0.0,0.0
2001-02-06,9710,,0.0,0.0,0.0
2001-02-07,9310,,0.0,0.0,0.0
2001-02-08,9030,,0.0,0.0,0.0
2001-02-09,8930,,0.0,0.0,0.0
2001-02-10,8840,,0.0,0.0,0.0
2001-02-11,8760,,0.0,0.0,0.0
2001-02-12,8660,,0.0,0.0,0.0
2001-02-13,8580,,0.0,0.0,0.0
2001-02-14,8510,,0.0,0.0,0.0
2001-02-15,8520,,0.0,0.0,0.0
2001-02-16,8520,,0.0,0.0,0.0
2001-02-17,8470,,0.0,0.0,0.0
2001-02-18,8480,,0.0,0.0,0.0
2001-02-19,8460,,0.0,0.0,0.0
2001-02-20,8460,,0.0,0.0,0.0
2001-02-21,8060,,0.0,0.0,0.0
2001-02-22,8250,,0.0,0.0,0.0
2001-02-23,8330,,0.0,0.0,0.0
2001-02-24,7970,,0.0,0.0,0.0
2001-02-25,7380,,0.0,0.0,0.0
2001-02-26,6660,,0.0,0.0,0.0
2001-02-27,6280,,0.0,0.0,0.0
2001-02-28,6200,,0.0,0.0,0.0
2001-03-01,5750,,0.0,0.0,0.0
2001-03-02,5850,,0.0,0.0,0.0
2001-03-03,5780,,0.0,0.0,0.0
2001-03-04,5610,,0.0,0.0,0.0
2001-03-05,5540,,0.0,0.0,0.0
2001-03-06,5600,,0.0,0.0,0.0
2001-03-07,5820,,0.0,0.0,0.0
2001-03-08,6400,,0.0,0.0,0.0
2001-03-09,7250,,0.0,0.0,0.0
2001-03-10,6910,,0.0,0.0,0.0
2001-03-11,6490,,0.0,0.0,0.0
2001-03-12,6270,,0.0,0.0,0.0
2001-03-13,6410,,0.0,0.0,0.0
2001-03-14,7000,,0.0,0.0,0.0
2001-03-15,6690,,0.0,0.0,0.0
2001-03-16,6780,,0.0,0.0,0.0
2001-03-17,6500,,0.0,0.0,0.0
2001-03-18,6960,,1.0,1.0,1.0
2001-03-19,13400,,1.0,1.0,1.0
2001-03-20,12400,,0.0,0.0,0.0
2001-03-21,9800,,0.0,0.0,0.0
2001-03-22,8520,,0.0,0.0,0.0
2001-03-23,7920,,0.0,0.0,0.0
2001-03-24,7670,,1.0,1.0,0.0
2001-03-25,8470,,1.0,1.0,0.0
2001-03-26,10100,,0.0,0.0,0.0
2001-03-27,9230,,1.0,0.0,0.0
2001-03-28,9150,,1.0,0.0,0.0
2001-03-29,9300,,0.0,0.0,0.0
2001-03-30,8900,,0.0,0.0,0.0
2001-03-31,9350,,0.0,0.0,0.0
2001-04-01,11800,,0.0,0.0,0.0
2001-04-02,10200,,0.0,0.0,0.0
2001-04-03,8820,,0.0,0.0,0.0
2001-04-04,8070,,0.0,0.0,0.0
2001-04-05,7630,,0.0,0.0,0.0
2001-04-06,7840,,0.0,0.0,0.0
2001-04-07,7790,,0.0,0.0,0.0
2001-04-08,7420,,0.0,0.0,0.0
2001-04-09,7080,,0.0,0.0,0.0
2001-04-10,6960,,0.0,0.0,0.0
2001-04-11,7050,,0.0,0.0,0.0
2001-04-12,6760,,0.0,0.0,0.0
2001-04-13,6720,,0.0,0.0,0.0
2001-04-14,6860,,0.0,0.0,0.0
2001-04-15,6430,,0.0,0.0,0.0
2001-04-16,6340,,1.0,0.0,0.0
2001-04-17,7350,,1.0,0.0,0.0
2001-04-18,8730,,0.0,0.0,0.0
2001-04-19,8320,,0.0,0.0,0.0
2001-04-20,7760,,0.0,0.0,0.0
2001-04-21,7550,,0.0,0.0,0.0
2001-04-22,7600,,0.0,0.0,0.0
2001-04-23,7860,,0.0,0.0,0.0
2001-04-24,8200,,0.0,0.0,0.0
2001-04-25,9950,,0.0,0.0,0.0
2001-04-26,12000,,0.0,0.0,0.0
2001-04-27,14300,,0.0,0.0,0.0
2001-04-28,16500,,0.0,0.0,0.0
2001-04-29,16000,,0.0,0.0,0.0
2001-04-30,14100,,0.0,0.0,0.0
2001-05-01,14900,,0.0,0.0,0.0
2001-05-02,13200,,0.0,0.0,0.0
2001-05-03,12800,,0.0,0.0,0.0
2001-05-04,11400,,0.0,0.0,0.0
2001-05-05,13000,,0.0,0.0,0.0
2001-05-06,13200,,0.0,0.0,0.0
2001-05-07,11600,,0.0,0.0,0.0
2001-05-08,11600,,0.0,0.0,0.0
2001-05-09,12000,,0.0,0.0,0.0
2001-05-10,12200,,0.0,0.0,0.0
2001-05-11,12200,,0.0,0.0,0.0
2001-05-12,13000,,0.0,0.0,0.0
2001-05-13,16200,,0.0,0.0,0.0
2001-05-14,16300,,0.0,0.0,0.0
2001-05-15,20200,,0.0,0.0,0.0
2001-05-16,18700,,0.0,0.0,0.0
2001-05-17,20300,,0.0,0.0,0.0
2001-05-18,16100,,0.0,0.0,0.0
2001-05-19,12600,,1.0,0.0,0.0
2001-05-20,12400,,1.0,1.0,0.0
2001-05-21,11300,,1.0,1.0,0.0
2001-05-22,12200,,0.0,0.0,0.0
2001-05-23,19800,,0.0,0.0,0.0
2001-05-24,26300,,0.0,0.0,0.0
2001-05-25,25000,,0.0,0.0,0.0
2001-05-26,21400,,0.0,0.0,0.0
2001-05-27,20800,,0.0,0.0,0.0
2001-05-28,19100,,0.0,0.0,0.0
2001-05-29,17100,,0.0,0.0,0.0
2001-05-30,16400,,0.0,0.0,0.0
2001-05-31,13200,,0.0,0.0,0.0
2001-06-01,15200,,0.0,0.0,0.0
2001-06-02,20400,,0.0,0.0,0.0
2001-06-03,17900,,0.0,0.0,0.0
2001-06-04,14700,,0.0,0.0,0.0
2001-06-05,13400,,0.0,0.0,0.0
2001-06-06,11900,,0.0,0.0,0.0
2001-06-07,13200,,0.0,0.0,0.0
2001-06-08,13100,,0.0,0.0,0.0
2001-06-09,15700,,0.0,0.0,0.0
2001-06-10,17100,,0.0,0.0,0.0
2001-06-11,17300,,0.0,0.0,0.0
2001-06-12,19300,,0.0,0.0,0.0
2001-06-13,18200,,0.0,0.0,0.0
2001-06-14,14700,,0.0,0.0,0.0
2001-06-15,14200,,0.0,0.0,0.0
2001-06-16,13800,,0.0,0.0,0.0
2001-06-17,13100,,0.0,0.0,0.0
2001-06-18,10600,,0.0,0.0,0.0
2001-06-19,13100,,0.0,0.0,0.0
2001-06-20,14200,,0.0,0.0,0.0
2001-06-21,16200,,0.0,0.0,0.0
2001-06-22,17200,,0.0,0.0,0.0
2001-06-23,17000,,0.0,0.0,0.0
2001-06-24,13500,,0.0,0.0,0.0
2001-06-25,11700,,0.0,0.0,0.0
2001-06-26,12300,,0.0,0.0,0.0
2001-06-27,12100,,2.0,1.0,0.0
2001-06-28,15700,,2.0,1.0,0.0
2001-06-29,15900,,0.0,0.0,0.0
2001-06-30,14100,,0.0,0.0,0.0
2001-07-01,13300,,0.0,0.0,0.0
2001-07-02,13100,,0.0,0.0,0.0
2001-07-03,13100,,0.0,0.0,0.0
2001-07-04,14500,,0.0,0.0,0.0
2001-07-05,14600,,0.0,0.0,0.0
2001-07-06,13400,,0.0,0.0,0.0
2001-07-07,12400,,0.0,0.0,0.0
2001-07-08,11500,,0.0,0.0,0.0
2001-07-09,10300,,0.0,0.0,0.0
2001-07-10,13600,,0.0,0.0,0.0
2001-07-11,14400,,0.0,0.0,0.0
2001-07-12,11400,,0.0,0.0,0.0
2001-07-13,13400,,0.0,0.0,0.0
2001-07-14,13800,,0.0,0.0,0.0
2001-07-15,12500,,0.0,0.0,0.0
2001-07-16,11600,,0.0,0.0,0.0
2001-07-17,11200,,0.0,0.0,0.0
2001-07-18,10200,,0.0,0.0,0.0
2001-07-19,9120,,0.0,0.0,0.0
2001-07-20,9370,,0.0,0.0,0.0
2001-07-21,8200,,0.0,0.0,0.0
2001-07-22,8270,,0.0,0.0,0.0
2001-07-23,8860,,0.0,0.0,0.0
2001-07-24,9620,,0.0,0.0,0.0
2001-07-25,9130,,0.0,0.0,0.0
2001-07-26,10600,,0.0,0.0,0.0
2001-07-27,9510,,0.0,0.0,0.0
2001-07-28,9340,,0.0,0.0,0.0
2001-07-29,11300,,0.0,0.0,0.0
2001-07-30,9350,,0.0,0.0,0.0
2001-07-31,9750,,0.0,0.0,0.0
2001-08-01,9470,,2.0,2.0,1.0
2001-08-02,10100,,2.0,2.0,1.0
2001-08-03,9640,,2.0,2.0,1.0
2001-08-04,9480,,0.0,0.0,0.0
2001-08-05,7970,,1.0,1.0,1.0
2001-08-06,8870,,1.0,1.0,1.0
2001-08-07,10900,,0.0,0.0,0.0
2001-08-08,11000,,0.0,0.0,0.0
2001-08-09,10600,,0.0,0.0,0.0
2001-08-10,10300,,0.0,0.0,0.0
2001-08-11,9800,,0.0,0.0,0.0
2001-08-12,8170,,0.0,0.0,0.0
2001-08-13,8960,,0.0,0.0,0.0
2001-08-14,10500,,0.0,0.0,0.0
2001-08-15,11200,,0.0,0.0,0.0
2001-08-16,10700,,0.0,0.0,0.0
2001-08-17,10200,,0.0,0.0,0.0
2001-08-18,9310,,0.0,0.0,0.0
2001-08-19,7390,,0.0,0.0,0.0
2001-08-20,8880,,0.0,0.0,0.0
2001-08-21,9120,,2.0,2.0,2.0
2001-08-22,11500,,2.0,2.0,2.0
2001-08-23,23000,,0.0,0.0,0.0
2001-08-24,17200,,0.0,0.0,0.0
2001-08-25,14000,,0.0,0.0,0.0
2001-08-26,12700,,0.0,0.0,0.0
2001-08-27,12300,,0.0,0.0,0.0
2001-08-28,11100,,0.0,0.0,0.0
2001-08-29,10500,,0.0,0.0,0.0
2001-08-30,10900,,0.0,0.0,0.0
2001-08-31,10700,,1.0,1.0,1.0
2001-09-01,10600,,1.0,1.0,1.0
2001-09-02,11000,,1.0,1.0,0.0
2001-09-03,9650,,1.0,1.0,1.0
2001-09-04,9510,,0.0,0.0,0.0
2001-09-05,10200,,0.0,0.0,0.0
2001-09-06,10100,,0.0,0.0,0.0
2001-09-07,9570,,0.0,0.0,0.0
2001-09-08,9200,,0.0,0.0,0.0
2001-09-09,8220,,0.0,0.0,0.0
2001-09-10,6910,,0.0,0.0,0.0
2001-09-11,9100,,0.0,0.0,0.0
2001-09-12,9230,,0.0,0.0,0.0
2001-09-13,8800,,0.0,0.0,0.0
2001-09-14,9220,,0.0,0.0,0.0
2001-09-15,7970,,0.0,0.0,0.0
2001-09-16,6840,,0.0,0.0,0.0
2001-09-17,6970,,0.0,0.0,0.0
2001-09-18,7370,,0.0,0.0,0.0
2001-09-19,6690,,0.0,0.0,0.0
2001-09-20,5830,,0.0,0.0,0.0
2001-09-21,6370,,1.0,1.0,1.0
2001-09-22,6030,,1.0,1.0,1.0
2001-09-23,5320,,0.0,0.0,0.0
2001-09-24,5610,,0.0,0.0,0.0
2001-09-25,7080,,0.0,0.0,0.0
2001-09-26,7450,,0.0,0.0,0.0
2001-09-27,9600,,0.0,0.0,0.0
2001-09-28,8850,,0.0,0.0,0.0
2001-09-29,7680,,0.0,0.0,0.0
2001-09-30,6010,9.65,0.0,0.0,0.0
2001-10-01,5740,9.49,0.0,0.0,0.0
2001-10-02,7200,10.26,0.0,0.0,0.0
2001-10-03,7040,10.18,0.0,0.0,0.0
2001-10-04,6980,10.15,0.0,0.0,0.0
2001-10-05,6070,9.68,0.0,0.0,0.0
2001-10-06,5680,9.47,0.0,0.0,0.0
2001-10-07,4740,8.94,0.0,0.0,0.0
2001-10-08,5470,9.35,0.0,0.0,0.0
2001-10-09,6290,9.79,0.0,0.0,0.0
2001-10-10,6510,9.91,1.0,1.0,1.0
2001-10-11,7790,10.56,0.0,0.0,0.0
2001-10-12,8350,10.85,3.0,3.0,3.0
2001-10-13,9720,11.51,3.0,3.0,3.0
2001-10-14,9140,11.24,2.0,1.0,1.0
2001-10-15,10100,11.67,0.0,0.0,0.0
2001-10-16,9160,11.24,0.0,0.0,0.0
2001-10-17,9670,11.49,0.0,0.0,0.0
2001-10-18,9940,11.62,1.0,1.0,2.0
2001-10-19,10900,12.03,1.0,1.0,2.0
2001-10-20,12900,12.96,0.0,0.0,0.0
2001-10-21,9740,11.51,0.0,0.0,0.0
2001-10-22,11400,12.24,2.0,1.0,1.0
2001-10-23,21500,16.36,2.0,0.0,0.0
2001-10-24,21800,16.47,0.0,0.0,0.0
2001-10-25,18600,15.29,2.0,2.0,2.0
2001-10-26,17600,14.88,2.0,2.0,2.0
2001-10-27,20400,15.95,2.0,2.0,0.0
2001-10-28,19100,15.45,0.0,0.0,0.0
2001-10-29,15700,14.11,0.0,0.0,0.0
2001-10-30,14400,13.57,0.0,0.0,0.0
2001-10-31,19300,15.49,0.0,0.0,0.0
2001-11-01,23600,17.13,0.0,0.0,0.0
2001-11-02,19800,15.72,0.0,0.0,0.0
2001-11-03,18200,15.12,0.0,0.0,0.0
2001-11-04,15500,14.04,0.0,1.0,1.0
2001-11-05,16600,14.46,0.0,0.0,0.0
2001-11-06,16100,14.28,0.0,0.0,0.0
2001-11-07,14300,13.54,0.0,0.0,0.0
2001-11-08,12600,12.81,0.0,0.0,0.0
2001-11-09,12600,12.82,0.0,0.0,0.0
2001-11-10,11500,12.33,0.0,0.0,0.0
2001-11-11,11300,12.23,2.0,2.0,1.0
2001-11-12,9840,11.56,2.0,2.0,1.0
2001-11-13,12600,12.82,4.0,4.0,2.0
2001-11-14,28000,18.29,4.0,4.0,3.0
2001-11-15,63800,26.96,4.0,4.0,3.0
2001-11-16,56900,25.51,0.0,0.0,0.0
2001-11-17,34800,20.24,0.0,0.0,0.0
2001-11-18,24200,16.92,0.0,0.0,0.0
2001-11-19,20800,15.67,4.0,4.0,3.0
2001-11-20,27800,18.15,4.0,4.0,3.0
2001-11-21,28100,18.26,4.0,4.0,0.0
2001-11-22,26300,17.66,0.0,0.0,0.0
2001-11-23,23900,16.8,0.0,0.0,0.0
2001-11-24,21000,15.74,0.0,0.0,0.0
2001-11-25,18300,14.78,0.0,0.0,0.0
2001-11-26,16500,14.13,0.0,0.0,0.0
2001-11-27,16700,14.19,0.0,0.0,0.0
2001-11-28,15900,13.88,1.0,0.0,0.0
2001-11-29,16800,14.23,0.0,0.0,0.0
2001-11-30,16900,14.28,0.0,0.0,0.0
2001-12-01,17400,14.46,1.0,1.0,0.0
2001-12-02,20900,15.71,0.0,0.0,0.0
2001-12-03,18500,14.86,0.0,0.0,0.0
2001-12-04,17000,14.29,0.0,0.0,0.0
2001-12-05,16100,13.97,0.0,0.0,0.0
2001-12-06,15900,13.88,0.0,0.0,0.0
2001-12-07,15700,13.8,0.0,0.0,0.0
2001-12-08,15500,13.75,1.0,1.0,0.0
2001-12-09,17200,14.39,0.0,0.0,0.0
2001-12-10,16800,14.24,0.0,0.0,0.0
2001-12-11,14800,13.48,0.0,0.0,0.0
2001-12-12,13800,13.05,0.0,0.0,1.0
2001-12-13,17800,14.58,1.0,1.0,1.0
2001-12-14,32300,19.57,1.0,1.0,1.0
2001-12-15,25600,17.38,2.0,2.0,2.0
2001-12-16,29700,18.64,2.0,2.0,2.0
2001-12-17,48400,23.75,2.0,2.0,2.0
2001-12-18,33200,19.8,0.0,0.0,0.0
2001-12-19,25200,17.26,0.0,0.0,0.0
2001-12-20,21000,15.74,0.0,0.0,0.0
2001-12-21,18500,14.87,0.0,0.0,0.0
2001-12-22,14300,13.27,0.0,0.0,0.0
2001-12-23,12400,12.51,0.0,0.0,0.0
2001-12-24,11900,12.29,0.0,0.0,0.0
2001-12-25,11000,11.9,0.0,0.0,0.0
2001-12-26,10700,11.78,0.0,0.0,0.0
2001-12-27,12100,12.38,1.0,1.0,1.0
2001-12-28,12000,12.33,1.0,1.0,1.0
2001-12-29,11400,12.1,0.0,0.0,0.0
2001-12-30,10700,11.79,0.0,0.0,0.0
2001-12-31,10600,11.76,0.0,0.0,0.0
2002-01-01,10300,11.59,2.0,2.0,2.0
2002-01-02,10900,11.89,2.0,2.0,2.0
2002-01-03,12200,12.4,2.0,2.0,0.0
2002-01-04,15500,13.74,0.0,0.0,0.0
2002-01-05,15800,13.86,1.0,1.0,0.0
2002-01-06,16000,13.94,3.0,3.0,3.0
2002-01-07,35700,20.14,3.0,3.0,3.0
2002-01-08,73700,28.6,3.0,3.0,3.0
2002-01-09,69500,27.83,0.0,0.0,0.0
2002-01-10,44500,22.81,0.0,0.0,0.0
2002-01-11,31400,19.28,0.0,0.0,0.0
2002-01-12,27200,17.97,1.0,1.0,0.0
2002-01-13,28100,18.27,0.0,0.0,0.0
2002-01-14,24400,16.98,0.0,0.0,0.0
2002-01-15,22900,16.43,0.0,0.0,0.0
2002-01-16,21600,15.96,0.0,0.0,0.0
2002-01-17,20500,15.59,0.0,0.0,0.0
2002-01-18,19700,15.28,0.0,0.0,0.0
2002-01-19,19300,15.16,0.0,0.0,0.0
2002-01-20,19200,15.09,0.0,0.0,0.0
2002-01-21,19400,15.2,0.0,0.0,0.0
2002-01-22,19000,15.03,0.0,0.0,0.0
2002-01-23,18600,14.89,1.0,1.0,1.0
2002-01-24,20000,15.4,1.0,1.0,1.0
2002-01-25,26100,17.59,1.0,1.0,1.0
2002-01-26,23700,16.74,0.0,0.0,0.0
2002-01-27,21200,15.81,0.0,0.0,0.0
2002-01-28,19700,15.31,0.0,0.0,0.0
2002-01-29,18800,14.96,0.0,0.0,0.0
2002-01-30,18200,14.75,0.0,0.0,0.0
2002-01-31,18000,14.66,0.0,0.0,0.0
2002-02-01,17800,14.61,0.0,0.0,0.0
2002-02-02,17400,14.47,0.0,0.0,0.0
2002-02-03,17300,14.43,0.0,0.0,0.0
2002-02-04,17700,14.58,0.0,0.0,0.0
2002-02-05,17400,14.46,0.0,0.0,0.0
2002-02-06,17200,14.38,0.0,0.0,0.0
2002-02-07,18000,14.68,0.0,0.0,0.0
2002-02-08,15300,13.65,0.0,0.0,0.0
2002-02-09,14800,13.47,0.0,0.0,0.0
2002-02-10,14200,13.24,0.0,0.0,0.0
2002-02-11,14900,13.5,0.0,0.0,0.0
2002-02-12,14900,13.48,0.0,0.0,0.0
2002-02-13,14500,13.33,0.0,0.0,0.0
2002-02-14,12500,12.55,0.0,0.0,0.0
2002-02-15,11100,11.94,0.0,0.0,0.0
2002-02-16,10800,11.83,0.0,0.0,0.0
2002-02-17,11800,12.23,0.0,0.0,0.0
2002-02-18,13700,13.04,0.0,0.0,0.0
2002-02-19,14600,13.37,0.0,0.0,0.0
2002-02-20,16000,13.91,0.0,0.0,0.0
2002-02-21,18000,14.65,2.0,2.0,2.0
2002-02-22,49700,23.81,2.0,2.0,2.0
2002-02-23,66600,27.39,0.0,0.0,0.0
2002-02-24,42800,22.37,0.0,0.0,0.0
2002-02-25,30000,18.86,0.0,0.0,0.0
2002-02-26,26200,17.62,0.0,0.0,0.0
2002-02-27,23600,16.71,0.0,0.0,0.0
2002-02-28,20500,15.58,0.0,0.0,0.0
2002-03-01,20400,15.53,0.0,0.0,0.0
2002-03-02,19700,15.28,0.0,0.0,0.0
2002-03-03,18900,15.02,0.0,0.0,0.0
2002-03-04,18300,14.79,0.0,0.0,0.0
2002-03-05,18100,14.72,0.0,0.0,0.0
2002-03-06,16500,14.11,0.0,0.0,0.0
2002-03-07,16400,14.06,0.0,0.0,0.0
2002-03-08,16700,14.21,0.0,0.0,0.0
2002-03-09,15300,13.64,0.0,0.0,0.0
2002-03-10,13000,12.75,0.0,0.0,0.0
2002-03-11,14800,13.45,1.0,1.0,1.0
2002-03-12,25600,17.4,0.0,0.0,0.0
2002-03-13,22300,16.23,0.0,0.0,0.0
2002-03-14,20700,15.66,0.0,0.0,0.0
2002-03-15,18000,14.67,0.0,0.0,0.0
2002-03-16,14800,13.47,0.0,0.0,0.0
2002-03-17,14300,13.27,0.0,0.0,0.0
2002-03-18,14200,13.23,0.0,0.0,0.0
2002-03-19,15300,13.65,0.0,0.0,0.0
2002-03-20,16000,13.91,0.0,0.0,0.0
2002-03-21,15600,13.76,0.0,0.0,0.0
2002-03-22,14800,13.47,0.0,0.0,0.0
2002-03-23,12200,12.44,0.0,0.0,0.0
2002-03-24,12200,12.43,0.0,0.0,0.0
2002-03-25,12400,12.5,0.0,0.0,0.0
2002-03-26,13400,12.89,0.0,0.0,0.0
2002-03-27,14300,13.26,0.0,0.0,0.0
2002-03-28,15100,13.58,0.0,0.0,0.0
2002-03-29,13600,13.0,0.0,0.0,0.0
2002-03-30,13300,12.86,0.0,0.0,0.0
2002-03-31,12400,12.51,0.0,0.0,0.0
2002-04-01,15100,13.59,0.0,0.0,0.0
2002-04-02,16600,14.14,0.0,0.0,0.0
2002-04-03,15800,13.86,0.0,0.0,0.0
2002-04-04,15200,13.63,0.0,0.0,0.0
2002-04-05,14900,13.51,0.0,0.0,0.0
2002-04-06,15500,13.74,0.0,0.0,0.0
2002-04-07,18900,15.01,0.0,0.0,0.0
2002-04-08,17900,14.62,0.0,0.0,0.0
2002-04-09,16400,14.07,0.0,0.0,0.0
2002-04-10,21000,15.77,0.0,0.0,0.0
2002-04-11,23200,16.53,0.0,0.0,0.0
2002-04-12,25500,17.36,2.0,2.0,2.0
2002-04-13,31100,19.22,2.0,2.0,2.0
2002-04-14,45400,22.99,2.0,2.0,2.0
2002-04-15,42600,22.31,0.0,0.0,0.0
2002-04-16,29700,18.77,0.0,0.0,0.0
2002-04-17,24800,17.14,0.0,0.0,0.0
2002-04-18,22200,16.19,0.0,0.0,0.0
2002-04-19,20900,15.71,0.0,0.0,0.0
2002-04-20,21200,15.83,0.0,0.0,0.0
2002-04-21,20400,15.54,0.0,0.0,0.0
2002-04-22,20400,15.53,0.0,0.0,0.0
2002-04-23,20300,15.49,0.0,0.0,0.0
2002-04-24,19100,15.07,0.0,0.0,0.0
2002-04-25,18500,14.87,0.0,0.0,0.0
2002-04-26,18900,15.01,0.0,0.0,0.0
2002-04-27,18600,14.91,0.0,0.0,0.0
2002-04-28,18400,14.82,0.0,0.0,0.0
2002-04-29,18800,14.96,0.0,0.0,0.0
2002-04-30,19700,15.28,0.0,0.0,0.0
2002-05-01,22500,16.28,0.0,0.0,0.0
2002-05-02,25100,17.22,0.0,0.0,0.0
2002-05-03,24500,17.01,0.0,0.0,0.0
2002-05-04,20500,15.57,0.0,0.0,0.0
2002-05-05,19000,15.05,0.0,0.0,0.0
2002-05-06,18900,14.99,0.0,0.0,0.0
2002-05-07,18800,14.97,0.0,0.0,0.0
2002-05-08,17500,14.5,0.0,0.0,0.0
2002-05-09,16100,13.95,0.0,0.0,0.0
2002-05-10,14500,13.35,0.0,0.0,0.0
2002-05-11,14200,13.23,0.0,0.0,0.0
2002-05-12,14700,13.43,0.0,0.0,0.0
2002-05-13,18000,14.68,0.0,0.0,0.0
2002-05-14,19500,15.24,0.0,0.0,0.0
2002-05-15,19000,15.04,0.0,0.0,0.0
2002-05-16,17700,14.55,0.0,0.0,0.0
2002-05-17,18300,14.77,0.0,0.0,0.0
2002-05-18,21400,15.9,0.0,0.0,0.0
2002-05-19,21700,16.01,0.0,0.0,0.0
2002-05-20,23300,16.6,0.0,0.0,0.0
2002-05-21,26800,17.83,0.0,0.0,0.0
2002-05-22,25300,17.3,0.0,0.0,0.0
2002-05-23,24900,17.15,0.0,0.0,0.0
2002-05-24,22400,16.28,0.0,0.0,0.0
2002-05-25,22700,16.36,0.0,0.0,0.0
2002-05-26,24300,16.95,0.0,0.0,0.0
2002-05-27,25500,17.37,0.0,0.0,0.0
2002-05-28,29200,18.61,1.0,1.0,1.0
2002-05-29,37100,20.97,1.0,1.0,1.0
2002-05-30,38200,21.26,0.0,0.0,0.0
2002-05-31,33400,19.93,0.0,0.0,0.0
2002-06-01,29100,18.57,0.0,0.0,0.0
2002-06-02,27100,17.95,0.0,0.0,0.0
2002-06-03,26900,17.86,0.0,0.0,0.0
2002-06-04,24800,17.14,0.0,0.0,0.0
2002-06-05,25800,17.49,0.0,0.0,0.0
2002-06-06,30200,18.95,0.0,0.0,0.0
2002-06-07,26300,17.63,0.0,0.0,0.0
2002-06-08,21600,15.99,0.0,0.0,0.0
2002-06-09,18600,14.9,0.0,0.0,0.0
2002-06-10,19500,15.2,0.0,0.0,0.0
2002-06-11,25000,17.2,0.0,0.0,0.0
2002-06-12,29400,18.69,0.0,0.0,0.0
2002-06-13,33300,19.9,0.0,0.0,0.0
2002-06-14,37600,21.1,0.0,0.0,0.0
2002-06-15,39000,21.46,0.0,0.0,0.0
2002-06-16,37800,21.15,0.0,0.0,0.0
2002-06-17,32800,19.72,0.0,0.0,0.0
2002-06-18,31600,19.37,0.0,0.0,0.0
2002-06-19,31000,19.2,0.0,0.0,0.0
2002-06-20,26200,17.61,0.0,0.0,0.0
2002-06-21,29000,18.56,0.0,0.0,0.0
2002-06-22,32100,19.54,0.0,0.0,0.0
2002-06-23,33700,20.01,0.0,0.0,0.0
2002-06-24,32100,19.54,0.0,0.0,0.0
2002-06-25,32300,19.59,0.0,1.0,1.0
2002-06-26,33400,19.92,0.0,1.0,1.0
2002-06-27,38300,21.27,3.0,0.0,0.0
2002-06-28,40700,21.92,3.0,1.0,1.0
2002-06-29,51300,24.33,3.0,1.0,1.0
2002-06-30,48000,23.6,0.0,0.0,0.0
2002-07-01,34600,20.27,0.0,0.0,0.0
2002-07-02,30800,19.15,0.0,0.0,0.0
2002-07-03,27700,18.14,0.0,0.0,0.0
2002-07-04,25400,17.35,0.0,0.0,0.0
2002-07-05,24300,16.96,0.0,0.0,0.0
2002-07-06,23500,16.68,0.0,0.0,0.0
2002-07-07,24600,17.07,0.0,0.0,0.0
2002-07-08,28500,18.36,0.0,0.0,0.0
2002-07-09,30200,18.93,0.0,0.0,0.0
2002-07-10,26800,17.83,0.0,0.0,0.0
2002-07-11,30900,19.14,0.0,0.0,0.0
2002-07-12,35700,20.58,0.0,0.0,0.0
2002-07-13,35800,20.62,0.0,0.0,0.0
2002-07-14,35000,20.38,0.0,0.0,0.0
2002-07-15,32300,19.58,0.0,0.0,0.0
2002-07-16,29100,18.58,0.0,0.0,0.0
2002-07-17,27300,17.99,1.0,1.0,1.0
2002-07-18,25400,17.34,1.0,1.0,1.0
2002-07-19,24900,17.17,0.0,0.0,0.0
2002-07-20,23900,16.81,0.0,0.0,0.0
2002-07-21,23000,16.47,0.0,0.0,0.0
2002-07-22,23200,16.55,0.0,0.0,0.0
2002-07-23,23500,16.65,0.0,0.0,0.0
2002-07-24,23700,16.74,0.0,0.0,0.0
2002-07-25,23600,16.68,0.0,0.0,0.0
2002-07-26,23200,16.55,0.0,0.0,0.0
2002-07-27,22200,16.17,0.0,0.0,0.0
2002-07-28,20900,15.73,3.0,3.0,3.0
2002-07-29,20800,15.7,3.0,3.0,3.0
2002-07-30,20100,15.42,3.0,3.0,3.0
2002-07-31,17900,14.62,0.0,0.0,0.0
2002-08-01,14800,13.44,0.0,0.0,0.0
2002-08-02,13300,12.87,0.0,0.0,0.0
2002-08-03,13800,13.08,0.0,0.0,0.0
2002-08-04,12500,12.56,0.0,0.0,0.0
2002-08-05,12700,12.62,0.0,0.0,0.0
2002-08-06,13800,13.06,0.0,0.0,0.0
2002-08-07,12400,12.48,0.0,0.0,0.0
2002-08-08,11200,12.01,0.0,0.0,0.0
2002-08-09,11400,12.07,0.0,0.0,0.0
2002-08-10,12200,12.4,0.0,0.0,0.0
2002-08-11,12400,12.49,0.0,0.0,0.0
2002-08-12,12100,12.37,0.0,0.0,0.0
2002-08-13,12400,12.51,0.0,0.0,0.0
2002-08-14,12900,12.69,0.0,0.0,0.0
2002-08-15,13100,12.78,0.0,0.0,0.0
2002-08-16,12300,12.46,0.0,0.0,0.0
2002-08-17,11600,12.17,0.0,0.0,0.0
2002-08-18,10800,11.84,0.0,0.0,0.0
2002-08-19,10700,11.78,0.0,0.0,0.0
2002-08-20,10000,11.49,0.0,0.0,0.0
2002-08-21,10300,11.6,0.0,0.0,0.0
2002-08-22,9750,11.37,0.0,0.0,0.0
2002-08-23,9640,11.32,0.0,0.0,0.0
2002-08-24,10100,11.54,0.0,0.0,0.0
2002-08-25,8830,10.95,0.0,0.0,0.0
2002-08-26,10700,11.76,0.0,0.0,0.0
2002-08-27,10600,11.73,0.0,0.0,0.0
2002-08-28,10400,11.67,0.0,0.0,0.0
2002-08-29,12300,12.45,0.0,0.0,0.0
2002-08-30,12000,12.33,0.0,0.0,0.0
2002-08-31,9350,11.19,3.0,3.0,3.0
2002-09-01,8310,10.71,3.0,3.0,3.0
2002-09-02,9370,11.2,3.0,3.0,3.0
2002-09-03,10700,11.78,0.0,0.0,0.0
2002-09-04,10100,11.5,0.0,0.0,0.0
2002-09-05,8940,11.0,0.0,0.0,0.0
2002-09-06,8650,10.87,0.0,0.0,0.0
2002-09-07,8110,10.62,0.0,0.0,0.0
2002-09-08,7050,10.11,0.0,0.0,0.0
2002-09-09,7120,10.15,0.0,0.0,0.0
2002-09-10,8030,10.58,0.0,0.0,0.0
2002-09-11,8490,10.8,0.0,0.0,0.0
2002-09-12,8780,10.93,0.0,0.0,0.0
2002-09-13,8800,10.94,0.0,0.0,0.0
2002-09-14,8860,10.97,0.0,0.0,0.0
2002-09-15,8130,10.63,0.0,0.0,0.0
2002-09-16,8370,10.74,0.0,0.0,0.0
2002-09-17,11100,11.97,0.0,0.0,0.0
2002-09-18,10400,11.68,0.0,0.0,0.0
2002-09-19,9530,11.28,0.0,1.0,1.0
2002-09-20,9360,11.2,0.0,0.0,0.0
2002-09-21,9050,11.07,0.0,0.0,0.0
2002-09-22,8490,10.81,0.0,0.0,0.0
2002-09-23,8350,10.74,0.0,0.0,0.0
2002-09-24,8380,10.76,0.0,0.0,0.0
2002-09-25,8350,10.74,0.0,0.0,0.0
2002-09-26,7410,10.29,0.0,0.0,0.0
2002-09-27,6890,10.04,0.0,0.0,0.0
2002-09-28,6870,10.01,0.0,0.0,0.0
2002-09-29,5400,9.28,0.0,0.0,0.0
2002-09-30,6270,9.73,0.0,0.0,0.0
2002-10-01,5120,9.14,0.0,0.0,0.0
2002-10-02,4950,9.05,0.0,0.0,0.0
2002-10-03,4990,9.08,0.0,0.0,0.0
2002-10-04,5310,9.25,2.0,2.0,1.0
2002-10-05,5050,9.11,2.0,2.0,1.0
2002-10-06,4900,9.03,2.0,0.0,0.0
2002-10-07,4860,9.0,0.0,0.0,0.0
2002-10-08,4750,8.94,0.0,0.0,0.0
2002-10-09,4690,8.9,0.0,0.0,0.0
2002-10-10,4690,8.91,0.0,0.0,0.0
2002-10-11,5260,9.21,0.0,0.0,0.0
2002-10-12,4660,8.89,0.0,0.0,0.0
2002-10-13,4940,9.04,0.0,0.0,0.0
2002-10-14,5000,9.08,0.0,0.0,0.0
2002-10-15,5410,9.29,0.0,0.0,0.0
2002-10-16,6120,9.66,0.0,0.0,0.0
2002-10-17,5620,9.4,0.0,0.0,0.0
2002-10-18,5050,9.1,0.0,0.0,0.0
2002-10-19,4770,8.94,0.0,0.0,0.0
2002-10-20,4540,8.81,0.0,0.0,0.0
2002-10-21,4520,8.8,0.0,0.0,0.0
2002-10-22,4570,8.83,0.0,0.0,0.0
2002-10-23,4590,8.84,0.0,0.0,0.0
2002-10-24,4420,8.74,0.0,0.0,0.0
2002-10-25,4330,8.69,0.0,0.0,0.0
2002-10-26,5020,9.08,0.0,0.0,0.0
2002-10-27,4470,8.77,0.0,0.0,0.0
2002-10-28,4360,8.71,0.0,0.0,0.0
2002-10-29,4790,8.95,0.0,0.0,0.0
2002-10-30,5470,9.32,0.0,0.0,0.0
2002-10-31,5510,9.35,0.0,0.0,0.0
2002-11-01,5430,9.31,0.0,0.0,0.0
2002-11-02,5270,9.22,0.0,0.0,0.0
2002-11-03,4660,8.88,0.0,0.0,0.0
2002-11-04,4600,8.85,0.0,0.0,0.0
2002-11-05,5120,9.14,4.0,3.0,3.0
2002-11-06,5230,9.2,4.0,3.0,3.0
2002-11-07,5290,9.23,4.0,3.0,3.0
2002-11-08,5440,9.31,4.0,3.0,3.0
2002-11-09,6820,10.01,0.0,0.0,0.0
2002-11-10,7390,10.29,0.0,0.0,0.0
2002-11-11,7560,10.37,3.0,3.0,0.0
2002-11-12,9200,11.12,3.0,3.0,2.0
2002-11-13,12700,12.63,3.0,3.0,2.0
2002-11-14,10700,11.77,0.0,0.0,0.0
2002-11-15,8650,10.88,2.0,2.0,0.0
2002-11-16,8730,10.91,2.0,2.0,1.0
2002-11-17,10800,11.83,0.0,0.0,3.0
2002-11-18,12000,12.36,3.0,3.0,3.0
2002-11-19,21100,15.76,3.0,3.0,3.0
2002-11-20,28800,18.51,3.0,3.0,3.0
2002-11-21,19900,15.42,0.0,0.0,0.0
2002-11-22,16400,14.08,0.0,0.0,0.0
2002-11-23,14700,13.35,0.0,0.0,0.0
2002-11-24,12600,12.47,0.0,0.0,0.0
2002-11-25,12200,12.29,0.0,0.0,0.0
2002-11-26,11900,12.17,0.0,0.0,0.0
2002-11-27,11600,12.02,0.0,0.0,0.0
2002-11-28,11200,11.87,0.0,0.0,0.0
2002-11-29,9370,11.0,0.0,0.0,0.0
2002-11-30,7140,9.9,0.0,0.0,0.0
2002-12-01,6820,9.74,0.0,0.0,0.0
2002-12-02,7660,10.16,0.0,0.0,0.0
2002-12-03,8760,10.7,0.0,0.0,0.0
2002-12-04,7870,10.27,0.0,0.0,0.0
2002-12-05,7670,10.16,0.0,0.0,0.0
2002-12-06,6280,9.46,0.0,0.0,0.0
2002-12-07,6860,9.75,0.0,0.0,0.0
2002-12-08,7770,10.22,0.0,0.0,0.0
2002-12-09,8070,10.37,0.0,0.0,0.0
2002-12-10,7680,10.17,0.0,0.0,0.0
2002-12-11,8190,10.43,3.0,3.0,2.0
2002-12-12,10800,11.68,3.0,3.0,2.0
2002-12-13,16000,13.91,1.0,1.0,0.0
2002-12-14,15700,13.79,2.0,2.0,1.0
2002-12-15,25700,17.54,2.0,2.0,1.0
2002-12-16,22700,16.46,1.0,1.0,0.0
2002-12-17,19700,15.35,0.0,0.0,0.0
2002-12-18,16300,14.03,0.0,0.0,0.0
2002-12-19,14700,13.38,0.0,0.0,0.0
2002-12-20,12000,12.2,0.0,0.0,0.0
2002-12-21,10100,11.33,0.0,0.0,0.0
2002-12-22,9590,11.11,0.0,0.0,0.0
2002-12-23,9780,11.2,0.0,0.0,0.0
2002-12-24,7770,10.23,0.0,0.0,0.0
2002-12-25,7450,10.06,2.0,2.0,1.0
2002-12-26,8290,10.48,2.0,2.0,0.0
2002-12-27,8320,10.5,0.0,0.0,0.0
2002-12-28,9940,11.28,0.0,0.0,0.0
2002-12-29,8560,10.62,0.0,0.0,0.0
2002-12-30,7960,10.32,0.0,0.0,0.0
2002-12-31,9640,11.13,0.0,0.0,0.0
2003-01-01,10100,11.33,3.0,4.0,0.0
2003-01-02,14400,13.23,3.0,4.0,2.0
2003-01-03,23600,16.8,3.0,4.0,2.0
2003-01-04,22400,16.35,1.0,1.0,1.0
2003-01-05,26100,17.69,0.0,0.0,0.0
2003-01-06,21100,15.88,0.0,0.0,0.0
2003-01-07,17100,14.33,0.0,0.0,0.0
2003-01-08,15100,13.53,0.0,0.0,0.0
2003-01-09,15100,13.54,0.0,0.0,0.0
2003-01-10,16900,14.25,0.0,0.0,0.0
2003-01-11,15900,13.85,1.0,0.0,0.0
2003-01-12,16900,14.25,1.0,0.0,0.0
2003-01-13,17700,14.57,0.0,0.0,0.0
2003-01-14,18400,14.85,0.0,0.0,0.0
2003-01-15,17100,14.35,0.0,0.0,0.0
2003-01-16,16100,13.94,0.0,0.0,0.0
2003-01-17,15100,13.52,0.0,0.0,0.0
2003-01-18,13300,12.76,0.0,0.0,0.0
2003-01-19,13500,12.86,0.0,0.0,0.0
2003-01-20,13000,12.64,0.0,0.0,0.0
2003-01-21,13700,12.95,0.0,0.0,0.0
2003-01-22,16000,13.9,2.0,2.0,2.0
2003-01-23,22200,16.29,2.0,2.0,2.0
2003-01-24,23600,16.8,0.0,0.0,0.0
2003-01-25,21600,16.08,2.0,1.0,1.0
2003-01-26,32200,19.33,2.0,1.0,1.0
2003-01-27,53000,24.81,0.0,0.0,0.0
2003-01-28,33600,20.06,0.0,0.0,0.0
2003-01-29,26500,17.84,0.0,0.0,0.0
2003-01-30,27200,18.09,1.0,1.0,1.0
2003-01-31,32500,19.72,1.0,1.0,1.0
2003-02-01,33600,20.05,0.0,0.0,0.0
2003-02-02,24800,17.24,0.0,0.0,0.0
2003-02-03,20800,15.78,0.0,0.0,0.0
2003-02-04,18800,15.0,0.0,0.0,0.0
2003-02-05,17200,14.4,0.0,0.0,0.0
2003-02-06,16800,14.22,0.0,0.0,0.0
2003-02-07,15700,13.8,0.0,0.0,0.0
2003-02-08,16800,14.21,0.0,0.0,0.0
2003-02-09,16500,14.09,0.0,0.0,0.0
2003-02-10,16500,14.11,0.0,0.0,0.0
2003-02-11,16100,13.95,0.0,0.0,0.0
2003-02-12,15700,13.77,0.0,0.0,0.0
2003-02-13,14700,13.37,0.0,0.0,0.0
2003-02-14,13500,12.86,0.0,0.0,0.0
2003-02-15,10200,11.41,0.0,0.0,0.0
2003-02-16,10000,11.3,0.0,0.0,0.0
2003-02-17,11500,11.98,0.0,0.0,0.0
2003-02-18,11500,12.0,0.0,0.0,0.0
2003-02-19,12100,12.24,0.0,0.0,0.0
2003-02-20,13100,12.7,0.0,0.0,0.0
2003-02-21,14600,13.33,0.0,0.0,0.0
2003-02-22,13700,12.94,0.0,0.0,0.0
2003-02-23,11500,11.98,0.0,0.0,0.0
2003-02-24,12200,12.28,0.0,0.0,0.0
2003-02-25,14400,13.24,0.0,0.0,0.0
2003-02-26,14400,13.22,0.0,0.0,0.0
2003-02-27,14000,13.07,0.0,0.0,0.0
2003-02-28,12000,12.21,0.0,0.0,0.0
2003-03-01,9770,11.19,0.0,0.0,0.0
2003-03-02,9420,11.03,0.0,0.0,0.0
2003-03-03,10400,11.5,0.0,0.0,0.0
2003-03-04,10900,11.72,0.0,0.0,0.0
2003-03-05,10400,11.5,0.0,0.0,0.0
2003-03-06,11300,11.89,0.0,0.0,0.0
2003-03-07,11300,11.88,0.0,0.0,0.0
2003-03-08,11600,12.04,0.0,0.0,0.0
2003-03-09,12600,12.46,0.0,0.0,0.0
2003-03-10,13600,12.91,0.0,0.0,0.0
2003-03-11,16100,13.94,0.0,0.0,0.0
2003-03-12,23100,16.63,4.0,4.0,3.0
2003-03-13,41000,21.88,4.0,4.0,3.0
2003-03-14,45200,23.09,4.0,4.0,3.0
2003-03-15,30300,19.04,0.0,0.0,0.0
2003-03-16,25100,17.35,0.0,0.0,0.0
2003-03-17,20900,15.79,0.0,0.0,0.0
2003-03-18,18600,14.93,0.0,0.0,0.0
2003-03-19,17100,14.35,0.0,0.0,0.0
2003-03-20,16200,13.97,0.0,0.0,0.0
2003-03-21,18900,15.03,1.0,1.0,1.0
2003-03-22,25000,17.28,1.0,1.0,1.0
2003-03-23,26700,17.88,0.0,0.0,0.0
2003-03-24,21900,16.17,0.0,0.0,0.0
2003-03-25,16800,14.21,0.0,0.0,0.0
2003-03-26,16800,14.21,0.0,0.0,0.0
2003-03-27,17100,14.36,0.0,0.0,0.0
2003-03-28,16200,13.97,0.0,0.0,0.0
2003-03-29,13200,12.72,1.0,1.0,1.0
2003-03-30,12100,12.24,1.0,1.0,1.0
2003-03-31,19300,15.11,1.0,1.0,1.0
2003-04-01,23600,16.81,0.0,0.0,0.0
2003-04-02,20000,15.48,0.0,0.0,0.0
2003-04-03,17800,14.62,0.0,0.0,0.0
2003-04-04,17700,14.59,0.0,0.0,0.0
2003-04-05,16600,14.16,0.0,0.0,0.0
2003-04-06,16200,13.97,0.0,0.0,0.0
2003-04-07,14600,13.33,2.0,2.0,2.0
2003-04-08,17200,14.39,2.0,2.0,2.0
2003-04-09,19900,15.43,2.0,2.0,2.0
2003-04-10,19800,15.39,0.0,0.0,0.0
2003-04-11,18500,14.91,0.0,0.0,0.0
2003-04-12,18500,14.91,0.0,0.0,0.0
2003-04-13,18000,14.69,0.0,0.0,0.0
2003-04-14,18100,14.76,0.0,0.0,0.0
2003-04-15,16200,13.98,0.0,0.0,0.0
2003-04-16,16700,14.2,0.0,0.0,0.0
2003-04-17,16900,14.28,0.0,0.0,0.0
2003-04-18,17100,14.33,0.0,0.0,0.0
2003-04-19,16500,14.1,0.0,0.0,0.0
2003-04-20,15100,13.51,0.0,0.0,0.0
2003-04-21,14700,13.36,0.0,0.0,0.0
2003-04-22,16000,13.91,0.0,0.0,0.0
2003-04-23,16000,13.89,0.0,0.0,0.0
2003-04-24,16500,14.11,0.0,0.0,0.0
2003-04-25,17500,14.5,0.0,0.0,0.0
2003-04-26,16400,14.04,0.0,0.0,0.0
2003-04-27,15700,13.78,0.0,0.0,0.0
2003-04-28,15300,13.63,0.0,0.0,0.0
2003-04-29,15300,13.64,0.0,0.0,0.0
2003-04-30,15300,13.63,0.0,0.0,0.0
2003-05-01,15000,13.47,0.0,0.0,0.0
2003-05-02,14100,13.14,0.0,0.0,0.0
2003-05-03,12600,12.46,0.0,0.0,0.0
2003-05-04,12300,12.36,0.0,0.0,0.0
2003-05-05,13100,12.67,0.0,0.0,0.0
2003-05-06,13600,12.88,0.0,0.0,0.0
2003-05-07,12800,12.57,0.0,0.0,0.0
2003-05-08,12200,12.3,0.0,0.0,0.0
2003-05-09,11700,12.07,0.0,0.0,0.0
2003-05-10,10600,11.56,0.0,0.0,0.0
2003-05-11,10800,11.67,0.0,0.0,0.0
2003-05-12,11600,12.03,0.0,0.0,0.0
2003-05-13,13100,12.7,0.0,0.0,0.0
2003-05-14,13300,12.78,0.0,0.0,0.0
2003-05-15,12800,12.56,0.0,0.0,0.0
2003-05-16,14100,13.13,0.0,0.0,0.0
2003-05-17,14000,13.07,0.0,0.0,0.0
2003-05-18,11800,12.11,0.0,0.0,0.0
2003-05-19,11100,11.81,0.0,0.0,0.0
2003-05-20,10800,11.69,0.0,0.0,0.0
2003-05-21,10900,11.7,0.0,0.0,0.0
2003-05-22,11300,11.89,3.0,1.0,1.0
2003-05-23,13800,12.97,3.0,2.0,2.0
2003-05-24,18500,14.89,3.0,2.0,2.0
2003-05-25,24700,17.2,3.0,2.0,2.0
2003-05-26,21700,16.11,0.0,0.0,0.0
2003-05-27,19300,15.19,0.0,0.0,0.0
2003-05-28,20100,15.51,0.0,0.0,0.0
2003-05-29,22800,16.52,0.0,0.0,0.0
2003-05-30,22000,16.23,0.0,0.0,0.0
2003-05-31,21500,16.04,0.0,0.0,0.0
2003-06-01,20800,15.78,0.0,0.0,0.0
2003-06-02,20500,15.65,0.0,0.0,0.0
2003-06-03,19100,15.14,0.0,0.0,0.0
2003-06-04,19100,15.13,0.0,0.0,0.0
2003-06-05,20700,15.74,0.0,0.0,0.0
2003-06-06,22100,16.24,0.0,0.0,0.0
2003-06-07,25200,17.38,0.0,0.0,0.0
2003-06-08,26300,17.77,0.0,0.0,0.0
2003-06-09,24900,17.26,0.0,0.0,0.0
2003-06-10,23500,16.79,0.0,0.0,0.0
2003-06-11,23300,16.7,0.0,0.0,0.0
2003-06-12,21000,15.86,0.0,0.0,0.0
2003-06-13,21200,15.92,0.0,0.0,0.0
2003-06-14,21600,16.09,0.0,0.0,0.0
2003-06-15,20000,15.47,0.0,0.0,0.0
2003-06-16,19200,15.15,0.0,0.0,0.0
2003-06-17,19100,15.14,0.0,0.0,0.0
2003-06-18,20700,15.74,0.0,0.0,0.0
2003-06-19,20500,15.66,0.0,0.0,0.0
2003-06-20,18400,14.84,0.0,0.0,0.0
2003-06-21,15900,13.84,0.0,0.0,0.0
2003-06-22,15400,13.64,0.0,0.0,0.0
2003-06-23,14600,13.33,0.0,0.0,0.0
2003-06-24,10700,11.63,0.0,0.0,0.0
2003-06-25,11200,11.87,0.0,0.0,0.0
2003-06-26,11100,11.79,0.0,0.0,0.0
2003-06-27,12800,12.56,0.0,0.0,0.0
2003-06-28,14900,13.47,0.0,0.0,0.0
2003-06-29,13500,12.87,0.0,0.0,0.0
2003-06-30,13500,12.86,0.0,0.0,0.0
2003-07-01,16900,14.28,0.0,0.0,0.0
2003-07-02,15200,13.58,0.0,0.0,0.0
2003-07-03,14300,13.19,0.0,0.0,0.0
2003-07-04,12800,12.56,0.0,0.0,0.0
2003-07-05,12200,12.31,0.0,0.0,0.0
2003-07-06,12600,12.49,0.0,0.0,0.0
2003-07-07,12000,12.21,0.0,0.0,0.0
2003-07-08,11500,11.99,0.0,0.0,0.0
2003-07-09,12000,12.21,0.0,0.0,0.0
2003-07-10,12000,12.21,0.0,0.0,0.0
2003-07-11,12600,12.48,0.0,0.0,0.0
2003-07-12,12000,12.2,0.0,0.0,0.0
2003-07-13,11200,11.84,0.0,0.0,0.0
2003-07-14,11400,11.95,0.0,0.0,0.0
2003-07-15,13100,12.69,0.0,0.0,0.0
2003-07-16,13500,12.84,0.0,0.0,0.0
2003-07-17,12700,12.51,0.0,0.0,0.0
2003-07-18,11200,11.87,0.0,0.0,0.0
2003-07-19,11200,11.86,0.0,0.0,0.0
2003-07-20,10200,11.41,0.0,0.0,0.0
2003-07-21,10800,11.68,0.0,0.0,0.0
2003-07-22,11300,11.9,0.0,0.0,0.0
2003-07-23,10900,11.72,0.0,0.0,0.0
2003-07-24,10600,11.59,0.0,0.0,0.0
2003-07-25,10700,11.6,0.0,0.0,0.0
2003-07-26,10900,11.72,0.0,0.0,0.0
2003-07-27,9870,11.24,0.0,0.0,0.0
2003-07-28,9590,11.1,0.0,0.0,0.0
2003-07-29,10300,11.45,0.0,0.0,0.0
2003-07-30,9970,11.28,0.0,0.0,0.0
2003-07-31,9830,11.22,0.0,0.0,0.0
2003-08-01,11000,11.76,0.0,0.0,0.0
2003-08-02,10300,11.42,0.0,0.0,0.0
2003-08-03,9040,10.84,0.0,0.0,0.0
2003-08-04,10500,11.51,0.0,0.0,0.0
2003-08-05,10100,11.35,0.0,0.0,0.0
2003-08-06,9730,11.17,0.0,0.0,0.0
2003-08-07,9730,11.17,0.0,0.0,0.0
2003-08-08,9480,11.05,0.0,0.0,0.0
2003-08-09,9150,10.89,0.0,0.0,0.0
2003-08-10,9400,11.01,0.0,0.0,0.0
2003-08-11,9230,10.94,0.0,0.0,0.0
2003-08-12,8990,10.82,0.0,0.0,0.0
2003-08-13,7830,10.25,0.0,0.0,0.0
2003-08-14,7610,10.15,0.0,0.0,0.0
2003-08-15,7270,9.97,0.0,0.0,0.0
2003-08-16,7800,10.24,0.0,0.0,0.0
2003-08-17,8140,10.41,0.0,0.0,0.0
2003-08-18,8620,10.63,0.0,0.0,0.0
2003-08-19,8220,10.45,0.0,0.0,0.0
2003-08-20,9050,10.84,0.0,0.0,0.0
2003-08-21,8200,10.43,0.0,0.0,0.0
2003-08-22,8440,10.55,0.0,0.0,0.0
2003-08-23,8530,10.59,0.0,0.0,0.0
2003-08-24,7850,10.26,0.0,0.0,0.0
2003-08-25,8230,10.45,0.0,0.0,0.0
2003-08-26,9050,10.85,0.0,0.0,0.0
2003-08-27,8300,10.47,0.0,0.0,0.0
2003-08-28,8610,,0.0,0.0,0.0
2003-08-29,7670,,0.0,0.0,0.0
2003-08-30,6790,9.71,0.0,0.0,0.0
2003-08-31,6240,9.42,0.0,0.0,0.0
2003-09-01,7320,9.98,0.0,0.0,0.0
2003-09-02,7730,10.2,0.0,0.0,0.0
2003-09-03,8050,10.36,0.0,0.0,0.0
2003-09-04,7790,10.22,0.0,0.0,0.0
2003-09-05,8260,10.46,0.0,0.0,0.0
2003-09-06,7740,10.19,0.0,0.0,0.0
2003-09-07,8060,10.36,0.0,0.0,0.0
2003-09-08,8040,10.35,0.0,0.0,0.0
2003-09-09,8330,10.49,0.0,0.0,0.0
2003-09-10,7240,9.93,2.0,2.0,2.0
2003-09-11,7240,9.93,2.0,2.0,2.0
2003-09-12,7790,10.23,2.0,0.0,0.0
2003-09-13,6720,9.69,0.0,0.0,0.0
2003-09-14,6810,9.73,0.0,0.0,0.0
2003-09-15,7300,9.98,0.0,0.0,0.0
2003-09-16,7500,10.09,0.0,0.0,0.0
2003-09-17,8130,10.4,0.0,0.0,0.0
2003-09-18,7690,10.16,0.0,1.0,1.0
2003-09-19,8430,,0.0,1.0,1.0
2003-09-20,9140,10.89,0.0,0.0,0.0
2003-09-21,8690,10.67,0.0,0.0,0.0
2003-09-22,7330,9.99,0.0,0.0,0.0
2003-09-23,7920,10.29,0.0,0.0,0.0
2003-09-24,7540,10.1,0.0,0.0,0.0
2003-09-25,8140,10.4,0.0,0.0,0.0
2003-09-26,6950,9.8,0.0,0.0,0.0
2003-09-27,7850,10.26,0.0,0.0,0.0
2003-09-28,6560,9.59,0.0,0.0,0.0
2003-09-29,7510,10.09,0.0,0.0,0.0
2003-09-30,8530,10.6,0.0,0.0,0.0
2003-10-01,7040,9.85,0.0,0.0,0.0
2003-10-02,6390,9.51,0.0,0.0,0.0
2003-10-03,5930,9.26,0.0,0.0,0.0
2003-10-04,6120,9.36,0.0,0.0,0.0
2003-10-05,6040,9.32,0.0,0.0,0.0
2003-10-06,5790,9.19,1.0,1.0,1.0
2003-10-07,6670,9.65,1.0,1.0,1.0
2003-10-08,8290,10.49,1.0,1.0,1.0
2003-10-09,7930,10.31,0.0,0.0,0.0
2003-10-10,8190,10.44,0.0,0.0,0.0
2003-10-11,7660,10.17,0.0,1.0,0.0
2003-10-12,8510,10.56,0.0,1.0,0.0
2003-10-13,18400,14.84,0.0,1.0,0.0
2003-10-14,15000,13.5,0.0,0.0,0.0
2003-10-15,12100,12.24,5.0,5.0,5.0
2003-10-16,13700,12.93,5.0,5.0,5.0
2003-10-17,53300,24.53,5.0,5.0,5.0
2003-10-18,67900,27.39,5.0,5.0,5.0
2003-10-19,34800,20.16,5.0,5.0,5.0
2003-10-20,47300,23.28,5.0,4.0,4.0
2003-10-21,98000,,5.0,4.0,4.0
2003-10-22,115000,34.07,3.0,2.0,1.0
2003-10-23,78800,29.27,0.0,0.0,1.0
2003-10-24,47100,23.19,0.0,0.0,0.0
2003-10-25,32700,19.55,0.0,0.0,0.0
2003-10-26,27800,18.01,0.0,0.0,0.0
2003-10-27,24800,16.98,3.0,3.0,3.0
2003-10-28,24100,16.71,3.0,3.0,3.0
2003-10-29,31100,19.03,3.0,3.0,3.0
2003-10-30,21900,15.93,0.0,0.0,0.0
2003-10-31,18600,14.69,0.0,0.0,0.0
2003-11-01,17300,14.15,0.0,0.0,0.0
2003-11-02,17900,14.38,0.0,0.0,0.0
2003-11-03,16800,13.98,0.0,0.0,0.0
2003-11-04,14200,12.92,0.0,0.0,0.0
2003-11-05,13300,12.5,0.0,0.0,0.0
2003-11-06,12700,12.24,0.0,0.0,0.0
2003-11-07,12300,12.09,0.0,0.0,0.0
2003-11-08,12700,12.25,0.0,0.0,0.0
2003-11-09,12600,12.23,0.0,0.0,0.0
2003-11-10,12700,12.28,1.0,0.0,0.0
2003-11-11,18700,14.7,1.0,0.0,0.0
2003-11-12,17800,14.38,0.0,0.0,0.0
2003-11-13,17500,14.25,0.0,0.0,0.0
2003-11-14,17000,14.05,0.0,0.0,0.0
2003-11-15,15300,13.36,0.0,0.0,0.0
2003-11-16,16800,13.94,4.0,4.0,0.0
2003-11-17,24300,16.81,4.0,4.0,3.0
2003-11-18,35400,20.14,4.0,4.0,3.0
2003-11-19,64500,26.82,4.0,4.0,3.0
2003-11-20,54200,24.68,0.0,0.0,0.0
2003-11-21,32900,19.59,0.0,0.0,0.0
2003-11-22,26000,17.39,0.0,0.0,0.0
2003-11-23,23000,16.31,0.0,0.0,0.0
2003-11-24,22800,16.25,0.0,0.0,0.0
2003-11-25,21500,15.79,0.0,0.0,0.0
2003-11-26,20800,15.52,0.0,0.0,0.0
2003-11-27,19600,15.05,0.0,0.0,0.0
2003-11-28,20800,15.5,3.0,3.0,2.0
2003-11-29,33400,19.75,3.0,3.0,2.0
2003-11-30,28200,18.12,0.0,0.0,0.0
2003-12-01,23700,16.57,0.0,0.0,0.0
2003-12-02,20700,15.48,1.0,1.0,0.0
2003-12-03,22300,16.07,1.0,1.0,0.0
2003-12-04,19400,15.0,2.0,2.0,2.0
2003-12-05,19900,15.17,2.0,2.0,2.0
2003-12-06,23100,16.38,2.0,2.0,0.0
2003-12-07,21600,15.81,0.0,0.0,0.0
2003-12-08,17900,14.38,0.0,0.0,0.0
2003-12-09,17200,14.14,0.0,0.0,0.0
2003-12-10,15600,13.48,0.0,0.0,0.0
2003-12-11,15200,13.3,0.0,0.0,0.0
2003-12-12,15500,13.45,0.0,0.0,0.0
2003-12-13,16100,13.67,0.0,0.0,0.0
2003-12-14,16500,13.86,0.0,0.0,0.0
2003-12-15,16600,13.89,2.0,2.0,2.0
2003-12-16,15400,13.4,2.0,2.0,2.0
2003-12-17,16100,13.69,0.0,0.0,0.0
2003-12-18,14500,13.02,0.0,0.0,0.0
2003-12-19,14500,13.04,1.0,1.0,0.0
2003-12-20,13700,12.69,1.0,1.0,0.0
2003-12-21,13900,12.77,0.0,0.0,0.0
2003-12-22,14100,12.84,0.0,0.0,0.0
2003-12-23,14300,12.93,2.0,2.0,1.0
2003-12-24,13700,12.7,2.0,2.0,1.0
2003-12-25,13200,12.49,0.0,0.0,0.0
2003-12-26,13200,12.46,0.0,0.0,0.0
2003-12-27,11300,11.64,0.0,0.0,0.0
2003-12-28,12000,11.95,0.0,0.0,0.0
2003-12-29,12900,12.34,0.0,0.0,0.0
2003-12-30,13100,12.43,0.0,0.0,0.0
2003-12-31,13500,12.62,0.0,0.0,0.0
2004-01-01,11900,11.91,0.0,0.0,0.0
2004-01-02,10800,11.38,0.0,0.0,0.0
2004-01-03,10400,11.25,0.0,0.0,0.0
2004-01-04,12300,12.1,0.0,0.0,0.0
2004-01-05,12000,11.96,0.0,0.0,0.0
2004-01-06,11900,11.93,0.0,0.0,0.0
2004-01-07,13500,12.59,1.0,1.0,0.0
2004-01-08,17800,14.37,1.0,1.0,0.0
2004-01-09,18600,14.66,2.0,2.0,1.0
2004-01-10,18800,14.73,2.0,2.0,1.0
2004-01-11,18000,14.43,0.0,0.0,0.0
2004-01-12,17800,14.35,0.0,0.0,0.0
2004-01-13,18600,14.66,2.0,2.0,2.0
2004-01-14,19900,15.18,2.0,2.0,2.0
2004-01-15,27900,18.01,2.0,2.0,2.0
2004-01-16,30200,18.79,0.0,0.0,0.0
2004-01-17,24600,16.89,0.0,0.0,0.0
2004-01-18,21300,15.7,0.0,0.0,0.0
2004-01-19,19600,15.06,0.0,0.0,0.0
2004-01-20,18300,14.57,0.0,0.0,0.0
2004-01-21,17800,14.36,0.0,0.0,0.0
2004-01-22,17900,14.38,0.0,0.0,0.0
2004-01-23,17100,14.07,0.0,0.0,0.0
2004-01-24,18100,14.49,0.0,0.0,0.0
2004-01-25,18000,14.45,0.0,0.0,0.0
2004-01-26,17500,14.24,0.0,0.0,0.0
2004-01-27,18200,14.51,0.0,0.0,0.0
2004-01-28,18200,14.52,2.0,0.0,0.0
2004-01-29,23000,16.31,2.0,1.0,1.0
2004-01-30,34400,20.02,2.0,1.0,1.0
2004-01-31,30300,18.79,0.0,0.0,0.0
2004-02-01,25000,17.04,0.0,0.0,0.0
2004-02-02,22000,15.95,0.0,0.0,0.0
2004-02-03,21300,15.7,0.0,0.0,0.0
2004-02-04,20600,15.43,0.0,0.0,0.0
2004-02-05,19900,15.16,0.0,0.0,0.0
2004-02-06,18100,14.48,0.0,0.0,0.0
2004-02-07,16400,13.81,0.0,0.0,0.0
2004-02-08,16100,13.69,0.0,0.0,0.0
2004-02-09,16600,13.9,0.0,0.0,0.0
2004-02-10,16200,13.71,0.0,0.0,0.0
2004-02-11,15600,13.48,0.0,0.0,0.0
2004-02-12,15100,13.26,0.0,0.0,0.0
2004-02-13,16700,13.95,0.0,0.0,0.0
2004-02-14,14100,12.86,0.0,0.0,0.0
2004-02-15,15900,13.62,0.0,0.0,0.0
2004-02-16,15700,13.52,1.0,0.0,0.0
2004-02-17,15700,13.51,0.0,0.0,0.0
2004-02-18,14600,13.08,0.0,0.0,0.0
2004-02-19,14700,13.09,0.0,0.0,0.0
2004-02-20,15600,13.46,0.0,0.0,0.0
2004-02-21,14300,12.94,0.0,0.0,0.0
2004-02-22,14200,12.89,0.0,0.0,0.0
2004-02-23,14100,12.86,0.0,0.0,0.0
2004-02-24,14500,13.01,0.0,0.0,0.0
2004-02-25,13600,12.65,0.0,0.0,0.0
2004-02-26,14500,13.04,0.0,0.0,0.0
2004-02-27,12200,12.03,0.0,0.0,0.0
2004-02-28,12200,12.03,0.0,0.0,0.0
2004-02-29,11600,11.77,0.0,0.0,0.0
2004-03-01,12500,12.18,0.0,0.0,0.0
2004-03-02,12400,12.11,0.0,0.0,0.0
2004-03-03,12100,11.99,0.0,0.0,0.0
2004-03-04,10300,11.2,0.0,0.0,0.0
2004-03-05,10700,11.38,0.0,0.0,0.0
2004-03-06,12600,12.2,0.0,0.0,0.0
2004-03-07,10400,11.25,1.0,2.0,1.0
2004-03-08,12800,12.31,1.0,2.0,1.0
2004-03-09,15800,13.57,0.0,0.0,0.0
2004-03-10,16500,13.83,0.0,0.0,0.0
2004-03-11,13700,12.7,0.0,0.0,0.0
2004-03-12,13400,12.56,0.0,0.0,0.0
2004-03-13,11500,11.74,0.0,0.0,0.0
2004-03-14,10900,11.48,0.0,0.0,0.0
2004-03-15,11100,11.59,0.0,0.0,0.0
2004-03-16,12200,12.07,0.0,0.0,0.0
2004-03-17,11300,11.68,0.0,0.0,0.0
2004-03-18,10700,11.39,0.0,0.0,0.0
2004-03-19,13000,12.4,0.0,0.0,0.0
2004-03-20,12900,12.36,0.0,0.0,0.0
2004-03-21,12000,11.99,0.0,0.0,0.0
2004-03-22,12000,12.02,0.0,0.0,0.0
2004-03-23,12100,12.06,0.0,0.0,0.0
2004-03-24,13600,12.69,0.0,0.0,0.0
2004-03-25,14400,13.06,0.0,0.0,0.0
2004-03-26,13900,12.82,0.0,0.0,0.0
2004-03-27,13100,12.49,0.0,0.0,0.0
2004-03-28,14700,13.17,0.0,0.0,0.0
2004-03-29,13800,12.81,0.0,0.0,0.0
2004-03-30,13800,12.79,0.0,0.0,0.0
2004-03-31,15400,13.49,0.0,0.0,0.0
2004-04-01,14200,12.98,0.0,0.0,0.0
2004-04-02,14300,13.02,0.0,0.0,0.0
2004-04-03,13800,12.85,0.0,0.0,0.0
2004-04-04,13200,12.59,0.0,0.0,0.0
2004-04-05,13500,12.7,0.0,0.0,0.0
2004-04-06,12700,12.36,0.0,0.0,0.0
2004-04-07,11400,11.82,0.0,0.0,0.0
2004-04-08,12700,12.35,0.0,0.0,0.0
2004-04-09,14400,13.09,0.0,0.0,0.0
2004-04-10,13500,12.71,0.0,0.0,0.0
2004-04-11,14400,13.11,0.0,0.0,0.0
2004-04-12,15400,13.51,0.0,0.0,0.0
2004-04-13,17300,14.29,0.0,0.0,0.0
2004-04-14,17500,14.4,0.0,0.0,0.0
2004-04-15,16600,14.03,0.0,0.0,0.0
2004-04-16,15900,13.74,0.0,0.0,0.0
2004-04-17,14100,13.01,0.0,0.0,0.0
2004-04-18,11400,11.86,0.0,0.0,0.0
2004-04-19,11800,12.03,0.0,0.0,0.0
2004-04-20,13000,12.57,0.0,0.0,0.0
2004-04-21,13000,12.56,0.0,0.0,0.0
2004-04-22,12600,12.38,0.0,0.0,0.0
2004-04-23,12700,12.45,0.0,0.0,0.0
2004-04-24,13300,12.72,0.0,0.0,0.0
2004-04-25,12800,12.5,0.0,0.0,0.0
2004-04-26,12800,12.49,0.0,0.0,0.0
2004-04-27,15300,13.56,0.0,0.0,0.0
2004-04-28,16100,13.9,0.0,0.0,0.0
2004-04-29,14500,13.24,0.0,0.0,0.0
2004-04-30,13100,12.62,0.0,0.0,0.0
2004-05-01,13200,12.67,0.0,0.0,0.0
2004-05-02,15800,13.77,0.0,0.0,0.0
2004-05-03,16600,14.09,0.0,0.0,0.0
2004-05-04,14900,13.42,0.0,0.0,0.0
2004-05-05,15700,13.75,0.0,0.0,0.0
2004-05-06,14000,13.04,0.0,0.0,0.0
2004-05-07,12300,12.35,0.0,0.0,0.0
2004-05-08,12300,12.33,0.0,0.0,0.0
2004-05-09,13200,12.74,0.0,0.0,0.0
2004-05-10,13100,12.67,0.0,0.0,0.0
2004-05-11,12100,12.27,0.0,0.0,0.0
2004-05-12,12900,12.62,0.0,0.0,0.0
2004-05-13,12200,12.28,0.0,0.0,0.0
2004-05-14,11100,11.83,0.0,0.0,0.0
2004-05-15,12100,12.26,0.0,0.0,0.0
2004-05-16,11600,12.02,0.0,0.0,0.0
2004-05-17,13100,12.68,0.0,0.0,0.0
2004-05-18,14000,13.05,0.0,0.0,0.0
2004-05-19,16600,14.12,0.0,0.0,0.0
2004-05-20,16100,13.96,0.0,0.0,0.0
2004-05-21,15000,13.51,0.0,0.0,0.0
2004-05-22,15500,13.7,0.0,0.0,0.0
2004-05-23,15300,13.63,0.0,0.0,0.0
2004-05-24,13900,13.03,0.0,0.0,0.0
2004-05-25,13100,12.71,2.0,2.0,2.0
2004-05-26,13700,12.94,2.0,2.0,2.0
2004-05-27,18400,14.84,0.0,0.0,0.0
2004-05-28,21300,15.96,0.0,0.0,0.0
2004-05-29,17700,14.6,0.0,0.0,0.0
2004-05-30,16200,14.0,0.0,0.0,0.0
2004-05-31,18900,15.05,0.0,0.0,0.0
2004-06-01,16200,14.0,0.0,0.0,0.0
2004-06-02,14100,13.12,0.0,0.0,0.0
2004-06-03,13600,12.91,0.0,0.0,0.0
2004-06-04,15100,13.53,0.0,0.0,0.0
2004-06-05,17700,14.58,0.0,0.0,0.0
2004-06-06,21100,15.87,0.0,0.0,0.0
2004-06-07,18900,15.05,0.0,0.0,0.0
2004-06-08,17300,14.4,0.0,0.0,0.0
2004-06-09,18200,14.8,0.0,0.0,0.0
2004-06-10,19200,15.18,0.0,0.0,0.0
2004-06-11,20300,15.58,0.0,0.0,0.0
2004-06-12,17800,14.62,0.0,0.0,0.0
2004-06-13,17700,14.56,0.0,0.0,0.0
2004-06-14,19700,15.36,0.0,0.0,0.0
2004-06-15,18300,14.82,0.0,0.0,0.0
2004-06-16,16800,14.22,0.0,0.0,0.0
2004-06-17,16200,13.99,0.0,0.0,0.0
2004-06-18,18700,14.97,0.0,0.0,0.0
2004-06-19,20500,15.65,0.0,0.0,0.0
2004-06-20,18600,14.94,0.0,0.0,0.0
2004-06-21,20300,15.6,0.0,0.0,0.0
2004-06-22,20800,15.79,0.0,0.0,0.0
2004-06-23,21800,16.13,0.0,0.0,0.0
2004-06-24,25700,17.54,0.0,0.0,0.0
2004-06-25,26600,17.88,0.0,0.0,0.0
2004-06-26,25600,17.52,0.0,0.0,0.0
2004-06-27,22700,16.47,0.0,0.0,0.0
2004-06-28,20400,15.63,0.0,0.0,0.0
2004-06-29,19600,15.31,0.0,0.0,0.0
2004-06-30,18800,15.03,0.0,0.0,0.0
2004-07-01,17700,14.59,0.0,0.0,0.0
2004-07-02,18300,14.83,0.0,0.0,0.0
2004-07-03,16300,14.03,0.0,0.0,0.0
2004-07-04,14900,13.44,0.0,0.0,0.0
2004-07-05,13700,12.93,0.0,0.0,1.0
2004-07-06,14600,13.31,1.0,1.0,1.0
2004-07-07,15200,13.56,0.0,0.0,0.0
2004-07-08,15400,13.67,0.0,0.0,0.0
2004-07-09,13900,13.03,0.0,0.0,0.0
2004-07-10,13300,12.78,0.0,0.0,0.0
2004-07-11,11800,12.14,0.0,0.0,0.0
2004-07-12,12400,12.39,0.0,0.0,0.0
2004-07-13,13400,12.83,0.0,0.0,0.0
2004-07-14,12000,12.23,0.0,0.0,0.0
2004-07-15,12500,12.41,0.0,0.0,0.0
2004-07-16,14300,13.19,0.0,0.0,0.0
2004-07-17,13900,13.02,0.0,0.0,0.0
2004-07-18,13700,12.94,1.0,1.0,1.0
2004-07-19,13700,12.93,1.0,1.0,1.0
2004-07-20,13200,12.73,0.0,0.0,0.0
2004-07-21,12400,12.39,0.0,0.0,0.0
2004-07-22,11600,12.05,0.0,0.0,0.0
2004-07-23,11400,11.96,0.0,0.0,0.0
2004-07-24,11900,12.16,0.0,0.0,0.0
2004-07-25,11500,12.0,0.0,0.0,0.0
2004-07-26,11600,12.05,0.0,0.0,0.0
2004-07-27,11400,11.94,0.0,0.0,0.0
2004-07-28,10800,11.67,0.0,0.0,0.0
2004-07-29,11100,11.82,0.0,0.0,0.0
2004-07-30,11000,11.75,0.0,0.0,0.0
2004-07-31,10100,11.36,0.0,0.0,0.0
2004-08-01,9220,10.93,0.0,0.0,0.0
2004-08-02,9510,11.07,0.0,0.0,0.0
2004-08-03,9550,11.08,0.0,0.0,0.0
2004-08-04,9970,11.28,0.0,0.0,0.0
2004-08-05,10300,11.42,0.0,0.0,0.0
2004-08-06,9340,10.98,1.0,0.0,0.0
2004-08-07,10200,11.4,0.0,0.0,0.0
2004-08-08,9860,11.21,0.0,0.0,0.0
2004-08-09,8870,10.76,0.0,0.0,0.0
2004-08-10,10000,11.3,0.0,0.0,0.0
2004-08-11,11600,12.03,0.0,0.0,0.0
2004-08-12,11000,11.76,0.0,0.0,0.0
2004-08-13,10400,11.49,0.0,0.0,0.0
2004-08-14,9440,11.03,0.0,0.0,0.0
2004-08-15,7970,10.33,0.0,0.0,0.0
2004-08-16,8230,10.45,0.0,0.0,0.0
2004-08-17,10700,11.64,0.0,0.0,0.0
2004-08-18,9650,11.13,0.0,0.0,0.0
2004-08-19,9760,11.19,0.0,0.0,0.0
2004-08-20,10400,11.48,0.0,0.0,0.0
2004-08-21,9750,11.17,1.0,0.0,0.0
2004-08-22,11000,11.76,1.0,0.0,0.0
2004-08-23,10900,11.67,0.0,0.0,0.0
2004-08-24,9680,11.14,1.0,1.0,0.0
2004-08-25,21500,16.01,1.0,1.0,0.0
2004-08-26,29200,18.72,1.0,1.0,0.0
2004-08-27,18200,14.74,0.0,0.0,0.0
2004-08-28,12600,12.46,0.0,0.0,1.0
2004-08-29,12900,12.59,0.0,0.0,1.0
2004-08-30,11500,11.98,0.0,0.0,1.0
2004-08-31,12600,12.46,0.0,0.0,0.0
2004-09-01,12300,12.34,0.0,0.0,0.0
2004-09-02,15400,13.65,0.0,0.0,0.0
2004-09-03,16000,13.91,0.0,0.0,0.0
2004-09-04,14600,13.31,0.0,0.0,0.0
2004-09-05,13500,12.85,0.0,0.0,0.0
2004-09-06,12600,12.47,0.0,0.0,0.0
2004-09-07,12300,12.34,0.0,0.0,0.0
2004-09-08,11400,11.93,0.0,0.0,0.0
2004-09-09,12100,,0.0,0.0,0.0
2004-09-10,13500,,3.0,3.0,2.0
2004-09-11,21000,,3.0,3.0,2.0
2004-09-12,21000,,0.0,0.0,0.0
2004-09-13,17000,,0.0,0.0,0.0
2004-09-14,21000,15.82,0.0,0.0,0.0
2004-09-15,24000,,0.0,0.0,0.0
2004-09-16,27500,,0.0,0.0,0.0
2004-09-17,28500,,0.0,0.0,0.0
2004-09-18,28700,18.55,0.0,0.0,0.0
2004-09-19,24200,17.03,0.0,0.0,0.0
2004-09-20,20800,15.79,0.0,0.0,0.0
2004-09-21,18800,15.02,0.0,0.0,0.0
2004-09-22,17100,14.34,0.0,0.0,0.0
2004-09-23,16600,14.16,0.0,0.0,0.0
2004-09-24,16100,13.96,0.0,0.0,0.0
2004-09-25,15300,13.62,0.0,0.0,0.0
2004-09-26,14700,13.36,0.0,0.0,0.0
2004-09-27,14200,13.16,0.0,0.0,0.0
2004-09-28,13800,13.0,0.0,0.0,0.0
2004-09-29,13500,12.88,0.0,0.0,0.0
2004-09-30,13300,12.78,0.0,0.0,0.0
2004-10-01,13200,12.72,0.0,0.0,0.0
2004-10-02,12300,12.31,0.0,0.0,0.0
2004-10-03,10800,11.66,0.0,0.0,0.0
2004-10-04,9630,11.13,0.0,0.0,0.0
2004-10-05,9500,11.07,1.0,1.0,1.0
2004-10-06,8770,10.72,1.0,1.0,1.0
2004-10-07,8980,10.82,3.0,3.0,3.0
2004-10-08,8710,10.69,3.0,3.0,3.0
2004-10-09,12100,12.21,3.0,3.0,3.0
2004-10-10,13900,13.03,0.0,0.0,0.0
2004-10-11,11200,11.87,1.0,1.0,1.0
2004-10-12,9910,11.26,1.0,1.0,1.0
2004-10-13,9070,10.87,1.0,1.0,1.0
2004-10-14,8680,10.67,0.0,0.0,0.0
2004-10-15,8480,10.58,1.0,0.0,0.0
2004-10-16,10700,11.6,1.0,0.0,0.0
2004-10-17,15600,13.73,0.0,0.0,0.0
2004-10-18,17100,14.35,0.0,0.0,0.0
2004-10-19,17100,14.35,0.0,0.0,0.0
2004-10-20,15200,13.59,0.0,0.0,0.0
2004-10-21,14500,13.31,0.0,0.0,0.0
2004-10-22,14800,13.4,0.0,0.0,0.0
2004-10-23,15500,13.71,0.0,0.0,0.0
2004-10-24,13900,13.01,0.0,0.0,0.0
2004-10-25,13700,12.96,0.0,0.0,0.0
2004-10-26,12500,12.41,0.0,0.0,0.0
2004-10-27,9870,11.24,0.0,0.0,0.0
2004-10-28,9340,11.0,0.0,0.0,0.0
2004-10-29,10700,11.62,1.0,1.0,1.0
2004-10-30,11600,12.04,1.0,1.0,1.0
2004-10-31,13100,12.67,0.0,0.0,0.0
2004-11-01,15700,13.76,2.0,2.0,1.0
2004-11-02,30900,18.98,2.0,2.0,1.0
2004-11-03,34900,20.39,0.0,0.0,0.0
2004-11-04,24900,17.27,0.0,0.0,0.0
2004-11-05,21800,16.15,0.0,0.0,3.0
2004-11-06,19800,15.38,1.0,2.0,3.0
2004-11-07,22700,16.46,1.0,2.0,3.0
2004-11-08,23700,16.82,0.0,2.0,3.0
2004-11-09,21200,15.93,0.0,0.0,0.0
2004-11-10,20400,15.62,0.0,0.0,0.0
2004-11-11,19600,15.31,0.0,0.0,0.0
2004-11-12,19200,15.17,0.0,0.0,0.0
2004-11-13,17300,14.42,0.0,0.0,0.0
2004-11-14,16400,14.07,3.0,3.0,3.0
2004-11-15,17000,14.32,3.0,3.0,3.0
2004-11-16,18000,14.69,0.0,0.0,0.0
2004-11-17,16200,13.96,0.0,0.0,0.0
2004-11-18,14800,13.42,0.0,0.0,0.0
2004-11-19,17600,14.56,0.0,0.0,0.0
2004-11-20,16800,14.2,0.0,0.0,0.0
2004-11-21,15100,13.55,0.0,0.0,0.0
2004-11-22,15200,13.56,0.0,0.0,0.0
2004-11-23,15500,13.69,2.0,2.0,2.0
2004-11-24,23600,16.72,2.0,2.0,2.0
2004-11-25,51100,24.42,2.0,2.0,2.0
2004-11-26,36500,20.82,0.0,0.0,0.0
2004-11-27,26500,17.81,0.0,0.0,0.0
2004-11-28,22700,16.47,0.0,0.0,0.0
2004-11-29,18800,15.01,0.0,0.0,0.0
2004-11-30,18800,15.02,0.0,0.0,0.0
2004-12-01,17500,14.51,0.0,0.0,0.0
2004-12-02,16900,14.27,0.0,0.0,0.0
2004-12-03,16300,14.01,0.0,1.0,1.0
2004-12-04,17300,14.42,0.0,1.0,1.0
2004-12-05,18900,15.04,0.0,0.0,0.0
2004-12-06,17900,14.65,0.0,0.0,0.0
2004-12-07,17000,14.32,0.0,0.0,0.0
2004-12-08,18000,14.69,0.0,0.0,0.0
2004-12-09,19500,15.28,3.0,3.0,2.0
2004-12-10,29400,18.49,3.0,3.0,2.0
2004-12-11,66800,27.48,3.0,3.0,2.0
2004-12-12,52700,24.63,0.0,0.0,0.0
2004-12-13,30800,19.26,2.0,2.0,1.0
2004-12-14,29700,18.92,2.0,2.0,1.0
2004-12-15,32900,19.94,0.0,0.0,0.0
2004-12-16,26800,17.95,0.0,0.0,0.0
2004-12-17,23600,16.8,0.0,0.0,0.0
2004-12-18,22200,16.29,0.0,0.0,0.0
2004-12-19,22900,16.56,0.0,0.0,0.0
2004-12-20,24200,17.05,0.0,0.0,0.0
2004-12-21,21500,16.04,0.0,0.0,0.0
2004-12-22,20000,15.49,0.0,0.0,0.0
2004-12-23,18900,15.05,0.0,0.0,0.0
2004-12-24,18100,14.72,0.0,0.0,0.0
2004-12-25,18600,14.93,0.0,0.0,0.0
2004-12-26,20600,15.69,0.0,0.0,0.0
2004-12-27,18700,14.96,0.0,0.0,0.0
2004-12-28,17600,14.54,0.0,0.0,0.0
2004-12-29,18100,14.74,0.0,0.0,0.0
2004-12-30,18200,14.79,0.0,0.0,0.0
2004-12-31,17200,14.37,0.0,0.0,0.0
2005-01-01,17000,14.31,0.0,0.0,0.0
2005-01-02,16400,14.08,0.0,0.0,0.0
2005-01-03,16000,13.9,0.0,0.0,0.0
2005-01-04,16300,14.02,0.0,0.0,0.0
2005-01-05,15800,13.81,0.0,0.0,0.0
2005-01-06,14400,13.23,0.0,0.0,0.0
2005-01-07,13100,12.68,0.0,0.0,0.0
2005-01-08,13900,13.05,0.0,0.0,0.0
2005-01-09,12900,12.61,0.0,0.0,0.0
2005-01-10,12600,12.48,0.0,0.0,0.0
2005-01-11,13800,12.99,0.0,0.0,0.0
2005-01-12,13500,12.84,0.0,0.0,0.0
2005-01-13,12200,12.29,0.0,0.0,0.0
2005-01-14,11700,12.05,0.0,0.0,0.0
2005-01-15,10200,11.39,0.0,0.0,0.0
2005-01-16,11000,11.76,0.0,0.0,0.0
2005-01-17,16400,14.04,4.0,4.0,4.0
2005-01-18,44500,22.95,4.0,4.0,4.0
2005-01-19,62700,26.96,4.0,4.0,4.0
2005-01-20,58500,26.15,4.0,4.0,4.0
2005-01-21,51300,24.65,0.0,0.0,0.0
2005-01-22,38600,21.51,3.0,3.0,3.0
2005-01-23,41400,22.24,3.0,3.0,3.0
2005-01-24,34100,20.28,3.0,3.0,3.0
2005-01-25,29400,18.83,0.0,0.0,0.0
2005-01-26,26800,17.97,0.0,0.0,0.0
2005-01-27,25200,17.41,0.0,0.0,0.0
2005-01-28,22900,16.57,0.0,0.0,0.0
2005-01-29,22500,16.4,0.0,0.0,0.0
2005-01-30,21500,16.04,0.0,0.0,0.0
2005-01-31,20800,15.82,0.0,0.0,0.0
2005-02-01,20400,15.66,0.0,0.0,0.0
2005-02-02,18600,15.08,0.0,0.0,0.0
2005-02-03,16800,14.46,0.0,0.0,0.0
2005-02-04,18400,14.98,0.0,0.0,0.0
2005-02-05,19600,15.42,0.0,0.0,0.0
2005-02-06,19900,15.51,0.0,0.0,0.0
2005-02-07,17900,14.82,0.0,0.0,0.0
2005-02-08,17500,14.69,0.0,0.0,0.0
2005-02-09,15700,14.05,0.0,0.0,0.0
2005-02-10,13000,13.06,0.0,0.0,0.0
2005-02-11,13300,13.19,0.0,0.0,0.0
2005-02-12,11200,12.39,0.0,0.0,0.0
2005-02-13,13700,13.33,0.0,0.0,0.0
2005-02-14,13200,13.14,0.0,0.0,0.0
2005-02-15,12600,12.91,0.0,0.0,0.0
2005-02-16,12200,12.78,0.0,0.0,0.0
2005-02-17,12100,12.75,0.0,0.0,0.0
2005-02-18,11300,12.41,0.0,0.0,0.0
2005-02-19,11000,12.29,0.0,0.0,0.0
2005-02-20,9610,11.75,0.0,0.0,0.0
2005-02-21,9380,11.66,0.0,0.0,0.0
2005-02-22,9220,11.59,0.0,0.0,0.0
2005-02-23,9130,11.55,0.0,0.0,0.0
2005-02-24,8970,11.49,0.0,0.0,0.0
2005-02-25,8830,11.43,0.0,0.0,0.0
2005-02-26,8530,11.3,0.0,0.0,0.0
2005-02-27,8450,11.27,0.0,0.0,0.0
2005-02-28,8410,11.25,0.0,0.0,0.0
2005-03-01,9070,11.53,0.0,0.0,0.0
2005-03-02,9050,11.52,0.0,0.0,0.0
2005-03-03,8620,11.34,0.0,0.0,0.0
2005-03-04,8430,11.26,0.0,0.0,0.0
2005-03-05,8240,11.18,0.0,0.0,0.0
2005-03-06,8140,11.13,0.0,0.0,0.0
2005-03-07,8170,11.15,0.0,0.0,0.0
2005-03-08,8270,11.18,0.0,0.0,0.0
2005-03-09,7840,10.98,0.0,0.0,0.0
2005-03-10,9690,11.77,0.0,0.0,0.0
2005-03-11,7870,11.01,0.0,0.0,0.0
2005-03-12,7740,10.95,0.0,0.0,0.0
2005-03-13,8580,11.31,0.0,0.0,0.0
2005-03-14,8820,11.39,0.0,0.0,0.0
2005-03-15,7080,10.61,0.0,0.0,0.0
2005-03-16,7030,10.59,0.0,0.0,0.0
2005-03-17,9110,11.54,0.0,0.0,0.0
2005-03-18,7340,10.75,0.0,0.0,0.0
2005-03-19,7050,10.6,1.0,0.0,0.0
2005-03-20,9440,11.66,1.0,0.0,0.0
2005-03-21,11200,12.41,0.0,0.0,0.0
2005-03-22,9120,11.55,0.0,0.0,0.0
2005-03-23,8010,11.08,0.0,0.0,0.0
2005-03-24,7470,10.82,0.0,0.0,0.0
2005-03-25,7180,10.67,0.0,0.0,0.0
2005-03-26,8000,11.01,1.0,1.0,1.0
2005-03-27,13100,13.1,0.0,0.0,0.0
2005-03-28,16000,14.22,0.0,0.0,0.0
2005-03-29,15800,14.16,0.0,0.0,0.0
2005-03-30,15400,14.0,0.0,0.0,0.0
2005-03-31,13600,13.25,1.0,2.0,0.0
2005-04-01,16500,14.42,1.0,2.0,0.0
2005-04-02,18200,15.11,0.0,0.0,0.0
2005-04-03,17000,14.67,0.0,0.0,0.0
2005-04-04,15800,14.17,0.0,0.0,0.0
2005-04-05,14700,13.71,1.0,1.0,1.0
2005-04-06,13800,13.33,1.0,1.0,1.0
2005-04-07,13500,13.19,0.0,0.0,0.0
2005-04-08,15400,14.01,0.0,0.0,0.0
2005-04-09,12500,12.76,0.0,0.0,0.0
2005-04-10,11200,12.18,0.0,0.0,0.0
2005-04-11,12000,12.53,0.0,0.0,0.0
2005-04-12,12100,12.59,0.0,0.0,0.0
2005-04-13,10700,11.98,0.0,0.0,0.0
2005-04-14,10500,,0.0,0.0,0.0
2005-04-15,13000,,2.0,1.0,0.0
2005-04-16,17500,,2.0,1.0,0.0
2005-04-17,15000,,0.0,0.0,0.0
2005-04-18,13000,,0.0,0.0,0.0
2005-04-19,13600,13.26,0.0,0.0,0.0
2005-04-20,13900,13.35,0.0,0.0,0.0
2005-04-21,14100,13.47,0.0,0.0,0.0
2005-04-22,15000,13.84,0.0,0.0,0.0
2005-04-23,17300,14.75,0.0,0.0,0.0
2005-04-24,18100,15.1,0.0,0.0,0.0
2005-04-25,19000,15.43,0.0,0.0,0.0
2005-04-26,19400,15.59,0.0,0.0,0.0
2005-04-27,20100,15.86,0.0,0.0,0.0
2005-04-28,19600,15.67,0.0,0.0,0.0
2005-04-29,17700,14.92,0.0,0.0,0.0
2005-04-30,16400,14.4,0.0,0.0,0.0
2005-05-01,15500,14.03,0.0,0.0,0.0
2005-05-02,15100,13.86,0.0,0.0,0.0
2005-05-03,14800,13.73,0.0,0.0,0.0
2005-05-04,14300,13.54,0.0,0.0,0.0
2005-05-05,13200,13.06,0.0,0.0,0.0
2005-05-06,14100,13.44,0.0,0.0,0.0
2005-05-07,13100,13.01,0.0,0.0,0.0
2005-05-08,11300,12.25,0.0,0.0,0.0
2005-05-09,10900,12.07,0.0,0.0,0.0
2005-05-10,12000,12.55,0.0,0.0,0.0
2005-05-11,13300,13.13,0.0,0.0,0.0
2005-05-12,13000,13.0,0.0,0.0,0.0
2005-05-13,12700,12.86,0.0,0.0,0.0
2005-05-14,12700,12.84,0.0,0.0,0.0
2005-05-15,13600,13.24,0.0,0.0,0.0
2005-05-16,17300,14.74,0.0,0.0,0.0
2005-05-17,17900,15.01,1.0,0.0,0.0
2005-05-18,15900,14.21,1.0,0.0,0.0
2005-05-19,16500,14.46,0.0,0.0,0.0
2005-05-20,16300,14.35,0.0,0.0,0.0
2005-05-21,16700,14.53,0.0,0.0,0.0
2005-05-22,15400,13.98,0.0,0.0,0.0
2005-05-23,15200,13.92,0.0,0.0,0.0
2005-05-24,13900,13.36,0.0,0.0,0.0
2005-05-25,13100,13.03,0.0,0.0,0.0
2005-05-26,12400,12.74,0.0,0.0,0.0
2005-05-27,11800,12.48,0.0,0.0,0.0
2005-05-28,13300,13.13,0.0,0.0,0.0
2005-05-29,15200,13.91,0.0,0.0,0.0
2005-05-30,16100,14.29,0.0,0.0,0.0
2005-05-31,14400,13.6,0.0,0.0,0.0
2005-06-01,16300,14.35,0.0,0.0,0.0
2005-06-02,15500,14.05,0.0,0.0,0.0
2005-06-03,13500,13.19,0.0,0.0,0.0
2005-06-04,13000,12.98,0.0,0.0,0.0
2005-06-05,11200,12.21,0.0,0.0,0.0
2005-06-06,12100,12.61,0.0,0.0,0.0
2005-06-07,11800,12.45,0.0,0.0,0.0
2005-06-08,12000,12.53,0.0,0.0,0.0
2005-06-09,12800,12.89,0.0,0.0,0.0
2005-06-10,12200,12.63,0.0,0.0,0.0
2005-06-11,11100,12.14,0.0,0.0,0.0
2005-06-12,12000,12.53,0.0,0.0,0.0
2005-06-13,12100,12.6,0.0,0.0,0.0
2005-06-14,12400,12.71,0.0,0.0,0.0
2005-06-15,11400,12.28,0.0,0.0,0.0
2005-06-16,11100,12.16,0.0,0.0,0.0
2005-06-17,11500,12.34,0.0,0.0,0.0
2005-06-18,12100,12.59,0.0,0.0,0.0
2005-06-19,11100,12.16,0.0,0.0,0.0
2005-06-20,11600,12.37,0.0,0.0,0.0
2005-06-21,11300,12.25,0.0,0.0,0.0
2005-06-22,11900,12.49,0.0,0.0,0.0
2005-06-23,12100,12.6,0.0,0.0,0.0
2005-06-24,10900,12.07,0.0,0.0,0.0
2005-06-25,10300,11.76,0.0,0.0,0.0
2005-06-26,9020,11.18,0.0,0.0,0.0
2005-06-27,10000,11.66,0.0,0.0,0.0
2005-06-28,9630,11.47,0.0,0.0,0.0
2005-06-29,9310,11.32,0.0,0.0,0.0
2005-06-30,10300,11.76,0.0,0.0,0.0
2005-07-01,11500,12.31,0.0,0.0,0.0
2005-07-02,10500,11.85,0.0,0.0,0.0
2005-07-03,9630,11.47,0.0,0.0,0.0
2005-07-04,10800,12.0,0.0,0.0,0.0
2005-07-05,10500,11.89,1.0,2.0,2.0
2005-07-06,11900,12.48,1.0,2.0,2.0
2005-07-07,13300,13.09,1.0,1.0,1.0
2005-07-08,12000,12.56,1.0,1.0,1.0
2005-07-09,16700,14.51,0.0,0.0,0.0
2005-07-10,12000,12.52,0.0,0.0,0.0
2005-07-11,11600,12.39,0.0,0.0,0.0
2005-07-12,11000,12.12,0.0,0.0,0.0
2005-07-13,10600,11.94,0.0,0.0,0.0
2005-07-14,10400,11.82,0.0,0.0,0.0
2005-07-15,10300,11.77,0.0,0.0,0.0
2005-07-16,10600,11.95,0.0,0.0,0.0
2005-07-17,11100,12.13,0.0,0.0,0.0
2005-07-18,10400,11.84,0.0,0.0,0.0
2005-07-19,9910,11.6,0.0,0.0,0.0
2005-07-20,9790,11.55,0.0,0.0,0.0
2005-07-21,9250,11.29,0.0,0.0,0.0
2005-07-22,9080,11.21,0.0,0.0,0.0
2005-07-23,9360,11.35,0.0,0.0,0.0
2005-07-24,8770,11.06,0.0,0.0,0.0
2005-07-25,7870,10.62,0.0,0.0,0.0
2005-07-26,7590,10.48,0.0,0.0,0.0
2005-07-27,7600,10.48,0.0,0.0,0.0
2005-07-28,7690,10.53,0.0,0.0,0.0
2005-07-29,8230,10.8,0.0,0.0,0.0
2005-07-30,7890,10.63,0.0,1.0,2.0
2005-07-31,9390,11.36,0.0,1.0,2.0
2005-08-01,9970,11.63,0.0,1.0,2.0
2005-08-02,9940,11.62,0.0,0.0,0.0
2005-08-03,9760,11.53,0.0,0.0,0.0
2005-08-04,8570,10.95,0.0,0.0,0.0
2005-08-05,9480,11.4,0.0,0.0,0.0
2005-08-06,8490,10.91,0.0,0.0,0.0
2005-08-07,9490,11.41,0.0,0.0,0.0
2005-08-08,9790,11.55,0.0,0.0,0.0
2005-08-09,9720,11.51,0.0,0.0,0.0
2005-08-10,9780,11.54,0.0,0.0,0.0
2005-08-11,9710,11.51,0.0,0.0,0.0
2005-08-12,7900,10.62,0.0,0.0,0.0
2005-08-13,8170,10.75,0.0,0.0,0.0
2005-08-14,8040,10.69,0.0,0.0,0.0
2005-08-15,8190,10.76,0.0,0.0,0.0
2005-08-16,7710,10.52,0.0,0.0,0.0
2005-08-17,7680,10.51,1.0,0.0,0.0
2005-08-18,8070,10.71,0.0,0.0,0.0
2005-08-19,8180,10.76,0.0,0.0,0.0
2005-08-20,7520,10.42,0.0,0.0,0.0
2005-08-21,6070,9.68,0.0,0.0,0.0
2005-08-22,7550,10.44,0.0,0.0,0.0
2005-08-23,7450,10.39,0.0,0.0,0.0
2005-08-24,7180,10.25,0.0,0.0,0.0
2005-08-25,7010,10.16,0.0,0.0,0.0
2005-08-26,5540,9.39,0.0,0.0,0.0
2005-08-27,6710,10.01,0.0,1.0,0.0
2005-08-28,5480,9.36,0.0,1.0,0.0
2005-08-29,5570,9.41,0.0,0.0,0.0
2005-08-30,5830,9.55,0.0,0.0,0.0
2005-08-31,5470,9.35,0.0,0.0,0.0
2005-09-01,5540,9.39,0.0,0.0,0.0
2005-09-02,5960,9.62,0.0,0.0,0.0
2005-09-03,6090,9.69,0.0,0.0,0.0
2005-09-04,6490,9.9,0.0,0.0,0.0
2005-09-05,5350,9.28,0.0,0.0,0.0
2005-09-06,5790,9.52,0.0,0.0,0.0
2005-09-07,8300,10.83,0.0,0.0,0.0
2005-09-08,8880,11.11,0.0,0.0,0.0
2005-09-09,9680,11.49,0.0,0.0,0.0
2005-09-10,9950,11.62,0.0,0.0,0.0
2005-09-11,9950,11.62,0.0,0.0,0.0
2005-09-12,9760,11.53,0.0,0.0,0.0
2005-09-13,8800,11.07,0.0,0.0,0.0
2005-09-14,9260,11.29,0.0,0.0,0.0
2005-09-15,7770,10.55,0.0,0.0,0.0
2005-09-16,5910,9.59,0.0,0.0,0.0
2005-09-17,6120,9.71,0.0,0.0,0.0
2005-09-18,6070,9.68,0.0,0.0,0.0
2005-09-19,6130,9.71,0.0,0.0,0.0
2005-09-20,5820,9.54,0.0,0.0,0.0
2005-09-21,5890,9.58,0.0,0.0,0.0
2005-09-22,5850,9.56,0.0,0.0,0.0
2005-09-23,5640,9.44,0.0,0.0,0.0
2005-09-24,5830,9.55,0.0,0.0,0.0
2005-09-25,5480,9.35,0.0,0.0,0.0
2005-09-26,5740,9.5,0.0,0.0,0.0
2005-09-27,5800,9.53,0.0,0.0,0.0
2005-09-28,5460,9.35,4.0,3.0,3.0
2005-09-29,5750,9.5,4.0,3.0,3.0
2005-09-30,17500,14.69,4.0,3.0,3.0
2005-10-01,16000,14.21,0.0,0.0,0.0
2005-10-02,12300,12.7,0.0,0.0,0.0
2005-10-03,9910,11.59,0.0,0.0,0.0
2005-10-04,8640,10.99,0.0,0.0,0.0
2005-10-05,7190,10.27,0.0,0.0,0.0
2005-10-06,6390,9.85,0.0,0.0,0.0
2005-10-07,9760,11.43,0.0,0.0,0.0
2005-10-08,13000,12.96,0.0,0.0,0.0
2005-10-09,8900,11.12,0.0,0.0,1.0
2005-10-10,7900,10.63,1.0,1.0,1.0
2005-10-11,8190,10.77,0.0,0.0,0.0
2005-10-12,8450,10.9,1.0,1.0,1.0
2005-10-13,8310,10.83,1.0,1.0,1.0
2005-10-14,8950,11.15,3.0,3.0,2.0
2005-10-15,8390,10.87,3.0,3.0,2.0
2005-10-16,8780,11.06,2.0,3.0,3.0
2005-10-17,15600,14.05,2.0,3.0,3.0
2005-10-18,20700,16.09,0.0,3.0,3.0
2005-10-19,16000,14.25,0.0,0.0,0.0
2005-10-20,17100,14.68,0.0,0.0,0.0
2005-10-21,16000,14.25,0.0,0.0,0.0
2005-10-22,14000,13.41,0.0,0.0,0.0
2005-10-23,13200,13.08,0.0,0.0,0.0
2005-10-24,13100,13.02,0.0,0.0,0.0
2005-10-25,12600,12.81,1.0,1.0,1.0
2005-10-26,12300,12.68,1.0,1.0,1.0
2005-10-27,12400,12.71,0.0,0.0,0.0
2005-10-28,12400,12.73,0.0,0.0,0.0
2005-10-29,13500,13.19,0.0,0.0,0.0
2005-10-30,14200,13.51,3.0,3.0,1.0
2005-10-31,17300,14.77,3.0,3.0,1.0
2005-11-01,21500,16.39,3.0,3.0,0.0
2005-11-02,21600,16.42,0.0,0.0,0.0
2005-11-03,20900,16.17,0.0,0.0,0.0
2005-11-04,21700,16.44,0.0,0.0,0.0
2005-11-05,21200,16.27,0.0,0.0,0.0
2005-11-06,21500,16.36,0.0,0.0,0.0
2005-11-07,19900,15.79,0.0,0.0,0.0
2005-11-08,18900,15.41,0.0,0.0,0.0
2005-11-09,17600,14.86,0.0,2.0,2.0
2005-11-10,18600,15.28,1.0,2.0,2.0
2005-11-11,25600,17.85,0.0,0.0,0.0
2005-11-12,23100,16.97,0.0,0.0,0.0
2005-11-13,21700,16.45,0.0,0.0,0.0
2005-11-14,22100,16.59,0.0,0.0,0.0
2005-11-15,17900,14.97,0.0,0.0,0.0
2005-11-16,16000,14.25,0.0,0.0,0.0
2005-11-17,13700,13.3,0.0,0.0,0.0
2005-11-18,14700,13.69,0.0,0.0,0.0
2005-11-19,13800,13.32,0.0,0.0,0.0
2005-11-20,14300,13.54,0.0,0.0,0.0
2005-11-21,15700,14.1,0.0,0.0,0.0
2005-11-22,15900,14.19,0.0,0.0,0.0
2005-11-23,16800,14.56,0.0,0.0,0.0
2005-11-24,16100,14.28,1.0,1.0,0.0
2005-11-25,15300,13.94,0.0,0.0,0.0
2005-11-26,16000,14.21,0.0,0.0,0.0
2005-11-27,13200,13.08,0.0,0.0,0.0
2005-11-28,14500,13.64,0.0,0.0,0.0
2005-11-29,14600,13.68,0.0,0.0,0.0
2005-11-30,12600,12.78,0.0,0.0,0.0
2005-12-01,13000,12.97,0.0,0.0,0.0
2005-12-02,13600,13.25,0.0,0.0,0.0
2005-12-03,11700,12.41,0.0,0.0,0.0
2005-12-04,9910,11.6,0.0,0.0,0.0
2005-12-05,11600,12.35,0.0,0.0,0.0
2005-12-06,12300,12.7,0.0,0.0,0.0
2005-12-07,12100,12.61,0.0,0.0,0.0
2005-12-08,11700,12.42,0.0,0.0,0.0
2005-12-09,12100,12.58,0.0,0.0,0.0
2005-12-10,10600,11.89,0.0,0.0,0.0
2005-12-11,10100,11.7,0.0,0.0,0.0
2005-12-12,10600,11.93,0.0,0.0,0.0
2005-12-13,9680,11.48,0.0,0.0,0.0
2005-12-14,10000,11.66,0.0,0.0,0.0
2005-12-15,11100,12.14,0.0,0.0,0.0
2005-12-16,11600,12.35,0.0,0.0,0.0
2005-12-17,11000,12.09,0.0,0.0,0.0
2005-12-18,9560,11.42,0.0,0.0,0.0
2005-12-19,8600,10.98,0.0,0.0,0.0
2005-12-20,10100,11.69,4.0,4.0,3.0
2005-12-21,16400,14.39,4.0,4.0,3.0
2005-12-22,23100,16.98,4.0,4.0,3.0
2005-12-23,28700,18.8,4.0,4.0,3.0
2005-12-24,31000,19.39,3.0,3.0,3.0
2005-12-25,43900,22.79,3.0,3.0,3.0
2005-12-26,35500,20.66,0.0,0.0,0.0
2005-12-27,31700,19.65,1.0,1.0,0.0
2005-12-28,27600,18.47,1.0,0.0,0.0
2005-12-29,27100,18.31,0.0,0.0,0.0
2005-12-30,23600,17.24,0.0,0.0,0.0
2005-12-31,23600,17.24,0.0,0.0,0.0
2006-01-01,22600,16.9,0.0,0.0,0.0
2006-01-02,20300,16.14,0.0,0.0,0.0
2006-01-03,19000,15.7,0.0,0.0,0.0
2006-01-04,17700,15.24,2.0,2.0,0.0
2006-01-05,18900,15.65,2.0,2.0,2.0
2006-01-06,31000,19.44,1.0,0.0,0.0
2006-01-07,38800,21.52,0.0,0.0,0.0
2006-01-08,33300,20.06,0.0,0.0,0.0
2006-01-09,31000,19.45,0.0,0.0,0.0
2006-01-10,46000,23.1,0.0,0.0,0.0
2006-01-11,57400,25.33,0.0,0.0,0.0
2006-01-12,49300,23.82,1.0,1.0,1.0
2006-01-13,39900,21.79,1.0,1.0,1.0
2006-01-14,37800,21.25,0.0,0.0,0.0
2006-01-15,31200,19.51,0.0,0.0,0.0
2006-01-16,27200,18.36,1.0,1.0,1.0
2006-01-17,34200,20.31,1.0,1.0,1.0
2006-01-18,31400,19.54,0.0,0.0,0.0
2006-01-19,26600,18.18,0.0,0.0,0.0
2006-01-20,25400,17.8,0.0,0.0,0.0
2006-01-21,23800,17.31,0.0,0.0,0.0
2006-01-22,21900,16.67,0.0,0.0,0.0
2006-01-23,20900,16.35,0.0,0.0,0.0
2006-01-24,20500,16.2,0.0,0.0,0.0
2006-01-25,20400,16.17,0.0,0.0,0.0
2006-01-26,19700,15.93,0.0,0.0,0.0
2006-01-27,19500,15.88,0.0,0.0,0.0
2006-01-28,19900,16.02,1.0,0.0,0.0
2006-01-29,20200,16.11,1.0,1.0,0.0
2006-01-30,30200,19.16,1.0,1.0,0.0
2006-01-31,31500,19.57,1.0,1.0,0.0
2006-02-01,27700,18.51,1.0,1.0,0.0
2006-02-02,29200,18.93,0.0,0.0,0.0
2006-02-03,27100,18.34,3.0,2.0,1.0
2006-02-04,28100,18.61,3.0,2.0,1.0
2006-02-05,28400,18.7,0.0,0.0,0.0
2006-02-06,24600,17.55,0.0,0.0,0.0
2006-02-07,22500,16.88,0.0,0.0,0.0
2006-02-08,21400,16.52,0.0,0.0,0.0
2006-02-09,20700,16.27,0.0,0.0,0.0
2006-02-10,19700,15.93,0.0,0.0,0.0
2006-02-11,18700,15.59,0.0,0.0,0.0
2006-02-12,18600,15.54,0.0,0.0,0.0
2006-02-13,18200,15.42,0.0,0.0,0.0
2006-02-14,17900,15.3,0.0,0.0,0.0
2006-02-15,17400,15.13,0.0,0.0,0.0
2006-02-16,17000,14.98,0.0,0.0,0.0
2006-02-17,16700,14.85,0.0,0.0,0.0
2006-02-18,16500,14.8,0.0,0.0,0.0
2006-02-19,15000,14.24,0.0,0.0,0.0
2006-02-20,14800,14.14,0.0,0.0,0.0
2006-02-21,15800,14.55,0.0,0.0,0.0
2006-02-22,15000,14.2,0.0,0.0,0.0
2006-02-23,15600,14.45,0.0,0.0,0.0
2006-02-24,17300,15.1,0.0,0.0,0.0
2006-02-25,16300,14.73,0.0,0.0,0.0
2006-02-26,13600,13.65,1.0,1.0,0.0
2006-02-27,14200,13.9,1.0,1.0,0.0
2006-02-28,16700,14.86,0.0,0.0,0.0
2006-03-01,17300,15.07,0.0,0.0,0.0
2006-03-02,15200,14.3,0.0,0.0,0.0
2006-03-03,16000,14.6,0.0,0.0,0.0
2006-03-04,14700,14.1,0.0,0.0,0.0
2006-03-05,13000,13.45,0.0,0.0,0.0
2006-03-06,12800,13.35,0.0,0.0,0.0
2006-03-07,15400,14.37,0.0,0.0,0.0
2006-03-08,14700,14.09,1.0,0.0,0.0
2006-03-09,15800,14.54,0.0,0.0,0.0
2006-03-10,15500,14.41,0.0,0.0,0.0
2006-03-11,13300,13.55,0.0,0.0,0.0
2006-03-12,12500,13.23,0.0,0.0,0.0
2006-03-13,12700,13.32,0.0,0.0,0.0
2006-03-14,12100,13.07,0.0,0.0,0.0
2006-03-15,12300,13.14,0.0,0.0,0.0
2006-03-16,13600,13.69,0.0,0.0,0.0
2006-03-17,13900,13.81,0.0,0.0,0.0
2006-03-18,11900,12.96,0.0,0.0,0.0
2006-03-19,10200,12.25,0.0,0.0,0.0
2006-03-20,10600,12.43,0.0,0.0,0.0
2006-03-21,10900,12.55,0.0,0.0,0.0
2006-03-22,10800,12.52,2.0,0.0,0.0
2006-03-23,9880,12.11,2.0,2.0,1.0
2006-03-24,11000,12.62,2.0,2.0,1.0
2006-03-25,11400,12.77,0.0,0.0,0.0
2006-03-26,12600,13.29,0.0,0.0,0.0
2006-03-27,13700,13.73,0.0,0.0,0.0
2006-03-28,12100,13.04,0.0,0.0,0.0
2006-03-29,9660,12.01,0.0,0.0,0.0
2006-03-30,8710,11.58,0.0,0.0,0.0
2006-03-31,11200,12.7,0.0,0.0,0.0
2006-04-01,11300,12.74,0.0,0.0,0.0
2006-04-02,11700,12.9,0.0,0.0,0.0
2006-04-03,10500,12.38,0.0,0.0,0.0
2006-04-04,8890,11.66,0.0,0.0,0.0
2006-04-05,9100,11.76,0.0,0.0,0.0
2006-04-06,9160,11.79,0.0,0.0,0.0
2006-04-07,9210,11.81,0.0,0.0,0.0
2006-04-08,8990,11.71,0.0,0.0,0.0
2006-04-09,9800,12.08,0.0,0.0,0.0
2006-04-10,10200,12.24,0.0,0.0,0.0
2006-04-11,10100,12.2,0.0,0.0,0.0
2006-04-12,9600,11.99,0.0,0.0,0.0
2006-04-13,10900,12.57,0.0,0.0,0.0
2006-04-14,13100,13.46,0.0,0.0,0.0
2006-04-15,14900,14.17,0.0,0.0,0.0
2006-04-16,12600,13.26,0.0,0.0,0.0
2006-04-17,11100,12.66,0.0,0.0,0.0
2006-04-18,10200,12.25,0.0,0.0,0.0
2006-04-19,9640,12.01,0.0,0.0,0.0
2006-04-20,9540,11.96,0.0,0.0,0.0
2006-04-21,10500,12.39,0.0,0.0,0.0
2006-04-22,11000,12.63,0.0,0.0,0.0
2006-04-23,10200,12.24,0.0,0.0,0.0
2006-04-24,10000,12.18,0.0,0.0,0.0
2006-04-25,11300,12.73,0.0,0.0,0.0
2006-04-26,12500,13.22,0.0,0.0,0.0
2006-04-27,11900,12.97,0.0,0.0,0.0
2006-04-28,11800,12.96,0.0,0.0,0.0
2006-04-29,14100,13.87,0.0,0.0,0.0
2006-04-30,16200,14.67,0.0,0.0,0.0
2006-05-01,14100,13.88,0.0,0.0,0.0
2006-05-02,13700,13.71,0.0,0.0,0.0
2006-05-03,13300,13.54,0.0,0.0,0.0
2006-05-04,11200,12.7,0.0,0.0,0.0
2006-05-05,12100,13.07,0.0,0.0,0.0
2006-05-06,13500,13.63,0.0,0.0,0.0
2006-05-07,15300,14.33,0.0,0.0,0.0
2006-05-08,16000,14.62,0.0,0.0,0.0
2006-05-09,15300,14.34,0.0,0.0,0.0
2006-05-10,13600,13.66,0.0,0.0,0.0
2006-05-11,11000,12.61,0.0,0.0,0.0
2006-05-12,12300,13.12,0.0,0.0,0.0
2006-05-13,13200,13.5,0.0,0.0,0.0
2006-05-14,11700,12.9,0.0,0.0,0.0
2006-05-15,15100,14.24,0.0,0.0,0.0
2006-05-16,21600,16.55,0.0,0.0,0.0
2006-05-17,31100,19.47,0.0,0.0,0.0
2006-05-18,37500,21.19,0.0,0.0,0.0
2006-05-19,38700,21.52,0.0,0.0,0.0
2006-05-20,33600,20.17,0.0,0.0,0.0
2006-05-21,30200,19.28,0.0,0.0,0.0
2006-05-22,26300,18.21,0.0,0.0,0.0
2006-05-23,26800,18.4,1.0,1.0,0.0
2006-05-24,24100,17.62,1.0,1.0,0.0
2006-05-25,20300,16.47,0.0,0.0,0.0
2006-05-26,19800,16.35,0.0,0.0,0.0
2006-05-27,20100,16.51,0.0,0.0,0.0
2006-05-28,16400,15.27,0.0,0.0,0.0
2006-05-29,15200,14.87,0.0,0.0,0.0
2006-05-30,16300,15.26,0.0,0.0,0.0
2006-05-31,18200,15.96,2.0,1.0,0.0
2006-06-01,20100,16.61,2.0,1.0,0.0
2006-06-02,26100,18.39,2.0,1.0,0.0
2006-06-03,27900,18.89,0.0,0.0,0.0
2006-06-04,22800,17.45,0.0,0.0,0.0
2006-06-05,29100,19.17,0.0,0.0,0.0
2006-06-06,29000,19.17,0.0,0.0,0.0
2006-06-07,25600,18.27,0.0,0.0,0.0
2006-06-08,25600,18.27,0.0,0.0,0.0
2006-06-09,23100,17.56,0.0,0.0,0.0
2006-06-10,20900,16.91,0.0,0.0,0.0
2006-06-11,20800,16.86,0.0,0.0,0.0
2006-06-12,22000,17.24,0.0,0.0,0.0
2006-06-13,26800,18.58,0.0,0.0,0.0
2006-06-14,27300,18.72,0.0,0.0,0.0
2006-06-15,26400,18.49,0.0,0.0,0.0
2006-06-16,24000,17.82,0.0,0.0,0.0
2006-06-17,25600,18.25,0.0,0.0,0.0
2006-06-18,24500,17.95,0.0,0.0,0.0
2006-06-19,19200,16.3,0.0,0.0,0.0
2006-06-20,18200,15.96,0.0,0.0,0.0
2006-06-21,16500,15.35,0.0,0.0,0.0
2006-06-22,16000,15.15,0.0,0.0,0.0
2006-06-23,15200,14.86,0.0,0.0,0.0
2006-06-24,14600,14.63,0.0,0.0,0.0
2006-06-25,15800,15.07,0.0,0.0,0.0
2006-06-26,21600,17.1,0.0,0.0,0.0
2006-06-27,25900,18.32,0.0,0.0,0.0
2006-06-28,25400,18.19,0.0,0.0,0.0
2006-06-29,20700,16.83,0.0,0.0,0.0
2006-06-30,18800,16.18,0.0,0.0,0.0
2006-07-01,18900,16.21,0.0,0.0,0.0
2006-07-02,19200,16.32,0.0,0.0,0.0
2006-07-03,18800,16.19,0.0,0.0,0.0
2006-07-04,19600,16.46,0.0,0.0,0.0
2006-07-05,19900,16.57,0.0,0.0,0.0
2006-07-06,19100,16.28,0.0,0.0,0.0
2006-07-07,18400,16.03,0.0,0.0,0.0
2006-07-08,17900,15.87,0.0,0.0,0.0
2006-07-09,17600,15.77,0.0,0.0,0.0
2006-07-10,18100,15.94,0.0,0.0,0.0
2006-07-11,18000,15.88,0.0,0.0,0.0
2006-07-12,16200,15.25,0.0,0.0,0.0
2006-07-13,17600,15.76,0.0,0.0,0.0
2006-07-14,16200,15.24,0.0,0.0,0.0
2006-07-15,15100,14.83,0.0,0.0,0.0
2006-07-16,12800,13.92,0.0,0.0,0.0
2006-07-17,12000,13.6,0.0,0.0,0.0
2006-07-18,11900,13.56,0.0,0.0,0.0
2006-07-19,11700,13.47,0.0,0.0,0.0
2006-07-20,10900,13.11,0.0,0.0,0.0
2006-07-21,10500,12.92,0.0,0.0,0.0
2006-07-22,12600,13.86,0.0,0.0,0.0
2006-07-23,13300,14.12,0.0,0.0,0.0
2006-07-24,12900,13.96,0.0,0.0,0.0
2006-07-25,13000,13.99,0.0,0.0,0.0
2006-07-26,11900,13.52,0.0,0.0,0.0
2006-07-27,11300,13.27,0.0,0.0,0.0
2006-07-28,11400,13.31,0.0,0.0,0.0
2006-07-29,8880,12.21,0.0,0.0,0.0
2006-07-30,7820,11.71,0.0,0.0,0.0
2006-07-31,8710,12.13,0.0,0.0,0.0
2006-08-01,8640,12.09,0.0,0.0,0.0
2006-08-02,8480,12.02,0.0,0.0,0.0
2006-08-03,8240,11.9,0.0,0.0,0.0
2006-08-04,8750,12.15,0.0,0.0,0.0
2006-08-05,7540,11.55,0.0,0.0,0.0
2006-08-06,6360,10.96,0.0,0.0,0.0
2006-08-07,7970,11.77,0.0,0.0,0.0
2006-08-08,8350,11.96,0.0,0.0,0.0
2006-08-09,8250,11.91,0.0,0.0,0.0
2006-08-10,8400,11.98,0.0,0.0,0.0
2006-08-11,8850,12.2,0.0,0.0,0.0
2006-08-12,7460,11.51,0.0,0.0,0.0
2006-08-13,6480,11.01,0.0,0.0,0.0
2006-08-14,7670,11.63,0.0,0.0,0.0
2006-08-15,7760,11.67,0.0,0.0,0.0
2006-08-16,7800,11.69,0.0,0.0,0.0
2006-08-17,7260,11.42,0.0,0.0,0.0
2006-08-18,7720,11.65,0.0,0.0,0.0
2006-08-19,8630,12.1,0.0,0.0,0.0
2006-08-20,7860,11.72,0.0,0.0,0.0
2006-08-21,7450,11.51,0.0,0.0,0.0
2006-08-22,8530,12.05,0.0,0.0,0.0
2006-08-23,8580,12.08,0.0,0.0,0.0
2006-08-24,8420,12.0,0.0,0.0,0.0
2006-08-25,8290,11.94,0.0,0.0,0.0
2006-08-26,7950,11.77,0.0,0.0,0.0
2006-08-27,8340,11.97,0.0,0.0,0.0
2006-08-28,8410,12.0,0.0,0.0,0.0
2006-08-29,7850,11.72,0.0,0.0,0.0
2006-08-30,7190,11.37,0.0,0.0,0.0
2006-08-31,5500,10.5,0.0,0.0,0.0
2006-09-01,5950,10.73,0.0,0.0,0.0
2006-09-02,4880,10.15,0.0,0.0,0.0
2006-09-03,4700,10.04,0.0,0.0,0.0
2006-09-04,4700,10.04,0.0,0.0,0.0
2006-09-05,6170,10.85,0.0,0.0,0.0
2006-09-06,5560,10.53,0.0,0.0,0.0
2006-09-07,5450,10.47,0.0,0.0,0.0
2006-09-08,5450,10.47,0.0,0.0,0.0
2006-09-09,5670,10.59,0.0,0.0,0.0
2006-09-10,6150,10.84,0.0,0.0,0.0
2006-09-11,5370,10.42,0.0,0.0,0.0
2006-09-12,6640,11.1,0.0,0.0,0.0
2006-09-13,7650,11.62,0.0,0.0,0.0
2006-09-14,7670,11.63,0.0,0.0,0.0
2006-09-15,6810,11.17,0.0,0.0,0.0
2006-09-16,5140,10.29,0.0,0.0,0.0
2006-09-17,5650,10.58,1.0,1.0,1.0
2006-09-18,5510,10.5,1.0,1.0,1.0
2006-09-19,6510,11.05,0.0,0.0,0.0
2006-09-20,6550,11.07,1.0,1.0,0.0
2006-09-21,7420,11.51,1.0,0.0,0.0
2006-09-22,7810,11.71,0.0,0.0,0.0
2006-09-23,6660,11.12,0.0,0.0,0.0
2006-09-24,5700,10.61,0.0,0.0,0.0
2006-09-25,5440,10.47,0.0,0.0,0.0
2006-09-26,5360,10.42,0.0,0.0,0.0
2006-09-27,5150,10.3,0.0,0.0,0.0
2006-09-28,5240,10.35,0.0,0.0,0.0
2006-09-29,5240,10.35,0.0,0.0,0.0
2006-09-30,5170,10.31,0.0,0.0,0.0
2006-10-01,5090,10.27,0.0,0.0,0.0
2006-10-02,4410,9.87,0.0,0.0,0.0
2006-10-03,4370,9.84,0.0,0.0,0.0
2006-10-04,4470,9.9,0.0,0.0,0.0
2006-10-05,4300,9.8,0.0,0.0,0.0
2006-10-06,4470,9.9,0.0,0.0,0.0
2006-10-07,4380,9.85,0.0,0.0,0.0
2006-10-08,4250,9.77,0.0,0.0,0.0
2006-10-09,3790,9.48,0.0,0.0,0.0
2006-10-10,3700,9.42,0.0,0.0,0.0
2006-10-11,3640,9.38,0.0,0.0,0.0
2006-10-12,3610,9.36,0.0,0.0,0.0
2006-10-13,3620,9.37,0.0,0.0,0.0
2006-10-14,3600,9.35,0.0,0.0,0.0
2006-10-15,3610,9.36,0.0,0.0,0.0
2006-10-16,3790,9.48,0.0,0.0,0.0
2006-10-17,4080,9.66,0.0,0.0,0.0
2006-10-18,3930,9.57,1.0,1.0,0.0
2006-10-19,3920,9.56,1.0,1.0,0.0
2006-10-20,4600,9.97,0.0,0.0,0.0
2006-10-21,4420,9.87,0.0,0.0,0.0
2006-10-22,4040,9.63,0.0,0.0,0.0
2006-10-23,3840,9.51,0.0,0.0,0.0
2006-10-24,3720,9.43,0.0,0.0,0.0
2006-10-25,5030,10.22,0.0,0.0,0.0
2006-10-26,4280,9.79,0.0,1.0,1.0
2006-10-27,6130,10.82,0.0,1.0,1.0
2006-10-28,6730,11.14,0.0,0.0,0.0
2006-10-29,5560,10.52,0.0,0.0,0.0
2006-10-30,7740,11.67,0.0,0.0,0.0
2006-10-31,7700,11.65,0.0,0.0,0.0
2006-11-01,7160,11.37,0.0,0.0,0.0
2006-11-02,7080,11.33,4.0,4.0,3.0
2006-11-03,11600,13.35,4.0,4.0,3.0
2006-11-04,38100,21.24,4.0,4.0,3.0
2006-11-05,52500,23.94,5.0,4.0,4.0
2006-11-06,60200,24.96,5.0,4.0,4.0
2006-11-07,116000,31.76,5.0,4.0,4.0
2006-11-08,125000,32.66,0.0,0.0,0.0
2006-11-09,86800,28.62,0.0,0.0,0.0
2006-11-10,49500,23.38,1.0,0.0,0.0
2006-11-11,39500,21.61,0.0,0.0,0.0
2006-11-12,32700,20.2,0.0,0.0,0.0
2006-11-13,43700,22.4,0.0,0.0,0.0
2006-11-14,38100,21.32,0.0,0.0,0.0
2006-11-15,28300,19.18,4.0,4.0,3.0
2006-11-16,54000,24.07,4.0,4.0,3.0
2006-11-17,41200,21.92,0.0,0.0,0.0
2006-11-18,28400,19.2,0.0,0.0,0.0
2006-11-19,25500,18.48,2.0,2.0,2.0
2006-11-20,31500,19.94,0.0,0.0,0.0
2006-11-21,30000,19.59,0.0,0.0,0.0
2006-11-22,28100,19.14,0.0,0.0,0.0
2006-11-23,25600,18.49,0.0,0.0,0.0
2006-11-24,24200,18.14,0.0,0.0,0.0
2006-11-25,22800,17.74,0.0,0.0,0.0
2006-11-26,21700,17.44,0.0,0.0,0.0
2006-11-27,20800,17.19,0.0,0.0,0.0
2006-11-28,18200,16.34,0.0,0.0,0.0
2006-11-29,13500,14.7,0.0,0.0,0.0
2006-11-30,12300,14.2,1.0,0.0,0.0
2006-12-01,12300,14.21,0.0,0.0,0.0
2006-12-02,12800,14.4,0.0,0.0,0.0
2006-12-03,12000,14.07,0.0,0.0,0.0
2006-12-04,11600,13.92,0.0,0.0,0.0
2006-12-05,11200,13.76,0.0,0.0,0.0
2006-12-06,9850,13.13,0.0,0.0,0.0
2006-12-07,12400,14.27,0.0,0.0,0.0
2006-12-08,13000,14.51,0.0,0.0,0.0
2006-12-09,12300,14.19,0.0,0.0,0.0
2006-12-10,12200,14.18,0.0,0.0,0.0
2006-12-11,14600,15.12,2.0,2.0,1.0
2006-12-12,25100,18.38,2.0,2.0,1.0
2006-12-13,23900,18.05,2.0,1.0,1.0
2006-12-14,26300,18.67,2.0,1.0,1.0
2006-12-15,34000,20.48,2.0,1.0,1.0
2006-12-16,23000,17.77,0.0,0.0,0.0
2006-12-17,17100,15.98,0.0,0.0,0.0
2006-12-18,15200,15.33,0.0,0.0,0.0
2006-12-19,16000,15.63,0.0,0.0,0.0
2006-12-20,13200,14.56,1.0,1.0,1.0
2006-12-21,14800,15.17,1.0,1.0,1.0
2006-12-22,16900,15.93,0.0,0.0,0.0
2006-12-23,14700,15.14,0.0,0.0,0.0
2006-12-24,14300,15.01,2.0,2.0,1.0
2006-12-25,17000,15.98,2.0,2.0,1.0
2006-12-26,14800,15.19,0.0,0.0,0.0
2006-12-27,15400,15.41,0.0,0.0,0.0
2006-12-28,14500,15.07,0.0,0.0,0.0
2006-12-29,13700,14.79,0.0,0.0,0.0
2006-12-30,13800,14.81,0.0,0.0,0.0
2006-12-31,12200,14.18,0.0,0.0,0.0
2007-01-01,12600,14.33,3.0,3.0,2.0
2007-01-02,23700,17.64,3.0,3.0,2.0
2007-01-03,49900,23.51,3.0,3.0,0.0
2007-01-04,34500,20.57,0.0,0.0,0.0
2007-01-05,25800,18.55,1.0,1.0,0.0
2007-01-06,25200,18.39,1.0,1.0,0.0
2007-01-07,24700,18.27,2.0,1.0,1.0
2007-01-08,28900,19.32,2.0,2.0,2.0
2007-01-09,24100,18.1,1.0,2.0,2.0
2007-01-10,23500,17.94,0.0,0.0,0.0
2007-01-11,19700,16.79,0.0,0.0,0.0
2007-01-12,19200,16.68,0.0,0.0,0.0
2007-01-13,16500,15.79,0.0,0.0,0.0
2007-01-14,17200,16.03,0.0,0.0,0.0
2007-01-15,17500,16.15,0.0,0.0,0.0
2007-01-16,17200,16.04,0.0,0.0,0.0
2007-01-17,13800,14.8,0.0,0.0,0.0
2007-01-18,14300,15.0,0.0,0.0,0.0
2007-01-19,13200,14.57,0.0,0.0,0.0
2007-01-20,12500,14.32,0.0,0.0,0.0
2007-01-21,12400,14.23,0.0,0.0,0.0
2007-01-22,13800,14.83,1.0,1.0,0.0
2007-01-23,17900,16.24,1.0,1.0,0.0
2007-01-24,18300,16.4,0.0,0.0,0.0
2007-01-25,14100,14.92,0.0,0.0,0.0
2007-01-26,15900,15.57,0.0,0.0,0.0
2007-01-27,16500,15.79,0.0,0.0,0.0
2007-01-28,15800,15.55,0.0,0.0,0.0
2007-01-29,16200,15.72,0.0,0.0,0.0
2007-01-30,14500,15.08,0.0,0.0,0.0
2007-01-31,12300,14.23,0.0,0.0,0.0
2007-02-01,13800,14.82,0.0,0.0,0.0
2007-02-02,14200,14.97,0.0,0.0,0.0
2007-02-03,11800,14.01,0.0,0.0,0.0
2007-02-04,11000,13.65,0.0,0.0,0.0
2007-02-05,10900,13.61,0.0,0.0,0.0
2007-02-06,11700,13.95,0.0,0.0,0.0
2007-02-07,13600,14.75,0.0,0.0,0.0
2007-02-08,13300,14.64,0.0,0.0,0.0
2007-02-09,15100,15.31,0.0,0.0,0.0
2007-02-10,14000,14.88,0.0,0.0,0.0
2007-02-11,12200,14.17,0.0,0.0,0.0
2007-02-12,12100,14.14,0.0,0.0,0.0
2007-02-13,15400,15.38,0.0,0.0,0.0
2007-02-14,16200,15.7,0.0,0.0,0.0
2007-02-15,18800,16.56,1.0,0.0,0.0
2007-02-16,23900,18.07,0.0,0.0,0.0
2007-02-17,19600,16.81,0.0,0.0,0.0
2007-02-18,19500,16.79,0.0,0.0,0.0
2007-02-19,20000,16.91,0.0,0.0,0.0
2007-02-20,25600,18.5,0.0,0.0,0.0
2007-02-21,24400,18.19,0.0,0.0,0.0
2007-02-22,21100,17.26,0.0,0.0,0.0
2007-02-23,18900,16.58,0.0,0.0,0.0
2007-02-24,17900,16.27,0.0,0.0,0.0
2007-02-25,17700,16.2,0.0,0.0,0.0
2007-02-26,17200,16.03,0.0,0.0,0.0
2007-02-27,16400,15.78,0.0,0.0,0.0
2007-02-28,16200,15.72,0.0,0.0,0.0
2007-03-01,15900,15.6,0.0,0.0,0.0
2007-03-02,15400,15.41,0.0,0.0,0.0
2007-03-03,14200,14.96,0.0,0.0,0.0
2007-03-04,13100,14.55,0.0,0.0,0.0
2007-03-05,14200,14.96,0.0,0.0,0.0
2007-03-06,16900,15.94,0.0,0.0,0.0
2007-03-07,18100,16.33,0.0,0.0,0.0
2007-03-08,20500,17.09,0.0,0.0,0.0
2007-03-09,19800,16.87,0.0,0.0,0.0
2007-03-10,19900,16.91,3.0,3.0,3.0
2007-03-11,27300,18.88,3.0,3.0,3.0
2007-03-12,60000,24.99,3.0,3.0,3.0
2007-03-13,61100,25.19,0.0,0.0,0.0
2007-03-14,36700,21.05,0.0,0.0,0.0
2007-03-15,28400,19.2,1.0,1.0,0.0
2007-03-16,25800,18.56,1.0,1.0,1.0
2007-03-17,26600,18.75,0.0,0.0,0.0
2007-03-18,34000,20.47,0.0,0.0,0.0
2007-03-19,33400,20.35,0.0,0.0,0.0
2007-03-20,35800,20.86,0.0,0.0,0.0
2007-03-21,31300,19.89,0.0,0.0,0.0
2007-03-22,26700,18.8,0.0,0.0,0.0
2007-03-23,26100,18.64,1.0,1.0,1.0
2007-03-24,42600,22.02,1.0,1.0,1.0
2007-03-25,74200,27.1,1.0,0.0,0.0
2007-03-26,54400,24.2,0.0,0.0,0.0
2007-03-27,37900,21.29,0.0,0.0,0.0
2007-03-28,29500,19.47,0.0,0.0,0.0
2007-03-29,24800,18.31,0.0,0.0,0.0
2007-03-30,22100,17.56,0.0,0.0,0.0
2007-03-31,21400,17.35,0.0,0.0,0.0
2007-04-01,19900,16.9,0.0,0.0,0.0
2007-04-02,19300,16.73,0.0,0.0,0.0
2007-04-03,18100,16.35,0.0,0.0,0.0
2007-04-04,17200,16.04,0.0,0.0,0.0
2007-04-05,16600,15.83,0.0,0.0,0.0
2007-04-06,16500,15.79,0.0,0.0,0.0
2007-04-07,17700,16.21,0.0,0.0,0.0
2007-04-08,20200,17.01,0.0,0.0,0.0
2007-04-09,21100,17.24,0.0,0.0,0.0
2007-04-10,21300,17.3,0.0,0.0,0.0
2007-04-11,18400,16.43,0.0,0.0,0.0
2007-04-12,16400,15.77,0.0,0.0,0.0
2007-04-13,15200,15.34,0.0,1.0,0.0
2007-04-14,16100,15.67,0.0,1.0,0.0
2007-04-15,17100,16.0,0.0,0.0,0.0
2007-04-16,15800,15.55,0.0,0.0,0.0
2007-04-17,15300,15.37,0.0,0.0,0.0
2007-04-18,14600,15.14,0.0,0.0,0.0
2007-04-19,13900,14.86,0.0,0.0,0.0
2007-04-20,13300,14.65,0.0,0.0,0.0
2007-04-21,15900,15.57,0.0,0.0,0.0
2007-04-22,17000,15.98,0.0,0.0,0.0
2007-04-23,16900,15.96,0.0,0.0,0.0
2007-04-24,17500,16.13,0.0,0.0,0.0
2007-04-25,18700,16.53,0.0,0.0,0.0
2007-04-26,18600,16.51,0.0,0.0,0.0
2007-04-27,20000,16.95,1.0,0.0,0.0
2007-04-28,28400,19.16,1.0,0.0,0.0
2007-04-29,28900,19.32,0.0,0.0,0.0
2007-04-30,23600,17.98,0.0,0.0,0.0
2007-05-01,20800,17.19,0.0,0.0,0.0
2007-05-02,19600,16.81,0.0,0.0,0.0
2007-05-03,17900,16.27,0.0,0.0,0.0
2007-05-04,16800,15.91,0.0,0.0,0.0
2007-05-05,14300,14.99,0.0,0.0,0.0
2007-05-06,14600,15.12,0.0,0.0,0.0
2007-05-07,14800,15.2,0.0,0.0,0.0
2007-05-08,18200,16.35,0.0,0.0,0.0
2007-05-09,19700,16.85,0.0,0.0,0.0
2007-05-10,18400,16.42,0.0,0.0,0.0
2007-05-11,17700,16.18,0.0,0.0,0.0
2007-05-12,19200,16.68,0.0,0.0,0.0
2007-05-13,17000,15.98,0.0,0.0,0.0
2007-05-14,18500,16.46,0.0,0.0,0.0
2007-05-15,18600,16.48,0.0,0.0,0.0
2007-05-16,21800,17.45,0.0,0.0,0.0
2007-05-17,23400,17.92,0.0,0.0,0.0
2007-05-18,22200,17.57,0.0,0.0,0.0
2007-05-19,18900,16.59,0.0,0.0,0.0
2007-05-20,17300,16.08,0.0,0.0,0.0
2007-05-21,18000,16.28,0.0,0.0,0.0
2007-05-22,15600,15.48,0.0,0.0,0.0
2007-05-23,14200,14.99,0.0,0.0,0.0
2007-05-24,14200,14.96,0.0,0.0,0.0
2007-05-25,15500,15.45,0.0,0.0,0.0
2007-05-26,17300,16.09,0.0,0.0,0.0
2007-05-27,18000,16.3,0.0,0.0,0.0
2007-05-28,17800,16.22,0.0,0.0,0.0
2007-05-29,16400,15.78,0.0,0.0,0.0
2007-05-30,16500,15.81,0.0,0.0,0.0
2007-05-31,21800,17.44,0.0,0.0,0.0
2007-06-01,26800,18.81,0.0,0.0,0.0
2007-06-02,30900,19.8,0.0,0.0,0.0
2007-06-03,35500,20.79,2.0,2.0,1.0
2007-06-04,42400,22.18,2.0,2.0,1.0
2007-06-05,41200,21.95,2.0,2.0,1.0
2007-06-06,36900,21.09,0.0,0.0,0.0
2007-06-07,30900,19.79,0.0,0.0,0.0
2007-06-08,26500,18.74,0.0,0.0,0.0
2007-06-09,22700,17.71,0.0,0.0,0.0
2007-06-10,25500,18.47,0.0,0.0,0.0
2007-06-11,27300,18.93,0.0,0.0,0.0
2007-06-12,24600,18.24,0.0,0.0,0.0
2007-06-13,22500,17.68,0.0,0.0,0.0
2007-06-14,22400,17.64,0.0,0.0,0.0
2007-06-15,23700,18.0,0.0,0.0,0.0
2007-06-16,22000,17.5,0.0,0.0,0.0
2007-06-17,23000,17.8,0.0,0.0,0.0
2007-06-18,24100,18.08,0.0,0.0,0.0
2007-06-19,22400,17.63,0.0,0.0,0.0
2007-06-20,22600,17.7,0.0,0.0,0.0
2007-06-21,24100,18.1,0.0,0.0,0.0
2007-06-22,26000,18.6,0.0,0.0,0.0
2007-06-23,26600,18.74,0.0,0.0,0.0
2007-06-24,22700,17.71,0.0,0.0,0.0
2007-06-25,22100,17.56,0.0,0.0,0.0
2007-06-26,21200,17.29,0.0,0.0,0.0
2007-06-27,19900,16.89,0.0,0.0,0.0
2007-06-28,18500,16.45,0.0,0.0,0.0
2007-06-29,20300,17.03,0.0,0.0,0.0
2007-06-30,19100,16.65,0.0,0.0,0.0
2007-07-01,22900,17.78,0.0,0.0,0.0
2007-07-02,22300,17.61,1.0,0.0,0.0
2007-07-03,22200,17.57,1.0,0.0,0.0
2007-07-04,24200,18.12,0.0,0.0,0.0
2007-07-05,28100,19.14,0.0,0.0,0.0
2007-07-06,34200,20.53,0.0,0.0,0.0
2007-07-07,34000,20.49,0.0,0.0,0.0
2007-07-08,28800,19.31,0.0,0.0,0.0
2007-07-09,24900,18.32,0.0,0.0,0.0
2007-07-10,24000,18.09,0.0,0.0,0.0
2007-07-11,24700,18.27,0.0,0.0,0.0
2007-07-12,26100,18.62,0.0,0.0,0.0
2007-07-13,28400,19.2,0.0,0.0,0.0
2007-07-14,29000,19.35,1.0,1.0,0.0
2007-07-15,26900,18.85,1.0,1.0,0.0
2007-07-16,25300,18.43,0.0,0.0,0.0
2007-07-17,22000,17.53,0.0,0.0,0.0
2007-07-18,19700,16.85,0.0,0.0,0.0
2007-07-19,19000,16.62,0.0,0.0,0.0
2007-07-20,20000,16.94,5.0,4.0,4.0
2007-07-21,20000,16.93,5.0,4.0,4.0
2007-07-22,22400,17.62,5.0,4.0,4.0
2007-07-23,24300,18.16,5.0,4.0,4.0
2007-07-24,23100,17.86,0.0,0.0,0.0
2007-07-25,20700,17.16,0.0,0.0,0.0
2007-07-26,19000,16.69,0.0,0.0,0.0
2007-07-27,18100,16.44,0.0,0.0,0.0
2007-07-28,15900,15.74,0.0,0.0,0.0
2007-07-29,14900,15.44,0.0,0.0,0.0
2007-07-30,13300,14.86,0.0,0.0,0.0
2007-07-31,13500,14.96,0.0,0.0,0.0
2007-08-01,12800,14.71,0.0,0.0,0.0
2007-08-02,12900,14.74,0.0,0.0,0.0
2007-08-03,12900,14.75,0.0,0.0,0.0
2007-08-04,11500,14.2,0.0,0.0,0.0
2007-08-05,10800,13.9,0.0,0.0,0.0
2007-08-06,10600,13.83,0.0,0.0,0.0
2007-08-07,9610,13.38,0.0,0.0,0.0
2007-08-08,10500,13.79,0.0,0.0,0.0
2007-08-09,10700,13.88,0.0,0.0,0.0
2007-08-10,9620,13.38,0.0,0.0,0.0
2007-08-11,9590,13.37,0.0,0.0,0.0
2007-08-12,8700,12.95,0.0,0.0,0.0
2007-08-13,8310,12.76,0.0,0.0,0.0
2007-08-14,8170,12.7,0.0,0.0,0.0
2007-08-15,8420,12.82,0.0,0.0,0.0
2007-08-16,8330,12.77,0.0,0.0,0.0
2007-08-17,8170,12.69,0.0,0.0,0.0
2007-08-18,7560,12.36,0.0,0.0,0.0
2007-08-19,6490,11.79,0.0,0.0,0.0
2007-08-20,8410,12.82,0.0,0.0,0.0
2007-08-21,7810,12.51,0.0,0.0,0.0
2007-08-22,7130,12.17,0.0,0.0,0.0
2007-08-23,8700,12.96,0.0,0.0,0.0
2007-08-24,8930,13.08,0.0,0.0,0.0
2007-08-25,8050,12.63,0.0,0.0,0.0
2007-08-26,8050,12.63,0.0,0.0,0.0
2007-08-27,8930,13.07,0.0,0.0,0.0
2007-08-28,8340,12.78,0.0,0.0,0.0
2007-08-29,7800,12.5,0.0,0.0,0.0
2007-08-30,8100,12.66,0.0,0.0,0.0
2007-08-31,7780,12.49,0.0,0.0,0.0
2007-09-01,6450,11.79,0.0,0.0,0.0
2007-09-02,7000,12.1,2.0,1.0,0.0
2007-09-03,6730,11.94,2.0,1.0,0.0
2007-09-04,7090,12.15,0.0,0.0,0.0
2007-09-05,7030,12.11,0.0,0.0,0.0
2007-09-06,7050,12.12,0.0,0.0,0.0
2007-09-07,7150,12.18,0.0,0.0,0.0
2007-09-08,6680,11.91,0.0,0.0,0.0
2007-09-09,6520,11.82,0.0,0.0,0.0
2007-09-10,6880,12.03,0.0,0.0,0.0
2007-09-11,5760,11.37,0.0,0.0,0.0
2007-09-12,5770,11.37,0.0,0.0,0.0
2007-09-13,6460,11.79,0.0,0.0,0.0
2007-09-14,6680,11.92,0.0,0.0,0.0
2007-09-15,6680,11.91,0.0,0.0,0.0
2007-09-16,6010,11.53,0.0,0.0,0.0
2007-09-17,5810,11.41,0.0,0.0,0.0
2007-09-18,6020,11.53,0.0,0.0,0.0
2007-09-19,5990,11.52,0.0,0.0,0.0
2007-09-20,5720,11.35,0.0,1.0,1.0
2007-09-21,5620,11.28,0.0,0.0,0.0
2007-09-22,5770,11.38,0.0,0.0,0.0
2007-09-23,5730,11.36,0.0,0.0,0.0
2007-09-24,5610,11.28,0.0,0.0,0.0
2007-09-25,5430,11.17,0.0,0.0,0.0
2007-09-26,5540,11.24,0.0,0.0,0.0
2007-09-27,5540,11.24,0.0,0.0,0.0
2007-09-28,5770,11.38,0.0,0.0,0.0
2007-09-29,6200,11.65,2.0,2.0,2.0
2007-09-30,6470,11.79,2.0,2.0,2.0
2007-10-01,10000,13.56,0.0,0.0,0.0
2007-10-02,12800,14.55,1.0,0.0,0.0
2007-10-03,22200,17.59,0.0,0.0,0.0
2007-10-04,16100,15.67,0.0,0.0,0.0
2007-10-05,12800,14.43,0.0,0.0,0.0
2007-10-06,13600,14.75,1.0,2.0,2.0
2007-10-07,13400,14.68,1.0,2.0,2.0
2007-10-08,25000,18.29,0.0,0.0,0.0
2007-10-09,18700,16.52,3.0,2.0,2.0
2007-10-10,15800,15.56,3.0,2.0,2.0
2007-10-11,16200,15.69,0.0,0.0,0.0
2007-10-12,15100,15.29,0.0,0.0,0.0
2007-10-13,13700,14.8,0.0,0.0,0.0
2007-10-14,12700,14.41,0.0,0.0,0.0
2007-10-15,12200,14.2,0.0,0.0,0.0
2007-10-16,12200,14.17,0.0,0.0,0.0
2007-10-17,12300,14.24,0.0,0.0,0.0
2007-10-18,12300,14.24,0.0,0.0,0.0
2007-10-19,15800,15.55,0.0,0.0,0.0
2007-10-20,18200,16.36,0.0,0.0,0.0
2007-10-21,14100,14.92,2.0,2.0,2.0
2007-10-22,15900,15.58,2.0,2.0,2.0
2007-10-23,18200,16.37,1.0,1.0,2.0
2007-10-24,17900,16.28,1.0,1.0,1.0
2007-10-25,21700,17.43,0.0,0.0,0.0
2007-10-26,20400,17.06,0.0,0.0,0.0
2007-10-27,18400,16.44,0.0,0.0,0.0
2007-10-28,17600,16.19,0.0,0.0,0.0
2007-10-29,16800,15.91,0.0,0.0,0.0
2007-10-30,16300,15.73,0.0,0.0,0.0
2007-10-31,13900,14.88,0.0,0.0,0.0
2007-11-01,11900,14.02,0.0,0.0,0.0
2007-11-02,9720,13.07,0.0,0.0,0.0
2007-11-03,9140,12.79,0.0,0.0,1.0
2007-11-04,9670,13.05,0.0,0.0,1.0
2007-11-05,10700,13.53,0.0,0.0,0.0
2007-11-06,9860,13.14,1.0,1.0,1.0
2007-11-07,9130,12.78,1.0,1.0,1.0
2007-11-08,9010,12.71,2.0,2.0,1.0
2007-11-09,9820,13.11,2.0,2.0,1.0
2007-11-10,13900,14.87,0.0,0.0,0.0
2007-11-11,16200,15.69,3.0,3.0,2.0
2007-11-12,14200,14.96,3.0,3.0,2.0
2007-11-13,15500,15.43,0.0,0.0,0.0
2007-11-14,14300,15.03,2.0,2.0,2.0
2007-11-15,14400,15.04,2.0,2.0,2.0
2007-11-16,28700,19.21,2.0,2.0,2.0
2007-11-17,28100,19.1,0.0,0.0,0.0
2007-11-18,23600,17.97,0.0,0.0,0.0
2007-11-19,20000,16.94,0.0,0.0,0.0
2007-11-20,17600,16.18,0.0,0.0,0.0
2007-11-21,15500,15.45,0.0,0.0,0.0
2007-11-22,13900,14.86,0.0,0.0,0.0
2007-11-23,12900,14.45,0.0,0.0,0.0
2007-11-24,11900,14.05,0.0,0.0,0.0
2007-11-25,11500,13.9,0.0,0.0,0.0
2007-11-26,11000,13.68,0.0,0.0,0.0
2007-11-27,10100,13.23,0.0,0.0,0.0
2007-11-28,9560,12.99,0.0,0.0,0.0
2007-11-29,9880,13.14,0.0,0.0,0.0
2007-11-30,10100,13.24,0.0,0.0,0.0
2007-12-01,12100,14.13,0.0,0.0,0.0
2007-12-02,12200,14.18,5.0,5.0,4.0
2007-12-03,23900,17.55,5.0,5.0,4.0
2007-12-04,71300,26.68,5.0,5.0,4.0
2007-12-05,68500,26.28,0.0,0.0,0.0
2007-12-06,38600,21.4,0.0,0.0,0.0
2007-12-07,27900,19.07,0.0,0.0,0.0
2007-12-08,22700,17.71,0.0,0.0,0.0
2007-12-09,19700,16.83,0.0,0.0,0.0
2007-12-10,17800,16.25,0.0,0.0,0.0
2007-12-11,16700,15.88,0.0,0.0,0.0
2007-12-12,15800,15.57,0.0,0.0,0.0
2007-12-13,15300,15.39,0.0,0.0,0.0
2007-12-14,15100,15.33,0.0,0.0,0.0
2007-12-15,15300,15.37,0.0,0.0,0.0
2007-12-16,14100,14.93,0.0,0.0,0.0
2007-12-17,12600,14.32,0.0,0.0,0.0
2007-12-18,12300,14.23,0.0,0.0,0.0
2007-12-19,14100,14.93,0.0,0.0,0.0
2007-12-20,15300,15.37,0.0,0.0,0.0
2007-12-21,14000,14.88,0.0,0.0,0.0
2007-12-22,13300,14.62,0.0,0.0,0.0
2007-12-23,13500,14.72,1.0,1.0,0.0
2007-12-24,17800,16.25,1.0,1.0,0.0
2007-12-25,15900,15.58,0.0,0.0,0.0
2007-12-26,14900,15.22,0.0,0.0,0.0
2007-12-27,13600,14.75,0.0,0.0,0.0
2007-12-28,13200,14.59,0.0,0.0,0.0
2007-12-29,12800,14.43,0.0,0.0,0.0
2007-12-30,12600,14.35,0.0,0.0,0.0
2007-12-31,11900,14.04,0.0,0.0,0.0
2008-01-01,12000,14.11,0.0,0.0,0.0
2008-01-02,12700,14.36,0.0,0.0,0.0
2008-01-03,11500,13.86,1.0,1.0,0.0
2008-01-04,14100,14.95,2.0,1.0,0.0
2008-01-05,15800,15.56,2.0,1.0,0.0
2008-01-06,15300,15.38,0.0,0.0,0.0
2008-01-07,14500,15.06,0.0,0.0,0.0
2008-01-08,15000,15.25,0.0,0.0,0.0
2008-01-09,14200,14.95,0.0,0.0,0.0
2008-01-10,13900,14.86,0.0,0.0,0.0
2008-01-11,18500,16.45,0.0,0.0,0.0
2008-01-12,19900,16.87,0.0,0.0,0.0
2008-01-13,18800,16.56,0.0,0.0,0.0
2008-01-14,18000,16.3,0.0,1.0,0.0
2008-01-15,19200,16.67,0.0,0.0,0.0
2008-01-16,17200,16.03,0.0,0.0,0.0
2008-01-17,15400,15.41,0.0,0.0,0.0
2008-01-18,15700,15.54,0.0,0.0,0.0
2008-01-19,13700,14.72,0.0,0.0,0.0
2008-01-20,11400,13.81,0.0,0.0,0.0
2008-01-21,13900,14.85,0.0,0.0,0.0
2008-01-22,12600,14.35,0.0,0.0,0.0
2008-01-23,11700,13.97,0.0,0.0,0.0
2008-01-24,11100,13.71,0.0,0.0,0.0
2008-01-25,12100,14.12,0.0,0.0,0.0
2008-01-26,11500,13.83,0.0,0.0,0.0
2008-01-27,11900,14.05,0.0,0.0,0.0
2008-01-28,13200,14.58,0.0,0.0,0.0
2008-01-29,12700,14.37,0.0,0.0,0.0
2008-01-30,12500,14.28,0.0,0.0,0.0
2008-01-31,11700,13.95,0.0,0.0,0.0
2008-02-01,10200,13.26,0.0,0.0,0.0
2008-02-02,9990,13.19,0.0,0.0,0.0
2008-02-03,11500,13.88,0.0,0.0,0.0
2008-02-04,11300,13.77,0.0,0.0,0.0
2008-02-05,11200,13.72,0.0,0.0,0.0
2008-02-06,12300,14.21,0.0,0.0,0.0
2008-02-07,14100,14.94,0.0,0.0,0.0
2008-02-08,16600,15.83,1.0,1.0,1.0
2008-02-09,16300,15.71,1.0,1.0,1.0
2008-02-10,15700,15.51,0.0,0.0,0.0
2008-02-11,19600,16.8,0.0,0.0,0.0
2008-02-12,16800,15.92,0.0,0.0,0.0
2008-02-13,16400,15.75,0.0,0.0,0.0
2008-02-14,16800,15.89,0.0,0.0,0.0
2008-02-15,15000,15.27,0.0,0.0,0.0
2008-02-16,14600,15.13,0.0,0.0,0.0
2008-02-17,15200,15.34,0.0,0.0,0.0
2008-02-18,15200,15.34,0.0,0.0,0.0
2008-02-19,14800,15.2,0.0,0.0,0.0
2008-02-20,14800,15.18,0.0,0.0,0.0
2008-02-21,13900,14.86,0.0,0.0,0.0
2008-02-22,12300,14.21,0.0,0.0,0.0
2008-02-23,10400,13.39,0.0,0.0,0.0
2008-02-24,10100,13.25,0.0,0.0,0.0
2008-02-25,10900,13.6,0.0,0.0,0.0
2008-02-26,11500,13.86,0.0,0.0,0.0
2008-02-27,11600,13.91,0.0,0.0,0.0
2008-02-28,11300,13.78,0.0,0.0,0.0
2008-02-29,10800,13.55,0.0,0.0,0.0
2008-03-01,13900,14.87,0.0,0.0,0.0
2008-03-02,14000,14.89,0.0,0.0,0.0
2008-03-03,13300,14.59,0.0,0.0,0.0
2008-03-04,11700,13.95,0.0,0.0,0.0
2008-03-05,12900,14.47,0.0,0.0,0.0
2008-03-06,15100,15.29,0.0,0.0,0.0
2008-03-07,14000,14.87,0.0,0.0,0.0
2008-03-08,13700,14.77,0.0,0.0,0.0
2008-03-09,13700,14.78,0.0,0.0,0.0
2008-03-10,13400,14.66,1.0,1.0,0.0
2008-03-11,18300,16.37,1.0,1.0,0.0
2008-03-12,19700,16.84,0.0,0.0,0.0
2008-03-13,18500,16.47,0.0,0.0,0.0
2008-03-14,18300,16.42,0.0,0.0,0.0
2008-03-15,16300,15.73,0.0,0.0,0.0
2008-03-16,13300,14.61,0.0,0.0,0.0
2008-03-17,14700,15.15,0.0,0.0,0.0
2008-03-18,13000,14.51,0.0,0.0,0.0
2008-03-19,11400,13.82,0.0,0.0,0.0
2008-03-20,11100,13.7,0.0,0.0,0.0
2008-03-21,10400,13.4,0.0,0.0,0.0
2008-03-22,10100,13.23,0.0,0.0,0.0
2008-03-23,10700,13.52,0.0,0.0,0.0
2008-03-24,12500,14.3,0.0,0.0,0.0
2008-03-25,13100,14.56,0.0,0.0,0.0
2008-03-26,12300,14.23,0.0,0.0,0.0
2008-03-27,12000,14.09,0.0,0.0,0.0
2008-03-28,12300,14.24,0.0,0.0,0.0
2008-03-29,10000,13.21,0.0,0.0,0.0
2008-03-30,9520,12.97,0.0,0.0,0.0
2008-03-31,11100,13.72,0.0,0.0,0.0
2008-04-01,10100,13.21,0.0,0.0,0.0
2008-04-02,8770,12.59,0.0,0.0,0.0
2008-04-03,9120,12.77,0.0,0.0,0.0
2008-04-04,8550,12.48,0.0,0.0,0.0
2008-04-05,8160,12.27,0.0,0.0,0.0
2008-04-06,8040,12.21,0.0,0.0,0.0
2008-04-07,8120,12.25,0.0,0.0,0.0
2008-04-08,8250,12.32,0.0,0.0,0.0
2008-04-09,8380,12.4,0.0,0.0,0.0
2008-04-10,8230,12.31,0.0,0.0,0.0
2008-04-11,8020,12.2,0.0,0.0,0.0
2008-04-12,7960,12.17,0.0,0.0,0.0
2008-04-13,8980,12.7,0.0,0.0,0.0
2008-04-14,10700,13.53,0.0,0.0,0.0
2008-04-15,11100,13.7,0.0,0.0,0.0
2008-04-16,10300,13.33,0.0,0.0,0.0
2008-04-17,9610,13.02,0.0,0.0,0.0
2008-04-18,9430,12.93,0.0,0.0,0.0
2008-04-19,9310,12.87,0.0,0.0,0.0
2008-04-20,9000,12.72,0.0,0.0,0.0
2008-04-21,8680,12.55,0.0,0.0,0.0
2008-04-22,8360,12.38,0.0,0.0,0.0
2008-04-23,8230,12.31,0.0,0.0,0.0
2008-04-24,8340,12.37,0.0,0.0,0.0
2008-04-25,8650,12.54,0.0,0.0,0.0
2008-04-26,8400,12.4,0.0,0.0,0.0
2008-04-27,8090,12.24,0.0,0.0,0.0
2008-04-28,9420,12.92,0.0,0.0,0.0
2008-04-29,13400,14.66,0.0,0.0,0.0
2008-04-30,13900,14.86,0.0,0.0,0.0
2008-05-01,11800,14.03,0.0,0.0,0.0
2008-05-02,10200,13.29,0.0,0.0,0.0
2008-05-03,9510,12.97,0.0,0.0,0.0
2008-05-04,9750,13.09,0.0,0.0,0.0
2008-05-05,11100,13.71,0.0,0.0,0.0
2008-05-06,13200,14.59,0.0,0.0,0.0
2008-05-07,14100,14.95,0.0,0.0,0.0
2008-05-08,13900,14.88,0.0,0.0,0.0
2008-05-09,12700,14.37,0.0,0.0,0.0
2008-05-10,12000,14.08,0.0,0.0,0.0
2008-05-11,12600,14.34,0.0,0.0,0.0
2008-05-12,13600,14.74,0.0,0.0,0.0
2008-05-13,15900,15.61,2.0,2.0,2.0
2008-05-14,14100,14.91,2.0,2.0,2.0
2008-05-15,22100,17.53,0.0,0.0,0.0
2008-05-16,30300,19.62,0.0,0.0,0.0
2008-05-17,44000,22.46,0.0,0.0,0.0
2008-05-18,60400,25.17,1.0,0.0,0.0
2008-05-19,59100,24.98,1.0,1.0,1.0
2008-05-20,56200,24.53,1.0,1.0,1.0
2008-05-21,61300,25.3,0.0,0.0,0.0
2008-05-22,43300,22.31,0.0,0.0,0.0
2008-05-23,31200,19.86,0.0,0.0,0.0
2008-05-24,26600,18.82,0.0,0.0,0.0
2008-05-25,30500,19.7,0.0,0.0,0.0
2008-05-26,36600,21.03,0.0,0.0,0.0
2008-05-27,37900,21.3,0.0,0.0,0.0
2008-05-28,40400,21.8,0.0,0.0,0.0
2008-05-29,40900,21.9,0.0,0.0,0.0
2008-05-30,35300,20.76,0.0,0.0,0.0
2008-05-31,29700,19.53,0.0,0.0,0.0
2008-06-01,29900,19.58,0.0,0.0,0.0
2008-06-02,28100,19.17,0.0,0.0,0.0
2008-06-03,25700,18.62,0.0,0.0,0.0
2008-06-04,27700,19.08,0.0,0.0,0.0
2008-06-05,25700,18.63,0.0,0.0,0.0
2008-06-06,25700,18.62,0.0,0.0,0.0
2008-06-07,24500,18.32,0.0,0.0,0.0
2008-06-08,22100,17.73,0.0,0.0,0.0
2008-06-09,20800,17.39,0.0,0.0,0.0
2008-06-10,21800,17.64,0.0,0.0,0.0
2008-06-11,20900,17.41,0.0,0.0,0.0
2008-06-12,21600,17.59,0.0,0.0,0.0
2008-06-13,19500,17.02,0.0,0.0,0.0
2008-06-14,20800,17.38,0.0,0.0,0.0
2008-06-15,23000,17.95,0.0,0.0,0.0
2008-06-16,22300,17.78,0.0,0.0,0.0
2008-06-17,25100,18.49,0.0,0.0,0.0
2008-06-18,22700,17.88,0.0,0.0,0.0
2008-06-19,21300,17.51,0.0,0.0,0.0
2008-06-20,22600,17.86,0.0,0.0,0.0
2008-06-21,24900,18.43,0.0,0.0,0.0
2008-06-22,28200,19.19,0.0,0.0,0.0
2008-06-23,28900,19.35,0.0,0.0,0.0
2008-06-24,25400,18.55,0.0,0.0,0.0
2008-06-25,23500,18.08,0.0,0.0,0.0
2008-06-26,22800,17.9,0.0,0.0,0.0
2008-06-27,23000,17.95,0.0,0.0,0.0
2008-06-28,28600,19.28,0.0,0.0,0.0
2008-06-29,44100,22.44,0.0,0.0,0.0
2008-06-30,56400,24.57,0.0,0.0,0.0
2008-07-01,58800,24.94,0.0,0.0,0.0
2008-07-02,60800,25.23,0.0,0.0,0.0
2008-07-03,58800,24.94,0.0,0.0,0.0
2008-07-04,55700,24.46,0.0,0.0,0.0
2008-07-05,48100,23.19,0.0,0.0,0.0
2008-07-06,39900,21.71,0.0,0.0,0.0
2008-07-07,34100,20.51,0.0,0.0,0.0
2008-07-08,29300,19.44,0.0,0.0,0.0
2008-07-09,28900,19.35,0.0,0.0,0.0
2008-07-10,28700,19.3,0.0,0.0,0.0
2008-07-11,25700,18.62,0.0,0.0,0.0
2008-07-12,23500,18.08,0.0,0.0,0.0
2008-07-13,21400,17.55,0.0,0.0,0.0
2008-07-14,23800,18.15,0.0,0.0,0.0
2008-07-15,21000,17.44,0.0,0.0,0.0
2008-07-16,20500,17.3,0.0,0.0,0.0
2008-07-17,18600,16.76,0.0,0.0,0.0
2008-07-18,17300,16.36,0.0,0.0,0.0
2008-07-19,17200,16.34,0.0,0.0,0.0
2008-07-20,17300,16.38,0.0,0.0,0.0
2008-07-21,16900,16.24,0.0,0.0,0.0
2008-07-22,16700,16.19,0.0,0.0,0.0
2008-07-23,15300,15.74,0.0,0.0,0.0
2008-07-24,13900,15.25,0.0,0.0,0.0
2008-07-25,13900,15.26,0.0,0.0,0.0
2008-07-26,14400,15.42,0.0,0.0,0.0
2008-07-27,14500,15.48,0.0,0.0,0.0
2008-07-28,15200,15.73,0.0,0.0,0.0
2008-07-29,14400,15.43,0.0,0.0,0.0
2008-07-30,14400,15.45,0.0,0.0,0.0
2008-07-31,13300,15.05,1.0,0.0,0.0
2008-08-01,13300,15.05,1.0,0.0,0.0
2008-08-02,13200,14.99,0.0,0.0,0.0
2008-08-03,11900,14.54,0.0,0.0,0.0
2008-08-04,11200,14.27,0.0,0.0,0.0
2008-08-05,12700,14.82,0.0,0.0,0.0
2008-08-06,14000,15.31,0.0,0.0,0.0
2008-08-07,13600,15.15,0.0,0.0,0.0
2008-08-08,13300,15.07,0.0,0.0,0.0
2008-08-09,12100,14.63,0.0,0.0,0.0
2008-08-10,11700,14.45,0.0,0.0,0.0
2008-08-11,12500,14.77,0.0,0.0,0.0
2008-08-12,13400,15.12,0.0,0.0,0.0
2008-08-13,13600,15.17,0.0,0.0,0.0
2008-08-14,13700,15.22,0.0,0.0,0.0
2008-08-15,13900,15.27,0.0,0.0,0.0
2008-08-16,13000,14.94,0.0,0.0,0.0
2008-08-17,12400,14.72,0.0,0.0,0.0
2008-08-18,12700,14.84,0.0,0.0,0.0
2008-08-19,11500,14.4,1.0,1.0,1.0
2008-08-20,13100,14.97,1.0,1.0,1.0
2008-08-21,17400,16.39,0.0,0.0,0.0
2008-08-22,20600,17.31,0.0,0.0,0.0
2008-08-23,15400,15.78,0.0,3.0,3.0
2008-08-24,14000,15.33,2.0,3.0,3.0
2008-08-25,14800,15.59,0.0,0.0,0.0
2008-08-26,14600,15.5,3.0,3.0,3.0
2008-08-27,14800,15.58,3.0,3.0,3.0
2008-08-28,16100,16.03,3.0,3.0,3.0
2008-08-29,16000,15.98,3.0,3.0,3.0
2008-08-30,18200,16.64,0.0,0.0,0.0
2008-08-31,15700,15.87,0.0,0.0,0.0
2008-09-01,13700,15.21,0.0,0.0,0.0
2008-09-02,13000,14.95,0.0,0.0,0.0
2008-09-03,11900,14.56,0.0,0.0,0.0
2008-09-04,10700,14.06,0.0,0.0,0.0
2008-09-05,11300,14.32,1.0,0.0,0.0
2008-09-06,9750,13.64,1.0,0.0,0.0
2008-09-07,9210,13.4,0.0,0.0,0.0
2008-09-08,10800,14.12,0.0,0.0,0.0
2008-09-09,9420,13.52,0.0,0.0,0.0
2008-09-10,9290,13.46,0.0,0.0,0.0
2008-09-11,9120,13.38,0.0,0.0,0.0
2008-09-12,9100,13.37,0.0,0.0,0.0
2008-09-13,9070,13.36,0.0,0.0,0.0
2008-09-14,8910,13.29,0.0,0.0,0.0
2008-09-15,8000,12.84,0.0,0.0,0.0
2008-09-16,6600,12.11,0.0,0.0,0.0
2008-09-17,6660,12.14,0.0,0.0,0.0
2008-09-18,6530,12.06,0.0,0.0,0.0
2008-09-19,6610,12.12,0.0,0.0,0.0
2008-09-20,6670,12.15,0.0,0.0,0.0
2008-09-21,6830,12.24,0.0,0.0,0.0
2008-09-22,7160,12.42,0.0,0.0,0.0
2008-09-23,7550,12.62,0.0,0.0,0.0
2008-09-24,6860,12.26,0.0,0.0,0.0
2008-09-25,6840,12.25,0.0,0.0,0.0
2008-09-26,7350,12.52,0.0,0.0,0.0
2008-09-27,7560,12.63,0.0,0.0,0.0
2008-09-28,7060,12.37,0.0,0.0,0.0
2008-09-29,7110,12.39,0.0,0.0,0.0
2008-09-30,6890,12.28,0.0,0.0,0.0
2008-10-01,6270,11.92,2.0,0.0,0.0
2008-10-02,6220,11.89,2.0,2.0,2.0
2008-10-03,6450,12.02,2.0,2.0,2.0
2008-10-04,6580,12.1,2.0,1.0,0.0
2008-10-05,8800,13.22,0.0,0.0,0.0
2008-10-06,8490,13.09,1.0,1.0,1.0
2008-10-07,11200,14.22,1.0,1.0,1.0
2008-10-08,12600,14.81,0.0,0.0,0.0
2008-10-09,9360,13.49,0.0,0.0,0.0
2008-10-10,8100,12.9,0.0,0.0,0.0
2008-10-11,7540,12.62,0.0,0.0,0.0
2008-10-12,8270,12.98,0.0,0.0,0.0
2008-10-13,7630,12.66,0.0,0.0,0.0
2008-10-14,8710,13.16,0.0,0.0,0.0
2008-10-15,8820,13.25,0.0,0.0,0.0
2008-10-16,8160,12.93,0.0,1.0,2.0
2008-10-17,9450,13.54,0.0,1.0,2.0
2008-10-18,9930,13.75,0.0,0.0,0.0
2008-10-19,9800,13.69,0.0,0.0,0.0
2008-10-20,9280,13.46,0.0,0.0,0.0
2008-10-21,9630,13.61,0.0,0.0,0.0
2008-10-22,7800,12.75,0.0,0.0,0.0
2008-10-23,7380,12.54,0.0,0.0,0.0
2008-10-24,7170,12.43,2.0,1.0,1.0
2008-10-25,6920,12.29,2.0,1.0,1.0
2008-10-26,8550,13.11,0.0,0.0,0.0
2008-10-27,8730,13.21,0.0,0.0,0.0
2008-10-28,8340,13.02,0.0,0.0,0.0
2008-10-29,8530,13.12,0.0,0.0,0.0
2008-10-30,8450,13.07,2.0,1.0,1.0
2008-10-31,8170,12.94,2.0,1.0,1.0
2008-11-01,7660,12.68,2.0,2.0,2.0
2008-11-02,8170,12.94,2.0,2.0,2.0
2008-11-03,9960,13.75,0.0,0.0,0.0
2008-11-04,12700,14.85,0.0,0.0,0.0
2008-11-05,12600,14.82,0.0,0.0,0.0
2008-11-06,13100,14.97,4.0,2.0,1.0
2008-11-07,39100,21.33,4.0,2.0,2.0
2008-11-08,52100,24.61,4.0,2.0,2.0
2008-11-09,29500,20.84,4.0,2.0,0.0
2008-11-10,22200,18.97,0.0,0.0,0.0
2008-11-11,23900,19.46,4.0,3.0,3.0
2008-11-12,41900,23.21,4.0,3.0,3.0
2008-11-13,60000,26.49,4.0,3.0,3.0
2008-11-14,35500,22.17,0.0,0.0,0.0
2008-11-15,25800,19.94,0.0,0.0,0.0
2008-11-16,21200,18.69,0.0,0.0,0.0
2008-11-17,17600,17.58,0.0,0.0,0.0
2008-11-18,15600,16.89,0.0,0.0,0.0
2008-11-19,13700,16.17,0.0,0.0,0.0
2008-11-20,13100,15.95,0.0,0.0,0.0
2008-11-21,11800,15.41,0.0,0.0,0.0
2008-11-22,11400,15.26,0.0,0.0,0.0
2008-11-23,11500,15.29,0.0,0.0,0.0
2008-11-24,10900,15.0,0.0,0.0,0.0
2008-11-25,10600,14.87,0.0,0.0,0.0
2008-11-26,9950,14.57,0.0,0.0,0.0
2008-11-27,9270,14.24,0.0,0.0,0.0
2008-11-28,9100,14.16,1.0,1.0,1.0
2008-11-29,10900,15.0,1.0,1.0,1.0
2008-11-30,13200,15.97,1.0,1.0,1.0
2008-12-01,12600,15.72,0.0,0.0,0.0
2008-12-02,13200,15.99,0.0,0.0,0.0
2008-12-03,14400,16.43,0.0,0.0,0.0
2008-12-04,12600,15.75,0.0,0.0,0.0
2008-12-05,11700,15.38,0.0,0.0,0.0
2008-12-06,11000,15.08,0.0,0.0,0.0
2008-12-07,11200,15.15,0.0,0.0,0.0
2008-12-08,11500,15.28,0.0,0.0,0.0
2008-12-09,11100,15.12,0.0,0.0,0.0
2008-12-10,10900,15.02,0.0,0.0,0.0
2008-12-11,8500,,0.0,0.0,0.0
2008-12-12,9720,14.47,0.0,0.0,0.0
2008-12-13,8250,,0.0,0.0,0.0
2008-12-14,7000,,0.0,0.0,0.0
2008-12-15,7250,,0.0,0.0,0.0
2008-12-16,8310,13.75,0.0,0.0,0.0
2008-12-17,7840,13.49,0.0,0.0,0.0
2008-12-18,7080,13.07,0.0,0.0,0.0
2008-12-19,6780,12.89,0.0,0.0,0.0
2008-12-20,7030,13.03,0.0,0.0,0.0
2008-12-21,7660,13.38,0.0,0.0,0.0
2008-12-22,7000,13.01,0.0,0.0,0.0
2008-12-23,6710,12.84,0.0,0.0,0.0
2008-12-24,7680,13.4,0.0,0.0,0.0
2008-12-25,6920,12.95,0.0,0.0,0.0
2008-12-26,6350,12.61,0.0,0.0,0.0
2008-12-27,6450,12.68,0.0,0.0,0.0
2008-12-28,6910,12.96,0.0,0.0,0.0
2008-12-29,6820,12.91,0.0,0.0,0.0
2008-12-30,7880,13.51,0.0,0.0,0.0
2008-12-31,6840,12.92,0.0,0.0,0.0
2009-01-01,6990,12.99,0.0,0.0,0.0
2009-01-02,7770,13.42,0.0,0.0,0.0
2009-01-03,8750,13.97,0.0,0.0,0.0
2009-01-04,8600,13.9,0.0,0.0,0.0
2009-01-05,9340,14.29,0.0,0.0,0.0
2009-01-06,11300,15.15,4.0,4.0,4.0
2009-01-07,37900,22.14,4.0,4.0,4.0
2009-01-08,72900,27.74,4.0,4.0,4.0
2009-01-09,59300,25.66,0.0,0.0,0.0
2009-01-10,34400,21.3,2.0,1.0,1.0
2009-01-11,27200,19.66,2.0,1.0,1.0
2009-01-12,23100,18.59,0.0,0.0,0.0
2009-01-13,21400,18.09,0.0,0.0,0.0
2009-01-14,18400,17.18,0.0,0.0,0.0
2009-01-15,16500,16.55,0.0,0.0,0.0
2009-01-16,16600,16.57,0.0,0.0,0.0
2009-01-17,16200,16.45,0.0,0.0,0.0
2009-01-18,16600,16.59,0.0,0.0,0.0
2009-01-19,18900,17.31,0.0,0.0,0.0
2009-01-20,21300,18.05,0.0,0.0,0.0
2009-01-21,18800,17.3,0.0,0.0,0.0
2009-01-22,15500,16.19,0.0,0.0,0.0
2009-01-23,16300,16.48,0.0,0.0,0.0
2009-01-24,17100,16.74,0.0,0.0,0.0
2009-01-25,13600,15.45,0.0,0.0,0.0
2009-01-26,12500,15.03,0.0,0.0,0.0
2009-01-27,11400,14.6,0.0,0.0,0.0
2009-01-28,12300,14.98,0.0,0.0,0.0
2009-01-29,10200,14.04,0.0,0.0,0.0
2009-01-30,11000,14.4,0.0,0.0,0.0
2009-01-31,10700,14.27,0.0,0.0,0.0
2009-02-01,10900,14.37,0.0,0.0,0.0
2009-02-02,11200,14.49,0.0,0.0,0.0
2009-02-03,11200,14.47,0.0,0.0,0.0
2009-02-04,11500,14.62,0.0,0.0,0.0
2009-02-05,11800,14.75,0.0,0.0,0.0
2009-02-06,11500,14.62,0.0,0.0,0.0
2009-02-07,11000,14.35,0.0,0.0,0.0
2009-02-08,10000,13.97,0.0,0.0,0.0
2009-02-09,10900,14.32,0.0,0.0,0.0
2009-02-10,10500,14.2,0.0,0.0,0.0
2009-02-11,10800,14.3,0.0,0.0,0.0
2009-02-12,9810,13.86,0.0,0.0,0.0
2009-02-13,9920,13.91,0.0,0.0,0.0
2009-02-14,9580,13.74,0.0,0.0,0.0
2009-02-15,9220,13.56,0.0,0.0,0.0
2009-02-16,11100,14.44,0.0,0.0,0.0
2009-02-17,8830,13.38,0.0,0.0,0.0
2009-02-18,8250,13.07,0.0,0.0,0.0
2009-02-19,7700,12.76,0.0,0.0,0.0
2009-02-20,7080,12.42,0.0,0.0,0.0
2009-02-21,7710,12.77,0.0,0.0,0.0
2009-02-22,6680,12.17,0.0,0.0,0.0
2009-02-23,7310,12.54,0.0,0.0,0.0
2009-02-24,8840,13.37,0.0,0.0,0.0
2009-02-25,9340,13.62,0.0,0.0,0.0
2009-02-26,9540,13.73,0.0,0.0,0.0
2009-02-27,9220,13.57,0.0,0.0,0.0
2009-02-28,8230,13.06,1.0,0.0,0.0
2009-03-01,7830,12.84,1.0,1.0,0.0
2009-03-02,8710,13.29,1.0,1.0,0.0
2009-03-03,10200,14.05,0.0,0.0,0.0
2009-03-04,9420,13.67,0.0,0.0,0.0
2009-03-05,8920,13.42,0.0,0.0,0.0
2009-03-06,9360,13.64,0.0,0.0,0.0
2009-03-07,8280,13.08,0.0,0.0,0.0
2009-03-08,7460,12.64,0.0,0.0,0.0
2009-03-09,7220,12.5,0.0,0.0,0.0
2009-03-10,7190,12.48,0.0,0.0,0.0
2009-03-11,7040,12.39,0.0,0.0,0.0
2009-03-12,6750,12.22,0.0,0.0,0.0
2009-03-13,6570,12.11,0.0,0.0,0.0
2009-03-14,6600,12.13,0.0,0.0,0.0
2009-03-15,7040,12.39,0.0,0.0,0.0
2009-03-16,6930,12.33,0.0,0.0,0.0
2009-03-17,6860,12.29,0.0,0.0,0.0
2009-03-18,6740,12.21,0.0,0.0,0.0
2009-03-19,6890,12.25,0.0,0.0,0.0
2009-03-20,8540,12.84,0.0,0.0,0.0
2009-03-21,11500,13.91,0.0,0.0,0.0
2009-03-22,10400,13.38,0.0,0.0,0.0
2009-03-23,9420,12.93,0.0,0.0,0.0
2009-03-24,8500,,0.0,0.0,0.0
2009-03-25,9650,,0.0,0.0,0.0
2009-03-26,9440,12.94,0.0,0.0,0.0
2009-03-27,9040,12.74,0.0,0.0,0.0
2009-03-28,8940,12.69,0.0,0.0,0.0
2009-03-29,8980,12.7,0.0,0.0,0.0
2009-03-30,8710,12.57,0.0,0.0,0.0
2009-03-31,9080,12.75,0.0,0.0,0.0
2009-04-01,9380,12.91,0.0,0.0,0.0
2009-04-02,10200,13.29,0.0,0.0,0.0
2009-04-03,10300,13.36,0.0,0.0,0.0
2009-04-04,9870,13.14,0.0,0.0,0.0
2009-04-05,9310,12.87,0.0,0.0,0.0
2009-04-06,9950,13.17,0.0,0.0,0.0
2009-04-07,11000,13.64,0.0,0.0,0.0
2009-04-08,11400,13.85,0.0,0.0,0.0
2009-04-09,12700,14.35,0.0,0.0,0.0
2009-04-10,14000,14.9,0.0,0.0,0.0
2009-04-11,11900,14.02,0.0,0.0,0.0
2009-04-12,12000,14.06,0.0,0.0,0.0
2009-04-13,21800,17.44,0.0,0.0,0.0
2009-04-14,18200,16.34,0.0,0.0,0.0
2009-04-15,14300,15.02,0.0,0.0,0.0
2009-04-16,13400,14.66,0.0,0.0,0.0
2009-04-17,14900,15.21,0.0,0.0,0.0
2009-04-18,17300,16.06,0.0,0.0,0.0
2009-04-19,16100,15.67,0.0,0.0,0.0
2009-04-20,17200,16.04,0.0,0.0,0.0
2009-04-21,20000,16.92,0.0,0.0,0.0
2009-04-22,22000,17.52,0.0,0.0,0.0
2009-04-23,22200,17.59,0.0,0.0,0.0
2009-04-24,18800,16.57,0.0,0.0,0.0
2009-04-25,16600,15.82,0.0,0.0,0.0
2009-04-26,15400,15.41,0.0,0.0,0.0
2009-04-27,14500,15.09,0.0,0.0,0.0
2009-04-28,14000,14.9,0.0,0.0,0.0
2009-04-29,13500,14.72,0.0,0.0,0.0
2009-04-30,13400,14.64,0.0,0.0,0.0
2009-05-01,10700,13.54,0.0,0.0,0.0
2009-05-02,12200,14.14,0.0,0.0,0.0
2009-05-03,15000,15.24,0.0,0.0,0.0
2009-05-04,16100,15.67,1.0,1.0,0.0
2009-05-05,18400,16.41,1.0,1.0,0.0
2009-05-06,25800,18.56,0.0,0.0,0.0
2009-05-07,26100,18.64,0.0,0.0,0.0
2009-05-08,22200,17.84,0.0,0.0,0.0
2009-05-09,17700,16.83,0.0,0.0,0.0
2009-05-10,14400,16.0,0.0,0.0,0.0
2009-05-11,16200,16.7,0.0,0.0,0.0
2009-05-12,20000,17.92,0.0,0.0,0.0
2009-05-13,18100,17.33,0.0,0.0,0.0
2009-05-14,17900,17.26,0.0,0.0,0.0
2009-05-15,18400,17.43,0.0,0.0,0.0
2009-05-16,17000,16.98,0.0,0.0,0.0
2009-05-17,17700,17.2,0.0,0.0,0.0
2009-05-18,20800,18.18,0.0,0.0,0.0
2009-05-19,25900,19.58,0.0,0.0,0.0
2009-05-20,23600,18.97,0.0,0.0,0.0
2009-05-21,21100,18.25,0.0,0.0,0.0
2009-05-22,18000,17.3,0.0,0.0,0.0
2009-05-23,16600,16.82,0.0,0.0,0.0
2009-05-24,16400,16.75,0.0,0.0,0.0
2009-05-25,17900,17.27,0.0,0.0,0.0
2009-05-26,19700,17.84,0.0,0.0,0.0
2009-05-27,21600,18.39,0.0,0.0,0.0
2009-05-28,19300,17.72,0.0,0.0,0.0
2009-05-29,22900,18.78,0.0,0.0,0.0
2009-05-30,28500,20.22,0.0,0.0,0.0
2009-05-31,29000,20.34,0.0,0.0,0.0
2009-06-01,27400,19.97,0.0,0.0,0.0
2009-06-02,28600,20.26,0.0,0.0,0.0
2009-06-03,31300,20.89,0.0,0.0,0.0
2009-06-04,29600,20.5,0.0,0.0,0.0
2009-06-05,29500,20.46,0.0,0.0,0.0
2009-06-06,29500,20.48,0.0,0.0,0.0
2009-06-07,25800,19.54,0.0,0.0,0.0
2009-06-08,23300,18.89,0.0,0.0,0.0
2009-06-09,20800,18.17,0.0,0.0,0.0
2009-06-10,21100,18.28,0.0,0.0,0.0
2009-06-11,21900,18.49,0.0,0.0,0.0
2009-06-12,21800,18.46,0.0,0.0,0.0
2009-06-13,24200,19.14,0.0,0.0,0.0
2009-06-14,26900,19.85,0.0,0.0,0.0
2009-06-15,26300,19.69,0.0,0.0,0.0
2009-06-16,26400,19.72,0.0,0.0,0.0
2009-06-17,25600,19.5,0.0,0.0,0.0
2009-06-18,23800,19.03,0.0,0.0,0.0
2009-06-19,22300,18.61,0.0,0.0,0.0
2009-06-20,22100,18.55,0.0,0.0,0.0
2009-06-21,19800,17.85,0.0,0.0,0.0
2009-06-22,17500,17.16,0.0,0.0,0.0
2009-06-23,16300,16.74,0.0,0.0,0.0
2009-06-24,15000,16.28,2.0,2.0,1.0
2009-06-25,15400,16.4,2.0,2.0,1.0
2009-06-26,17700,17.2,0.0,0.0,0.0
2009-06-27,18300,17.42,0.0,0.0,0.0
2009-06-28,17500,17.12,0.0,0.0,0.0
2009-06-29,17200,17.05,0.0,0.0,0.0
2009-06-30,16900,16.94,0.0,0.0,0.0
2009-07-01,17100,17.0,0.0,0.0,0.0
2009-07-02,15200,16.33,0.0,0.0,0.0
2009-07-03,16000,16.61,0.0,0.0,0.0
2009-07-04,16800,16.9,0.0,0.0,0.0
2009-07-05,16500,16.78,0.0,0.0,0.0
2009-07-06,16500,16.81,0.0,0.0,0.0
2009-07-07,16100,16.66,0.0,0.0,0.0
2009-07-08,14500,16.06,0.0,0.0,0.0
2009-07-09,13600,15.74,0.0,0.0,0.0
2009-07-10,13500,15.7,0.0,0.0,0.0
2009-07-11,11900,15.04,0.0,0.0,0.0
2009-07-12,13300,15.64,0.0,0.0,0.0
2009-07-13,14800,16.2,0.0,0.0,0.0
2009-07-14,14100,15.94,0.0,0.0,0.0
2009-07-15,12600,15.35,0.0,0.0,0.0
2009-07-16,11900,15.03,0.0,0.0,0.0
2009-07-17,12000,15.1,0.0,0.0,0.0
2009-07-18,13700,15.76,0.0,0.0,0.0
2009-07-19,11900,15.06,0.0,0.0,0.0
2009-07-20,12400,15.25,0.0,0.0,0.0
2009-07-21,11900,15.04,0.0,0.0,0.0
2009-07-22,11300,14.77,0.0,0.0,0.0
2009-07-23,9770,14.07,0.0,0.0,0.0
2009-07-24,8810,13.6,0.0,0.0,0.0
2009-07-25,8040,13.21,0.0,0.0,0.0
2009-07-26,8820,13.62,0.0,0.0,0.0
2009-07-27,10000,14.21,0.0,0.0,0.0
2009-07-28,11300,14.79,0.0,0.0,0.0
2009-07-29,10500,14.42,0.0,0.0,0.0
2009-07-30,10900,14.6,0.0,0.0,0.0
2009-07-31,12000,15.1,0.0,0.0,0.0
2009-08-01,11600,14.94,0.0,0.0,0.0
2009-08-02,11800,14.99,0.0,0.0,0.0
2009-08-03,10800,14.55,0.0,0.0,0.0
2009-08-04,10600,14.49,0.0,0.0,0.0
2009-08-05,10600,14.47,0.0,0.0,0.0
2009-08-06,10300,14.32,0.0,0.0,0.0
2009-08-07,8200,13.27,0.0,0.0,0.0
2009-08-08,7660,12.98,0.0,0.0,0.0
2009-08-09,7920,13.12,0.0,0.0,0.0
2009-08-10,7130,12.66,2.0,2.0,1.0
2009-08-11,8090,13.23,2.0,2.0,1.0
2009-08-12,10100,14.22,0.0,0.0,0.0
2009-08-13,7870,13.1,0.0,0.0,0.0
2009-08-14,7490,12.88,0.0,0.0,0.0
2009-08-15,7180,12.71,0.0,0.0,0.0
2009-08-16,6500,12.3,0.0,0.0,0.0
2009-08-17,7090,12.64,0.0,0.0,0.0
2009-08-18,6800,12.48,0.0,0.0,0.0
2009-08-19,6950,12.57,0.0,0.0,0.0
2009-08-20,6910,12.55,0.0,0.0,0.0
2009-08-21,7530,12.91,0.0,0.0,0.0
2009-08-22,7570,12.93,0.0,0.0,0.0
2009-08-23,7020,12.61,0.0,0.0,0.0
2009-08-24,6810,12.46,0.0,0.0,0.0
2009-08-25,6220,12.12,0.0,0.0,0.0
2009-08-26,6210,12.11,0.0,0.0,0.0
2009-08-27,6270,12.14,0.0,0.0,0.0
2009-08-28,6030,11.99,0.0,0.0,0.0
2009-08-29,6590,12.35,0.0,0.0,0.0
2009-08-30,6940,12.56,0.0,0.0,0.0
2009-08-31,6510,12.29,0.0,0.0,0.0
2009-09-01,6460,12.27,0.0,0.0,0.0
2009-09-02,6120,12.06,0.0,0.0,0.0
2009-09-03,6480,12.28,0.0,0.0,0.0
2009-09-04,7000,12.6,0.0,0.0,0.0
2009-09-05,7570,12.95,1.0,1.0,0.0
2009-09-06,7590,12.96,0.0,0.0,0.0
2009-09-07,9790,14.09,0.0,0.0,0.0
2009-09-08,9500,13.94,0.0,0.0,0.0
2009-09-09,8930,13.65,0.0,0.0,0.0
2009-09-10,9280,13.85,0.0,0.0,0.0
2009-09-11,9470,13.95,0.0,0.0,0.0
2009-09-12,9200,13.82,0.0,0.0,0.0
2009-09-13,7910,13.14,0.0,0.0,0.0
2009-09-14,7830,13.09,0.0,0.0,0.0
2009-09-15,7690,13.02,2.0,2.0,2.0
2009-09-16,7540,12.93,2.0,2.0,2.0
2009-09-17,7600,12.97,2.0,2.0,2.0
2009-09-18,7650,13.0,2.0,2.0,2.0
2009-09-19,7560,12.94,2.0,2.0,2.0
2009-09-20,7200,12.73,0.0,0.0,0.0
2009-09-21,5910,11.94,0.0,0.0,0.0
2009-09-22,5530,11.68,0.0,0.0,0.0
2009-09-23,5500,11.65,0.0,0.0,0.0
2009-09-24,5480,11.64,0.0,0.0,0.0
2009-09-25,5360,11.56,0.0,0.0,0.0
2009-09-26,5270,11.49,0.0,0.0,0.0
2009-09-27,5310,11.52,0.0,0.0,0.0
2009-09-28,5170,11.42,0.0,0.0,0.0
2009-09-29,5360,11.56,0.0,0.0,0.0
2009-09-30,5580,11.7,0.0,0.0,0.0
2009-10-01,5570,11.7,0.0,0.0,0.0
2009-10-02,5770,11.83,0.0,0.0,0.0
2009-10-03,6160,12.1,0.0,0.0,0.0
2009-10-04,5770,11.84,0.0,0.0,0.0
2009-10-05,5460,11.62,0.0,0.0,0.0
2009-10-06,5300,11.52,0.0,0.0,0.0
2009-10-07,5280,11.5,0.0,0.0,0.0
2009-10-08,5110,11.37,0.0,0.0,0.0
2009-10-09,5120,11.38,0.0,0.0,0.0
2009-10-10,5040,11.32,0.0,0.0,0.0
2009-10-11,5050,11.33,0.0,0.0,0.0
2009-10-12,4990,11.29,0.0,0.0,0.0
2009-10-13,4850,11.19,2.0,1.0,1.0
2009-10-14,4980,11.28,2.0,1.0,1.0
2009-10-15,5590,11.71,4.0,4.0,0.0
2009-10-16,5990,11.97,4.0,4.0,3.0
2009-10-17,22000,17.94,4.0,4.0,3.0
2009-10-18,29200,20.35,4.0,4.0,0.0
2009-10-19,16400,16.74,0.0,0.0,0.0
2009-10-20,11700,14.94,0.0,0.0,0.0
2009-10-21,10100,14.27,0.0,0.0,0.0
2009-10-22,10200,14.3,0.0,0.0,0.0
2009-10-23,10900,14.63,1.0,1.0,0.0
2009-10-24,20500,18.05,0.0,0.0,0.0
2009-10-25,15800,16.56,1.0,1.0,1.0
2009-10-26,19800,17.69,1.0,1.0,1.0
2009-10-27,28800,20.26,0.0,0.0,0.0
2009-10-28,19500,17.76,4.0,4.0,0.0
2009-10-29,17000,16.98,4.0,4.0,4.0
2009-10-30,19800,17.8,4.0,4.0,4.0
2009-10-31,45400,23.62,4.0,4.0,4.0
2009-11-01,47000,23.97,0.0,0.0,0.0
2009-11-02,30800,20.77,0.0,0.0,0.0
2009-11-03,24300,19.16,0.0,0.0,0.0
2009-11-04,21400,18.36,0.0,0.0,0.0
2009-11-05,19600,17.81,2.0,2.0,2.0
2009-11-06,26800,19.79,2.0,2.0,2.0
2009-11-07,26100,19.63,0.0,0.0,0.0
2009-11-08,25800,19.55,0.0,0.0,0.0
2009-11-09,22100,18.55,1.0,1.0,1.0
2009-11-10,22500,18.68,0.0,0.0,0.0
2009-11-11,22400,18.64,0.0,0.0,0.0
2009-11-12,19900,17.9,0.0,0.0,0.0
2009-11-13,18000,17.32,0.0,0.0,0.0
2009-11-14,17400,17.12,0.0,0.0,0.0
2009-11-15,15800,16.57,4.0,4.0,3.0
2009-11-16,30200,20.48,4.0,4.0,3.0
2009-11-17,66000,26.97,4.0,4.0,0.0
2009-11-18,58400,25.81,1.0,1.0,1.0
2009-11-19,42200,23.14,1.0,1.0,1.0
2009-11-20,52700,24.95,1.0,1.0,1.0
2009-11-21,52300,24.91,0.0,0.0,0.0
2009-11-22,41400,22.99,0.0,0.0,0.0
2009-11-23,33300,21.33,0.0,0.0,0.0
2009-11-24,27900,20.09,2.0,2.0,2.0
2009-11-25,29400,20.44,2.0,2.0,2.0
2009-11-26,47900,24.05,2.0,2.0,2.0
2009-11-27,55600,25.41,0.0,0.0,0.0
2009-11-28,38900,22.5,0.0,0.0,0.0
2009-11-29,32300,21.1,0.0,0.0,0.0
2009-11-30,27900,20.08,0.0,0.0,0.0
2009-12-01,25700,19.51,0.0,0.0,0.0
2009-12-02,21100,18.26,0.0,0.0,0.0
2009-12-03,17400,17.09,0.0,0.0,0.0
2009-12-04,15600,16.47,0.0,0.0,0.0
2009-12-05,15100,16.3,0.0,0.0,0.0
2009-12-06,14000,15.9,0.0,0.0,0.0
2009-12-07,13400,15.67,0.0,0.0,0.0
2009-12-08,12800,15.41,0.0,0.0,0.0
2009-12-09,12600,15.33,0.0,0.0,0.0
2009-12-10,12300,15.22,0.0,0.0,0.0
2009-12-11,12100,15.15,0.0,0.0,0.0
2009-12-12,11400,14.83,0.0,0.0,0.0
2009-12-13,11100,14.69,0.0,0.0,0.0
2009-12-14,10800,14.59,0.0,0.0,0.0
2009-12-15,10500,14.43,0.0,0.0,0.0
2009-12-16,9920,14.17,0.0,0.0,0.0
2009-12-17,14300,16.02,0.0,0.0,0.0
2009-12-18,12300,15.2,0.0,0.0,0.0
2009-12-19,11100,14.72,0.0,0.0,0.0
2009-12-20,13100,15.56,1.0,1.0,0.0
2009-12-21,22500,18.58,1.0,1.0,0.0
2009-12-22,26400,19.67,0.0,0.0,0.0
2009-12-23,19100,17.63,0.0,0.0,0.0
2009-12-24,16400,16.74,0.0,0.0,0.0
2009-12-25,14800,16.18,0.0,0.0,0.0
2009-12-26,13900,15.87,0.0,0.0,0.0
2009-12-27,13200,15.58,0.0,0.0,0.0
2009-12-28,12800,15.42,0.0,0.0,0.0
2009-12-29,11400,14.84,0.0,0.0,0.0
2009-12-30,10200,14.3,0.0,0.0,0.0
2009-12-31,9910,14.16,0.0,0.0,0.0
2010-01-01,11100,14.66,0.0,0.0,0.0
2010-01-02,21000,18.23,0.0,0.0,0.0
2010-01-03,20700,18.1,0.0,0.0,0.0
2010-01-04,17100,17.0,0.0,0.0,0.0
2010-01-05,22200,18.57,0.0,0.0,0.0
2010-01-06,21600,18.41,0.0,0.0,0.0
2010-01-07,18200,17.34,0.0,0.0,0.0
2010-01-08,17400,17.11,1.0,2.0,1.0
2010-01-09,17400,17.12,1.0,2.0,1.0
2010-01-10,19400,17.76,3.0,3.0,3.0
2010-01-11,20500,18.04,3.0,3.0,3.0
2010-01-12,33300,21.33,3.0,3.0,3.0
2010-01-13,30500,20.69,0.0,0.0,0.0
2010-01-14,28100,20.13,2.0,2.0,2.0
2010-01-15,33500,21.18,2.0,2.0,2.0
2010-01-16,41700,22.64,0.0,0.0,0.0
2010-01-17,30800,20.37,1.0,1.0,0.0
2010-01-18,21300,17.85,1.0,1.0,0.0
2010-01-19,18100,16.89,1.0,0.0,0.0
2010-01-20,17100,16.58,1.0,0.0,0.0
2010-01-21,16000,16.2,0.0,0.0,0.0
2010-01-22,16800,16.5,0.0,0.0,0.0
2010-01-23,16700,16.46,0.0,0.0,0.0
2010-01-24,16200,16.29,0.0,0.0,0.0
2010-01-25,14500,15.65,0.0,0.0,0.0
2010-01-26,12700,14.95,0.0,0.0,0.0
2010-01-27,11700,14.56,0.0,0.0,0.0
2010-01-28,12000,14.7,0.0,0.0,0.0
2010-01-29,11000,14.28,0.0,0.0,0.0
2010-01-30,9500,13.56,0.0,0.0,0.0
2010-01-31,9050,13.34,0.0,0.0,0.0
2010-02-01,8980,13.3,0.0,0.0,0.0
2010-02-02,10100,13.85,0.0,0.0,0.0
2010-02-03,10900,14.18,0.0,0.0,0.0
2010-02-04,12500,14.88,0.0,0.0,0.0
2010-02-05,12000,14.67,0.0,0.0,0.0
2010-02-06,10100,13.81,0.0,0.0,0.0
2010-02-07,9320,13.47,0.0,0.0,0.0
2010-02-08,10100,13.85,0.0,0.0,0.0
2010-02-09,9360,13.46,0.0,0.0,0.0
2010-02-10,10500,14.05,0.0,0.0,0.0
2010-02-11,9650,13.59,1.0,0.0,0.0
2010-02-12,9380,13.5,1.0,0.0,0.0
2010-02-13,9780,13.7,1.0,1.0,1.0
2010-02-14,11600,14.51,1.0,1.0,1.0
2010-02-15,12200,14.76,0.0,0.0,0.0
2010-02-16,11400,14.41,0.0,0.0,0.0
2010-02-17,12000,14.65,0.0,0.0,0.0
2010-02-18,9750,13.68,0.0,0.0,0.0
2010-02-19,9940,13.76,0.0,0.0,0.0
2010-02-20,10700,14.14,0.0,0.0,0.0
2010-02-21,10600,14.07,0.0,0.0,0.0
2010-02-22,11200,14.37,0.0,0.0,0.0
2010-02-23,10100,13.85,0.0,0.0,0.0
2010-02-24,10300,13.93,0.0,0.0,0.0
2010-02-25,9800,13.7,0.0,0.0,0.0
2010-02-26,9880,13.73,1.0,0.0,0.0
2010-02-27,10100,13.82,0.0,0.0,0.0
2010-02-28,10100,13.83,0.0,0.0,0.0
2010-03-01,10500,14.04,0.0,0.0,0.0
2010-03-02,9010,13.29,0.0,0.0,0.0
2010-03-03,9180,13.4,0.0,0.0,0.0
2010-03-04,9660,13.64,0.0,0.0,0.0
2010-03-05,10600,14.06,0.0,0.0,0.0
2010-03-06,9780,13.68,0.0,0.0,0.0
2010-03-07,9970,13.78,0.0,0.0,0.0
2010-03-08,9770,13.67,0.0,0.0,0.0
2010-03-09,9550,13.56,0.0,0.0,0.0
2010-03-10,8750,13.16,0.0,0.0,0.0
2010-03-11,7390,12.45,0.0,0.0,0.0
2010-03-12,7850,12.71,0.0,0.0,0.0
2010-03-13,8430,13.02,0.0,0.0,0.0
2010-03-14,8880,13.23,0.0,0.0,0.0
2010-03-15,9130,13.35,0.0,0.0,0.0
2010-03-16,7710,12.63,2.0,1.0,1.0
2010-03-17,8510,13.06,2.0,1.0,1.0
2010-03-18,8640,13.13,0.0,0.0,0.0
2010-03-19,8270,12.94,0.0,0.0,0.0
2010-03-20,7920,12.75,0.0,0.0,0.0
2010-03-21,7800,12.68,0.0,0.0,0.0
2010-03-22,8810,13.21,0.0,0.0,0.0
2010-03-23,10800,14.18,0.0,0.0,0.0
2010-03-24,10700,14.12,0.0,0.0,0.0
2010-03-25,10000,13.81,0.0,0.0,0.0
2010-03-26,11900,14.63,0.0,0.0,0.0
2010-03-27,12700,14.99,0.0,0.0,0.0
2010-03-28,11500,14.46,1.0,0.0,0.0
2010-03-29,12200,,1.0,1.0,1.0
2010-03-30,14000,,0.0,0.0,0.0
2010-03-31,13900,15.46,0.0,0.0,0.0
2010-04-01,12600,14.93,0.0,0.0,0.0
2010-04-02,12900,15.08,0.0,0.0,0.0
2010-04-03,12300,14.83,0.0,0.0,0.0
2010-04-04,12800,15.05,0.0,0.0,0.0
2010-04-05,11700,14.56,0.0,0.0,0.0
2010-04-06,11700,14.58,0.0,0.0,0.0
2010-04-07,11900,14.63,0.0,0.0,0.0
2010-04-08,13400,15.27,0.0,0.0,0.0
2010-04-09,13500,15.29,0.0,0.0,0.0
2010-04-10,11000,14.25,0.0,0.0,0.0
2010-04-11,8960,13.29,0.0,0.0,0.0
2010-04-12,8620,13.12,0.0,0.0,0.0
2010-04-13,8630,13.13,0.0,0.0,0.0
2010-04-14,8840,13.23,0.0,0.0,0.0
2010-04-15,8870,13.25,0.0,0.0,0.0
2010-04-16,9140,13.39,0.0,0.0,0.0
2010-04-17,9860,13.74,0.0,0.0,0.0
2010-04-18,11000,14.28,0.0,0.0,0.0
2010-04-19,11500,14.5,0.0,0.0,0.0
2010-04-20,12400,14.85,0.0,0.0,0.0
2010-04-21,14000,15.51,0.0,0.0,0.0
2010-04-22,14500,15.69,0.0,0.0,0.0
2010-04-23,12300,14.81,0.0,0.0,0.0
2010-04-24,11400,14.46,0.0,0.0,0.0
2010-04-25,11300,14.38,0.0,0.0,0.0
2010-04-26,11400,14.43,1.0,0.0,0.0
2010-04-27,12800,15.01,1.0,0.0,0.0
2010-04-28,14200,15.56,0.0,0.0,0.0
2010-04-29,12000,14.68,0.0,0.0,0.0
2010-04-30,11400,14.46,0.0,0.0,0.0
2010-05-01,11100,14.31,0.0,0.0,0.0
2010-05-02,10900,14.21,1.0,1.0,1.0
2010-05-03,15300,15.93,1.0,1.0,1.0
2010-05-04,18100,16.93,0.0,0.0,0.0
2010-05-05,16900,16.55,0.0,0.0,0.0
2010-05-06,14400,15.63,0.0,0.0,0.0
2010-05-07,14000,15.51,0.0,0.0,0.0
2010-05-08,12300,14.77,0.0,0.0,0.0
2010-05-09,11200,14.33,0.0,0.0,0.0
2010-05-10,12200,14.77,0.0,0.0,0.0
2010-05-11,11800,14.62,0.0,0.0,0.0
2010-05-12,11700,14.54,0.0,0.0,0.0
2010-05-13,12600,14.91,0.0,0.0,0.0
2010-05-14,14300,15.6,0.0,0.0,0.0
2010-05-15,14000,15.49,0.0,0.0,0.0
2010-05-16,14000,15.52,0.0,0.0,0.0
2010-05-17,17300,16.64,0.0,0.0,0.0
2010-05-18,21700,18.02,0.0,0.0,0.0
2010-05-19,23300,18.48,1.0,0.0,0.0
2010-05-20,22800,18.34,1.0,0.0,0.0
2010-05-21,20800,17.76,0.0,0.0,0.0
2010-05-22,16000,16.18,0.0,0.0,0.0
2010-05-23,13100,15.16,0.0,0.0,0.0
2010-05-24,14200,15.59,0.0,0.0,0.0
2010-05-25,14400,15.65,0.0,0.0,0.0
2010-05-26,13300,15.22,0.0,0.0,0.0
2010-05-27,13800,15.42,0.0,0.0,0.0
2010-05-28,17200,16.6,0.0,0.0,0.0
2010-05-29,20100,17.54,0.0,0.0,0.0
2010-05-30,18900,17.19,0.0,0.0,0.0
2010-05-31,18100,16.92,0.0,0.0,0.0
2010-06-01,20600,17.71,1.0,0.0,0.0
2010-06-02,21400,17.95,1.0,0.0,0.0
2010-06-03,29800,20.11,0.0,0.0,0.0
2010-06-04,26200,19.24,0.0,0.0,0.0
2010-06-05,21900,18.09,0.0,0.0,0.0
2010-06-06,19100,17.25,0.0,0.0,0.0
2010-06-07,21600,18.0,0.0,0.0,0.0
2010-06-08,25600,19.09,0.0,0.0,0.0
2010-06-09,24000,18.66,0.0,0.0,0.0
2010-06-10,25500,19.08,0.0,0.0,0.0
2010-06-11,23000,18.42,0.0,0.0,0.0
2010-06-12,22100,18.15,0.0,0.0,0.0
2010-06-13,22000,18.11,0.0,0.0,0.0
2010-06-14,22700,18.33,0.0,0.0,0.0
2010-06-15,18900,17.17,0.0,0.0,0.0
2010-06-16,17600,16.77,0.0,0.0,0.0
2010-06-17,16000,16.24,0.0,0.0,0.0
2010-06-18,16100,16.27,0.0,0.0,0.0
2010-06-19,16300,16.31,0.0,0.0,0.0
2010-06-20,16800,16.5,0.0,0.0,0.0
2010-06-21,20100,17.57,0.0,0.0,0.0
2010-06-22,21100,17.84,0.0,0.0,0.0
2010-06-23,21100,17.85,0.0,0.0,0.0
2010-06-24,22900,18.39,0.0,0.0,0.0
2010-06-25,22800,18.35,0.0,0.0,0.0
2010-06-26,23800,18.62,0.0,0.0,0.0
2010-06-27,23500,18.53,0.0,0.0,0.0
2010-06-28,24900,18.93,0.0,0.0,0.0
2010-06-29,26300,19.29,0.0,0.0,0.0
2010-06-30,24700,18.86,0.0,0.0,0.0
2010-07-01,21900,18.09,0.0,0.0,0.0
2010-07-02,21000,17.84,0.0,0.0,0.0
2010-07-03,18900,17.18,0.0,0.0,0.0
2010-07-04,15800,16.14,1.0,0.0,0.0
2010-07-05,14500,15.64,1.0,0.0,0.0
2010-07-06,17700,16.81,0.0,0.0,0.0
2010-07-07,18000,16.9,0.0,0.0,0.0
2010-07-08,19700,17.43,0.0,0.0,0.0
2010-07-09,23000,18.42,0.0,0.0,0.0
2010-07-10,27300,19.53,1.0,0.0,0.0
2010-07-11,28000,19.72,1.0,0.0,0.0
2010-07-12,27500,19.59,0.0,0.0,0.0
2010-07-13,23100,18.42,0.0,0.0,0.0
2010-07-14,21200,17.9,0.0,0.0,0.0
2010-07-15,20400,17.67,0.0,0.0,0.0
2010-07-16,20600,17.71,0.0,0.0,0.0
2010-07-17,18600,17.09,0.0,0.0,0.0
2010-07-18,17600,16.76,0.0,0.0,0.0
2010-07-19,15100,15.92,0.0,0.0,0.0
2010-07-20,16300,16.34,0.0,0.0,0.0
2010-07-21,15700,16.1,0.0,0.0,0.0
2010-07-22,14900,15.82,0.0,0.0,0.0
2010-07-23,15200,15.92,0.0,0.0,0.0
2010-07-24,15600,16.09,0.0,0.0,0.0
2010-07-25,15900,16.2,0.0,0.0,0.0
2010-07-26,16000,16.23,0.0,0.0,0.0
2010-07-27,15700,16.09,0.0,0.0,0.0
2010-07-28,15900,16.2,0.0,0.0,0.0
2010-07-29,16900,16.54,0.0,0.0,0.0
2010-07-30,16100,16.25,0.0,0.0,0.0
2010-07-31,14900,15.83,0.0,0.0,0.0
2010-08-01,13100,15.13,0.0,0.0,0.0
2010-08-02,13800,15.42,0.0,0.0,0.0
2010-08-03,13100,15.15,0.0,0.0,0.0
2010-08-04,13900,15.47,0.0,0.0,0.0
2010-08-05,14100,15.52,0.0,0.0,0.0
2010-08-06,13700,15.37,0.0,0.0,0.0
2010-08-07,12700,14.97,0.0,0.0,0.0
2010-08-08,12500,14.9,0.0,0.0,0.0
2010-08-09,13300,15.22,0.0,0.0,0.0
2010-08-10,12800,15.03,0.0,0.0,0.0
2010-08-11,12500,14.89,0.0,0.0,0.0
2010-08-12,12000,14.7,0.0,0.0,0.0
2010-08-13,11700,14.58,0.0,0.0,0.0
2010-08-14,11300,14.39,0.0,0.0,0.0
2010-08-15,11200,14.34,0.0,0.0,0.0
2010-08-16,12200,14.76,0.0,0.0,0.0
2010-08-17,12100,14.74,0.0,0.0,0.0
2010-08-18,11700,14.57,0.0,0.0,0.0
2010-08-19,10900,14.2,0.0,0.0,0.0
2010-08-20,10600,14.06,0.0,0.0,0.0
2010-08-21,10100,13.85,0.0,0.0,0.0
2010-08-22,8860,13.22,0.0,0.0,0.0
2010-08-23,8580,13.08,0.0,0.0,0.0
2010-08-24,9450,13.54,0.0,0.0,0.0
2010-08-25,8870,13.24,0.0,0.0,0.0
2010-08-26,8910,13.26,0.0,0.0,0.0
2010-08-27,8790,13.2,0.0,0.0,0.0
2010-08-28,8910,13.26,0.0,0.0,0.0
2010-08-29,8270,12.92,0.0,0.0,0.0
2010-08-30,8040,12.8,0.0,0.0,0.0
2010-08-31,7650,12.59,2.0,0.0,0.0
2010-09-01,9380,13.49,2.0,0.0,0.0
2010-09-02,8420,12.97,0.0,0.0,0.0
2010-09-03,6410,11.85,0.0,0.0,0.0
2010-09-04,6030,11.61,0.0,0.0,0.0
2010-09-05,6000,11.59,0.0,0.0,0.0
2010-09-06,5810,11.47,0.0,0.0,0.0
2010-09-07,6290,11.78,0.0,0.0,0.0
2010-09-08,9090,13.36,0.0,0.0,0.0
2010-09-09,8880,13.25,0.0,0.0,0.0
2010-09-10,9970,13.78,0.0,0.0,0.0
2010-09-11,9880,13.74,1.0,1.0,1.0
2010-09-12,9550,13.59,1.0,1.0,1.0
2010-09-13,11400,14.45,0.0,1.0,1.0
2010-09-14,10600,14.07,0.0,0.0,0.0
2010-09-15,9070,13.33,0.0,0.0,0.0
2010-09-16,8110,12.85,0.0,0.0,0.0
2010-09-17,8650,13.14,0.0,0.0,0.0
2010-09-18,9070,13.35,0.0,0.0,0.0
2010-09-19,10700,14.12,0.0,0.0,0.0
2010-09-20,15800,16.15,0.0,0.0,0.0
2010-09-21,23000,18.38,0.0,0.0,0.0
2010-09-22,14700,15.74,0.0,0.0,0.0
2010-09-23,13500,15.3,0.0,0.0,0.0
2010-09-24,13800,15.4,4.0,4.0,4.0
2010-09-25,13700,15.38,4.0,4.0,4.0
2010-09-26,12400,14.88,4.0,4.0,4.0
2010-09-27,14900,15.84,3.0,2.0,2.0
2010-09-28,16400,16.35,3.0,2.0,2.0
2010-09-29,18100,16.93,0.0,0.0,0.0
2010-09-30,14500,15.67,0.0,0.0,0.0
2010-10-01,12800,15.02,0.0,0.0,0.0
2010-10-02,10400,13.98,0.0,0.0,0.0
2010-10-03,8800,13.21,0.0,0.0,0.0
2010-10-04,8160,12.88,0.0,0.0,0.0
2010-10-05,7880,12.72,0.0,0.0,0.0
2010-10-06,7150,12.3,0.0,0.0,0.0
2010-10-07,6940,12.18,0.0,0.0,0.0
2010-10-08,6540,11.94,4.0,4.0,4.0
2010-10-09,6480,11.9,4.0,4.0,4.0
2010-10-10,17400,16.02,4.0,4.0,4.0
2010-10-11,28700,19.85,0.0,0.0,0.0
2010-10-12,17000,16.74,0.0,0.0,0.0
2010-10-13,12300,15.09,0.0,0.0,0.0
2010-10-14,10800,14.55,0.0,0.0,0.0
2010-10-15,11500,14.86,0.0,0.0,0.0
2010-10-16,11100,14.7,0.0,0.0,0.0
2010-10-17,12500,15.33,0.0,0.0,0.0
2010-10-18,11900,15.07,0.0,0.0,0.0
2010-10-19,12400,15.26,0.0,0.0,0.0
2010-10-20,10800,14.55,0.0,0.0,0.0
2010-10-21,11200,14.75,0.0,0.0,0.0
2010-10-22,10400,14.4,0.0,0.0,0.0
2010-10-23,9880,14.14,2.0,1.0,1.0
2010-10-24,11600,14.91,2.0,1.0,1.0
2010-10-25,16100,16.63,0.0,0.0,0.0
2010-10-26,20200,18.0,0.0,0.0,0.0
2010-10-27,16100,16.67,0.0,0.0,0.0
2010-10-28,14300,16.01,0.0,0.0,0.0
2010-10-29,13600,15.74,0.0,0.0,0.0
2010-10-30,12200,15.16,0.0,0.0,0.0
2010-10-31,13700,15.8,3.0,3.0,3.0
2010-11-01,15700,16.5,3.0,3.0,3.0
2010-11-02,29000,20.33,3.0,3.0,3.0
2010-11-03,22400,18.6,0.0,0.0,0.0
2010-11-04,15600,16.44,0.0,0.0,1.0
2010-11-05,13900,15.87,0.0,0.0,1.0
2010-11-06,13600,15.74,1.0,0.0,0.0
2010-11-07,19400,17.72,1.0,0.0,0.0
2010-11-08,21400,18.35,0.0,0.0,0.0
2010-11-09,17300,17.09,0.0,0.0,0.0
2010-11-10,14400,16.06,0.0,0.0,0.0
2010-11-11,12700,15.36,0.0,0.0,0.0
2010-11-12,12400,15.26,0.0,0.0,0.0
2010-11-13,10700,14.53,3.0,3.0,3.0
2010-11-14,11200,14.76,3.0,3.0,3.0
2010-11-15,13000,15.51,3.0,3.0,3.0
2010-11-16,25500,19.41,3.0,3.0,3.0
2010-11-17,25400,19.45,0.0,0.0,0.0
2010-11-18,22600,18.68,0.0,0.0,0.0
2010-11-19,18600,17.51,0.0,0.0,0.0
2010-11-20,16200,16.7,0.0,0.0,0.0
2010-11-21,14300,16.02,0.0,0.0,0.0
2010-11-22,13100,15.55,0.0,0.0,0.0
2010-11-23,12800,15.44,0.0,0.0,0.0
2010-11-24,11900,15.05,0.0,0.0,0.0
2010-11-25,11500,14.87,0.0,0.0,0.0
2010-11-26,11600,14.93,0.0,0.0,0.0
2010-11-27,12000,15.09,0.0,0.0,0.0
2010-11-28,11600,14.94,0.0,0.0,0.0
2010-11-29,11000,14.68,1.0,1.0,1.0
2010-11-30,11400,14.86,1.0,1.0,1.0
2010-12-01,14600,16.13,0.0,0.0,0.0
2010-12-02,12800,15.43,0.0,0.0,0.0
2010-12-03,11700,14.98,0.0,0.0,0.0
2010-12-04,10800,14.58,0.0,0.0,0.0
2010-12-05,10200,14.32,0.0,0.0,0.0
2010-12-06,10200,14.32,0.0,0.0,0.0
2010-12-07,10000,14.22,2.0,2.0,2.0
2010-12-08,12100,15.11,2.0,2.0,2.0
2010-12-09,20000,17.93,0.0,0.0,0.0
2010-12-10,21400,18.35,0.0,0.0,0.0
2010-12-11,17900,17.28,3.0,3.0,2.0
2010-12-12,37500,21.68,3.0,3.0,2.0
2010-12-13,83500,29.25,3.0,0.0,0.0
2010-12-14,56700,26.76,0.0,0.0,0.0
2010-12-15,33000,22.63,0.0,0.0,0.0
2010-12-16,22400,20.03,0.0,0.0,0.0
2010-12-17,17900,18.67,0.0,0.0,0.0
2010-12-18,13300,16.97,0.0,0.0,0.0
2010-12-19,12400,16.66,0.0,0.0,0.0
2010-12-20,11900,16.47,0.0,0.0,0.0
2010-12-21,10300,15.73,0.0,0.0,0.0
2010-12-22,8890,15.04,0.0,0.0,0.0
2010-12-23,8890,15.06,3.0,3.0,3.0
2010-12-24,9210,15.22,3.0,3.0,3.0
2010-12-25,9970,15.59,3.0,3.0,3.0
2010-12-26,10300,15.72,3.0,3.0,3.0
2010-12-27,10100,15.64,0.0,0.0,0.0
2010-12-28,10000,15.62,0.0,0.0,0.0
2010-12-29,9780,15.5,0.0,0.0,0.0
2010-12-30,9480,15.35,0.0,0.0,0.0
2010-12-31,8890,15.06,0.0,0.0,0.0
2011-01-01,8880,15.05,0.0,0.0,0.0
2011-01-02,8940,15.08,0.0,0.0,0.0
2011-01-03,8880,15.05,0.0,0.0,0.0
2011-01-04,9140,15.18,0.0,0.0,0.0
2011-01-05,8700,14.95,2.0,2.0,2.0
2011-01-06,8440,14.82,2.0,2.0,2.0
2011-01-07,13200,16.95,2.0,2.0,2.0
2011-01-08,13900,17.22,0.0,0.0,0.0
2011-01-09,11800,16.42,0.0,0.0,0.0
2011-01-10,10800,15.99,0.0,0.0,0.0
2011-01-11,10300,15.72,0.0,0.0,0.0
2011-01-12,10100,15.65,1.0,1.0,0.0
2011-01-13,13500,17.06,0.0,0.0,0.0
2011-01-14,28700,21.59,1.0,1.0,1.0
2011-01-15,38600,23.82,2.0,2.0,2.0
2011-01-16,41000,24.23,2.0,2.0,2.0
2011-01-17,74700,29.21,2.0,2.0,2.0
2011-01-18,70300,28.59,0.0,0.0,0.0
2011-01-19,38400,23.77,0.0,0.0,0.0
2011-01-20,26000,20.99,1.0,0.0,0.0
2011-01-21,24800,20.69,1.0,0.0,0.0
2011-01-22,26100,21.02,0.0,0.0,0.0
2011-01-23,22200,19.96,0.0,0.0,0.0
2011-01-24,20100,19.37,0.0,0.0,0.0
2011-01-25,22200,19.99,0.0,0.0,0.0
2011-01-26,20000,19.33,0.0,0.0,0.0
2011-01-27,18500,18.87,0.0,0.0,0.0
2011-01-28,17400,18.53,0.0,0.0,0.0
2011-01-29,19700,19.25,0.0,0.0,0.0
2011-01-30,19900,19.31,0.0,0.0,0.0
2011-01-31,18200,18.77,0.0,0.0,0.0
2011-02-01,14700,17.55,0.0,0.0,0.0
2011-02-02,13600,17.12,0.0,0.0,0.0
2011-02-03,12800,16.8,1.0,1.0,1.0
2011-02-04,14900,17.61,1.0,1.0,1.0
2011-02-05,21600,19.8,1.0,1.0,1.0
2011-02-06,18600,18.9,1.0,1.0,1.0
2011-02-07,19400,19.14,0.0,0.0,1.0
2011-02-08,19100,19.04,0.0,0.0,0.0
2011-02-09,16200,18.09,0.0,0.0,0.0
2011-02-10,15000,17.68,0.0,0.0,0.0
2011-02-11,13700,17.18,0.0,2.0,2.0
2011-02-12,13300,17.03,1.0,2.0,2.0
2011-02-13,15200,17.76,1.0,2.0,2.0
2011-02-14,15100,17.71,1.0,0.0,0.0
2011-02-15,16800,18.3,1.0,0.0,0.0
2011-02-16,15700,17.92,0.0,0.0,0.0
2011-02-17,14000,17.31,0.0,0.0,0.0
2011-02-18,13500,17.11,0.0,0.0,0.0
2011-02-19,12800,16.82,0.0,0.0,0.0
2011-02-20,12100,16.54,0.0,0.0,0.0
2011-02-21,12100,16.52,0.0,0.0,0.0
2011-02-22,12000,16.51,0.0,0.0,0.0
2011-02-23,11900,16.47,0.0,0.0,0.0
2011-02-24,11600,16.31,0.0,0.0,0.0
2011-02-25,11100,16.1,0.0,0.0,0.0
2011-02-26,10800,15.98,0.0,0.0,0.0
2011-02-27,10800,15.97,0.0,0.0,0.0
2011-02-28,11000,16.06,0.0,0.0,0.0
2011-03-01,10000,15.61,0.0,0.0,0.0
2011-03-02,8060,14.62,0.0,0.0,0.0
2011-03-03,8110,14.65,0.0,0.0,0.0
2011-03-04,8400,14.8,0.0,0.0,0.0
2011-03-05,9080,15.14,0.0,0.0,0.0
2011-03-06,8660,14.93,0.0,0.0,0.0
2011-03-07,8470,14.83,0.0,0.0,0.0
2011-03-08,8390,14.79,0.0,0.0,0.0
2011-03-09,8560,14.88,1.0,1.0,0.0
2011-03-10,10900,16.02,0.0,0.0,0.0
2011-03-11,14300,17.4,0.0,0.0,0.0
2011-03-12,12500,16.71,0.0,0.0,0.0
2011-03-13,12200,16.58,2.0,2.0,0.0
2011-03-14,16000,18.03,2.0,2.0,0.0
2011-03-15,15600,17.84,1.0,0.0,0.0
2011-03-16,16500,18.22,0.0,0.0,0.0
2011-03-17,15100,17.69,0.0,0.0,0.0
2011-03-18,14100,17.33,0.0,0.0,0.0
2011-03-19,12000,16.49,0.0,0.0,0.0
2011-03-20,9770,15.49,0.0,0.0,0.0
2011-03-21,10100,15.6,0.0,0.0,0.0
2011-03-22,8690,14.95,0.0,0.0,0.0
2011-03-23,9110,15.16,0.0,0.0,0.0
2011-03-24,8380,14.78,0.0,0.0,0.0
2011-03-25,8200,14.69,0.0,0.0,0.0
2011-03-26,8740,14.97,0.0,0.0,0.0
2011-03-27,8170,14.67,0.0,0.0,0.0
2011-03-28,7870,14.51,0.0,0.0,0.0
2011-03-29,7850,14.5,3.0,2.0,2.0
2011-03-30,12000,16.22,3.0,2.0,2.0
2011-03-31,29700,21.42,3.0,2.0,2.0
2011-04-01,33900,22.31,0.0,0.0,0.0
2011-04-02,25500,20.37,0.0,0.0,0.0
2011-04-03,19500,18.65,0.0,0.0,0.0
2011-04-04,15600,17.39,1.0,0.0,0.0
2011-04-05,15900,17.5,1.0,0.0,0.0
2011-04-06,14700,17.07,0.0,0.0,0.0
2011-04-07,13200,16.47,0.0,0.0,0.0
2011-04-08,11300,15.7,0.0,0.0,0.0
2011-04-09,10500,15.33,0.0,0.0,0.0
2011-04-10,9690,14.95,0.0,0.0,0.0
2011-04-11,11000,15.55,0.0,0.0,0.0
2011-04-12,10800,15.49,0.0,0.0,0.0
2011-04-13,9520,14.87,0.0,0.0,0.0
2011-04-14,9000,14.62,0.0,0.0,0.0
2011-04-15,8950,14.59,0.0,0.0,0.0
2011-04-16,9070,14.65,0.0,0.0,0.0
2011-04-17,10100,15.14,0.0,0.0,0.0
2011-04-18,9600,14.91,0.0,0.0,0.0
2011-04-19,8910,14.57,0.0,0.0,0.0
2011-04-20,8470,14.34,0.0,0.0,0.0
2011-04-21,8110,14.14,0.0,0.0,0.0
2011-04-22,6710,13.34,0.0,0.0,0.0
2011-04-23,6980,13.5,0.0,0.0,0.0
2011-04-24,7730,13.94,0.0,0.0,0.0
2011-04-25,8080,14.13,0.0,0.0,0.0
2011-04-26,8630,14.42,0.0,0.0,0.0
2011-04-27,8750,14.48,0.0,0.0,0.0
2011-04-28,8860,14.54,0.0,0.0,0.0
2011-04-29,8660,14.43,0.0,0.0,0.0
2011-04-30,8190,14.18,0.0,0.0,0.0
2011-05-01,8100,14.13,0.0,0.0,0.0
2011-05-02,7780,13.97,0.0,0.0,0.0
2011-05-03,8230,14.21,0.0,0.0,0.0
2011-05-04,8210,14.2,0.0,0.0,0.0
2011-05-05,8010,14.1,0.0,0.0,0.0
2011-05-06,8550,14.39,0.0,0.0,0.0
2011-05-07,12100,16.01,0.0,0.0,0.0
2011-05-08,14400,16.97,0.0,0.0,0.0
2011-05-09,13500,16.59,0.0,0.0,0.0
2011-05-10,12900,16.35,0.0,0.0,0.0
2011-05-11,12100,16.01,0.0,0.0,0.0
2011-05-12,14300,16.91,0.0,0.0,0.0
2011-05-13,12800,16.3,0.0,0.0,0.0
2011-05-14,11900,15.95,0.0,0.0,0.0
2011-05-15,17600,18.04,0.0,0.0,0.0
2011-05-16,21800,19.37,0.0,0.0,0.0
2011-05-17,19300,18.59,0.0,0.0,0.0
2011-05-18,17600,18.09,0.0,0.0,0.0
2011-05-19,15600,17.39,0.0,0.0,0.0
2011-05-20,15100,17.23,0.0,0.0,0.0
2011-05-21,17400,18.0,0.0,0.0,0.0
2011-05-22,17700,18.11,0.0,0.0,0.0
2011-05-23,16700,17.78,0.0,0.0,0.0
2011-05-24,16300,17.62,0.0,0.0,0.0
2011-05-25,15500,17.34,0.0,0.0,0.0
2011-05-26,16900,17.83,0.0,0.0,0.0
2011-05-27,16800,17.81,0.0,0.0,0.0
2011-05-28,16300,17.64,0.0,0.0,0.0
2011-05-29,14200,16.87,0.0,0.0,0.0
2011-05-30,13400,16.56,0.0,0.0,0.0
2011-05-31,13400,16.57,0.0,0.0,0.0
2011-06-01,17400,18.01,0.0,0.0,0.0
2011-06-02,17900,18.17,0.0,0.0,0.0
2011-06-03,18100,18.22,0.0,0.0,0.0
2011-06-04,19900,18.58,0.0,0.0,0.0
2011-06-05,23800,19.44,0.0,0.0,0.0
2011-06-06,28800,20.46,0.0,0.0,0.0
2011-06-07,35000,21.59,0.0,0.0,0.0
2011-06-08,34800,21.45,0.0,0.0,0.0
2011-06-09,31100,20.63,0.0,0.0,0.0
2011-06-10,27200,19.7,0.0,0.0,0.0
2011-06-11,27000,19.68,0.0,0.0,0.0
2011-06-12,26800,19.6,0.0,0.0,0.0
2011-06-13,25600,19.29,0.0,0.0,0.0
2011-06-14,30400,20.48,0.0,0.0,0.0
2011-06-15,29400,20.24,0.0,0.0,0.0
2011-06-16,26100,19.43,0.0,0.0,0.0
2011-06-17,25800,19.34,0.0,0.0,0.0
2011-06-18,22800,18.55,0.0,0.0,0.0
2011-06-19,25000,19.16,0.0,0.0,0.0
2011-06-20,25900,19.38,0.0,0.0,0.0
2011-06-21,26700,19.57,0.0,0.0,0.0
2011-06-22,30700,20.54,0.0,0.0,0.0
2011-06-23,33000,21.06,0.0,0.0,0.0
2011-06-24,32900,21.04,0.0,0.0,0.0
2011-06-25,29000,20.16,0.0,0.0,0.0
2011-06-26,25400,19.24,0.0,0.0,0.0
2011-06-27,24200,18.91,1.0,1.0,1.0
2011-06-28,28200,19.81,1.0,1.0,1.0
2011-06-29,33700,20.95,0.0,0.0,0.0
2011-06-30,41600,22.46,0.0,0.0,0.0
2011-07-01,41100,22.34,0.0,0.0,0.0
2011-07-02,36000,21.32,0.0,0.0,0.0
2011-07-03,37100,21.54,0.0,0.0,0.0
2011-07-04,36700,21.46,0.0,0.0,0.0
2011-07-05,33700,20.83,0.0,0.0,0.0
2011-07-06,33400,20.76,0.0,0.0,0.0
2011-07-07,37900,21.71,0.0,0.0,0.0
2011-07-08,37800,21.68,0.0,0.0,0.0
2011-07-09,32800,20.61,0.0,0.0,0.0
2011-07-10,28100,19.54,0.0,0.0,0.0
2011-07-11,25500,18.88,0.0,0.0,0.0
2011-07-12,24500,18.62,0.0,0.0,0.0
2011-07-13,25000,18.74,0.0,0.0,0.0
2011-07-14,27300,19.33,0.0,0.0,0.0
2011-07-15,27300,19.34,0.0,0.0,0.0
2011-07-16,30100,20.0,0.0,0.0,0.0
2011-07-17,33100,20.7,0.0,0.0,0.0
2011-07-18,31600,20.36,0.0,0.0,0.0
2011-07-19,32900,20.66,0.0,0.0,0.0
2011-07-20,32000,20.45,0.0,0.0,0.0
2011-07-21,32900,20.65,0.0,0.0,0.0
2011-07-22,35800,21.28,0.0,0.0,0.0
2011-07-23,32000,20.45,0.0,0.0,0.0
2011-07-24,29300,19.83,0.0,0.0,0.0
2011-07-25,30800,20.18,0.0,0.0,0.0
2011-07-26,30700,20.14,0.0,0.0,0.0
2011-07-27,26600,19.16,0.0,0.0,0.0
2011-07-28,23400,18.32,0.0,0.0,0.0
2011-07-29,23800,18.42,0.0,0.0,0.0
2011-07-30,25800,18.96,0.0,0.0,0.0
2011-07-31,27600,19.42,0.0,0.0,0.0
2011-08-01,28700,19.67,0.0,0.0,0.0
2011-08-02,25800,18.96,0.0,0.0,0.0
2011-08-03,24700,18.67,0.0,0.0,0.0
2011-08-04,24100,18.52,0.0,0.0,0.0
2011-08-05,24800,18.69,0.0,0.0,0.0
2011-08-06,24700,18.67,0.0,0.0,0.0
2011-08-07,24000,18.48,0.0,0.0,0.0
2011-08-08,21900,17.91,0.0,0.0,0.0
2011-08-09,21500,17.78,0.0,0.0,0.0
2011-08-10,21200,17.68,0.0,0.0,0.0
2011-08-11,20100,17.38,0.0,0.0,0.0
2011-08-12,19400,17.16,0.0,0.0,0.0
2011-08-13,18900,16.99,0.0,0.0,0.0
2011-08-14,18800,16.98,0.0,0.0,0.0
2011-08-15,18300,16.8,0.0,0.0,0.0
2011-08-16,16200,16.08,0.0,0.0,0.0
2011-08-17,16200,16.11,0.0,0.0,0.0
2011-08-18,15500,15.85,0.0,0.0,0.0
2011-08-19,15100,15.7,0.0,0.0,0.0
2011-08-20,15000,15.67,0.0,0.0,0.0
2011-08-21,15400,15.83,0.0,3.0,2.0
2011-08-22,16000,16.05,2.0,3.0,2.0
2011-08-23,16900,16.35,2.0,3.0,2.0
2011-08-24,17500,16.54,0.0,0.0,0.0
2011-08-25,15000,15.65,0.0,0.0,0.0
2011-08-26,15900,15.99,0.0,0.0,0.0
2011-08-27,14400,15.44,0.0,0.0,0.0
2011-08-28,14400,15.43,0.0,0.0,0.0
2011-08-29,12600,14.74,0.0,0.0,0.0
2011-08-30,13100,14.94,0.0,0.0,0.0
2011-08-31,12400,14.66,0.0,0.0,0.0
2011-09-01,11100,14.09,0.0,0.0,0.0
2011-09-02,10400,13.78,0.0,0.0,0.0
2011-09-03,10700,13.91,0.0,0.0,0.0
2011-09-04,11300,14.2,0.0,0.0,0.0
2011-09-05,9690,13.45,0.0,0.0,0.0
2011-09-06,11600,14.31,0.0,0.0,0.0
2011-09-07,11600,14.32,0.0,0.0,0.0
2011-09-08,11600,14.33,0.0,0.0,0.0
2011-09-09,11900,14.47,0.0,0.0,0.0
2011-09-10,12000,14.49,0.0,0.0,0.0
2011-09-11,12100,14.53,0.0,0.0,0.0
2011-09-12,12000,14.51,0.0,0.0,0.0
2011-09-13,11500,14.3,0.0,0.0,0.0
2011-09-14,11300,14.19,0.0,0.0,0.0
2011-09-15,9800,13.49,0.0,0.0,0.0
2011-09-16,8750,12.99,0.0,0.0,0.0
2011-09-17,8520,12.87,0.0,0.0,0.0
2011-09-18,8240,12.72,0.0,0.0,0.0
2011-09-19,8350,12.77,0.0,0.0,0.0
2011-09-20,8450,12.83,0.0,0.0,0.0
2011-09-21,8230,12.71,4.0,4.0,4.0
2011-09-22,8060,12.62,4.0,4.0,4.0
2011-09-23,9090,13.14,4.0,4.0,4.0
2011-09-24,11900,14.44,4.0,4.0,4.0
2011-09-25,11000,14.04,3.0,3.0,3.0
2011-09-26,8950,13.08,4.0,4.0,3.0
2011-09-27,17300,16.42,4.0,4.0,3.0
2011-09-28,16400,16.18,0.0,0.0,0.0
2011-09-29,13300,15.04,0.0,0.0,0.0
2011-09-30,10400,13.77,0.0,0.0,0.0
2011-10-01,8370,12.8,0.0,0.0,0.0
2011-10-02,8370,12.83,2.0,2.0,0.0
2011-10-03,8250,12.78,2.0,2.0,0.0
2011-10-04,8920,13.16,0.0,0.0,0.0
2011-10-05,8930,13.18,0.0,0.0,0.0
2011-10-06,9010,13.22,0.0,0.0,0.0
2011-10-07,8750,13.09,0.0,0.0,0.0
2011-10-08,8860,13.14,0.0,0.0,0.0
2011-10-09,8500,12.96,0.0,0.0,0.0
2011-10-10,8350,12.87,1.0,1.0,0.0
2011-10-11,10800,13.92,1.0,1.0,0.0
2011-10-12,25600,19.0,1.0,1.0,0.0
2011-10-13,20200,17.49,0.0,0.0,0.0
2011-10-14,15700,16.01,0.0,0.0,0.0
2011-10-15,13500,15.2,0.0,0.0,0.0
2011-10-16,10100,13.77,0.0,0.0,0.0
2011-10-17,10500,13.93,0.0,0.0,0.0
2011-10-18,10600,13.96,0.0,0.0,0.0
2011-10-19,10200,13.78,0.0,0.0,0.0
2011-10-20,9770,13.59,0.0,0.0,0.0
2011-10-21,10800,14.1,0.0,0.0,0.0
2011-10-22,13000,14.99,1.0,0.0,0.0
2011-10-23,20300,17.5,1.0,0.0,0.0
2011-10-24,16800,16.39,0.0,0.0,0.0
2011-10-25,13500,15.21,0.0,0.0,0.0
2011-10-26,11500,14.37,0.0,0.0,0.0
2011-10-27,11300,14.3,0.0,0.0,0.0
2011-10-28,11300,14.3,1.0,1.0,1.0
2011-10-29,11500,14.36,0.0,0.0,0.0
2011-10-30,12300,14.73,1.0,1.0,0.0
2011-10-31,14800,15.7,0.0,0.0,0.0
2011-11-01,14500,15.59,0.0,0.0,0.0
2011-11-02,12900,14.96,1.0,1.0,0.0
2011-11-03,14300,15.53,0.0,0.0,0.0
2011-11-04,14100,15.42,0.0,0.0,0.0
2011-11-05,13100,15.06,0.0,0.0,0.0
2011-11-06,12500,14.8,0.0,0.0,0.0
2011-11-07,12100,14.64,0.0,0.0,0.0
2011-11-08,11200,14.25,0.0,0.0,0.0
2011-11-09,11000,14.15,0.0,0.0,0.0
2011-11-10,9810,13.59,0.0,0.0,0.0
2011-11-11,9190,13.31,0.0,0.0,0.0
2011-11-12,9260,13.35,0.0,0.0,0.0
2011-11-13,9820,13.62,0.0,0.0,0.0
2011-11-14,11900,14.57,0.0,0.0,0.0
2011-11-15,11900,14.54,0.0,0.0,0.0
2011-11-16,11100,14.2,0.0,0.0,0.0
2011-11-17,11800,14.5,0.0,0.0,0.0
2011-11-18,12800,14.91,0.0,0.0,0.0
2011-11-19,10500,13.91,0.0,0.0,0.0
2011-11-20,10300,13.86,0.0,0.0,0.0
2011-11-21,10800,14.08,1.0,1.0,1.0
2011-11-22,12900,14.96,1.0,1.0,1.0
2011-11-23,37200,21.3,0.0,0.0,0.0
2011-11-24,43700,22.82,0.0,0.0,0.0
2011-11-25,25900,19.05,0.0,0.0,0.0
2011-11-26,19400,17.24,3.0,3.0,3.0
2011-11-27,28300,19.36,3.0,3.0,3.0
2011-11-28,57200,25.17,0.0,0.0,0.0
2011-11-29,32800,20.67,0.0,0.0,0.0
2011-11-30,23600,18.46,0.0,0.0,0.0
2011-12-01,20500,17.57,0.0,0.0,0.0
2011-12-02,18300,16.91,0.0,0.0,0.0
2011-12-03,17000,16.48,0.0,0.0,0.0
2011-12-04,15300,15.88,0.0,0.0,0.0
2011-12-05,14000,15.39,0.0,0.0,0.0
2011-12-06,12900,14.95,0.0,0.0,0.0
2011-12-07,13100,15.03,0.0,0.0,0.0
2011-12-08,12100,14.63,0.0,0.0,0.0
2011-12-09,11700,14.45,0.0,0.0,0.0
2011-12-10,11800,14.53,0.0,0.0,0.0
2011-12-11,11900,14.54,0.0,0.0,0.0
2011-12-12,11600,14.45,0.0,0.0,0.0
2011-12-13,11500,14.39,0.0,0.0,0.0
2011-12-14,11000,14.15,0.0,0.0,0.0
2011-12-15,10300,13.84,0.0,0.0,0.0
2011-12-16,10100,13.74,0.0,0.0,0.0
2011-12-17,8590,12.99,0.0,0.0,0.0
2011-12-18,8450,12.92,0.0,0.0,0.0
2011-12-19,9880,13.65,0.0,0.0,0.0
2011-12-20,9660,13.54,0.0,0.0,0.0
2011-12-21,10400,13.88,0.0,0.0,0.0
2011-12-22,10100,13.73,0.0,0.0,0.0
2011-12-23,9690,13.55,0.0,0.0,0.0
2011-12-24,9300,13.35,0.0,0.0,0.0
2011-12-25,8590,13.0,0.0,0.0,0.0
2011-12-26,8810,13.11,0.0,0.0,0.0
2011-12-27,9710,13.56,3.0,3.0,2.0
2011-12-28,19600,17.14,3.0,3.0,2.0
2011-12-29,38400,21.9,3.0,3.0,2.0
2011-12-30,30400,20.17,0.0,0.0,0.0
2011-12-31,24100,18.59,0.0,0.0,0.0
2012-01-01,19200,17.17,0.0,0.0,0.0
2012-01-02,16200,16.17,0.0,0.0,0.0
2012-01-03,18200,16.86,3.0,3.0,3.0
2012-01-04,20200,17.46,3.0,3.0,3.0
2012-01-05,34500,21.09,3.0,3.0,3.0
2012-01-06,28300,19.66,0.0,0.0,0.0
2012-01-07,22000,18.01,0.0,0.0,1.0
2012-01-08,19100,17.17,0.0,0.0,1.0
2012-01-09,17900,16.78,0.0,0.0,1.0
2012-01-10,17800,16.73,0.0,0.0,0.0
2012-01-11,17700,16.72,0.0,0.0,0.0
2012-01-12,17100,16.51,0.0,0.0,0.0
2012-01-13,16600,16.33,0.0,0.0,0.0
2012-01-14,15800,16.07,0.0,0.0,0.0
2012-01-15,15700,16.02,0.0,0.0,0.0
2012-01-16,15100,15.81,0.0,0.0,0.0
2012-01-17,15100,15.8,0.0,0.0,0.0
2012-01-18,14400,15.56,0.0,0.0,0.0
2012-01-19,14300,15.52,0.0,0.0,0.0
2012-01-20,14200,15.49,1.0,1.0,0.0
2012-01-21,19500,17.24,1.0,1.0,0.0
2012-01-22,21600,17.9,0.0,0.0,0.0
2012-01-23,18800,17.07,0.0,0.0,0.0
2012-01-24,16700,16.38,1.0,2.0,1.0
2012-01-25,22800,18.21,1.0,2.0,1.0
2012-01-26,24000,18.58,0.0,0.0,0.0
2012-01-27,22000,18.01,0.0,0.0,0.0
2012-01-28,19400,17.24,2.0,2.0,2.0
2012-01-29,19800,17.34,2.0,2.0,2.0
2012-01-30,33300,20.83,0.0,0.0,0.0
2012-01-31,28700,19.77,0.0,0.0,0.0
2012-02-01,25900,19.09,0.0,0.0,0.0
2012-02-02,24200,18.63,0.0,0.0,0.0
2012-02-03,21600,17.9,0.0,0.0,0.0
2012-02-04,18900,17.08,0.0,0.0,0.0
2012-02-05,17900,16.76,0.0,0.0,0.0
2012-02-06,16800,16.41,0.0,0.0,0.0
2012-02-07,16400,16.27,0.0,0.0,0.0
2012-02-08,15900,16.09,0.0,0.0,0.0
2012-02-09,14800,15.68,1.0,1.0,0.0
2012-02-10,14800,15.68,1.0,1.0,0.0
2012-02-11,15500,15.95,0.0,1.0,0.0
2012-02-12,16400,16.27,0.0,0.0,0.0
2012-02-13,15300,15.88,0.0,0.0,0.0
2012-02-14,13800,15.32,0.0,0.0,0.0
2012-02-15,15400,15.9,0.0,0.0,0.0
2012-02-16,12400,14.74,0.0,0.0,0.0
2012-02-17,13500,15.17,0.0,0.0,0.0
2012-02-18,13600,15.23,0.0,0.0,0.0
2012-02-19,13000,15.0,0.0,0.0,0.0
2012-02-20,14200,15.46,2.0,2.0,0.0
2012-02-21,15500,15.94,2.0,2.0,2.0
2012-02-22,34800,21.13,2.0,2.0,2.0
2012-02-23,28200,19.58,0.0,0.0,0.0
2012-02-24,21500,17.85,0.0,0.0,0.0
2012-02-25,21400,17.84,0.0,0.0,0.0
2012-02-26,20400,17.53,0.0,0.0,0.0
2012-02-27,17900,16.73,0.0,0.0,0.0
2012-02-28,15600,15.96,0.0,0.0,0.0
2012-02-29,15100,15.78,0.0,0.0,0.0
2012-03-01,14400,15.54,0.0,0.0,0.0
2012-03-02,14000,15.39,0.0,0.0,0.0
2012-03-03,13100,15.03,0.0,0.0,0.0
2012-03-04,15600,15.98,0.0,0.0,0.0
2012-03-05,17100,16.5,0.0,0.0,0.0
2012-03-06,17400,16.57,0.0,0.0,0.0
2012-03-07,15900,16.05,0.0,0.0,0.0
2012-03-08,14200,15.47,0.0,0.0,0.0
2012-03-09,13400,15.17,0.0,1.0,0.0
2012-03-10,16900,16.43,0.0,1.0,0.0
2012-03-11,18700,17.02,0.0,0.0,0.0
2012-03-12,19200,17.18,1.0,0.0,0.0
2012-03-13,17900,16.75,0.0,0.0,0.0
2012-03-14,17100,16.49,0.0,0.0,0.0
2012-03-15,17400,16.59,1.0,1.0,0.0
2012-03-16,20700,17.64,0.0,0.0,0.0
2012-03-17,19400,17.22,0.0,0.0,0.0
2012-03-18,18000,16.76,0.0,0.0,0.0
2012-03-19,15400,15.83,0.0,0.0,0.0
2012-03-20,14300,15.44,0.0,0.0,0.0
2012-03-21,14900,15.62,0.0,0.0,0.0
2012-03-22,13700,15.15,0.0,0.0,0.0
2012-03-23,13500,15.04,0.0,0.0,0.0
2012-03-24,11900,14.4,0.0,0.0,0.0
2012-03-25,10600,13.82,0.0,0.0,0.0
2012-03-26,9940,13.49,0.0,0.0,0.0
2012-03-27,10800,13.87,0.0,0.0,0.0
2012-03-28,11900,14.34,0.0,0.0,0.0
2012-03-29,13000,14.8,0.0,0.0,0.0
2012-03-30,16100,15.96,0.0,0.0,0.0
2012-03-31,16700,16.15,0.0,0.0,0.0
2012-04-01,15400,15.7,0.0,0.0,0.0
2012-04-02,14700,15.45,1.0,1.0,0.0
2012-04-03,13900,15.15,1.0,1.0,0.0
2012-04-04,13900,15.15,0.0,0.0,0.0
2012-04-05,12800,14.73,0.0,0.0,0.0
2012-04-06,12200,14.47,0.0,0.0,0.0
2012-04-07,11600,14.21,0.0,0.0,0.0
2012-04-08,11900,14.36,0.0,0.0,0.0
2012-04-09,11400,14.12,0.0,0.0,0.0
2012-04-10,10600,13.77,0.0,0.0,0.0
2012-04-11,11500,14.2,0.0,0.0,0.0
2012-04-12,12600,14.65,0.0,0.0,0.0
2012-04-13,13200,14.88,0.0,0.0,0.0
2012-04-14,13000,14.79,0.0,0.0,0.0
2012-04-15,12700,14.68,0.0,0.0,0.0
2012-04-16,12900,14.78,0.0,0.0,0.0
2012-04-17,14400,15.36,0.0,0.0,0.0
2012-04-18,12700,14.68,0.0,0.0,0.0
2012-04-19,12500,14.59,1.0,1.0,0.0
2012-04-20,20600,17.13,1.0,1.0,0.0
2012-04-21,25400,18.44,0.0,0.0,0.0
2012-04-22,20500,17.09,0.0,0.0,0.0
2012-04-23,23700,17.99,0.0,0.0,0.0
2012-04-24,31000,19.81,1.0,1.0,1.0
2012-04-25,36000,20.92,1.0,1.0,1.0
2012-04-26,37400,21.21,1.0,1.0,1.0
2012-04-27,35100,20.71,0.0,0.0,0.0
2012-04-28,27100,18.88,0.0,0.0,0.0
2012-04-29,22400,17.63,0.0,0.0,0.0
2012-04-30,23200,17.86,0.0,0.0,0.0
2012-05-01,30300,19.66,0.0,0.0,0.0
2012-05-02,27400,18.97,0.0,0.0,0.0
2012-05-03,26000,18.61,0.0,0.0,0.0
2012-05-04,25200,18.39,0.0,0.0,0.0
2012-05-05,23500,17.92,0.0,0.0,0.0
2012-05-06,22400,17.63,0.0,0.0,0.0
2012-05-07,21800,17.48,0.0,0.0,0.0
2012-05-08,22000,17.52,0.0,0.0,0.0
2012-05-09,24200,18.13,0.0,0.0,0.0
2012-05-10,23800,18.03,0.0,0.0,0.0
2012-05-11,22900,17.79,0.0,0.0,0.0
2012-05-12,19500,16.74,0.0,0.0,0.0
2012-05-13,18900,16.6,0.0,0.0,0.0
2012-05-14,25500,18.48,0.0,0.0,0.0
2012-05-15,34000,20.49,0.0,0.0,0.0
2012-05-16,37100,21.14,0.0,0.0,0.0
2012-05-17,34400,20.56,0.0,0.0,0.0
2012-05-18,26400,18.71,0.0,0.0,0.0
2012-05-19,24700,18.27,0.0,0.0,0.0
2012-05-20,23300,17.89,1.0,1.0,0.0
2012-05-21,28200,19.14,1.0,1.0,0.0
2012-05-22,41600,22.02,0.0,0.0,0.0
2012-05-23,46000,22.84,0.0,0.0,0.0
2012-05-24,40700,21.83,0.0,0.0,0.0
2012-05-25,33400,20.33,0.0,0.0,0.0
2012-05-26,27700,19.02,0.0,0.0,0.0
2012-05-27,27000,18.86,0.0,0.0,0.0
2012-05-28,26000,18.59,0.0,0.0,0.0
2012-05-29,24100,18.1,0.0,0.0,0.0
2012-05-30,24600,18.2,3.0,0.0,0.0
2012-05-31,25200,18.37,3.0,0.0,0.0
2012-06-01,31900,20.02,3.0,2.0,1.0
2012-06-02,45400,22.71,3.0,2.0,1.0
2012-06-03,47300,23.05,0.0,0.0,0.0
2012-06-04,36800,21.05,0.0,0.0,0.0
2012-06-05,31100,19.85,0.0,0.0,0.0
2012-06-06,30900,19.78,0.0,0.0,0.0
2012-06-07,27000,18.84,0.0,0.0,0.0
2012-06-08,24600,18.24,0.0,0.0,0.0
2012-06-09,22600,17.7,0.0,0.0,0.0
2012-06-10,20600,17.11,0.0,0.0,0.0
2012-06-11,22000,17.53,0.0,0.0,0.0
2012-06-12,23800,18.02,0.0,0.0,0.0
2012-06-13,28200,19.11,0.0,0.0,0.0
2012-06-14,38100,21.41,0.0,0.0,0.0
2012-06-15,29200,19.59,0.0,0.0,0.0
2012-06-16,26500,19.0,2.0,2.0,2.0
2012-06-17,41600,23.31,2.0,2.0,2.0
2012-06-18,57500,26.3,0.0,0.0,0.0
2012-06-19,46600,24.54,0.0,0.0,0.0
2012-06-20,37100,22.34,0.0,0.0,0.0
2012-06-21,35000,21.74,0.0,0.0,0.0
2012-06-22,36600,22.2,0.0,0.0,0.0
2012-06-23,39200,22.91,0.0,0.0,0.0
2012-06-24,40800,23.35,0.0,0.0,0.0
2012-06-25,35600,21.91,0.0,0.0,0.0
2012-06-26,33800,21.38,0.0,0.0,0.0
2012-06-27,36600,22.2,0.0,0.0,0.0
2012-06-28,34900,21.71,2.0,2.0,1.0
2012-06-29,35100,21.78,2.0,2.0,1.0
2012-06-30,37100,22.35,2.0,2.0,0.0
2012-07-01,44600,24.15,0.0,0.0,0.0
2012-07-02,44600,24.19,0.0,0.0,0.0
2012-07-03,40800,23.36,0.0,0.0,0.0
2012-07-04,40800,23.33,0.0,0.0,0.0
2012-07-05,35000,21.74,0.0,0.0,0.0
2012-07-06,32100,20.85,0.0,0.0,0.0
2012-07-07,33000,21.12,0.0,0.0,0.0
2012-07-08,37600,22.48,0.0,0.0,0.0
2012-07-09,43000,23.93,0.0,0.0,0.0
2012-07-10,42400,23.78,0.0,0.0,0.0
2012-07-11,41500,23.56,0.0,0.0,0.0
2012-07-12,38100,22.62,0.0,0.0,0.0
2012-07-13,41500,23.55,0.0,0.0,0.0
2012-07-14,42900,23.9,0.0,0.0,0.0
2012-07-15,41500,23.53,0.0,0.0,0.0
2012-07-16,39000,22.87,0.0,0.0,0.0
2012-07-17,37700,22.51,0.0,0.0,0.0
2012-07-18,37000,22.3,0.0,0.0,0.0
2012-07-19,40800,23.37,0.0,0.0,0.0
2012-07-20,34800,21.68,0.0,0.0,0.0
2012-07-21,33200,21.22,0.0,0.0,0.0
2012-07-22,32400,20.96,0.0,0.0,0.0
2012-07-23,27800,19.46,0.0,0.0,0.0
2012-07-24,25600,18.71,0.0,0.0,0.0
2012-07-25,21100,17.27,0.0,0.0,0.0
2012-07-26,22000,17.52,0.0,0.0,0.0
2012-07-27,24700,18.38,0.0,0.0,0.0
2012-07-28,23300,17.92,0.0,0.0,0.0
2012-07-29,21000,17.24,0.0,0.0,0.0
2012-07-30,19500,16.79,0.0,0.0,0.0
2012-07-31,20900,17.2,0.0,0.0,0.0
2012-08-01,20300,17.04,0.0,0.0,0.0
2012-08-02,19600,16.81,0.0,0.0,0.0
2012-08-03,19100,16.65,0.0,0.0,0.0
2012-08-04,18700,16.53,0.0,0.0,0.0
2012-08-05,21000,17.24,0.0,0.0,0.0
2012-08-06,21000,17.23,0.0,0.0,0.0
2012-08-07,21400,17.35,0.0,0.0,0.0
2012-08-08,20800,17.19,0.0,0.0,0.0
2012-08-09,20200,16.99,0.0,0.0,0.0
2012-08-10,18800,16.58,0.0,0.0,0.0
2012-08-11,18000,16.29,0.0,0.0,0.0
2012-08-12,17600,16.18,0.0,0.0,0.0
2012-08-13,17300,16.07,0.0,0.0,0.0
2012-08-14,15500,15.46,0.0,0.0,0.0
2012-08-15,15400,15.4,0.0,0.0,0.0
2012-08-16,15100,15.33,0.0,0.0,0.0
2012-08-17,15100,15.3,0.0,0.0,0.0
2012-08-18,14900,15.24,0.0,0.0,0.0
2012-08-19,14200,14.96,0.0,0.0,0.0
2012-08-20,14500,15.09,0.0,0.0,0.0
2012-08-21,13300,14.64,0.0,0.0,0.0
2012-08-22,11100,13.69,0.0,0.0,0.0
2012-08-23,10900,13.61,0.0,0.0,0.0
2012-08-24,11000,13.65,0.0,0.0,0.0
2012-08-25,10900,13.59,0.0,0.0,0.0
2012-08-26,10600,13.47,1.0,0.0,0.0
2012-08-27,10400,13.36,1.0,0.0,0.0
2012-08-28,10000,13.21,0.0,0.0,0.0
2012-08-29,9790,13.09,0.0,0.0,0.0
2012-08-30,9030,12.72,0.0,0.0,0.0
2012-08-31,8960,12.68,0.0,0.0,0.0
2012-09-01,7730,12.04,0.0,0.0,0.0
2012-09-02,7560,11.94,0.0,0.0,0.0
2012-09-03,8370,12.38,0.0,0.0,0.0
2012-09-04,8610,12.52,0.0,0.0,0.0
2012-09-05,9080,12.76,0.0,0.0,0.0
2012-09-06,9320,12.88,0.0,0.0,0.0
2012-09-07,9530,12.98,0.0,0.0,0.0
2012-09-08,9490,12.96,0.0,0.0,0.0
2012-09-09,9590,13.01,0.0,0.0,0.0
2012-09-10,9890,13.15,0.0,0.0,0.0
2012-09-11,10200,13.3,0.0,0.0,0.0
2012-09-12,9590,13.01,0.0,0.0,0.0
2012-09-13,9360,12.9,0.0,0.0,0.0
2012-09-14,9090,12.76,0.0,0.0,0.0
2012-09-15,8400,12.39,0.0,0.0,0.0
2012-09-16,7110,11.69,0.0,0.0,0.0
2012-09-17,7080,11.67,0.0,0.0,0.0
2012-09-18,6960,11.59,0.0,0.0,0.0
2012-09-19,7090,11.67,0.0,0.0,0.0
2012-09-20,7090,11.67,0.0,0.0,0.0
2012-09-21,7090,11.67,0.0,0.0,0.0
2012-09-22,7100,11.68,0.0,0.0,0.0
2012-09-23,7080,11.66,0.0,0.0,0.0
2012-09-24,7060,11.66,0.0,0.0,0.0
2012-09-25,7070,11.66,0.0,0.0,0.0
2012-09-26,7000,11.62,0.0,0.0,0.0
2012-09-27,6850,11.53,0.0,0.0,0.0
2012-09-28,6740,11.46,0.0,0.0,0.0
2012-09-29,6810,11.51,0.0,0.0,0.0
2012-09-30,6830,11.52,0.0,0.0,0.0
2012-10-01,6810,11.5,0.0,0.0,0.0
2012-10-02,6880,11.55,0.0,0.0,0.0
2012-10-03,7030,11.63,0.0,0.0,0.0
2012-10-04,6850,11.53,0.0,0.0,0.0
2012-10-05,6750,11.47,0.0,0.0,0.0
2012-10-06,6910,11.57,0.0,0.0,0.0
2012-10-07,6780,11.48,0.0,0.0,0.0
2012-10-08,6620,11.38,0.0,0.0,0.0
2012-10-09,6600,11.37,0.0,0.0,0.0
2012-10-10,6630,11.39,0.0,0.0,0.0
2012-10-11,6610,11.38,0.0,0.0,0.0
2012-10-12,6580,11.37,0.0,1.0,1.0
2012-10-13,6690,11.43,3.0,3.0,3.0
2012-10-14,9220,12.73,3.0,3.0,3.0
2012-10-15,24700,18.42,3.0,3.0,1.0
2012-10-16,24500,18.33,2.0,1.0,1.0
2012-10-17,21600,17.41,0.0,2.0,2.0
2012-10-18,15800,15.57,3.0,2.0,2.0
2012-10-19,21600,17.44,3.0,2.0,2.0
2012-10-20,30800,20.43,0.0,0.0,0.0
2012-10-21,22100,17.56,0.0,0.0,0.0
2012-10-22,17600,16.18,0.0,0.0,0.0
2012-10-23,15600,15.49,0.0,0.0,0.0
2012-10-24,13500,14.72,0.0,0.0,0.0
2012-10-25,12600,14.37,0.0,0.0,0.0
2012-10-26,12000,14.1,0.0,0.0,0.0
2012-10-27,13100,14.55,1.0,0.0,0.0
2012-10-28,20200,16.99,1.0,0.0,0.0
2012-10-29,26900,19.12,0.0,0.0,0.0
2012-10-30,35800,21.97,2.0,2.0,0.0
2012-10-31,45100,,2.0,2.0,0.0
2012-11-01,40200,23.16,2.0,2.0,0.0
2012-11-02,32300,20.91,3.0,3.0,0.0
2012-11-03,30700,20.42,3.0,3.0,3.0
2012-11-04,38700,22.76,3.0,3.0,3.0
2012-11-05,40300,23.23,3.0,3.0,3.0
2012-11-06,34400,21.55,0.0,1.0,0.0
2012-11-07,31600,20.7,0.0,0.0,0.0
2012-11-08,29900,20.15,0.0,0.0,0.0
2012-11-09,26200,18.93,0.0,0.0,0.0
2012-11-10,24800,18.39,0.0,0.0,0.0
2012-11-11,23700,18.02,0.0,0.0,0.0
2012-11-12,23000,17.8,0.0,0.0,0.0
2012-11-13,24500,18.3,0.0,0.0,0.0
2012-11-14,26000,18.82,0.0,0.0,0.0
2012-11-15,20100,16.95,0.0,0.0,0.0
2012-11-16,17400,16.12,0.0,0.0,0.0
2012-11-17,17200,16.03,1.0,1.0,0.0
2012-11-18,18100,16.32,2.0,1.0,0.0
2012-11-19,24000,18.2,2.0,1.0,0.0
2012-11-20,38100,22.6,0.0,0.0,0.0
2012-11-21,31000,20.51,0.0,0.0,0.0
2012-11-22,27300,19.28,2.0,1.0,1.0
2012-11-23,25700,18.73,2.0,1.0,1.0
2012-11-24,35900,21.99,0.0,0.0,0.0
2012-11-25,28300,19.61,0.0,0.0,0.0
2012-11-26,23600,18.04,0.0,0.0,0.0
2012-11-27,20700,17.13,0.0,0.0,0.0
2012-11-28,18900,16.6,3.0,3.0,3.0
2012-11-29,18600,16.5,3.0,3.0,3.0
2012-11-30,20100,16.95,3.0,3.0,3.0
2012-12-01,27300,19.3,3.0,3.0,3.0
2012-12-02,28200,19.61,0.0,0.0,0.0
2012-12-03,28000,,0.0,0.0,0.0
2012-12-04,27200,,1.0,1.0,0.0
2012-12-05,27600,19.38,0.0,0.0,0.0
2012-12-06,23400,17.95,0.0,0.0,0.0
2012-12-07,21800,17.46,0.0,0.0,0.0
2012-12-08,22000,17.52,0.0,0.0,0.0
2012-12-09,19600,16.82,0.0,0.0,0.0
2012-12-10,17500,16.15,0.0,0.0,0.0
2012-12-11,14500,15.07,0.0,0.0,0.0
2012-12-12,14000,14.89,0.0,0.0,0.0
2012-12-13,15000,15.26,0.0,0.0,0.0
2012-12-14,14800,15.19,0.0,0.0,0.0
2012-12-15,15100,15.28,0.0,0.0,0.0
2012-12-16,14300,15.02,0.0,0.0,0.0
2012-12-17,15300,15.4,0.0,0.0,0.0
2012-12-18,15800,15.55,0.0,0.0,0.0
2012-12-19,14100,14.95,0.0,0.0,0.0
2012-12-20,14100,14.92,0.0,0.0,0.0
2012-12-21,14000,14.89,0.0,0.0,0.0
2012-12-22,13500,14.7,0.0,0.0,0.0
2012-12-23,12700,14.38,0.0,0.0,0.0
2012-12-24,12800,14.39,0.0,0.0,0.0
2012-12-25,13000,14.51,0.0,0.0,0.0
2012-12-26,12900,14.47,0.0,0.0,0.0
2012-12-27,12500,14.28,0.0,0.0,0.0
2012-12-28,11900,14.04,0.0,0.0,0.0
2012-12-29,11500,13.84,0.0,0.0,0.0
2012-12-30,11200,13.73,0.0,0.0,0.0
2012-12-31,12000,14.11,0.0,0.0,0.0
2013-01-01,12300,14.2,0.0,0.0,0.0
2013-01-02,13200,14.57,0.0,0.0,0.0
2013-01-03,13300,14.63,0.0,0.0,0.0
2013-01-04,13200,14.59,0.0,0.0,0.0
2013-01-05,13000,14.49,0.0,0.0,0.0
2013-01-06,13100,14.55,0.0,0.0,0.0
2013-01-07,14700,15.17,0.0,0.0,0.0
2013-01-08,17500,16.14,1.0,1.0,1.0
2013-01-09,27700,19.39,1.0,1.0,1.0
2013-01-10,28500,19.65,0.0,0.0,0.0
2013-01-11,22700,17.75,0.0,0.0,0.0
2013-01-12,20800,17.17,0.0,0.0,0.0
2013-01-13,18300,16.41,0.0,0.0,0.0
2013-01-14,16900,15.93,0.0,0.0,0.0
2013-01-15,16000,15.62,0.0,0.0,0.0
2013-01-16,15700,15.51,0.0,0.0,0.0
2013-01-17,14900,15.23,0.0,0.0,0.0
2013-01-18,15100,15.32,0.0,0.0,0.0
2013-01-19,14300,15.02,0.0,0.0,0.0
2013-01-20,13800,14.83,0.0,0.0,0.0
2013-01-21,15200,15.33,0.0,0.0,0.0
2013-01-22,14800,15.2,0.0,0.0,0.0
2013-01-23,13000,14.51,0.0,0.0,0.0
2013-01-24,13400,14.67,0.0,0.0,0.0
2013-01-25,13900,14.84,0.0,0.0,0.0
2013-01-26,13300,14.62,0.0,0.0,0.0
2013-01-27,13900,14.84,0.0,0.0,0.0
2013-01-28,13900,14.85,2.0,2.0,1.0
2013-01-29,13200,14.6,2.0,2.0,1.0
2013-01-30,14100,14.93,0.0,0.0,1.0
2013-01-31,15300,15.39,0.0,0.0,0.0
2013-02-01,16600,15.82,0.0,0.0,0.0
2013-02-02,15900,15.57,0.0,0.0,0.0
2013-02-03,16100,15.65,0.0,0.0,0.0
2013-02-04,15200,15.34,0.0,0.0,0.0
2013-02-05,15200,15.33,0.0,0.0,0.0
2013-02-06,16000,15.62,0.0,0.0,0.0
2013-02-07,15400,15.42,0.0,0.0,0.0
2013-02-08,15700,15.53,0.0,0.0,0.0
2013-02-09,14200,14.93,0.0,0.0,0.0
2013-02-10,12800,14.41,0.0,0.0,0.0
2013-02-11,13900,14.85,0.0,0.0,0.0
2013-02-12,12800,14.44,0.0,0.0,0.0
2013-02-13,12800,14.43,0.0,0.0,0.0
2013-02-14,11600,13.89,0.0,0.0,0.0
2013-02-15,12600,14.35,0.0,0.0,0.0
2013-02-16,11800,13.98,0.0,0.0,0.0
2013-02-17,13200,14.59,0.0,0.0,0.0
2013-02-18,13700,14.76,0.0,0.0,0.0
2013-02-19,12300,14.21,0.0,0.0,0.0
2013-02-20,13000,14.49,0.0,0.0,0.0
2013-02-21,12000,14.09,0.0,0.0,0.0
2013-02-22,12500,14.29,0.0,0.0,0.0
2013-02-23,13100,14.5,0.0,0.0,0.0
2013-02-24,11800,13.99,0.0,0.0,0.0
2013-02-25,12400,14.25,0.0,0.0,0.0
2013-02-26,12800,14.4,0.0,0.0,0.0
2013-02-27,13500,14.7,0.0,0.0,0.0
2013-02-28,12600,14.34,1.0,2.0,2.0
2013-03-01,16400,15.75,1.0,2.0,2.0
2013-03-02,22300,17.62,1.0,2.0,2.0
2013-03-03,19700,16.83,0.0,0.0,0.0
2013-03-04,16300,15.72,0.0,0.0,0.0
2013-03-05,13800,14.81,0.0,0.0,0.0
2013-03-06,12300,14.2,0.0,0.0,0.0
2013-03-07,11500,13.9,0.0,0.0,0.0
2013-03-08,10900,13.63,0.0,0.0,0.0
2013-03-09,10500,13.44,0.0,0.0,0.0
2013-03-10,10100,13.25,0.0,0.0,0.0
2013-03-11,9770,13.1,0.0,0.0,0.0
2013-03-12,10400,13.4,2.0,1.0,1.0
2013-03-13,22400,17.66,2.0,1.0,1.0
2013-03-14,24700,18.35,2.0,0.0,1.0
2013-03-15,25200,18.57,0.0,0.0,1.0
2013-03-16,24300,18.21,0.0,0.0,0.0
2013-03-17,23900,18.11,0.0,0.0,0.0
2013-03-18,19600,16.79,0.0,0.0,0.0
2013-03-19,16600,15.84,0.0,0.0,0.0
2013-03-20,16300,15.74,0.0,0.0,0.0
2013-03-21,19400,16.73,0.0,0.0,0.0
2013-03-22,16400,15.77,0.0,0.0,0.0
2013-03-23,14600,15.12,0.0,0.0,0.0
2013-03-24,13300,14.63,0.0,0.0,0.0
2013-03-25,12500,14.31,0.0,0.0,0.0
2013-03-26,11900,14.05,0.0,0.0,0.0
2013-03-27,11400,13.82,0.0,0.0,0.0
2013-03-28,11900,14.06,0.0,0.0,0.0
2013-03-29,12200,14.16,0.0,0.0,0.0
2013-03-30,12400,14.28,0.0,0.0,0.0
2013-03-31,13100,14.57,0.0,0.0,0.0
2013-04-01,14900,15.24,0.0,0.0,0.0
2013-04-02,15900,15.6,0.0,0.0,0.0
2013-04-03,16500,15.81,0.0,0.0,0.0
2013-04-04,22500,17.69,1.0,0.0,0.0
2013-04-05,29600,20.05,1.0,0.0,0.0
2013-04-06,39000,22.87,0.0,0.0,0.0
2013-04-07,37400,22.44,0.0,0.0,0.0
2013-04-08,31200,20.58,0.0,0.0,0.0
2013-04-09,23400,17.99,0.0,0.0,0.0
2013-04-10,22800,17.78,1.0,1.0,1.0
2013-04-11,28500,19.69,0.0,0.0,0.0
2013-04-12,26200,18.9,0.0,0.0,0.0
2013-04-13,24300,18.23,0.0,0.0,0.0
2013-04-14,22700,17.71,0.0,0.0,0.0
2013-04-15,20300,17.02,0.0,0.0,0.0
2013-04-16,18000,16.29,0.0,0.0,0.0
2013-04-17,17200,16.04,0.0,0.0,0.0
2013-04-18,16600,15.82,0.0,0.0,0.0
2013-04-19,17200,16.05,0.0,0.0,0.0
2013-04-20,17800,16.24,0.0,0.0,0.0
2013-04-21,16900,15.94,0.0,0.0,0.0
2013-04-22,19700,16.84,0.0,0.0,0.0
2013-04-23,17900,16.27,0.0,0.0,0.0
2013-04-24,16900,15.93,0.0,0.0,0.0
2013-04-25,16200,15.68,0.0,0.0,0.0
2013-04-26,16800,15.9,0.0,0.0,0.0
2013-04-27,17300,16.08,0.0,0.0,0.0
2013-04-28,18700,16.54,0.0,0.0,0.0
2013-04-29,20900,17.22,0.0,0.0,0.0
2013-04-30,19900,16.9,0.0,0.0,0.0
2013-05-01,18600,16.51,0.0,0.0,0.0
2013-05-02,17400,16.11,0.0,0.0,0.0
2013-05-03,17800,16.24,0.0,0.0,0.0
2013-05-04,19200,16.68,0.0,0.0,0.0
2013-05-05,22100,17.56,0.0,0.0,0.0
2013-05-06,26200,18.92,0.0,0.0,0.0
2013-05-07,28600,19.72,0.0,0.0,0.0
2013-05-08,29100,19.91,0.0,0.0,0.0
2013-05-09,30500,20.37,0.0,0.0,0.0
2013-05-10,34000,21.45,0.0,0.0,0.0
2013-05-11,35000,21.75,2.0,2.0,2.0
2013-05-12,36800,22.26,2.0,2.0,2.0
2013-05-13,45400,24.48,2.0,2.0,0.0
2013-05-14,46800,24.62,0.0,0.0,0.0
2013-05-15,32500,20.97,0.0,0.0,0.0
2013-05-16,26800,19.12,0.0,0.0,0.0
2013-05-17,25300,18.58,0.0,0.0,0.0
2013-05-18,24500,18.32,0.0,0.0,0.0
2013-05-19,23300,17.92,0.0,0.0,0.0
2013-05-20,23100,17.86,0.0,0.0,0.0
2013-05-21,22700,17.72,0.0,0.0,0.0
2013-05-22,25300,18.59,0.0,0.0,0.0
2013-05-23,23700,18.02,0.0,0.0,0.0
2013-05-24,21900,17.49,0.0,0.0,0.0
2013-05-25,20200,16.99,0.0,0.0,0.0
2013-05-26,19400,16.75,0.0,0.0,0.0
2013-05-27,18900,16.58,0.0,0.0,0.0
2013-05-28,21400,17.36,0.0,0.0,0.0
2013-05-29,23000,17.81,0.0,0.0,0.0
2013-05-30,23800,18.07,0.0,0.0,0.0
2013-05-31,24600,18.35,0.0,0.0,0.0
2013-06-01,21400,17.34,0.0,0.0,0.0
2013-06-02,19800,16.86,0.0,0.0,0.0
2013-06-03,21300,17.33,0.0,0.0,0.0
2013-06-04,20900,17.21,0.0,0.0,0.0
2013-06-05,24200,18.19,0.0,0.0,0.0
2013-06-06,27000,19.19,0.0,0.0,0.0
2013-06-07,28000,19.55,0.0,0.0,0.0
2013-06-08,26400,18.99,0.0,0.0,0.0
2013-06-09,24700,18.37,0.0,0.0,0.0
2013-06-10,24000,18.11,0.0,0.0,0.0
2013-06-11,22300,17.61,0.0,0.0,0.0
2013-06-12,21100,17.25,0.0,0.0,0.0
2013-06-13,19100,16.64,0.0,0.0,0.0
2013-06-14,17700,16.18,0.0,0.0,0.0
2013-06-15,19300,16.73,0.0,0.0,0.0
2013-06-16,19900,16.88,0.0,0.0,0.0
2013-06-17,25200,18.55,0.0,0.0,0.0
2013-06-18,26200,18.9,0.0,0.0,0.0
2013-06-19,24000,18.17,0.0,0.0,0.0
2013-06-20,24800,18.46,0.0,0.0,0.0
2013-06-21,31500,20.67,0.0,0.0,0.0
2013-06-22,26100,18.86,0.0,0.0,0.0
2013-06-23,24800,18.41,0.0,0.0,0.0
2013-06-24,26000,18.86,0.0,0.0,0.0
2013-06-25,27700,19.43,3.0,2.0,0.0
2013-06-26,26700,19.11,3.0,2.0,0.0
2013-06-27,26500,19.04,3.0,2.0,0.0
2013-06-28,26700,19.1,3.0,2.0,2.0
2013-06-29,27800,19.46,2.0,2.0,2.0
2013-06-30,30600,20.39,0.0,0.0,0.0
2013-07-01,31500,20.67,0.0,0.0,1.0
2013-07-02,31900,20.79,0.0,0.0,1.0
2013-07-03,31600,20.7,0.0,0.0,0.0
2013-07-04,27500,19.36,0.0,0.0,0.0
2013-07-05,23500,18.03,0.0,0.0,0.0
2013-07-06,21200,17.3,0.0,0.0,0.0
2013-07-07,22300,17.64,0.0,0.0,0.0
2013-07-08,22700,17.77,0.0,0.0,0.0
2013-07-09,22600,17.73,0.0,0.0,0.0
2013-07-10,22700,17.78,0.0,0.0,0.0
2013-07-11,21900,17.55,0.0,0.0,0.0
2013-07-12,20400,17.1,0.0,0.0,0.0
2013-07-13,16800,15.96,0.0,0.0,0.0
2013-07-14,15700,15.57,0.0,0.0,0.0
2013-07-15,15200,15.38,0.0,0.0,0.0
2013-07-16,15600,15.56,0.0,0.0,0.0
2013-07-17,16100,15.75,0.0,0.0,0.0
2013-07-18,15000,15.34,0.0,0.0,0.0
2013-07-19,14100,15.02,0.0,0.0,0.0
2013-07-20,13800,14.92,0.0,0.0,0.0
2013-07-21,13300,14.79,0.0,0.0,0.0
2013-07-22,11400,13.92,0.0,0.0,0.0
2013-07-23,11100,13.81,0.0,0.0,0.0
2013-07-24,11400,13.93,0.0,0.0,0.0
2013-07-25,11300,13.87,0.0,0.0,0.0
2013-07-26,11700,14.08,0.0,0.0,0.0
2013-07-27,13300,14.77,0.0,0.0,0.0
2013-07-28,12800,14.55,0.0,0.0,0.0
2013-07-29,12000,14.18,0.0,0.0,0.0
2013-07-30,12100,14.25,0.0,0.0,0.0
2013-07-31,11300,13.85,0.0,0.0,0.0
2013-08-01,11700,14.05,0.0,0.0,0.0
2013-08-02,10300,13.41,0.0,0.0,0.0
2013-08-03,11600,13.99,0.0,0.0,0.0
2013-08-04,10700,13.59,0.0,0.0,0.0
2013-08-05,11600,14.03,0.0,0.0,0.0
2013-08-06,11300,13.86,0.0,0.0,0.0
2013-08-07,11400,13.92,0.0,0.0,0.0
2013-08-08,10900,13.67,0.0,0.0,0.0
2013-08-09,11200,13.8,0.0,0.0,0.0
2013-08-10,11400,13.85,0.0,0.0,0.0
2013-08-11,11000,13.67,0.0,0.0,0.0
2013-08-12,12900,14.5,0.0,0.0,0.0
2013-08-13,11800,14.01,0.0,0.0,0.0
2013-08-14,11600,13.89,1.0,1.0,0.0
2013-08-15,11700,13.91,1.0,1.0,0.0
2013-08-16,12400,14.22,0.0,0.0,0.0
2013-08-17,11900,13.99,0.0,0.0,0.0
2013-08-18,11900,13.97,1.0,1.0,1.0
2013-08-19,10800,13.44,1.0,1.0,1.0
2013-08-20,10400,13.22,0.0,0.0,0.0
2013-08-21,10400,13.18,0.0,0.0,0.0
2013-08-22,10000,12.99,0.0,0.0,0.0
2013-08-23,9360,12.62,0.0,0.0,0.0
2013-08-24,7910,11.83,0.0,0.0,0.0
2013-08-25,7990,11.85,0.0,0.0,0.0
2013-08-26,8170,11.94,3.0,0.0,0.0
2013-08-27,8680,12.2,3.0,3.0,0.0
2013-08-28,8610,12.14,3.0,3.0,3.0
2013-08-29,10100,12.91,3.0,3.0,3.0
2013-08-30,16900,15.8,3.0,3.0,3.0
2013-08-31,12600,14.04,0.0,0.0,0.0
2013-09-01,10800,13.17,1.0,0.0,0.0
2013-09-02,9740,12.65,1.0,0.0,0.0
2013-09-03,9860,12.7,1.0,0.0,0.0
2013-09-04,11000,13.25,0.0,0.0,0.0
2013-09-05,10900,13.15,0.0,0.0,0.0
2013-09-06,14700,14.76,0.0,0.0,0.0
2013-09-07,17500,15.86,0.0,0.0,0.0
2013-09-08,16100,15.35,0.0,0.0,0.0
2013-09-09,14600,14.71,0.0,0.0,0.0
2013-09-10,13100,14.11,0.0,0.0,0.0
2013-09-11,12900,14.0,0.0,0.0,0.0
2013-09-12,12700,13.93,0.0,0.0,0.0
2013-09-13,12700,13.94,0.0,0.0,0.0
2013-09-14,12000,13.59,0.0,0.0,0.0
2013-09-15,10400,12.86,0.0,0.0,0.0
2013-09-16,9630,12.46,0.0,0.0,0.0
2013-09-17,10200,12.76,0.0,0.0,0.0
2013-09-18,9880,12.59,0.0,0.0,0.0
2013-09-19,10300,12.82,0.0,0.0,0.0
2013-09-20,10000,12.67,0.0,0.0,0.0
2013-09-21,9830,12.57,0.0,0.0,0.0
2013-09-22,9980,12.64,1.0,1.0,1.0
2013-09-23,15400,14.9,0.0,0.0,0.0
2013-09-24,21000,17.01,0.0,0.0,0.0
2013-09-25,17100,15.66,0.0,0.0,0.0
2013-09-26,14800,14.79,0.0,0.0,0.0
2013-09-27,14100,14.51,0.0,0.0,0.0
2013-09-28,15600,15.09,2.0,2.0,1.0
2013-09-29,41100,22.69,3.0,2.0,2.0
2013-09-30,43200,23.31,3.0,2.0,2.0
2013-10-01,38100,22.04,0.0,0.0,0.0
2013-10-02,31200,20.19,0.0,0.0,0.0
2013-10-03,27200,18.99,0.0,0.0,0.0
2013-10-04,24400,18.1,0.0,0.0,0.0
2013-10-05,22500,17.52,0.0,0.0,0.0
2013-10-06,21600,17.23,0.0,0.0,0.0
2013-10-07,21400,17.16,1.0,1.0,1.0
2013-10-08,24400,18.11,0.0,0.0,0.0
2013-10-09,23900,17.96,0.0,0.0,0.0
2013-10-10,20300,16.82,0.0,0.0,0.0
2013-10-11,18200,16.09,0.0,0.0,0.0
2013-10-12,15000,14.87,0.0,0.0,0.0
2013-10-13,13400,14.2,0.0,0.0,0.0
2013-10-14,13000,14.03,0.0,0.0,0.0
2013-10-15,12700,13.91,0.0,0.0,0.0
2013-10-16,12000,13.59,0.0,0.0,0.0
2013-10-17,11300,13.26,0.0,0.0,0.0
2013-10-18,11100,13.17,0.0,0.0,0.0
2013-10-19,10500,12.92,0.0,0.0,0.0
2013-10-20,10800,13.02,0.0,0.0,0.0
2013-10-21,11700,13.47,0.0,0.0,0.0
2013-10-22,11700,13.47,0.0,0.0,0.0
2013-10-23,11200,13.25,0.0,0.0,0.0
2013-10-24,11200,13.22,0.0,0.0,0.0
2013-10-25,10900,13.08,0.0,0.0,0.0
2013-10-26,9890,12.59,0.0,0.0,0.0
2013-10-27,10300,12.81,0.0,0.0,0.0
2013-10-28,9820,12.55,0.0,0.0,0.0
2013-10-29,9360,12.32,0.0,0.0,0.0
2013-10-30,11000,13.14,0.0,0.0,0.0
2013-10-31,10900,13.12,0.0,0.0,0.0
2013-11-01,10300,12.82,0.0,0.0,0.0
2013-11-02,10700,12.99,1.0,0.0,0.0
2013-11-03,13200,14.13,0.0,0.0,0.0
2013-11-04,11900,13.56,0.0,0.0,0.0
2013-11-05,11500,13.36,0.0,0.0,0.0
2013-11-06,12200,13.71,0.0,0.0,0.0
2013-11-07,14000,14.43,2.0,1.0,1.0
2013-11-08,20200,16.75,2.0,0.0,0.0
2013-11-09,16500,15.44,0.0,0.0,0.0
2013-11-10,14400,14.63,0.0,0.0,0.0
2013-11-11,14100,14.5,1.0,1.0,0.0
2013-11-12,14000,14.47,1.0,1.0,1.0
2013-11-13,15900,15.23,0.0,0.0,0.0
2013-11-14,16200,15.34,0.0,0.0,0.0
2013-11-15,15400,15.02,0.0,0.0,0.0
2013-11-16,18400,16.16,0.0,0.0,0.0
2013-11-17,17600,15.86,0.0,0.0,0.0
2013-11-18,18300,16.09,0.0,0.0,0.0
2013-11-19,30700,20.01,0.0,0.0,0.0
2013-11-20,28200,19.33,0.0,0.0,0.0
2013-11-21,20600,17.01,0.0,0.0,0.0
2013-11-22,17300,15.97,0.0,0.0,0.0
2013-11-23,15600,15.41,0.0,0.0,0.0
2013-11-24,14500,15.04,0.0,0.0,0.0
2013-11-25,13100,14.53,0.0,0.0,0.0
2013-11-26,12800,14.4,0.0,0.0,0.0
2013-11-27,12200,14.12,0.0,0.0,0.0
2013-11-28,11400,13.77,0.0,0.0,0.0
2013-11-29,11700,13.9,0.0,0.0,0.0
2013-11-30,11800,13.96,0.0,0.0,1.0
2013-12-01,14100,14.87,2.0,2.0,1.0
2013-12-02,23100,18.15,2.0,0.0,0.0
2013-12-03,17200,16.12,0.0,0.0,0.0
2013-12-04,14500,15.11,0.0,0.0,0.0
2013-12-05,13600,14.75,0.0,0.0,0.0
2013-12-06,13100,14.53,0.0,0.0,0.0
2013-12-07,12500,14.28,0.0,0.0,0.0
2013-12-08,11900,14.0,0.0,0.0,0.0
2013-12-09,12300,14.2,0.0,0.0,0.0
2013-12-10,12200,14.13,0.0,0.0,0.0
2013-12-11,11900,14.0,0.0,0.0,0.0
2013-12-12,11800,13.95,0.0,0.0,0.0
2013-12-13,11700,13.91,0.0,0.0,0.0
2013-12-14,11000,13.6,0.0,0.0,0.0
2013-12-15,10800,13.49,0.0,0.0,0.0
2013-12-16,10600,13.38,0.0,0.0,0.0
2013-12-17,10600,13.37,0.0,0.0,0.0
2013-12-18,8990,12.58,0.0,0.0,0.0
2013-12-19,9950,13.07,0.0,0.0,0.0
2013-12-20,9910,13.05,2.0,2.0,1.0
2013-12-21,8630,12.38,2.0,2.0,1.0
2013-12-22,9780,12.98,0.0,0.0,0.0
2013-12-23,12900,14.45,0.0,0.0,0.0
2013-12-24,14100,14.94,0.0,0.0,0.0
2013-12-25,12800,14.4,0.0,0.0,0.0
2013-12-26,12400,14.21,0.0,0.0,0.0
2013-12-27,11600,13.88,0.0,0.0,0.0
2013-12-28,10700,13.43,0.0,0.0,0.0
2013-12-29,11600,13.84,0.0,0.0,0.0
2013-12-30,11700,13.93,0.0,0.0,0.0
2013-12-31,9940,13.07,0.0,0.0,0.0
2014-01-01,11100,13.61,0.0,0.0,0.0
2014-01-02,11800,13.93,1.0,1.0,0.0
2014-01-03,14300,15.03,1.0,1.0,0.0
2014-01-04,14000,14.91,0.0,0.0,0.0
2014-01-05,13000,14.46,0.0,0.0,0.0
2014-01-06,12900,14.44,0.0,0.0,0.0
2014-01-07,12500,14.29,0.0,0.0,0.0
2014-01-08,13200,14.59,0.0,0.0,0.0
2014-01-09,16500,15.9,0.0,0.0,0.0
2014-01-10,16600,15.93,3.0,3.0,2.0
2014-01-11,28300,19.53,3.0,3.0,2.0
2014-01-12,38400,22.28,0.0,0.0,1.0
2014-01-13,36400,21.8,0.0,0.0,1.0
2014-01-14,37300,22.02,0.0,0.0,0.0
2014-01-15,28400,19.69,0.0,0.0,0.0
2014-01-16,22500,17.96,0.0,0.0,0.0
2014-01-17,19800,17.08,0.0,0.0,0.0
2014-01-18,18000,16.42,0.0,0.0,0.0
2014-01-19,16600,15.94,0.0,0.0,0.0
2014-01-20,15700,15.57,0.0,0.0,0.0
2014-01-21,15100,15.36,0.0,0.0,0.0
2014-01-22,14500,15.13,0.0,0.0,0.0
2014-01-23,14000,14.92,0.0,0.0,0.0
2014-01-24,13300,14.61,0.0,0.0,0.0
2014-01-25,12100,14.1,0.0,0.0,0.0
2014-01-26,12900,14.45,0.0,0.0,0.0
2014-01-27,13000,14.48,0.0,0.0,0.0
2014-01-28,12200,14.13,0.0,0.0,0.0
2014-01-29,12300,14.18,0.0,0.0,0.0
2014-01-30,12700,14.35,0.0,0.0,0.0
2014-01-31,11700,13.9,0.0,0.0,0.0
2014-02-01,10800,13.49,0.0,0.0,0.0
2014-02-02,11800,13.94,0.0,0.0,0.0
2014-02-03,11000,13.6,0.0,0.0,0.0
2014-02-04,10700,13.45,0.0,0.0,0.0
2014-02-05,11300,13.73,0.0,0.0,0.0
2014-02-06,11500,13.81,0.0,0.0,0.0
2014-02-07,12000,14.05,0.0,0.0,0.0
2014-02-08,10100,13.12,0.0,0.0,0.0
2014-02-09,9920,13.05,0.0,0.0,0.0
2014-02-10,10700,13.44,0.0,0.0,0.0
2014-02-11,11100,13.62,1.0,1.0,0.0
2014-02-12,12600,14.33,1.0,1.0,0.0
2014-02-13,12600,14.33,0.0,0.0,0.0
2014-02-14,13500,14.69,1.0,0.0,0.0
2014-02-15,12800,14.39,0.0,0.0,0.0
2014-02-16,15700,15.6,1.0,0.0,0.0
2014-02-17,14500,15.11,1.0,0.0,0.0
2014-02-18,13100,14.54,0.0,0.0,0.0
2014-02-19,14100,14.98,0.0,0.0,0.0
2014-02-20,12600,14.31,0.0,0.0,0.0
2014-02-21,11800,13.95,0.0,0.0,0.0
2014-02-22,12000,14.04,0.0,0.0,0.0
2014-02-23,12500,14.26,0.0,0.0,0.0
2014-02-24,12200,14.11,0.0,0.0,0.0
2014-02-25,11100,13.63,0.0,0.0,0.0
2014-02-26,11100,13.66,0.0,0.0,0.0
2014-02-27,11000,13.61,0.0,0.0,0.0
2014-02-28,12300,14.18,0.0,0.0,0.0
2014-03-01,11100,13.65,0.0,0.0,0.0
2014-03-02,11200,13.68,0.0,0.0,0.0
2014-03-03,17200,16.08,0.0,0.0,0.0
2014-03-04,22900,18.03,0.0,0.0,0.0
2014-03-05,27100,19.25,0.0,0.0,0.0
2014-03-06,37600,22.03,0.0,0.0,0.0
2014-03-07,41900,23.04,0.0,0.0,0.0
2014-03-08,30200,20.07,1.0,1.0,1.0
2014-03-09,40300,22.49,1.0,1.0,1.0
2014-03-10,48800,24.54,0.0,0.0,0.0
2014-03-11,34000,21.07,0.0,0.0,0.0
2014-03-12,27100,19.12,0.0,0.0,0.0
2014-03-13,23100,17.88,0.0,0.0,0.0
2014-03-14,22900,17.84,0.0,0.0,0.0
2014-03-15,28500,19.54,2.0,2.0,2.0
2014-03-16,34800,21.22,2.0,2.0,2.0
2014-03-17,39300,22.4,0.0,0.0,0.0
2014-03-18,30300,20.07,0.0,0.0,0.0
2014-03-19,25400,18.61,0.0,0.0,0.0
2014-03-20,23400,18.0,0.0,0.0,0.0
2014-03-21,22200,17.61,0.0,0.0,0.0
2014-03-22,20100,16.92,0.0,0.0,0.0
2014-03-23,18200,16.25,0.0,0.0,0.0
2014-03-24,17100,15.86,0.0,0.0,0.0
2014-03-25,16100,15.51,1.0,0.0,0.0
2014-03-26,17000,15.82,1.0,0.0,0.0
2014-03-27,16900,15.79,0.0,0.0,0.0
2014-03-28,16700,15.71,0.0,0.0,0.0
2014-03-29,20600,17.09,0.0,0.0,0.0
2014-03-30,23400,18.0,0.0,0.0,0.0
2014-03-31,21900,17.5,0.0,0.0,0.0
2014-04-01,18300,16.26,0.0,0.0,0.0
2014-04-02,16100,15.48,0.0,0.0,0.0
2014-04-03,15900,15.4,0.0,0.0,0.0
2014-04-04,17500,16.01,0.0,0.0,0.0
2014-04-05,16400,15.61,0.0,0.0,0.0
2014-04-06,16800,15.77,0.0,0.0,0.0
2014-04-07,18500,16.37,0.0,0.0,0.0
2014-04-08,17600,16.02,0.0,0.0,0.0
2014-04-09,20600,17.09,0.0,0.0,0.0
2014-04-10,20800,17.16,0.0,0.0,0.0
2014-04-11,18300,16.26,0.0,0.0,0.0
2014-04-12,15700,15.33,0.0,0.0,0.0
2014-04-13,16400,15.59,0.0,0.0,0.0
2014-04-14,16300,15.58,0.0,0.0,0.0
2014-04-15,15000,15.07,0.0,0.0,0.0
2014-04-16,15000,15.07,0.0,0.0,0.0
2014-04-17,19800,16.79,0.0,0.0,0.0
2014-04-18,23700,18.07,0.0,0.0,0.0
2014-04-19,21300,17.31,0.0,0.0,0.0
2014-04-20,20700,17.13,0.0,0.0,0.0
2014-04-21,22100,17.57,0.0,0.0,0.0
2014-04-22,21300,17.31,0.0,0.0,0.0
2014-04-23,20700,17.1,0.0,0.0,0.0
2014-04-24,21700,17.45,0.0,0.0,0.0
2014-04-25,24000,18.16,0.0,0.0,0.0
2014-04-26,19700,16.75,0.0,0.0,0.0
2014-04-27,18700,16.43,0.0,0.0,0.0
2014-04-28,19000,16.52,0.0,0.0,0.0
2014-04-29,19300,16.65,0.0,0.0,0.0
2014-04-30,18800,16.48,0.0,0.0,0.0
2014-05-01,19600,16.74,0.0,0.0,0.0
2014-05-02,22800,17.79,0.0,0.0,0.0
2014-05-03,26300,18.89,0.0,0.0,0.0
2014-05-04,31000,20.26,0.0,0.0,0.0
2014-05-05,33900,21.06,0.0,0.0,0.0
2014-05-06,28000,19.4,0.0,0.0,0.0
2014-05-07,24300,18.27,0.0,0.0,0.0
2014-05-08,23200,17.92,0.0,0.0,0.0
2014-05-09,27200,19.17,0.0,0.0,0.0
2014-05-10,28000,19.41,0.0,0.0,0.0
2014-05-11,24400,18.31,0.0,0.0,0.0
2014-05-12,24100,18.21,0.0,0.0,0.0
2014-05-13,23400,18.0,0.0,0.0,0.0
2014-05-14,25200,18.54,0.0,0.0,0.0
2014-05-15,29300,19.79,0.0,0.0,0.0
2014-05-16,33000,20.81,0.0,0.0,0.0
2014-05-17,31800,20.48,0.0,0.0,0.0
2014-05-18,28100,19.43,0.0,0.0,0.0
2014-05-19,26300,18.88,0.0,0.0,0.0
2014-05-20,24000,18.16,0.0,0.0,0.0
2014-05-21,24300,18.28,0.0,0.0,0.0
2014-05-22,25500,18.66,0.0,0.0,0.0
2014-05-23,28000,19.4,0.0,0.0,0.0
2014-05-24,33700,21.0,0.0,0.0,0.0
2014-05-25,31200,20.32,0.0,0.0,0.0
2014-05-26,28000,19.39,0.0,0.0,0.0
2014-05-27,27300,19.21,0.0,0.0,0.0
2014-05-28,24900,18.46,0.0,0.0,0.0
2014-05-29,24800,18.44,0.0,0.0,0.0
2014-05-30,25400,18.62,0.0,0.0,0.0
2014-05-31,23300,17.94,0.0,0.0,0.0
2014-06-01,23600,18.04,0.0,0.0,0.0
2014-06-02,26000,18.79,0.0,0.0,0.0
2014-06-03,26600,18.99,0.0,0.0,0.0
2014-06-04,28700,19.62,0.0,0.0,0.0
2014-06-05,27300,19.19,0.0,0.0,0.0
2014-06-06,26300,18.88,0.0,0.0,0.0
2014-06-07,24100,18.21,0.0,0.0,0.0
2014-06-08,23300,17.97,0.0,0.0,0.0
2014-06-09,23900,18.14,0.0,0.0,0.0
2014-06-10,24600,18.37,0.0,0.0,0.0
2014-06-11,23100,17.89,0.0,0.0,0.0
2014-06-12,21900,17.52,0.0,0.0,0.0
2014-06-13,25000,18.47,0.0,0.0,0.0
2014-06-14,25900,18.77,0.0,0.0,0.0
2014-06-15,24000,18.19,0.0,0.0,0.0
2014-06-16,24400,18.31,0.0,0.0,0.0
2014-06-17,24600,18.36,0.0,0.0,0.0
2014-06-18,23800,18.11,0.0,0.0,0.0
2014-06-19,23900,18.14,0.0,0.0,0.0
2014-06-20,24500,18.33,0.0,0.0,0.0
2014-06-21,25900,18.76,0.0,0.0,0.0
2014-06-22,23200,17.92,0.0,0.0,0.0
2014-06-23,23500,18.02,0.0,0.0,0.0
2014-06-24,25700,18.71,0.0,0.0,0.0
2014-06-25,26500,18.95,0.0,0.0,0.0
2014-06-26,25800,18.75,0.0,0.0,0.0
2014-06-27,27900,19.37,0.0,0.0,0.0
2014-06-28,30900,20.23,0.0,0.0,0.0
2014-06-29,34000,21.09,0.0,0.0,0.0
2014-06-30,33400,20.92,0.0,0.0,0.0
2014-07-01,30300,20.07,0.0,0.0,0.0
2014-07-02,33300,20.9,0.0,0.0,0.0
2014-07-03,32100,20.58,0.0,0.0,0.0
2014-07-04,31100,20.3,0.0,0.0,0.0
2014-07-05,27200,19.18,1.0,1.0,0.0
2014-07-06,26500,18.95,1.0,1.0,0.0
2014-07-07,25700,18.72,0.0,0.0,0.0
2014-07-08,26500,18.97,0.0,0.0,0.0
2014-07-09,27600,19.29,0.0,0.0,0.0
2014-07-10,27400,19.23,0.0,0.0,0.0
2014-07-11,26000,18.8,0.0,0.0,0.0
2014-07-12,23000,17.85,0.0,0.0,0.0
2014-07-13,23300,17.94,0.0,0.0,0.0
2014-07-14,23900,18.14,0.0,0.0,0.0
2014-07-15,23500,18.03,0.0,0.0,0.0
2014-07-16,25600,18.68,0.0,0.0,0.0
2014-07-17,26800,19.04,0.0,0.0,0.0
2014-07-18,24400,18.31,2.0,2.0,3.0
2014-07-19,21500,17.38,2.0,2.0,3.0
2014-07-20,26600,18.98,2.0,2.0,3.0
2014-07-21,23000,17.88,0.0,0.0,0.0
2014-07-22,18400,16.34,0.0,0.0,0.0
2014-07-23,17900,16.14,0.0,0.0,0.0
2014-07-24,21500,17.39,0.0,0.0,0.0
2014-07-25,23400,18.0,0.0,0.0,0.0
2014-07-26,19800,16.8,0.0,0.0,0.0
2014-07-27,17900,16.17,0.0,0.0,0.0
2014-07-28,16800,15.76,0.0,0.0,0.0
2014-07-29,15300,15.16,0.0,0.0,0.0
2014-07-30,15100,15.09,0.0,0.0,0.0
2014-07-31,14800,14.97,0.0,0.0,0.0
2014-08-01,14400,14.81,0.0,0.0,0.0
2014-08-02,13900,14.62,0.0,0.0,0.0
2014-08-03,14000,14.63,0.0,0.0,0.0
2014-08-04,13900,14.63,0.0,0.0,0.0
2014-08-05,12600,14.07,0.0,0.0,0.0
2014-08-06,13000,14.21,0.0,0.0,0.0
2014-08-07,12400,13.95,0.0,0.0,0.0
2014-08-08,12300,13.92,0.0,0.0,0.0
2014-08-09,12800,14.16,0.0,0.0,0.0
2014-08-10,11800,13.71,0.0,0.0,0.0
2014-08-11,11200,13.43,0.0,0.0,0.0
2014-08-12,11200,13.42,0.0,0.0,0.0
2014-08-13,10100,12.9,0.0,0.0,0.0
2014-08-14,11200,13.41,0.0,0.0,0.0
2014-08-15,11200,13.4,0.0,0.0,0.0
2014-08-16,10700,13.16,0.0,0.0,0.0
2014-08-17,10900,13.25,0.0,0.0,0.0
2014-08-18,10800,13.2,0.0,0.0,0.0
2014-08-19,11400,13.48,0.0,0.0,0.0
2014-08-20,11100,13.38,0.0,0.0,0.0
2014-08-21,10600,13.12,0.0,0.0,0.0
2014-08-22,10100,12.86,0.0,0.0,0.0
2014-08-23,10400,13.01,0.0,0.0,0.0
2014-08-24,10200,12.91,0.0,0.0,0.0
2014-08-25,8820,12.21,0.0,0.0,0.0
2014-08-26,7980,11.76,0.0,0.0,0.0
2014-08-27,9620,12.63,0.0,0.0,0.0
2014-08-28,9160,12.39,0.0,0.0,0.0
2014-08-29,8330,11.96,0.0,0.0,0.0
2014-08-30,8540,12.06,0.0,0.0,0.0
2014-08-31,7820,11.68,0.0,0.0,0.0
2014-09-01,8100,11.83,0.0,0.0,0.0
2014-09-02,7310,11.37,0.0,0.0,0.0
2014-09-03,8350,11.97,0.0,0.0,0.0
2014-09-04,8940,12.29,0.0,0.0,0.0
2014-09-05,9200,12.42,0.0,0.0,0.0
2014-09-06,8810,12.22,0.0,0.0,0.0
2014-09-07,8470,12.03,0.0,0.0,0.0
2014-09-08,8770,12.2,0.0,0.0,0.0
2014-09-09,8700,12.16,0.0,0.0,0.0
2014-09-10,8690,12.15,0.0,0.0,0.0
2014-09-11,8340,11.96,0.0,0.0,0.0
2014-09-12,8210,11.89,0.0,0.0,0.0
2014-09-13,7950,11.74,0.0,0.0,0.0
2014-09-14,8530,12.08,0.0,0.0,0.0
2014-09-15,8440,12.03,0.0,0.0,0.0
2014-09-16,8150,11.86,0.0,0.0,0.0
2014-09-17,7290,11.36,0.0,0.0,0.0
2014-09-18,6990,11.18,0.0,0.0,0.0
2014-09-19,8070,11.81,0.0,0.0,0.0
2014-09-20,8440,12.02,0.0,0.0,0.0
2014-09-21,8660,12.14,0.0,0.0,0.0
2014-09-22,8790,12.21,0.0,0.0,0.0
2014-09-23,8220,11.89,4.0,3.0,2.0
2014-09-24,8760,12.17,4.0,3.0,2.0
2014-09-25,10700,13.19,4.0,3.0,0.0
2014-09-26,10400,13.06,0.0,0.0,0.0
2014-09-27,10500,13.07,0.0,0.0,0.0
2014-09-28,9430,12.55,0.0,0.0,0.0
2014-09-29,8790,12.2,0.0,0.0,0.0
2014-09-30,9730,12.71,0.0,0.0,0.0
2014-10-01,11200,13.42,0.0,0.0,0.0
2014-10-02,10800,13.24,0.0,0.0,0.0
2014-10-03,11500,13.55,0.0,0.0,1.0
2014-10-04,9740,12.7,0.0,0.0,1.0
2014-10-05,9110,12.39,0.0,0.0,0.0
2014-10-06,8820,12.23,0.0,0.0,0.0
2014-10-07,8680,12.15,0.0,0.0,0.0
2014-10-08,8570,12.09,0.0,0.0,0.0
2014-10-09,8250,11.91,0.0,0.0,0.0
2014-10-10,7950,11.74,0.0,0.0,0.0
2014-10-11,7540,11.5,0.0,0.0,0.0
2014-10-12,8060,11.81,3.0,3.0,3.0
2014-10-13,9630,12.66,3.0,3.0,3.0
2014-10-14,11600,13.6,3.0,3.0,3.0
2014-10-15,11900,13.72,0.0,0.0,0.0
2014-10-16,15700,15.3,3.0,0.0,0.0
2014-10-17,13500,14.46,3.0,3.0,2.0
2014-10-18,13500,14.45,3.0,3.0,3.0
2014-10-19,14400,14.84,2.0,3.0,3.0
2014-10-20,12600,14.06,2.0,3.0,3.0
2014-10-21,14400,14.82,2.0,2.0,2.0
2014-10-22,20300,16.99,2.0,2.0,2.0
2014-10-23,32800,20.77,0.0,0.0,0.0
2014-10-24,28100,19.41,0.0,0.0,0.0
2014-10-25,21300,17.33,1.0,1.0,1.0
2014-10-26,27400,19.18,0.0,0.0,0.0
2014-10-27,27000,19.09,2.0,2.0,0.0
2014-10-28,21400,17.37,2.0,2.0,1.0
2014-10-29,27800,19.31,2.0,2.0,1.0
2014-10-30,29900,19.93,1.0,1.0,1.0
2014-10-31,33300,20.88,1.0,1.0,1.0
2014-11-01,32400,20.64,0.0,0.0,0.0
2014-11-02,26800,19.06,0.0,0.0,0.0
2014-11-03,23500,18.02,1.0,1.0,1.0
2014-11-04,39600,22.36,1.0,1.0,1.0
2014-11-05,45300,23.8,3.0,2.0,2.0
2014-11-06,39100,22.37,3.0,2.0,2.0
2014-11-07,44700,23.69,3.0,2.0,2.0
2014-11-08,36600,21.74,0.0,0.0,0.0
2014-11-09,31500,20.41,1.0,1.0,1.0
2014-11-10,29300,19.79,0.0,0.0,0.0
2014-11-11,24400,18.31,0.0,0.0,0.0
2014-11-12,21800,17.47,0.0,0.0,0.0
2014-11-13,18100,16.23,0.0,0.0,0.0
2014-11-14,16200,15.55,0.0,0.0,0.0
2014-11-15,15200,15.13,0.0,0.0,0.0
2014-11-16,13800,14.6,0.0,0.0,0.0
2014-11-17,13400,14.4,0.0,0.0,0.0
2014-11-18,12900,14.21,0.0,0.0,0.0
2014-11-19,12500,14.03,0.0,0.0,0.0
2014-11-20,11300,13.48,0.0,0.0,0.0
2014-11-21,11600,13.62,1.0,1.0,0.0
2014-11-22,16800,15.77,1.0,1.0,0.0
2014-11-23,17600,16.07,0.0,0.0,0.0
2014-11-24,20100,16.9,3.0,3.0,3.0
2014-11-25,26100,18.8,3.0,3.0,3.0
2014-11-26,52100,25.1,3.0,3.0,3.0
2014-11-27,61000,26.87,3.0,3.0,3.0
2014-11-28,71500,28.61,3.0,3.0,3.0
2014-11-29,85400,30.8,0.0,0.0,0.0
2014-11-30,59500,26.91,0.0,0.0,0.0
2014-12-01,39100,22.63,0.0,0.0,0.0
2014-12-02,32900,21.0,0.0,0.0,0.0
2014-12-03,27300,19.34,0.0,0.0,0.0
2014-12-04,20400,17.09,0.0,0.0,0.0
2014-12-05,18600,16.46,1.0,0.0,0.0
2014-12-06,20800,17.24,1.0,0.0,0.0
2014-12-07,23200,18.08,4.0,4.0,0.0
2014-12-08,21800,17.6,4.0,4.0,4.0
2014-12-09,30900,20.36,4.0,4.0,4.0
2014-12-10,47400,24.61,4.0,4.0,4.0
2014-12-11,46500,24.4,3.0,4.0,2.0
2014-12-12,42600,23.48,1.0,0.0,0.0
2014-12-13,36600,21.98,0.0,0.0,0.0
2014-12-14,29100,19.92,0.0,0.0,0.0
2014-12-15,26500,19.14,0.0,0.0,0.0
2014-12-16,24800,18.61,0.0,0.0,0.0
2014-12-17,20000,16.93,0.0,0.0,0.0
2014-12-18,17600,16.06,1.0,1.0,0.0
2014-12-19,18100,16.27,1.0,1.0,0.0
2014-12-20,18000,16.22,3.0,2.0,2.0
2014-12-21,26300,19.02,3.0,2.0,2.0
2014-12-22,24700,18.56,3.0,2.0,2.0
2014-12-23,20900,17.26,0.0,0.0,0.0
2014-12-24,25700,18.86,0.0,0.0,0.0
2014-12-25,23000,18.0,0.0,0.0,0.0
2014-12-26,20300,17.08,0.0,0.0,0.0
2014-12-27,19100,16.63,0.0,0.0,0.0
2014-12-28,18000,16.22,0.0,0.0,0.0
2014-12-29,16900,15.8,0.0,0.0,0.0
2014-12-30,15200,15.09,0.0,0.0,0.0
2014-12-31,14400,14.76,0.0,0.0,0.0
2015-01-01,15200,15.11,0.0,0.0,0.0
2015-01-02,16300,15.57,0.0,0.0,0.0
2015-01-03,15900,15.4,0.0,0.0,0.0
2015-01-04,15900,15.37,3.0,3.0,3.0
2015-01-05,32100,20.52,3.0,3.0,3.0
2015-01-06,47100,24.53,3.0,3.0,3.0
2015-01-07,32600,20.89,0.0,0.0,0.0
2015-01-08,27100,19.3,0.0,0.0,0.0
2015-01-09,24500,18.48,0.0,0.0,0.0
2015-01-10,22000,17.64,0.0,0.0,0.0
2015-01-11,20900,17.27,0.0,0.0,0.0
2015-01-12,20000,16.97,0.0,0.0,0.0
2015-01-13,18700,16.49,0.0,0.0,0.0
2015-01-14,17900,16.18,0.0,0.0,0.0
2015-01-15,18200,16.29,1.0,1.0,0.0
2015-01-16,17400,16.0,1.0,1.0,0.0
2015-01-17,18300,16.33,1.0,0.0,0.0
2015-01-18,24300,18.37,1.0,1.0,0.0
2015-01-19,28600,19.76,0.0,0.0,0.0
2015-01-20,24300,18.43,0.0,0.0,0.0
2015-01-21,20500,17.14,0.0,0.0,0.0
2015-01-22,17900,16.17,0.0,0.0,0.0
2015-01-23,17700,16.11,3.0,3.0,3.0
2015-01-24,33100,20.93,3.0,3.0,3.0
2015-01-25,39000,22.61,3.0,3.0,3.0
2015-01-26,30500,20.3,0.0,0.0,3.0
2015-01-27,25000,18.64,0.0,0.0,0.0
2015-01-28,22100,17.71,0.0,0.0,0.0
2015-01-29,20200,17.03,0.0,0.0,0.0
2015-01-30,19800,16.88,0.0,0.0,0.0
2015-01-31,18600,16.45,0.0,0.0,0.0
2015-02-01,18100,16.25,0.0,0.0,0.0
2015-02-02,18000,16.2,0.0,0.0,0.0
2015-02-03,18400,16.38,0.0,0.0,0.0
2015-02-04,18400,16.38,4.0,0.0,0.0
2015-02-05,21700,17.54,4.0,3.0,3.0
2015-02-06,42400,23.34,4.0,3.0,3.0
2015-02-07,59700,27.23,4.0,3.0,3.0
2015-02-08,60200,27.32,0.0,0.0,0.0
2015-02-09,49800,25.13,0.0,0.0,0.0
2015-02-10,41000,23.09,0.0,0.0,0.0
2015-02-11,35200,21.6,0.0,0.0,0.0
2015-02-12,28500,19.74,1.0,0.0,0.0
2015-02-13,26000,18.98,1.0,0.0,0.0
2015-02-14,23100,18.04,0.0,0.0,0.0
2015-02-15,23500,18.18,0.0,0.0,0.0
2015-02-16,21200,17.4,0.0,0.0,0.0
2015-02-17,19800,16.89,0.0,0.0,0.0
2015-02-18,18300,16.31,0.0,0.0,0.0
2015-02-19,16800,15.76,0.0,0.0,0.0
2015-02-20,16600,15.66,0.0,0.0,0.0
2015-02-21,16200,15.5,0.0,0.0,0.0
2015-02-22,15700,15.29,0.0,0.0,0.0
2015-02-23,15300,15.12,0.0,0.0,0.0
2015-02-24,14900,14.96,0.0,0.0,0.0
2015-02-25,14600,14.84,0.0,0.0,0.0
2015-02-26,15300,15.14,0.0,0.0,0.0
2015-02-27,15900,15.4,0.0,0.0,0.0
2015-02-28,15000,15.0,0.0,0.0,0.0
2015-03-01,14100,14.61,0.0,0.0,0.0
2015-03-02,13600,14.4,0.0,0.0,0.0
2015-03-03,13500,14.38,0.0,0.0,0.0
2015-03-04,13100,14.17,0.0,0.0,0.0
2015-03-05,12800,14.04,0.0,0.0,0.0
2015-03-06,12400,13.86,0.0,0.0,0.0
2015-03-07,11800,13.58,0.0,0.0,0.0
2015-03-08,11400,13.41,0.0,0.0,0.0
2015-03-09,11300,13.35,0.0,0.0,0.0
2015-03-10,11200,13.3,0.0,0.0,0.0
2015-03-11,11100,13.24,0.0,0.0,0.0
2015-03-12,11400,13.37,0.0,0.0,0.0
2015-03-13,12100,13.74,1.0,0.0,0.0
2015-03-14,13800,14.45,1.0,1.0,1.0
2015-03-15,23300,18.09,0.0,0.0,0.0
2015-03-16,23400,18.14,0.0,0.0,0.0
2015-03-17,18700,16.47,0.0,0.0,0.0
2015-03-18,15900,15.37,0.0,0.0,0.0
2015-03-19,14600,14.83,2.0,2.0,0.0
2015-03-20,14600,14.86,2.0,2.0,1.0
2015-03-21,15200,15.1,2.0,2.0,1.0
2015-03-22,18500,16.4,0.0,0.0,0.0
2015-03-23,16900,15.77,0.0,0.0,0.0
2015-03-24,15400,15.17,0.0,0.0,0.0
2015-03-25,15600,15.27,0.0,1.0,1.0
2015-03-26,21300,17.43,0.0,1.0,1.0
2015-03-27,21100,17.34,0.0,0.0,0.0
2015-03-28,22300,17.75,0.0,0.0,0.0
2015-03-29,23800,18.27,0.0,0.0,0.0
2015-03-30,21100,17.34,0.0,1.0,0.0
2015-03-31,18300,16.32,0.0,1.0,0.0
2015-04-01,17700,16.09,0.0,0.0,0.0
2015-04-02,15900,15.37,0.0,0.0,0.0
2015-04-03,14600,14.86,0.0,0.0,0.0
2015-04-04,13900,14.52,0.0,0.0,0.0
2015-04-05,13100,14.2,0.0,0.0,0.0
2015-04-06,12500,13.92,0.0,0.0,0.0
2015-04-07,12100,13.7,0.0,0.0,0.0
2015-04-08,11800,13.58,0.0,0.0,0.0
2015-04-09,11500,13.44,0.0,0.0,0.0
2015-04-10,11300,13.34,0.0,0.0,0.0
2015-04-11,12000,13.66,0.0,0.0,0.0
2015-04-12,12100,13.73,0.0,0.0,0.0
2015-04-13,11800,13.56,0.0,0.0,0.0
2015-04-14,12000,13.67,0.0,0.0,0.0
2015-04-15,11700,13.52,0.0,0.0,0.0
2015-04-16,11200,13.29,0.0,0.0,0.0
2015-04-17,11200,13.26,0.0,0.0,0.0
2015-04-18,11600,13.47,0.0,0.0,0.0
2015-04-19,11600,13.49,0.0,0.0,0.0
2015-04-20,11700,13.54,0.0,0.0,0.0
2015-04-21,12000,13.67,0.0,0.0,0.0
2015-04-22,12300,13.8,0.0,0.0,0.0
2015-04-23,11800,13.59,0.0,0.0,0.0
2015-04-24,11700,13.54,0.0,0.0,0.0
2015-04-25,12000,13.67,0.0,0.0,0.0
2015-04-26,11600,13.5,0.0,0.0,0.0
2015-04-27,11200,13.29,0.0,0.0,0.0
2015-04-28,11700,13.52,0.0,0.0,0.0
2015-04-29,11700,13.53,0.0,0.0,0.0
2015-04-30,12100,13.71,0.0,0.0,0.0
2015-05-01,11600,13.48,0.0,0.0,0.0
2015-05-02,10600,12.96,0.0,0.0,0.0
2015-05-03,10300,12.85,0.0,0.0,0.0
2015-05-04,10300,12.83,0.0,0.0,0.0
2015-05-05,10900,13.12,0.0,0.0,0.0
2015-05-06,11800,13.58,0.0,0.0,0.0
2015-05-07,11500,13.44,0.0,0.0,0.0
2015-05-08,10600,12.97,0.0,0.0,0.0
2015-05-09,9950,12.65,0.0,0.0,0.0
2015-05-10,10200,12.77,0.0,0.0,0.0
2015-05-11,11300,13.31,0.0,0.0,0.0
2015-05-12,11400,13.37,0.0,0.0,0.0
2015-05-13,11700,13.53,0.0,0.0,0.0
2015-05-14,11600,13.46,0.0,0.0,0.0
2015-05-15,12100,13.73,0.0,0.0,0.0
2015-05-16,11900,13.6,0.0,0.0,0.0
2015-05-17,11200,13.3,0.0,0.0,0.0
2015-05-18,11200,13.3,0.0,0.0,0.0
2015-05-19,11000,13.17,0.0,0.0,0.0
2015-05-20,11400,13.4,0.0,0.0,0.0
2015-05-21,12200,13.77,0.0,0.0,0.0
2015-05-22,12500,13.93,0.0,0.0,0.0
2015-05-23,12500,13.93,0.0,0.0,0.0
2015-05-24,12300,13.8,0.0,0.0,0.0
2015-05-25,11600,13.5,0.0,0.0,0.0
2015-05-26,10700,13.02,0.0,0.0,0.0
2015-05-27,10300,12.81,0.0,0.0,0.0
2015-05-28,10400,12.9,0.0,0.0,0.0
2015-05-29,11100,13.23,0.0,0.0,0.0
2015-05-30,12800,14.03,0.0,0.0,0.0
2015-05-31,12900,14.08,0.0,0.0,0.0
2015-06-01,11800,13.59,0.0,0.0,0.0
2015-06-02,11600,13.49,0.0,0.0,0.0
2015-06-03,12000,13.69,0.0,0.0,0.0
2015-06-04,11500,13.42,0.0,0.0,0.0
2015-06-05,11000,13.2,0.0,0.0,0.0
2015-06-06,11000,13.18,0.0,0.0,0.0
2015-06-07,11400,13.39,0.0,0.0,0.0
2015-06-08,11700,13.53,0.0,0.0,0.0
2015-06-09,11800,13.6,0.0,0.0,0.0
2015-06-10,11500,13.46,0.0,0.0,0.0
2015-06-11,11000,13.21,0.0,0.0,0.0
2015-06-12,11100,13.26,0.0,0.0,0.0
2015-06-13,10700,13.06,0.0,0.0,0.0
2015-06-14,10200,12.79,0.0,0.0,0.0
2015-06-15,9970,12.66,0.0,0.0,0.0
2015-06-16,9890,12.62,0.0,0.0,0.0
2015-06-17,9890,12.62,0.0,0.0,0.0
2015-06-18,9910,12.63,0.0,0.0,0.0
2015-06-19,9910,12.63,0.0,0.0,0.0
2015-06-20,9770,12.56,0.0,0.0,0.0
2015-06-21,8880,12.07,0.0,0.0,0.0
2015-06-22,8570,11.9,0.0,0.0,0.0
2015-06-23,8270,11.72,0.0,0.0,0.0
2015-06-24,8120,11.63,0.0,0.0,0.0
2015-06-25,8130,11.64,0.0,0.0,0.0
2015-06-26,8300,11.74,0.0,0.0,0.0
2015-06-27,8540,11.88,0.0,0.0,0.0
2015-06-28,8760,12.0,0.0,0.0,0.0
2015-06-29,9080,12.18,0.0,0.0,0.0
2015-06-30,9470,12.39,0.0,0.0,0.0
2015-07-01,9640,12.48,0.0,0.0,0.0
2015-07-02,9680,12.5,0.0,0.0,0.0
2015-07-03,9850,12.59,0.0,0.0,0.0
2015-07-04,8620,11.92,0.0,0.0,0.0
2015-07-05,8490,11.85,0.0,0.0,0.0
2015-07-06,8350,11.77,0.0,0.0,0.0
2015-07-07,8220,11.69,0.0,0.0,0.0
2015-07-08,8060,11.6,0.0,0.0,0.0
2015-07-09,8030,11.58,0.0,0.0,0.0
2015-07-10,8590,11.9,0.0,0.0,0.0
2015-07-11,8680,11.95,0.0,0.0,0.0
2015-07-12,8050,11.59,0.0,0.0,0.0
2015-07-13,8070,11.6,0.0,0.0,0.0
2015-07-14,7920,11.51,0.0,0.0,0.0
2015-07-15,7500,11.26,0.0,0.0,0.0
2015-07-16,7660,11.36,1.0,0.0,0.0
2015-07-17,7950,11.53,1.0,1.0,0.0
2015-07-18,7340,11.17,1.0,1.0,0.0
2015-07-19,7360,11.18,0.0,0.0,0.0
2015-07-20,7660,11.36,0.0,0.0,0.0
2015-07-21,7650,11.35,0.0,0.0,0.0
2015-07-22,7430,11.22,0.0,0.0,0.0
2015-07-23,7240,11.1,0.0,0.0,0.0
2015-07-24,7590,11.31,0.0,0.0,0.0
2015-07-25,7900,11.49,0.0,0.0,0.0
2015-07-26,7590,11.32,0.0,0.0,0.0
2015-07-27,7430,11.22,0.0,0.0,0.0
2015-07-28,7190,11.07,0.0,0.0,0.0
2015-07-29,7040,10.98,0.0,0.0,0.0
2015-07-30,7370,11.18,0.0,0.0,0.0
2015-07-31,7270,11.12,0.0,0.0,0.0
2015-08-01,7010,10.96,0.0,0.0,0.0
2015-08-02,6510,10.63,0.0,0.0,0.0
2015-08-03,6380,10.55,0.0,0.0,0.0
2015-08-04,6340,10.52,0.0,0.0,0.0
2015-08-05,6270,10.48,0.0,0.0,0.0
2015-08-06,6160,10.4,0.0,0.0,0.0
2015-08-07,6230,10.44,0.0,0.0,0.0
2015-08-08,6000,10.29,1.0,1.0,0.0
2015-08-09,5960,10.26,1.0,1.0,0.0
2015-08-10,6000,10.29,0.0,0.0,0.0
2015-08-11,6400,10.56,0.0,0.0,0.0
2015-08-12,6580,10.67,0.0,0.0,0.0
2015-08-13,6050,10.32,0.0,0.0,0.0
2015-08-14,6180,10.41,0.0,0.0,0.0
2015-08-15,6520,10.64,0.0,0.0,0.0
2015-08-16,6580,10.68,0.0,0.0,0.0
2015-08-17,6240,10.45,0.0,0.0,0.0
2015-08-18,6040,10.31,0.0,0.0,0.0
2015-08-19,6260,10.46,0.0,0.0,0.0
2015-08-20,6480,10.61,0.0,0.0,0.0
2015-08-21,6340,10.52,0.0,0.0,0.0
2015-08-22,6070,10.34,0.0,0.0,0.0
2015-08-23,5860,10.19,0.0,0.0,0.0
2015-08-24,5780,10.13,0.0,0.0,0.0
2015-08-25,5850,10.18,0.0,0.0,0.0
2015-08-26,5610,10.01,0.0,0.0,0.0
2015-08-27,5690,10.07,0.0,0.0,0.0
2015-08-28,5750,10.11,3.0,1.0,0.0
2015-08-29,5890,10.21,3.0,3.0,3.0
2015-08-30,8240,11.64,3.0,3.0,3.0
2015-08-31,10600,12.99,2.0,2.0,2.0
2015-09-01,14000,14.6,2.0,2.0,2.0
2015-09-02,13900,14.55,0.0,0.0,0.0
2015-09-03,12300,13.8,0.0,0.0,0.0
2015-09-04,10100,12.74,0.0,0.0,0.0
2015-09-05,8830,12.04,0.0,0.0,0.0
2015-09-06,8130,11.64,0.0,0.0,0.0
2015-09-07,7990,11.56,0.0,0.0,0.0
2015-09-08,7590,11.32,0.0,0.0,0.0
2015-09-09,7920,11.51,0.0,0.0,0.0
2015-09-10,7870,11.49,0.0,0.0,0.0
2015-09-11,8400,11.8,0.0,0.0,0.0
2015-09-12,8320,11.75,0.0,0.0,0.0
2015-09-13,7960,11.54,0.0,0.0,0.0
2015-09-14,7900,11.51,0.0,0.0,0.0
2015-09-15,7820,11.45,0.0,0.0,0.0
2015-09-16,7670,11.36,0.0,0.0,0.0
2015-09-17,7860,11.48,0.0,0.0,0.0
2015-09-18,8120,11.62,0.0,0.0,0.0
2015-09-19,7780,11.43,2.0,2.0,2.0
2015-09-20,10200,12.79,2.0,2.0,2.0
2015-09-21,14400,14.75,2.0,2.0,2.0
2015-09-22,11700,13.53,0.0,0.0,0.0
2015-09-23,10100,12.71,2.0,2.0,2.0
2015-09-24,9780,12.55,2.0,2.0,2.0
2015-09-25,9160,12.22,2.0,2.0,2.0
2015-09-26,9600,12.46,0.0,0.0,0.0
2015-09-27,10600,12.96,0.0,0.0,0.0
2015-09-28,8760,12.0,0.0,0.0,0.0
2015-09-29,9720,12.53,0.0,0.0,0.0
2015-09-30,9710,12.52,0.0,0.0,0.0
2015-10-01,9050,12.16,0.0,0.0,0.0
2015-10-02,8920,12.09,0.0,0.0,0.0
2015-10-03,9950,12.65,0.0,0.0,0.0
2015-10-04,8450,11.82,0.0,0.0,0.0
2015-10-05,8870,12.07,0.0,0.0,0.0
2015-10-06,8190,11.67,4.0,4.0,0.0
2015-10-07,8320,11.75,4.0,4.0,4.0
2015-10-08,8680,11.96,4.0,4.0,4.0
2015-10-09,8960,12.11,4.0,4.0,4.0
2015-10-10,9350,12.32,4.0,4.0,4.0
2015-10-11,22500,17.76,4.0,4.0,4.0
2015-10-12,14800,14.88,0.0,1.0,1.0
2015-10-13,12000,13.69,0.0,0.0,0.0
2015-10-14,11400,13.39,0.0,0.0,0.0
2015-10-15,10900,13.11,0.0,0.0,0.0
2015-10-16,10100,12.71,0.0,0.0,0.0
2015-10-17,9950,12.65,0.0,0.0,0.0
2015-10-18,9930,12.64,0.0,0.0,0.0
2015-10-19,9930,12.64,0.0,0.0,0.0
2015-10-20,9810,12.58,0.0,0.0,0.0
2015-10-21,9710,12.52,0.0,0.0,0.0
2015-10-22,9490,12.41,0.0,0.0,0.0
2015-10-23,9170,12.23,0.0,0.0,0.0
2015-10-24,8680,11.96,0.0,0.0,0.0
2015-10-25,7410,11.21,0.0,0.0,0.0
2015-10-26,7390,11.19,0.0,0.0,0.0
2015-10-27,7530,11.28,0.0,0.0,0.0
2015-10-28,7440,11.23,0.0,0.0,0.0
2015-10-29,7960,11.54,0.0,0.0,0.0
2015-10-30,12700,13.92,3.0,3.0,3.0
2015-10-31,28200,19.59,3.0,3.0,3.0
2015-11-01,49400,25.05,0.0,0.0,0.0
2015-11-02,36200,21.85,0.0,0.0,0.0
2015-11-03,26000,18.97,0.0,0.0,0.0
2015-11-04,18900,16.55,0.0,0.0,0.0
2015-11-05,16100,15.47,0.0,0.0,0.0
2015-11-06,15100,15.04,2.0,2.0,2.0
2015-11-07,16000,15.43,2.0,2.0,2.0
2015-11-08,22900,17.97,0.0,0.0,0.0
2015-11-09,20300,17.06,0.0,0.0,0.0
2015-11-10,16400,15.61,0.0,0.0,0.0
2015-11-11,17100,15.85,0.0,0.0,0.0
2015-11-12,17100,15.85,3.0,2.0,2.0
2015-11-13,33500,20.83,3.0,2.0,2.0
2015-11-14,65600,28.38,0.0,0.0,0.0
2015-11-15,59400,27.17,0.0,0.0,0.0
2015-11-16,44300,23.87,3.0,3.0,3.0
2015-11-17,44400,23.86,3.0,3.0,3.0
2015-11-18,73100,29.76,3.0,0.0,0.0
2015-11-19,53200,25.79,0.0,0.0,0.0
2015-11-20,32600,20.89,0.0,0.0,0.0
2015-11-21,25200,18.71,0.0,0.0,0.0
2015-11-22,21400,17.45,0.0,0.0,0.0
2015-11-23,19500,16.78,0.0,0.0,0.0
2015-11-24,18300,16.33,0.0,0.0,0.0
2015-11-25,16800,15.76,0.0,0.0,0.0
2015-11-26,15700,15.32,0.0,0.0,0.0
2015-11-27,15200,15.11,0.0,0.0,0.0
2015-11-28,14800,14.93,0.0,0.0,0.0
2015-11-29,14400,14.74,0.0,0.0,0.0
2015-11-30,14100,14.63,0.0,0.0,0.0
2015-12-01,13600,14.41,1.0,1.0,0.0
2015-12-02,13800,14.48,3.0,3.0,2.0
2015-12-03,15200,15.11,3.0,3.0,2.0
2015-12-04,20400,17.1,0.0,0.0,0.0
2015-12-05,17700,16.1,2.0,2.0,1.0
2015-12-06,22500,17.79,2.0,2.0,1.0
2015-12-07,26300,19.06,1.0,1.0,1.0
2015-12-08,30400,20.22,3.0,3.0,2.0
2015-12-09,64300,28.09,3.0,3.0,0.0
2015-12-10,60500,27.33,0.0,0.0,0.0
2015-12-11,40600,22.98,0.0,0.0,0.0
2015-12-12,31300,20.54,0.0,0.0,0.0
2015-12-13,29000,19.89,0.0,0.0,0.0
2015-12-14,27000,19.27,0.0,0.0,0.0
2015-12-15,21300,17.42,0.0,0.0,0.0
2015-12-16,19500,16.79,0.0,0.0,0.0
2015-12-17,18500,16.42,0.0,0.0,0.0
2015-12-18,20300,17.07,0.0,0.0,0.0
2015-12-19,20300,17.08,0.0,0.0,0.0
2015-12-20,18800,16.54,0.0,0.0,0.0
2015-12-21,18500,16.42,0.0,0.0,0.0
2015-12-22,17000,15.82,0.0,0.0,0.0
2015-12-23,15400,15.19,0.0,0.0,0.0
2015-12-24,15400,15.16,0.0,0.0,0.0
2015-12-25,14600,14.85,0.0,0.0,0.0
2015-12-26,13800,14.5,0.0,0.0,0.0
2015-12-27,13800,14.5,0.0,0.0,0.0
2015-12-28,14200,14.68,0.0,0.0,0.0
2015-12-29,13100,14.2,0.0,0.0,0.0
2015-12-30,13300,14.28,0.0,0.0,0.0
2015-12-31,11900,13.65,0.0,0.0,0.0
2016-01-01,12700,14.0,0.0,0.0,0.0
2016-01-02,13500,14.36,0.0,0.0,0.0
2016-01-03,12200,13.76,0.0,0.0,0.0
2016-01-04,12000,13.7,0.0,0.0,0.0
2016-01-05,13500,14.38,0.0,0.0,0.0
2016-01-06,12200,13.76,0.0,0.0,0.0
2016-01-07,12100,13.7,0.0,0.0,0.0
2016-01-08,11800,13.6,0.0,0.0,0.0
2016-01-09,11700,13.54,0.0,0.0,0.0
2016-01-10,11600,13.47,0.0,0.0,0.0
2016-01-11,11500,13.43,0.0,0.0,0.0
2016-01-12,12100,13.72,1.0,0.0,0.0
2016-01-13,15200,15.08,1.0,0.0,0.0
2016-01-14,16700,15.69,0.0,0.0,0.0
2016-01-15,14300,14.72,0.0,0.0,0.0
2016-01-16,13800,14.5,1.0,0.0,0.0
2016-01-17,15700,15.3,1.0,1.0,0.0
2016-01-18,17100,15.87,0.0,0.0,0.0
2016-01-19,16300,15.55,0.0,0.0,0.0
2016-01-20,15100,15.04,0.0,0.0,0.0
2016-01-21,16200,15.48,2.0,2.0,2.0
2016-01-22,29900,20.13,2.0,2.0,2.0
2016-01-23,31900,20.69,0.0,0.0,0.0
2016-01-24,25900,18.93,0.0,0.0,0.0
2016-01-25,22300,17.76,0.0,0.0,0.0
2016-01-26,20700,17.21,1.0,1.0,1.0
2016-01-27,25000,18.67,3.0,3.0,3.0
2016-01-28,39900,22.64,3.0,3.0,3.0
2016-01-29,56100,26.48,0.0,0.0,0.0
2016-01-30,42900,23.54,0.0,0.0,0.0
2016-01-31,33400,21.12,0.0,0.0,0.0
2016-02-01,26800,19.2,0.0,0.0,0.0
2016-02-02,20100,16.98,0.0,0.0,0.0
2016-02-03,17400,15.98,0.0,0.0,0.0
2016-02-04,16300,15.55,0.0,0.0,0.0
2016-02-05,16200,15.5,2.0,1.0,1.0
2016-02-06,17600,16.07,2.0,1.0,1.0
2016-02-07,18000,16.2,0.0,0.0,0.0
2016-02-08,17500,16.01,0.0,0.0,0.0
2016-02-09,18300,16.34,0.0,0.0,0.0
2016-02-10,22200,17.72,0.0,0.0,0.0
2016-02-11,23400,18.14,2.0,1.0,0.0
2016-02-12,28400,19.64,2.0,1.0,0.0
2016-02-13,39800,22.8,0.0,0.0,0.0
2016-02-14,35800,21.77,2.0,2.0,2.0
2016-02-15,44600,23.89,2.0,2.0,2.0
2016-02-16,59300,27.15,2.0,2.0,2.0
2016-02-17,41900,23.29,0.0,0.0,0.0
2016-02-18,33000,21.02,0.0,0.0,0.0
2016-02-19,28800,19.82,0.0,0.0,0.0
2016-02-20,26000,18.98,0.0,0.0,0.0
2016-02-21,24300,18.44,0.0,0.0,0.0
2016-02-22,22100,17.69,0.0,0.0,0.0
2016-02-23,22400,17.79,0.0,0.0,0.0
2016-02-24,20800,17.25,0.0,0.0,0.0
2016-02-25,20100,17.01,0.0,0.0,0.0
2016-02-26,19500,16.78,0.0,0.0,0.0
2016-02-27,18200,16.27,0.0,0.0,0.0
2016-02-28,17800,16.12,0.0,0.0,0.0
2016-02-29,18800,16.51,0.0,0.0,0.0
2016-03-01,19100,16.64,1.0,1.0,1.0
2016-03-02,22800,17.92,1.0,1.0,1.0
2016-03-03,24800,18.61,1.0,1.0,0.0
2016-03-04,25100,18.68,2.0,2.0,0.0
2016-03-05,22500,17.83,2.0,2.0,0.0
2016-03-06,22100,17.69,1.0,1.0,0.0
2016-03-07,24600,18.52,0.0,0.0,0.0
2016-03-08,21200,17.37,0.0,0.0,0.0
2016-03-09,19300,16.7,2.0,2.0,1.0
2016-03-10,22700,17.91,2.0,2.0,1.0
2016-03-11,21800,17.58,0.0,0.0,0.0
2016-03-12,21100,17.35,0.0,0.0,0.0
2016-03-13,19900,16.91,0.0,0.0,0.0
2016-03-14,20000,16.94,0.0,0.0,0.0
2016-03-15,18800,,0.0,0.0,0.0
2016-03-16,17000,15.83,0.0,0.0,0.0
2016-03-17,15900,15.38,0.0,0.0,0.0
2016-03-18,15100,15.06,0.0,0.0,0.0
2016-03-19,14500,14.8,0.0,0.0,0.0
2016-03-20,14600,14.84,0.0,0.0,0.0
2016-03-21,17400,16.01,0.0,0.0,0.0
2016-03-22,16500,15.61,0.0,0.0,0.0
2016-03-23,14900,14.96,0.0,0.0,0.0
2016-03-24,16400,15.59,0.0,0.0,0.0
2016-03-25,16900,15.77,0.0,0.0,0.0
2016-03-26,15700,15.33,0.0,0.0,0.0
2016-03-27,16300,15.53,0.0,0.0,0.0
2016-03-28,17500,16.04,0.0,0.0,0.0
2016-03-29,15600,15.28,0.0,0.0,0.0
2016-03-30,14800,14.91,0.0,0.0,0.0
2016-03-31,14900,14.96,0.0,0.0,0.0
2016-04-01,15500,15.23,0.0,0.0,0.0
2016-04-02,16000,15.43,0.0,0.0,0.0
2016-04-03,16600,15.67,0.0,0.0,0.0
2016-04-04,17400,15.97,0.0,0.0,0.0
2016-04-05,17900,16.19,0.0,0.0,0.0
2016-04-06,15900,15.4,0.0,0.0,0.0
2016-04-07,15600,15.27,0.0,0.0,0.0
2016-04-08,16200,15.5,0.0,0.0,0.0
2016-04-09,18900,16.57,0.0,0.0,0.0
2016-04-10,18800,16.51,0.0,0.0,0.0
2016-04-11,18800,16.51,0.0,0.0,0.0
2016-04-12,17500,16.0,0.0,0.0,0.0
2016-04-13,16400,15.59,0.0,0.0,0.0
2016-04-14,16600,15.65,0.0,0.0,0.0
2016-04-15,15900,15.4,0.0,0.0,0.0
2016-04-16,15100,15.07,0.0,0.0,0.0
2016-04-17,13800,14.49,0.0,0.0,0.0
2016-04-18,14000,14.52,0.0,0.0,0.0
2016-04-19,16500,15.49,0.0,0.0,0.0
2016-04-20,20300,16.86,0.0,0.0,0.0
2016-04-21,23900,18.03,0.0,0.0,0.0
2016-04-22,25600,18.54,0.0,0.0,0.0
2016-04-23,26900,18.92,0.0,0.0,0.0
2016-04-24,25200,18.33,0.0,0.0,0.0
2016-04-25,21400,17.04,0.0,0.0,0.0
2016-04-26,18400,15.98,0.0,0.0,0.0
2016-04-27,16700,15.3,0.0,0.0,0.0
2016-04-28,15600,14.85,0.0,0.0,0.0
2016-04-29,14200,14.26,0.0,0.0,0.0
2016-04-30,14800,14.55,0.0,0.0,0.0
2016-05-01,14300,14.34,0.0,0.0,0.0
2016-05-02,14400,14.38,0.0,0.0,0.0
2016-05-03,16400,15.2,0.0,0.0,0.0
2016-05-04,18600,16.03,0.0,0.0,0.0
2016-05-05,18800,16.12,0.0,0.0,0.0
2016-05-06,18100,15.86,0.0,0.0,0.0
2016-05-07,18400,15.96,0.0,0.0,0.0
2016-05-08,20200,16.62,0.0,0.0,0.0
2016-05-09,18900,16.14,0.0,0.0,0.0
2016-05-10,16700,15.29,0.0,0.0,0.0
2016-05-11,17200,15.49,0.0,0.0,0.0
2016-05-12,17000,15.43,0.0,0.0,0.0
2016-05-13,17300,15.56,0.0,0.0,0.0
2016-05-14,18100,15.87,0.0,0.0,0.0
2016-05-15,18300,15.95,0.0,0.0,0.0
2016-05-16,17000,15.44,0.0,0.0,0.0
2016-05-17,16500,15.23,0.0,0.0,0.0
2016-05-18,16200,15.12,0.0,0.0,0.0
2016-05-19,16300,15.16,0.0,0.0,0.0
2016-05-20,15700,14.91,0.0,0.0,0.0
2016-05-21,14600,14.43,0.0,0.0,0.0
2016-05-22,14400,14.37,0.0,0.0,0.0
2016-05-23,15500,14.81,0.0,0.0,0.0
2016-05-24,15800,14.94,0.0,0.0,0.0
2016-05-25,15400,14.79,0.0,0.0,0.0
2016-05-26,15300,14.76,0.0,0.0,0.0
2016-05-27,15700,14.89,0.0,0.0,0.0
2016-05-28,15600,14.87,0.0,0.0,0.0
2016-05-29,16300,15.15,0.0,0.0,0.0
2016-05-30,17200,15.52,0.0,0.0,0.0
2016-05-31,16100,15.08,0.0,0.0,0.0
2016-06-01,16300,15.14,0.0,0.0,0.0
2016-06-02,17800,15.74,0.0,0.0,0.0
2016-06-03,24300,18.04,0.0,0.0,0.0
2016-06-04,22100,17.31,0.0,0.0,0.0
2016-06-05,24300,18.05,0.0,0.0,0.0
2016-06-06,24900,18.24,0.0,0.0,0.0
2016-06-07,24400,18.08,0.0,0.0,0.0
2016-06-08,22200,17.32,0.0,0.0,0.0
2016-06-09,21200,17.0,0.0,0.0,0.0
2016-06-10,20300,16.66,0.0,0.0,0.0
2016-06-11,18000,15.8,0.0,0.0,0.0
2016-06-12,16700,15.31,0.0,0.0,0.0
2016-06-13,16000,15.01,0.0,0.0,0.0
2016-06-14,16900,15.37,0.0,0.0,0.0
2016-06-15,17400,15.6,0.0,0.0,0.0
2016-06-16,16100,15.05,0.0,0.0,0.0
2016-06-17,14500,14.41,0.0,0.0,0.0
2016-06-18,13000,13.75,0.0,0.0,0.0
2016-06-19,13500,13.96,0.0,0.0,0.0
2016-06-20,13300,13.87,0.0,0.0,0.0
2016-06-21,12700,13.62,0.0,0.0,0.0
2016-06-22,13000,13.73,0.0,0.0,0.0
2016-06-23,12800,13.63,0.0,0.0,0.0
2016-06-24,14900,14.57,0.0,0.0,0.0
2016-06-25,14800,14.52,0.0,0.0,0.0
2016-06-26,13600,14.02,0.0,0.0,0.0
2016-06-27,13700,14.05,0.0,0.0,0.0
2016-06-28,15800,14.97,0.0,0.0,0.0
2016-06-29,16400,15.2,0.0,0.0,0.0
2016-06-30,15900,14.99,0.0,0.0,0.0
2016-07-01,15900,14.97,0.0,0.0,0.0
2016-07-02,14200,14.27,0.0,0.0,0.0
2016-07-03,14700,14.48,0.0,0.0,0.0
2016-07-04,15200,14.7,0.0,0.0,0.0
2016-07-05,15000,14.6,0.0,0.0,0.0
2016-07-06,14500,14.41,0.0,0.0,0.0
2016-07-07,15200,14.72,0.0,0.0,0.0
2016-07-08,14000,14.16,0.0,0.0,0.0
2016-07-09,14100,14.24,0.0,0.0,0.0
2016-07-10,14400,14.34,0.0,0.0,0.0
2016-07-11,13700,14.06,0.0,0.0,0.0
2016-07-12,14200,14.26,0.0,0.0,0.0
2016-07-13,12400,13.48,0.0,0.0,0.0
2016-07-14,13000,13.75,0.0,0.0,0.0
2016-07-15,13900,14.15,0.0,0.0,0.0
2016-07-16,12900,13.69,0.0,0.0,0.0
2016-07-17,11300,12.93,0.0,0.0,0.0
2016-07-18,11400,12.98,0.0,0.0,0.0
2016-07-19,11600,13.08,0.0,0.0,0.0
2016-07-20,11600,13.09,0.0,0.0,0.0
2016-07-21,11800,13.18,0.0,0.0,0.0
2016-07-22,13500,13.96,0.0,0.0,0.0
2016-07-23,11800,13.17,0.0,0.0,0.0
2016-07-24,11100,12.84,0.0,0.0,0.0
2016-07-25,11000,12.77,0.0,0.0,0.0
2016-07-26,13400,13.93,0.0,0.0,0.0
2016-07-27,13300,13.89,0.0,0.0,0.0
2016-07-28,11600,13.1,0.0,0.0,0.0
2016-07-29,13300,13.89,0.0,0.0,0.0
2016-07-30,11200,12.9,0.0,0.0,0.0
2016-07-31,10800,12.67,0.0,0.0,0.0
2016-08-01,10300,12.43,0.0,0.0,0.0
2016-08-02,9590,12.06,0.0,0.0,0.0
2016-08-03,9870,12.21,0.0,0.0,0.0
2016-08-04,9790,12.17,0.0,0.0,0.0
2016-08-05,9510,12.01,0.0,0.0,0.0
2016-08-06,9490,12.0,0.0,0.0,0.0
2016-08-07,9330,11.92,0.0,0.0,0.0
2016-08-08,9050,11.76,0.0,0.0,0.0
2016-08-09,9070,11.78,0.0,0.0,0.0
2016-08-10,8140,11.25,0.0,0.0,0.0
2016-08-11,7750,11.01,0.0,0.0,0.0
2016-08-12,7660,10.96,0.0,0.0,0.0
2016-08-13,7990,11.16,0.0,0.0,0.0
2016-08-14,8290,11.34,0.0,0.0,0.0
2016-08-15,7660,10.96,0.0,0.0,0.0
2016-08-16,7570,10.91,0.0,0.0,0.0
2016-08-17,7820,11.05,0.0,0.0,0.0
2016-08-18,7710,10.99,0.0,0.0,0.0
2016-08-19,9280,11.88,0.0,0.0,0.0
2016-08-20,7720,11.0,0.0,0.0,0.0
2016-08-21,7560,10.9,0.0,0.0,0.0
2016-08-22,7390,10.79,0.0,0.0,0.0
2016-08-23,7280,10.73,0.0,0.0,0.0
2016-08-24,7080,10.6,0.0,0.0,0.0
2016-08-25,7140,10.64,0.0,0.0,0.0
2016-08-26,7270,10.72,0.0,0.0,0.0
2016-08-27,7210,10.68,1.0,1.0,0.0
2016-08-28,7010,10.55,1.0,0.0,0.0
2016-08-29,7010,10.56,0.0,0.0,0.0
2016-08-30,6840,10.45,0.0,0.0,0.0
2016-08-31,6920,10.5,0.0,0.0,0.0
2016-09-01,7270,10.72,0.0,0.0,0.0
2016-09-02,7320,10.75,0.0,0.0,0.0
2016-09-03,8010,11.17,0.0,0.0,0.0
2016-09-04,7330,10.76,0.0,0.0,0.0
2016-09-05,6930,10.51,0.0,0.0,0.0
2016-09-06,6820,10.44,0.0,0.0,0.0
2016-09-07,7830,11.06,0.0,0.0,0.0
2016-09-08,8170,11.26,0.0,0.0,0.0
2016-09-09,9000,11.74,0.0,0.0,0.0
2016-09-10,9190,11.84,0.0,0.0,0.0
2016-09-11,9120,11.81,0.0,0.0,0.0
2016-09-12,8500,11.45,0.0,0.0,0.0
2016-09-13,8440,11.42,0.0,0.0,0.0
2016-09-14,9350,11.93,0.0,0.0,0.0
2016-09-15,9430,11.97,0.0,0.0,0.0
2016-09-16,9440,11.98,2.0,2.0,2.0
2016-09-17,9130,11.81,2.0,2.0,2.0
2016-09-18,13300,13.81,2.0,2.0,2.0
2016-09-19,11500,13.0,0.0,0.0,0.0
2016-09-20,12200,13.36,0.0,0.0,0.0
2016-09-21,10100,12.35,0.0,0.0,0.0
2016-09-22,9170,11.83,0.0,0.0,0.0
2016-09-23,8110,11.23,0.0,0.0,0.0
2016-09-24,8470,11.44,0.0,0.0,1.0
2016-09-25,8460,11.43,0.0,0.0,1.0
2016-09-26,8490,11.45,0.0,0.0,0.0
2016-09-27,8080,11.21,0.0,0.0,0.0
2016-09-28,7960,11.14,0.0,0.0,0.0
2016-09-29,7710,10.99,0.0,0.0,0.0
2016-09-30,7550,10.89,0.0,0.0,0.0
2016-10-01,7520,10.87,0.0,0.0,0.0
2016-10-02,7760,11.02,0.0,0.0,0.0
2016-10-03,7750,11.01,0.0,0.0,0.0
2016-10-04,7690,10.98,0.0,0.0,0.0
2016-10-05,7630,10.94,0.0,0.0,0.0
2016-10-06,7710,10.99,1.0,1.0,1.0
2016-10-07,8230,11.3,1.0,1.0,1.0
2016-10-08,10100,12.32,2.0,1.0,1.0
2016-10-09,31000,20.1,2.0,1.0,1.0
2016-10-10,20100,16.57,0.0,0.0,0.0
2016-10-11,14900,14.58,0.0,0.0,0.0
2016-10-12,13200,13.81,2.0,1.0,0.0
2016-10-13,13300,13.88,3.0,2.0,1.0
2016-10-14,27900,19.13,3.0,2.0,2.0
2016-10-15,40700,22.91,3.0,2.0,2.0
2016-10-16,33700,21.0,1.0,1.0,0.0
2016-10-17,30700,20.1,0.0,0.0,0.0
2016-10-18,31400,20.32,0.0,0.0,0.0
2016-10-19,30500,20.05,1.0,1.0,1.0
2016-10-20,33000,20.71,1.0,1.0,1.0
2016-10-21,49800,25.11,0.0,0.0,0.0
2016-10-22,35200,21.42,0.0,0.0,0.0
2016-10-23,27000,18.94,0.0,0.0,0.0
2016-10-24,22400,17.38,2.0,1.0,1.0
2016-10-25,21200,16.97,2.0,1.0,1.0
2016-10-26,20800,16.84,2.0,1.0,0.0
2016-10-27,36700,21.8,2.0,1.0,0.0
2016-10-28,32900,20.77,0.0,0.0,0.0
2016-10-29,26900,18.92,0.0,0.0,0.0
2016-10-30,24900,18.25,0.0,0.0,0.0
2016-10-31,24200,18.01,0.0,0.0,0.0
2016-11-01,28400,19.4,3.0,3.0,3.0
2016-11-02,30400,20.01,3.0,3.0,3.0
2016-11-03,34000,21.1,3.0,3.0,3.0
2016-11-04,29700,19.82,3.0,3.0,3.0
2016-11-05,29300,19.69,3.0,3.0,3.0
2016-11-06,36700,21.87,0.0,0.0,0.0
2016-11-07,34600,21.24,4.0,4.0,4.0
2016-11-08,25700,18.5,4.0,4.0,4.0
2016-11-09,22900,17.56,4.0,4.0,4.0
2016-11-10,23000,17.62,3.0,3.0,2.0
2016-11-11,20800,16.84,3.0,3.0,2.0
2016-11-12,20700,16.8,3.0,3.0,2.0
2016-11-13,29300,19.67,1.0,1.0,1.0
2016-11-14,31700,20.38,1.0,1.0,1.0
2016-11-15,33700,21.0,0.0,0.0,0.0
2016-11-16,35900,21.63,0.0,0.0,0.0
2016-11-17,29200,19.65,0.0,0.0,0.0
2016-11-18,25100,18.32,0.0,0.0,0.0
2016-11-19,21100,16.94,1.0,1.0,0.0
2016-11-20,19700,16.47,1.0,1.0,0.0
2016-11-21,21300,17.03,0.0,0.0,0.0
2016-11-22,20900,16.89,0.0,0.0,0.0
2016-11-23,19600,16.43,0.0,0.0,0.0
2016-11-24,20300,16.68,0.0,0.0,0.0
2016-11-25,25400,18.41,0.0,0.0,0.0
2016-11-26,24200,17.99,1.0,0.0,0.0
2016-11-27,25500,18.44,0.0,0.0,0.0
2016-11-28,23300,17.71,0.0,0.0,0.0
2016-11-29,20800,16.85,0.0,0.0,0.0
2016-11-30,19800,16.49,0.0,0.0,0.0
2016-12-01,21000,16.91,0.0,0.0,0.0
2016-12-02,19500,16.37,0.0,0.0,0.0
2016-12-03,20500,16.73,0.0,0.0,0.0
2016-12-04,21800,17.21,0.0,0.0,0.0
2016-12-05,20300,16.66,0.0,0.0,0.0
2016-12-06,18300,15.92,0.0,0.0,0.0
2016-12-07,16900,15.4,0.0,0.0,0.0
2016-12-08,16000,15.04,0.0,0.0,0.0
2016-12-09,15600,14.86,0.0,0.0,0.0
2016-12-10,15200,14.7,0.0,0.0,0.0
2016-12-11,15000,14.62,0.0,0.0,0.0
2016-12-12,15000,14.62,0.0,0.0,0.0
2016-12-13,14400,14.36,0.0,0.0,0.0
2016-12-14,13900,14.16,0.0,0.0,0.0
2016-12-15,12500,13.48,0.0,0.0,0.0
2016-12-16,11300,12.94,0.0,0.0,0.0
2016-12-17,11000,12.77,0.0,0.0,0.0
2016-12-18,10800,12.68,0.0,0.0,0.0
2016-12-19,11000,12.78,1.0,1.0,1.0
2016-12-20,11400,12.98,1.0,0.0,0.0
2016-12-21,11900,13.22,0.0,0.0,0.0
2016-12-22,11300,12.96,0.0,0.0,0.0
2016-12-23,11800,13.18,0.0,0.0,0.0
2016-12-24,12100,13.31,0.0,0.0,0.0
2016-12-25,11600,13.09,0.0,0.0,0.0
2016-12-26,11400,12.97,0.0,0.0,0.0
2016-12-27,11700,13.11,0.0,0.0,0.0
2016-12-28,11800,13.16,0.0,0.0,0.0
2016-12-29,11500,13.06,0.0,0.0,0.0
2016-12-30,12300,13.42,0.0,0.0,0.0
2016-12-31,13100,13.8,0.0,0.0,0.0
2017-01-01,13700,14.05,0.0,0.0,0.0
2017-01-02,13700,14.05,0.0,0.0,0.0
2017-01-03,12400,13.48,0.0,0.0,0.0
2017-01-04,12200,13.37,0.0,0.0,0.0
2017-01-05,12100,13.31,0.0,0.0,0.0
2017-01-06,12100,13.3,0.0,0.0,0.0
2017-01-07,12000,13.28,0.0,0.0,0.0
2017-01-08,12100,13.3,0.0,0.0,0.0
2017-01-09,12700,13.59,0.0,0.0,0.0
2017-01-10,11800,13.2,0.0,0.0,0.0
2017-01-11,12000,13.27,0.0,0.0,0.0
2017-01-12,11800,13.17,0.0,0.0,0.0
2017-01-13,11700,13.12,0.0,0.0,0.0
2017-01-14,11700,13.13,0.0,0.0,0.0
2017-01-15,11600,13.09,0.0,0.0,0.0
2017-01-16,11500,13.06,4.0,4.0,3.0
2017-01-17,11400,13.01,4.0,4.0,3.0
2017-01-18,22500,17.31,4.0,4.0,3.0
2017-01-19,29000,19.57,4.0,4.0,3.0
2017-01-20,23100,17.63,0.0,0.0,0.0
2017-01-21,19000,16.17,0.0,0.0,0.0
2017-01-22,15000,14.59,0.0,0.0,0.0
2017-01-23,13600,14.0,0.0,0.0,0.0
2017-01-24,13200,13.85,0.0,0.0,0.0
2017-01-25,13100,13.78,0.0,0.0,0.0
2017-01-26,12900,13.7,0.0,0.0,0.0
2017-01-27,12300,13.38,0.0,0.0,0.0
2017-01-28,10300,12.42,0.0,0.0,0.0
2017-01-29,10000,12.28,0.0,0.0,0.0
2017-01-30,9980,12.27,0.0,0.0,0.0
2017-01-31,9880,12.21,0.0,0.0,0.0
2017-02-01,9570,12.05,0.0,0.0,0.0
2017-02-02,9310,11.91,0.0,0.0,0.0
2017-02-03,9230,11.86,0.0,0.0,0.0
2017-02-04,10600,12.57,0.0,0.0,0.0
2017-02-05,12300,13.4,0.0,0.0,0.0
2017-02-06,11200,12.91,0.0,0.0,0.0
2017-02-07,10300,12.46,0.0,0.0,0.0
2017-02-08,12500,13.52,2.0,2.0,0.0
2017-02-09,18800,15.95,2.0,2.0,2.0
2017-02-10,32900,20.76,2.0,2.0,2.0
2017-02-11,22700,17.48,0.0,0.0,0.0
2017-02-12,17200,15.51,0.0,0.0,0.0
2017-02-13,14900,14.57,0.0,0.0,0.0
2017-02-14,14900,14.54,4.0,4.0,4.0
2017-02-15,22400,17.32,4.0,4.0,4.0
2017-02-16,47500,24.55,4.0,4.0,4.0
2017-02-17,44500,23.88,0.0,0.0,0.0
2017-02-18,30500,20.28,0.0,0.0,0.0
2017-02-19,25000,18.65,0.0,0.0,0.0
2017-02-20,22500,17.83,0.0,0.0,0.0
2017-02-21,20800,17.25,0.0,0.0,0.0
2017-02-22,19400,16.72,0.0,0.0,0.0
2017-02-23,18000,16.23,0.0,0.0,0.0
2017-02-24,17100,15.89,0.0,0.0,0.0
2017-02-25,15900,15.37,0.0,0.0,0.0
2017-02-26,13500,14.37,0.0,0.0,0.0
2017-02-27,12400,13.86,0.0,0.0,0.0
2017-02-28,11400,13.39,0.0,0.0,0.0
2017-03-01,11200,13.29,0.0,0.0,0.0
2017-03-02,11400,13.36,0.0,0.0,0.0
2017-03-03,12200,13.75,0.0,0.0,0.0
2017-03-04,17000,15.84,0.0,0.0,0.0
2017-03-05,15600,15.25,0.0,0.0,0.0
2017-03-06,14300,14.71,0.0,0.0,0.0
2017-03-07,14200,14.65,0.0,0.0,0.0
2017-03-08,12800,14.06,0.0,0.0,0.0
2017-03-09,13200,14.22,1.0,0.0,0.0
2017-03-10,16600,15.65,1.0,0.0,0.0
2017-03-11,20300,17.09,0.0,0.0,0.0
2017-03-12,19500,16.78,2.0,2.0,0.0
2017-03-13,20100,17.0,2.0,2.0,0.0
2017-03-14,25900,18.91,1.0,1.0,0.0
2017-03-15,41900,23.32,1.0,1.0,0.0
2017-03-16,39700,22.77,0.0,0.0,0.0
2017-03-17,28200,19.63,1.0,0.0,0.0
2017-03-18,34600,21.37,1.0,0.0,0.0
2017-03-19,45000,24.05,0.0,0.0,0.0
2017-03-20,33000,21.01,0.0,0.0,0.0
2017-03-21,25500,18.82,0.0,0.0,0.0
2017-03-22,22500,17.83,0.0,0.0,0.0
2017-03-23,22200,17.74,0.0,0.0,0.0
2017-03-24,21200,17.38,0.0,0.0,0.0
2017-03-25,21700,17.56,0.0,0.0,0.0
2017-03-26,20000,16.96,0.0,0.0,0.0
2017-03-27,19100,16.63,0.0,0.0,0.0
2017-03-28,19200,16.66,1.0,1.0,0.0
2017-03-29,25000,18.63,1.0,1.0,0.0
2017-03-30,29900,20.14,0.0,0.0,0.0
2017-03-31,24400,18.46,0.0,0.0,0.0
2017-04-01,20900,17.27,0.0,0.0,0.0
2017-04-02,19300,16.7,0.0,0.0,0.0
2017-04-03,18000,16.2,0.0,0.0,0.0
2017-04-04,16800,15.73,1.0,1.0,1.0
2017-04-05,16500,15.64,1.0,1.0,1.0
2017-04-06,19000,16.58,0.0,0.0,0.0
2017-04-07,19300,16.69,0.0,0.0,0.0
2017-04-08,20800,17.23,0.0,0.0,0.0
2017-04-09,19300,16.71,0.0,0.0,0.0
2017-04-10,20800,17.26,0.0,0.0,0.0
2017-04-11,19100,16.65,0.0,0.0,0.0
2017-04-12,17900,16.16,0.0,0.0,0.0
2017-04-13,18200,16.3,0.0,0.0,0.0
2017-04-14,17900,16.17,0.0,0.0,0.0
2017-04-15,17300,15.95,0.0,0.0,0.0
2017-04-16,17200,15.89,0.0,0.0,0.0
2017-04-17,16600,15.66,0.0,0.0,0.0
2017-04-18,17300,15.96,0.0,0.0,0.0
2017-04-19,17800,16.13,0.0,0.0,0.0
2017-04-20,17400,16.0,0.0,0.0,0.0
2017-04-21,17700,16.1,0.0,0.0,0.0
2017-04-22,18100,16.26,0.0,0.0,0.0
2017-04-23,19000,16.61,0.0,0.0,0.0
2017-04-24,20200,17.04,0.0,0.0,0.0
2017-04-25,18900,16.54,0.0,0.0,0.0
2017-04-26,19600,16.8,0.0,0.0,0.0
2017-04-27,21600,17.53,0.0,0.0,0.0
2017-04-28,19500,16.76,0.0,0.0,0.0
2017-04-29,17300,15.95,0.0,0.0,0.0
2017-04-30,16700,15.71,0.0,0.0,0.0
2017-05-01,16600,15.66,0.0,0.0,0.0
2017-05-02,15700,15.3,0.0,1.0,0.0
2017-05-03,16200,15.51,0.0,1.0,2.0
2017-05-04,20500,17.12,0.0,0.0,2.0
2017-05-05,35900,21.72,0.0,0.0,0.0
2017-05-06,40500,,0.0,0.0,0.0
2017-05-07,27800,,0.0,0.0,0.0
2017-05-08,22500,17.84,0.0,0.0,0.0
2017-05-09,20700,17.21,0.0,0.0,0.0
2017-05-10,20600,17.17,0.0,0.0,0.0
2017-05-11,23300,18.09,0.0,0.0,0.0
2017-05-12,26500,19.14,0.0,0.0,0.0
2017-05-13,23000,17.99,0.0,0.0,0.0
2017-05-14,20200,17.04,0.0,0.0,0.0
2017-05-15,19100,16.64,0.0,0.0,0.0
2017-05-16,20000,16.94,0.0,0.0,0.0
2017-05-17,19000,16.58,0.0,0.0,0.0
2017-05-18,17200,15.91,0.0,0.0,0.0
2017-05-19,17200,15.9,0.0,0.0,0.0
2017-05-20,18400,16.38,0.0,0.0,0.0
2017-05-21,21900,17.64,0.0,0.0,0.0
2017-05-22,25800,18.91,0.0,0.0,0.0
2017-05-23,31300,20.54,0.0,0.0,0.0
2017-05-24,33900,21.28,0.0,0.0,0.0
2017-05-25,26800,19.2,0.0,0.0,0.0
2017-05-26,23200,18.06,0.0,0.0,0.0
2017-05-27,24700,18.55,0.0,0.0,0.0
2017-05-28,30400,20.3,0.0,0.0,0.0
2017-05-29,35300,21.64,0.0,0.0,0.0
2017-05-30,38800,22.55,0.0,0.0,0.0
2017-05-31,38600,22.5,0.0,0.0,0.0
2017-06-01,33700,21.23,0.0,0.0,0.0
2017-06-02,31900,20.73,0.0,0.0,0.0
2017-06-03,29600,20.06,0.0,0.0,0.0
2017-06-04,27300,19.36,0.0,0.0,0.0
2017-06-05,23100,18.02,0.0,0.0,0.0
2017-06-06,25100,18.71,0.0,0.0,0.0
2017-06-07,28400,19.72,2.0,2.0,0.0
2017-06-08,33100,21.05,2.0,2.0,0.0
2017-06-09,36100,21.86,0.0,0.0,0.0
2017-06-10,29900,20.14,0.0,0.0,0.0
2017-06-11,25900,18.95,0.0,0.0,0.0
2017-06-12,24600,18.53,0.0,0.0,0.0
2017-06-13,23500,18.18,0.0,0.0,0.0
2017-06-14,21500,17.51,0.0,0.0,0.0
2017-06-15,20800,17.25,1.0,1.0,1.0
2017-06-16,27600,19.43,1.0,1.0,1.0
2017-06-17,26900,19.24,2.0,2.0,1.0
2017-06-18,22600,17.87,2.0,2.0,1.0
2017-06-19,23400,,0.0,0.0,0.0
2017-06-20,26200,,0.0,0.0,0.0
2017-06-21,26800,19.21,0.0,0.0,0.0
2017-06-22,22800,17.94,0.0,0.0,0.0
2017-06-23,20600,17.18,0.0,0.0,0.0
2017-06-24,20300,17.07,0.0,0.0,0.0
2017-06-25,22400,17.79,0.0,0.0,0.0
2017-06-26,25000,18.67,0.0,0.0,0.0
2017-06-27,24800,18.61,0.0,0.0,0.0
2017-06-28,22300,17.77,0.0,0.0,0.0
2017-06-29,21300,17.4,0.0,0.0,0.0
2017-06-30,20900,17.27,0.0,0.0,0.0
2017-07-01,21600,17.53,0.0,0.0,0.0
2017-07-02,21400,17.47,0.0,0.0,0.0
2017-07-03,20700,17.22,0.0,0.0,0.0
2017-07-04,19900,16.93,0.0,0.0,0.0
2017-07-05,18200,16.31,0.0,0.0,0.0
2017-07-06,18000,16.21,0.0,0.0,0.0
2017-07-07,19100,16.62,0.0,0.0,0.0
2017-07-08,19400,16.74,0.0,0.0,0.0
2017-07-09,19400,16.73,0.0,0.0,0.0
2017-07-10,18600,16.45,0.0,0.0,0.0
2017-07-11,17400,15.98,0.0,0.0,0.0
2017-07-12,16400,15.61,0.0,0.0,0.0
2017-07-13,16300,15.54,0.0,0.0,0.0
2017-07-14,16200,15.53,0.0,0.0,0.0
2017-07-15,15400,15.17,0.0,0.0,0.0
2017-07-16,13500,14.35,0.0,0.0,0.0
2017-07-17,12700,14.01,0.0,0.0,0.0
2017-07-18,12300,13.82,0.0,0.0,0.0
2017-07-19,11400,13.36,0.0,0.0,0.0
2017-07-20,11900,13.62,0.0,0.0,0.0
2017-07-21,10900,13.12,1.0,2.0,2.0
2017-07-22,10500,12.94,1.0,2.0,2.0
2017-07-23,10800,13.08,1.0,2.0,2.0
2017-07-24,11000,13.21,0.0,0.0,0.0
2017-07-25,10700,13.04,0.0,0.0,0.0
2017-07-26,10500,12.93,0.0,0.0,0.0
2017-07-27,10600,12.97,0.0,0.0,0.0
2017-07-28,12800,14.04,0.0,0.0,0.0
2017-07-29,12800,14.06,0.0,0.0,0.0
2017-07-30,10200,12.76,0.0,0.0,0.0
2017-07-31,9880,12.61,0.0,0.0,0.0
2017-08-01,10100,12.7,0.0,0.0,0.0
2017-08-02,11300,13.33,0.0,0.0,0.0
2017-08-03,11600,13.48,0.0,0.0,0.0
2017-08-04,11800,13.57,0.0,0.0,0.0
2017-08-05,11300,13.32,0.0,0.0,0.0
2017-08-06,9720,12.53,0.0,0.0,0.0
2017-08-07,9840,12.59,0.0,0.0,0.0
2017-08-08,10600,12.97,0.0,0.0,0.0
2017-08-09,10400,12.86,0.0,0.0,0.0
2017-08-10,10600,12.97,0.0,0.0,0.0
2017-08-11,10500,12.91,0.0,0.0,0.0
2017-08-12,10600,12.98,0.0,0.0,0.0
2017-08-13,9110,12.2,0.0,0.0,0.0
2017-08-14,9060,12.17,0.0,0.0,0.0
2017-08-15,8780,12.01,0.0,0.0,0.0
2017-08-16,8770,12.01,0.0,0.0,0.0
2017-08-17,8650,11.94,0.0,0.0,0.0
2017-08-18,7900,11.49,0.0,0.0,0.0
2017-08-19,6880,10.88,0.0,0.0,0.0
2017-08-20,6750,10.79,0.0,0.0,0.0
2017-08-21,6810,10.83,0.0,0.0,0.0
2017-08-22,7650,11.35,0.0,0.0,0.0
2017-08-23,7540,11.28,0.0,0.0,0.0
2017-08-24,6790,10.82,0.0,0.0,0.0
2017-08-25,6980,10.94,0.0,0.0,0.0
2017-08-26,6730,10.78,0.0,0.0,0.0
2017-08-27,6690,10.75,0.0,0.0,0.0
2017-08-28,6810,10.83,0.0,0.0,0.0
2017-08-29,7060,10.99,0.0,0.0,0.0
2017-08-30,6790,10.81,0.0,0.0,0.0
2017-08-31,6380,10.55,0.0,0.0,0.0
2017-09-01,6290,10.49,0.0,0.0,0.0
2017-09-02,6170,10.41,0.0,0.0,0.0
2017-09-03,6110,10.36,0.0,0.0,0.0
2017-09-04,6080,10.35,0.0,0.0,0.0
2017-09-05,6150,10.39,0.0,0.0,0.0
2017-09-06,8190,11.68,0.0,0.0,0.0
2017-09-07,8260,11.72,0.0,0.0,0.0
2017-09-08,8290,11.73,0.0,0.0,0.0
2017-09-09,8220,11.69,1.0,0.0,0.0
2017-09-10,8240,11.7,0.0,0.0,0.0
2017-09-11,8090,11.61,0.0,0.0,0.0
2017-09-12,7920,11.51,0.0,0.0,0.0
2017-09-13,7500,11.26,0.0,0.0,0.0
2017-09-14,7460,11.24,0.0,0.0,0.0
2017-09-15,7260,11.12,0.0,0.0,0.0
2017-09-16,7250,11.11,0.0,0.0,0.0
2017-09-17,7200,11.08,1.0,1.0,1.0
2017-09-18,7210,11.08,0.0,0.0,0.0
2017-09-19,7400,11.2,0.0,0.0,0.0
2017-09-20,7530,11.28,0.0,0.0,0.0
2017-09-21,7480,11.25,0.0,0.0,0.0
2017-09-22,7360,11.18,0.0,0.0,0.0
2017-09-23,7210,11.08,0.0,0.0,0.0
2017-09-24,6900,10.89,0.0,0.0,0.0
2017-09-25,6990,10.94,0.0,0.0,0.0
2017-09-26,6900,10.88,0.0,0.0,0.0
2017-09-27,6660,10.73,0.0,0.0,0.0
2017-09-28,6630,10.71,0.0,0.0,0.0
2017-09-29,6680,10.75,0.0,0.0,0.0
2017-09-30,6840,10.85,0.0,0.0,0.0
2017-10-01,7150,11.04,0.0,0.0,0.0
2017-10-02,7230,11.1,0.0,0.0,0.0
2017-10-03,6930,10.91,0.0,0.0,0.0
2017-10-04,6670,10.74,0.0,0.0,0.0
2017-10-05,6770,10.8,0.0,0.0,0.0
2017-10-06,6870,10.86,1.0,0.0,0.0
2017-10-07,6630,10.71,1.0,0.0,0.0
2017-10-08,7400,11.2,0.0,0.0,0.0
2017-10-09,7220,11.09,0.0,0.0,0.0
2017-10-10,6890,10.88,0.0,0.0,0.0
2017-10-11,6690,10.75,0.0,0.0,0.0
2017-10-12,6670,10.74,0.0,0.0,0.0
2017-10-13,6850,10.86,0.0,0.0,0.0
2017-10-14,6840,10.85,0.0,0.0,0.0
2017-10-15,6700,10.76,0.0,0.0,0.0
2017-10-16,6800,10.82,3.0,3.0,3.0
2017-10-17,8560,11.89,3.0,3.0,3.0
2017-10-18,12700,13.97,4.0,4.0,4.0
2017-10-19,36400,21.73,4.0,4.0,4.0
2017-10-20,31900,20.69,0.0,0.0,0.0
2017-10-21,22500,17.81,3.0,3.0,1.0
2017-10-22,37900,22.13,3.0,3.0,1.0
2017-10-23,33400,21.06,0.0,0.0,0.0
2017-10-24,20000,16.92,0.0,0.0,0.0
2017-10-25,16400,15.6,1.0,1.0,1.0
2017-10-26,16100,15.49,0.0,0.0,0.0
2017-10-27,14400,14.75,0.0,0.0,0.0
2017-10-28,13900,14.56,0.0,0.0,0.0
2017-10-29,13400,14.33,0.0,0.0,0.0
2017-10-30,12600,13.93,0.0,0.0,0.0
2017-10-31,11900,13.64,0.0,0.0,0.0
2017-11-01,11400,13.41,0.0,0.0,0.0
2017-11-02,11500,13.45,0.0,0.0,0.0
2017-11-03,12100,13.74,0.0,0.0,0.0
2017-11-04,11500,13.44,0.0,0.0,0.0
2017-11-05,11100,13.25,0.0,0.0,0.0
2017-11-06,9770,12.55,0.0,0.0,0.0
2017-11-07,8790,12.02,0.0,0.0,0.0
2017-11-08,8690,11.96,1.0,0.0,0.0
2017-11-09,8960,12.12,1.0,0.0,0.0
2017-11-10,9410,12.36,0.0,0.0,0.0
2017-11-11,9290,12.3,0.0,0.0,0.0
2017-11-12,9670,12.5,2.0,2.0,0.0
2017-11-13,11800,13.58,2.0,2.0,0.0
2017-11-14,14900,14.99,2.0,2.0,1.0
2017-11-15,15900,15.39,1.0,1.0,1.0
2017-11-16,16600,15.66,0.0,0.0,0.0
2017-11-17,15000,15.02,0.0,0.0,0.0
2017-11-18,13900,14.55,0.0,0.0,0.0
2017-11-19,13300,14.27,2.0,2.0,2.0
2017-11-20,15100,15.06,2.0,2.0,2.0
2017-11-21,19500,16.75,4.0,4.0,4.0
2017-11-22,50600,24.96,4.0,4.0,4.0
2017-11-23,76900,30.22,4.0,4.0,4.0
2017-11-24,86900,31.89,0.0,0.0,0.0
2017-11-25,55900,25.94,3.0,3.0,3.0
2017-11-26,40600,22.49,3.0,3.0,3.0
2017-11-27,46800,23.97,0.0,0.0,0.0
2017-11-28,38900,22.09,0.0,0.0,0.0
2017-11-29,35200,21.12,0.0,0.0,0.0
2017-11-30,29300,19.48,0.0,0.0,0.0
2017-12-01,29900,19.65,0.0,0.0,0.0
2017-12-02,30000,19.67,0.0,0.0,0.0
2017-12-03,29000,19.38,0.0,0.0,0.0
2017-12-04,26500,18.64,0.0,0.0,0.0
2017-12-05,22300,17.23,0.0,0.0,0.0
2017-12-06,17100,15.38,0.0,0.0,0.0
2017-12-07,16500,15.13,0.0,0.0,0.0
2017-12-08,16000,14.93,0.0,0.0,0.0
2017-12-09,15700,14.82,0.0,0.0,0.0
2017-12-10,15500,14.74,0.0,0.0,0.0
2017-12-11,15400,14.68,0.0,0.0,0.0
2017-12-12,15200,14.59,0.0,0.0,0.0
2017-12-13,14800,14.42,0.0,0.0,0.0
2017-12-14,14600,14.33,0.0,0.0,0.0
2017-12-15,12900,13.61,0.0,0.0,0.0
2017-12-16,12200,13.27,0.0,0.0,0.0
2017-12-17,12200,13.26,1.0,1.0,1.0
2017-12-18,18400,15.86,1.0,1.0,1.0
2017-12-19,19800,16.38,1.0,0.0,0.0
2017-12-20,20700,16.71,0.0,0.0,0.0
2017-12-21,16600,15.16,0.0,0.0,0.0
2017-12-22,14600,14.35,0.0,0.0,0.0
2017-12-23,13800,14.0,0.0,0.0,0.0
2017-12-24,12900,13.61,0.0,0.0,0.0
2017-12-25,13200,13.7,0.0,0.0,0.0
2017-12-26,12300,13.32,0.0,0.0,0.0
2017-12-27,11900,13.12,0.0,0.0,0.0
2017-12-28,12100,13.23,0.0,0.0,0.0
2017-12-29,14700,14.4,1.0,1.0,0.0
2017-12-30,23800,17.73,1.0,1.0,0.0
2017-12-31,19900,16.4,0.0,0.0,0.0
2018-01-01,16900,15.26,0.0,0.0,0.0
2018-01-02,16900,15.29,0.0,0.0,0.0
2018-01-03,16400,15.11,0.0,0.0,0.0
2018-01-04,15900,14.89,1.0,1.0,0.0
2018-01-05,15100,14.54,1.0,1.0,1.0
2018-01-06,18700,15.98,0.0,0.0,0.0
2018-01-07,17600,15.54,1.0,1.0,0.0
2018-01-08,18600,15.96,1.0,1.0,0.0
2018-01-09,19400,16.26,0.0,0.0,0.0
2018-01-10,19000,16.1,0.0,0.0,0.0
2018-01-11,20100,16.48,0.0,0.0,0.0
2018-01-12,24000,17.83,0.0,0.0,0.0
2018-01-13,27400,18.89,0.0,0.0,0.0
2018-01-14,23700,17.72,0.0,0.0,0.0
2018-01-15,24200,17.91,1.0,1.0,0.0
2018-01-16,22700,17.39,1.0,1.0,0.0
2018-01-17,24400,17.97,3.0,3.0,2.0
2018-01-18,28300,19.17,3.0,3.0,2.0
2018-01-19,28100,19.12,0.0,0.0,0.0
2018-01-20,23800,17.75,1.0,1.0,1.0
2018-01-21,24700,18.05,1.0,1.0,1.0
2018-01-22,24400,17.95,0.0,0.0,0.0
2018-01-23,23700,17.72,0.0,0.0,0.0
2018-01-24,25800,18.42,0.0,0.0,0.0
2018-01-25,25400,18.3,0.0,0.0,0.0
2018-01-26,23200,17.56,0.0,0.0,0.0
2018-01-27,23000,17.5,0.0,0.0,0.0
2018-01-28,22600,17.36,2.0,2.0,2.0
2018-01-29,28100,19.08,2.0,2.0,2.0
2018-01-30,39900,22.34,0.0,0.0,0.0
2018-01-31,31700,20.16,0.0,0.0,0.0
2018-02-01,27200,18.86,0.0,0.0,0.0
2018-02-02,26500,18.64,1.0,0.0,0.0
2018-02-03,34000,20.79,1.0,1.0,1.0
2018-02-04,44500,23.4,1.0,1.0,1.0
2018-02-05,57400,26.34,0.0,0.0,0.0
2018-02-06,46700,23.95,0.0,0.0,2.0
2018-02-07,36500,21.48,0.0,0.0,2.0
2018-02-08,33700,20.73,0.0,0.0,2.0
2018-02-09,34600,20.98,0.0,0.0,0.0
2018-02-10,29400,19.49,0.0,0.0,0.0
2018-02-11,25500,18.31,0.0,0.0,0.0
2018-02-12,24700,18.05,0.0,0.0,0.0
2018-02-13,22800,17.43,0.0,0.0,0.0
2018-02-14,22200,17.24,0.0,0.0,0.0
2018-02-15,22600,17.39,0.0,0.0,0.0
2018-02-16,19400,16.24,0.0,0.0,0.0
2018-02-17,18900,16.07,0.0,0.0,0.0
2018-02-18,20300,16.56,0.0,0.0,0.0
2018-02-19,18400,15.89,0.0,0.0,0.0
2018-02-20,20900,16.8,0.0,0.0,0.0
2018-02-21,20300,16.58,0.0,0.0,0.0
2018-02-22,20000,16.44,0.0,0.0,0.0
2018-02-23,19900,16.43,0.0,0.0,0.0
2018-02-24,19700,16.37,0.0,0.0,0.0
2018-02-25,19500,16.29,0.0,0.0,0.0
2018-02-26,19400,16.23,0.0,0.0,0.0
2018-02-27,19000,16.11,0.0,0.0,0.0
2018-02-28,18900,16.04,0.0,0.0,0.0
2018-03-01,19000,16.08,0.0,0.0,0.0
2018-03-02,18800,16.02,0.0,0.0,0.0
2018-03-03,18500,15.9,0.0,0.0,0.0
2018-03-04,18300,15.82,0.0,0.0,0.0
2018-03-05,18200,15.78,0.0,0.0,0.0
2018-03-06,18000,15.72,0.0,0.0,0.0
2018-03-07,17900,15.68,0.0,0.0,0.0
2018-03-08,18000,15.7,0.0,0.0,0.0
2018-03-09,21300,16.9,0.0,0.0,0.0
2018-03-10,21000,16.82,0.0,0.0,0.0
2018-03-11,19700,16.35,0.0,0.0,0.0
2018-03-12,18300,15.81,0.0,0.0,0.0
2018-03-13,17200,15.42,0.0,0.0,0.0
2018-03-14,17100,15.36,0.0,0.0,0.0
2018-03-15,15600,14.76,0.0,0.0,0.0
2018-03-16,13900,14.04,0.0,0.0,0.0
2018-03-17,13200,13.73,0.0,0.0,0.0
2018-03-18,12800,13.53,0.0,0.0,0.0
2018-03-19,12400,13.36,0.0,0.0,0.0
2018-03-20,12100,13.24,0.0,0.0,0.0
2018-03-21,11800,13.09,0.0,0.0,0.0
2018-03-22,11800,13.08,0.0,0.0,0.0
2018-03-23,12100,13.22,0.0,0.0,0.0
2018-03-24,11800,13.07,0.0,0.0,0.0
2018-03-25,11500,12.94,0.0,0.0,0.0
2018-03-26,11300,12.81,0.0,0.0,1.0
2018-03-27,12400,13.37,0.0,0.0,1.0
2018-03-28,13900,14.06,0.0,0.0,0.0
2018-03-29,13000,13.63,0.0,0.0,0.0
2018-03-30,12900,13.59,0.0,0.0,0.0
2018-03-31,13000,13.63,0.0,0.0,0.0
2018-04-01,12400,13.35,0.0,0.0,0.0
2018-04-02,12200,13.25,0.0,0.0,0.0
2018-04-03,11700,13.05,0.0,0.0,0.0
2018-04-04,13100,13.69,1.0,0.0,0.0
2018-04-05,12700,13.51,1.0,0.0,0.0
2018-04-06,14000,14.08,1.0,0.0,0.0
2018-04-07,16000,14.91,2.0,1.0,0.0
2018-04-08,22800,17.43,2.0,1.0,0.0
2018-04-09,22600,17.38,0.0,0.0,0.0
2018-04-10,19300,16.22,1.0,1.0,1.0
2018-04-11,19300,16.19,0.0,0.0,0.0
2018-04-12,17700,15.59,0.0,0.0,0.0
2018-04-13,16400,15.08,0.0,0.0,0.0
2018-04-14,22000,17.12,0.0,0.0,0.0
2018-04-15,25400,18.28,0.0,0.0,0.0
2018-04-16,22800,17.44,0.0,0.0,0.0
2018-04-17,23700,17.73,0.0,0.0,0.0
2018-04-18,21800,17.09,0.0,0.0,0.0
2018-04-19,18900,16.04,0.0,0.0,0.0
2018-04-20,17500,15.54,0.0,0.0,0.0
2018-04-21,16800,15.23,0.0,0.0,0.0
2018-04-22,15500,14.74,0.0,0.0,0.0
2018-04-23,14600,14.33,0.0,0.0,0.0
2018-04-24,14200,14.15,0.0,0.0,0.0
2018-04-25,15500,14.71,0.0,0.0,0.0
2018-04-26,18800,16.01,0.0,0.0,0.0
2018-04-27,21900,17.14,0.0,0.0,0.0
2018-04-28,23600,17.71,0.0,0.0,0.0
2018-04-29,22500,17.34,0.0,0.0,0.0
2018-04-30,20300,16.55,0.0,0.0,0.0
2018-05-01,18600,15.95,0.0,0.0,0.0
2018-05-02,17800,15.63,0.0,0.0,0.0
2018-05-03,18300,15.83,0.0,0.0,0.0
2018-05-04,20500,16.62,0.0,0.0,0.0
2018-05-05,23000,17.52,0.0,0.0,0.0
2018-05-06,23900,17.82,0.0,0.0,0.0
2018-05-07,27100,18.81,0.0,0.0,0.0
2018-05-08,28900,19.37,0.0,0.0,0.0
2018-05-09,31900,20.21,0.0,0.0,0.0
2018-05-10,34000,20.8,0.0,0.0,0.0
2018-05-11,27800,19.04,0.0,0.0,0.0
2018-05-12,22400,17.3,0.0,0.0,0.0
2018-05-13,23200,17.56,0.0,0.0,0.0
2018-05-14,27400,18.9,0.0,0.0,0.0
2018-05-15,32000,20.24,0.0,0.0,0.0
2018-05-16,35200,21.12,0.0,0.0,0.0
2018-05-17,33100,20.55,0.0,0.0,0.0
2018-05-18,28400,19.21,0.0,0.0,0.0
2018-05-19,26000,18.47,0.0,0.0,0.0
2018-05-20,26700,18.71,0.0,0.0,0.0
2018-05-21,25400,18.29,0.0,0.0,0.0
2018-05-22,26300,18.56,0.0,0.0,0.0
2018-05-23,28600,19.27,0.0,0.0,0.0
2018-05-24,32000,20.26,0.0,0.0,0.0
2018-05-25,30200,19.74,0.0,0.0,0.0
2018-05-26,25100,18.2,0.0,0.0,0.0
2018-05-27,22300,17.26,0.0,0.0,0.0
2018-05-28,22400,17.29,0.0,0.0,0.0
2018-05-29,22400,17.31,0.0,0.0,0.0
2018-05-30,21100,16.84,0.0,0.0,0.0
2018-05-31,19500,16.29,0.0,0.0,0.0
2018-06-01,17000,15.34,0.0,0.0,0.0
2018-06-02,16200,15.02,0.0,0.0,0.0
2018-06-03,18300,15.83,0.0,0.0,0.0
2018-06-04,17600,15.56,0.0,0.0,0.0
2018-06-05,17400,15.47,0.0,0.0,0.0
2018-06-06,17300,15.46,0.0,0.0,0.0
2018-06-07,17500,15.52,1.0,1.0,1.0
2018-06-08,18100,15.75,1.0,1.0,1.0
2018-06-09,17700,15.58,0.0,0.0,0.0
2018-06-10,17200,15.41,0.0,0.0,0.0
2018-06-11,16700,15.22,0.0,0.0,0.0
2018-06-12,16000,14.92,0.0,0.0,0.0
2018-06-13,15700,14.79,0.0,0.0,0.0
2018-06-14,15800,14.84,0.0,0.0,0.0
2018-06-15,15700,14.81,0.0,0.0,0.0
2018-06-16,15600,14.75,0.0,0.0,0.0
2018-06-17,16700,15.21,0.0,0.0,0.0
2018-06-18,19400,16.23,0.0,0.0,0.0
2018-06-19,20500,16.63,0.0,0.0,0.0
2018-06-20,24500,18.0,0.0,0.0,0.0
2018-06-21,26400,18.61,0.0,0.0,0.0
2018-06-22,24300,17.92,0.0,0.0,0.0
2018-06-23,21400,16.95,0.0,0.0,0.0
2018-06-24,19400,16.23,0.0,0.0,0.0
2018-06-25,22300,17.26,0.0,0.0,0.0
2018-06-26,23300,17.62,0.0,0.0,0.0
2018-06-27,19400,16.31,0.0,0.0,0.0
2018-06-28,16000,15.04,0.0,0.0,0.0
2018-06-29,14800,14.59,0.0,0.0,0.0
2018-06-30,13300,13.98,1.0,1.0,1.0
2018-07-01,14100,14.33,1.0,0.0,0.0
2018-07-02,15300,14.83,0.0,0.0,0.0
2018-07-03,15300,14.84,0.0,0.0,0.0
2018-07-04,14600,14.53,1.0,0.0,0.0
2018-07-05,15500,14.9,1.0,0.0,0.0
2018-07-06,17600,15.75,1.0,0.0,0.0
2018-07-07,17600,15.76,1.0,0.0,0.0
2018-07-08,15700,14.99,0.0,0.0,0.0
2018-07-09,14400,14.46,0.0,0.0,0.0
2018-07-10,13600,14.11,0.0,0.0,0.0
2018-07-11,14200,14.38,0.0,0.0,0.0
2018-07-12,15400,14.87,0.0,0.0,0.0
2018-07-13,15500,14.93,0.0,0.0,0.0
2018-07-14,15800,15.05,0.0,0.0,0.0
2018-07-15,15300,14.86,0.0,0.0,0.0
2018-07-16,16200,15.19,0.0,0.0,0.0
2018-07-17,15900,15.07,0.0,0.0,0.0
2018-07-18,16500,15.33,0.0,0.0,0.0
2018-07-19,15100,14.75,0.0,0.0,0.0
2018-07-20,14500,14.5,0.0,0.0,0.0
2018-07-21,11600,13.19,0.0,0.0,0.0
2018-07-22,11200,12.97,0.0,0.0,0.0
2018-07-23,12900,13.8,0.0,0.0,0.0
2018-07-24,13800,14.19,0.0,0.0,0.0
2018-07-25,13300,13.96,0.0,0.0,0.0
2018-07-26,13200,13.91,0.0,0.0,0.0
2018-07-27,12000,13.39,0.0,0.0,0.0
2018-07-28,11500,13.12,0.0,0.0,0.0
2018-07-29,10900,12.83,0.0,0.0,0.0
2018-07-30,11000,12.9,0.0,0.0,0.0
2018-07-31,12100,13.44,0.0,0.0,0.0
2018-08-01,11400,13.07,0.0,0.0,0.0
2018-08-02,10300,12.54,0.0,0.0,0.0
2018-08-03,10100,12.41,0.0,0.0,0.0
2018-08-04,10500,12.61,0.0,0.0,0.0
2018-08-05,9800,12.27,0.0,0.0,0.0
2018-08-06,10600,12.67,0.0,0.0,0.0
2018-08-07,11100,12.94,0.0,0.0,0.0
2018-08-08,11100,12.94,0.0,0.0,0.0
2018-08-09,11000,12.88,0.0,0.0,0.0
2018-08-10,11100,12.95,0.0,0.0,0.0
2018-08-11,10200,12.5,0.0,0.0,0.0
2018-08-12,9590,12.16,0.0,0.0,0.0
2018-08-13,9450,12.08,0.0,0.0,0.0
2018-08-14,9900,12.32,0.0,0.0,0.0
2018-08-15,9500,12.11,0.0,0.0,0.0
2018-08-16,9840,12.28,0.0,0.0,0.0
2018-08-17,7970,11.24,0.0,0.0,0.0
2018-08-18,7590,11.02,0.0,0.0,0.0
2018-08-19,7490,10.96,0.0,0.0,0.0
2018-08-20,7460,10.94,0.0,0.0,0.0
2018-08-21,8400,11.49,0.0,0.0,0.0
2018-08-22,8350,11.47,0.0,0.0,0.0
2018-08-23,8150,11.35,0.0,0.0,0.0
2018-08-24,7510,10.97,0.0,0.0,0.0
2018-08-25,7110,10.72,0.0,0.0,0.0
2018-08-26,6940,10.61,1.0,1.0,0.0
2018-08-27,7000,10.65,1.0,1.0,0.0
2018-08-28,6950,10.62,0.0,0.0,0.0
2018-08-29,6760,10.5,0.0,0.0,0.0
2018-08-30,6720,10.47,0.0,0.0,0.0
2018-08-31,6660,10.43,0.0,0.0,0.0
2018-09-01,6570,10.37,0.0,0.0,0.0
2018-09-02,6310,10.2,0.0,0.0,0.0
2018-09-03,6190,10.12,0.0,0.0,0.0
2018-09-04,6540,10.35,0.0,0.0,0.0
2018-09-05,7680,11.07,0.0,0.0,0.0
2018-09-06,7610,11.03,0.0,0.0,0.0
2018-09-07,7850,11.18,0.0,0.0,0.0
2018-09-08,7920,11.21,0.0,0.0,0.0
2018-09-09,8020,11.28,1.0,1.0,1.0
2018-09-10,8380,11.49,1.0,1.0,1.0
2018-09-11,8970,11.82,0.0,0.0,0.0
2018-09-12,8910,11.78,0.0,0.0,0.0
2018-09-13,8680,11.66,0.0,0.0,0.0
2018-09-14,8770,11.71,0.0,0.0,0.0
2018-09-15,8680,11.66,0.0,0.0,0.0
2018-09-16,8420,11.51,0.0,0.0,0.0
2018-09-17,8930,11.8,0.0,0.0,0.0
2018-09-18,9590,12.15,0.0,0.0,0.0
2018-09-19,9870,12.3,0.0,0.0,0.0
2018-09-20,8720,11.68,2.0,2.0,1.0
2018-09-21,9770,12.26,2.0,2.0,1.0
2018-09-22,9710,12.22,2.0,2.0,1.0
2018-09-23,12200,13.48,0.0,0.0,0.0
2018-09-24,10700,12.74,0.0,0.0,0.0
2018-09-25,9320,12.01,0.0,0.0,0.0
2018-09-26,8750,11.7,0.0,0.0,0.0
2018-09-27,8430,11.51,0.0,0.0,0.0
2018-09-28,8380,11.48,0.0,0.0,0.0
2018-09-29,8260,11.42,0.0,0.0,0.0
2018-09-30,8220,11.39,1.0,1.0,0.0
2018-10-01,8500,11.56,1.0,1.0,0.0
2018-10-02,14200,14.34,0.0,0.0,0.0
2018-10-03,16200,15.19,0.0,0.0,0.0
2018-10-04,12400,13.57,0.0,0.0,0.0
2018-10-05,11100,12.95,0.0,0.0,0.0
2018-10-06,10700,12.76,0.0,0.0,0.0
2018-10-07,10400,12.59,2.0,1.0,1.0
2018-10-08,10200,12.49,2.0,1.0,1.0
2018-10-09,10500,12.64,0.0,0.0,0.0
2018-10-10,10900,12.84,0.0,0.0,0.0
2018-10-11,10400,12.61,0.0,0.0,0.0
2018-10-12,10100,12.45,0.0,0.0,0.0
2018-10-13,10100,12.42,0.0,0.0,0.0
2018-10-14,9970,12.36,0.0,0.0,0.0
2018-10-15,9750,12.24,0.0,0.0,0.0
2018-10-16,9740,12.24,0.0,0.0,0.0
2018-10-17,9700,12.22,0.0,0.0,0.0
2018-10-18,9040,11.85,0.0,0.0,0.0
2018-10-19,8550,11.58,0.0,0.0,0.0
2018-10-20,8620,11.63,0.0,0.0,0.0
2018-10-21,8890,11.78,0.0,0.0,0.0
2018-10-22,8870,11.76,0.0,0.0,0.0
2018-10-23,8660,11.65,0.0,0.0,0.0
2018-10-24,8650,11.64,0.0,0.0,0.0
2018-10-25,8060,11.3,2.0,2.0,0.0
2018-10-26,8860,11.74,2.0,2.0,1.0
2018-10-27,12400,13.56,1.0,1.0,1.0
2018-10-28,13400,13.96,1.0,1.0,1.0
2018-10-29,17400,15.67,0.0,0.0,0.0
2018-10-30,15000,14.71,0.0,0.0,0.0
2018-10-31,14200,14.36,4.0,4.0,4.0
2018-11-01,21400,17.05,4.0,4.0,4.0
2018-11-02,44400,23.58,4.0,4.0,4.0
2018-11-03,39000,22.25,3.0,3.0,3.0
2018-11-04,38500,22.13,3.0,3.0,3.0
2018-11-05,38000,22.04,0.0,0.0,0.0
2018-11-06,33700,20.92,0.0,0.0,0.0
2018-11-07,26600,18.84,0.0,0.0,0.0
2018-11-08,20800,16.93,0.0,0.0,0.0
2018-11-09,18000,15.93,0.0,0.0,0.0
2018-11-10,16500,15.35,0.0,0.0,0.0
2018-11-11,15300,14.86,0.0,0.0,0.0
2018-11-12,14500,14.52,0.0,0.0,0.0
2018-11-13,14000,14.28,0.0,0.0,1.0
2018-11-14,13900,14.24,0.0,0.0,1.0
2018-11-15,14400,14.47,0.0,0.0,0.0
2018-11-16,14200,14.37,0.0,0.0,0.0
2018-11-17,14000,14.3,0.0,0.0,0.0
2018-11-18,13500,14.05,0.0,0.0,0.0
2018-11-19,13000,13.84,0.0,0.0,0.0
2018-11-20,12500,13.62,0.0,0.0,0.0
2018-11-21,10700,12.74,1.0,1.0,0.0
2018-11-22,11100,12.91,0.0,0.0,0.0
2018-11-23,12400,13.56,0.0,0.0,0.0
2018-11-24,12900,13.81,0.0,0.0,0.0
2018-11-25,11900,13.32,3.0,3.0,3.0
2018-11-26,14500,14.49,3.0,3.0,3.0
2018-11-27,47300,24.14,3.0,3.0,3.0
2018-11-28,43700,23.42,0.0,0.0,0.0
2018-11-29,30300,19.95,0.0,0.0,0.0
2018-11-30,22500,17.52,0.0,0.0,0.0
2018-12-01,19300,16.41,0.0,0.0,0.0
2018-12-02,17400,15.69,0.0,0.0,0.0
2018-12-03,16000,15.15,0.0,0.0,0.0
2018-12-04,15100,14.76,0.0,0.0,0.0
2018-12-05,14500,14.49,0.0,0.0,0.0
2018-12-06,14000,14.27,0.0,0.0,0.0
2018-12-07,13500,14.08,0.0,0.0,0.0
2018-12-08,13200,13.95,0.0,0.0,0.0
2018-12-09,13100,13.88,1.0,1.0,1.0
2018-12-10,13800,14.21,0.0,0.0,0.0
2018-12-11,15300,14.84,1.0,1.0,1.0
2018-12-12,21900,17.31,3.0,3.0,3.0
2018-12-13,21100,17.06,3.0,3.0,3.0
2018-12-14,22600,17.58,3.0,3.0,3.0
2018-12-15,19700,16.54,3.0,3.0,3.0
2018-12-16,18300,16.02,2.0,2.0,2.0
2018-12-17,21800,17.3,2.0,2.0,2.0
2018-12-18,26000,18.64,1.0,1.0,1.0
2018-12-19,33200,20.78,0.0,0.0,0.0
2018-12-20,27600,19.18,2.0,2.0,2.0
2018-12-21,30200,19.93,0.0,0.0,2.0
2018-12-22,20900,,0.0,0.0,0.0
2018-12-23,21000,,0.0,0.0,0.0
2018-12-24,19400,,0.0,0.0,0.0
2018-12-25,17600,15.76,0.0,0.0,0.0
2018-12-26,16400,15.3,0.0,0.0,0.0
2018-12-27,13600,,0.0,0.0,0.0
2018-12-28,13000,,2.0,2.0,2.0
2018-12-29,16100,,2.0,2.0,2.0
2018-12-30,22000,,2.0,0.0,0.0
2018-12-31,17600,,0.0,0.0,0.0
2019-01-01,16200,,0.0,0.0,0.0
2019-01-02,15500,,2.0,2.0,2.0
2019-01-03,17800,,2.0,2.0,2.0
2019-01-04,35800,21.47,2.0,2.0,2.0
2019-01-05,32200,20.49,0.0,0.0,0.0
2019-01-06,23100,17.73,0.0,0.0,0.0
2019-01-07,21300,17.09,0.0,0.0,0.0
2019-01-08,20900,16.97,2.0,2.0,1.0
2019-01-09,19200,16.36,2.0,2.0,1.0
2019-01-10,23400,17.85,2.0,2.0,1.0
2019-01-11,22900,17.66,0.0,0.0,0.0
2019-01-12,19300,16.42,0.0,0.0,0.0
2019-01-13,17500,15.72,0.0,0.0,0.0
2019-01-14,18400,16.08,0.0,0.0,0.0
2019-01-15,19300,16.39,0.0,0.0,0.0
2019-01-16,18600,16.14,0.0,0.0,0.0
2019-01-17,18000,15.92,1.0,0.0,0.0
2019-01-18,17100,15.56,1.0,1.0,0.0
2019-01-19,16700,15.4,1.0,1.0,0.0
2019-01-20,17700,15.79,0.0,0.0,0.0
2019-01-21,16600,15.36,0.0,0.0,0.0
2019-01-22,16900,15.51,1.0,1.0,0.0
2019-01-23,19000,16.29,1.0,1.0,0.0
2019-01-24,19900,16.63,0.0,0.0,0.0
2019-01-25,19300,16.41,0.0,0.0,0.0
2019-01-26,17200,15.6,0.0,0.0,0.0
2019-01-27,15200,14.8,0.0,0.0,0.0
2019-01-28,14600,14.57,0.0,0.0,0.0
2019-01-29,14400,14.44,0.0,0.0,0.0
2019-01-30,15200,14.8,0.0,0.0,0.0
2019-01-31,13900,14.25,0.0,1.0,1.0
2019-02-01,14000,14.28,1.0,1.0,1.0
2019-02-02,17600,15.74,1.0,0.0,0.0
2019-02-03,16200,15.22,0.0,0.0,0.0
2019-02-04,14700,14.58,0.0,0.0,0.0
2019-02-05,14900,14.69,0.0,0.0,0.0
2019-02-06,14300,14.43,0.0,0.0,0.0
2019-02-07,14000,14.28,0.0,0.0,0.0
2019-02-08,13900,14.25,0.0,0.0,0.0
2019-02-09,13200,13.94,0.0,0.0,0.0
2019-02-10,12500,13.6,0.0,0.0,0.0
2019-02-11,13700,14.14,0.0,0.0,0.0
2019-02-12,12800,13.75,0.0,0.0,0.0
2019-02-13,12300,13.51,0.0,0.0,0.0
2019-02-14,12700,13.71,0.0,0.0,0.0
2019-02-15,12100,13.42,0.0,0.0,0.0
2019-02-16,11900,13.35,0.0,0.0,0.0
2019-02-17,11800,13.27,0.0,0.0,0.0
2019-02-18,11700,13.22,0.0,0.0,0.0
2019-02-19,11300,13.06,0.0,0.0,0.0
2019-02-20,11100,12.94,0.0,0.0,0.0
2019-02-21,10800,12.79,0.0,0.0,0.0
2019-02-22,10400,12.61,0.0,0.0,0.0
2019-02-23,10200,12.46,0.0,0.0,0.0
2019-02-24,10200,12.49,0.0,0.0,0.0
2019-02-25,10100,12.42,0.0,0.0,0.0
2019-02-26,10000,12.4,0.0,0.0,0.0
2019-02-27,9900,12.33,0.0,0.0,0.0
2019-02-28,9870,12.31,0.0,0.0,0.0
2019-03-01,9720,12.23,0.0,0.0,0.0
2019-03-02,9850,12.29,0.0,0.0,0.0
2019-03-03,9650,12.19,0.0,0.0,0.0
2019-03-04,9450,12.08,0.0,0.0,0.0
2019-03-05,9530,12.13,0.0,0.0,0.0
2019-03-06,9640,12.19,0.0,0.0,0.0
2019-03-07,9400,12.06,0.0,0.0,0.0
2019-03-08,9230,11.96,0.0,0.0,0.0
2019-03-09,9140,11.91,0.0,0.0,0.0
2019-03-10,9150,11.92,0.0,0.0,0.0
2019-03-11,9100,11.89,0.0,0.0,0.0
2019-03-12,9660,12.19,0.0,0.0,0.0
2019-03-13,9480,12.1,0.0,0.0,0.0
2019-03-14,9470,12.09,0.0,0.0,0.0
2019-03-15,9270,11.99,0.0,0.0,0.0
2019-03-16,9420,12.07,0.0,0.0,0.0
2019-03-17,9540,12.13,0.0,0.0,0.0
2019-03-18,9830,12.29,0.0,0.0,0.0
2019-03-19,10600,12.67,0.0,0.0,0.0
2019-03-20,11300,13.04,0.0,0.0,0.0
2019-03-21,12100,13.43,0.0,0.0,0.0
2019-03-22,12200,13.49,0.0,0.0,0.0
2019-03-23,11900,13.31,0.0,0.0,0.0
2019-03-24,11700,13.23,0.0,0.0,0.0
2019-03-25,11400,13.07,0.0,0.0,0.0
2019-03-26,11600,13.19,0.0,0.0,0.0
2019-03-27,11700,13.22,0.0,0.0,0.0
2019-03-28,11000,12.88,0.0,0.0,0.0
2019-03-29,10800,12.79,0.0,0.0,0.0
2019-03-30,10600,12.68,0.0,0.0,0.0
2019-03-31,10700,12.76,0.0,0.0,0.0
2019-04-01,10700,12.72,0.0,0.0,0.0
2019-04-02,11000,12.87,0.0,0.0,0.0
2019-04-03,11100,12.94,0.0,0.0,0.0
2019-04-04,11900,13.35,0.0,0.0,0.0
2019-04-05,12100,13.42,0.0,0.0,0.0
2019-04-06,12400,13.56,0.0,0.0,0.0
2019-04-07,12100,13.4,0.0,0.0,0.0
2019-04-08,11700,13.25,0.0,0.0,0.0
2019-04-09,12300,13.53,0.0,0.0,0.0
2019-04-10,12600,13.67,0.0,0.0,0.0
2019-04-11,13100,13.9,0.0,0.0,0.0
2019-04-12,13700,14.14,0.0,0.0,0.0
2019-04-13,13600,14.09,0.0,0.0,0.0
2019-04-14,14400,14.42,0.0,0.0,0.0
2019-04-15,13800,14.17,0.0,0.0,0.0
2019-04-16,13000,13.85,0.0,0.0,0.0
2019-04-17,12900,13.79,0.0,0.0,0.0
2019-04-18,13500,14.04,2.0,2.0,1.0
2019-04-19,23700,17.54,2.0,2.0,1.0
2019-04-20,37000,21.45,0.0,0.0,0.0
2019-04-21,24800,18.1,0.0,0.0,0.0
2019-04-22,19300,16.31,0.0,1.0,0.0
2019-04-23,17100,15.49,0.0,1.0,0.0
2019-04-24,16900,15.44,0.0,0.0,0.0
2019-04-25,15800,15.0,0.0,0.0,0.0
2019-04-26,14900,14.65,0.0,0.0,0.0
2019-04-27,14400,14.42,0.0,0.0,0.0
2019-04-28,13700,14.14,0.0,0.0,0.0
2019-04-29,13000,13.84,0.0,0.0,0.0
2019-04-30,12500,13.64,0.0,0.0,0.0
2019-05-01,12200,13.46,0.0,0.0,0.0
2019-05-02,11900,13.35,0.0,0.0,0.0
2019-05-03,11700,13.25,0.0,0.0,0.0
2019-05-04,11500,13.18,0.0,0.0,0.0
2019-05-05,11700,13.23,0.0,0.0,0.0
2019-05-06,12300,13.52,0.0,0.0,0.0
2019-05-07,13700,14.12,0.0,0.0,0.0
2019-05-08,15000,14.7,0.0,0.0,0.0
2019-05-09,16100,15.1,0.0,0.0,0.0
2019-05-10,16800,15.39,0.0,0.0,0.0
2019-05-11,18200,15.91,0.0,0.0,0.0
2019-05-12,20900,16.85,0.0,0.0,0.0
2019-05-13,18900,16.14,0.0,0.0,0.0
2019-05-14,16700,15.34,0.0,0.0,0.0
2019-05-15,16000,15.06,0.0,0.0,0.0
2019-05-16,15800,15.01,0.0,0.0,0.0
2019-05-17,19300,16.27,0.0,0.0,0.0
2019-05-18,21700,17.12,0.0,0.0,0.0
2019-05-19,16900,15.41,0.0,0.0,0.0
2019-05-20,15900,15.03,0.0,0.0,0.0
2019-05-21,16500,15.25,0.0,0.0,0.0
2019-05-22,15300,14.81,0.0,0.0,0.0
2019-05-23,14900,14.64,0.0,0.0,0.0
2019-05-24,15900,15.05,0.0,0.0,0.0
2019-05-25,17100,15.5,0.0,0.0,0.0
2019-05-26,16200,15.14,0.0,0.0,0.0
2019-05-27,15500,14.88,0.0,0.0,0.0
2019-05-28,16100,15.1,0.0,0.0,0.0
2019-05-29,17000,15.46,0.0,0.0,0.0
2019-05-30,17000,15.47,0.0,0.0,0.0
2019-05-31,18200,15.89,0.0,0.0,0.0
2019-06-01,19500,16.38,0.0,0.0,0.0
2019-06-02,17700,15.74,0.0,0.0,0.0
2019-06-03,17200,15.54,0.0,0.0,0.0
2019-06-04,16000,15.08,0.0,0.0,0.0
2019-06-05,14800,14.58,0.0,0.0,0.0
2019-06-06,14700,14.54,0.0,0.0,0.0
2019-06-07,13500,14.06,0.0,0.0,0.0
2019-06-08,13000,13.82,0.0,0.0,0.0
2019-06-09,12000,13.37,0.0,0.0,0.0
2019-06-10,11800,13.28,0.0,0.0,0.0
2019-06-11,12500,13.61,0.0,0.0,0.0
2019-06-12,14100,14.31,0.0,0.0,0.0
2019-06-13,16000,15.1,0.0,0.0,0.0
2019-06-14,15200,14.75,0.0,0.0,0.0
2019-06-15,13700,14.12,0.0,0.0,0.0
2019-06-16,13000,13.82,0.0,0.0,0.0
2019-06-17,12900,13.79,0.0,0.0,0.0
2019-06-18,12600,13.66,0.0,0.0,0.0
2019-06-19,12500,13.63,0.0,0.0,0.0
2019-06-20,11500,13.16,0.0,0.0,0.0
2019-06-21,10700,12.79,0.0,0.0,0.0
2019-06-22,10600,12.72,0.0,0.0,0.0
2019-06-23,10300,12.6,0.0,0.0,0.0
2019-06-24,10300,12.59,0.0,0.0,0.0
2019-06-25,10000,12.45,0.0,0.0,0.0
2019-06-26,10200,12.51,0.0,0.0,0.0
2019-06-27,11200,13.02,0.0,0.0,0.0
2019-06-28,13300,13.95,0.0,0.0,0.0
2019-06-29,11000,12.92,0.0,0.0,0.0
2019-06-30,10200,12.54,0.0,0.0,0.0
2019-07-01,10700,12.75,0.0,0.0,0.0
2019-07-02,11800,13.3,0.0,0.0,0.0
2019-07-03,10500,12.66,0.0,0.0,0.0
2019-07-04,9960,12.4,0.0,0.0,0.0
2019-07-05,9780,12.31,0.0,0.0,0.0
2019-07-06,9340,12.08,0.0,0.0,0.0
2019-07-07,9140,11.98,0.0,0.0,0.0
2019-07-08,9060,11.94,0.0,0.0,0.0
2019-07-09,9570,12.2,1.0,1.0,1.0
2019-07-10,9930,12.39,1.0,1.0,1.0
2019-07-11,10300,12.55,0.0,0.0,0.0
2019-07-12,9830,12.34,0.0,0.0,0.0
2019-07-13,9240,12.03,0.0,0.0,0.0
2019-07-14,9040,11.93,0.0,0.0,0.0
2019-07-15,8850,11.82,0.0,0.0,0.0
2019-07-16,8560,11.67,0.0,0.0,0.0
2019-07-17,8510,11.64,0.0,1.0,1.0
2019-07-18,11300,,0.0,1.0,1.0
2019-07-19,11500,,0.0,0.0,0.0
2019-07-20,9800,12.32,0.0,0.0,0.0
2019-07-21,8840,11.82,0.0,0.0,0.0
2019-07-22,8540,11.66,0.0,0.0,0.0
2019-07-23,8620,11.7,0.0,0.0,0.0
2019-07-24,8700,11.74,0.0,0.0,0.0
2019-07-25,10000,12.43,0.0,0.0,0.0
2019-07-26,10500,12.68,0.0,0.0,0.0
2019-07-27,8710,11.75,0.0,0.0,0.0
2019-07-28,8750,11.76,0.0,0.0,0.0
2019-07-29,9720,12.28,0.0,0.0,0.0
2019-07-30,10800,12.83,0.0,0.0,0.0
2019-07-31,10700,12.79,0.0,0.0,0.0
2019-08-01,9980,12.41,2.0,3.0,2.0
2019-08-02,9240,12.03,2.0,3.0,2.0
2019-08-03,7990,11.35,0.0,0.0,0.0
2019-08-04,7550,11.09,0.0,0.0,0.0
2019-08-05,7480,11.05,0.0,0.0,0.0
2019-08-06,8510,11.63,0.0,0.0,0.0
2019-08-07,8580,11.67,0.0,0.0,0.0
2019-08-08,8400,11.57,0.0,0.0,0.0
2019-08-09,8350,11.54,0.0,0.0,0.0
2019-08-10,8220,11.47,0.0,0.0,0.0
2019-08-11,8390,11.57,0.0,0.0,0.0
2019-08-12,7260,10.92,0.0,0.0,0.0
2019-08-13,7180,10.87,0.0,0.0,0.0
2019-08-14,7000,10.76,0.0,0.0,0.0
2019-08-15,6870,10.68,0.0,0.0,0.0
2019-08-16,6770,10.62,0.0,0.0,0.0
2019-08-17,6720,10.58,0.0,0.0,0.0
2019-08-18,6660,10.55,0.0,0.0,0.0
2019-08-19,6600,10.51,0.0,0.0,0.0
2019-08-20,6580,10.5,1.0,1.0,1.0
2019-08-21,6610,10.52,1.0,1.0,1.0
2019-08-22,6810,10.64,0.0,0.0,0.0
2019-08-23,6780,10.62,0.0,0.0,0.0
2019-08-24,6540,10.47,0.0,0.0,0.0
2019-08-25,6430,10.4,0.0,0.0,0.0
2019-08-26,6430,10.4,0.0,0.0,0.0
2019-08-27,6330,10.34,0.0,0.0,0.0
2019-08-28,6330,10.34,0.0,0.0,0.0
2019-08-29,6380,10.37,0.0,0.0,0.0
2019-08-30,6390,10.38,0.0,0.0,0.0
2019-08-31,6440,10.41,0.0,0.0,0.0
2019-09-01,6480,10.43,0.0,0.0,0.0
2019-09-02,7060,10.79,0.0,0.0,0.0
2019-09-03,6980,10.74,0.0,0.0,0.0
2019-09-04,6990,10.75,0.0,0.0,0.0
2019-09-05,6960,10.74,0.0,0.0,0.0
2019-09-06,6900,10.7,0.0,0.0,0.0
2019-09-07,6960,10.73,0.0,0.0,0.0
2019-09-08,7180,10.87,0.0,0.0,0.0
2019-09-09,7660,11.15,0.0,0.0,0.0
2019-09-10,7530,11.08,0.0,0.0,0.0
2019-09-11,7250,10.91,0.0,0.0,0.0
2019-09-12,7070,10.8,1.0,1.0,1.0
2019-09-13,7450,11.03,3.0,3.0,2.0
2019-09-14,8750,11.77,3.0,3.0,2.0
2019-09-15,11000,12.9,3.0,3.0,2.0
2019-09-16,13300,13.94,0.0,0.0,0.0
2019-09-17,10900,12.88,1.0,1.0,0.0
2019-09-18,10900,12.86,0.0,0.0,0.0
2019-09-19,10600,12.74,0.0,0.0,0.0
2019-09-20,9870,12.36,0.0,0.0,0.0
2019-09-21,9560,12.2,0.0,0.0,0.0
2019-09-22,9390,12.11,0.0,0.0,0.0
2019-09-23,10300,12.57,4.0,2.0,2.0
2019-09-24,11400,13.12,4.0,2.0,2.0
2019-09-25,10900,12.87,4.0,3.0,4.0
2019-09-26,11300,13.03,4.0,3.0,4.0
2019-09-27,13600,14.08,0.0,0.0,0.0
2019-09-28,11600,13.21,0.0,0.0,0.0
2019-09-29,10700,12.78,0.0,0.0,0.0
2019-09-30,10100,12.5,0.0,0.0,0.0
2019-10-01,9720,12.29,0.0,0.0,0.0
2019-10-02,9470,12.16,0.0,0.0,0.0
2019-10-03,9200,12.01,0.0,0.0,0.0
2019-10-04,9170,11.99,0.0,0.0,0.0
2019-10-05,9620,12.23,0.0,0.0,0.0
2019-10-06,9630,12.24,0.0,0.0,0.0
2019-10-07,9720,12.28,2.0,2.0,2.0
2019-10-08,18000,15.74,2.0,2.0,2.0
2019-10-09,15000,14.68,0.0,0.0,0.0
2019-10-10,12100,13.43,0.0,0.0,0.0
2019-10-11,11000,12.94,0.0,0.0,0.0
2019-10-12,10500,12.68,0.0,0.0,0.0
2019-10-13,10100,12.5,0.0,0.0,0.0
2019-10-14,9910,12.38,0.0,0.0,0.0
2019-10-15,9690,12.27,2.0,2.0,2.0
2019-10-16,9550,12.2,2.0,2.0,2.0
2019-10-17,10400,12.6,2.0,2.0,2.0
2019-10-18,15900,15.0,0.0,0.0,0.0
2019-10-19,17600,15.68,0.0,0.0,0.0
2019-10-20,17600,15.68,0.0,0.0,0.0
2019-10-21,17800,15.76,2.0,2.0,2.0
2019-10-22,38700,21.78,2.0,2.0,2.0
2019-10-23,31400,19.96,0.0,0.0,0.0
2019-10-24,20400,16.66,0.0,0.0,0.0
2019-10-25,16500,15.28,0.0,0.0,1.0
2019-10-26,16600,15.31,0.0,0.0,0.0
2019-10-27,13500,14.04,0.0,0.0,0.0
2019-10-28,12600,13.65,0.0,0.0,0.0
2019-10-29,12300,13.5,0.0,0.0,0.0
2019-10-30,12400,13.57,0.0,0.0,0.0
2019-10-31,12000,13.38,0.0,0.0,0.0
2019-11-01,11600,13.2,0.0,0.0,0.0
2019-11-02,11200,13.01,0.0,0.0,0.0
2019-11-03,9600,12.21,0.0,0.0,0.0
2019-11-04,9440,12.13,0.0,0.0,0.0
2019-11-05,9210,12.01,0.0,0.0,0.0
2019-11-06,8390,11.57,0.0,0.0,0.0
2019-11-07,8230,11.48,0.0,0.0,0.0
2019-11-08,8050,11.38,0.0,0.0,0.0
2019-11-09,7960,11.33,0.0,0.0,0.0
2019-11-10,7910,11.3,0.0,0.0,0.0
2019-11-11,7890,11.29,0.0,0.0,0.0
2019-11-12,7820,11.25,0.0,0.0,0.0
2019-11-13,7880,11.28,0.0,0.0,0.0
2019-11-14,7780,11.23,0.0,0.0,0.0
2019-11-15,7760,11.21,0.0,0.0,0.0
2019-11-16,8680,11.73,2.0,2.0,2.0
2019-11-17,11700,13.12,2.0,2.0,2.0
2019-11-18,19700,16.42,0.0,0.0,0.0
2019-11-19,15400,14.86,0.0,0.0,0.0
2019-11-20,14400,14.43,0.0,0.0,0.0
2019-11-21,12100,13.43,0.0,0.0,0.0
2019-11-22,10900,12.86,0.0,0.0,0.0
2019-11-23,10200,12.51,0.0,1.0,1.0
2019-11-24,10400,12.62,0.0,1.0,1.0
2019-11-25,11000,12.91,0.0,0.0,0.0
2019-11-26,10500,12.65,0.0,0.0,0.0
2019-11-27,9850,12.35,0.0,0.0,0.0
2019-11-28,9390,12.11,0.0,0.0,0.0
2019-11-29,9030,11.92,0.0,0.0,0.0
2019-11-30,8980,11.89,0.0,0.0,0.0
2019-12-01,8850,11.82,0.0,0.0,0.0
2019-12-02,8570,11.67,0.0,0.0,0.0
2019-12-03,8760,11.77,0.0,0.0,0.0
2019-12-04,10200,12.52,0.0,0.0,0.0
2019-12-05,12000,13.4,0.0,0.0,0.0
2019-12-06,11000,12.93,0.0,0.0,0.0
2019-12-07,10200,12.54,0.0,0.0,0.0
2019-12-08,10700,12.78,0.0,0.0,0.0
2019-12-09,10800,12.81,0.0,0.0,0.0
2019-12-10,10300,12.56,0.0,0.0,0.0
2019-12-11,10000,12.44,0.0,0.0,0.0
2019-12-12,11000,12.89,0.0,0.0,0.0
2019-12-13,13700,14.13,0.0,0.0,0.0
2019-12-14,12600,13.64,0.0,0.0,0.0
2019-12-15,11300,13.06,0.0,0.0,0.0
2019-12-16,10500,12.66,0.0,0.0,0.0
2019-12-17,10300,12.59,0.0,0.0,0.0
2019-12-18,11600,13.18,0.0,0.0,0.0
2019-12-19,11600,13.19,2.0,2.0,0.0
2019-12-20,21000,16.64,2.0,2.0,0.0
2019-12-21,45200,23.65,0.0,0.0,0.0
2019-12-22,31800,20.21,0.0,0.0,0.0
2019-12-23,22100,17.3,0.0,0.0,0.0
2019-12-24,17200,15.58,0.0,0.0,0.0
2019-12-25,15100,14.75,0.0,0.0,0.0
2019-12-26,14400,14.48,0.0,0.0,0.0
2019-12-27,12300,13.58,0.0,0.0,0.0
2019-12-28,12100,13.49,0.0,0.0,0.0
2019-12-29,11300,13.12,0.0,0.0,0.0
2019-12-30,11400,13.17,0.0,0.0,2.0
2019-12-31,12500,13.65,2.0,2.0,2.0
2020-01-01,23100,17.59,2.0,2.0,2.0
2020-01-02,27100,18.89,2.0,2.0,2.0
2020-01-03,21800,17.21,2.0,2.0,2.0
2020-01-04,22600,17.47,2.0,2.0,2.0
2020-01-05,20400,16.75,0.0,0.0,0.0
2020-01-06,19900,16.55,1.0,1.0,1.0
2020-01-07,37700,21.75,1.0,1.0,1.0
2020-01-08,44800,23.53,0.0,0.0,0.0
2020-01-09,30000,19.7,0.0,0.0,0.0
2020-01-10,25000,18.26,0.0,0.0,0.0
2020-01-11,19800,16.53,0.0,0.0,0.0
2020-01-12,18400,16.03,0.0,0.0,0.0
2020-01-13,18000,15.85,0.0,0.0,0.0
2020-01-14,17700,15.76,0.0,0.0,0.0
2020-01-15,17300,15.62,0.0,0.0,0.0
2020-01-16,16200,15.2,0.0,0.0,0.0
2020-01-17,14000,14.31,0.0,0.0,0.0
2020-01-18,13500,14.11,0.0,1.0,0.0
2020-01-19,12100,13.48,1.0,1.0,0.0
2020-01-20,13700,14.18,1.0,1.0,0.0
2020-01-21,13000,13.91,1.0,0.0,0.0
2020-01-22,15600,14.96,2.0,2.0,0.0
2020-01-23,25300,18.23,2.0,2.0,2.0
2020-01-24,44700,23.52,2.0,2.0,2.0
2020-01-25,39100,22.15,0.0,0.0,0.0
2020-01-26,30600,19.91,0.0,0.0,0.0
2020-01-27,26400,18.66,0.0,0.0,0.0
2020-01-28,24600,18.12,0.0,0.0,0.0
2020-01-29,26400,18.69,1.0,1.0,1.0
2020-01-30,26900,18.82,3.0,3.0,3.0
2020-01-31,29000,19.44,3.0,3.0,3.0
2020-02-01,56400,26.01,3.0,3.0,3.0
2020-02-02,67700,28.35,0.0,0.0,0.0
2020-02-03,43600,23.24,0.0,0.0,0.0
2020-02-04,32100,20.33,3.0,3.0,3.0
2020-02-05,28700,19.36,3.0,3.0,3.0
2020-02-06,31000,20.03,3.0,3.0,3.0
2020-02-07,32600,20.48,3.0,3.0,3.0
2020-02-08,33900,20.83,0.0,0.0,0.0
2020-02-09,28000,19.17,0.0,0.0,0.0
2020-02-10,25800,18.51,0.0,0.0,0.0
2020-02-11,22000,17.29,0.0,0.0,0.0
2020-02-12,21000,16.94,0.0,0.0,0.0
2020-02-13,22100,17.32,0.0,0.0,0.0
2020-02-14,19000,16.24,0.0,0.0,0.0
2020-02-15,16900,15.47,0.0,0.0,0.0
2020-02-16,16600,15.36,0.0,0.0,0.0
2020-02-17,17100,15.53,0.0,0.0,0.0
2020-02-18,17500,15.7,0.0,0.0,0.0
2020-02-19,16900,15.47,0.0,0.0,0.0
2020-02-20,15600,14.96,0.0,0.0,0.0
2020-02-21,15700,15.02,0.0,0.0,0.0
2020-02-22,14700,14.61,0.0,0.0,0.0
2020-02-23,14100,14.37,0.0,0.0,0.0
2020-02-24,15300,14.84,0.0,0.0,0.0
2020-02-25,14600,14.58,0.0,0.0,0.0
2020-02-26,16700,15.41,0.0,0.0,0.0
2020-02-27,16700,15.38,0.0,0.0,0.0
2020-02-28,14700,14.59,0.0,0.0,0.0
2020-02-29,14300,14.43,0.0,0.0,0.0
2020-03-01,14200,14.41,0.0,0.0,0.0
2020-03-02,13800,14.24,1.0,1.0,1.0
2020-03-03,15400,14.88,1.0,1.0,1.0
2020-03-04,16300,15.23,0.0,0.0,0.0
2020-03-05,15500,14.95,0.0,0.0,0.0
2020-03-06,15900,15.07,0.0,0.0,0.0
2020-03-07,15500,14.94,0.0,0.0,0.0
2020-03-08,14900,14.7,0.0,0.0,0.0
2020-03-09,14300,14.44,0.0,0.0,0.0
2020-03-10,13800,14.22,0.0,0.0,0.0
2020-03-11,13600,14.14,0.0,0.0,0.0
2020-03-12,13300,14.01,0.0,0.0,0.0
2020-03-13,12900,13.86,0.0,0.0,0.0
2020-03-14,12600,13.73,0.0,0.0,0.0
2020-03-15,11800,13.34,0.0,0.0,0.0
2020-03-16,10800,12.91,0.0,0.0,0.0
2020-03-17,10700,12.86,0.0,0.0,0.0
2020-03-18,10600,12.8,0.0,0.0,0.0
2020-03-19,10500,12.75,0.0,0.0,0.0
2020-03-20,10200,12.63,0.0,0.0,0.0
2020-03-21,10100,12.57,0.0,0.0,0.0
2020-03-22,10300,12.64,0.0,0.0,0.0
2020-03-23,10400,12.68,0.0,0.0,0.0
2020-03-24,10400,12.72,0.0,0.0,0.0
2020-03-25,10300,12.65,0.0,0.0,0.0
2020-03-26,10100,12.58,0.0,0.0,0.0
2020-03-27,9970,12.5,0.0,0.0,0.0
2020-03-28,10100,12.55,0.0,0.0,0.0
2020-03-29,12500,13.68,0.0,0.0,0.0
2020-03-30,14200,14.4,0.0,0.0,0.0
2020-03-31,13700,14.18,0.0,0.0,0.0
2020-04-01,12600,13.7,0.0,0.0,0.0
2020-04-02,11400,13.19,0.0,0.0,0.0
2020-04-03,10900,12.96,0.0,0.0,0.0
2020-04-04,10600,12.82,0.0,0.0,0.0
2020-04-05,10300,12.66,0.0,0.0,0.0
2020-04-06,10100,12.54,0.0,0.0,0.0
2020-04-07,9900,12.46,0.0,0.0,0.0
2020-04-08,9810,12.42,0.0,0.0,0.0
2020-04-09,9860,12.44,0.0,0.0,0.0
2020-04-10,10400,12.69,0.0,0.0,0.0
2020-04-11,11100,13.04,0.0,0.0,0.0
2020-04-12,11300,13.14,0.0,0.0,0.0
2020-04-13,10900,12.96,0.0,0.0,0.0
2020-04-14,10600,12.81,0.0,0.0,0.0
2020-04-15,10600,12.8,0.0,0.0,0.0
2020-04-16,10900,12.93,0.0,0.0,0.0
2020-04-17,11000,13.0,0.0,0.0,0.0
2020-04-18,11400,13.17,0.0,0.0,0.0
2020-04-19,12000,13.47,0.0,0.0,0.0
2020-04-20,12500,13.69,0.0,0.0,0.0
2020-04-21,13100,13.94,0.0,0.0,0.0
2020-04-22,13800,14.23,0.0,0.0,0.0
2020-04-23,15300,14.86,0.0,0.0,0.0
2020-04-24,15500,14.93,0.0,0.0,0.0
2020-04-25,15000,14.71,0.0,0.0,0.0
2020-04-26,16300,15.25,0.0,0.0,0.0
2020-04-27,16900,15.47,0.0,0.0,0.0
2020-04-28,18800,16.17,0.0,0.0,0.0
2020-04-29,16700,15.38,0.0,0.0,0.0
2020-04-30,19400,16.36,0.0,0.0,0.0
2020-05-01,20100,16.61,0.0,0.0,0.0
2020-05-02,17000,15.5,0.0,0.0,0.0
2020-05-03,19100,16.29,0.0,0.0,0.0
2020-05-04,17900,15.85,0.0,0.0,0.0
2020-05-05,15500,14.92,0.0,0.0,0.0
2020-05-06,16200,15.19,0.0,0.0,0.0
2020-05-07,16800,15.44,0.0,0.0,0.0
2020-05-08,15500,14.92,0.0,0.0,0.0
2020-05-09,16400,15.27,0.0,0.0,0.0
2020-05-10,19700,16.47,0.0,0.0,0.0
2020-05-11,22900,17.57,0.0,0.0,0.0
2020-05-12,24300,18.04,0.0,0.0,0.0
2020-05-13,24700,18.17,0.0,0.0,0.0
2020-05-14,23000,17.62,0.0,0.0,0.0
2020-05-15,19700,16.51,0.0,0.0,0.0
2020-05-16,18300,16.0,1.0,0.0,0.0
2020-05-17,19400,16.38,1.0,0.0,0.0
2020-05-18,22300,17.38,0.0,0.0,0.0
2020-05-19,20600,16.8,0.0,0.0,0.0
2020-05-20,19900,16.56,0.0,0.0,0.0
2020-05-21,20200,16.66,0.0,0.0,0.0
2020-05-22,19900,16.57,0.0,0.0,0.0
2020-05-23,18300,16.01,0.0,0.0,0.0
2020-05-24,16400,15.29,0.0,0.0,0.0
2020-05-25,16200,15.21,0.0,0.0,0.0
2020-05-26,20800,16.87,0.0,0.0,0.0
2020-05-27,24500,18.1,0.0,0.0,0.0
2020-05-28,23100,17.64,0.0,0.0,0.0
2020-05-29,24700,18.17,0.0,0.0,0.0
2020-05-30,30800,19.95,0.0,0.0,0.0
2020-05-31,48800,24.47,0.0,0.0,0.0
2020-06-01,38300,21.94,0.0,0.0,0.0
2020-06-02,24800,18.18,0.0,0.0,0.0
2020-06-03,21300,17.04,0.0,0.0,0.0
2020-06-04,21900,17.26,0.0,0.0,0.0
2020-06-05,21600,17.15,0.0,0.0,0.0
2020-06-06,19900,16.57,0.0,0.0,0.0
2020-06-07,18900,16.2,0.0,0.0,0.0
2020-06-08,19500,16.41,0.0,0.0,0.0
2020-06-09,20500,16.76,0.0,0.0,0.0
2020-06-10,24700,18.14,0.0,0.0,0.0
2020-06-11,26300,18.66,0.0,0.0,0.0
2020-06-12,25200,18.33,0.0,0.0,0.0
2020-06-13,24700,18.15,0.0,0.0,0.0
2020-06-14,23900,17.9,0.0,0.0,0.0
2020-06-15,23200,17.69,0.0,0.0,0.0
2020-06-16,23100,17.66,0.0,0.0,0.0
2020-06-17,21600,17.14,0.0,0.0,0.0
2020-06-18,20200,16.66,0.0,0.0,0.0
2020-06-19,22700,17.51,0.0,0.0,0.0
2020-06-20,25500,18.42,0.0,0.0,0.0
2020-06-21,25300,18.36,0.0,0.0,0.0
2020-06-22,25400,18.38,0.0,2.0,2.0
2020-06-23,26500,18.73,0.0,2.0,2.0
2020-06-24,30300,19.83,0.0,2.0,2.0
2020-06-25,32600,20.47,0.0,0.0,0.0
2020-06-26,31500,20.17,1.0,1.0,1.0
2020-06-27,29500,19.61,1.0,1.0,1.0
2020-06-28,28700,19.38,0.0,0.0,0.0
2020-06-29,26400,18.68,0.0,0.0,0.0
2020-06-30,24400,18.06,0.0,0.0,0.0
2020-07-01,23600,17.81,0.0,0.0,0.0
2020-07-02,27100,18.9,0.0,0.0,0.0
2020-07-03,25800,18.5,0.0,0.0,0.0
2020-07-04,23100,17.66,0.0,0.0,0.0
2020-07-05,21600,17.16,0.0,0.0,0.0
2020-07-06,19600,16.46,0.0,0.0,0.0
2020-07-07,20100,16.65,0.0,0.0,0.0
2020-07-08,19600,16.46,0.0,0.0,0.0
2020-07-09,18600,16.1,0.0,0.0,0.0
2020-07-10,17600,15.72,0.0,0.0,0.0
2020-07-11,17300,15.63,0.0,0.0,0.0
2020-07-12,15300,14.86,0.0,0.0,0.0
2020-07-13,15700,15.0,0.0,0.0,0.0
2020-07-14,16500,15.32,0.0,0.0,0.0
2020-07-15,16500,15.31,1.0,0.0,0.0
2020-07-16,17700,15.77,1.0,0.0,0.0
2020-07-17,18100,15.92,0.0,0.0,0.0
2020-07-18,18500,16.07,0.0,0.0,0.0
2020-07-19,18100,15.91,0.0,0.0,0.0
2020-07-20,17800,15.82,0.0,0.0,0.0
2020-07-21,18900,16.23,0.0,0.0,0.0
2020-07-22,18800,16.18,0.0,0.0,0.0
2020-07-23,18200,15.97,0.0,0.0,0.0
2020-07-24,16400,15.27,0.0,0.0,0.0
2020-07-25,15200,14.82,0.0,0.0,0.0
2020-07-26,13400,14.07,0.0,0.0,0.0
2020-07-27,13400,14.08,0.0,0.0,0.0
2020-07-28,15500,14.92,0.0,0.0,0.0
2020-07-29,14500,14.54,0.0,0.0,0.0
2020-07-30,13700,14.19,0.0,0.0,0.0
2020-07-31,15000,14.74,0.0,0.0,0.0
2020-08-01,14400,14.47,0.0,0.0,0.0
2020-08-02,11900,13.4,0.0,0.0,0.0
2020-08-03,11200,13.1,0.0,0.0,0.0
2020-08-04,11800,13.34,0.0,0.0,0.0
2020-08-05,12200,13.54,0.0,0.0,0.0
2020-08-06,10900,12.93,0.0,0.0,0.0
2020-08-07,11100,13.03,0.0,0.0,0.0
2020-08-08,10600,12.79,0.0,0.0,0.0
2020-08-09,9950,12.49,0.0,0.0,0.0
2020-08-10,9860,12.44,0.0,0.0,0.0
2020-08-11,9230,12.12,0.0,0.0,0.0
2020-08-12,9020,12.01,0.0,0.0,0.0
2020-08-13,9040,12.02,0.0,0.0,0.0
2020-08-14,8740,11.87,0.0,0.0,0.0
2020-08-15,8880,11.94,0.0,0.0,0.0
2020-08-16,9030,12.02,0.0,0.0,0.0
2020-08-17,9500,12.26,0.0,0.0,0.0
2020-08-18,10300,12.63,0.0,0.0,0.0
2020-08-19,9830,12.42,3.0,3.0,3.0
2020-08-20,9600,12.31,3.0,3.0,3.0
2020-08-21,9720,12.37,3.0,3.0,3.0
2020-08-22,10200,12.62,0.0,3.0,3.0
2020-08-23,9810,12.41,0.0,0.0,0.0
2020-08-24,9050,12.03,0.0,0.0,0.0
2020-08-25,9110,12.06,0.0,0.0,0.0
2020-08-26,8050,11.49,0.0,0.0,0.0
2020-08-27,7480,11.17,0.0,0.0,0.0
2020-08-28,8000,11.47,0.0,0.0,0.0
2020-08-29,7650,11.27,0.0,0.0,0.0
2020-08-30,6940,10.86,2.0,2.0,2.0
2020-08-31,6820,10.79,2.0,2.0,2.0
2020-09-01,6810,10.78,2.0,2.0,2.0
2020-09-02,6840,10.8,0.0,1.0,1.0
2020-09-03,7000,10.9,0.0,1.0,1.0
2020-09-04,6680,10.71,0.0,0.0,0.0
2020-09-05,7110,10.96,0.0,0.0,0.0
2020-09-06,6730,10.73,0.0,0.0,0.0
2020-09-07,7020,10.91,0.0,0.0,0.0
2020-09-08,7270,11.05,0.0,0.0,0.0
2020-09-09,7890,11.4,0.0,0.0,0.0
2020-09-10,7990,11.46,0.0,0.0,0.0
2020-09-11,8030,11.48,0.0,0.0,0.0
2020-09-12,8080,11.51,0.0,0.0,0.0
2020-09-13,8000,11.46,0.0,0.0,0.0
2020-09-14,7900,11.41,3.0,1.0,0.0
2020-09-15,7720,11.31,3.0,1.0,0.0
2020-09-16,8000,11.46,3.0,1.0,0.0
2020-09-17,8630,11.81,3.0,0.0,0.0
2020-09-18,9710,12.36,0.0,0.0,0.0
2020-09-19,8920,11.95,0.0,0.0,0.0
2020-09-20,8670,11.83,0.0,0.0,0.0
2020-09-21,10100,12.54,0.0,0.0,0.0
2020-09-22,9750,12.39,3.0,3.0,0.0
2020-09-23,9990,12.49,3.0,3.0,3.0
2020-09-24,19300,15.99,3.0,3.0,3.0
2020-09-25,22100,17.0,1.0,2.0,1.0
2020-09-26,23300,17.39,0.0,0.0,0.0
2020-09-27,19100,15.92,0.0,0.0,0.0
2020-09-28,15700,14.62,0.0,0.0,0.0
2020-09-29,13900,13.88,0.0,0.0,0.0
2020-09-30,13000,13.5,0.0,0.0,0.0
2020-10-01,12300,13.2,0.0,0.0,0.0
2020-10-02,12000,13.05,0.0,0.0,0.0
2020-10-03,11900,12.98,0.0,0.0,0.0
2020-10-04,11600,12.85,0.0,0.0,0.0
2020-10-05,11500,12.82,0.0,0.0,0.0
2020-10-06,11200,12.67,0.0,0.0,0.0
2020-10-07,11300,12.73,0.0,0.0,0.0
2020-10-08,10600,12.41,0.0,0.0,0.0
2020-10-09,11100,12.65,2.0,2.0,2.0
2020-10-10,13600,13.74,2.0,2.0,2.0
2020-10-11,19800,16.18,1.0,1.0,0.0
2020-10-12,27300,18.67,1.0,1.0,0.0
2020-10-13,25400,18.09,3.0,2.0,1.0
2020-10-14,33500,20.56,3.0,2.0,1.0
2020-10-15,27000,18.61,2.0,2.0,3.0
2020-10-16,21400,16.75,2.0,2.0,3.0
2020-10-17,35700,21.15,2.0,2.0,3.0
2020-10-18,27700,18.84,2.0,2.0,3.0
2020-10-19,29400,19.34,2.0,2.0,3.0
2020-10-20,24600,17.84,2.0,2.0,3.0
2020-10-21,21000,16.6,0.0,0.0,0.0
2020-10-22,19200,15.97,0.0,0.0,0.0
2020-10-23,17800,15.42,1.0,1.0,0.0
2020-10-24,18500,15.7,1.0,1.0,0.0
2020-10-25,17300,15.22,0.0,0.0,0.0
2020-10-26,16300,14.85,0.0,0.0,0.0
2020-10-27,15800,14.63,0.0,0.0,0.0
2020-10-28,16200,14.79,0.0,0.0,0.0
2020-10-29,19800,16.17,0.0,0.0,0.0
2020-10-30,20200,16.33,1.0,1.0,1.0
2020-10-31,21300,16.72,0.0,0.0,0.0
2020-11-01,17900,15.47,0.0,0.0,0.0
2020-11-02,15300,14.46,0.0,0.0,0.0
2020-11-03,15300,14.44,4.0,4.0,3.0
2020-11-04,22400,17.04,4.0,4.0,3.0
2020-11-05,46100,23.66,4.0,4.0,3.0
2020-11-06,48400,24.29,0.0,0.0,0.0
2020-11-07,32900,20.38,0.0,0.0,0.0
2020-11-08,28200,18.98,0.0,0.0,0.0
2020-11-09,25000,17.99,0.0,0.0,0.0
2020-11-10,20300,16.36,0.0,0.0,0.0
2020-11-11,17500,15.3,0.0,0.0,0.0
2020-11-12,16500,14.93,0.0,0.0,0.0
2020-11-13,18700,15.76,0.0,0.0,0.0
2020-11-14,20400,16.39,0.0,0.0,0.0
2020-11-15,18200,15.6,0.0,0.0,0.0
2020-11-16,20000,16.25,3.0,3.0,2.0
2020-11-17,24300,17.73,3.0,3.0,2.0
2020-11-18,29200,19.31,3.0,3.0,0.0
2020-11-19,29600,19.43,0.0,0.0,0.0
2020-11-20,24700,17.87,0.0,0.0,0.0
2020-11-21,23200,17.39,0.0,0.0,0.0
2020-11-22,21100,16.65,0.0,0.0,0.0
2020-11-23,19700,16.14,0.0,0.0,0.0
2020-11-24,18300,15.61,0.0,0.0,0.0
2020-11-25,20000,16.25,0.0,0.0,0.0
2020-11-26,18800,15.81,0.0,0.0,0.0
2020-11-27,18000,15.49,0.0,0.0,1.0
2020-11-28,16700,15.01,0.0,1.0,1.0
2020-11-29,16800,15.04,0.0,0.0,0.0
2020-11-30,17300,15.24,1.0,1.0,1.0
2020-12-01,17900,15.47,0.0,0.0,0.0
2020-12-02,16600,14.96,0.0,0.0,0.0
2020-12-03,16200,14.81,0.0,0.0,0.0
2020-12-04,15900,14.69,0.0,0.0,0.0
2020-12-05,15500,14.54,0.0,0.0,0.0
2020-12-06,13600,13.74,0.0,0.0,0.0
2020-12-07,15100,14.35,2.0,3.0,3.0
2020-12-08,15700,14.59,2.0,3.0,3.0
2020-12-09,23100,17.33,0.0,0.0,0.0
2020-12-10,20700,16.48,0.0,0.0,0.0
2020-12-11,17400,15.27,0.0,0.0,0.0
2020-12-12,16400,14.88,0.0,0.0,0.0
2020-12-13,15700,14.59,0.0,0.0,0.0
2020-12-14,15900,14.68,0.0,0.0,0.0
2020-12-15,15700,14.6,0.0,0.0,0.0
2020-12-16,16900,15.06,0.0,0.0,0.0
2020-12-17,18800,15.83,0.0,0.0,0.0
2020-12-18,18200,15.58,1.0,1.0,1.0
2020-12-19,19000,15.88,1.0,1.0,1.0
2020-12-20,23000,17.31,1.0,1.0,1.0
2020-12-21,25900,18.27,1.0,0.0,0.0
2020-12-22,40000,22.3,0.0,0.0,0.0
2020-12-23,28400,19.19,0.0,0.0,0.0
2020-12-24,22600,17.39,0.0,0.0,0.0
2020-12-25,20500,16.67,0.0,0.0,0.0
2020-12-26,18600,16.01,0.0,0.0,0.0
2020-12-27,18000,15.79,0.0,0.0,0.0
2020-12-28,17000,15.4,0.0,0.0,0.0
2020-12-29,16400,15.17,0.0,0.0,0.0
2020-12-30,16000,15.03,1.0,0.0,0.0
2020-12-31,20700,16.76,1.0,0.0,0.0
2021-01-01,21300,16.97,2.0,2.0,1.0
2021-01-02,29600,19.56,2.0,2.0,1.0
2021-01-03,40800,22.58,1.0,1.0,1.0
2021-01-04,35000,21.07,1.0,1.0,0.0
2021-01-05,35000,21.07,1.0,1.0,1.0
2021-01-06,35300,21.16,1.0,1.0,1.0
2021-01-07,32300,20.34,0.0,0.0,0.0
2021-01-08,27600,18.98,0.0,0.0,0.0
2021-01-09,25000,18.2,0.0,0.0,0.0
2021-01-10,21700,17.09,0.0,0.0,0.0
2021-01-11,20200,16.6,3.0,0.0,0.0
2021-01-12,28800,19.26,3.0,3.0,1.0
2021-01-13,49000,24.49,3.0,3.0,1.0
2021-01-14,39400,22.18,0.0,0.0,0.0
2021-01-15,28800,19.35,0.0,0.0,0.0
2021-01-16,25200,18.25,0.0,0.0,0.0
2021-01-17,22300,17.31,0.0,0.0,0.0
2021-01-18,22100,17.24,0.0,0.0,0.0
2021-01-19,21200,16.95,0.0,0.0,0.0
2021-01-20,20100,16.57,0.0,0.0,0.0
2021-01-21,19700,16.43,0.0,0.0,0.0
2021-01-22,18000,15.78,0.0,0.0,0.0
2021-01-23,16800,15.33,0.0,0.0,0.0
2021-01-24,16500,15.21,0.0,0.0,0.0
2021-01-25,16600,15.26,0.0,0.0,0.0
2021-01-26,16300,15.13,0.0,0.0,0.0
2021-01-27,15600,14.88,0.0,0.0,0.0
2021-01-28,15600,14.85,0.0,0.0,0.0
2021-01-29,15500,14.81,0.0,0.0,0.0
2021-01-30,14800,14.53,0.0,0.0,0.0
2021-01-31,14800,14.56,0.0,0.0,0.0
2021-02-01,17900,15.74,0.0,0.0,0.0
2021-02-02,19800,16.43,0.0,0.0,0.0
2021-02-03,20300,16.62,0.0,0.0,0.0
2021-02-04,17300,15.53,2.0,1.0,1.0
2021-02-05,20100,16.54,2.0,1.0,1.0
2021-02-06,20600,16.71,0.0,0.0,0.0
2021-02-07,21900,17.16,0.0,0.0,0.0
2021-02-08,20400,16.65,0.0,0.0,0.0
2021-02-09,19100,16.18,0.0,0.0,0.0
2021-02-10,18100,15.84,0.0,0.0,0.0
2021-02-11,17200,15.5,0.0,0.0,0.0
2021-02-12,17400,15.58,0.0,0.0,0.0
2021-02-13,16500,15.22,0.0,0.0,0.0
2021-02-14,16800,15.34,0.0,0.0,0.0
2021-02-15,17200,15.47,0.0,0.0,0.0
2021-02-16,16600,15.25,0.0,0.0,0.0
2021-02-17,15300,14.76,0.0,0.0,0.0
2021-02-18,15500,14.81,0.0,0.0,0.0
2021-02-19,14600,14.45,0.0,0.0,0.0
2021-02-20,13700,14.08,0.0,0.0,0.0
2021-02-21,13900,14.18,2.0,2.0,2.0
2021-02-22,22300,17.2,2.0,2.0,2.0
2021-02-23,27800,19.04,0.0,0.0,0.0
2021-02-24,21200,16.92,0.0,0.0,0.0
2021-02-25,18700,16.04,0.0,0.0,0.0
2021-02-26,18300,15.91,0.0,0.0,0.0
2021-02-27,17300,15.53,0.0,0.0,0.0
2021-02-28,16300,15.15,0.0,0.0,0.0
2021-03-01,15700,14.91,0.0,0.0,0.0
2021-03-02,15200,14.73,0.0,0.0,0.0
2021-03-03,14900,14.59,0.0,0.0,0.0
2021-03-04,14600,14.46,2.0,0.0,0.0
2021-03-05,14900,14.6,2.0,1.0,0.0
2021-03-06,15600,14.88,0.0,0.0,0.0
2021-03-07,15300,14.74,0.0,0.0,0.0
2021-03-08,14800,14.54,0.0,0.0,0.0
2021-03-09,14200,14.32,0.0,0.0,0.0
2021-03-10,13900,14.19,0.0,0.0,0.0
2021-03-11,13600,14.06,0.0,0.0,0.0
2021-03-12,13400,13.95,0.0,0.0,0.0
2021-03-13,13200,13.88,0.0,0.0,0.0
2021-03-14,13200,13.88,0.0,0.0,0.0
2021-03-15,12700,13.67,0.0,0.0,0.0
2021-03-16,11400,13.07,0.0,0.0,0.0
2021-03-17,11200,13.0,0.0,0.0,0.0
2021-03-18,11300,13.01,0.0,0.0,0.0
2021-03-19,11800,13.28,0.0,0.0,0.0
2021-03-20,12500,13.57,0.0,0.0,0.0
2021-03-21,12500,13.58,0.0,0.0,0.0
2021-03-22,12700,13.66,0.0,0.0,0.0
2021-03-23,12300,13.5,0.0,0.0,0.0
2021-03-24,12100,13.39,0.0,0.0,0.0
2021-03-25,12000,13.34,0.0,0.0,0.0
2021-03-26,11600,13.16,0.0,0.0,0.0
2021-03-27,11300,13.01,0.0,0.0,0.0
2021-03-28,11400,13.09,0.0,0.0,0.0
2021-03-29,12600,13.61,0.0,0.0,0.0
2021-03-30,11800,13.25,0.0,0.0,0.0
2021-03-31,11300,13.01,0.0,0.0,0.0
2021-04-01,11100,12.93,0.0,0.0,0.0
2021-04-02,11000,12.89,0.0,0.0,0.0
2021-04-03,10900,12.86,0.0,0.0,0.0
2021-04-04,11300,13.05,0.0,0.0,0.0
2021-04-05,11800,13.24,0.0,0.0,0.0
2021-04-06,11400,13.06,0.0,0.0,0.0
2021-04-07,11000,12.91,0.0,0.0,0.0
2021-04-08,11400,13.08,0.0,0.0,0.0
2021-04-09,11200,12.97,0.0,0.0,0.0
2021-04-10,11000,12.89,0.0,0.0,0.0
2021-04-11,10700,12.73,0.0,0.0,0.0
2021-04-12,10400,12.59,0.0,0.0,0.0
2021-04-13,10100,12.44,0.0,0.0,0.0
2021-04-14,9890,12.35,0.0,0.0,0.0
2021-04-15,10300,12.54,0.0,0.0,0.0
2021-04-16,11000,12.87,0.0,0.0,0.0
2021-04-17,12900,13.74,0.0,0.0,0.0
2021-04-18,15500,14.81,0.0,0.0,0.0
2021-04-19,17900,15.77,0.0,0.0,0.0
2021-04-20,18100,15.82,0.0,0.0,0.0
2021-04-21,17700,15.68,0.0,0.0,0.0
2021-04-22,17900,15.77,0.0,0.0,0.0
2021-04-23,17600,15.66,0.0,0.0,0.0
2021-04-24,17200,15.5,0.0,0.0,0.0
2021-04-25,17300,15.53,0.0,0.0,0.0
2021-04-26,16400,15.17,0.0,0.0,0.0
2021-04-27,15200,14.73,0.0,0.0,0.0
2021-04-28,14600,14.46,0.0,0.0,0.0
2021-04-29,14400,14.4,0.0,0.0,0.0
2021-04-30,15900,15.0,0.0,0.0,0.0
2021-05-01,19000,16.15,0.0,0.0,0.0
2021-05-02,18100,15.81,0.0,0.0,0.0
2021-05-03,16100,15.05,0.0,0.0,0.0
2021-05-04,15100,14.65,0.0,0.0,0.0
2021-05-05,15000,14.65,0.0,0.0,0.0
2021-05-06,15100,14.69,0.0,0.0,0.0
2021-05-07,16700,15.3,0.0,0.0,0.0
2021-05-08,16400,15.17,0.0,0.0,0.0
2021-05-09,14200,14.36,0.0,0.0,0.0
2021-05-10,13200,13.93,0.0,0.0,0.0
2021-05-11,12700,13.75,0.0,0.0,0.0
2021-05-12,13200,13.94,0.0,0.0,0.0
2021-05-13,14200,14.34,0.0,0.0,0.0
2021-05-14,16000,15.03,0.0,0.0,0.0
2021-05-15,18600,15.99,0.0,0.0,0.0
2021-05-16,20600,16.66,0.0,0.0,0.0
2021-05-17,23000,17.45,0.0,0.0,0.0
2021-05-18,23900,17.73,0.0,0.0,0.0
2021-05-19,21400,16.93,0.0,0.0,0.0
2021-05-20,17200,15.48,0.0,0.0,0.0
2021-05-21,15300,14.76,0.0,0.0,0.0
2021-05-22,14500,14.46,0.0,0.0,0.0
2021-05-23,15100,14.68,0.0,0.0,0.0
2021-05-24,15900,14.99,0.0,0.0,0.0
2021-05-25,17000,15.42,0.0,0.0,0.0
2021-05-26,17600,15.64,1.0,1.0,0.0
2021-05-27,18900,16.07,1.0,1.0,0.0
2021-05-28,24800,18.01,0.0,0.0,0.0
2021-05-29,22100,17.16,0.0,0.0,0.0
2021-05-30,18700,16.03,0.0,0.0,0.0
2021-05-31,19500,16.31,0.0,0.0,0.0
2021-06-01,23700,17.67,0.0,0.0,0.0
2021-06-02,33000,20.39,0.0,0.0,0.0
2021-06-03,38400,21.83,0.0,0.0,0.0
2021-06-04,37900,21.71,0.0,0.0,0.0
2021-06-05,31100,19.87,0.0,0.0,0.0
2021-06-06,26200,18.46,0.0,0.0,0.0
2021-06-07,24000,17.78,0.0,0.0,0.0
2021-06-08,19800,16.4,0.0,0.0,0.0
2021-06-09,16500,15.23,0.0,0.0,0.0
2021-06-10,15400,14.81,0.0,0.0,0.0
2021-06-11,14700,14.54,0.0,0.0,0.0
2021-06-12,15100,14.69,2.0,0.0,0.0
2021-06-13,17200,15.49,2.0,2.0,0.0
2021-06-14,22300,17.24,2.0,2.0,0.0
2021-06-15,24600,17.98,0.0,0.0,0.0
2021-06-16,27000,18.69,0.0,0.0,0.0
2021-06-17,25900,18.37,0.0,0.0,0.0
2021-06-18,25400,18.23,0.0,0.0,0.0
2021-06-19,27300,18.77,1.0,1.0,1.0
2021-06-20,26800,18.64,1.0,0.0,0.0
2021-06-21,28900,19.24,0.0,0.0,0.0
2021-06-22,31300,19.93,0.0,0.0,0.0
2021-06-23,32000,20.13,0.0,0.0,0.0
2021-06-24,30700,19.76,0.0,0.0,0.0
2021-06-25,31600,20.02,0.0,1.0,0.0
2021-06-26,34000,20.68,0.0,1.0,0.0
2021-06-27,36600,21.37,0.0,0.0,0.0
2021-06-28,39800,22.19,0.0,0.0,0.0
2021-06-29,43000,22.97,0.0,0.0,0.0
2021-06-30,42400,22.84,0.0,0.0,0.0
2021-07-01,38500,21.86,0.0,0.0,0.0
2021-07-02,30600,19.72,0.0,0.0,0.0
2021-07-03,25600,18.28,0.0,0.0,0.0
2021-07-04,23100,17.5,0.0,0.0,0.0
2021-07-05,21300,16.92,0.0,0.0,0.0
2021-07-06,20100,16.51,0.0,0.0,0.0
2021-07-07,19400,16.25,0.0,0.0,0.0
2021-07-08,18700,16.01,0.0,0.0,0.0
2021-07-09,18400,15.9,0.0,0.0,0.0
2021-07-10,17300,15.51,0.0,0.0,0.0
2021-07-11,16900,15.36,0.0,0.0,0.0
2021-07-12,16200,15.1,0.0,0.0,0.0
2021-07-13,15400,14.81,0.0,0.0,0.0
2021-07-14,14300,14.39,0.0,0.0,0.0
2021-07-15,14300,14.38,0.0,0.0,0.0
2021-07-16,13800,14.19,0.0,0.0,0.0
2021-07-17,13700,14.15,0.0,0.0,0.0
2021-07-18,13000,13.85,0.0,0.0,0.0
2021-07-19,12600,13.68,0.0,0.0,0.0
2021-07-20,12300,13.55,0.0,0.0,0.0
2021-07-21,11700,13.3,0.0,0.0,0.0
2021-07-22,10200,12.63,0.0,0.0,0.0
2021-07-23,9570,12.34,0.0,0.0,0.0
2021-07-24,9390,12.26,0.0,0.0,0.0
2021-07-25,9420,12.27,0.0,0.0,0.0
2021-07-26,9550,12.33,0.0,0.0,0.0
2021-07-27,9880,12.49,0.0,0.0,0.0
2021-07-28,9430,12.28,0.0,0.0,0.0
2021-07-29,9370,12.24,0.0,0.0,0.0
2021-07-30,10400,12.72,0.0,0.0,0.0
2021-07-31,10400,12.71,0.0,0.0,0.0
2021-08-01,9470,12.29,0.0,0.0,0.0
2021-08-02,9800,12.45,0.0,0.0,0.0
2021-08-03,9390,12.26,0.0,0.0,0.0
2021-08-04,9390,12.25,0.0,0.0,0.0
2021-08-05,9380,12.23,0.0,0.0,0.0
2021-08-06,9170,12.12,2.0,2.0,2.0
2021-08-07,9460,12.25,2.0,2.0,2.0
2021-08-08,10900,12.91,2.0,0.0,0.0
2021-08-09,10300,12.62,0.0,1.0,0.0
2021-08-10,11100,12.96,1.0,1.0,0.0
2021-08-11,10800,12.83,1.0,1.0,0.0
2021-08-12,11100,12.94,0.0,0.0,0.0
2021-08-13,11500,13.12,0.0,0.0,0.0
2021-08-14,11400,13.08,0.0,0.0,0.0
2021-08-15,11300,13.04,0.0,1.0,1.0
2021-08-16,10600,12.69,0.0,1.0,1.0
2021-08-17,9940,12.39,0.0,0.0,0.0
2021-08-18,8320,11.59,1.0,0.0,0.0
2021-08-19,8000,11.42,1.0,0.0,0.0
2021-08-20,7790,11.3,0.0,0.0,0.0
2021-08-21,7740,11.26,0.0,0.0,0.0
2021-08-22,7630,11.19,0.0,0.0,0.0
2021-08-23,7580,11.16,0.0,0.0,0.0
2021-08-24,7520,11.11,0.0,0.0,0.0
2021-08-25,7180,10.92,0.0,0.0,0.0
2021-08-26,6930,10.77,0.0,0.0,0.0
2021-08-27,6930,10.76,0.0,0.0,0.0
2021-08-28,7130,10.87,0.0,0.0,0.0
2021-08-29,6890,10.72,0.0,0.0,0.0
2021-08-30,6830,10.68,0.0,0.0,0.0
2021-08-31,6750,10.63,0.0,0.0,0.0
2021-09-01,7340,10.93,0.0,0.0,0.0
2021-09-02,8780,11.69,0.0,0.0,0.0
2021-09-03,8200,11.38,0.0,0.0,0.0
2021-09-04,6700,10.56,1.0,1.0,1.0
2021-09-05,6510,10.45,1.0,1.0,1.0
2021-09-06,6640,10.51,0.0,0.0,0.0
2021-09-07,7000,10.71,0.0,0.0,0.0
2021-09-08,8260,11.36,0.0,0.0,1.0
2021-09-09,8440,11.45,0.0,1.0,1.0
2021-09-10,8460,11.45,0.0,1.0,1.0
2021-09-11,8260,11.34,0.0,0.0,0.0
2021-09-12,8620,11.51,0.0,0.0,0.0
2021-09-13,8280,11.33,0.0,0.0,0.0
2021-09-14,8080,11.22,0.0,0.0,0.0
2021-09-15,8390,11.37,0.0,0.0,0.0
2021-09-16,8080,11.2,0.0,0.0,0.0
2021-09-17,8130,11.22,4.0,4.0,4.0
2021-09-18,19800,15.79,4.0,4.0,4.0
2021-09-19,16500,14.82,0.0,0.0,0.0
2021-09-20,14700,14.13,0.0,0.0,0.0
2021-09-21,14400,14.03,0.0,0.0,0.0
2021-09-22,12600,13.3,0.0,0.0,0.0
2021-09-23,11900,12.98,0.0,0.0,0.0
2021-09-24,11400,12.76,0.0,0.0,0.0
2021-09-25,11100,12.64,0.0,0.0,0.0
2021-09-26,11000,12.59,2.0,3.0,2.0
2021-09-27,14900,14.16,2.0,3.0,2.0
2021-09-28,18100,15.43,0.0,0.0,0.0
2021-09-29,19500,15.92,3.0,3.0,3.0
2021-09-30,20100,16.1,3.0,3.0,3.0
2021-10-01,28600,18.85,0.0,0.0,0.0
2021-10-02,20100,16.15,0.0,1.0,1.0
2021-10-03,15200,14.34,0.0,1.0,1.0
2021-10-04,13700,13.73,0.0,0.0,0.0
2021-10-05,13000,13.47,1.0,0.0,0.0
2021-10-06,13300,13.56,0.0,0.0,0.0
2021-10-07,13400,13.63,0.0,0.0,0.0
2021-10-08,12900,13.41,0.0,0.0,0.0
2021-10-09,12400,13.18,1.0,1.0,1.0
2021-10-10,13500,13.64,1.0,1.0,1.0
2021-10-11,13800,13.79,0.0,0.0,0.0
2021-10-12,11900,12.97,0.0,0.0,0.0
2021-10-13,11100,12.64,0.0,0.0,0.0
2021-10-14,12300,13.14,0.0,0.0,0.0
2021-10-15,13500,13.64,3.0,4.0,4.0
2021-10-16,16200,14.72,3.0,4.0,4.0
2021-10-17,17100,15.08,3.0,4.0,4.0
2021-10-18,15000,14.27,0.0,0.0,0.0
2021-10-19,13500,13.65,0.0,0.0,0.0
2021-10-20,12100,13.06,3.0,3.0,0.0
2021-10-21,13900,13.81,3.0,3.0,2.0
2021-10-22,14300,13.97,3.0,3.0,2.0
2021-10-23,16100,14.68,0.0,0.0,0.0
2021-10-24,15100,14.3,2.0,2.0,1.0
2021-10-25,16600,14.86,2.0,2.0,1.0
2021-10-26,23700,17.35,2.0,2.0,1.0
2021-10-27,28300,18.77,3.0,2.0,1.0
2021-10-28,30600,19.4,3.0,2.0,1.0
2021-10-29,64500,27.57,3.0,2.0,1.0
2021-10-30,49900,24.36,0.0,0.0,0.0
2021-10-31,33900,20.37,0.0,0.0,0.0
2021-11-01,25200,17.82,1.0,0.0,0.0
2021-11-02,20500,16.28,3.0,3.0,3.0
2021-11-03,21000,16.45,3.0,3.0,3.0
2021-11-04,22800,17.03,3.0,3.0,3.0
2021-11-05,38400,21.59,0.0,0.0,0.0
2021-11-06,35800,20.88,0.0,0.0,0.0
2021-11-07,24600,17.65,0.0,0.0,0.0
2021-11-08,22400,16.94,0.0,0.0,0.0
2021-11-09,21200,16.52,1.0,0.0,0.0
2021-11-10,22000,16.81,0.0,0.0,0.0
2021-11-11,25900,18.04,2.0,2.0,2.0
2021-11-12,44600,23.02,2.0,2.0,2.0
2021-11-13,65200,27.74,4.0,4.0,4.0
2021-11-14,62200,27.12,4.0,4.0,4.0
2021-11-15,94100,,4.0,4.0,4.0
2021-11-16,119000,,0.0,0.0,0.0
2021-11-17,96200,32.95,0.0,0.0,0.0
2021-11-18,77900,30.17,0.0,0.0,0.0
2021-11-19,65500,27.81,0.0,0.0,0.0
2021-11-20,53700,25.27,0.0,0.0,0.0
2021-11-21,47200,23.77,0.0,0.0,0.0
2021-11-22,42500,22.63,0.0,0.0,0.0
2021-11-23,38800,21.7,0.0,0.0,0.0
2021-11-24,32600,20.02,0.0,0.0,2.0
2021-11-25,28000,18.7,2.0,2.0,2.0
2021-11-26,38700,21.66,2.0,2.0,2.0
2021-11-27,40200,22.06,3.0,3.0,3.0
2021-11-28,55800,25.66,3.0,3.0,3.0
2021-11-29,71100,28.94,0.0,0.0,3.0
2021-11-30,62200,27.11,3.0,3.0,4.0
2021-12-01,64000,27.5,3.0,3.0,4.0
2021-12-02,62500,27.19,3.0,3.0,4.0
2021-12-03,60000,26.66,0.0,0.0,0.0
2021-12-04,50700,24.59,0.0,0.0,0.0
2021-12-05,42300,22.57,0.0,0.0,0.0
2021-12-06,36600,21.1,0.0,0.0,0.0
2021-12-07,26100,18.08,0.0,0.0,0.0
2021-12-08,21100,16.5,0.0,0.0,0.0
2021-12-09,20800,,0.0,0.0,0.0
2021-12-10,20100,,1.0,1.0,1.0
2021-12-11,21300,,1.0,1.0,1.0
2021-12-12,22400,,0.0,0.0,0.0
2021-12-13,20500,,0.0,0.0,0.0
2021-12-14,19200,,0.0,0.0,0.0
2021-12-15,18300,,0.0,0.0,0.0
2021-12-16,17700,,0.0,0.0,0.0
2021-12-17,17300,,0.0,0.0,0.0
2021-12-18,16500,,1.0,1.0,1.0
2021-12-19,18900,,0.0,0.0,0.0
2021-12-20,17100,,0.0,0.0,0.0
2021-12-21,16000,,0.0,0.0,0.0
2021-12-22,17600,,0.0,0.0,0.0
2021-12-23,21100,,0.0,0.0,0.0
2021-12-24,19400,,0.0,0.0,0.0
2021-12-25,17700,,0.0,0.0,0.0
2021-12-26,16400,,0.0,0.0,0.0
2021-12-27,15500,,0.0,0.0,0.0
2021-12-28,14500,,0.0,0.0,0.0
2021-12-29,14200,,0.0,0.0,0.0
2021-12-30,13800,13.77,0.0,0.0,0.0
2021-12-31,13300,13.59,0.0,0.0,0.0
2022-01-01,12800,13.36,0.0,0.0,0.0
2022-01-02,12700,13.33,1.0,1.0,1.0
2022-01-03,13900,13.83,1.0,1.0,1.0
2022-01-04,13100,13.48,0.0,0.0,0.0
2022-01-05,12600,13.28,3.0,0.0,0.0
2022-01-06,12800,13.37,3.0,2.0,2.0
2022-01-07,23900,17.31,3.0,2.0,2.0
2022-01-08,23600,17.31,0.0,0.0,0.0
2022-01-09,18300,15.5,0.0,0.0,0.0
2022-01-10,16900,14.98,1.0,0.0,0.0
2022-01-11,19100,15.8,2.0,2.0,2.0
2022-01-12,39900,,2.0,2.0,2.0
2022-01-13,46800,,2.0,2.0,2.0
2022-01-14,36100,,0.0,0.0,0.0
2022-01-15,28900,18.95,0.0,0.0,0.0
2022-01-16,25200,17.84,0.0,0.0,0.0
2022-01-17,22700,17.04,0.0,0.0,0.0
2022-01-18,22800,17.08,0.0,0.0,0.0
2022-01-19,22700,17.04,0.0,0.0,0.0
2022-01-20,26500,18.19,1.0,1.0,1.0
2022-01-21,33700,20.31,0.0,0.0,0.0
2022-01-22,27500,18.53,0.0,0.0,0.0
2022-01-23,24000,17.47,0.0,0.0,0.0
2022-01-24,23000,17.13,0.0,0.0,0.0
2022-01-25,22800,17.07,0.0,0.0,0.0
2022-01-26,21800,16.73,0.0,0.0,0.0
2022-01-27,20500,16.3,0.0,0.0,0.0
2022-01-28,19900,16.08,0.0,0.0,0.0
2022-01-29,19900,16.09,0.0,2.0,2.0
2022-01-30,19400,15.92,1.0,2.0,2.0
2022-01-31,20400,16.25,0.0,0.0,0.0
2022-02-01,18900,15.74,0.0,0.0,0.0
2022-02-02,18400,15.55,0.0,0.0,0.0
2022-02-03,16100,14.69,0.0,0.0,0.0
2022-02-04,15500,14.47,0.0,0.0,0.0
2022-02-05,16500,14.83,0.0,0.0,0.0
2022-02-06,15800,14.58,0.0,0.0,0.0
2022-02-07,15600,14.49,0.0,0.0,0.0
2022-02-08,15500,14.45,0.0,0.0,0.0
2022-02-09,15200,14.35,0.0,0.0,0.0
2022-02-10,15100,14.31,0.0,0.0,0.0
2022-02-11,15300,14.39,0.0,0.0,0.0
2022-02-12,15100,14.32,0.0,0.0,0.0
2022-02-13,14900,14.23,0.0,0.0,0.0
2022-02-14,14900,14.24,0.0,0.0,0.0
2022-02-15,15100,14.32,0.0,0.0,0.0
2022-02-16,14800,14.17,0.0,0.0,0.0
2022-02-17,14500,14.07,0.0,0.0,0.0
2022-02-18,14200,13.95,0.0,0.0,0.0
2022-02-19,14200,13.93,0.0,0.0,0.0
2022-02-20,14600,14.11,0.0,0.0,0.0
2022-02-21,14500,14.07,0.0,0.0,0.0
2022-02-22,14000,13.86,0.0,0.0,0.0
2022-02-23,13700,13.75,0.0,0.0,0.0
2022-02-24,14000,13.88,0.0,0.0,0.0
2022-02-25,14200,13.97,0.0,0.0,0.0
2022-02-26,14100,13.89,1.0,1.0,0.0
2022-02-27,13700,13.76,2.0,2.0,0.0
2022-02-28,20800,16.3,2.0,2.0,0.0
2022-03-01,43700,22.91,2.0,2.0,0.0
2022-03-02,36700,21.12,0.0,0.0,0.0
2022-03-03,30800,19.51,0.0,0.0,0.0
2022-03-04,26400,18.2,0.0,0.0,0.0
2022-03-05,23300,17.21,0.0,0.0,0.0
2022-03-06,21200,16.53,0.0,0.0,0.0
2022-03-07,20100,16.17,0.0,0.0,0.0
2022-03-08,19500,15.94,0.0,0.0,0.0
2022-03-09,18300,15.51,0.0,0.0,0.0
2022-03-10,18100,15.44,0.0,0.0,0.0
2022-03-11,18500,15.59,0.0,0.0,0.0
2022-03-12,18100,15.44,0.0,0.0,0.0
2022-03-13,17700,15.28,0.0,0.0,0.0
2022-03-14,15700,14.54,1.0,1.0,0.0
2022-03-15,18000,15.39,1.0,1.0,0.0
2022-03-16,18400,15.55,0.0,0.0,0.0
2022-03-17,16400,14.83,0.0,0.0,0.0
2022-03-18,16000,14.66,0.0,0.0,0.0
2022-03-19,16400,14.8,0.0,0.0,0.0
2022-03-20,16100,14.7,0.0,0.0,0.0
2022-03-21,15600,14.51,0.0,0.0,0.0
2022-03-22,15600,14.52,0.0,0.0,0.0
2022-03-23,16200,14.74,0.0,0.0,0.0
2022-03-24,18400,15.55,0.0,0.0,0.0
2022-03-25,16500,14.85,0.0,0.0,0.0
2022-03-26,15500,14.47,0.0,0.0,0.0
2022-03-27,15000,14.28,0.0,0.0,0.0
2022-03-28,16100,14.7,0.0,0.0,0.0
2022-03-29,16700,14.92,0.0,0.0,0.0
2022-03-30,16300,14.79,0.0,0.0,0.0
2022-03-31,16000,14.65,0.0,0.0,0.0
2022-04-01,14900,14.21,0.0,0.0,0.0
2022-04-02,14300,13.98,0.0,0.0,0.0
2022-04-03,13900,13.83,1.0,0.0,0.0
2022-04-04,16600,14.87,1.0,0.0,0.0
2022-04-05,17500,15.22,0.0,0.0,0.0
2022-04-06,16600,14.88,0.0,0.0,0.0
2022-04-07,16000,14.64,1.0,1.0,1.0
2022-04-08,16100,14.69,1.0,1.0,1.0
2022-04-09,16900,15.0,0.0,0.0,0.0
2022-04-10,15700,14.54,0.0,0.0,0.0
2022-04-11,14900,14.22,0.0,0.0,0.0
2022-04-12,14300,13.99,0.0,0.0,0.0
2022-04-13,13700,13.73,0.0,0.0,0.0
2022-04-14,13100,13.5,0.0,0.0,0.0
2022-04-15,12900,13.39,0.0,0.0,0.0
2022-04-16,12500,13.25,0.0,0.0,0.0
2022-04-17,12300,13.16,0.0,0.0,0.0
2022-04-18,12200,13.13,0.0,0.0,0.0
2022-04-19,12800,13.39,0.0,0.0,0.0
2022-04-20,12500,13.25,0.0,0.0,0.0
2022-04-21,12100,13.08,0.0,0.0,0.0
2022-04-22,12200,13.11,0.0,0.0,0.0
2022-04-23,12000,13.03,0.0,0.0,0.0
2022-04-24,12000,13.04,0.0,0.0,0.0
2022-04-25,12300,13.17,0.0,0.0,0.0
2022-04-26,13000,13.44,0.0,0.0,0.0
2022-04-27,12900,13.41,0.0,0.0,0.0
2022-04-28,12600,13.29,0.0,0.0,0.0
2022-04-29,12200,13.11,0.0,0.0,0.0
2022-04-30,12000,13.03,0.0,0.0,0.0
2022-05-01,12000,13.01,0.0,0.0,0.0
2022-05-02,11800,12.94,0.0,0.0,0.0
2022-05-03,12500,13.23,0.0,1.0,1.0
2022-05-04,12900,13.39,1.0,1.0,1.0
2022-05-05,14300,13.99,1.0,1.0,1.0
2022-05-06,18500,15.57,0.0,0.0,0.0
2022-05-07,17700,15.29,0.0,0.0,0.0
2022-05-08,16300,14.78,0.0,0.0,0.0
2022-05-09,15200,14.36,0.0,0.0,0.0
2022-05-10,14100,13.93,0.0,0.0,0.0
2022-05-11,13500,13.65,0.0,0.0,0.0
2022-05-12,13200,13.53,0.0,0.0,0.0
2022-05-13,13800,13.78,0.0,0.0,0.0
2022-05-14,13400,13.61,0.0,0.0,0.0
2022-05-15,14200,13.93,0.0,0.0,0.0
2022-05-16,19600,15.94,0.0,0.0,0.0
2022-05-17,22600,16.99,0.0,0.0,0.0
2022-05-18,19500,15.95,1.0,1.0,1.0
2022-05-19,20200,16.2,0.0,0.0,0.0
2022-05-20,18100,15.43,0.0,0.0,0.0
2022-05-21,16500,14.86,0.0,0.0,0.0
2022-05-22,15900,14.6,0.0,0.0,0.0
2022-05-23,16100,14.68,0.0,0.0,0.0
2022-05-24,16000,14.66,0.0,0.0,0.0
2022-05-25,16200,14.73,0.0,0.0,0.0
2022-05-26,19000,15.74,0.0,0.0,0.0
2022-05-27,21900,16.76,0.0,0.0,0.0
2022-05-28,25300,17.87,0.0,0.0,0.0
2022-05-29,21300,16.57,0.0,0.0,0.0
2022-05-30,20700,16.36,0.0,0.0,0.0
2022-05-31,19600,15.98,0.0,0.0,0.0
2022-06-01,20900,16.43,0.0,0.0,0.0
2022-06-02,24200,17.5,0.0,0.0,0.0
2022-06-03,30300,19.37,0.0,0.0,0.0
2022-06-04,33200,20.18,1.0,1.0,1.0
2022-06-05,32000,19.85,1.0,1.0,1.0
2022-06-06,36400,21.07,0.0,0.0,0.0
2022-06-07,31900,19.81,0.0,0.0,0.0
2022-06-08,31700,19.76,0.0,0.0,0.0
2022-06-09,31800,19.8,2.0,1.0,1.0
2022-06-10,46500,23.57,2.0,1.0,1.0
2022-06-11,45500,23.37,0.0,0.0,0.0
2022-06-12,38200,21.53,0.0,0.0,0.0
2022-06-13,32500,20.01,0.0,0.0,0.0
2022-06-14,30800,19.51,0.0,0.0,0.0
2022-06-15,26900,18.37,0.0,0.0,0.0
2022-06-16,24700,17.68,0.0,0.0,0.0
2022-06-17,24700,17.68,0.0,0.0,0.0
2022-06-18,23400,17.26,0.0,0.0,0.0
2022-06-19,23500,17.29,0.0,0.0,0.0
2022-06-20,22900,17.12,0.0,0.0,0.0
2022-06-21,23900,17.45,0.0,0.0,1.0
2022-06-22,25800,18.03,0.0,0.0,1.0
2022-06-23,29600,19.2,0.0,0.0,0.0
2022-06-24,27700,18.64,0.0,0.0,0.0
2022-06-25,27100,18.45,0.0,0.0,0.0
2022-06-26,29900,19.29,0.0,0.0,0.0
2022-06-27,33300,20.26,0.0,0.0,0.0
2022-06-28,36200,21.06,0.0,0.0,0.0
2022-06-29,32500,20.03,0.0,0.0,0.0
2022-06-30,29500,19.19,0.0,0.0,0.0
2022-07-01,34300,20.54,0.0,0.0,0.0
2022-07-02,37400,21.38,0.0,0.0,0.0
2022-07-03,37800,21.49,0.0,0.0,0.0
2022-07-04,37500,21.41,0.0,0.0,0.0
2022-07-05,33800,20.44,0.0,0.0,0.0
2022-07-06,31400,19.77,0.0,0.0,0.0
2022-07-07,31900,19.9,0.0,0.0,0.0
2022-07-08,29900,19.35,0.0,0.0,0.0
2022-07-09,27100,18.51,0.0,0.0,0.0
2022-07-10,23700,17.48,0.0,0.0,0.0
2022-07-11,22900,17.23,0.0,0.0,0.0
2022-07-12,24500,17.72,0.0,0.0,0.0
2022-07-13,26700,18.39,0.0,0.0,0.0
2022-07-14,25700,18.12,0.0,0.0,0.0
2022-07-15,24400,17.71,0.0,0.0,0.0
2022-07-16,22600,17.16,0.0,0.0,0.0
2022-07-17,21400,16.77,0.0,0.0,0.0
2022-07-18,20800,16.58,0.0,0.0,0.0
2022-07-19,20500,16.49,0.0,0.0,0.0
2022-07-20,20300,16.42,0.0,0.0,0.0
2022-07-21,20500,16.5,0.0,0.0,0.0
2022-07-22,20800,16.62,0.0,0.0,0.0
2022-07-23,20700,16.59,0.0,0.0,0.0
2022-07-24,19900,16.32,0.0,0.0,0.0
2022-07-25,19900,16.32,0.0,0.0,0.0
2022-07-26,20200,16.43,0.0,0.0,0.0
2022-07-27,21800,16.98,0.0,0.0,0.0
2022-07-28,21900,16.99,0.0,0.0,0.0
2022-07-29,21300,16.82,0.0,0.0,0.0
2022-07-30,20000,16.39,0.0,0.0,0.0
2022-07-31,18200,15.79,0.0,0.0,0.0
2022-08-01,16200,15.1,0.0,0.0,0.0
2022-08-02,15400,14.82,0.0,0.0,0.0
2022-08-03,14300,14.42,0.0,0.0,0.0
2022-08-04,12900,13.88,0.0,0.0,0.0
2022-08-05,12600,13.77,0.0,0.0,0.0
2022-08-06,11700,13.36,0.0,0.0,0.0
2022-08-07,10900,13.02,0.0,0.0,0.0
2022-08-08,11700,13.4,0.0,0.0,0.0
2022-08-09,11200,13.16,0.0,0.0,0.0
2022-08-10,11000,13.05,0.0,0.0,0.0
2022-08-11,11800,13.4,0.0,0.0,0.0
2022-08-12,10700,12.91,0.0,0.0,0.0
2022-08-13,9600,12.4,0.0,0.0,0.0
2022-08-14,9150,12.18,0.0,0.0,0.0
2022-08-15,8950,12.08,0.0,0.0,0.0
2022-08-16,8810,12.01,0.0,0.0,0.0
2022-08-17,9740,12.45,0.0,0.0,0.0
2022-08-18,10900,13.01,0.0,0.0,0.0
2022-08-19,11700,13.34,0.0,0.0,0.0
2022-08-20,10800,12.92,0.0,0.0,0.0
2022-08-21,8990,12.08,0.0,0.0,0.0
2022-08-22,9140,12.15,0.0,0.0,0.0
2022-08-23,9980,12.55,0.0,0.0,0.0
2022-08-24,9330,12.24,0.0,0.0,0.0
2022-08-25,10400,12.73,0.0,0.0,0.0
2022-08-26,9420,12.27,0.0,0.0,0.0
2022-08-27,8860,12.0,1.0,1.0,0.0
2022-08-28,7900,11.51,1.0,1.0,0.0
2022-08-29,7560,11.32,0.0,0.0,0.0
2022-08-30,7340,11.2,0.0,0.0,0.0
2022-08-31,7400,11.23,0.0,0.0,0.0
2022-09-01,7490,11.27,0.0,0.0,0.0
2022-09-02,8600,11.85,0.0,0.0,0.0
2022-09-03,8240,11.66,0.0,0.0,0.0
2022-09-04,6880,10.93,1.0,1.0,1.0
2022-09-05,6640,10.79,0.0,0.0,0.0
2022-09-06,6980,10.98,0.0,0.0,0.0
2022-09-07,7970,11.51,0.0,0.0,0.0
2022-09-08,8060,11.56,0.0,0.0,0.0
2022-09-09,7950,11.5,0.0,0.0,0.0
2022-09-10,7920,11.48,0.0,0.0,0.0
2022-09-11,7990,11.51,0.0,0.0,0.0
2022-09-12,8210,11.63,0.0,0.0,0.0
2022-09-13,8260,11.65,0.0,0.0,0.0
2022-09-14,8180,11.6,0.0,0.0,0.0
2022-09-15,8210,11.62,0.0,0.0,0.0
2022-09-16,8070,11.54,0.0,0.0,0.0
2022-09-17,8180,11.6,0.0,0.0,0.0
2022-09-18,7990,11.5,0.0,0.0,0.0
2022-09-19,7910,11.45,0.0,0.0,0.0
2022-09-20,7680,11.32,0.0,0.0,0.0
2022-09-21,7670,11.32,0.0,0.0,0.0
2022-09-22,7620,11.29,0.0,0.0,0.0
2022-09-23,7550,11.25,0.0,0.0,0.0
2022-09-24,7410,11.18,0.0,0.0,0.0
2022-09-25,7400,11.17,0.0,0.0,0.0
2022-09-26,7480,11.22,0.0,0.0,0.0
2022-09-27,7470,11.21,0.0,0.0,0.0
2022-09-28,7470,11.21,0.0,0.0,0.0
2022-09-29,7430,11.19,0.0,0.0,0.0
2022-09-30,7360,11.15,0.0,0.0,0.0
2022-10-01,7420,11.18,0.0,0.0,0.0
2022-10-02,7440,11.19,0.0,0.0,0.0
2022-10-03,7450,11.2,0.0,0.0,0.0
2022-10-04,7150,11.03,0.0,0.0,0.0
2022-10-05,7430,11.19,0.0,0.0,0.0
2022-10-06,7640,11.3,0.0,0.0,0.0
2022-10-07,7730,11.35,0.0,0.0,0.0
2022-10-08,7660,11.31,0.0,0.0,0.0
2022-10-09,7690,11.33,0.0,0.0,0.0
2022-10-10,7640,11.3,0.0,0.0,0.0
2022-10-11,7550,11.25,0.0,0.0,0.0
2022-10-12,6860,10.87,0.0,0.0,0.0
2022-10-13,6720,10.8,0.0,0.0,0.0
2022-10-14,6640,10.75,0.0,0.0,0.0
2022-10-15,6740,10.81,0.0,0.0,0.0
2022-10-16,6730,10.8,0.0,0.0,0.0
2022-10-17,6700,10.79,0.0,0.0,0.0
2022-10-18,6650,10.76,0.0,0.0,0.0
2022-10-19,6640,10.75,0.0,0.0,0.0
2022-10-20,6620,10.74,0.0,0.0,0.0
2022-10-21,6660,10.76,0.0,0.0,0.0
2022-10-22,6620,10.74,0.0,0.0,0.0
2022-10-23,6520,10.68,0.0,0.0,0.0
2022-10-24,6650,10.76,1.0,1.0,0.0
2022-10-25,7200,11.06,0.0,0.0,0.0
2022-10-26,8320,11.65,0.0,0.0,0.0
2022-10-27,7440,11.2,2.0,1.0,1.0
2022-10-28,9180,12.07,2.0,1.0,1.0
2022-10-29,9320,12.15,0.0,0.0,2.0
2022-10-30,8220,11.6,2.0,2.0,2.0
2022-10-31,15900,14.83,2.0,2.0,2.0
2022-11-01,16400,15.09,0.0,0.0,0.0
2022-11-02,11000,12.97,0.0,0.0,0.0
2022-11-03,11000,12.93,3.0,3.0,2.0
2022-11-04,15300,14.56,3.0,3.0,2.0
2022-11-05,40000,22.17,3.0,3.0,2.0
2022-11-06,21300,16.79,0.0,0.0,0.0
2022-11-07,14700,14.5,0.0,0.0,0.0
2022-11-08,12200,13.48,0.0,0.0,0.0
2022-11-09,11400,13.11,0.0,0.0,0.0
2022-11-10,11200,13.05,0.0,0.0,0.0
2022-11-11,10200,12.59,0.0,0.0,0.0
2022-11-12,9140,12.07,0.0,0.0,0.0
2022-11-13,8830,11.92,0.0,0.0,0.0
2022-11-14,10200,12.57,0.0,0.0,0.0
2022-11-15,8950,11.97,0.0,0.0,0.0
2022-11-16,8490,11.74,0.0,0.0,0.0
2022-11-17,8980,11.98,0.0,0.0,0.0
2022-11-18,8370,11.67,0.0,0.0,0.0
2022-11-19,8100,11.54,0.0,0.0,0.0
2022-11-20,7920,11.45,0.0,0.0,0.0
2022-11-21,8260,11.62,0.0,0.0,0.0
2022-11-22,8940,11.94,0.0,0.0,0.0
2022-11-23,13000,13.8,0.0,0.0,0.0
2022-11-24,11000,12.97,0.0,0.0,1.0
2022-11-25,11300,13.06,0.0,0.0,1.0
2022-11-26,10700,12.83,0.0,0.0,0.0
2022-11-27,10900,12.91,0.0,0.0,0.0
2022-11-28,12200,13.47,0.0,0.0,0.0
2022-11-29,11000,12.96,0.0,0.0,0.0
2022-11-30,10100,12.54,0.0,0.0,0.0
2022-12-01,9120,12.06,0.0,0.0,0.0
2022-12-02,8740,11.87,0.0,0.0,0.0
2022-12-03,9220,12.11,0.0,0.0,0.0
2022-12-04,8430,11.71,0.0,0.0,0.0
2022-12-05,8280,11.64,0.0,0.0,0.0
2022-12-06,8790,11.89,0.0,0.0,0.0
2022-12-07,8000,11.49,0.0,0.0,0.0
2022-12-08,8030,11.5,0.0,0.0,0.0
2022-12-09,8560,11.77,0.0,0.0,0.0
2022-12-10,8440,11.72,0.0,0.0,0.0
2022-12-11,8540,11.77,0.0,0.0,0.0
2022-12-12,7780,11.38,0.0,0.0,0.0
2022-12-13,7780,11.37,0.0,0.0,0.0
2022-12-14,7680,11.32,0.0,0.0,0.0
2022-12-15,7610,11.29,0.0,0.0,0.0
2022-12-16,7490,11.22,0.0,0.0,0.0
2022-12-17,7380,11.16,0.0,0.0,0.0
2022-12-18,7220,11.07,0.0,0.0,0.0
2022-12-19,7320,11.13,0.0,0.0,0.0
2022-12-20,7360,11.15,0.0,0.0,0.0
2022-12-21,7180,,0.0,0.0,0.0
2022-12-22,6840,,0.0,0.0,0.0
2022-12-23,7220,11.07,4.0,0.0,0.0
2022-12-24,12400,13.39,4.0,3.0,2.0
2022-12-25,35900,21.09,4.0,3.0,3.0
2022-12-26,40500,22.22,3.0,3.0,3.0
2022-12-27,52300,24.97,2.0,1.0,1.0
2022-12-28,44700,23.15,0.0,0.0,0.0
2022-12-29,30100,19.29,0.0,0.0,0.0
2022-12-30,24600,17.63,0.0,0.0,0.0
2022-12-31,24700,17.69,0.0,0.0,0.0
2023-01-01,21500,16.61,0.0,0.0,0.0
2023-01-02,18900,15.75,0.0,0.0,0.0
2023-01-03,17800,15.33,0.0,0.0,0.0
2023-01-04,17200,15.12,2.0,1.0,0.0
2023-01-05,17300,15.15,2.0,1.0,1.0
2023-01-06,17200,15.11,2.0,1.0,1.0
2023-01-07,16700,14.92,1.0,0.0,0.0
2023-01-08,16300,14.78,0.0,0.0,0.0
2023-01-09,16300,14.77,0.0,0.0,0.0
2023-01-10,16500,14.87,0.0,0.0,0.0
2023-01-11,16500,14.86,3.0,0.0,0.0
2023-01-12,15800,14.59,3.0,3.0,2.0
2023-01-13,22200,16.88,3.0,3.0,2.0
2023-01-14,25900,18.07,3.0,3.0,0.0
2023-01-15,21900,16.78,0.0,0.0,0.0
2023-01-16,19100,15.82,0.0,0.0,0.0
2023-01-17,17500,15.23,0.0,0.0,0.0
2023-01-18,16800,14.99,0.0,0.0,0.0
2023-01-19,16300,14.77,0.0,0.0,0.0
2023-01-20,13800,13.8,0.0,0.0,0.0
2023-01-21,13100,13.53,0.0,0.0,0.0
2023-01-22,12700,13.36,0.0,0.0,0.0
2023-01-23,11200,12.71,0.0,0.0,0.0
2023-01-24,10900,12.58,0.0,0.0,0.0
2023-01-25,10700,12.45,0.0,0.0,0.0
2023-01-26,10400,12.33,0.0,0.0,0.0
2023-01-27,10600,12.43,0.0,0.0,0.0
2023-01-28,10500,12.39,0.0,0.0,0.0
2023-01-29,10100,12.19,0.0,0.0,0.0
2023-01-30,11500,12.85,0.0,0.0,0.0
2023-01-31,11700,12.91,0.0,0.0,0.0
2023-02-01,10600,12.45,0.0,0.0,0.0
2023-02-02,9630,11.98,0.0,0.0,0.0
2023-02-03,9130,11.74,0.0,0.0,0.0
2023-02-04,9190,11.77,0.0,0.0,0.0
2023-02-05,9260,11.81,0.0,0.0,0.0
2023-02-06,9230,11.8,0.0,0.0,0.0
2023-02-07,10200,12.24,0.0,0.0,0.0
2023-02-08,13100,13.57,0.0,0.0,0.0
2023-02-09,11300,12.79,0.0,0.0,0.0
2023-02-10,10700,12.48,0.0,0.0,0.0
2023-02-11,10300,12.33,0.0,0.0,0.0
2023-02-12,9770,12.07,0.0,0.0,0.0
2023-02-13,9800,12.08,0.0,0.0,0.0
2023-02-14,10400,12.37,0.0,0.0,0.0
2023-02-15,9690,12.03,0.0,0.0,0.0
2023-02-16,9340,11.86,0.0,0.0,0.0
2023-02-17,9050,11.72,0.0,0.0,0.0
2023-02-18,8930,11.66,0.0,0.0,0.0
2023-02-19,8900,11.65,1.0,1.0,1.0
2023-02-20,11400,12.81,1.0,1.0,1.0
2023-02-21,14700,14.22,1.0,1.0,1.0
2023-02-22,13100,13.58,0.0,0.0,0.0
2023-02-23,11400,12.85,0.0,0.0,0.0
2023-02-24,10500,12.41,0.0,0.0,0.0
2023-02-25,10100,12.24,0.0,0.0,0.0
2023-02-26,9820,12.11,0.0,0.0,0.0
2023-02-27,9350,11.89,0.0,0.0,0.0
2023-02-28,9510,11.96,0.0,0.0,0.0
2023-03-01,9140,11.79,0.0,0.0,0.0
2023-03-02,9020,11.73,0.0,0.0,0.0
2023-03-03,8870,11.66,0.0,0.0,0.0
2023-03-04,8530,11.49,0.0,0.0,0.0
2023-03-05,8470,11.46,0.0,0.0,0.0
2023-03-06,8180,11.31,0.0,0.0,0.0
2023-03-07,8310,11.38,0.0,0.0,0.0
2023-03-08,8810,11.64,0.0,0.0,0.0
2023-03-09,8740,11.6,0.0,0.0,0.0
2023-03-10,8810,11.64,0.0,0.0,0.0
2023-03-11,9490,11.97,0.0,0.0,0.0
2023-03-12,9300,11.88,0.0,0.0,0.0
2023-03-13,10700,12.51,0.0,0.0,0.0
2023-03-14,11800,13.02,0.0,0.0,0.0
2023-03-15,11000,12.69,0.0,0.0,0.0
2023-03-16,10500,12.47,0.0,0.0,0.0
2023-03-17,10200,12.33,0.0,0.0,0.0
2023-03-18,10100,12.27,0.0,0.0,0.0
2023-03-19,10200,12.29,0.0,0.0,0.0
2023-03-20,10300,12.38,0.0,0.0,0.0
2023-03-21,10600,12.52,0.0,0.0,0.0
2023-03-22,10900,12.64,0.0,0.0,0.0
2023-03-23,11000,12.66,0.0,0.0,0.0
2023-03-24,11000,12.68,0.0,0.0,0.0
2023-03-25,11200,12.75,0.0,0.0,0.0
2023-03-26,10800,12.59,0.0,0.0,0.0
2023-03-27,10500,12.43,0.0,0.0,0.0
2023-03-28,10200,12.32,0.0,0.0,0.0
2023-03-29,10100,12.26,0.0,0.0,0.0
2023-03-30,10100,12.24,0.0,0.0,0.0
2023-03-31,10000,12.23,0.0,0.0,0.0
2023-04-01,10500,12.45,0.0,0.0,0.0
2023-04-02,10700,12.52,0.0,0.0,0.0
2023-04-03,10400,12.39,0.0,0.0,0.0
2023-04-04,10200,12.3,0.0,0.0,0.0
2023-04-05,10000,12.22,0.0,0.0,0.0
2023-04-06,9990,12.21,1.0,1.0,0.0
2023-04-07,11200,12.76,1.0,1.0,0.0
2023-04-08,12100,13.16,0.0,0.0,0.0
2023-04-09,12400,13.31,1.0,1.0,1.0
2023-04-10,18200,15.58,1.0,1.0,1.0
2023-04-11,18100,15.55,0.0,0.0,0.0
2023-04-12,15700,14.63,0.0,0.0,0.0
2023-04-13,13800,13.88,0.0,0.0,0.0
2023-04-14,12900,13.49,0.0,0.0,0.0
2023-04-15,12200,13.22,0.0,0.0,0.0
2023-04-16,12000,13.13,0.0,0.0,0.0
2023-04-17,12400,13.28,0.0,0.0,0.0
2023-04-18,12000,13.13,0.0,0.0,0.0
2023-04-19,11400,12.86,0.0,0.0,0.0
2023-04-20,11000,12.69,0.0,0.0,0.0
2023-04-21,11000,12.67,0.0,0.0,0.0
2023-04-22,10900,12.62,0.0,0.0,0.0
2023-04-23,12000,13.13,0.0,0.0,0.0
2023-04-24,14500,14.16,0.0,0.0,0.0
2023-04-25,13500,13.77,0.0,0.0,0.0
2023-04-26,12800,13.46,0.0,0.0,0.0
2023-04-27,13300,13.66,0.0,0.0,0.0
2023-04-28,15200,14.46,0.0,0.0,0.0
2023-04-29,19200,15.93,0.0,0.0,0.0
2023-04-30,24400,17.69,0.0,0.0,0.0
2023-05-01,23700,17.47,0.0,0.0,0.0
2023-05-02,21300,16.67,0.0,0.0,0.0
2023-05-03,27300,18.57,0.0,0.0,0.0
2023-05-04,31800,19.91,0.0,0.0,0.0
2023-05-05,32000,19.96,0.0,0.0,0.0
2023-05-06,28200,18.85,0.0,0.0,0.0
2023-05-07,22400,17.04,0.0,0.0,0.0
2023-05-08,19400,16.0,0.0,0.0,0.0
2023-05-09,18100,15.53,0.0,0.0,0.0
2023-05-10,17200,15.22,0.0,0.0,0.0
2023-05-11,17400,15.28,0.0,0.0,0.0
2023-05-12,18200,15.57,0.0,0.0,0.0
2023-05-13,21200,16.64,0.0,0.0,0.0
2023-05-14,25300,17.95,0.0,0.0,0.0
2023-05-15,31400,19.78,0.0,0.0,0.0
2023-05-16,34900,20.75,0.0,0.0,0.0
2023-05-17,35400,20.9,0.0,0.0,0.0
2023-05-18,35100,20.81,0.0,0.0,0.0
2023-05-19,35000,20.78,0.0,0.0,0.0
2023-05-20,34000,20.52,0.0,0.0,0.0
2023-05-21,33000,20.25,0.0,0.0,0.0
2023-05-22,27900,18.78,0.0,0.0,0.0
2023-05-23,23300,17.35,0.0,0.0,0.0
2023-05-24,19500,16.08,0.0,0.0,0.0
2023-05-25,18000,15.54,0.0,0.0,0.0
2023-05-26,18400,15.72,0.0,0.0,0.0
2023-05-27,18900,15.87,0.0,0.0,0.0
2023-05-28,19800,16.19,0.0,0.0,0.0
2023-05-29,20300,16.38,0.0,0.0,0.0
2023-05-30,19900,16.24,0.0,0.0,0.0
2023-05-31,17700,15.48,0.0,0.0,0.0
2023-06-01,16200,14.91,0.0,0.0,0.0
2023-06-02,16000,14.84,0.0,0.0,0.0
2023-06-03,15000,14.47,0.0,0.0,0.0
2023-06-04,14300,14.19,0.0,0.0,0.0
2023-06-05,14700,14.36,0.0,0.0,0.0
2023-06-06,14900,14.45,0.0,0.0,0.0
2023-06-07,15200,14.58,0.0,0.0,0.0
2023-06-08,16100,14.94,0.0,0.0,0.0
2023-06-09,15900,14.86,0.0,0.0,0.0
2023-06-10,15100,14.56,0.0,0.0,0.0
2023-06-11,13900,14.06,0.0,0.0,0.0
2023-06-12,13700,14.02,0.0,0.0,0.0
2023-06-13,14700,14.41,0.0,0.0,0.0
2023-06-14,14000,14.16,0.0,0.0,0.0
2023-06-15,12900,13.71,0.0,0.0,0.0
2023-06-16,13200,13.81,0.0,0.0,0.0
2023-06-17,11800,13.23,0.0,0.0,0.0
2023-06-18,11200,12.95,0.0,0.0,0.0
2023-06-19,10600,12.69,0.0,0.0,0.0
2023-06-20,10000,12.45,0.0,0.0,0.0
2023-06-21,9980,12.43,0.0,0.0,0.0
2023-06-22,10500,12.66,0.0,0.0,0.0
2023-06-23,10200,12.51,0.0,0.0,0.0
2023-06-24,9570,12.23,0.0,0.0,0.0
2023-06-25,9790,12.34,0.0,0.0,0.0
2023-06-26,10200,12.51,0.0,0.0,0.0
2023-06-27,10300,12.59,0.0,0.0,0.0
2023-06-28,10300,12.58,0.0,0.0,0.0
2023-06-29,10400,12.61,0.0,0.0,0.0
2023-06-30,10300,12.58,0.0,0.0,0.0
2023-07-01,10000,12.44,0.0,0.0,0.0
2023-07-02,9580,12.23,0.0,0.0,0.0
2023-07-03,9300,12.1,0.0,0.0,0.0
2023-07-04,9600,12.24,0.0,0.0,0.0
2023-07-05,8820,11.86,0.0,0.0,0.0
2023-07-06,10200,12.52,0.0,0.0,0.0
2023-07-07,10500,12.68,0.0,0.0,0.0
2023-07-08,9160,12.03,0.0,0.0,0.0
2023-07-09,8980,11.94,0.0,0.0,0.0
2023-07-10,8940,11.92,0.0,0.0,0.0
2023-07-11,8620,11.76,0.0,0.0,0.0
2023-07-12,8730,11.81,0.0,0.0,0.0
2023-07-13,9750,12.32,0.0,0.0,0.0
2023-07-14,9650,12.27,0.0,0.0,0.0
2023-07-15,8800,11.85,0.0,0.0,0.0
2023-07-16,7950,11.42,0.0,0.0,0.0
2023-07-17,7920,11.4,0.0,0.0,0.0
2023-07-18,7960,11.42,0.0,0.0,0.0
2023-07-19,7690,11.28,0.0,0.0,0.0
2023-07-20,7650,11.26,0.0,0.0,0.0
2023-07-21,7790,11.33,0.0,0.0,0.0
2023-07-22,7800,11.34,0.0,0.0,0.0
2023-07-23,7690,11.28,0.0,2.0,2.0
2023-07-24,7570,11.21,2.0,2.0,2.0
2023-07-25,8110,11.49,2.0,2.0,2.0
2023-07-26,8740,11.81,0.0,0.0,0.0
2023-07-27,7470,11.16,0.0,0.0,0.0
2023-07-28,7410,11.13,0.0,0.0,0.0
2023-07-29,7410,11.13,0.0,0.0,0.0
2023-07-30,7370,11.11,0.0,0.0,0.0
2023-07-31,7280,11.06,0.0,0.0,0.0
2023-08-01,7180,11.0,0.0,0.0,0.0
2023-08-02,7060,10.94,0.0,0.0,0.0
2023-08-03,6930,10.86,0.0,0.0,0.0
2023-08-04,6890,10.84,0.0,0.0,0.0
2023-08-05,6910,10.85,0.0,0.0,0.0
2023-08-06,6930,10.86,0.0,0.0,0.0
2023-08-07,6870,10.83,0.0,0.0,0.0
2023-08-08,6810,10.8,0.0,0.0,0.0
2023-08-09,6750,10.76,0.0,0.0,0.0
2023-08-10,6880,10.84,0.0,0.0,0.0
2023-08-11,6860,10.83,0.0,0.0,0.0
2023-08-12,6680,10.72,1.0,0.0,0.0
2023-08-13,6690,10.73,1.0,0.0,0.0
2023-08-14,6850,10.82,0.0,0.0,0.0
2023-08-15,8040,11.46,0.0,0.0,0.0
2023-08-16,7860,11.37,0.0,0.0,0.0
2023-08-17,7940,11.41,0.0,0.0,0.0
2023-08-18,7760,11.31,0.0,0.0,0.0
2023-08-19,7400,11.12,0.0,0.0,0.0
2023-08-20,7100,10.96,0.0,0.0,0.0
2023-08-21,6970,10.89,0.0,0.0,0.0
2023-08-22,6900,10.85,0.0,0.0,0.0
2023-08-23,6550,10.64,0.0,0.0,0.0
2023-08-24,5840,10.23,0.0,0.0,0.0
2023-08-25,6420,10.57,0.0,0.0,0.0
2023-08-26,6500,10.62,0.0,0.0,0.0
2023-08-27,6460,10.6,0.0,0.0,0.0
2023-08-28,6550,10.65,0.0,0.0,0.0
2023-08-29,6030,10.35,0.0,0.0,0.0
2023-08-30,6220,10.46,0.0,0.0,0.0
2023-08-31,6650,10.71,0.0,0.0,0.0
2023-09-01,6040,10.36,0.0,0.0,0.0
2023-09-02,5870,10.25,0.0,0.0,0.0
2023-09-03,5880,10.26,0.0,0.0,0.0
2023-09-04,5910,10.28,0.0,0.0,0.0
2023-09-05,6020,10.34,0.0,0.0,0.0
2023-09-06,6670,10.72,0.0,0.0,0.0
2023-09-07,6480,10.61,0.0,0.0,0.0
2023-09-08,6440,10.59,0.0,0.0,0.0
2023-09-09,6320,10.52,0.0,0.0,0.0
2023-09-10,6310,10.51,0.0,0.0,0.0
2023-09-11,6370,10.55,0.0,0.0,0.0
2023-09-12,6400,10.56,0.0,0.0,0.0
2023-09-13,6300,10.51,0.0,0.0,0.0
2023-09-14,6240,10.47,0.0,0.0,0.0
2023-09-15,6300,10.5,0.0,0.0,0.0
2023-09-16,6320,10.52,0.0,0.0,0.0
2023-09-17,6290,10.5,0.0,0.0,0.0
2023-09-18,6120,10.4,0.0,0.0,0.0
2023-09-19,6140,10.41,0.0,0.0,0.0
2023-09-20,6060,10.37,0.0,0.0,0.0
2023-09-21,6090,10.38,0.0,0.0,0.0
2023-09-22,6040,10.35,0.0,0.0,0.0
2023-09-23,6110,10.39,0.0,0.0,0.0
2023-09-24,5940,10.3,4.0,4.0,3.0
2023-09-25,5830,10.23,4.0,4.0,3.0
2023-09-26,7310,11.06,4.0,4.0,3.0
2023-09-27,7370,11.11,4.0,4.0,3.0
2023-09-28,7170,11.0,0.0,0.0,0.0
2023-09-29,7710,11.29,0.0,0.0,0.0
2023-09-30,6930,10.86,0.0,0.0,0.0
2023-10-01,6230,10.46,0.0,0.0,0.0
2023-10-02,5970,10.31,1.0,0.0,0.0
2023-10-03,5920,10.28,1.0,1.0,1.0
2023-10-04,5780,10.2,1.0,1.0,1.0
2023-10-05,6460,10.59,1.0,0.0,0.0
2023-10-06,7030,10.92,0.0,0.0,0.0
2023-10-07,6410,10.56,0.0,0.0,0.0
2023-10-08,5650,10.12,2.0,2.0,0.0
2023-10-09,5630,10.11,2.0,2.0,1.0
2023-10-10,5660,10.13,0.0,0.0,0.0
2023-10-11,6150,10.41,0.0,0.0,0.0
2023-10-12,7530,11.19,0.0,0.0,0.0
2023-10-13,7720,11.29,0.0,0.0,0.0
2023-10-14,7770,11.32,0.0,0.0,0.0
2023-10-15,7010,10.9,3.0,3.0,2.0
2023-10-16,6190,10.44,3.0,3.0,2.0
2023-10-17,8610,11.71,2.0,3.0,4.0
2023-10-18,9680,12.28,2.0,3.0,4.0
2023-10-19,9230,12.06,2.0,3.0,4.0
2023-10-20,8630,11.76,1.0,3.0,0.0
2023-10-21,8380,11.64,0.0,0.0,0.0
2023-10-22,7540,11.19,0.0,0.0,0.0
2023-10-23,6640,10.7,0.0,0.0,0.0
2023-10-24,6520,10.64,0.0,0.0,0.0
2023-10-25,6950,10.88,0.0,0.0,0.0
2023-10-26,6890,10.84,0.0,0.0,0.0
2023-10-27,6610,10.68,0.0,0.0,0.0
2023-10-28,6480,10.61,0.0,0.0,0.0
2023-10-29,6480,10.61,0.0,0.0,0.0
2023-10-30,6470,10.61,0.0,0.0,0.0
2023-10-31,6330,10.53,0.0,0.0,0.0
2023-11-01,6250,10.48,2.0,2.0,0.0
2023-11-02,9240,11.9,2.0,2.0,1.0
2023-11-03,23500,17.44,3.0,3.0,0.0
2023-11-04,19000,15.96,3.0,3.0,2.0
2023-11-05,26600,18.41,0.0,3.0,0.0
2023-11-06,16300,15.04,0.0,0.0,0.0
2023-11-07,15400,14.71,0.0,0.0,0.0
2023-11-08,15200,14.62,0.0,0.0,0.0
2023-11-09,11900,13.28,0.0,0.0,0.0
2023-11-10,9920,12.4,1.0,1.0,1.0
2023-11-11,14200,14.19,1.0,1.0,1.0
2023-11-12,20700,16.55,0.0,0.0,0.0
2023-11-13,16600,15.16,0.0,0.0,0.0
2023-11-14,14900,14.52,0.0,0.0,0.0
2023-11-15,13000,13.79,0.0,0.0,0.0
2023-11-16,12000,13.35,0.0,0.0,0.0
2023-11-17,11400,13.06,0.0,0.0,0.0
2023-11-18,10600,12.73,0.0,0.0,0.0
2023-11-19,9280,12.09,0.0,0.0,0.0
2023-11-20,9610,12.25,0.0,0.0,0.0
2023-11-21,8970,11.93,1.0,1.0,0.0
2023-11-22,9060,11.98,1.0,1.0,0.0
2023-11-23,9120,12.01,0.0,0.0,0.0
2023-11-24,8690,11.8,0.0,0.0,0.0
2023-11-25,8360,11.63,0.0,0.0,0.0
2023-11-26,8150,11.52,0.0,0.0,0.0
2023-11-27,8080,11.48,0.0,0.0,0.0
2023-11-28,7920,11.4,0.0,0.0,0.0
2023-11-29,8350,11.62,0.0,0.0,0.0
2023-11-30,9440,12.17,0.0,0.0,0.0
2023-12-01,9570,12.23,0.0,0.0,0.0
2023-12-02,10400,12.63,0.0,0.0,0.0
2023-12-03,11100,12.93,0.0,0.0,0.0
2023-12-04,11200,13.0,3.0,3.0,3.0
2023-12-05,41300,22.07,3.0,3.0,3.0
2023-12-06,69900,28.89,0.0,0.0,0.0
2023-12-07,41700,22.55,0.0,0.0,0.0
2023-12-08,26800,18.52,0.0,0.0,0.0
2023-12-09,20300,16.48,1.0,1.0,0.0
2023-12-10,21300,16.8,1.0,1.0,0.0
2023-12-11,24700,17.88,0.0,0.0,0.0
2023-12-12,20500,16.53,0.0,0.0,0.0
2023-12-13,17100,15.43,0.0,0.0,0.0
2023-12-14,15300,14.79,0.0,0.0,0.0
2023-12-15,14200,14.39,0.0,0.0,0.0
2023-12-16,13200,14.01,0.0,0.0,0.0
2023-12-17,12700,13.8,0.0,0.0,0.0
2023-12-18,13600,14.16,0.0,0.0,0.0
2023-12-19,13500,14.14,0.0,0.0,0.0
2023-12-20,13900,14.29,0.0,0.0,0.0
2023-12-21,13400,14.09,0.0,0.0,0.0
2023-12-22,13000,13.91,0.0,0.0,0.0
2023-12-23,13500,14.14,0.0,0.0,0.0
2023-12-24,12500,13.73,0.0,0.0,0.0
2023-12-25,12000,13.49,3.0,3.0,1.0
2023-12-26,13000,13.92,3.0,3.0,1.0
2023-12-27,13100,13.98,3.0,3.0,3.0
2023-12-28,12800,13.83,3.0,3.0,3.0
2023-12-29,12700,13.79,3.0,3.0,3.0
2023-12-30,11300,13.2,3.0,3.0,3.0
2023-12-31,10800,12.95,0.0,0.0,0.0
2024-01-01,10300,12.74,0.0,0.0,0.0
2024-01-02,9700,12.45,0.0,0.0,0.0
2024-01-03,9520,12.36,0.0,0.0,0.0
2024-01-04,9680,12.44,0.0,0.0,0.0
2024-01-05,9610,12.41,0.0,0.0,0.0
2024-01-06,10400,12.79,0.0,0.0,0.0
2024-01-07,10200,12.69,0.0,0.0,0.0
2024-01-08,9420,12.32,1.0,1.0,1.0
2024-01-09,12400,13.6,1.0,1.0,1.0
2024-01-10,15600,14.9,0.0,0.0,0.0
2024-01-11,12600,13.76,0.0,0.0,0.0
2024-01-12,12400,13.63,0.0,0.0,0.0
2024-01-13,14900,14.65,0.0,0.0,0.0
2024-01-14,15900,14.99,0.0,0.0,0.0
2024-01-15,13300,14.01,0.0,0.0,0.0
2024-01-16,11400,13.22,0.0,0.0,0.0
2024-01-17,11600,13.34,0.0,0.0,0.0
2024-01-18,11200,13.14,1.0,1.0,0.0
2024-01-19,10600,12.85,1.0,1.0,0.0
2024-01-20,10900,12.99,1.0,1.0,0.0
2024-01-21,10500,12.85,1.0,0.0,0.0
2024-01-22,12600,13.74,1.0,0.0,0.0
2024-01-23,16400,15.19,0.0,0.0,0.0
2024-01-24,16600,15.26,0.0,0.0,0.0
2024-01-25,15800,14.96,0.0,0.0,0.0
2024-01-26,15800,14.97,2.0,2.0,2.0
2024-01-27,17000,15.37,2.0,2.0,2.0
2024-01-28,37300,21.31,2.0,3.0,3.0
2024-01-29,48300,24.21,2.0,3.0,3.0
2024-01-30,40200,22.24,4.0,3.0,3.0
2024-01-31,36000,21.15,4.0,3.0,2.0
2024-02-01,31400,19.89,4.0,3.0,2.0
2024-02-02,26900,18.55,4.0,3.0,0.0
2024-02-03,23000,17.33,0.0,0.0,0.0
2024-02-04,20300,16.46,0.0,0.0,0.0
2024-02-05,18500,15.88,0.0,0.0,0.0
2024-02-06,15800,14.95,0.0,0.0,0.0
2024-02-07,13700,14.19,0.0,0.0,0.0
2024-02-08,12200,13.57,0.0,0.0,0.0
2024-02-09,11100,13.11,0.0,0.0,0.0
2024-02-10,10600,12.85,0.0,0.0,0.0
2024-02-11,10400,12.74,0.0,0.0,0.0
2024-02-12,11900,13.44,0.0,0.0,0.0
2024-02-13,12800,13.77,0.0,0.0,0.0
2024-02-14,14200,14.35,0.0,0.0,0.0
2024-02-15,13600,14.13,0.0,0.0,0.0
2024-02-16,11500,13.2,0.0,0.0,0.0
2024-02-17,9540,12.31,0.0,0.0,0.0
2024-02-18,9200,12.14,0.0,0.0,0.0
2024-02-19,9060,12.06,0.0,0.0,0.0
2024-02-20,8950,12.0,0.0,0.0,0.0
2024-02-21,9200,12.12,0.0,0.0,0.0
2024-02-22,9500,12.26,0.0,0.0,0.0
2024-02-23,9120,12.06,0.0,0.0,0.0
2024-02-24,8880,11.94,0.0,0.0,0.0
2024-02-25,10300,12.62,0.0,0.0,0.0
2024-02-26,12700,13.69,0.0,0.0,0.0
2024-02-27,10900,12.88,0.0,0.0,0.0
2024-02-28,10500,12.69,1.0,1.0,0.0
2024-02-29,19500,16.14,1.0,1.0,0.0
2024-03-01,16800,15.22,0.0,0.0,0.0
2024-03-02,13600,14.03,0.0,0.0,0.0
2024-03-03,12200,13.41,0.0,0.0,0.0
2024-03-04,11400,13.05,0.0,0.0,0.0
2024-03-05,10800,12.77,0.0,0.0,0.0
2024-03-06,10200,12.48,0.0,0.0,0.0
2024-03-07,9740,12.28,0.0,0.0,0.0
2024-03-08,9420,12.11,1.0,1.0,1.0
2024-03-09,9370,12.08,1.0,1.0,1.0
2024-03-10,9830,12.3,0.0,0.0,0.0
2024-03-11,10600,12.65,0.0,0.0,0.0
2024-03-12,11200,12.9,0.0,0.0,0.0
2024-03-13,11700,13.13,0.0,0.0,0.0
2024-03-14,10700,12.65,0.0,0.0,0.0
2024-03-15,10100,12.41,0.0,0.0,0.0
2024-03-16,11500,13.0,0.0,0.0,0.0
2024-03-17,13200,13.75,0.0,0.0,0.0
2024-03-18,14300,14.19,0.0,0.0,0.0
2024-03-19,14700,14.37,0.0,0.0,0.0
2024-03-20,14900,14.42,0.0,0.0,0.0
2024-03-21,14100,14.11,0.0,0.0,0.0
2024-03-22,13200,13.73,0.0,0.0,0.0
2024-03-23,13100,13.71,0.0,0.0,0.0
2024-03-24,13900,14.02,0.0,0.0,0.0
2024-03-25,13000,13.64,0.0,0.0,0.0
2024-03-26,12700,13.51,0.0,0.0,0.0
2024-03-27,12400,13.41,0.0,0.0,0.0
2024-03-28,12700,13.54,0.0,0.0,0.0
2024-03-29,12400,13.4,0.0,0.0,0.0
2024-03-30,11800,13.13,0.0,0.0,0.0
2024-03-31,11200,12.88,0.0,0.0,0.0
2024-04-01,11900,13.18,0.0,0.0,0.0
2024-04-02,12500,13.43,0.0,0.0,0.0
2024-04-03,13100,13.68,0.0,0.0,0.0
2024-04-04,13400,13.8,0.0,0.0,0.0
2024-04-05,11900,13.15,0.0,0.0,0.0
2024-04-06,12400,13.38,0.0,0.0,0.0
2024-04-07,12200,13.33,0.0,0.0,0.0
2024-04-08,12200,13.31,0.0,0.0,0.0
2024-04-09,13400,13.81,0.0,0.0,0.0
2024-04-10,13000,13.66,0.0,0.0,0.0
2024-04-11,11600,13.06,0.0,0.0,0.0
2024-04-12,11300,12.89,0.0,0.0,0.0
2024-04-13,11100,12.84,0.0,0.0,0.0
2024-04-14,11100,12.84,0.0,0.0,0.0
2024-04-15,11600,13.03,0.0,0.0,0.0
2024-04-16,11400,12.97,0.0,0.0,0.0
2024-04-17,10800,12.69,0.0,0.0,0.0
2024-04-18,10300,12.46,0.0,0.0,0.0
2024-04-19,10000,12.32,0.0,0.0,0.0
2024-04-20,9820,12.23,0.0,0.0,0.0
2024-04-21,10100,12.36,0.0,0.0,0.0
2024-04-22,10100,12.35,0.0,0.0,0.0
2024-04-23,9630,12.14,0.0,0.0,0.0
2024-04-24,9560,12.1,0.0,0.0,0.0
2024-04-25,9820,12.22,0.0,0.0,0.0
2024-04-26,11800,13.13,0.0,0.0,0.0
2024-04-27,11600,13.04,0.0,0.0,0.0
2024-04-28,11800,13.15,0.0,0.0,0.0
2024-04-29,12400,13.38,0.0,0.0,0.0
2024-04-30,11400,12.96,0.0,0.0,0.0
2024-05-01,10600,12.59,0.0,0.0,0.0
2024-05-02,10000,12.32,0.0,0.0,0.0
2024-05-03,9620,12.13,0.0,0.0,0.0
2024-05-04,9510,12.08,0.0,0.0,0.0
2024-05-05,9740,12.19,0.0,0.0,0.0
2024-05-06,11300,12.9,0.0,0.0,0.0
2024-05-07,11900,13.17,0.0,0.0,0.0
2024-05-08,11000,12.77,0.0,0.0,0.0
2024-05-09,10300,12.44,0.0,0.0,0.0
2024-05-10,10700,12.64,0.0,0.0,0.0
2024-05-11,12900,13.61,0.0,0.0,0.0
2024-05-12,15600,14.72,0.0,0.0,0.0
2024-05-13,16400,15.01,0.0,0.0,0.0
2024-05-14,14800,14.4,0.0,0.0,0.0
2024-05-15,14200,14.15,0.0,0.0,0.0
2024-05-16,14900,14.44,0.0,0.0,0.0
2024-05-17,16900,15.2,0.0,0.0,0.0
2024-05-18,14900,14.43,0.0,0.0,0.0
2024-05-19,12800,13.55,0.0,0.0,0.0
2024-05-20,11700,13.08,0.0,0.0,0.0
2024-05-21,11200,12.85,0.0,0.0,0.0
2024-05-22,12800,13.58,0.0,0.0,0.0
2024-05-23,12800,13.57,0.0,0.0,0.0
2024-05-24,11800,13.11,0.0,0.0,0.0
2024-05-25,12200,13.3,0.0,0.0,0.0
2024-05-26,12600,13.49,0.0,0.0,0.0
2024-05-27,12300,13.35,0.0,0.0,0.0
2024-05-28,12100,13.27,0.0,0.0,0.0
2024-05-29,13700,13.96,0.0,0.0,0.0
2024-05-30,13900,14.04,0.0,0.0,0.0
2024-05-31,12700,13.51,0.0,0.0,0.0
2024-06-01,12200,13.31,0.0,0.0,0.0
2024-06-02,12700,13.51,1.0,0.0,0.0
2024-06-03,21400,16.72,2.0,1.0,0.0
2024-06-04,26700,18.49,2.0,1.0,0.0
2024-06-05,25700,18.2,0.0,0.0,0.0
2024-06-06,21400,16.8,0.0,0.0,0.0
2024-06-07,20100,16.35,0.0,0.0,0.0
2024-06-08,19100,15.99,0.0,0.0,0.0
2024-06-09,19300,16.08,0.0,0.0,0.0
2024-06-10,19200,16.04,0.0,0.0,0.0
2024-06-11,19400,16.12,0.0,0.0,0.0
2024-06-12,18000,15.62,0.0,0.0,0.0
2024-06-13,16600,15.07,0.0,0.0,0.0
2024-06-14,15500,14.66,0.0,0.0,0.0
2024-06-15,14900,14.44,0.0,0.0,0.0
2024-06-16,14500,14.27,0.0,0.0,0.0
2024-06-17,13100,13.67,0.0,0.0,0.0
2024-06-18,11800,13.15,0.0,0.0,0.0
2024-06-19,11600,13.04,0.0,0.0,0.0
2024-06-20,11800,13.13,0.0,0.0,0.0
2024-06-21,12500,13.46,0.0,0.0,0.0
2024-06-22,13700,13.92,0.0,0.0,0.0
2024-06-23,13900,14.02,0.0,0.0,0.0
2024-06-24,13400,13.8,0.0,0.0,0.0
2024-06-25,13200,13.75,0.0,0.0,0.0
2024-06-26,14600,14.3,0.0,0.0,0.0
2024-06-27,16800,15.14,0.0,0.0,0.0
2024-06-28,18000,15.6,0.0,0.0,0.0
2024-06-29,15000,14.46,0.0,0.0,0.0
2024-06-30,14900,14.42,0.0,0.0,0.0
2024-07-01,15700,14.76,0.0,0.0,0.0
2024-07-02,14800,14.4,0.0,0.0,0.0
2024-07-03,12600,13.49,0.0,0.0,0.0
2024-07-04,12200,13.32,0.0,0.0,0.0
2024-07-05,13200,13.74,0.0,0.0,0.0
2024-07-06,14200,14.15,0.0,0.0,0.0
2024-07-07,14300,14.21,0.0,0.0,0.0
2024-07-08,14400,14.24,0.0,0.0,0.0
2024-07-09,14100,14.12,0.0,0.0,0.0
2024-07-10,14600,14.31,0.0,0.0,0.0
2024-07-11,14200,14.16,0.0,0.0,0.0
2024-07-12,13600,13.92,0.0,0.0,0.0
2024-07-13,12400,13.38,0.0,0.0,0.0
2024-07-14,11300,12.89,0.0,0.0,0.0
2024-07-15,10900,12.75,0.0,0.0,0.0
2024-07-16,10600,12.58,0.0,0.0,0.0
2024-07-17,11100,12.83,0.0,0.0,0.0
2024-07-18,11300,12.93,0.0,0.0,0.0
2024-07-19,10200,12.42,0.0,0.0,0.0
2024-07-20,9890,12.26,0.0,0.0,0.0
2024-07-21,9590,12.12,0.0,0.0,0.0
2024-07-22,9410,12.03,0.0,0.0,0.0
2024-07-23,9290,11.97,0.0,0.0,0.0
2024-07-24,8910,11.79,0.0,0.0,0.0
2024-07-25,8740,11.7,0.0,0.0,0.0
2024-07-26,8570,11.62,0.0,0.0,0.0
2024-07-27,8260,11.46,0.0,0.0,0.0
2024-07-28,8160,11.4,0.0,0.0,0.0
2024-07-29,8160,11.41,0.0,0.0,0.0
2024-07-30,9000,11.83,0.0,0.0,0.0
2024-07-31,9830,12.24,0.0,0.0,0.0
2024-08-01,8910,11.79,0.0,0.0,0.0
2024-08-02,8560,11.61,0.0,0.0,0.0
2024-08-03,8530,11.6,0.0,0.0,0.0
2024-08-04,8440,11.55,0.0,0.0,0.0
2024-08-05,9230,11.94,0.0,0.0,0.0
2024-08-06,8850,11.75,0.0,0.0,0.0
2024-08-07,8060,11.35,0.0,0.0,0.0
2024-08-08,8830,11.74,0.0,0.0,0.0
2024-08-09,9060,11.86,0.0,0.0,0.0
2024-08-10,8980,11.82,0.0,0.0,0.0
2024-08-11,7740,11.18,0.0,0.0,0.0
2024-08-12,7500,11.05,0.0,0.0,0.0
2024-08-13,7230,10.91,0.0,0.0,0.0
2024-08-14,7150,10.86,0.0,0.0,0.0
2024-08-15,7280,10.93,0.0,0.0,0.0
2024-08-16,7210,10.9,0.0,0.0,0.0
2024-08-17,7220,10.9,0.0,0.0,0.0
2024-08-18,7530,11.07,1.0,0.0,0.0
2024-08-19,7920,11.28,1.0,0.0,0.0
2024-08-20,7120,10.85,1.0,0.0,0.0
2024-08-21,6990,10.78,0.0,0.0,0.0
2024-08-22,8310,11.48,0.0,0.0,0.0
2024-08-23,8400,11.53,0.0,0.0,0.0
2024-08-24,7910,11.26,0.0,0.0,0.0
2024-08-25,9470,12.06,0.0,0.0,0.0
2024-08-26,7960,11.3,0.0,1.0,1.0
2024-08-27,7610,11.11,0.0,1.0,1.0
2024-08-28,8440,11.54,0.0,0.0,0.0
2024-08-29,9520,12.09,0.0,0.0,0.0
2024-08-30,9320,11.99,0.0,0.0,0.0
2024-08-31,8610,11.63,0.0,0.0,0.0
2024-09-01,7340,10.97,0.0,0.0,0.0
2024-09-02,7430,11.02,0.0,0.0,0.0
2024-09-03,7300,10.95,0.0,0.0,0.0
2024-09-04,7240,10.92,0.0,0.0,0.0
2024-09-05,7720,11.16,0.0,0.0,0.0
2024-09-06,9160,11.91,0.0,0.0,0.0
2024-09-07,8470,11.56,0.0,0.0,0.0
2024-09-08,7180,10.88,0.0,0.0,0.0
2024-09-09,7070,10.82,0.0,0.0,0.0
2024-09-10,6970,10.77,0.0,0.0,0.0
2024-09-11,6870,10.71,0.0,0.0,0.0
2024-09-12,6810,10.68,0.0,0.0,0.0
2024-09-13,6770,10.66,0.0,0.0,0.0
2024-09-14,6750,10.64,0.0,0.0,0.0
2024-09-15,6830,10.69,0.0,0.0,0.0
2024-09-16,6700,10.61,0.0,0.0,0.0
2024-09-17,6630,10.58,0.0,0.0,0.0
2024-09-18,6600,10.56,0.0,0.0,0.0
2024-09-19,6560,10.54,0.0,0.0,0.0
2024-09-20,6510,10.51,0.0,0.0,0.0
2024-09-21,6450,10.47,0.0,0.0,0.0
2024-09-22,6400,10.44,2.0,2.0,2.0
2024-09-23,6440,10.47,2.0,2.0,2.0
2024-09-24,6640,10.58,2.0,2.0,2.0
2024-09-25,6770,10.65,2.0,2.0,2.0
2024-09-26,8010,11.32,2.0,2.0,1.0
2024-09-27,7860,11.25,2.0,2.0,1.0
2024-09-28,7680,11.15,0.0,0.0,0.0
2024-09-29,7130,10.85,0.0,0.0,0.0
2024-09-30,6880,10.72,0.0,0.0,0.0
2024-10-01,7200,10.89,1.0,1.0,1.0
2024-10-02,8160,11.4,1.0,0.0,0.0
2024-10-03,8130,11.39,0.0,0.0,0.0
2024-10-04,8160,11.4,0.0,0.0,0.0
2024-10-05,7680,11.15,0.0,0.0,0.0
2024-10-06,6800,10.67,0.0,0.0,0.0
2024-10-07,7030,10.8,0.0,0.0,0.0
2024-10-08,8010,11.33,0.0,0.0,0.0
2024-10-09,7030,10.8,0.0,0.0,0.0
2024-10-10,7630,11.12,0.0,0.0,0.0
2024-10-11,8370,11.51,0.0,0.0,0.0
2024-10-12,8260,11.46,0.0,0.0,0.0
2024-10-13,8130,11.39,0.0,2.0,2.0
2024-10-14,8120,11.39,1.0,2.0,2.0
2024-10-15,8330,11.49,0.0,0.0,0.0
2024-10-16,8430,11.54,0.0,0.0,0.0
2024-10-17,9740,12.19,0.0,0.0,0.0
2024-10-18,9420,12.04,4.0,4.0,4.0
2024-10-19,14500,14.13,4.0,4.0,4.0
2024-10-20,30200,19.54,4.0,4.0,4.0
2024-10-21,24000,17.63,0.0,0.0,0.0
2024-10-22,17300,15.34,0.0,0.0,0.0
2024-10-23,14200,14.15,0.0,0.0,0.0
2024-10-24,12500,13.45,0.0,0.0,0.0
2024-10-25,11500,13.02,2.0,2.0,0.0
2024-10-26,11000,12.79,2.0,2.0,2.0
2024-10-27,19300,15.83,1.0,1.0,0.0
2024-10-28,27600,18.78,0.0,0.0,0.0
2024-10-29,21100,16.7,0.0,0.0,0.0
2024-10-30,16700,15.11,0.0,0.0,0.0
2024-10-31,14600,14.3,0.0,0.0,0.0
2024-11-01,14200,14.16,0.0,0.0,0.0
2024-11-02,16200,14.93,0.0,0.0,0.0
2024-11-03,15400,14.62,0.0,0.0,0.0
2024-11-04,15300,14.6,1.0,1.0,1.0
2024-11-05,19100,16.01,1.0,0.0,0.0
2024-11-06,16400,15.0,1.0,0.0,0.0
2024-11-07,14400,14.23,0.0,0.0,0.0
2024-11-08,13900,14.04,0.0,1.0,1.0
2024-11-09,14100,14.13,0.0,1.0,1.0
2024-11-10,14500,14.27,1.0,0.0,0.0
2024-11-11,16200,14.93,1.0,0.0,0.0
2024-11-12,22900,17.28,2.0,2.0,1.0
2024-11-13,23700,17.54,2.0,2.0,1.0
2024-11-14,35400,21.0,0.0,0.0,0.0
2024-11-15,30100,19.5,0.0,0.0,0.0
2024-11-16,22000,17.0,1.0,1.0,1.0
2024-11-17,22400,17.14,1.0,1.0,1.0
2024-11-18,24700,17.86,0.0,0.0,0.0
2024-11-19,20900,16.61,2.0,2.0,0.0
2024-11-20,18700,15.87,2.0,2.0,0.0
2024-11-21,17300,15.36,2.0,2.0,0.0
2024-11-22,16400,15.03,1.0,0.0,0.0
2024-11-23,17300,15.33,1.0,0.0,0.0
2024-11-24,16200,14.93,0.0,0.0,0.0
2024-11-25,15400,14.61,0.0,0.0,0.0
2024-11-26,15000,14.47,0.0,0.0,0.0
2024-11-27,14400,14.21,0.0,0.0,0.0
2024-11-28,13800,13.98,0.0,0.0,0.0
2024-11-29,13200,13.75,0.0,0.0,0.0
2024-11-30,12800,13.57,0.0,0.0,0.0
2024-12-01,12400,13.41,0.0,0.0,0.0
2024-12-02,12200,13.3,0.0,0.0,0.0
2024-12-03,12000,13.23,0.0,0.0,0.0
2024-12-04,11800,13.13,0.0,0.0,0.0
2024-12-05,10700,12.66,0.0,0.0,0.0
2024-12-06,9980,12.31,2.0,3.0,3.0
2024-12-07,14300,14.03,2.0,3.0,3.0
2024-12-08,29400,19.28,0.0,0.0,0.0
2024-12-09,20100,16.36,0.0,0.0,0.0
2024-12-10,18000,15.61,0.0,0.0,0.0
2024-12-11,16200,14.94,0.0,0.0,0.0
2024-12-12,15100,14.49,0.0,0.0,0.0
2024-12-13,14300,14.19,1.0,1.0,0.0
2024-12-14,13200,13.72,1.0,1.0,0.0
2024-12-15,12400,13.41,0.0,0.0,0.0
2024-12-16,12500,13.44,0.0,0.0,0.0
2024-12-17,13500,13.87,2.0,2.0,2.0
2024-12-18,28000,18.66,2.0,2.0,2.0
2024-12-19,32800,20.24,1.0,1.0,1.0
2024-12-20,23500,17.49,1.0,1.0,1.0
2024-12-21,21300,16.76,1.0,1.0,1.0
2024-12-22,21500,16.81,1.0,1.0,0.0
2024-12-23,22700,17.2,1.0,1.0,0.0
2024-12-24,22300,17.08,1.0,1.0,1.0
2024-12-25,20600,16.5,2.0,1.0,0.0
2024-12-26,21600,16.83,2.0,1.0,0.0
2024-12-27,23100,17.36,0.0,0.0,0.0
2024-12-28,22500,17.14,0.0,0.0,0.0
2024-12-29,26000,18.29,0.0,0.0,0.0
2024-12-30,21900,16.95,0.0,0.0,0.0
2024-12-31,19300,16.04,0.0,0.0,0.0
2025-01-01,17600,15.38,0.0,0.0,0.0
2025-01-02,16200,14.83,0.0,0.0,0.0
2025-01-03,15400,14.52,0.0,0.0,0.0
2025-01-04,15500,14.53,0.0,0.0,0.0
2025-01-05,15600,14.56,0.0,0.0,0.0
2025-01-06,15400,14.5,0.0,0.0,0.0
2025-01-07,13600,13.76,0.0,0.0,0.0
2025-01-08,15100,14.38,0.0,0.0,0.0
2025-01-09,13000,13.48,0.0,0.0,0.0
2025-01-10,11800,12.97,1.0,1.0,1.0
2025-01-11,12500,13.27,0.0,0.0,0.0
2025-01-12,12000,13.05,0.0,0.0,0.0
2025-01-13,12400,13.25,0.0,0.0,0.0
2025-01-14,13300,13.64,0.0,0.0,0.0
2025-01-15,10600,12.46,0.0,0.0,0.0
2025-01-16,10400,12.37,0.0,0.0,0.0
2025-01-17,10300,12.32,0.0,0.0,0.0
2025-01-18,10100,12.19,0.0,0.0,0.0
2025-01-19,9800,12.07,0.0,0.0,0.0
2025-01-20,10200,12.26,0.0,0.0,0.0
2025-01-21,10600,12.46,0.0,0.0,0.0
2025-01-22,9370,11.86,0.0,0.0,0.0
2025-01-23,9170,11.77,0.0,0.0,0.0
2025-01-24,9070,11.71,0.0,0.0,0.0
2025-01-25,8970,11.67,0.0,0.0,0.0
2025-01-26,8830,11.59,0.0,0.0,0.0
2025-01-27,8750,11.56,0.0,0.0,0.0
2025-01-28,8700,11.53,0.0,0.0,0.0
2025-01-29,8620,11.49,0.0,0.0,0.0
2025-01-30,8560,11.46,0.0,0.0,0.0
2025-01-31,8970,11.66,0.0,0.0,0.0
2025-02-01,11300,12.76,0.0,0.0,0.0
2025-02-02,10300,12.29,0.0,0.0,0.0
2025-02-03,9580,11.96,0.0,0.0,0.0
2025-02-04,10100,12.2,0.0,0.0,0.0
2025-02-05,9150,11.76,0.0,0.0,0.0
2025-02-06,8900,11.63,0.0,0.0,0.0
2025-02-07,8690,11.53,0.0,0.0,0.0
2025-02-08,8560,11.46,0.0,0.0,0.0
2025-02-09,8470,11.42,0.0,0.0,0.0
2025-02-10,8380,11.37,0.0,0.0,0.0
2025-02-11,8230,11.29,0.0,0.0,0.0
2025-02-12,8120,11.23,0.0,0.0,0.0
2025-02-13,8110,11.23,0.0,0.0,0.0
2025-02-14,8050,11.2,0.0,0.0,0.0
2025-02-15,7990,11.17,0.0,0.0,0.0
2025-02-16,8160,11.25,0.0,0.0,0.0
2025-02-17,8600,11.48,0.0,0.0,0.0
2025-02-18,8610,11.49,0.0,0.0,0.0
2025-02-19,8720,11.54,1.0,1.0,0.0
2025-02-20,9300,11.83,0.0,0.0,0.0
2025-02-21,9240,11.8,3.0,3.0,0.0
2025-02-22,11700,12.93,3.0,3.0,2.0
2025-02-23,25600,18.02,3.0,3.0,2.0
2025-02-24,26500,18.43,2.0,0.0,0.0
2025-02-25,23500,17.49,2.0,0.0,0.0
2025-02-26,25700,,0.0,0.0,0.0
2025-02-27,19000,15.92,0.0,0.0,0.0
2025-02-28,16100,14.78,0.0,0.0,0.0
2025-03-01,14900,14.31,0.0,0.0,0.0
2025-03-02,14300,14.04,0.0,0.0,0.0
2025-03-03,13700,13.78,0.0,0.0,0.0
2025-03-04,13100,13.56,0.0,0.0,0.0
2025-03-05,13000,,0.0,0.0,0.0
2025-03-06,12300,,0.0,0.0,0.0
2025-03-07,11600,12.88,0.0,0.0,0.0
2025-03-08,11300,12.74,1.0,1.0,1.0
2025-03-09,11300,12.76,1.0,1.0,1.0
2025-03-10,12200,13.15,0.0,0.0,0.0
2025-03-11,11500,12.87,0.0,0.0,0.0
2025-03-12,11200,12.73,0.0,0.0,0.0
2025-03-13,11600,12.91,0.0,0.0,0.0
2025-03-14,11900,13.03,0.0,0.0,0.0
2025-03-15,11700,12.93,0.0,0.0,0.0
2025-03-16,12600,13.33,0.0,0.0,0.0
2025-03-17,12300,13.2,0.0,0.0,0.0
2025-03-18,11700,12.92,0.0,0.0,0.0
2025-03-19,11200,12.7,0.0,0.0,0.0
2025-03-20,10900,12.59,0.0,0.0,0.0
2025-03-21,11800,13.0,0.0,0.0,0.0
2025-03-22,12100,13.13,0.0,0.0,0.0
2025-03-23,12600,13.34,3.0,3.0,3.0
2025-03-24,27600,18.67,3.0,3.0,3.0
2025-03-25,36300,21.23,3.0,3.0,3.0
2025-03-26,34100,20.65,1.0,1.0,0.0
2025-03-27,35500,21.01,1.0,1.0,0.0
2025-03-28,32600,20.2,1.0,0.0,0.0
2025-03-29,25900,18.25,0.0,0.0,0.0
2025-03-30,21000,16.63,0.0,0.0,0.0
2025-03-31,18700,15.74,0.0,0.0,0.0
2025-04-01,17400,15.24,0.0,0.0,0.0
2025-04-02,16400,14.83,0.0,0.0,0.0
2025-04-03,15300,14.37,0.0,0.0,0.0
2025-04-04,14500,14.02,0.0,0.0,0.0
2025-04-05,15100,14.29,0.0,0.0,0.0
2025-04-06,14900,14.22,0.0,0.0,0.0
2025-04-07,17500,15.27,0.0,0.0,0.0
2025-04-08,21900,16.94,0.0,0.0,0.0
2025-04-09,21600,16.86,0.0,0.0,0.0
2025-04-10,19200,15.94,1.0,1.0,1.0
2025-04-11,19900,16.21,0.0,0.0,0.0
2025-04-12,18800,15.81,0.0,0.0,0.0
2025-04-13,17200,15.15,0.0,0.0,0.0
2025-04-14,16400,14.83,0.0,0.0,0.0
2025-04-15,15900,14.63,0.0,0.0,0.0
2025-04-16,15900,14.64,0.0,0.0,0.0
2025-04-17,15700,14.55,0.0,0.0,0.0
2025-04-18,15300,14.38,0.0,0.0,0.0
2025-04-19,13900,13.79,0.0,0.0,0.0
2025-04-20,13200,13.49,0.0,0.0,0.0
2025-04-21,13300,13.51,0.0,0.0,0.0
2025-04-22,12600,13.21,0.0,0.0,0.0
2025-04-23,13700,13.68,0.0,0.0,0.0
2025-04-24,12700,13.28,0.0,0.0,0.0
2025-04-25,12300,13.08,0.0,0.0,0.0
2025-04-26,13300,13.55,0.0,0.0,0.0
2025-04-27,13500,13.62,0.0,0.0,0.0
2025-04-28,13800,13.75,0.0,0.0,0.0
2025-04-29,13800,13.73,0.0,0.0,0.0
2025-04-30,13900,13.77,0.0,0.0,0.0
2025-05-01,14100,13.84,0.0,0.0,0.0
2025-05-02,14200,13.91,0.0,0.0,0.0
2025-05-03,16100,14.69,0.0,0.0,0.0
2025-05-04,15900,14.6,0.0,0.0,0.0
2025-05-05,14900,14.19,0.0,0.0,0.0
2025-05-06,15200,14.3,0.0,0.0,0.0
2025-05-07,14400,13.99,0.0,0.0,0.0
2025-05-08,14800,14.16,0.0,0.0,0.0
2025-05-09,14900,14.19,0.0,0.0,0.0
2025-05-10,14300,13.93,0.0,0.0,0.0
2025-05-11,13400,13.59,0.0,0.0,0.0
2025-05-12,13000,13.42,0.0,0.0,0.0
2025-05-13,12600,13.22,0.0,0.0,0.0
2025-05-14,12400,13.16,0.0,0.0,0.0
2025-05-15,13000,13.4,0.0,0.0,0.0
2025-05-16,12800,13.3,0.0,0.0,0.0
2025-05-17,12400,13.15,0.0,0.0,0.0
2025-05-18,13200,13.47,0.0,0.0,0.0
2025-05-19,13400,13.57,1.0,0.0,0.0
2025-05-20,14800,14.16,0.0,0.0,0.0
2025-05-21,14900,14.17,0.0,0.0,0.0
2025-05-22,13500,13.63,0.0,0.0,0.0
2025-05-23,13700,13.68,0.0,0.0,0.0
2025-05-24,14800,14.13,0.0,0.0,0.0
2025-05-25,15500,14.44,0.0,0.0,0.0
2025-05-26,17400,15.24,0.0,0.0,0.0
2025-05-27,17800,15.4,0.0,0.0,0.0
2025-05-28,17700,15.36,0.0,0.0,0.0
2025-05-29,21400,16.77,0.0,0.0,0.0
2025-05-30,20800,16.55,0.0,0.0,1.0
2025-05-31,19000,15.86,0.0,0.0,1.0
2025-06-01,17700,15.36,0.0,0.0,0.0
2025-06-02,15600,14.49,0.0,0.0,0.0
2025-06-03,16100,14.69,0.0,0.0,0.0
2025-06-04,16000,14.65,0.0,0.0,0.0
2025-06-05,16300,14.8,0.0,0.0,0.0
2025-06-06,17600,15.31,0.0,0.0,0.0
2025-06-07,18000,15.49,0.0,0.0,0.0
2025-06-08,19200,15.95,0.0,0.0,0.0
2025-06-09,21100,16.67,0.0,0.0,0.0
2025-06-10,21400,16.8,0.0,0.0,0.0
2025-06-11,19400,16.11,0.0,0.0,0.0
2025-06-12,18000,15.59,0.0,0.0,0.0
2025-06-13,16700,15.12,0.0,0.0,0.0
2025-06-14,15100,14.52,0.0,0.0,0.0
2025-06-15,13200,13.72,0.0,0.0,0.0
2025-06-16,12300,13.34,0.0,0.0,0.0
2025-06-17,12100,13.26,0.0,0.0,0.0
2025-06-18,12000,13.24,0.0,0.0,0.0
2025-06-19,12100,13.25,0.0,0.0,0.0
2025-06-20,11400,12.94,0.0,0.0,0.0
2025-06-21,11100,12.83,0.0,0.0,0.0
2025-06-22,10600,12.58,0.0,0.0,0.0
2025-06-23,10100,12.35,0.0,0.0,0.0
2025-06-24,10600,12.6,0.0,0.0,0.0
2025-06-25,11300,12.92,0.0,0.0,0.0
2025-06-26,11800,13.15,0.0,0.0,0.0
2025-06-27,12900,13.63,0.0,0.0,0.0
2025-06-28,12100,13.26,0.0,0.0,0.0
2025-06-29,11100,12.84,0.0,0.0,0.0
2025-06-30,11500,13.02,0.0,0.0,0.0
2025-07-01,13200,13.75,0.0,0.0,0.0
2025-07-02,13300,13.77,0.0,0.0,0.0
2025-07-03,11900,13.17,0.0,0.0,0.0
2025-07-04,10400,12.51,0.0,0.0,0.0
2025-07-05,9900,12.27,0.0,0.0,0.0
2025-07-06,10100,12.37,0.0,0.0,0.0
2025-07-07,11100,12.82,0.0,0.0,0.0
2025-07-08,11200,12.88,1.0,1.0,2.0
2025-07-09,10500,12.53,1.0,1.0,2.0
2025-07-10,10400,12.5,0.0,0.0,0.0
2025-07-11,10400,12.5,0.0,0.0,0.0
2025-07-12,9610,12.13,0.0,0.0,0.0
2025-07-13,9660,12.15,1.0,0.0,0.0
2025-07-14,10300,12.44,1.0,0.0,0.0
2025-07-15,11200,12.87,0.0,0.0,0.0
2025-07-16,10600,12.61,0.0,0.0,0.0
2025-07-17,10600,12.6,0.0,0.0,0.0
2025-07-18,10400,12.52,0.0,0.0,0.0
2025-07-19,9360,12.0,0.0,0.0,0.0
2025-07-20,8270,11.46,0.0,0.0,0.0
2025-07-21,8080,11.37,0.0,0.0,0.0
2025-07-22,8430,11.54,0.0,0.0,0.0
2025-07-23,8910,11.78,0.0,0.0,0.0
2025-07-24,9620,12.13,0.0,0.0,0.0
2025-07-25,8390,11.52,0.0,0.0,0.0
2025-07-26,7990,11.32,0.0,0.0,0.0
2025-07-27,7670,11.15,0.0,0.0,0.0
2025-07-28,7520,11.07,0.0,0.0,0.0
2025-07-29,7470,11.04,0.0,0.0,0.0
2025-07-30,8830,11.75,0.0,0.0,0.0
2025-07-31,8300,11.47,0.0,0.0,0.0
2025-08-01,7530,11.07,0.0,0.0,0.0
2025-08-02,7290,10.94,0.0,0.0,0.0
2025-08-03,7160,10.87,0.0,0.0,0.0
2025-08-04,7050,10.81,0.0,0.0,0.0
2025-08-05,6800,10.67,0.0,0.0,0.0
2025-08-06,6840,10.7,0.0,0.0,0.0
2025-08-07,7180,10.88,0.0,0.0,0.0
2025-08-08,7230,10.91,0.0,0.0,0.0
2025-08-09,6760,10.65,1.0,1.0,1.0
2025-08-10,6670,10.6,1.0,1.0,1.0
2025-08-11,7140,10.86,0.0,0.0,0.0
2025-08-12,9040,11.85,0.0,0.0,0.0
2025-08-13,8340,11.5,0.0,0.0,0.0
2025-08-14,7100,10.84,3.0,3.0,3.0
2025-08-15,8760,11.71,3.0,3.0,3.0
2025-08-16,15100,14.46,3.0,3.0,3.0
2025-08-17,13400,13.8,0.0,0.0,0.0
2025-08-18,9830,12.23,0.0,0.0,0.0
2025-08-19,8120,11.38,0.0,0.0,0.0
2025-08-20,7730,11.18,0.0,0.0,0.0
2025-08-21,7340,10.97,0.0,0.0,0.0
2025-08-22,7150,10.87,0.0,0.0,0.0
2025-08-23,6940,10.75,0.0,0.0,0.0
2025-08-24,6900,10.73,0.0,0.0,0.0
2025-08-25,7480,11.04,0.0,0.0,0.0
2025-08-26,8640,11.65,0.0,0.0,0.0
2025-08-27,8870,11.77,0.0,0.0,0.0
2025-08-28,8150,11.39,0.0,0.0,0.0
2025-08-29,6950,10.76,0.0,0.0,0.0
2025-08-30,6470,10.49,0.0,0.0,0.0
2025-08-31,6360,10.42,0.0,0.0,0.0
2025-09-01,6320,10.4,0.0,0.0,0.0
2025-09-02,6380,10.43,0.0,0.0,0.0
2025-09-03,7490,11.04,0.0,0.0,0.0
2025-09-04,8990,11.82,0.0,0.0,0.0
2025-09-05,7590,11.1,0.0,0.0,0.0
2025-09-06,7050,10.81,0.0,0.0,0.0
2025-09-07,6980,10.77,0.0,0.0,0.0
2025-09-08,7630,11.12,0.0,0.0,0.0
2025-09-09,8850,11.76,0.0,0.0,0.0
2025-09-10,7630,11.12,0.0,0.0,0.0
2025-09-11,6910,10.73,0.0,0.0,0.0
2025-09-12,6820,10.68,0.0,0.0,0.0
2025-09-13,6720,10.63,0.0,0.0,0.0
2025-09-14,6690,10.61,0.0,0.0,0.0
2025-09-15,7380,10.98,0.0,0.0,0.0
2025-09-16,8530,11.59,0.0,0.0,0.0
2025-09-17,7920,11.28,0.0,0.0,0.0
2025-09-18,6840,10.69,0.0,0.0,0.0
2025-09-19,6660,10.59,0.0,0.0,0.0
2025-09-20,6610,10.56,1.0,1.0,1.0
2025-09-21,6820,10.68,1.0,1.0,1.0
2025-09-22,7800,11.21,0.0,0.0,0.0
2025-09-23,8390,11.52,0.0,0.0,0.0
2025-09-24,7400,11.0,0.0,0.0,0.0
2025-09-25,7110,10.84,0.0,0.0,0.0
2025-09-26,6820,10.68,0.0,3.0,3.0
2025-09-27,6690,10.61,0.0,3.0,3.0
2025-09-28,7060,10.81,2.0,3.0,3.0
2025-09-29,8220,11.43,2.0,3.0,3.0
2025-09-30,8430,11.54,3.0,3.0,3.0
2025-10-01,8530,11.6,3.0,3.0,3.0
2025-10-02,8540,11.6,3.0,3.0,3.0
2025-10-03,8480,11.57,0.0,0.0,0.0
2025-10-04,8240,11.45,0.0,0.0,0.0
2025-10-05,8130,11.39,0.0,0.0,0.0
2025-10-06,8180,11.41,0.0,0.0,0.0
2025-10-07,8080,11.36,0.0,0.0,0.0
2025-10-08,8060,11.35,0.0,0.0,0.0
2025-10-09,7950,11.3,0.0,0.0,0.0
2025-10-10,8030,11.34,0.0,0.0,0.0
2025-10-11,8130,11.39,0.0,0.0,0.0
2025-10-12,8070,11.36,0.0,0.0,0.0
2025-10-13,7900,11.27,0.0,0.0,0.0
2025-10-14,7350,10.97,0.0,0.0,0.0
2025-10-15,7100,10.84,0.0,0.0,0.0
2025-10-16,6940,10.75,0.0,0.0,0.0
2025-10-17,6820,10.69,0.0,0.0,0.0
2025-10-18,6890,10.72,1.0,1.0,1.0
2025-10-19,8530,11.56,1.0,1.0,1.0
2025-10-20,13000,13.64,0.0,0.0,0.0
2025-10-21,10000,12.33,0.0,0.0,0.0
2025-10-22,8630,11.64,0.0,0.0,0.0
2025-10-23,8110,11.38,2.0,2.0,2.0
2025-10-24,8300,11.47,2.0,2.0,2.0
2025-10-25,14000,14.04,0.0,0.0,0.0
2025-10-26,14100,14.1,0.0,0.0,0.0
2025-10-27,13400,13.82,0.0,0.0,0.0
2025-10-28,12300,13.34,2.0,2.0,1.0
2025-10-29,16000,14.82,2.0,2.0,1.0
2025-10-30,16400,15.01,0.0,0.0,0.0
2025-10-31,13400,13.8,3.0,3.0,3.0
2025-11-01,23900,17.32,3.0,3.0,3.0
2025-11-02,41700,22.56,0.0,0.0,0.0
2025-11-03,23200,17.38,0.0,0.0,0.0
2025-11-04,17500,15.4,4.0,0.0,0.0
2025-11-05,15400,14.62,4.0,3.0,2.0
2025-11-06,23700,17.49,4.0,3.0,2.0
2025-11-07,32800,20.28,4.0,3.0,1.0
2025-11-08,26300,18.36,0.0,0.0,0.0
2025-11-09,19400,16.08,2.0,2.0,2.0
2025-11-10,18000,15.59,2.0,2.0,2.0
2025-11-11,20100,16.34,0.0,0.0,0.0
2025-11-12,17000,15.22,2.0,1.0,1.0
2025-11-13,17200,15.3,2.0,1.0,1.0
2025-11-14,39800,22.06,0.0,1.0,0.0
2025-11-15,47000,23.94,0.0,0.0,0.0
2025-11-16,36900,21.38,0.0,0.0,0.0
2025-11-17,28400,19.0,0.0,0.0,0.0
2025-11-18,25100,17.99,0.0,0.0,0.0
2025-11-19,20700,16.56,0.0,0.0,0.0
2025-11-20,18700,15.85,0.0,0.0,0.0
2025-11-21,17000,15.24,0.0,0.0,0.0
2025-11-22,17800,15.53,1.0,1.0,1.0
2025-11-23,17600,15.46,1.0,1.0,1.0
2025-11-24,20000,16.32,0.0,0.0,0.0
2025-11-25,17100,15.28,0.0,0.0,0.0
2025-11-26,16500,15.05,0.0,0.0,0.0
2025-11-27,16400,15.03,0.0,0.0,0.0
2025-11-28,16600,15.1,0.0,0.0,0.0
2025-11-29,15700,14.72,0.0,0.0,0.0
2025-11-30,14800,14.4,0.0,0.0,0.0
2025-12-01,14200,14.17,0.0,0.0,0.0
2025-12-02,14200,14.13,0.0,0.0,0.0
2025-12-03,13700,13.96,0.0,0.0,0.0
2025-12-04,13600,13.92,2.0,1.0,0.0
2025-12-05,14400,14.22,2.0,1.0,0.0
2025-12-06,26000,18.18,2.0,1.0,0.0
2025-12-07,33200,20.4,0.0,0.0,0.0
2025-12-08,34600,20.78,3.0,3.0,3.0
2025-12-09,54100,25.52,4.0,4.0,4.0
2025-12-10,62000,27.27,4.0,4.0,4.0
2025-12-11,102000,33.68,4.0,4.0,4.0
2025-12-12,112000,35.06,4.0,4.0,4.0
2025-12-13,82400,31.05,0.0,4.0,4.0
2025-12-14,69000,28.72,4.0,4.0,4.0
2025-12-15,62100,27.3,4.0,4.0,4.0
2025-12-16,73600,29.62,1.0,1.0,1.0
2025-12-17,78700,30.5,1.0,1.0,1.0
2025-12-18,68600,28.6,1.0,1.0,1.0
2025-12-19,59000,26.64,1.0,1.0,1.0
2025-12-20,51400,24.96,0.0,0.0,0.0
2025-12-21,45800,23.63,0.0,0.0,0.0
2025-12-22,36400,21.26,0.0,0.0,0.0
2025-12-23,32500,20.19,0.0,0.0,0.0
2025-12-24,29600,19.37,0.0,0.0,0.0
2025-12-25,28000,18.9,0.0,0.0,0.0
2025-12-26,26700,18.49,0.0,0.0,0.0
2025-12-27,25900,18.24,0.0,0.0,0.0
2025-12-28,22900,17.3,0.0,0.0,0.0
2025-12-29,21800,16.93,0.0,0.0,0.0
2025-12-30,21800,16.93,0.0,0.0,0.0
2025-12-31,18200,15.66,0.0,0.0,0.0
