date,ar_scale,discharge_cfs,prism_3d_tot,daymet_3d_tot,pnnl_3d_tot,conus_3d_tot,ucla_3d_tot,gridmet_3d_tot,hrrr_3d_tot
1981-01-08,1.0,17800,0.698478010704342,2.2882628440856934,1.6771308183670044,0.399434745311737,0.5947146415710449,2.7891050583657577,
1981-01-09,1.0,17600,1.879225621176002,2.748241901397705,8.991935729980469,2.43099308013916,9.246622085571287,3.156809338521402,
1981-01-11,0.0,15100,2.040070745211413,0.8513190150260925,8.373149871826172,2.43091893196106,9.19742202758789,0.4764591439688734,
1981-01-18,3.0,12900,5.986581249585701,13.199912071228027,21.46097946166992,11.162982940673828,16.286510467529297,8.262256809338524,
1981-01-19,3.0,12600,10.90150284845837,14.655418395996094,36.4351692199707,12.47393798828125,20.061473846435547,8.737743190661481,
1981-01-20,3.0,13100,11.432518144350732,16.16651153564453,38.02790832519531,9.792253494262695,15.713963508605955,6.362840466926073,
1981-01-21,3.0,12300,14.616831714551171,16.42096519470215,28.58140563964844,14.401647567749023,12.541755676269531,19.023346303501956,
1981-01-22,2.0,14500,16.7739082032507,21.83319854736328,22.891014099121094,28.168869018554688,27.41371726989746,29.884435797665372,
1981-01-26,0.0,13000,12.144026784713772,20.343603134155277,21.600814819335938,19.075902938842773,25.80189514160156,19.25680933852142,
1981-02-07,0.0,8160,0.0,0.0,0.0024604047648608,0.0,0.0009784309659153,0.2326848249027235,
1981-02-12,1.0,9910,29.196103239520124,49.66776657104492,23.79949760437012,19.60178565979004,7.019163131713867,63.37451361867704,
1981-02-13,1.0,12700,53.2721395495808,71.44988250732422,65.80339050292969,44.04479217529297,36.57292175292969,76.42529182879379,
1981-02-15,3.0,22000,79.94596942843259,86.33161926269531,142.7772674560547,101.1779327392578,114.47817993164062,100.64747081712062,
1981-02-16,3.0,33800,116.6564438274668,101.6204833984375,164.87965393066406,136.68002319335938,146.58392333984375,144.19747081712055,
1981-02-17,3.0,43700,132.03294484610768,100.78719329833984,170.57778930664062,139.84957885742188,147.93295288085938,130.92937743190657,
1981-02-18,2.0,38900,133.96922969407834,91.41129302978516,146.63841247558594,127.65185546875,129.6432342529297,123.32159533073936,
1981-02-19,2.0,37500,109.32539206891396,74.51325225830078,148.26663208007812,119.56887817382812,128.10279846191406,104.9305447470818,
1981-02-20,0.0,39700,83.22637289067299,58.03813934326172,118.96176147460938,93.55549621582033,101.83841705322266,86.30583657587556,
1981-03-06,0.0,10900,11.646703620572366,0.5994498133659363,3.760090351104736,10.354272842407228,4.98371696472168,1.8846303501945527,
1981-03-10,0.0,8930,0.2880152966822702,0.0,0.959582269191742,0.9098150134086608,0.7667720317840576,0.0052529182879377,
1981-03-13,0.0,11300,0.0521797321698526,0.0,1.0870003563923092e-08,0.0181777626276016,0.2329583764076233,0.1727626459143967,
1981-03-26,0.0,12200,16.214141500124576,12.665310859680176,21.47007179260254,11.642044067382812,21.315208435058597,9.900389105058364,
1981-04-01,0.0,17800,49.93331739551479,30.39137458801269,59.1796989440918,53.04676055908203,51.82251739501953,35.75583657587549,
1981-04-07,0.0,15300,40.95237859981722,33.73673248291016,55.61738204956055,39.79831314086914,50.71296310424805,58.84143968871594,
1981-04-10,0.0,16500,57.66507839085267,41.56830596923828,56.95548248291016,52.966434478759766,54.59730529785156,60.51809338521403,
1981-04-18,0.0,15600,9.842120455511637,2.8317084312438965,14.161800384521484,9.889148712158203,9.656192779541016,3.895525291828796,
1981-04-21,0.0,18600,6.231871890493118,15.33530616760254,5.485100269317627,8.733503341674805,12.931900024414062,11.898638132295726,
1981-04-22,3.0,20800,28.795309733426915,25.78603744506836,22.382015228271484,42.0843505859375,43.14414596557617,41.03521400778209,
1981-04-23,3.0,24300,44.56600381275835,36.22188949584961,32.54507827758789,43.600345611572266,44.893798828125,47.647665369649786,
1981-04-24,3.0,30200,58.39638242228081,28.209613800048828,60.81867599487305,54.42026519775391,49.50882339477539,51.38735408560308,
1981-04-27,3.0,18700,1.8042065015981548,27.079988479614254,2.048300743103028,6.452362537384033,7.806766510009766,36.17937743190663,
1981-04-28,3.0,23200,43.023292574524014,46.645164489746094,40.568660736083984,47.45626831054688,64.5938949584961,62.14980544747084,
1981-04-29,3.0,32400,62.70862722279857,48.01335525512695,45.4697494506836,50.56010437011719,74.48588562011719,58.38132295719846,
1981-05-08,0.0,13600,7.583504788856686,10.401968002319336,4.800795078277588,7.234801769256592,11.500537872314451,4.549416342412453,
1981-05-09,0.0,11500,12.312451255263362,9.78115177154541,5.278165340423584,7.316026210784912,13.464441299438477,8.205058365758756,
1981-05-27,0.0,17600,21.250166366364716,7.002097129821777,16.62624168395996,11.975858688354492,9.929468154907228,11.297470817120615,
1981-05-29,0.0,15000,0.0853212236050146,2.7686474323272705,0.0592321343719959,0.0040874746628105,0.112185537815094,3.258365758754864,
1981-06-01,0.0,15700,5.077718924640866,5.089207649230957,3.118240594863892,6.832634925842285,6.441662788391113,2.482101167315176,
1981-06-03,1.0,14000,4.442288728292415,13.797466278076172,8.27276611328125,5.023643493652344,5.099893569946289,19.619455252918307,
1981-06-04,1.0,17400,16.92108605118236,15.711009979248049,22.74742126464844,14.316590309143066,15.252079010009766,30.189494163424143,
1981-06-05,1.0,17300,17.78971511255558,33.837135314941406,31.199954986572266,27.37168884277344,34.50646209716797,52.0274319066148,
1981-06-17,2.0,22300,29.212709377916443,29.122604370117188,29.370418548583984,20.96367073059082,15.971824645996094,38.40933852140077,
1981-06-18,2.0,23300,37.49635948198019,38.754180908203125,45.37084197998047,36.127220153808594,29.96031379699707,58.84319066147857,
1981-06-19,2.0,28400,48.40596371957494,37.79615020751953,58.23676681518555,39.98277282714844,34.83646011352539,51.90856031128404,
1981-06-20,0.0,31400,44.13701725598731,38.99350357055664,60.45624542236328,34.932491302490234,33.60945510864258,44.97412451361868,
1981-06-21,2.0,29300,44.09418169262304,23.020418167114254,45.145263671875,27.988525390625,23.0879020690918,21.944357976653716,
1981-06-22,2.0,27500,22.108449345337046,23.37193298339844,23.6882438659668,20.841625213623047,15.696632385253906,21.870817120622583,
1981-06-25,0.0,24800,13.015533435225654,2.4393038749694824,5.519919395446777,6.472239971160889,4.3196797370910645,1.980350194552528,
1981-06-30,0.0,22800,0.8002619493149941,4.685507774353027,1.270830750465393,0.3732043504714966,0.6285979151725769,4.343190661478597,
1981-07-02,0.0,22600,4.532516258393448,3.255892038345337,1.321297526359558,0.302354484796524,0.3282558023929596,2.7556420233463017,
1981-07-10,0.0,14000,8.44652963073187,5.229701042175293,0.6446874737739563,0.2890150845050812,1.194793462753296,2.793968871595329,
1981-07-13,0.0,15600,10.6156405423771,25.81420135498047,10.355401039123535,16.935033798217773,11.484222412109377,22.595525291828796,
1981-07-18,0.0,19100,12.03187763975376,19.02722930908203,0.4866463840007782,2.880965232849121,7.020256042480469,18.461673151750965,
1981-07-21,0.0,17900,10.467902495244866,7.893880844116211,1.400322437286377,1.8854529857635496,3.175299644470215,1.7826848249027214,
1981-07-24,0.0,15200,0.1590420653298764,2.765117645263672,3.349057197570801,1.963211178779602,5.619793891906738,2.0830739299610883,
1981-08-01,0.0,12100,2.506441688435072,0.0260455887764692,0.7616335153579712,1.2372000217437744,3.97104287147522,0.0737354085603113,
1981-08-25,0.0,9220,0.0868374763301931,0.0342060886323452,0.5641070604324341,0.2330389022827148,0.0984590426087379,0.0552529182879377,
1981-08-31,2.0,6660,6.486952189961538,28.12074851989746,4.923800468444824,3.891220569610596,11.367448806762695,17.72373540856031,
1981-09-01,2.0,11000,37.42299614974607,35.829132080078125,26.75466728210449,23.40536880493164,36.75456237792969,34.79027237354085,
1981-09-03,0.0,12700,47.01639194509912,13.79772663116455,23.92461395263672,19.79889297485352,28.036148071289062,20.450778210116724,
1981-09-15,0.0,6120,0.0682982783742341,0.0,0.000522147398442,0.0,0.0,0.4476653696498055,
1981-09-16,2.0,7540,0.0020172084231164,0.0,0.0016207427252084,0.0,0.0,0.611284046692607,
1981-09-17,2.0,7700,0.0526940718753509,0.0,0.0033800760284066,0.0,0.0269343219697475,1.136575875486381,
1981-09-18,2.0,8660,0.0526940718753509,8.588071823120117,1.1453191041946411,0.0052497363649308,0.1299653202295303,4.594941634241247,
1981-09-20,1.0,8140,11.015879541767733,22.50653076171875,16.030899047851562,6.348590850830078,6.506683349609375,27.804669260700365,
1981-09-21,1.0,7810,25.840514332188263,22.986156463623047,41.05651092529297,33.68549346923828,32.768985748291016,42.75817120622565,
1981-09-23,0.0,8180,36.18599422147807,15.99872589111328,37.48066329956055,39.770164489746094,41.70705795288086,27.876653696498057,
1981-09-25,0.0,5720,10.732860411951153,5.476930618286133,5.969326972961426,7.0248212814331055,10.63129997253418,7.9363813229572,
1981-09-26,1.0,7280,5.4377246688215335,12.182392120361328,5.773838043212891,3.3512847423553467,5.657168865203857,14.728599221789889,
1981-09-27,1.0,6760,8.265986607686472,26.699222564697266,28.11561584472656,14.239336967468262,13.353759765625,49.70739299610892,
1981-09-30,2.0,13200,51.8107284951704,24.959205627441406,26.337432861328125,34.47721099853516,30.05624008178711,19.29221789883269,
1981-10-01,2.0,11500,26.15473805949801,41.50529479980469,16.347492218017578,34.91138458251953,38.57686233520508,40.10817120622566,
1981-10-02,2.0,20300,48.624936893417626,44.84563064575195,35.67134094238281,48.20001602172852,53.953857421875,50.22062256809337,
1981-10-03,0.0,16600,52.3412045689752,43.490196228027344,37.82233047485352,50.79488754272461,51.711334228515625,45.16867704280154,
1981-10-05,2.0,8640,9.892007641080031,29.694271087646484,21.108850479125977,20.592845916748047,23.517621994018555,27.99435797665368,
1981-10-06,2.0,18000,45.691554503133176,52.11304473876953,78.54325103759766,63.48259353637695,58.79628753662109,77.19124513618677,
1981-10-07,2.0,32900,70.62935562810753,59.64521789550781,99.85237121582033,81.44534301757812,78.06880950927734,82.5239299610895,
1981-10-10,0.0,17600,23.817003823757343,14.43422794342041,34.930606842041016,27.98919486999512,39.09718322753906,19.509338521400792,
1981-10-11,0.0,15000,17.082739957783684,2.5089633464813232,18.80701065063477,18.594850540161133,23.751073837280277,4.619455252918291,
1981-10-26,2.0,7640,9.514969397817708,31.233592987060547,7.376439571380615,10.68752098083496,12.345181465148926,22.861867704280165,
1981-10-27,2.0,10900,39.15706121978478,55.75093078613281,33.01166534423828,46.46792602539063,37.18708801269531,49.97801556420231,
1981-10-28,2.0,19300,64.39417403822375,56.57339096069336,48.49394226074219,66.6282730102539,59.789649963378906,65.42976653696495,
1981-10-29,0.0,18800,64.16847806063483,41.10439300537109,49.069854736328125,66.724853515625,56.47835540771485,54.858949416342384,
1981-10-30,4.0,15300,38.43433270489919,39.355224609375,34.47284698486328,44.42567443847656,43.783599853515625,45.94494163424123,
1981-10-31,4.0,18200,40.61621036127421,44.15880584716797,65.42373657226562,45.63847732543945,55.10226821899414,31.090272373540856,
1981-11-01,4.0,18400,34.457845156985854,37.465328216552734,61.05974578857422,37.31082534790039,46.51689529418945,19.608171206225663,
1981-11-02,4.0,14900,29.43415108145113,17.75381851196289,50.02819442749024,23.82931900024414,34.368438720703125,1.406031128404668,
1981-11-03,1.0,13400,3.773063089790706,6.255123138427734,8.17568588256836,6.050263404846191,3.952523469924927,3.3892996108949425,
1981-11-10,4.0,9230,0.198959846365627,6.784742832183838,0.4715433716773987,0.0073378160595893,0.0910501331090927,10.32996108949415,
1981-11-11,4.0,9420,4.899942638842659,39.07088851928711,30.343660354614254,28.87013053894043,55.34031295776367,46.76459143968869,
1981-11-12,4.0,16700,50.59818352276618,48.72264099121094,53.80734634399414,52.5811767578125,81.55029296875,55.65856031128403,
1981-11-14,1.0,15300,60.98153914588487,38.24568939208984,59.81909942626953,59.6264877319336,61.88838958740234,48.83618677042804,
1981-11-15,1.0,17600,40.55532691350303,40.66224670410156,66.38677978515625,48.4188346862793,52.553001403808594,51.545914396887184,
1981-11-20,1.0,16700,37.37936904517948,23.02977752685547,24.385231018066406,39.05583190917969,30.45355987548828,16.78054474708171,
1981-11-21,1.0,16400,29.25586039966229,34.398529052734375,39.64847183227539,43.13347625732422,42.44996643066406,38.37412451361868,
1981-11-30,1.0,9180,15.975929262663682,47.63481903076172,19.75386047363281,15.287591934204102,25.656497955322266,37.18482490272375,
1981-12-01,1.0,14500,55.38360419213312,86.98274230957031,54.4547233581543,50.22496795654297,56.12295150756836,71.22937743190663,
1981-12-02,1.0,21300,103.3382677703697,88.73285675048828,71.12393951416016,74.03463745117188,68.41190338134766,87.29727626459145,
1981-12-04,3.0,17700,58.81407083214099,63.06086730957031,44.28070068359375,42.72091674804688,45.92149353027344,57.36070038910505,
1981-12-05,3.0,22100,43.28409933194119,75.00373840332031,79.8644027709961,53.16389846801758,78.14557647705078,75.63171206225687,
1981-12-08,3.0,22000,63.041523949821865,28.79576873779297,36.029029846191406,30.040302276611328,35.635215759277344,32.912451361867696,
1981-12-09,3.0,19900,35.12868259706486,39.60495376586914,49.65064239501953,29.95823097229004,42.851341247558594,44.98093385214008,
1981-12-10,3.0,24500,52.62112052227596,44.10861587524414,60.4277458190918,45.46860504150391,44.10152816772461,53.85428015564205,
1981-12-16,0.0,16400,33.859189269647544,20.178129196166992,68.61963653564453,28.366931915283203,41.4779167175293,20.00194552529184,
1981-12-17,3.0,15300,18.32097703282121,12.626474380493164,44.88359832763672,15.835833549499512,24.021202087402344,15.071595330739314,
1981-12-18,3.0,14400,10.049543012345804,32.78423309326172,35.501976013183594,3.971410751342773,15.576346397399902,15.78677042801556,
1981-12-19,3.0,19100,33.81247038544417,55.40272521972656,72.4447021484375,38.52663803100586,50.00782012939453,45.21712062256808,
1981-12-25,0.0,13700,21.066059266217277,32.49822235107422,28.912281036376957,28.01852226257324,42.51981735229492,34.580155642023364,
1982-01-07,0.0,11600,7.589533452280925,13.826699256896973,5.617661476135254,7.895799160003662,9.56655502319336,8.582490272373537,
1982-01-10,0.0,9300,15.841910126175415,16.067771911621094,49.04655456542969,21.7888240814209,28.343284606933597,19.762062256809347,
1982-01-13,0.0,10600,23.50407647035805,24.151168823242188,28.832447052001957,15.662120819091797,25.60583877563477,26.52684824902724,
1982-01-15,2.0,13100,37.95632500869594,52.62570190429688,58.18189239501953,39.24790573120117,53.25987243652344,62.60389105058364,
1982-01-16,2.0,15500,61.96315675894115,75.78228759765625,102.46150970458984,87.85359954833984,98.40984344482422,99.12937743190662,
1982-01-22,3.0,12100,4.846934980297475,60.6325798034668,15.494795799255373,11.727569580078123,17.046476364135742,72.37976653696504,
1982-01-23,3.0,17500,64.38934789883706,122.16351318359376,74.80337524414062,88.81510925292969,89.42011260986328,160.69221789883272,
1982-01-24,3.0,36900,143.45411833340077,120.28987121582033,110.29814910888672,134.6549530029297,126.5571746826172,166.88813229571988,
1982-01-25,2.0,28000,144.13291757449775,96.93919372558594,111.79315948486328,140.76199340820312,135.7167205810547,128.5632295719844,
1982-01-26,2.0,25400,112.33891953593417,49.34886932373047,92.6447296142578,113.0029754638672,115.10992431640624,57.27743190661477,
1982-02-01,1.0,19700,73.26611667472592,43.39240264892578,79.35169219970703,73.18373107910156,87.06510925292969,45.83035019455254,
1982-02-02,1.0,20000,58.343663515483904,21.992332458496094,45.64817428588867,40.58542251586914,51.57749176025391,25.69688715953308,
1982-02-04,0.0,17400,13.690227529825108,1.3091673851013184,3.352855443954468,5.040414810180664,6.236776351928711,1.1976653696498047,
1982-02-12,3.0,14800,31.661407283268225,63.81232070922852,32.05914306640625,34.262290954589844,49.234771728515625,78.33871595330739,
1982-02-13,3.0,20200,81.76559271442082,105.54276275634766,100.63296508789062,106.5649871826172,121.9630355834961,184.2134241245136,
1982-02-14,3.0,38100,141.56340735248443,128.34486389160156,163.0006866455078,162.00399780273438,152.66128540039062,206.90583657587555,
1982-02-15,3.0,53900,175.38761963450082,120.7062530517578,207.29641723632807,189.71173095703125,167.34786987304688,189.18307392996115,
1982-02-16,3.0,53900,166.6379964684437,85.28585815429688,182.3858795166016,156.78245544433594,129.37997436523438,106.8665369649806,
1982-02-18,2.0,38300,69.97795802479999,52.72022247314453,90.1978988647461,84.71356201171875,90.73573303222656,82.77023346303503,
1982-02-20,1.0,35000,69.07930402893993,65.45292663574219,98.28875732421876,71.77449035644531,90.02864074707031,76.38035019455252,
1982-02-24,0.0,24300,12.77268258738643,20.994415283203125,20.02056884765625,15.64248275756836,23.09883499145508,9.753696498054463,
1982-02-28,2.0,17700,20.88309177433285,36.58884811401367,16.66094970703125,21.760528564453125,20.432647705078125,30.127626459143958,
1982-03-01,2.0,18200,42.45882214754566,35.14422607421875,61.89247131347656,52.69712448120117,59.41016387939453,42.149610894941645,
1982-03-08,0.0,15100,0.2173728487375557,12.215778350830078,0.0866647064685821,0.062804602086544,0.0613976269960403,5.9859922178988345,
1982-03-14,0.0,17200,46.86995412850927,38.46581268310547,39.06956100463867,34.6478157043457,42.53645324707031,24.97937743190661,
1982-03-18,0.0,14800,0.0692122377629746,0.0,0.071516066789627,0.4223049879074096,1.1037999391555786,0.1303501945525291,
1982-04-06,0.0,10400,9.991292545013664,6.010956287384033,12.154358863830566,12.121783256530762,20.43931770324707,4.125097276264592,
1982-04-13,0.0,17200,56.382629028968445,57.093170166015625,63.94752502441406,78.98225402832031,74.11167907714844,71.16498054474708,
1982-04-26,0.0,14300,0.3110000002689848,0.0,0.0292372182011604,0.0016533879097551,0.0460784286260604,0.1533073929961086,
1982-05-04,0.0,15100,19.501617602693685,25.1376953125,18.029905319213867,22.406543731689453,24.64872360229492,16.82684824902724,
1982-05-08,0.0,17400,6.11343022813018,9.206520080566406,13.51645278930664,10.79360008239746,9.730488777160645,7.149610894941632,
1982-05-14,0.0,19000,3.963254298948252,4.6179962158203125,3.95642352104187,1.9451751708984373,1.4875924587249756,2.1583657587548637,
1982-05-20,0.0,22200,8.75398852178038,1.866852045059204,3.3624749183654785,1.7123678922653198,3.910806179046631,1.59533073929961,
1982-05-24,0.0,22900,0.5666214152055402,0.1229450553655624,0.5285061597824097,0.3991361260414123,0.0483404658734798,0.3511673151750983,
1982-06-01,0.0,24700,0.1080363288447866,5.6530866622924805,0.105448693037033,0.0133385509252548,0.1553626656532287,5.899221789883271,
1982-06-04,0.0,24100,7.825426385294331,3.950754165649414,5.556912422180176,4.313914775848389,5.474551200866699,1.0766536964980546,
1982-06-05,0.0,22000,2.725277245084107,3.6727712154388423,5.814353942871094,2.301356077194214,9.065479278564451,2.2949416342412454,
1982-06-10,0.0,23900,0.1434053542151652,0.0,0.001209927839227,0.0014368525007739,0.0203101877123117,0.0,
1982-06-13,0.0,32300,1.212520077904503,1.5911927223205566,2.754380941390991,0.1288350373506546,2.6070826053619385,0.989494163424125,
1982-06-16,0.0,33800,1.293466542701212,0.0,0.002437105635181,0.0082573750987648,0.0901512578129768,0.1945525291828795,
1982-06-18,0.0,40500,0.136118546569004,0.0,2.286723884026287e-06,9.42062251851894e-06,0.0115284044295549,0.0,
1982-06-25,2.0,36500,0.3733288711106073,1.3964952230453491,4.091392993927002,0.1317463666200637,1.8330744504928589,0.5498054474708178,
1982-06-26,2.0,34100,3.195793498560776,9.30955696105957,9.05455207824707,1.495274305343628,3.069380760192871,8.34805447470817,
1982-06-27,1.0,33800,10.7022523910609,13.111766815185549,21.994686126708984,4.232507705688477,12.454984664916992,9.86634241245136,
1982-06-28,1.0,31500,13.786047798084152,15.581194877624512,18.71588897705078,4.232945919036865,11.493346214294434,12.114396887159533,
1982-07-06,0.0,22100,21.52365010585854,12.224637985229492,20.03441429138184,5.919687747955322,9.154410362243652,6.287159533073931,
1982-07-07,0.0,23000,13.20613192421198,14.11823272705078,4.601871490478516,9.236505508422852,8.328474998474121,22.027821011673147,
1982-07-15,0.0,31800,34.011015340840544,37.19158935546875,14.4822998046875,25.252517700195312,25.427091598510746,42.983268482490274,
1982-07-19,1.0,20600,0.5952581269586419,2.8929686546325684,0.1679452359676361,0.3274249136447906,0.4809483885765075,1.6149805447470824,
1982-07-20,1.0,22600,3.306713196174749,12.832645416259766,0.18118517100811,0.3441387712955475,0.5481704473495483,8.256031128404677,
1982-08-09,0.0,15600,0.7116252390761729,13.003297805786133,2.10163950920105,0.6426084041595459,3.442812442779541,10.967704280155642,
1982-08-12,2.0,16700,19.825164435110384,36.67641830444336,4.845600128173828,6.545417785644531,10.479673385620115,29.965953307392965,
1982-08-13,2.0,20000,44.96774187539776,39.44609069824219,16.09063148498535,25.893285751342773,19.94943046569824,57.19766536964978,
1982-08-27,0.0,12200,0.1233919690753534,0.0,0.0017144622979685,0.027405122295022,0.0819333121180534,0.0,
1982-09-02,0.0,10900,2.208621416797409,0.0036684677470475,0.1081686168909072,0.4557831883430481,0.0566355139017105,3.8708171206225703,
1982-09-06,1.0,9720,16.849715096780756,5.484292030334473,23.346097946166992,10.475224494934082,11.90408706665039,4.5809338521400775,
1982-09-07,1.0,9650,2.976768642335633,0.0317169576883316,3.483942747116089,1.345128059387207,2.7080516815185547,0.2900778210116729,
1982-09-08,1.0,10600,0.7739483754027698,11.197559356689451,0.023506686091423,0.1529998481273651,2.291259288787842,3.5536964980544723,
1982-09-09,1.0,11300,17.69242255074857,20.01845932006836,11.437437057495115,16.94422149658203,23.67696189880371,24.755058365758728,
1982-09-11,2.0,14500,37.37163673953846,29.32297134399414,30.905670166015625,38.82660675048828,44.41996765136719,49.7669260700389,
1982-09-12,2.0,16200,33.311864327632215,25.79385757446289,22.370344161987305,27.83238220214844,29.45893096923828,29.732101167315182,
1982-09-19,0.0,8180,0.0838068831348293,0.0912281051278114,0.9846156239509584,0.0007843755302019,1.1984257698059082,0.3252918287937744,
1982-09-24,0.0,8370,0.216497131855268,7.955500602722168,9.221540451049805,1.1691651344299316,4.1450514793396,15.828988326848242,
1982-09-27,0.0,8040,12.340554505408774,12.822860717773438,7.211331844329834,7.531799793243408,5.146363735198975,11.709727626459143,
1982-09-30,0.0,9130,11.970543024591375,10.0751371383667,12.65410614013672,12.583736419677734,9.817025184631348,6.947470817120624,
1982-10-05,2.0,7500,10.145621439586725,4.691839218139648,4.203786373138428,4.116664409637451,3.5437326431274414,1.7274319066147863,
1982-10-06,2.0,7200,4.959338438640399,26.202667236328125,26.602258682250977,13.41965103149414,20.77884864807129,41.52587548638134,
1982-10-13,0.0,8970,0.8506692176218186,0.0,4.633453499991447e-05,2.3628070266568105e-05,0.0013943886151537,0.8027237354085608,
1982-10-21,3.0,9400,1.8131835564497296,26.49078369140625,5.608276844024658,6.153554916381836,1.6797419786453247,29.174513618677047,
1982-10-22,3.0,13400,30.70645505373489,44.55500030517578,42.74594879150391,57.42574691772461,43.97206878662109,53.68871595330741,
1982-10-23,3.0,19200,41.66220649125933,47.251708984375,51.87737274169922,60.40230941772461,46.31206893920898,52.7614785992218,
1982-10-24,3.0,13100,46.11230974209924,31.254547119140625,50.7646484375,54.47184753417969,45.42438125610352,30.59980544747083,
1982-10-25,3.0,11900,20.44114723793956,27.26423072814941,17.799549102783203,6.315479755401611,5.405892848968506,19.88891050583658,
1982-10-26,3.0,13300,27.01712431310788,42.36817932128906,21.532583236694336,25.658092498779297,20.28400611877441,46.01887159533078,
1982-10-27,3.0,18900,53.20503061717237,44.34125518798828,28.958667755126957,43.85358428955078,37.69222259521485,49.95875486381328,
1982-11-01,0.0,15600,20.438925434264974,13.376557350158691,11.110340118408203,17.48932647705078,20.72338485717773,17.754474708171205,
1982-11-03,1.0,12000,17.85782027055454,10.854559898376465,10.424662590026855,8.686002731323242,9.800311088562012,12.712256809338523,
1982-11-04,1.0,11800,9.19515106981232,23.298810958862305,26.417909622192383,16.858661651611328,30.01850128173828,40.222373540856026,
1982-11-09,0.0,15200,14.999906310434346,4.327446460723877,2.619744062423706,3.093228340148926,3.0443403720855717,1.1324902723735408,
1982-11-13,0.0,10900,6.811604224539844,7.636688232421875,2.669290065765381,3.3972768783569336,4.296330451965332,4.311867704280156,
1982-11-16,0.0,10400,23.38148182663549,37.200477600097656,31.757253646850582,24.338388442993164,39.69196319580078,49.66634241245136,
1982-11-25,0.0,11900,0.4570152945544955,7.133354187011719,0.010060042142868,4.007556480135725e-14,0.0,0.2523346303501945,
1982-12-02,3.0,13300,14.206139562120857,58.793556213378906,25.84218406677246,16.489635467529297,19.849403381347656,69.42217898832686,
1982-12-03,3.0,25000,71.88173037858584,108.61351013183594,131.558349609375,116.4637451171875,100.65315246582033,136.5562256809338,
1982-12-08,0.0,20500,6.772499048698428,0.0995585471391677,0.576571524143219,0.7593724727630615,0.4516198337078094,4.426848249027239,
1982-12-13,0.0,14500,26.481026737167667,29.90582656860352,32.081878662109375,24.45849227905273,34.00966262817383,33.79280155642024,
1982-12-14,1.0,15000,29.387644330442065,40.02025604248047,38.16604995727539,34.48041915893555,48.0927619934082,51.03910505836576,
1982-12-15,2.0,17200,43.810162529092906,52.43349456787109,54.180118560791016,44.21718597412109,54.833526611328125,65.25836575875485,
1982-12-16,2.0,22900,62.20152211143683,59.65544509887695,85.29681396484375,92.54702758789062,89.4617919921875,78.00194552529182,
1982-12-18,0.0,21600,77.48098666991604,48.877471923828125,94.20733642578124,98.5788116455078,89.66862487792969,63.650972762645935,
1982-12-23,0.0,14600,20.04479350009933,21.90736389160156,16.78876495361328,19.71680450439453,28.05268669128418,18.21245136186771,
1982-12-24,0.0,13500,12.815478018787068,11.399001121520996,10.708151817321776,11.67331886291504,18.235092163085938,9.400194552529186,
1982-12-30,0.0,11900,0.1791988526124606,0.0,0.1126241460442543,0.0212611202150583,6.850884528830647e-05,0.0011673151750972,
1983-01-04,2.0,11800,41.18639962475552,86.127685546875,66.38484191894531,54.63707733154297,49.88687896728516,104.90175097276268,
1983-01-05,2.0,23000,87.10589861641878,94.00077056884766,109.55850219726562,85.82682037353516,76.29864501953125,125.59727626459151,
1983-01-06,2.0,29300,75.28465001852061,109.0547332763672,109.7340850830078,78.4904556274414,71.89103698730469,124.46478599221795,
1983-01-07,2.0,22500,95.1395141932522,116.46236419677734,135.57879638671875,95.79801940917967,81.61273956298828,114.27626459143974,
1983-01-08,2.0,42200,106.00230771451334,117.1826171875,138.7804718017578,110.73342895507812,112.45345306396484,106.4875486381323,
1983-01-09,2.0,40000,108.4830171004308,165.62245178222656,153.68682861328125,134.93716430664062,153.22857666015625,146.75272373540855,
1983-01-10,2.0,46600,170.1904243237658,138.1754150390625,198.34771728515625,181.7601776123047,212.81271362304688,138.67529182879375,
1983-01-13,0.0,28100,25.3007419011244,11.559996604919434,33.222900390625,8.865095138549805,11.43212890625,3.870817120622571,
1983-01-17,2.0,16100,5.782780109787401,6.458985328674316,2.529543161392212,0.1460182815790176,6.502398490905762,4.046108949416341,
1983-01-18,2.0,17100,5.17878393796838,11.753292083740234,4.71821928024292,3.038581371307373,9.579150199890137,13.553891050583658,
1983-01-19,2.0,16300,9.42317973663581,11.63059902191162,10.452360153198242,12.096921920776367,18.23627281188965,16.339883268482488,
1983-01-20,0.0,17200,7.395546853192191,11.361993789672852,9.837761878967283,15.06056785583496,16.836490631103516,14.70214007782101,
1983-01-22,0.0,14400,3.5613059254145485,23.68850326538086,2.6301791667938232,3.181755781173706,5.115202903747559,10.817509727626454,
1983-01-25,2.0,13600,32.8175372856297,26.218454360961918,54.37076950073242,35.99557876586914,35.332130432128906,33.60836575875486,
1983-01-26,2.0,14600,23.64530782421506,35.451210021972656,64.43425750732422,43.33050537109375,47.35717010498047,46.69085603112843,
1983-01-27,1.0,16700,33.597414920252554,42.603126525878906,63.53904724121094,46.334598541259766,66.34391784667969,48.32042801556423,
1983-01-28,0.0,19600,41.49224281812489,32.010311126708984,55.01063537597656,37.730411529541016,60.7899169921875,39.69046692607007,
1983-01-30,0.0,16100,17.22433840586175,2.155865430831909,3.84325909614563,5.167722702026367,4.785274982452393,1.6239299610894948,
1983-02-04,0.0,12200,0.0,0.0,0.0058318981900811,9.89968839348876e-07,2.11754631891381e-05,0.0,
1983-02-10,4.0,12400,19.847703612785267,53.02821731567383,28.22400283813477,28.81636428833008,19.22261619567871,36.30136186770428,
1983-02-11,4.0,13000,48.30879918795014,58.3448371887207,64.98077392578125,66.17647552490234,61.12594604492188,59.30350194552529,
1983-02-12,4.0,16600,48.28050666785377,57.97225189208984,73.16116333007812,72.1570816040039,83.44532012939453,60.29299610894941,
1983-02-13,4.0,22400,57.568873809127005,43.66997146606445,77.82489013671875,85.06671905517578,91.6876220703125,51.103501945525295,
1983-02-15,0.0,18900,39.61498856048739,36.245025634765625,37.12864303588867,34.59172821044922,36.26485824584961,17.470233463035022,
1983-02-16,2.0,18400,33.71419120752333,36.396583557128906,45.22029113769531,32.89434051513672,45.72939300537109,28.300583657587552,
1983-02-17,2.0,19600,32.726271510515524,45.7998046875,72.72932434082031,54.68027877807617,65.4719009399414,53.52821011673152,
1983-02-18,2.0,23900,43.80939769607356,37.10417938232422,69.76992797851562,57.79868316650391,63.55649566650391,51.09649805447471,
1983-02-19,1.0,22700,35.41075908050011,34.897220611572266,47.280738830566406,44.68966674804688,47.24057388305664,44.18171206225681,
1983-02-20,1.0,20500,39.46222947337033,24.06314468383789,59.043487548828125,49.43977355957031,57.05192184448242,25.40797665369649,
1983-02-22,2.0,19200,37.43360231301069,32.061363220214844,80.6962890625,59.09547424316406,63.054344177246094,30.36614785992218,
1983-02-23,2.0,21300,33.54286617439518,36.4460334777832,50.18829345703125,24.37512588500977,33.21620178222656,39.211867704280166,
1983-02-24,2.0,23900,31.45269602571345,42.88597106933594,58.42586517333984,31.590389251708984,39.683101654052734,35.84085603112842,
1983-03-08,3.0,18100,34.120695982448915,44.73836898803711,40.7525634765625,35.620323181152344,46.444366455078125,57.674124513618665,
1983-03-09,3.0,24300,61.044288737254206,51.56208801269531,106.38899230957033,71.5001220703125,85.65196228027344,74.8678988326848,
1983-03-20,0.0,15300,0.9336443599297916,0.1456305235624313,0.0003103785275015,2.607408760013641e-06,0.0094778882339596,0.3159533073929957,
1983-03-23,0.0,15400,7.653237087103177,13.15887451171875,4.3298163414001465,6.398368835449219,7.400338172912598,10.342996108949414,
1983-03-30,0.0,20800,64.34855448060009,53.489524841308594,73.06694030761719,74.25483703613281,74.02848052978516,72.1231517509728,
1983-03-31,0.0,21600,72.70378963908549,43.06856918334961,76.25652313232422,76.50566864013672,80.52189636230469,60.77976653696502,
1983-04-01,0.0,20300,52.555504756151606,28.58878517150879,42.46728897094727,42.517127990722656,47.00859832763672,34.25719844357978,
1983-04-15,0.0,12200,0.5060076476508808,0.342593252658844,0.000786067917943,0.1469053030014038,0.0033305322285741,0.0023346303501945,
1983-04-24,0.0,12700,10.323055462065431,17.00263023376465,15.74779987335205,14.772932052612305,10.974496841430664,23.73035019455253,
1983-04-28,0.0,11700,5.640235174061102,1.5244543552398682,10.74555778503418,12.615924835205078,15.011383056640623,3.4178988326848265,
1983-05-02,0.0,13500,2.025875721933021,5.079724311828613,0.8653503060340881,2.0258989334106445,2.940756797790528,6.724319066147866,
1983-05-10,0.0,12000,7.633866150796024,6.659823417663574,11.294415473937988,20.78548622131348,21.31391716003418,4.896498054474708,
1983-05-14,0.0,12900,9.0816558368342,33.03179168701172,0.1380926370620727,2.448986053466797,2.0077693462371826,11.513813229571982,
1983-05-18,0.0,12500,15.589393870673993,13.597661018371582,5.947589874267578,4.259084224700928,8.251045227050781,7.449221789883269,
1983-05-26,0.0,23700,0.0,0.0,1.332168403367362e-11,1.9466253320388205e-07,0.0014256068971008,0.0,
1983-05-27,0.0,23400,0.0,0.0,1.332168403367362e-11,1.9466253320388205e-07,0.0018658151384443,0.0,
1983-05-31,0.0,28600,0.2474837481976,1.2896274328231812,0.0019842912442982,0.0292325317859649,0.0534655526280403,0.3237354085603109,
1983-06-04,0.0,19100,2.346237093462862,0.9352531433105468,6.889997482299805,2.305943727493286,2.987135648727417,0.6107003891050583,
1983-06-09,2.0,21900,3.442621411241717,19.804031372070312,1.68181049823761,0.4112617671489715,1.712193727493286,2.8805447470817143,
1983-06-10,2.0,22100,25.376298302755405,31.835176467895508,39.48666763305664,28.144916534423828,23.18454360961914,31.141634241245136,
1983-06-16,1.0,20500,10.102541101030004,30.091739654541016,15.784565925598145,12.135255813598633,8.235315322875977,12.852918287937737,
1983-06-17,1.0,20100,26.390608035000604,36.42812347412109,29.635740280151367,34.87795639038086,19.841205596923828,33.95486381322954,
1983-06-26,0.0,16600,10.010239012651573,5.207135677337647,14.04454517364502,9.66084098815918,10.689069747924805,4.821789883268483,
1983-07-10,5.0,13000,6.424797318526321,10.562057495117188,14.144290924072266,1.6067441701889038,2.4504833221435547,12.879182879377431,
1983-07-11,5.0,13000,12.789110881276653,45.39735412597656,8.150078773498535,18.87710189819336,13.24770736694336,43.56712062256814,
1983-07-12,5.0,35900,65.07504780732525,74.72618103027344,20.52713394165039,68.08951568603516,54.38795471191406,65.1706225680934,
1983-07-13,5.0,48500,101.73669796563811,90.02033233642578,56.35073852539063,90.14414978027344,75.73335266113281,111.15622568093384,
1983-07-17,0.0,27700,18.21484701952676,19.80118560791016,9.178939819335938,5.478970527648926,9.321203231811523,5.722373540856029,
1983-07-22,0.0,21800,12.201200772504,5.489920139312744,15.767465591430664,2.8394734859466557,9.15891170501709,6.252723735408564,
1983-07-24,0.0,22000,0.6611797329635817,0.052412711083889,0.0010949560673907,0.3723282217979431,0.4588246345520019,12.591828793774322,
1983-07-25,0.0,21800,0.92949330747879,3.893329620361328,0.079148344695568,8.890203475952148,2.3754146099090576,13.914591439688715,
1983-08-15,0.0,13900,0.0093250478218072,0.0,7.358520260139502e-13,0.0001127070136135,0.0336876660585403,0.4791828793774321,
1983-08-19,0.0,9560,0.3961223710878586,0.1106325164437294,0.0132337259128689,0.0009761954424902,0.008962825872004,0.0591439688715953,
1983-08-22,0.0,9560,0.1654282990650738,0.0,3.999605178250931e-05,0.0014153302181512,0.0677174180746078,0.8196498054474711,
1983-08-28,1.0,8160,4.549120459940426,12.327085494995115,7.38270378112793,2.7138924598693848,1.4664697647094729,8.225875486381321,
1983-08-29,1.0,8300,11.92848949561169,20.241004943847656,18.81271171569824,10.277353286743164,8.988706588745117,12.285019455252916,
1983-08-31,0.0,10900,17.784696006958892,23.03330993652344,23.83409309387207,14.40544605255127,17.37797737121582,11.788132295719846,
1983-09-06,1.0,10900,2.255772464067709,7.669433116912842,6.01862907409668,1.9629698991775515,3.3663535118103027,3.4570038910505816,
1983-09-10,1.0,10900,22.21929255555082,39.23569107055664,28.33411979675293,28.554977416992188,22.991762161254883,54.61108949416344,
1983-09-20,0.0,9200,6.129032499459171,1.944239854812622,0.8901346921920776,3.096190452575684,10.641257286071776,7.934630350194558,
1983-09-23,0.0,9000,1.5701414897230348,0.4039150178432464,4.268732300261036e-05,0.0,0.0,0.0,
1983-10-02,1.0,7170,0.4509024866088694,4.505159378051758,0.0041964151896536,0.0490127317607402,0.0049130185507237,0.159727626459144,
1983-10-03,1.0,5990,3.1482600392114874,12.45431137084961,1.1263301372528076,3.288788080215454,6.591986179351807,9.455058365758752,
1983-10-04,1.0,8660,11.338428302496862,12.314485549926758,5.316051483154297,8.244501113891602,18.320480346679688,10.865564202334628,
1983-10-07,0.0,8320,0.5886099447307478,0.0637132823467254,0.1494993269443512,0.2522395253181457,0.4970980286598205,0.4391050583657597,
1983-10-11,0.0,6940,2.6768642383312405e-05,0.0,0.0532321408390998,0.5150038599967957,4.752537250518799,0.0,
1983-10-21,2.0,6050,18.38057361492294,43.39261245727539,10.757777214050291,10.060257911682127,16.171119689941406,35.602918287937726,
1983-10-22,2.0,10500,58.46764431712191,44.83277893066406,36.056339263916016,41.1154670715332,45.726707458496094,53.84357976653696,
1983-10-24,2.0,10600,52.32565194497153,21.46173477172852,36.7907829284668,37.20542144775391,42.01872634887695,33.31556420233464,
1983-10-25,2.0,10200,17.038011459194312,9.39712142944336,9.84503936767578,4.701756954193115,7.830225467681885,4.551556420233467,
1983-10-26,2.0,9060,6.073200772523553,8.89465618133545,4.212985515594482,2.520350933074951,7.002325534820557,4.498054474708174,
1983-10-27,2.0,9170,6.840728494980645,2.239679336547852,19.468542098999023,2.3504889011383057,12.94269561767578,2.1241245136186766,
1983-10-29,1.0,8160,2.1253116623862214,5.487537860870361,17.61276626586914,1.5263811349868774,9.124638557434082,2.8630350194552543,
1983-10-30,1.0,7740,3.887474186517909,20.62662506103516,12.812088012695312,12.377965927124023,8.217264175415039,25.46536964980548,
1983-11-01,2.0,13400,26.85982027694264,41.39898681640625,25.18174934387207,36.853492736816406,26.87616539001465,56.0926070038911,
1983-11-02,2.0,13800,55.61048945509847,61.39005279541016,30.324012756347656,48.38848114013672,32.40928649902344,69.45233463035021,
1983-11-03,1.0,22700,75.2067035735673,92.9770278930664,86.1025390625,91.3639144897461,67.0783462524414,123.23696498054478,
1983-11-05,1.0,28000,109.53395025862336,70.53421020507812,97.4892349243164,89.31230926513672,77.48445129394531,92.80583657587552,
1983-11-06,1.0,23000,84.95786232291854,48.13417053222656,61.10623550415039,56.27109146118164,54.41510009765625,50.38910505836574,
1983-11-10,3.0,20000,20.98302485981874,31.9202880859375,33.20417404174805,26.29861831665039,32.86053466796875,41.04610894941633,
1983-11-11,3.0,21800,36.40575338437099,34.795021057128906,36.943939208984375,39.88764190673828,44.82312774658203,51.02276264591439,
1983-11-13,0.0,20600,42.3120344571812,34.26236343383789,35.05304718017578,34.93958282470703,45.72967147827149,41.88852140077822,
1983-11-14,3.0,19900,34.99031165840521,63.74166870117188,42.54368591308594,43.960060119628906,45.70494842529297,78.11108949416345,
1983-11-15,3.0,30900,89.88604600525267,86.95829772949219,99.7015151977539,124.48556518554688,116.62942504882812,118.8412451361868,
1983-11-16,3.0,57900,126.40399054313936,98.65965270996094,123.14627838134766,151.34341430664062,132.30274963378906,123.48404669260702,
1983-11-19,0.0,34000,71.43382028867819,54.62860107421875,69.50105285644531,72.22911071777344,64.25724792480469,68.16439688715953,
1983-11-23,0.0,20000,6.21604397924226,27.376678466796875,3.4698634147644043,4.607102394104004,8.197746276855469,20.08190661478601,
1983-12-01,0.0,16700,0.4919885283587127,0.0,0.0006539685418829,0.0001554399204906,0.00250960374251,0.5079766536964977,
1983-12-08,0.0,11400,22.757200781795746,31.19265556335449,51.18268585205078,43.79134750366211,44.93159866333008,36.506225680933845,
1983-12-10,0.0,13200,53.249598476145394,39.26480102539063,86.16435241699219,63.318153381347656,67.55487060546875,43.757976653696495,
1983-12-24,0.0,13000,0.0638183552148995,0.0386902168393135,0.0218737460672855,0.0155886672437191,0.0037206532433629,0.2634241245136187,
1983-12-28,0.0,11200,10.13460612162101,8.41547679901123,14.477025985717772,13.205949783325195,13.49494457244873,20.712062256809336,
1984-01-01,2.0,14900,45.516478022473,,,36.03108596801758,58.13833236694336,,
1984-01-02,2.0,14400,44.71798849055418,,,34.69763946533203,66.28546905517578,,
1984-01-03,4.0,21200,63.1273040483805,108.05259704589844,48.92195129394531,58.56491088867188,99.06651306152344,148.6217898832684,
1984-01-04,4.0,49600,123.54005741457638,118.2118148803711,134.083740234375,88.01964569091797,128.52186584472656,169.75894941634235,
1984-01-05,4.0,81300,131.3949102069862,103.39525604248048,119.83429718017578,77.31718444824219,95.87503051757812,116.84066147859916,
1984-01-10,0.0,26300,17.251630959205862,22.10580444335937,29.0841121673584,18.617374420166016,30.388404846191406,15.808365758754864,
1984-01-11,0.0,24200,17.259191187960276,21.706790924072266,21.783281326293945,13.57351779937744,31.292266845703125,15.830350194552532,
1984-01-21,0.0,13500,6.298946460485716,26.435422897338867,16.269882202148438,11.087306022644045,8.750600814819336,22.732295719844377,
1984-01-22,1.0,13600,32.03479349897906,40.93626403808594,51.282012939453125,44.57289123535156,42.40283203125,59.236381322957214,
1984-01-23,3.0,14100,44.34321030193715,58.14287567138672,86.74966430664062,74.17547607421875,79.13177490234375,104.46906614785992,
1984-01-24,3.0,21600,70.07521031053298,98.41554260253906,132.230224609375,103.70358276367188,128.66648864746094,152.73093385214003,
1984-01-25,3.0,45200,123.5135240171881,103.96026611328124,163.02093505859375,131.02212524414062,147.24639892578125,149.04202334630344,
1984-01-26,1.0,39100,131.22784149008544,91.793212890625,135.83912658691406,107.34960174560548,120.21955871582033,113.70700389105052,
1984-01-27,1.0,30300,115.00615890258584,43.32509994506836,114.78514099121094,72.89108276367188,70.36100006103516,55.67723735408558,
1984-01-28,1.0,28600,48.17607656184603,30.79201889038086,77.37301635742188,15.762805938720703,27.2512321472168,27.4476653696498,
1984-01-29,0.0,28600,32.58738817138189,18.35452651977539,70.44829559326172,10.934087753295898,20.44971466064453,17.06245136186771,
1984-02-07,1.0,15300,4.530390067373484,11.588964462280272,4.1237311363220215,0.770939290523529,1.6600278615951538,6.591245136186775,
1984-02-08,1.0,14700,8.22930019710326,18.44511032104492,17.05972671508789,9.22433090209961,7.3284010887146,18.36284046692608,
1984-02-09,1.0,15600,12.559160612806249,24.67852210998535,23.29329872131348,18.827999114990234,14.137880325317385,24.498249027237364,
1984-02-10,1.0,17200,20.501374757900106,27.667388916015625,45.215763092041016,42.26966094970703,32.968544006347656,34.022568093385225,
1984-02-12,1.0,19400,32.84419120667924,46.67319488525391,76.90354919433594,78.63865661621094,76.4343032836914,66.0398832684825,
1984-02-13,0.0,23500,52.4224646477733,56.1572265625,81.59304809570312,72.44824981689453,75.80658721923828,71.54241245136187,
1984-02-19,2.0,16200,0.918219885151356,14.621658325195312,11.372445106506348,6.616346836090088,9.097962379455566,15.99338521400778,
1984-02-20,2.0,18100,15.038040152344902,38.18471145629883,60.41926193237305,20.92909240722656,35.26496505737305,44.50428015564202,
1984-02-21,0.0,24500,35.3040554690091,47.81741714477539,70.41326141357422,30.32783508300781,53.734649658203125,48.99961089494163,
1984-02-29,0.0,18600,22.934686402403827,27.90052032470703,25.135528564453125,7.938648223876953,11.363463401794434,18.49027237354086,
1984-03-09,0.0,16500,2.349011475668622,1.5791499614715576,0.2272009402513504,0.022524707019329,0.098148226737976,1.3657587548638146,
1984-03-20,1.0,17200,33.94987568454319,48.480079650878906,58.02431869506836,39.34876251220703,38.27696228027344,55.37120622568092,
1984-03-21,1.0,24000,48.37603245038774,50.45253753662109,64.23176574707031,47.28374481201172,45.36542510986328,60.02723735408557,
1984-04-07,0.0,15300,25.33722561064228,25.41980743408203,29.01825714111328,17.381120681762695,27.046356201171875,32.167120622568106,
1984-04-13,2.0,15800,29.96626383100368,27.24163055419922,46.0346908569336,44.21387100219727,43.18623733520508,27.72140077821012,
1984-04-14,2.0,11700,29.201497117374416,19.32804298400879,41.19647216796875,37.4153938293457,35.47705841064453,21.007392996108948,
1984-04-15,2.0,12000,20.068963643243578,10.14499568939209,21.257488250732425,10.451025009155272,8.5571928024292,3.6978599221789863,
1984-04-23,0.0,10900,20.89234036430102,17.073305130004883,23.4378662109375,21.955602645874023,22.18819046020508,14.27762645914397,
1984-04-28,0.0,9700,0.6235602294610382,4.009336471557617,0.9586937427520752,3.629285097122192,2.7980191707611084,5.537937743190665,
1984-05-03,0.0,15900,46.34975145355465,35.795799255371094,27.65209579467773,58.256473541259766,50.316253662109375,45.68754863813226,
1984-05-06,0.0,10700,9.99933268422578,6.8410162925720215,8.565248489379883,11.882652282714844,22.046287536621094,8.02704280155642,
1984-05-07,1.0,10400,9.714722747745991,9.929815292358398,8.163430213928223,9.343239784240724,20.467744827270508,6.844163424124513,
1984-05-08,1.0,10800,10.01004780359975,15.196663856506348,16.93071174621582,8.419124603271484,24.36910629272461,14.260505836575874,
1984-05-11,0.0,13500,30.58407458723153,45.30913925170898,35.06248474121094,38.60289001464844,38.13519287109375,50.12529182879376,
1984-05-12,0.0,18700,57.23224100120429,42.40596389770508,21.354434967041016,34.82530212402344,30.914819717407227,43.824902723735406,
1984-05-13,0.0,17200,45.62972475166978,38.691017150878906,18.831451416015625,33.20973205566406,27.255386352539062,44.10739299610896,
1984-05-18,2.0,15400,5.490405352633931,14.625871658325195,3.509974956512451,4.854944229125977,4.271326541900635,10.41750972762646,
1984-05-19,2.0,16100,16.910145318481973,37.859519958496094,21.448945999145508,33.740440368652344,30.45222282409668,51.94824902723733,
1984-06-02,0.0,18900,8.908095606136177,4.495448112487793,10.682701110839844,9.367999076843262,6.942607402801514,1.3451361867704286,
1984-06-06,0.0,17200,19.34942253962529,19.17788314819336,22.55221176147461,39.68853378295898,34.46369171142578,22.89533073929961,
1984-06-07,0.0,16400,17.971336501278337,19.685901641845703,16.343101501464844,43.301795959472656,45.506614685058594,16.638910505836577,
1984-06-11,0.0,15600,5.303481837755503,3.0803468227386475,1.009060621261597,5.960405349731445,4.914693355560303,1.2945525291828803,
1984-06-14,0.0,22500,10.55517592462159,2.915977001190185,0.3808542490005493,3.1455469131469727,0.2534237205982208,2.973929961089493,
1984-06-24,0.0,26800,0.8699866151884572,0.0306311752647161,0.0254134871065616,0.2859141528606415,0.6818647384643555,0.1120622568093384,
1984-06-25,1.0,28400,0.7380726545981005,1.174700140953064,0.0480602160096168,0.0909841433167457,0.2012982666492462,0.0167315175097276,
1984-06-26,1.0,28700,5.363632873741528,6.597158908843994,4.868551731109619,9.762615203857422,12.254712104797363,9.035992217898832,
1984-06-27,2.0,30900,11.239372827998588,10.397750854492188,7.693890571594238,12.950528144836426,16.077800750732422,9.725486381322956,
1984-06-28,2.0,29200,17.542261939177273,18.26820373535156,7.690927982330322,13.678878784179688,16.34080696105957,13.478988326848247,
1984-06-29,2.0,31000,25.9408241148836,23.470272064208984,14.124364852905272,22.51715850830078,13.243186950683594,25.528988326848243,
1984-06-30,2.0,32600,30.01222375505444,22.279603958129883,19.239288330078125,24.14498519897461,13.073068618774414,27.299221789883266,
1984-07-01,2.0,28200,29.07532318794644,14.434198379516602,21.778032302856445,27.031736373901367,16.966060638427734,25.609727626459133,
1984-07-03,1.0,25300,7.232770567759204,1.2379002571105957,3.677743434906006,3.6857967376708975,4.611384868621826,2.0939688715953286,
1984-07-04,1.0,24000,1.489172082642551,0.1136762350797653,1.1173235177993774,0.0696267113089561,0.4661509692668915,1.5840466926070045,
1984-07-05,1.0,24700,0.9245927334759994,0.3260769844055176,2.2206552028656006,0.1114763915538787,1.875763177871704,2.037354085603113,
1984-07-08,0.0,22700,0.0372275333396599,0.1578482836484909,0.6637806296348572,0.091677114367485,0.4763882160186767,0.0,
1984-07-09,0.0,22500,0.0306940724731317,0.0,0.0246377736330032,0.0026066047139465,0.0091589326038956,0.0233463035019455,
1984-07-19,0.0,25400,0.8860994266075871,0.0,0.0002210738166468,8.679122061039379e-07,0.0,0.0,
1984-07-21,0.0,19100,1.1966003819498328,0.9911953806877136,2.455205202102661,0.6285563111305237,0.1218906641006469,0.4513618677042803,
1984-07-25,1.0,21700,0.0166405355137101,0.0005270786932669,0.0538111515343189,0.0017815590836107,0.1105018630623817,0.69455252918288,
1984-07-26,1.0,24800,0.0221797324947204,0.0005270786932669,0.8824613690376282,0.0092768166214227,0.2093632668256759,0.69455252918288,
1984-07-31,0.0,15800,0.2550956019506225,3.2945327758789062,0.0168496407568454,0.0001624094438739,0.4387122392654419,0.6675097276264592,
1984-08-05,0.0,19400,2.10824856488279,5.908466339111328,2.6104156970977783,3.9239675998687744,1.2055437564849854,5.358560311284046,
1984-08-09,0.0,14300,0.0016099426100283,0.0,0.0622061528265476,0.0001179126338684,0.0093134669587016,0.0,
1984-08-15,1.0,12200,1.1930152950142858,0.0,1.5824042558670044,1.2423909902572632,3.4929404258728027,1.1266536964980534,
1984-08-16,1.0,11500,0.0057973231484554,0.0,0.0011057023657485,0.0001292595698032,0.1239323988556861,0.0,
1984-08-17,1.0,10300,0.0057973231484554,0.0,0.9533981084823608,0.0229988154023885,1.1417043209075928,0.0130350194552529,
1984-08-18,0.0,10900,0.0057973231484554,0.0258110407739877,1.0807186365127563,0.0236828029155731,1.1412521600723269,0.0130350194552529,
1984-08-26,1.0,7600,9.759889137276303,18.49319076538086,0.0832147076725959,0.0474754571914672,0.0442268215119838,5.677237354085605,
1984-08-27,1.0,8740,29.35435758093256,31.371978759765625,40.51324081420898,24.81035614013672,30.135560989379883,37.712062256809325,
1984-08-30,0.0,10200,7.439485661275676,0.00263407593593,0.4109264314174652,0.4610505700111389,0.2004087418317794,0.2807392996108948,
1984-09-04,1.0,7080,1.678586998891422,9.555294036865234,1.5256390571594238,0.0186923332512378,0.0215577110648155,9.586575875486387,
1984-09-05,1.0,9340,14.876548776482537,29.69963264465332,27.350061416625977,19.948509216308597,22.89217567443848,39.35155642023345,
1984-09-07,1.0,14300,45.21535754114025,35.269901275634766,42.43846893310547,34.13640213012695,26.66704368591309,43.69591439688712,
1984-09-08,1.0,12900,41.0403058947904,17.0614013671875,28.936546325683597,22.40079498291016,17.747631072998047,19.662840466926053,
1984-09-15,3.0,9120,1.223982792477663,0.0033403609413653,0.2497530281543731,2.4765493869781494,0.1161950901150703,0.0723735408560311,
1984-09-16,3.0,8070,0.6854531562962368,0.1387152671813964,0.1540961265563964,0.0835030376911163,1.4285422563552856,0.0723735408560311,
1984-09-17,3.0,7070,0.2357342259995781,0.1387152671813964,0.1541328430175781,0.0835151597857475,1.4969515800476074,0.0723735408560311,
1984-09-18,3.0,7980,0.1306022939046962,0.135374903678894,0.0754483193159103,0.0298734623938798,2.283217430114746,0.3478599221789885,
1984-09-19,0.0,8750,0.1752982785701342,1.704432249069214,0.0484340265393257,0.0159294195473194,0.9564877152442932,3.190077821011675,
1984-09-22,0.0,10400,34.22281834451628,32.02006912231445,10.212896347045898,14.423002243041992,17.465904235839844,35.66478599221789,
1984-10-03,1.0,7160,0.2095525822594199,4.441142082214356,0.0199707150459289,9.15291311684996e-05,0.0410706587135791,2.5667315175097265,
1984-10-04,1.0,6790,5.49677054842455,13.322918891906738,11.21109104156494,8.887441635131836,7.434636116027832,10.23657587548638,
1984-10-06,5.0,6550,15.620565959277348,16.69794464111328,16.72119903564453,10.57298469543457,12.735654830932615,12.98249027237354,
1984-10-07,5.0,6750,13.207177817289065,10.118741989135742,5.681810855865479,7.029806137084961,33.63814926147461,6.587743190661479,
1984-10-08,5.0,7500,6.258686429520234,20.12186813354492,0.479458600282669,10.31186866760254,41.38645935058594,14.810700389105056,
1984-10-09,5.0,10300,19.49695415696041,27.056930541992188,8.296626091003418,20.77532768249512,46.772117614746094,26.860311284046688,
1984-10-10,3.0,13300,31.40328303578708,46.00259399414063,42.823974609375,46.30622100830078,45.54182052612305,52.77412451361869,
1984-10-12,1.0,17200,47.834927347376514,58.64851379394531,52.2468376159668,62.883750915527344,62.10224914550781,74.53054474708176,
1984-10-13,1.0,18300,62.59664053488416,49.8579216003418,61.3232650756836,60.09090423583984,63.71598052978516,65.01439688715956,
1984-10-21,0.0,11000,0.0,0.0,0.0009650936699472,0.0154029438272118,0.0002731011772993,0.0669260700389104,
1984-10-24,2.0,11400,16.552539190403,38.26537322998047,1.596833109855652,1.1987510919570925,2.520540237426758,11.892801556420238,
1984-10-25,2.0,13600,42.81171509525498,52.85773849487305,37.13991928100586,31.38133811950684,33.42864227294922,65.17587548638133,
1984-10-27,0.0,15800,53.63283557896404,39.918556213378906,51.146263122558594,56.60565185546875,49.27360916137695,76.65719844357977,
1984-11-01,2.0,12500,40.59580304882116,69.47850036621094,36.80913543701172,36.394439697265625,47.506385803222656,74.823346303502,
1984-11-02,2.0,16800,85.08426197622853,100.80789947509766,118.45458221435548,82.72239685058594,92.54705047607422,121.89260700389114,
1984-11-03,2.0,27400,126.11948183589516,113.55819702148438,171.6400146484375,122.39486694335938,114.93397521972656,156.20739299610904,
1984-11-12,0.0,18900,45.15391204652134,37.2401237487793,69.88275146484375,44.60006332397461,53.487674713134766,60.65077821011674,
1984-11-17,1.0,14300,1.2204952209973778,9.86565113067627,0.0568638332188129,0.0039545460604131,0.2746059000492096,8.4204280155642,
1984-11-18,1.0,12200,9.538732327540655,21.794734954833984,13.642062187194824,10.32730197906494,13.67822551727295,27.254085603112834,
1984-11-19,0.0,15200,24.53628491346874,37.60432052612305,28.500221252441406,27.49591064453125,41.97119903564453,41.23715953307392,
1984-11-22,3.0,13300,21.2773059318038,13.962976455688477,7.259588241577148,9.73004150390625,8.967137336730957,5.5665369649805445,
1984-11-23,3.0,14000,16.135883366247462,27.593725204467773,34.5212287902832,28.059764862060547,32.238372802734375,41.01750972762648,
1984-11-27,1.0,13800,38.54485289854341,52.19804000854492,53.77520751953125,34.79742431640625,30.233837127685547,50.68268482490275,
1984-11-29,0.0,17200,66.719764948689,54.61963653564453,92.8103256225586,61.49044799804688,58.25442886352539,79.39610894941634,
1984-11-30,0.0,16100,57.431762911393584,42.18087387084961,56.05904769897461,45.70819091796875,49.59154510498047,37.61984435797663,
1984-12-05,0.0,11700,0.3638355608385797,0.0,1.8212364011560567e-05,3.288706466264557e-06,0.0001320352312177,1.4404669260700391,
1984-12-06,0.0,11200,9.79322943072205,15.694452285766602,0.0,0.0,0.0,1.471984435797666,
1984-12-07,2.0,11000,36.80914531240883,32.821929931640625,31.360414505004883,22.659473419189453,24.98674201965332,52.77957198443583,
1984-12-08,2.0,22700,60.8229215829838,45.57261276245117,66.80750274658203,58.050106048583984,53.48719024658203,67.43190661478603,
1984-12-10,0.0,17600,38.97137856135861,25.031049728393555,48.71255111694336,45.27683639526367,40.57351303100586,30.721011673151743,
1984-12-12,0.0,15600,19.13036139306557,28.02109146118164,43.874473571777344,26.670528411865234,36.003746032714844,24.40719844357975,
1984-12-14,1.0,14700,44.20677049608321,55.14884185791016,70.66699981689453,71.29657745361328,84.10993957519531,77.23968871595329,
1984-12-28,0.0,11100,25.876424455961807,35.645896911621094,16.131044387817383,20.03477668762207,13.148907661437988,38.55953307392997,
1985-01-01,0.0,9420,22.938791570226066,,,20.22292900085449,15.66772174835205,,
1985-01-05,0.0,11600,0.0,0.0,3.94801926612854,0.0533111579716205,1.1619884967803955,0.3861867704280158,
1985-01-19,0.0,14900,10.807871863768831,19.30145263671875,61.53753662109375,5.311999320983887,25.78636360168457,14.6215953307393,
1985-01-22,0.0,15900,9.390841285433456,1.0085920095443726,7.242080211639404,8.697378158569336,7.121487617492676,7.151750972762644,
1985-01-23,0.0,15900,1.4141281029929802,0.0125734647735953,0.0040530916303396,0.0005224705091677,0.0302594248205423,0.3591439688715953,
1985-02-05,0.0,10800,5.127175903400979,14.46352481842041,8.272855758666992,5.081405162811279,11.01479434967041,7.840466926070039,
1985-02-11,1.0,9570,42.16035951897889,62.18254852294922,63.66828155517578,69.61045837402344,77.21012878417969,83.54610894941638,
1985-02-14,1.0,9520,28.106630985682077,17.048112869262695,21.91304397583008,16.577709197998047,18.81870460510254,12.638521400778204,
1985-02-22,0.0,11300,24.77140726647687,18.639911651611328,28.266355514526367,15.508235931396484,26.177181243896484,17.36011673151751,
1985-03-07,0.0,11500,8.99846079696707,3.687256813049317,4.616341590881348,4.84883975982666,7.485914707183838,5.084630350194557,
1985-03-11,0.0,8510,0.8008852804168243,0.0,0.0042432756163179,0.0,0.0,0.0,
1985-03-12,0.0,8930,0.3555602289148184,0.0,0.0485277958214283,0.0068572373129427,0.0308358334004879,0.0,
1985-03-18,0.0,8030,1.378883365518992,0.0,2.1536914573516697e-05,8.322692883666605e-05,0.0731054842472076,0.0,
1985-03-23,1.0,9910,25.114499071303108,37.90117645263672,53.66058349609375,57.94438934326172,61.851829528808594,50.15680933852141,
1985-03-26,0.0,10800,34.196648210384595,20.86743927001953,21.54798889160156,15.133808135986328,19.69755744934082,13.064202334630345,
1985-03-31,0.0,12600,44.68365960616536,42.60687255859375,54.38514709472656,47.84783554077149,49.40300369262695,57.846692607003874,
1985-04-01,0.0,12000,52.59582977079525,35.895240783691406,83.1317367553711,51.25444793701172,58.06816864013672,46.169649805447456,
1985-04-04,0.0,16300,27.06914724177974,29.85121726989746,22.439697265625,18.1865348815918,19.45635414123535,30.38035019455254,
1985-04-08,0.0,12900,0.4124646253105214,0.0020766898524016,0.0014838776551187,0.000167342412169,0.0670998245477676,0.0998054474708171,
1985-04-13,0.0,23600,20.90855260180994,11.563352584838867,20.491920471191406,12.746899604797363,14.054931640625,15.96750972762645,
1985-04-19,0.0,14900,12.737692167061155,15.051366806030272,10.88509750366211,15.201770782470703,14.937349319458008,12.335214007782104,
1985-04-23,0.0,11500,27.795042090095222,36.76595687866211,37.56029510498047,38.59703826904297,34.07045364379883,59.400583657587525,
1985-04-25,0.0,12600,50.62134419247708,28.874216079711918,49.0777473449707,44.90990829467773,47.381935119628906,35.48521400778209,
1985-04-26,2.0,11300,29.618663484376437,49.77378082275391,33.56495666503906,33.215309143066406,36.14297866821289,69.63171206225684,
1985-04-27,2.0,18100,63.96116831759058,60.06674575805664,53.91407012939453,64.88714599609375,67.12045288085938,87.27392996108955,
1985-04-30,0.0,14200,20.7351491511746,2.2404255867004395,4.523626327514648,2.6785242557525635,4.061123847961426,0.6760700389105065,
1985-05-08,0.0,13900,2.8434206580785046,0.2645051777362823,0.9983490705490112,3.612581253051758,0.7344490885734558,2.217509727626459,
1985-05-24,0.0,32200,3.771908209991711,5.758822917938232,2.246444702148437,1.6302779912948608,3.916359186172485,4.806420233463037,
1985-05-29,0.0,21400,3.79625812721355,11.333938598632812,17.598791122436523,4.605493545532227,18.070804595947266,11.09299610894941,
1985-06-02,0.0,21500,3.2869235202443057,1.186131477355957,0.2119726240634918,1.7877845764160156,2.1024317741394043,2.4315175097276254,
1985-06-05,0.0,26200,19.242755256721217,30.373903274536133,11.125532150268556,14.02377700805664,5.204096794128418,24.972957198443588,
1985-06-08,0.0,41500,68.8567992077275,50.545677185058594,62.80980682373047,59.76059722900391,56.42537689208984,67.01809338521404,
1985-06-26,0.0,19300,1.0918604228414068,0.1387296915054321,1.0582921504974363,0.4216242730617523,2.6092331409454346,0.0,
1985-06-27,0.0,18500,0.0072409177473238,0.0,0.0058198762126266,0.0050010257400572,0.112152561545372,0.0,
1985-07-01,0.0,16600,0.0008126195254388,0.0,0.131736010313034,0.0343953296542167,0.0161415804177522,0.0,
1985-07-10,0.0,22100,0.0,0.0,0.0443229712545871,0.0130585487931966,0.0779960975050926,0.0,
1985-07-14,0.0,17100,0.0,0.0,0.0001755884150043,0.0003534487041179,0.0202973037958145,0.0,
1985-07-18,0.0,15700,4.475319331768503,7.201858043670654,0.3058061897754669,0.2897372543811798,1.637794017791748,4.575875486381329,
1985-07-26,0.0,11900,0.0,0.0,0.0772399231791496,0.248054951429367,0.1030709445476532,0.0,
1985-07-27,0.0,11500,0.0,0.0,0.0042719086632132,9.072241624608068e-08,0.0006091059185564,0.0,
1985-08-02,0.0,13100,8.509701719264728,11.284403800964355,19.69772148132324,15.470306396484377,30.19845199584961,8.053501945525294,
1985-08-04,0.0,10800,1.4049445490184085,0.4645876884460449,7.9536285400390625,0.7226471900939941,7.662436485290527,0.0087548638132295,
1985-08-12,0.0,8920,2.944925430435135,0.0679193511605262,0.5986111164093018,1.1275837421417236,0.5209062695503235,2.083657587548637,
1985-08-21,0.0,7220,0.705344168563466,1.4252924919128418,0.8869234323501587,0.6522731781005859,0.4423630833625793,2.6702334630350197,
1985-08-22,0.0,7460,0.7053403444715062,0.3921264410018921,0.8800468444824219,0.6531205773353577,0.4473007023334503,1.4857976653696494,
1985-08-25,0.0,6580,0.0,0.0,1.6803224086761477,0.0,0.0015308613656088,0.0346303501945525,
1985-08-26,0.0,6530,0.0,0.0,1.6803224086761477,0.0,0.0012655452592298,0.0346303501945525,
1985-08-29,0.0,7810,0.5738068844434799,1.460895538330078,1.7398159570802818e-06,0.073859803378582,0.0178361609578132,3.9801556420233455,
1985-08-30,0.0,8090,1.5519273459860596,7.422211170196533,4.166946887969971,5.285286903381348,6.075632572174072,8.815953307392999,
1985-09-04,2.0,6440,2.4377495243706444,8.356109619140625,1.640101671218872,3.3005683422088623,4.23667049407959,4.916147859922177,
1985-09-05,2.0,5860,8.819673062310407,44.71216583251953,18.734590530395508,12.954736709594728,23.30301284790039,40.548638132295714,
1985-09-06,2.0,16400,51.66137860158288,58.87489318847656,38.29100036621094,46.91544342041016,53.497291564941406,74.89105058365756,
1985-09-12,1.0,8850,9.459663478816088,12.272089958190918,10.708943367004396,13.900174140930176,9.937347412109377,11.512840466926066,
1985-09-13,1.0,8210,8.909770554538824,15.630176544189451,12.642122268676758,13.652549743652344,10.95567512512207,11.661673151750971,
1985-09-22,0.0,6400,0.5297361381345715,0.0039978916756808,2.8158278465271,0.7085307836532593,3.5865671634674072,0.3824902723735409,
1985-09-24,0.0,6400,0.906575525246728,0.0230596922338008,0.0032394181471318,0.0006365541485138,0.0372434146702289,0.706614785992218,
1985-09-25,0.0,5900,0.906575525246728,0.0230596922338008,0.0001721907465253,4.162519644523855e-07,0.0006437496049329,0.3359922178988327,
1985-10-01,1.0,5760,0.412084130477917,3.185190439224243,0.0070845084264874,0.7010286450386047,0.8570896983146667,3.581517509727627,
1985-10-02,1.0,6060,1.5561567865163852,7.206032752990723,0.423926442861557,1.0665102005004885,6.109700202941895,6.633073929961088,
1985-10-03,1.0,5850,5.869391962931042,6.486049652099609,0.5587566494941711,1.423960566520691,6.465365409851074,6.260894941634239,
1985-10-10,1.0,5440,1.7631950266917469,19.763813018798828,11.34034538269043,0.635381281375885,6.5718512535095215,8.636575875486384,
1985-10-11,1.0,6020,27.941105114934025,32.66930389404297,43.13752746582031,34.59160614013672,44.20251083374024,38.74105058365759,
1985-10-14,2.0,9670,32.165567865456325,33.35651779174805,32.193992614746094,29.7121696472168,53.09991455078125,36.43346303501946,
1985-10-15,2.0,18700,42.44022942444819,43.36604309082031,36.7260971069336,33.19693756103516,66.06011199951172,37.770622568093394,
1985-10-16,1.0,20900,57.05651813939242,37.10031509399414,52.59837341308594,46.75666809082031,73.12083435058594,52.61712062256808,
1985-10-17,0.0,17200,43.07148371700929,28.311908721923828,31.344003677368164,30.94900131225586,45.44671630859375,26.688715953307373,
1985-10-18,2.0,14600,30.84475714867145,22.23423385620117,21.140380859375,22.56103134155273,28.09654235839844,28.567315175097256,
1985-10-19,2.0,13600,20.799596531514744,37.719032287597656,32.08353805541992,31.4285831451416,34.408451080322266,33.970428015564224,
1985-10-20,1.0,17300,44.07447802083367,38.5596923828125,40.446250915527344,44.13032531738281,43.78996276855469,37.13852140077823,
1985-10-21,1.0,17400,39.87879925188707,43.12710952758789,50.15781784057617,53.24610900878906,54.26526641845703,41.57801556420235,
1985-10-24,1.0,19000,69.5737169863617,93.998046875,105.53179931640624,85.31314086914062,89.220703125,128.14688715953304,
1985-10-25,1.0,40000,118.09720274504012,83.05854034423828,85.86788940429688,76.06217956542969,83.29788970947266,138.79260700389108,
1985-10-26,2.0,32400,99.2576176878599,110.56792449951172,86.36674499511719,100.89411926269533,107.06781005859376,151.69883268482488,
1985-10-27,2.0,51700,134.09805556692996,92.83870697021484,87.01214599609375,108.57814025878906,119.82538604736328,119.56070038910504,
1985-10-31,3.0,23300,17.27678012021752,39.19684600830078,28.037647247314453,27.96682357788086,37.9250602722168,28.80116731517511,
1985-11-01,3.0,26500,58.68954681334786,76.16217041015625,83.68878173828125,93.61984252929688,94.61248779296876,119.23677042801556,
1985-11-02,3.0,50900,115.631715153417,97.67123413085938,98.89720916748048,93.25949096679688,93.80564880371094,137.5721789883268,
1985-11-03,3.0,56200,150.28015684169748,89.26811981201172,112.04624938964844,102.42854309082033,96.79867553710938,140.14922178988323,
1985-11-05,1.0,35000,65.66618358929344,41.095848083496094,42.1921272277832,40.87825012207031,53.88627624511719,64.50933852140076,
1985-11-06,1.0,33100,50.37735755676065,42.29235076904297,35.85381317138672,30.397703170776367,48.23306274414063,66.86848249027236,
1985-11-08,0.0,29000,55.25459839486256,30.71789932250977,27.748300552368164,27.618188858032227,34.3043212890625,34.80194552529181,
1985-11-12,0.0,19600,1.979346080786232,0.3336909711360931,0.2776310443878174,0.1496438533067703,0.0411837846040725,0.1610894941634241,
1985-11-16,0.0,19100,34.94076862047474,39.783912658691406,33.53276443481445,25.283832550048828,21.584177017211918,44.723735408560295,
1985-11-24,0.0,14300,1.6445889107261502,0.2149123251438141,0.4842104017734527,0.3551781475543976,0.0662141367793083,0.133657587548638,
1985-12-04,1.0,9340,36.90718350668854,35.134368896484375,44.252323150634766,39.86468124389648,51.012542724609375,40.11575875486384,
1985-12-05,1.0,8630,36.13811275983197,24.134490966796875,53.86203002929688,38.996395111083984,51.36011505126953,25.5070038910506,
1986-01-02,0.0,9360,31.34344354159101,,,25.63419914245605,40.4059944152832,,
1986-01-07,3.0,12700,39.730715104888496,33.8811149597168,49.38709259033203,51.13686752319336,48.41607284545898,45.66361867704283,
1986-01-08,3.0,12900,39.85801337934527,18.87046813964844,62.31897735595703,48.94234085083008,51.25912094116211,20.824513618677027,
1986-01-09,2.0,12800,14.212070750619729,24.297887802124023,42.54117965698242,17.821516036987305,30.50731658935547,22.967704280155623,
1986-01-10,2.0,12200,20.63069407255825,25.32752990722656,71.9521484375,27.299224853515625,43.45960998535156,34.0178988326848,
1986-01-11,2.0,16100,23.29341109578514,19.744569778442383,64.32652282714844,27.408966064453125,34.66305923461914,21.99922178988326,
1986-01-13,1.0,13700,13.19347418816364,4.328333377838135,21.81186866760254,14.544754981994627,15.877901077270508,3.5315175097276272,
1986-01-14,1.0,13600,4.283745689813963,7.576909065246582,5.703860282897949,3.3686411380767822,2.677581787109375,4.426653696498055,
1986-01-18,4.0,25100,108.05249512719834,136.62615966796875,126.73800659179688,137.38461303710938,139.3739013671875,184.87665369649795,
1986-01-19,4.0,63400,170.77800769058285,112.33902740478516,140.60385131835938,139.8868408203125,143.99261474609375,153.2970817120622,
1986-01-27,1.0,20200,9.964120437563832,17.082447052001953,14.14869499206543,9.252175331115724,8.629764556884766,15.511673151750966,
1986-02-17,0.0,15400,67.13058504025162,56.49653244018555,67.03831481933594,84.42893981933594,78.64219665527344,77.30447470817116,
1986-02-23,4.0,15800,45.98972085465893,96.74781799316406,77.52740478515625,73.21092224121094,72.53269958496094,139.2873540856032,
1986-02-24,4.0,43600,131.6329273934802,123.3949737548828,163.2085723876953,133.6313018798828,129.57044982910156,172.68521400778224,
1986-02-25,4.0,60900,156.04534611396534,112.39710998535156,200.78399658203125,144.92626953125,144.03305053710938,161.21789883268497,
1986-03-01,0.0,25700,2.099063096386131,0.0027671621646732,10.438308715820312,0.0312664359807968,0.5944616794586182,0.0,
1986-03-06,2.0,18700,2.1138814560491164,9.585124969482422,11.590782165527344,0.811044454574585,15.614896774291992,11.76906614785993,
1986-03-07,2.0,19600,10.577237083323311,28.23464584350586,45.77994537353516,39.820068359375,45.91826248168945,40.13949416342412,
1986-03-25,2.0,16200,24.05242254221202,38.80146408081055,41.50697326660156,36.017112731933594,32.1480712890625,34.15136186770427,
1986-03-26,2.0,16700,39.0001968820339,26.897768020629883,65.65446472167969,38.32844543457031,38.71503448486328,26.150389105058355,
1986-03-27,2.0,16800,25.4978125831878,29.76288604736328,44.506309509277344,14.085511207580566,16.68415069580078,26.955447470817116,
1986-03-28,2.0,17900,32.97104013137106,22.562225341796875,39.651153564453125,13.825983047485352,19.569536209106445,21.40700389105059,
1986-04-08,0.0,12800,0.5154665393312328,0.5599722862243652,0.2819447219371795,0.0475652627646923,0.2598484456539154,0.3959143968871599,
1986-04-10,0.0,11600,1.4167896752075664,4.459966659545898,1.7671291828155518,0.4405692815780639,1.3371021747589111,5.432101167315169,
1986-04-19,2.0,10800,9.507107068744247,9.15407943725586,15.657917022705078,15.395139694213867,14.813322067260742,8.325875486381333,
1986-04-20,2.0,10000,7.832980871215474,11.307451248168944,19.775001525878903,14.668359756469728,26.102481842041016,12.308171206225692,
1986-04-21,2.0,11000,11.964434017657648,23.15438842773437,27.79310607910156,21.16275405883789,38.53620147705078,22.38210116731518,
1986-04-22,2.0,15900,26.78530590881524,21.85604476928711,32.57197570800781,24.31964492797852,34.85197448730469,23.757976653696492,
1986-04-26,0.0,11700,15.048435943828892,24.041889190673828,23.293651580810547,24.397085189819336,18.138708114624023,27.96653696498055,
1986-05-01,1.0,12900,9.169934994155804,7.265182971954346,10.820693016052246,11.254165649414062,12.839923858642578,7.601361867704284,
1986-05-02,1.0,12600,6.601445505558692,10.918889999389648,15.146013259887695,19.709455490112305,13.43669891357422,9.246887159533074,
1986-05-07,0.0,11800,4.013351827012696,0.8808929920196533,4.819218158721924,5.387805938720703,8.252488136291504,1.6906614785992218,
1986-05-08,0.0,11700,2.806474187889717,0.9461467266082764,1.3874508142471311,3.0340070724487305,6.257108688354492,2.658754863813229,
1986-05-12,1.0,11500,14.868151056551532,40.4848518371582,23.72373580932617,33.97144317626953,22.08097076416016,52.96945525291825,
1986-05-13,1.0,20000,52.73588907777222,51.07879257202149,49.271915435791016,64.33343505859375,46.96474456787109,75.87626459143962,
1986-05-17,1.0,12600,1.6613518170919803,11.855958938598633,15.495136260986328,1.9725911617279053,3.79744291305542,4.543190661478603,
1986-05-18,1.0,13100,13.98305736240142,20.076875686645508,24.905548095703125,9.365989685058594,16.22871208190918,22.960700389105057,
1986-05-19,1.0,19200,20.106311659836816,33.92934799194336,30.477685928344727,13.003931045532228,25.51249885559082,28.29007782101167,
1986-05-21,0.0,26600,24.26308219666356,21.17669486999512,29.081127166748047,16.859031677246094,19.926485061645508,21.152918287937744,
1986-05-23,4.0,18700,5.524726585169852,3.643339157104492,5.146711349487305,3.3754615783691406,2.05933165550232,2.94182879377432,
1986-05-24,4.0,16800,3.591290633749737,1.3592374324798584,6.368232727050781,5.26480770111084,4.424065589904785,1.3169260700389116,
1986-05-25,4.0,14600,1.0792504794860924,1.4401098489761353,3.3202083110809326,2.590491533279419,3.134262561798096,1.8546692607003887,
1986-05-26,4.0,21900,1.195562143500246,1.5631353855133057,3.726181983947754,3.2387337684631348,3.858036756515503,2.548249027237354,
1986-05-29,0.0,28000,0.8974435958177934,0.0,0.7093814015388489,0.0200287494808435,0.5181097984313965,0.0966926070038909,
1986-06-03,0.0,30700,0.2088604206611076,0.0,1.176945447921753,0.0007623858982697,0.0881852135062217,0.0,
1986-06-05,0.0,25100,0.1543843218038147,0.2124852389097213,1.7145895957946775,3.0577778816223145,0.7467522621154785,0.0068093385214007,
1986-06-06,0.0,23200,0.1454971316867075,1.471838116645813,0.5682275295257568,3.079217433929444,1.687855243682861,0.2702334630350192,
1986-06-15,1.0,21300,8.92155447695983,7.3315205574035645,21.22532081604004,1.9483047723770144,4.473658084869385,6.448832684824902,
1986-06-16,1.0,19700,7.273072638786862,10.67567253112793,36.99742889404297,3.655568599700928,5.313235759735107,7.605836575875488,
1986-06-17,1.0,19200,8.28281259656453,15.101083755493164,36.17377853393555,4.935883522033691,5.414665699005127,14.291828793774332,
1986-06-18,1.0,18400,12.355590827549838,26.249624252319336,30.02715110778809,12.044353485107422,9.904261589050291,21.11517509727628,
1986-06-28,0.0,17400,1.3019043979563094,11.19053077697754,4.64920711517334,3.9227004051208496,1.3821121454238892,6.536575875486379,
1986-06-29,0.0,18300,10.789401536203972,14.987977981567385,14.661029815673828,7.710342407226562,1.661945939064026,9.652723735408555,
1986-06-30,2.0,16800,11.159801155548005,14.280563354492188,14.298051834106444,7.711312294006348,1.6497688293457031,13.785797665369646,
1986-07-01,2.0,15500,11.619671137694066,17.210899353027344,11.760147094726562,5.604237079620361,5.072739124298096,17.29377431906614,
1986-07-02,2.0,18200,23.86598853605985,20.156753540039062,2.968799591064453,7.614266395568848,10.078805923461914,18.863035019455246,
1986-07-07,0.0,13500,0.4320382399141279,2.1984589099884038,1.3491849899291992,0.1360235959291458,1.2047837972640991,0.4363813229571986,
1986-07-10,1.0,11500,3.76765200822217,10.003582000732422,12.94610595703125,16.420557022094727,12.815372467041016,15.461478599221785,
1986-07-21,0.0,13600,0.0037762906669904,1.407360315322876,0.1414994299411773,0.0019004825735464,0.4636755585670471,1.6159533073929946,
1986-07-28,0.0,11200,0.8062906284199094,0.0118764005601406,0.229896992444992,0.7141956686973572,1.3014825582504272,0.0,
1986-07-31,0.0,7090,0.0,0.0,0.0029767504893243,0.1040473505854606,0.0403218194842338,0.0,
1986-08-07,0.0,11200,0.0,0.0,2.5793751774472184e-06,7.587783329654485e-05,0.000667649845127,0.0,
1986-08-08,0.0,11700,0.0,0.0,1.0135142929357244e-06,0.0001007919636322,0.0,0.0,
1986-08-09,0.0,11500,0.0,0.0,0.0,0.0002032961201621,0.0018529307562857,0.0023346303501945,
1986-08-22,0.0,7370,0.0,0.0,0.0106890834867954,0.0,0.0001675352687016,0.0,
1986-08-27,0.0,8150,0.0168260038580147,0.0,0.0074690636247396,0.0193829033523798,0.025289574638009,0.0484435797665369,
1986-09-01,2.0,7220,2.093453152873375,1.3704272508621216,1.5288642644882202,1.4194633960723877,22.292478561401367,3.938521400778212,
1986-09-02,2.0,7540,0.7015736143460434,0.5256752371788025,0.2596686482429504,0.2763390839099884,1.146354913711548,0.4350194552529179,
1986-09-03,2.0,7400,0.287338430860817,0.486961305141449,0.0132400020956993,0.2048799991607666,0.2630723416805267,0.7153696498054476,
1986-09-14,0.0,4600,3.898533459920187,5.777850151062012,13.073064804077148,7.484491348266602,11.382808685302734,5.579766536964985,
1986-09-23,1.0,6000,11.288030585518506,32.3306770324707,22.220314025878903,30.989917755126957,25.442487716674805,52.08949416342408,
1986-09-28,0.0,7630,18.190787774703445,26.8538818359375,18.798015594482425,14.070173263549805,32.460304260253906,21.31459143968872,
1986-09-30,0.0,10500,32.14733845242664,20.52764320373535,28.255102157592773,20.577266693115234,27.858755111694336,17.037937743190675,
1986-10-02,1.0,8830,6.188401540213115,2.403655767440796,2.9750068187713623,1.2241601943969729,4.20408296585083,2.5120622568093385,
1986-10-03,1.0,8120,0.9284282986911184,0.3462549746036529,0.376830518245697,0.4117599725723266,0.9660728573799132,0.9472762645914392,
1986-10-04,1.0,7460,0.0395066925236798,0.4145393669605255,0.6119641065597534,0.1975801885128021,2.182224988937378,0.0943579766536964,
1986-10-05,1.0,5700,0.0647839390308583,0.1008723303675651,0.5821378827095032,0.193498894572258,2.306441068649292,0.0943579766536964,
1986-10-16,0.0,5590,0.1975927357141188,0.0,7.189759799075546e-06,0.0,0.0,0.0,
1986-10-20,0.0,5230,0.0,0.0,3.522774022712838e-06,0.0015988441882655,0.0770290791988372,0.0,
1986-10-22,0.0,5270,0.0079407266169309,0.0,2.18957538891118e-05,1.3821694665239193e-05,0.0006207057158462,0.0,
1986-10-24,3.0,3800,0.2793441676017409,9.67096996307373,0.0243542362004518,0.0053638913668692,0.0248399171978235,0.5894941634241243,
1986-10-25,3.0,4100,9.202774375520182,34.03810119628906,15.311619758605955,11.878835678100586,40.7197380065918,37.92548638132296,
1986-10-26,3.0,6190,36.45348951415191,74.76271057128906,73.68063354492188,67.70758056640625,108.90782928466795,98.3622568093385,
1986-10-27,3.0,18500,90.59121037046287,83.23045349121094,100.55049896240234,82.56494903564453,130.3400421142578,112.86264591439688,
1986-10-29,2.0,13700,73.90223325854795,34.91972351074219,30.309608459472656,20.550193786621094,25.533008575439453,30.73151750972764,
1986-10-30,2.0,12700,40.59218931295281,24.791580200195312,17.683292388916016,29.70456314086914,20.564977645874023,27.28832684824904,
1986-11-05,0.0,11000,17.699294465773626,27.504304885864254,15.035923957824709,13.418360710144045,11.227079391479492,39.37470817120624,
1986-11-09,0.0,10600,19.20199042639204,7.30662727355957,9.980409622192385,9.185302734375,14.721257209777832,13.996108949416351,
1986-11-10,1.0,10400,4.9773690200383625,8.146554946899414,1.52387797832489,2.927199125289917,5.763280868530273,1.4579766536964984,
1986-11-11,1.0,10600,8.917393881452528,11.781390190124512,5.887895107269287,9.341072082519531,11.824874877929688,11.593385214007784,
1986-11-12,1.0,9890,11.978529632043664,13.290428161621094,6.130280017852783,9.702166557312012,12.290413856506348,11.417509727626465,
1986-11-18,2.0,11900,68.26065583461556,68.29861450195312,65.18778991699219,66.85694122314453,70.01903533935547,86.85272373540862,
1986-11-19,3.0,19900,82.90672464284113,103.49577331542967,75.67420196533203,70.11940002441406,75.8393325805664,108.4258754863814,
1986-11-20,3.0,30100,136.06243411099706,115.0720672607422,139.36166381835938,135.2725830078125,138.49636840820312,180.5856031128405,
1986-11-23,3.0,31300,103.950244857066,121.00230407714844,116.64797973632812,124.62327575683594,128.14187622070312,156.08346303501943,
1986-11-24,3.0,65100,161.6005086379115,112.89290618896484,139.97454833984375,145.58563232421875,145.00442504882812,152.81731517509724,
1986-11-25,1.0,49000,139.82087574554447,96.64512634277344,110.66798400878906,123.79634857177734,135.12635803222656,134.50486381322952,
1986-11-26,1.0,33000,114.76306306848562,49.81224822998047,51.17964172363281,48.817081451416016,76.68079376220703,61.95330739299608,
1986-11-27,1.0,28500,50.596663479253394,46.75855255126953,47.43489837646485,36.15010833740234,63.25933837890625,66.81653696498051,
1986-11-30,0.0,19100,4.166971318273721,11.620849609375,1.922778367996216,3.272352457046509,1.993119239807129,2.635992217898832,
1986-12-08,0.0,13500,2.759082222368745,0.0102187357842922,0.3739310801029205,0.0161656774580478,0.1733357906341552,0.5556420233463041,
1986-12-10,0.0,12200,0.5990497144927444,0.0,0.0183668341487646,0.0013825551141053,0.0626472905278205,0.2614785992217902,
1986-12-13,0.0,10200,7.996894838348748,16.414928436279297,24.46361923217773,15.66810417175293,17.39208984375,21.582295719844343,
1986-12-15,0.0,13200,29.769447431460883,20.80428504943848,70.71656799316406,33.26702117919922,26.705427169799805,27.91712062256808,
1986-12-19,0.0,12000,0.82452963687654,0.6633782982826233,1.269140362739563,1.0548491477966309,5.262495040893555,0.7322957198443585,
1986-12-21,2.0,10900,15.376284918322469,26.670635223388672,13.521418571472168,33.12214279174805,39.34380722045898,37.40797665369647,
1986-12-22,2.0,15300,33.33919889791325,48.16633605957031,31.958526611328125,39.71833419799805,53.607513427734375,64.53891050583655,
1986-12-26,0.0,14900,27.202254333007588,15.495396614074709,29.598148345947266,21.7949333190918,50.41166305541992,17.05408560311284,
1986-12-28,2.0,10700,12.782076494925631,34.642696380615234,8.766711235046387,21.79537773132324,33.135528564453125,37.63249027237353,
1986-12-29,2.0,20700,44.75575531600778,55.70518493652344,47.7803840637207,65.18184661865234,72.3670654296875,84.70700389105056,
1987-01-02,2.0,18500,36.82238236618768,,,46.287635803222656,53.31128692626953,,
1987-01-03,2.0,20700,71.0155028124014,63.15631103515625,72.85487365722656,78.34005737304688,91.11766052246094,107.4190661478599,
1987-01-06,0.0,19300,22.35303255070841,7.0967936515808105,10.679269790649414,14.85573387145996,13.145061492919922,7.281906614785993,
1987-01-10,3.0,16000,3.238351815009096,5.639265060424805,7.156847953796387,0.2118871957063675,4.449054718017578,4.0227626459144,
1987-01-11,3.0,13200,8.096049706686873,26.018386840820312,25.380321502685547,1.119422197341919,15.938183784484863,18.667898832684838,
1987-01-12,3.0,22400,32.440250440973905,44.43437576293945,66.30325317382812,34.422096252441406,56.07110595703125,52.82996108949418,
1987-01-13,0.0,27000,50.82875142354375,45.66975021362305,74.4998779296875,50.67969512939453,77.72833251953125,53.186575875486405,
1987-01-14,0.0,22000,49.83112046037076,25.456592559814453,59.39997863769531,55.05549621582031,70.36524963378906,38.78793774319068,
1987-01-19,0.0,17300,6.862931146684867,6.111305236816406,7.153501987457275,3.951416015625,12.300724029541016,4.2784046692607,
1987-01-26,0.0,14100,32.606061188541496,44.843841552734375,41.71246337890625,49.10479736328125,35.439483642578125,60.25428015564202,
1987-01-27,1.0,15700,52.11145507861784,45.008934020996094,46.04882049560547,39.709754943847656,31.099550247192383,56.45369649805447,
1987-01-28,1.0,17300,49.01834418469181,46.025997161865234,62.15284729003906,50.6333236694336,47.60253143310547,48.18112840466927,
1987-01-29,1.0,17800,48.85611856143287,32.907257080078125,67.3832778930664,50.9468994140625,57.96224212646485,27.87568093385214,
1987-01-30,1.0,18000,31.64516825333592,34.34983825683594,63.68986511230469,50.26294708251953,66.84664154052734,25.503696498054477,
1987-02-01,1.0,22800,81.18288145894513,82.55866241455078,77.0313720703125,68.22183227539062,82.37176513671875,107.69980544747078,
1987-02-03,2.0,21400,77.5107743811026,37.04459381103516,53.77769470214844,50.91367721557617,40.36697769165039,56.97898832684824,
1987-02-04,2.0,18800,24.150600353978845,17.824811935424805,20.618247985839844,13.395471572875977,19.109277725219727,14.314396887159528,
1987-02-10,1.0,17100,3.128034423387442,2.3554039001464844,14.189852714538574,1.3324588537216189,7.655786037445068,6.3050583657587564,
1987-02-11,1.0,17200,4.376227532691512,9.626164436340332,19.911052703857425,7.712716102600098,14.529573440551758,8.486575875486382,
1987-02-14,0.0,18800,18.734057385331987,25.223133087158203,40.30162048339844,16.533645629882812,18.713775634765625,21.77334630350196,
1987-03-02,4.0,14400,41.4737705597743,77.88941955566406,60.306678771972656,56.2861328125,61.13562774658203,96.2770428015564,
1987-03-03,4.0,24500,105.09070369208064,96.67733764648438,147.81533813476562,118.05807495117188,106.97755432128906,137.26848249027233,
1987-03-04,4.0,39500,133.77671897890008,87.55638122558594,203.02740478515625,147.14984130859375,150.31019592285156,124.57762645914391,
1987-03-05,4.0,32900,113.89098666123976,50.771217346191406,192.66043090820312,123.27556610107422,121.73883819580078,79.08035019455252,
1987-03-06,4.0,30900,58.82042445948999,26.764240264892575,107.5444107055664,68.23592376708984,77.36161804199219,28.470622568093397,
1987-03-07,0.0,27200,23.32032696469678,17.649158477783203,42.51586151123047,28.444765090942383,24.291778564453125,20.868093385214017,
1987-03-08,0.0,24100,22.57054684582045,10.790657043457031,9.797064781188965,14.376946449279783,16.56117820739746,3.9348249027237374,
1987-03-11,1.0,21800,18.8933671124377,21.396785736083984,21.55967712402344,29.060422897338867,39.68693542480469,29.8501945525292,
1987-03-12,1.0,20900,23.35594646286497,22.3763370513916,42.42790985107422,43.87513732910156,50.84927368164063,30.503112840466933,
1987-03-15,0.0,19000,20.12840917645633,10.865385055541992,22.972267150878903,26.66155433654785,30.75263786315918,10.642996108949418,
1987-03-27,0.0,14900,10.323992368352936,9.01714324951172,9.41848850250244,9.751468658447266,10.285340309143066,11.218677042801566,
1987-04-10,0.0,11800,28.67358509317953,35.12769317626953,69.61630249023438,48.48351287841797,46.77822113037109,44.837354085603096,
1987-04-15,2.0,12400,18.609391958762608,32.536231994628906,30.96034812927246,17.689682006835938,22.67876434326172,26.794747081712053,
1987-04-16,2.0,16500,35.70762713564058,35.83641052246094,53.50055313110352,41.63642501831055,55.24363708496094,39.79708171206225,
1987-04-24,0.0,10900,0.1398432123489022,0.0,7.175632953643799,0.2938823997974396,1.2584104537963867,0.0,
1987-04-29,0.0,22900,4.48711280764751,12.933235168457031,1.86279571056366,1.5945632457733154,0.7651146054267883,2.3068093385214032,
1987-05-03,0.0,22200,45.98048373162177,27.73493385314941,20.84192657470703,28.86815071105957,29.309406280517575,19.90505836575877,
1987-05-11,2.0,25800,0.992797318873366,37.10095977783203,0.7175452709197998,1.593210220336914,6.32228946685791,38.91770428015566,
1987-05-12,2.0,35900,48.18156594420355,44.36264801025391,12.110404014587402,34.23555374145508,42.67874526977539,55.87587548638136,
1987-05-13,1.0,37200,49.62257168681898,58.94497680664063,12.20434856414795,34.3090705871582,42.71067428588867,50.27159533073935,
1987-05-14,1.0,28400,68.53566533900832,28.74479103088379,28.08324241638184,50.219085693359375,62.94597625732422,43.84610894941637,
1987-05-25,0.0,13100,0.0614550669862751,0.0,0.236682042479515,0.8388258218765259,2.4591779708862305,0.0,
1987-05-29,2.0,16000,5.1841472314753485,22.511032104492188,9.422292709350586,9.13428783416748,6.567160606384277,11.555252918287938,
1987-05-30,2.0,16400,27.84764239917145,38.64068984985352,45.249324798583984,42.744049072265625,40.38687515258789,58.27159533073928,
1987-06-10,4.0,20400,4.821378585903854,5.9809746742248535,3.198913097381592,2.4284491539001465,0.6713835000991821,5.776848249027237,
1987-06-11,4.0,17900,4.81251625323345,1.358896017074585,0.2081639170646667,2.0447773933410645,0.5976439714431763,0.3439688715953306,
1987-06-12,4.0,19500,0.7129426386334665,0.8070188164710999,1.2400906085968018,4.699393272399902,3.653806686401367,0.4433852140077823,
1987-06-13,4.0,20900,0.4510000001747752,0.8070188164710999,2.552036762237549,4.693382740020752,3.568291425704956,0.5692607003891051,
1987-06-16,0.0,20300,0.155602294729531,0.0487297400832176,0.0181359369307756,0.0448429659008979,0.4472450613975525,0.6799610894941638,
1987-06-17,0.0,17800,0.155602294729531,0.0,0.02308040112257,0.0533567667007446,0.4447426199913025,1.1935797665369643,
1987-07-17,0.0,11300,1.0270860414973408,0.0,3.1961541175842285,0.8801844120025635,3.9929585456848153,0.251167315175097,
1987-07-26,0.0,9910,2.978070740908986,7.729243755340576,5.412251949310303,6.4713454246521,5.606385231018066,2.540077821011673,
1987-08-04,0.0,8350,0.0728929254231283,0.0,2.9368220566539094e-06,0.0,0.0,0.3402723735408563,
1987-08-08,0.0,8770,0.0,0.0,0.4503436088562011,0.103691354393959,0.2193751335144043,0.0,
1987-08-10,0.0,8130,0.0,0.9984840154647828,0.0645168796181678,0.0310232117772102,0.001659782603383,0.3935797665369653,
1987-08-19,0.0,7950,0.4010382393970694,0.0,3.321590156701859e-06,0.0002436272770864,0.0122512504458427,0.0,
1987-08-22,0.0,6050,0.0,0.0,0.4097836315631866,0.1483269035816192,0.1380135715007782,0.0,
1987-08-29,0.0,7090,0.0,0.0,0.0252116881310939,0.0010245495941489,0.0790665298700332,0.0,
1987-09-02,0.0,8310,3.368101343962392,9.227632522583008,4.782419204711914,3.75228214263916,7.663517475128174,5.354085603112845,
1987-09-05,0.0,7430,1.4672466565731976,0.0,0.0004421923076733,0.3529357612133026,0.1674589067697525,0.942023346303502,
1987-09-11,0.0,7950,0.00317590823909,0.0013084728270769,1.2591949882789777e-07,3.7368872654042207e-06,0.0,0.0120622568093385,
1987-09-14,1.0,6080,1.4366424482379887,17.960973739624023,9.245588302612305,9.51051139831543,6.128430843353272,28.888132295719824,
1987-09-15,0.0,8060,28.837569779977088,28.484657287597656,14.95408535003662,25.92932891845703,15.583257675170898,33.20136186770426,
1987-09-19,1.0,6440,0.0919502870866184,0.0,1.2874581443611532e-05,0.0025672391057014,0.0035365745425224,0.0,
1987-09-20,1.0,5370,0.0589827919431408,0.0,2.7939631763729267e-05,5.074535236460065e-10,0.0036246143281459,0.0809338521400777,
1987-09-23,0.0,6260,0.0434512428422485,0.0,0.0,9.332626177638303e-06,0.0037658747751265,0.0017509727626459,
1987-10-15,0.0,7290,3.4620841260486146,2.11029314994812,0.4764486849308014,0.0052625443786382,0.2387504577636718,1.805642023346305,
1987-10-27,0.0,5260,2.0192982758256037,1.3177781105041504,0.5177164077758789,1.420115351676941,5.95124626159668,0.4116731517509738,
1987-10-28,1.0,5330,1.4441319257056564,0.1977506279945373,0.2747974097728729,0.1174918338656425,0.4863514304161072,0.0,
1987-10-29,1.0,5540,0.0584569791421814,0.0028343654703348,0.0486526638269424,0.0003568311512935,0.0694122985005378,0.0608949416342412,
1987-10-30,1.0,5350,0.2862103258259149,2.9164257049560547,0.0924175679683685,0.0263285692781209,1.1345174312591553,0.0614785992217899,
1987-10-31,1.0,5240,4.133682595636921,11.104588508605955,17.341405868530273,13.300360679626465,21.96511459350586,8.614007782101163,
1987-11-05,0.0,6620,0.4086405357922895,0.5770218968391418,0.3073082864284515,0.0071437479928135,0.1781965643167495,0.7570038910505842,
1987-11-06,0.0,6720,0.3974799235719994,0.2851535081863403,0.0464918762445449,0.0047417669557034,0.1025332659482956,0.1326848249027237,
1987-11-08,2.0,7180,0.4752084135136212,0.1736565977334976,0.549193263053894,0.1840567588806152,0.2190770655870437,0.1614785992217898,
1987-11-09,2.0,7320,1.0712600388692382,5.682920932769775,4.898101806640625,3.935600519180298,7.58070182800293,5.81673151750973,
1987-11-10,2.0,8240,10.358168278318647,15.142671585083008,7.330469131469727,4.994212627410889,9.688881874084473,14.2,
1987-11-11,2.0,8830,28.886284909471087,30.18614387512207,57.6231575012207,36.87537384033203,47.81528091430664,46.56984435797668,
1987-11-16,0.0,11300,39.29682402332699,23.3479118347168,32.19542694091797,30.418506622314453,42.01200485229492,22.144552529182867,
1987-11-18,3.0,7320,15.512887151072682,7.587977409362793,26.030029296875,16.25716781616211,17.056554794311523,6.132295719844352,
1987-11-19,3.0,7000,1.8944244778313968,4.795213222503662,12.633905410766602,0.0943809151649475,3.6146061420440674,2.1371595330739317,
1987-11-20,3.0,8460,1.5987801171289882,7.909783363342285,18.096519470214844,0.0962191745638847,3.999328851699829,2.571984435797667,
1987-11-21,3.0,8510,11.751422557755673,15.679976463317873,21.864910125732425,12.239835739135742,16.384925842285156,27.47918287937744,
1987-11-23,1.0,12100,55.3482466892804,45.24340057373047,58.96112823486328,59.11487579345703,64.83311462402344,71.18326848249029,
1987-11-24,1.0,12200,64.5119101647893,53.18478775024414,94.12257385253906,80.26958465576172,100.68864440917967,63.71984435797668,
1987-11-27,0.0,9670,18.66672853440408,3.3964381217956543,4.357227325439453,5.862384796142578,6.344412803649902,0.0227626459143969,
1987-11-30,2.0,7720,1.5287131928241355,14.581916809082031,5.602168083190918,3.512521505355835,3.892232418060303,19.27392996108949,
1987-12-01,2.0,8760,21.3113384242292,37.88492965698242,44.16690826416016,50.64792251586914,40.71482467651367,65.95603112840465,
1987-12-02,0.0,11500,50.62861948402355,71.55477905273438,77.13087463378906,73.40290832519531,63.36591339111328,92.86848249027236,
1987-12-03,3.0,14400,96.39989094820808,77.40156555175781,103.73396301269533,107.881591796875,88.6423110961914,110.4863813229572,
1987-12-04,3.0,17700,93.07120837672946,62.068790435791016,74.39187622070312,66.84790802001953,64.65847778320312,71.6408560311284,
1987-12-05,2.0,12500,66.58937856299984,46.89106750488281,46.46028518676758,44.69960403442383,42.99174880981445,66.08326848249028,
1987-12-06,2.0,14100,46.188992348515626,44.83374786376953,58.29751205444336,52.102195739746094,42.21406936645508,66.0311284046693,
1987-12-09,2.0,16000,59.11632319743501,87.49427795410156,80.57261657714844,76.37496185302734,78.36062622070312,113.5688715953308,
1987-12-10,2.0,32100,112.82310132576904,102.75685119628906,105.1122589111328,84.455810546875,98.39598846435548,127.4175097276265,
1987-12-13,0.0,15300,30.407351811113056,12.95475959777832,14.819490432739258,11.751399993896484,16.967315673828125,7.367120622568096,
1987-12-23,0.0,8950,44.02737089393133,25.053232192993164,18.51229286193848,23.873920440673828,32.97615051269531,18.833463035019445,
1987-12-27,0.0,8600,0.0892141483633745,0.0,7.409762474708259e-06,0.0,0.0010967643465846,0.4544747081712058,
1987-12-30,0.0,6880,5.86337475068057,9.842436790466309,1.9728199243545528,11.712048530578612,10.099262237548828,7.269260700389107,
1988-01-01,0.0,6850,8.206489483381793,,,4.552483558654785,3.9862661361694336,,
1988-01-05,0.0,8940,0.1504110880536659,0.0,0.4085091352462768,0.0012018079869449,0.0306153576821088,0.1198443579766538,
1988-01-09,0.0,9070,8.528841299735399,21.87040328979492,18.092708587646484,13.918086051940918,10.7705078125,25.712451361867707,
1988-01-10,0.0,6910,24.42466729747494,32.418800354003906,27.906951904296875,22.367351531982425,16.495712280273438,34.92918287937743,
1988-01-12,0.0,7640,36.25595983572261,29.485370635986328,20.649208068847656,26.762136459350582,19.093780517578125,29.461284046692604,
1988-01-13,3.0,6940,33.0012198840455,40.32787704467773,27.687562942504883,35.714866638183594,37.349708557128906,51.7708171206226,
1988-01-14,3.0,9380,57.901493325630064,69.0384750366211,83.12028503417969,99.76475524902344,89.37648010253906,107.35428015564204,
1988-01-15,3.0,26300,98.67350097299762,74.55604553222656,108.40065002441406,118.1562957763672,110.2048797607422,110.06284046692608,
1988-01-20,1.0,11200,9.83491012202549,15.928306579589844,19.18340492248535,15.745452880859377,21.32747459411621,22.405642023346296,
1988-01-22,1.0,10800,20.512908195993056,26.06056785583496,36.43494415283203,29.766998291015625,38.28514862060547,37.147470817120606,
1988-01-27,2.0,10900,0.8300956018510797,3.3420302867889404,11.104578018188477,0.1448806077241897,5.413669586181641,2.2108949416342423,
1988-01-28,2.0,9370,4.051875714496905,17.054601669311523,39.02999114990234,7.546903610229492,15.039602279663086,21.64474708171204,
1988-02-03,0.0,13100,15.92124855715891,14.912059783935549,10.723159790039062,9.95494556427002,13.819860458374023,15.655058365758755,
1988-02-04,0.0,10000,12.19692159685316,14.912059783935549,13.103440284729004,9.987481117248535,13.85111141204834,14.788521400778212,
1988-02-06,0.0,8410,2.982596557336302,13.144573211669922,8.215892791748047,3.3973617553710938,2.7287039756774902,5.1488326848249,
1988-02-11,0.0,14300,43.85771127663425,28.61543655395508,94.2708740234375,43.93230056762695,60.715240478515625,20.790856031128413,
1988-02-14,1.0,15300,32.04915100525656,39.754615783691406,51.30293273925781,42.89037322998047,49.537296295166016,69.54105058365761,
1988-02-15,1.0,16400,48.36568063796706,37.18865585327149,81.96430969238281,67.89981079101562,75.79849243164062,70.44883268482494,
1988-02-20,0.0,11800,8.209376682161869,2.1890759468078613,5.151975631713867,2.8384478092193604,5.603515625,0.2832684824902728,
1988-02-22,0.0,13400,0.1728948390268922,0.0,0.0655175149440765,0.0085494518280029,0.0685147643089294,0.3601167315175095,
1988-03-13,0.0,16700,0.238277246600398,0.6312444806098938,0.0025122906081378,0.7055389285087585,0.4689112901687622,0.4756809338521409,
1988-03-18,0.0,13100,0.1829273427621128,0.0,0.0013593622716143,0.0,0.0,0.0,
1988-03-22,1.0,14600,39.72435755832887,50.41194915771485,74.4625244140625,39.154571533203125,54.33403778076172,72.74046692607003,
1988-03-23,1.0,16400,66.4514073245156,56.64421081542969,97.32635498046876,80.6994400024414,90.51895141601562,76.09396887159532,
1988-03-25,2.0,17600,78.62624096505728,80.68545532226562,97.8822250366211,95.76998901367188,90.42111206054688,104.67840466926069,
1988-03-26,2.0,25300,104.7392159214895,87.1522445678711,79.80885314941406,100.79562377929688,97.71881866455078,120.4301556420233,
1988-04-02,1.0,15500,25.29928297692101,34.07428741455078,42.2826042175293,24.455041885375977,28.077816009521484,46.52276264591444,
1988-04-03,1.0,21100,55.70183740400627,50.72104644775391,80.69297790527344,50.68336486816406,55.43043899536133,60.19299610894946,
1988-04-05,2.0,18700,61.57171505849174,77.42892456054688,84.02535247802734,69.8464584350586,75.05347442626953,90.91867704280162,
1988-04-06,2.0,30700,137.85539197807788,103.98258209228516,103.29315185546876,93.85919952392578,96.71836853027344,118.75661478599224,
1988-04-08,0.0,27200,132.90634607990788,54.37085723876953,72.35393524169922,66.34638214111328,64.67095184326172,45.71517509727622,
1988-04-14,0.0,25300,0.2826978971295318,0.0,0.0917679145932197,1.0091568231582642,4.244884967803955,0.2437743190661477,
1988-04-17,0.0,25900,2.8702638638234763,11.551578521728516,11.144192695617676,3.0072078704833984,11.458306312561035,15.031712062256815,
1988-04-19,0.0,22300,11.0563403534577,11.618204116821287,12.138662338256836,6.7166056632995605,16.0749454498291,9.035797665369651,
1988-04-27,1.0,16700,6.187621409061229,0.2187324315309524,0.9858516454696656,1.3273409605026243,1.5469738245010376,2.7466926070038897,
1988-04-28,1.0,15700,0.7861300189527514,6.720189571380615,5.059384346008301,6.798857688903809,7.776808261871338,12.286186770428008,
1988-04-29,1.0,18200,7.838556411536099,15.053041458129885,15.853280067443848,19.76458549499512,22.894268035888672,23.38132295719844,
1988-05-09,1.0,16400,0.5306902477917498,0.1262775212526321,0.1640949547290802,0.2085725367069244,7.028719425201416,0.5070038910505835,
1988-05-10,1.0,16100,0.5977342253525066,0.1262775212526321,0.3938509523868561,0.0002565132745075,0.5121161341667175,0.5058365758754862,
1988-05-12,1.0,26600,5.099353743452413,13.11877155303955,0.3800666332244873,4.067106419824995e-05,0.3251255750656128,13.648054474708164,
1988-05-13,1.0,35600,22.562950315902384,26.037620544433597,31.435348510742188,20.688486099243164,25.941877365112305,32.44416342412451,
1988-05-14,0.0,36300,30.142848971370388,26.940893173217773,41.29459762573242,29.97763061523437,35.47705078125,33.50894941634241,
1988-05-15,2.0,26300,30.545422571441907,21.300567626953125,41.5055046081543,29.991344451904297,35.40250015258789,19.996108949416342,
1988-05-16,2.0,24300,21.980789675330342,19.02790260314941,21.69380569458008,14.203728675842283,19.11248016357422,19.510505836575888,
1988-05-26,1.0,20900,3.386376663279429,5.9236321449279785,0.0064139990136027,0.0002123399754054,0.0454095341265201,2.623540856031126,
1988-05-27,1.0,21400,13.071001892523212,22.549938201904297,14.74375057220459,10.74971866607666,10.665873527526855,19.59922178988328,
1988-06-02,2.0,19700,21.64904206692723,28.18395233154297,23.16277313232422,18.666675567626957,14.953350067138672,29.845136186770432,
1988-06-03,2.0,22400,31.81177817054278,23.31919860839844,34.3979377746582,35.97001647949219,35.65251159667969,29.590856031128407,
1988-06-20,0.0,24500,0.7383919693551865,0.4290550947189331,7.244647979736328,1.065661907196045,3.805140495300293,1.3081712062256825,
1988-06-21,2.0,25100,0.2590630980431997,0.1758756041526794,0.0457066819071769,0.0007073889137245,0.3609170913696289,1.005836575875489,
1988-06-22,2.0,26400,0.2032447424859706,0.1821623295545578,3.3793325424194336,0.0339120291173458,1.0447897911071775,1.005836575875489,
1988-06-26,0.0,24700,0.0,0.0,3.2546932697296143,0.3819891512393951,0.3396207988262176,0.0,
1988-07-01,1.0,15500,17.08734415382228,20.02258682250977,2.412703514099121,14.463619232177734,24.658832550048828,12.56011673151752,
1988-07-02,1.0,16800,35.00599998421677,26.96556663513184,14.514396667480469,11.939345359802246,16.209854125976562,34.37470817120625,
1988-07-04,0.0,19300,24.925168265033665,9.29292106628418,14.655762672424316,6.875329494476318,11.144880294799805,22.564396887159543,
1988-07-12,1.0,19800,14.03173423516426,23.578447341918945,5.030726432800293,14.453146934509276,12.046746253967283,24.94922178988328,
1988-07-13,1.0,22600,23.853994267458237,24.25196075439453,14.208648681640623,22.647897720336918,20.532888412475582,24.33093385214009,
1988-07-20,0.0,20600,0.0,0.0,0.0,1.48143853948568e-05,0.0012319136876612,0.3075875486381323,
1988-07-22,0.0,19400,0.0,0.0,2.4826683784340275e-06,0.000793999119196,0.0080510349944233,0.0198443579766537,
1988-07-26,0.0,17300,0.0,0.0,3.689470759127289e-06,4.131607340696064e-07,0.0066821333020925,0.0,
1988-07-30,0.0,15100,0.0176978964215219,0.0,0.0132644493132829,8.537264511687681e-05,0.0532039739191532,0.0,
1988-08-06,0.0,11700,2.663980875479014,2.3584463596343994,0.1136920452117919,0.2862845361232757,0.1807975769042968,2.2180933852140097,
1988-08-08,1.0,11100,0.9923307830389914,0.0408380441367626,0.106121689081192,0.3326514065265655,0.6097401976585388,0.2854085603112844,
1988-08-09,1.0,11100,0.0760057357780503,0.4598183929920196,0.1531714797019958,0.1166862323880195,0.69873046875,0.1937743190661476,
1988-08-10,0.0,10300,0.099244741606526,0.4598183929920196,0.1721580326557159,0.1335890442132949,0.7321321964263916,0.1937743190661476,
1988-08-13,0.0,10500,0.0,0.0,0.0007506709080189,0.0076708225533366,0.0215323213487863,0.0,
1988-09-06,0.0,7820,0.8712160629224759,4.266790390014648,0.0035978746600449,0.5834391713142395,1.5758777856826782,4.55817120622568,
1988-09-13,0.0,7670,0.0217954109084078,0.0,0.0004915347672067,0.0,0.0,0.0,
1988-09-15,0.0,6800,0.0653881450614626,0.1592159271240234,0.0028883859049528,9.324921848019584e-05,0.0006030919612385,1.0029182879377438,
1988-09-18,1.0,7430,11.36988910002568,27.086257934570312,3.2678143978118896,2.167408943176269,1.3786572217941284,20.740661478599232,
1988-09-19,1.0,8740,39.42090055110765,31.33432006835937,33.09880065917969,33.86273956298828,30.238142013549805,42.32937743190664,
1988-09-24,1.0,7720,13.805304011297732,43.08551406860352,2.7175164222717285,17.53505516052246,7.336673736572266,53.51848249027238,
1988-09-25,1.0,14500,56.143143349968206,59.289825439453125,65.00226593017578,58.44595336914063,49.07005310058594,83.29824902723736,
1988-09-28,1.0,16700,41.30021606858069,30.4650993347168,22.899938583374023,25.07965850830078,18.376487731933597,26.790856031128413,
1988-09-29,1.0,12600,33.65000764224242,14.674395561218262,17.492721557617188,21.64613151550293,15.734819412231444,13.459533073929968,
1988-10-03,0.0,9900,0.0562848947115552,0.1893370896577835,0.0202534329146146,3.587172250263393e-05,0.0041495729237794,0.3889105058365756,
1988-10-04,0.0,9850,0.6981357553442691,0.7244694232940674,0.020253574475646,0.000269593525445,0.0032557663507759,1.8188715953307388,
1988-10-05,0.0,10200,2.9521510518611414,1.9597623348236084,0.2269617766141891,0.000796039472334,0.0508171394467353,2.0678988326848247,
1988-10-12,2.0,7100,1.5613135759292232,2.4006240367889404,0.0010162328835576,0.002545443829149,0.0393689610064029,0.5085603112840468,
1988-10-13,2.0,6820,5.114233268040453,18.86119079589844,9.811213493347168,0.8465330600738525,2.3553030490875244,34.536964980544745,
1988-10-14,4.0,9370,31.242357540986973,56.571876525878906,40.912933349609375,30.52557945251465,29.456165313720703,85.75252918287941,
1988-10-15,4.0,25000,89.8807112828296,102.22393798828124,78.67964172363281,63.5024642944336,53.643165588378906,137.76789883268486,
1988-10-16,4.0,42200,159.78024646748094,118.4835968017578,96.55825805664062,116.38287353515624,98.68815612792967,153.681906614786,
1988-10-17,4.0,43700,152.17405912661872,81.09343719482422,65.48095703125,86.71315002441406,71.67403411865234,110.4379377431906,
1988-10-21,1.0,16400,18.283401519090628,14.825770378112791,18.86081314086914,9.732536315917969,14.750225067138672,14.192607003891048,
1988-10-22,1.0,17300,12.116801162496303,8.79301643371582,11.764386177062988,10.50698471069336,10.764755249023438,11.967120622568094,
1988-10-23,1.0,16500,10.201529656696252,9.540069580078123,11.088382720947266,10.282394409179688,11.981485366821287,10.999416342412452,
1988-10-24,1.0,15800,12.668196967314351,2.2814595699310303,4.219557762145996,3.298030138015747,10.422624588012695,2.3840466926070043,
1988-10-29,0.0,14500,0.4788757154337855,2.5633249282836914,0.0682742521166801,1.907460500660818e-06,0.0241565331816673,2.450194552529182,
1988-10-31,2.0,14800,14.705456966057907,18.06743621826172,32.562591552734375,7.494510173797607,6.18747615814209,22.119260700389116,
1988-11-01,2.0,15600,18.38797895752769,30.951515197753903,70.0616455078125,22.63485145568848,17.650991439819336,47.30116731517511,
1988-11-02,2.0,19200,31.3149541038056,49.78044128417969,82.82476806640625,54.09905624389648,48.790164947509766,66.89416342412454,
1988-11-03,2.0,24500,63.41278394509662,59.36539459228516,123.73275756835938,95.71031188964844,85.90386199951172,75.35350194552531,
1988-11-05,4.0,23600,72.06938806687567,75.97508239746094,96.66421508789062,104.98089599609376,111.77873229980467,109.93560311284048,
1988-11-06,4.0,47200,96.3703421233912,78.61595153808594,91.49622344970705,97.7040557861328,113.21620178222656,106.9443579766537,
1988-11-13,0.0,23200,53.229460848904935,33.25394058227539,40.675106048583984,38.6438102722168,48.21147537231445,37.697859922178985,
1988-11-16,0.0,18700,3.329068839746344,10.886503219604492,9.37728500366211,5.110591411590576,10.313743591308594,11.459727626459138,
1988-11-21,1.0,20900,55.23399237813637,50.38318634033203,82.62657165527344,69.2312240600586,72.33149719238281,91.80038910505834,
1988-11-22,1.0,23200,70.99848759789768,64.4273452758789,95.4808578491211,84.29469299316406,73.54341125488281,88.44416342412453,
1988-11-27,1.0,16700,34.84723898266971,41.36319732666016,33.44679641723633,38.14767456054688,44.90678405761719,60.90116731517513,
1988-11-29,0.0,19300,45.01346464532055,32.4332389831543,40.72836685180664,48.85839080810547,55.42028045654297,35.41984435797666,
1988-11-30,0.0,17600,37.00182221101349,15.829286575317385,18.875593185424805,24.419517517089844,28.39308357238769,10.87898832684825,
1988-12-01,1.0,17100,14.111499058697053,6.615735054016113,2.4380345344543457,5.264145851135254,7.282771110534668,4.928404669260701,
1988-12-02,1.0,17500,9.55255831636281,10.758009910583496,17.75656509399414,7.289265155792236,8.828164100646973,7.857003891050578,
1988-12-11,2.0,16700,7.07596175417475,17.274009704589844,8.72999095916748,4.857292652130127,25.14570999145508,25.64649805447472,
1988-12-12,2.0,18600,13.881971333995034,44.9052848815918,34.27043151855469,22.356014251708984,55.424293518066406,54.66731517509727,
1988-12-13,2.0,34000,58.28182220663902,59.06562042236328,61.37822723388672,46.47675323486328,69.07051849365234,61.0317120622568,
1988-12-29,2.0,11600,11.285432149470031,35.326942443847656,35.36561965942383,24.013029098510746,33.262821197509766,50.00894941634248,
1988-12-30,2.0,16100,57.50092740714694,52.550559997558594,92.04698944091795,88.53195190429688,76.40308380126953,66.90583657587555,
1989-01-02,1.0,12900,15.824300183664633,,,19.93784523010254,26.144248962402344,,
1989-01-03,2.0,14100,23.132376666868154,46.12451171875,41.88793182373047,39.03865814208984,51.48407745361328,71.24046692606998,
1989-01-04,2.0,26100,57.92129830842265,50.58027648925781,70.11279296875,52.69331741333008,77.36404418945312,66.08112840466922,
1989-01-15,0.0,15400,53.18327729059535,55.78993225097656,62.15892791748047,71.44134521484375,78.29194641113281,87.00661478599221,
1989-01-16,1.0,19300,61.540447472158405,64.19316864013672,76.87715911865234,82.96464538574219,73.3600845336914,79.32568093385217,
1989-01-17,1.0,25100,63.96105167469148,67.03702545166016,91.53165435791016,103.09002685546876,86.9078369140625,77.4560311284047,
1989-01-26,0.0,15500,2.271219885935891,7.205946922302246,2.095757246017456,0.5001309514045715,1.7654324769973757,6.728404669260707,
1989-01-28,3.0,15300,8.967900563921132,12.056001663208008,11.355074882507324,5.98522424697876,7.546601295471191,13.313618677042808,
1989-01-29,3.0,14800,11.709347978772294,19.05105972290039,16.0318603515625,8.826725959777832,18.716920852661133,24.7649805447471,
1989-01-30,3.0,16500,20.764646280275784,38.90906524658203,15.19184684753418,15.957072257995604,32.845542907714844,46.57101167315177,
1989-01-31,3.0,24900,45.60157164946144,47.83881759643555,42.20280456542969,36.76030731201172,59.73716354370117,53.04513618677045,
1989-02-05,0.0,18000,0.5331892917557294,0.0,0.0258667469024658,0.0025492082349956,0.1314192861318588,0.5262645914396887,
1989-02-08,0.0,15800,1.14160611724546,0.0,0.0001300369331147,0.0,0.0,0.0978599221789883,
1989-02-10,0.0,14800,0.1309369025194579,0.0,1.1380658548887369e-07,0.0,0.0,0.0,
1989-02-16,0.0,13500,1.909791584158482,13.579177856445312,0.1971863061189651,4.188845157623291,1.176526427268982,17.357782101167324,
1989-02-21,2.0,13500,6.127011475769623,18.223522186279297,3.351605176925659,4.189461708068848,5.266955852508545,12.29727626459144,
1989-02-22,2.0,13500,12.761711288466346,24.94033432006836,24.010107040405277,32.137245178222656,23.61115264892578,30.25894941634241,
1989-03-04,2.0,11200,16.625795411810557,8.970565795898438,0.6179432272911072,1.8741697072982788,1.4158717393875122,6.792217898832682,
1989-03-05,2.0,12200,6.042122369759224,25.124351501464844,15.606477737426758,17.24686622619629,23.923688888549805,35.68171206225682,
1989-03-06,2.0,14400,30.46491394911708,41.61571502685547,39.82378768920898,44.37252807617188,51.246612548828125,43.55894941634243,
1989-03-07,0.0,14500,39.69863860972602,41.87508392333984,47.92671585083008,51.04975891113281,64.16513061523438,41.16984435797667,
1989-03-11,1.0,14400,38.26043787485311,43.15185546875,31.496517181396484,36.80954360961914,28.507369995117188,50.54824902723736,
1989-03-13,0.0,15400,36.09415869885587,33.42395782470703,28.99639320373535,33.99784851074219,29.964820861816406,31.37918287937744,
1989-03-15,0.0,12900,17.92241873012399,10.49515151977539,13.857863426208496,17.26297378540039,11.576197624206545,8.727431906614783,
1989-03-19,0.0,9660,18.85227531438647,16.457181930541992,16.6976318359375,17.252561569213867,17.283342361450195,11.586964980544748,
1989-03-22,0.0,11000,19.529137657480945,23.073087692260746,33.25949478149414,28.785478591918945,30.9488525390625,23.08112840466927,
1989-03-24,0.0,9630,11.789374750721656,11.283610343933104,15.047715187072754,12.237317085266112,12.28937530517578,6.225875486381325,
1989-04-04,0.0,10000,43.640613764467474,52.842403411865234,45.6204948425293,47.46533203125,49.91940307617188,50.900583657587575,
1989-04-05,4.0,16100,70.06757173916577,76.14004516601562,55.4739990234375,82.17283630371094,78.83106994628906,113.76050583657592,
1989-04-06,4.0,29000,96.63695223723496,81.94143676757812,94.34431457519533,78.28321838378906,98.86604309082033,111.74630350194556,
1989-04-07,4.0,25100,88.62375718685684,47.58796310424805,86.77548217773438,65.63969421386719,89.48764038085938,77.0560311284047,
1989-04-09,0.0,18300,6.875915853828628,0.8689955472946167,3.638016223907471,1.0475338697433472,3.4789960384368896,0.1920233463035018,
1989-04-19,1.0,19700,1.5300516255901515,6.805865287780762,1.6726161241531372,2.2315120697021484,1.1384272575378418,12.2307392996109,
1989-04-20,1.0,22300,6.373411090373654,15.898186683654783,18.35004997253418,16.39992332458496,11.701787948608398,15.712256809338529,
1989-05-09,0.0,28500,0.4441720843003496,3.7010598182678223,1.3886215686798096,0.2299283444881439,1.43558931350708,2.705252918287937,
1989-05-17,0.0,17500,6.454810698563189,19.75763702392578,15.316228866577148,16.066804885864258,10.725193977355955,31.20311284046692,
1989-05-26,0.0,12900,22.85607271181352,18.6115779876709,12.564807891845703,23.829694747924805,33.569969177246094,15.507003891050577,
1989-06-06,0.0,29900,0.0,0.0,7.730263911626123e-13,7.396662171643698e-10,0.0,0.2167315175097279,
1989-06-13,2.0,26300,0.5610573626558313,4.78076696395874,0.5840576887130737,0.1061994582414627,0.4181702435016632,3.812840466926069,
1989-06-14,2.0,27600,8.62131166961142,10.904501914978027,6.066521644592285,3.19830322265625,8.328117370605469,9.138132295719842,
1989-06-16,0.0,24400,13.106321225486816,7.58396053314209,8.977619171142578,7.177001953125,9.29601764678955,6.930933852140076,
1989-06-21,1.0,18600,17.85320653592861,9.481891632080078,19.584369659423828,20.20396041870117,24.719640731811523,14.455058365758749,
1989-06-22,1.0,17800,11.542168286997857,2.78814697265625,8.610325813293457,8.946146965026855,7.325670719146728,2.3772373540856035,
1989-06-28,0.0,18000,6.458424466155936,8.733728408813477,13.569772720336914,5.465693950653076,2.2292516231536865,7.452334630350195,
1989-06-29,2.0,17200,10.296845120776943,13.67445945739746,16.373201370239258,14.129633903503418,6.214799880981445,13.159143968871597,
1989-06-30,2.0,17600,15.116850866585343,17.41974639892578,19.01211166381836,23.442626953125,9.997167587280272,19.301750972762644,
1989-07-01,2.0,18800,25.158338437038505,19.41764068603516,25.694448471069336,36.28889465332031,19.641138076782227,19.34571984435797,
1989-07-02,2.0,19700,24.319810710298917,16.504840850830078,26.75209045410156,29.27256202697754,17.0555419921875,13.914396887159524,
1989-07-08,0.0,16900,0.6014455059061564,0.00012254579633,0.6985060572624207,0.2304001599550247,1.2109506130218506,0.0,
1989-07-17,1.0,17700,15.914900573602669,8.88852310180664,16.188432693481445,9.7850980758667,9.93821144104004,20.14610894941633,
1989-07-18,1.0,17300,13.240279156417296,7.374124526977539,15.88744831085205,9.779998779296877,9.71664810180664,15.868871595330727,
1989-07-19,1.0,17600,11.938347991226047,1.5864665508270264,11.524901390075684,2.693812608718872,2.426482915878296,0.4807392996108953,
1989-07-20,0.0,18000,0.0404550666127524,0.1155605241656303,0.2226726561784744,0.0041759856976568,0.0357142873108387,0.0690661478599221,
1989-07-21,0.0,17200,0.2327896750487127,0.1155605241656303,0.1692150086164474,0.1012360975146293,0.2576403617858886,0.1957198443579766,
1989-07-24,0.0,15300,0.1553938824800956,0.0,0.0019518530461937,0.0002595070982351,0.0079682022333145,0.0,
1989-07-30,0.0,11500,0.7666042056796096,0.011900121346116,0.0593794994056224,0.0001988309813896,0.0415738373994827,0.1694552529182878,
1989-08-15,0.0,9870,9.24051627099432,15.631356239318848,1.959611415863037,9.217843055725098,8.28246784210205,13.094357976653695,
1989-08-20,1.0,9680,2.407019108372258,12.942652702331545,1.0591243505477903,2.783463478088379,3.155336380004883,12.25389105058365,
1989-08-21,1.0,11000,20.24490818364615,30.5261287689209,28.027172088623047,25.41533851623535,25.126270294189453,39.9204280155642,
1989-09-03,0.0,8790,6.234397704532748,9.71164894104004,4.865753650665283,3.989497661590576,25.50274085998535,5.097276264591443,
1989-09-05,0.0,8250,1.3008164458001747,0.3076821863651275,0.6859419345855713,0.3102807104587555,0.089882381260395,0.066147859922179,
1989-09-08,0.0,7600,0.0808183550830203,0.0,0.0109763359650969,0.0524562373757362,0.0886615961790084,0.0029182879377431,
1989-09-19,0.0,7200,2.296034415626238,0.93370121717453,2.290146350860596,5.597280502319336,3.17684006690979,2.477626459143968,
1989-10-05,0.0,6130,0.4871587003723684,0.1563723385334015,1.0160211324691772,0.2278128862380981,1.103200078010559,0.048249027237354,
1989-10-09,0.0,6660,0.3970994257459855,2.860898017883301,0.5287654995918274,0.0027248719707131,1.0366003513336182,0.0821011673151749,
1989-10-10,1.0,6800,2.2022963639012185,13.952279090881348,3.755319595336914,10.097262382507324,18.247039794921875,21.79805447470817,
1989-10-11,2.0,8140,16.990625270760315,35.95170593261719,9.319829940795898,27.432992935180664,32.27472686767578,39.207003891050576,
1989-10-12,2.0,10400,46.21584896127476,47.84392929077149,21.89313507080078,55.345340728759766,57.24224853515625,57.657976653696494,
1989-10-15,0.0,10500,25.285906321960315,15.95744514465332,10.319583892822266,10.84585666656494,10.48238468170166,15.9079766536965,
1989-10-16,0.0,9640,9.390529653207706,3.463890314102173,2.418015956878662,0.996612548828125,0.6315061450004578,0.290466926070039,
1989-10-17,2.0,9300,1.3478661552416589,0.7909576296806335,0.0013224720023572,0.039679042994976,0.0187501721084117,0.0603112840466926,
1989-10-18,2.0,9170,1.037931165551316,7.8204026222229,9.317814826965332,5.734172344207764,10.270401000976562,10.392412451361873,
1989-10-19,0.0,9560,10.765057338732444,9.984829902648926,11.143083572387695,5.826913833618164,10.5531644821167,11.078599221789888,
1989-10-20,1.0,9300,10.75373993875026,19.903289794921875,17.1488037109375,7.608819961547852,22.919795989990234,22.68249027237354,
1989-10-21,1.0,10900,32.37108606527792,26.565601348876957,33.75748825073242,28.528461456298828,29.219602584838867,27.48073929961088,
1989-10-22,2.0,11500,31.84179930414904,35.018089294433594,42.932106018066406,37.328590393066406,38.6126708984375,47.998249027237335,
1989-10-23,2.0,11000,39.80362148610337,45.79241561889648,49.94783401489258,52.13774108886719,40.101219177246094,58.30856031128406,
1989-10-25,0.0,13100,34.63573995540826,36.988555908203125,25.494667053222656,29.99700927734375,20.426929473876957,29.763618677042828,
1989-10-26,0.0,12400,38.24884320895791,31.5376033782959,30.96990966796875,33.881492614746094,27.4565544128418,31.232295719844373,
1989-10-28,0.0,12400,32.22636709822721,25.098657608032227,22.33607292175293,26.456260681152344,29.740198135375977,26.678404669260708,
1989-11-02,2.0,12100,1.9479885272889612,6.919569492340088,0.0293857548385858,0.1142813339829444,1.000272274017334,0.5503891050583661,
1989-11-03,2.0,13300,9.737952208034043,43.24102020263672,20.091323852539062,25.23375129699707,35.91332244873047,52.65116731517503,
1989-11-04,2.0,29800,69.54351054461108,60.04035186767578,63.41471862792969,62.851348876953125,69.15017700195312,85.57412451361863,
1989-11-08,4.0,25500,78.47574949811568,95.99378967285156,65.59669494628906,87.52912902832031,101.2894287109375,145.26945525291825,
1989-11-09,4.0,50600,147.95160996663185,129.39639282226562,101.41434478759766,120.13133239746094,147.8673095703125,165.92879377431896,
1989-11-10,4.0,72200,173.33688925739455,147.30313110351562,154.11270141601562,177.67889404296875,209.37628173828125,208.03229571984423,
1989-11-11,4.0,84000,185.8312678838551,112.21307373046876,134.90611267089844,148.75035095214844,178.8900909423828,130.46712062256805,
1989-11-12,3.0,61900,111.32903071160982,61.12101745605469,73.45924377441406,90.81024169921876,100.42117309570312,83.08501945525288,
1989-11-19,3.0,22700,12.307732289418825,18.316295623779297,33.926422119140625,7.188384056091309,17.814756393432617,31.22821011673152,
1989-11-20,3.0,27300,25.533225566427,32.00273132324219,55.9242057800293,10.130178451538086,26.460262298583984,40.402918287937744,
1989-11-21,3.0,28100,42.30433072958918,31.11417961120605,69.95710754394531,19.996715545654297,27.412389755249023,38.38852140077821,
1989-11-23,1.0,24000,28.694361381421945,30.451770782470703,45.19418716430664,27.77542495727539,32.529415130615234,51.01517509727628,
1989-11-24,0.0,25900,34.02940729121236,41.366432189941406,47.16643905639648,35.73263168334961,44.59404754638672,60.59455252918289,
1989-11-25,0.0,24800,49.46752205476108,38.665794372558594,56.94755172729492,43.21141052246094,57.59297943115234,47.57315175097277,
1989-11-26,0.0,23300,42.47023142203974,29.20725440979004,28.684724807739254,27.001691818237305,41.01159286499024,26.543968871595325,
1989-12-01,2.0,16700,0.619548755785607,0.0015417049871757,0.314624011516571,0.1037859097123146,0.0340856425464153,1.3149805447470806,
1989-12-02,2.0,16400,0.7070076475304998,22.880096435546875,5.10130500793457,7.147089004516602,13.471406936645508,31.737548638132257,
1989-12-03,3.0,26100,40.20299431248671,65.07461547851562,49.095176696777344,41.66309356689453,58.93628692626953,90.34338521400772,
1989-12-04,3.0,47600,109.87380104811518,110.65115356445312,118.24559020996094,122.2626953125,121.92097473144533,150.81420233463024,
1989-12-07,1.0,46600,62.077043895892814,35.66510772705078,17.026790618896484,13.500073432922363,13.032093048095703,30.027431906614787,
1989-12-08,1.0,40500,41.07422563876337,38.86699676513672,49.22956848144531,28.783519744873047,48.96231842041016,49.20175097276264,
1989-12-11,0.0,27300,26.976367136243827,7.157946586608887,16.01029396057129,14.789246559143066,18.122713088989254,10.04610894941635,
1989-12-12,0.0,24900,3.342478009329683,0.0321754775941371,0.1394733637571334,0.0604238212108612,0.1747596263885498,4.694163424124513,
1989-12-18,0.0,16100,0.0123365201745146,0.3757230043411255,0.0027676713652908,0.0009809361072257,0.0103233493864536,0.1040856031128404,
1989-12-24,0.0,15200,5.48346653539464,2.842137098312378,28.94704246520996,5.06667423248291,9.897610664367676,4.375875486381319,
1989-12-30,0.0,11100,4.8613040108893895,3.757637739181519,4.987845420837402,4.130341529846191,8.578879356384277,5.278210116731516,
1990-01-01,0.0,11400,27.34129441020401,,,32.78528594970703,38.3278923034668,,
1990-01-05,1.0,14700,42.56588910961698,51.212520599365234,69.25831604003906,61.61859893798828,77.28133392333984,75.6003891050584,
1990-01-06,2.0,22900,77.7444531680521,62.75831604003906,82.99522399902344,63.81536102294922,79.99308776855469,77.60719844357976,
1990-01-07,2.0,27300,82.10268830181764,73.1502456665039,132.2235870361328,104.38346862792967,115.97089385986328,88.04610894941636,
1990-01-09,1.0,30900,93.9755715804164,98.90997314453124,142.33383178710938,144.83746337890625,130.414794921875,161.1023346303502,
1990-01-10,1.0,47400,116.83475135753989,81.04393005371094,82.2303466796875,96.44383239746094,81.97547149658203,130.63677042801555,
1990-01-19,0.0,18900,0.0831281069949283,0.0,0.0038271469529718,0.0002001757093239,0.0075839292258024,0.0871595330739299,
1990-01-20,0.0,18200,0.8130478052478942,0.0931795313954353,1.34039191834745e-05,6.417383815460198e-07,0.001913265325129,0.7937743190661478,
1990-01-21,0.0,17900,0.9502543065875918,13.409289360046388,0.564453661441803,1.881908178329468,4.506539344787598,16.21809338521401,
1990-01-24,0.0,19100,61.15166732412452,45.25454711914063,85.63432312011719,66.06024169921875,78.31716918945312,76.53968871595332,
1990-01-26,0.0,19100,58.008938829142096,50.580078125,81.09432220458984,53.426856994628906,71.25093078613281,63.01225680933853,
1990-01-31,0.0,16200,55.41330792229216,37.53962707519531,44.92638397216797,37.941932678222656,50.53752136230469,30.534046692607,
1990-02-02,1.0,15100,35.18566159057799,39.897422790527344,57.56149291992188,45.46586990356445,60.06111526489258,53.26420233463036,
1990-02-03,1.0,16800,47.31439964880679,44.168155670166016,90.48483276367188,72.52217102050781,94.1710433959961,70.99922178988326,
1990-02-08,0.0,18700,37.73390635580223,35.195220947265625,45.78495788574219,46.54834365844727,47.24901580810547,51.461673151750965,
1990-02-09,3.0,18600,37.84308606842052,56.03559494018555,54.347312927246094,61.11852264404297,58.25931167602539,99.23988326848249,
1990-02-10,3.0,29200,81.26473045554262,91.3248519897461,110.03388214111328,98.48058319091795,103.9172134399414,145.92587548638133,
1990-02-11,3.0,39900,122.10499058740773,100.69953918457033,150.96701049804688,140.00619506835938,140.9378204345703,148.0964980544747,
1990-02-25,0.0,16500,31.478934941728767,13.661075592041016,10.75031566619873,1.9376296997070312,1.7623876333236694,7.423735408560315,
1990-03-05,0.0,14700,1.2297552583828644,3.447875499725342,10.189813613891602,5.206246376037598,19.14025115966797,2.514396887159533,
1990-03-08,0.0,21300,34.99865582820013,34.511383056640625,55.065391540527344,53.781776428222656,53.66584777832031,54.639688715953305,
1990-03-12,0.0,18900,35.44860809989898,13.417542457580566,30.832979202270508,40.12199783325195,39.46955108642578,11.101750972762648,
1990-03-14,0.0,18400,15.236933084794217,14.686046600341797,31.948871612548828,19.583271026611328,21.72422409057617,22.614396887159547,
1990-03-18,0.0,14000,7.590946477876814,8.845821380615234,9.217777252197266,7.713481903076172,17.361705780029297,8.988326848249027,
1990-03-23,0.0,19200,15.761466529685112,15.14388942718506,18.14614486694336,13.704577445983888,16.86313819885254,15.115758754863814,
1990-03-27,0.0,14500,0.0866022947719356,0.0,0.0002541067660786,0.0,0.0,0.0,
1990-04-07,0.0,18300,0.0182638622283486,0.0,0.0,2.4566834326833487e-05,0.0013521155342459,0.0,
1990-04-19,0.0,21200,3.9616290595908654,6.277605056762695,9.697381973266602,2.4215707778930664,11.522809028625488,9.559143968871606,
1990-04-22,0.0,20500,7.3478948353199,11.333895683288574,8.154129028320312,6.875372886657715,11.665040969848633,10.430350194552531,
1990-05-01,1.0,15700,4.002925431036415,5.58928918838501,0.9599356055259703,1.977238655090332,5.759157180786133,2.425291828793774,
1990-05-02,1.0,16900,7.853001908975454,8.376077651977539,0.277109146118164,1.7664227485656738,5.513826370239258,5.208754863813231,
1990-05-21,1.0,16400,12.401738069472518,14.271475791931152,10.868256568908691,16.419878005981445,15.576360702514648,12.747276264591449,
1990-05-22,1.0,16000,15.60174379874124,17.73619270324707,15.47355842590332,20.726322174072266,20.30538749694824,19.75953307392997,
1990-05-26,1.0,15500,8.636292532774847,8.304566383361816,18.90401840209961,16.170164108276367,27.297760009765625,5.58852140077821,
1990-05-27,1.0,13400,3.602204588678377,6.1863694190979,7.422368049621582,10.656269073486328,14.798534393310549,11.732684824902726,
1990-06-02,2.0,21000,26.006579354262943,22.587207794189453,22.280033111572266,50.896705627441406,70.67303466796875,21.95,
1990-06-03,2.0,20000,24.496531525544864,29.249557495117188,40.40430450439453,48.751075744628906,76.23094177246094,34.92431906614788,
1990-06-07,0.0,25500,35.23677052930175,30.98930549621582,39.425079345703125,32.04115295410156,30.487319946289062,31.489494163424112,
1990-06-10,0.0,24800,26.203848957787507,31.95040702819824,17.31480598449707,28.59591293334961,19.730812072753903,48.865953307392985,
1990-06-18,1.0,22600,0.3477017206082434,0.3059872388839721,0.1781332194805145,0.8433907628059387,0.7244117856025696,0.2778210116731513,
1990-06-19,1.0,22300,0.2921759078410911,0.2438182830810547,1.0039303302764893,0.561008095741272,0.9886364936828612,0.148054474708171,
1990-06-20,1.0,23200,0.1723307840340017,0.1809908747673034,1.339779019355774,0.4876901507377624,1.0045945644378662,0.148054474708171,
1990-06-29,1.0,23900,2.648562132593255,1.0842058658599854,1.328737497329712,0.2945566773414612,1.046455144882202,1.8073929961089492,
1990-06-30,1.0,25000,3.511674945619105,1.1227364540100098,2.670440673828125,0.3615997433662414,1.6479616165161133,0.3834630350194552,
1990-07-02,0.0,21600,2.951294456059683,12.177480697631836,7.51324462890625,12.889680862426758,2.464287519454956,8.91984435797665,
1990-07-05,0.0,23300,7.577260066036813,5.751945495605469,5.873417854309082,1.166047215461731,1.4936025142669678,6.673540856031127,
1990-07-06,0.0,24200,10.551233266103866,11.977081298828123,12.80843734741211,3.926472187042236,12.43967628479004,10.14007782101167,
1990-07-08,0.0,25100,14.993848954226571,7.599632263183594,8.584721565246582,4.724967956542969,12.170180320739746,4.003696498054475,
1990-07-12,0.0,30200,0.1888871882751897,0.0359362140297889,0.6507792472839355,0.5759664177894592,0.3478461503982544,0.1861867704280156,
1990-07-19,0.0,19700,0.0518929250912302,0.0,0.0022346859332174,7.953314025144209e-07,0.000797816668637,0.0,
1990-08-18,0.0,9840,14.698003811747046,21.337404251098636,10.84259033203125,15.246078491210938,19.40755653381348,19.944747081712045,
1990-08-23,0.0,11600,17.31671127543943,10.618060111999512,7.207217693328857,16.693511962890625,21.57936668395996,16.005252918287937,
1990-09-11,0.0,8430,0.140751434526367,0.0,0.0179085806012153,0.0099433688446879,0.0587686412036418,0.0441634241245136,
1990-09-24,0.0,8120,0.0229120456950158,0.0,1.6394408400288718e-11,4.253352017258294e-05,0.0051917252130806,0.0,
1990-09-25,0.0,8290,0.131887189846265,0.0,0.0005451592151075,7.893826114013791e-05,0.0098481476306915,0.0200389105058365,
1990-10-01,1.0,7810,0.961577437046326,9.13943576812744,8.483647346496582,7.395419597625732,10.992431640625,12.834630350194551,
1990-10-02,4.0,7540,10.681598475825284,18.42905044555664,13.011771202087402,12.712745666503906,19.19082260131836,19.937743190661475,
1990-10-03,4.0,8860,25.754233288651925,69.90767669677734,29.392902374267575,50.59245300292969,68.65287017822266,107.50466926070033,
1990-10-04,4.0,30400,102.785781982524,108.71627807617188,72.79158782958984,110.2604522705078,140.48548889160156,141.66128404669251,
1990-10-05,4.0,40800,137.28631730790804,115.1157684326172,83.70649719238281,122.13421630859376,153.28689575195312,138.0044747081711,
1990-10-06,0.0,21800,125.53024464118384,64.30946350097656,67.39322662353516,84.44635772705078,104.1230697631836,50.401750972762606,
1990-10-09,1.0,12700,0.8735162511894864,12.32223892211914,1.0754748582839966,11.096243858337402,13.295990943908691,21.308560311284054,
1990-10-10,1.0,15200,23.296445422577023,17.360177993774414,13.753029823303224,18.16206169128418,18.85918617248535,23.17607003891052,
1990-10-11,2.0,14100,23.116351733979613,30.557397842407227,13.76007080078125,18.62880516052246,18.946643829345703,36.96634241245138,
1990-10-12,2.0,14800,44.67782209471093,33.55406951904297,35.89728927612305,40.35752487182617,35.38013458251953,40.699416342412434,
1990-10-14,0.0,15800,43.70678964023608,36.951271057128906,47.52326965332031,55.741886138916016,55.92509078979492,52.36984435797664,
1990-10-17,1.0,18500,32.83037285124825,28.223011016845703,17.554121017456055,29.223936080932617,25.15194702148437,36.44007782101166,
1990-10-18,1.0,18100,35.5065047803322,25.127342224121094,34.1450080871582,29.4512939453125,32.671966552734375,34.45311284046694,
1990-10-20,2.0,16500,33.369378575645605,26.921634674072266,30.92416381835937,23.134708404541016,24.81321144104004,19.10428015564204,
1990-10-21,2.0,17700,39.11366722143004,30.97347640991211,28.41000747680664,29.415117263793945,39.730838775634766,48.17392996108951,
1990-10-23,4.0,19200,38.78866338233235,15.720149040222168,26.57135391235352,29.085264205932617,38.45042037963867,45.160116731517526,
1990-10-24,4.0,17600,13.755217941654855,1.7990846633911133,7.708469390869141,2.3740930557250977,4.721006393432617,5.856225680933856,
1990-10-25,4.0,17200,2.014370935276127,26.00333595275879,17.43933868408203,24.36370277404785,26.55826568603516,30.544357976653703,
1990-10-26,4.0,28000,33.51534990539078,35.33272171020508,36.25215148925781,34.4088249206543,35.61064910888672,33.35933852140079,
1990-10-27,2.0,22200,34.423642446852355,50.05268096923828,31.67823982238769,34.330406188964844,32.89971160888672,40.98852140077821,
1990-10-28,2.0,22200,53.88899234629967,36.66024398803711,37.5073127746582,29.78081512451172,43.42233276367188,36.63365758754863,
1990-10-29,1.0,22900,34.72655641579961,38.80687713623047,25.67648696899414,27.59954833984375,45.5012321472168,47.4533073929961,
1990-10-30,1.0,22500,47.93536140187064,34.83638000488281,52.89719009399414,49.39444351196289,73.94874572753906,45.52217898832684,
1990-11-03,0.0,19700,9.84113002320472,17.09717559814453,21.639629364013672,26.045610427856445,26.513654708862305,37.43268482490273,
1990-11-08,4.0,21600,33.46924282971482,72.58563232421875,26.40742492675781,24.209693908691406,21.37422561645508,83.37042801556419,
1990-11-09,4.0,36700,102.1705619536668,156.1944580078125,104.54231262207033,133.3328399658203,140.47605895996094,253.6838521400776,
1990-11-10,4.0,88700,206.1949864067493,189.3868103027344,179.62774658203125,198.37466430664065,204.02638244628903,257.5371595330737,
1990-11-11,4.0,130000,222.8224949490272,147.80657958984375,186.15737915039065,202.26092529296875,207.0933532714844,212.8879377431905,
1990-11-12,4.0,86800,151.798923431848,80.99159240722656,108.13162231445312,93.13748931884766,88.6812515258789,68.89922178988323,
1990-11-13,4.0,75000,77.33667104745803,68.12739562988281,68.89498138427734,63.90678405761719,64.07306671142578,88.74046692607007,
1990-11-14,0.0,77200,82.13873608623022,81.46050262451172,63.13742065429688,64.63230895996094,64.73963165283203,103.33054474708176,
1990-11-17,0.0,44500,37.71059849784206,23.620004653930664,27.668228149414062,16.36430549621582,32.63594055175781,21.13093385214006,
1990-11-21,5.0,33600,19.62293690777527,47.98996353149414,30.431400299072266,28.78875732421875,34.049198150634766,90.71050583657592,
1990-11-22,5.0,42600,83.73228496050972,96.0764389038086,71.31285858154297,87.40359497070312,107.44412994384766,153.21225680933856,
1990-11-23,5.0,64100,129.5597132471734,168.15548706054688,110.33191680908205,149.80923461914062,188.09844970703125,220.9850194552529,
1990-11-24,5.0,97200,234.9885297031293,200.23684692382807,181.92857360839844,219.711669921875,254.56570434570312,246.4953307392996,
1990-11-25,5.0,142000,228.9370688954457,159.24261474609375,146.2000732421875,166.27273559570312,187.2152862548828,177.4793774319066,
1990-11-28,1.0,51100,29.0140305580874,30.50200080871582,17.758955001831055,17.76640510559082,28.63454818725586,26.599999999999987,
1990-11-29,1.0,42600,39.27862518716936,42.29703521728516,75.65392303466797,55.543556213378906,77.11376953125,61.53949416342415,
1990-12-01,0.0,36100,64.74658510640502,55.44161224365234,89.51434326171875,74.05142211914062,99.41909790039062,93.6865758754864,
1990-12-02,0.0,34300,67.8754838041776,48.662254333496094,37.31925582885742,41.55499649047852,59.13224029541016,60.03424124513618,
1990-12-03,3.0,33400,67.44594647186892,68.95320892333984,37.99910354614258,60.25638961791992,84.92405700683594,100.91692607003884,
1990-12-04,3.0,41900,100.33742265594164,79.17533874511719,80.0539779663086,84.31432342529297,117.13834381103516,105.1566147859922,
1990-12-08,2.0,25300,17.230061198221243,36.15325927734375,33.3438606262207,27.81586456298828,36.59199523925781,58.570038910505765,
1990-12-09,2.0,35200,53.24375527542611,60.05794525146485,77.45188903808594,47.932376861572266,57.29646301269531,81.88715953307384,
1990-12-11,0.0,32100,70.42034415583025,40.42568206787109,70.25222778320312,29.722400665283203,35.60581970214844,39.30019455252916,
1990-12-17,1.0,20500,21.32446465566091,41.61408615112305,71.60079956054688,50.062835693359375,62.38480758666992,60.621206225680965,
1990-12-18,1.0,24300,59.448554437650266,53.10591125488281,70.52726745605469,49.09005737304688,64.24877166748047,57.324708171206254,
1990-12-19,0.0,21000,60.7453058606466,45.26331329345703,70.62777709960938,47.79827117919922,60.191741943359375,35.620817120622576,
1991-01-05,0.0,14300,2.257126195024366,0.1547265797853469,0.0038679419085383,4.465384062513067e-09,0.0,1.896303501945524,
1991-01-09,0.0,16500,52.196996201064806,58.622806549072266,67.58970642089844,47.5311279296875,60.33448791503906,79.91400778210112,
1991-01-11,1.0,17800,53.31097515136801,54.744422912597656,81.6820068359375,50.97600555419922,56.44561004638672,86.15311284046689,
1991-01-12,1.0,29200,73.48903642240093,85.98433685302734,113.2960205078125,72.79110717773438,68.53724670410156,134.57529182879375,
1991-01-27,0.0,17000,0.4583441679914398,1.076598048210144,0.0105670802295207,0.0268306117504835,0.1365605592727661,0.0603112840466926,
1991-02-01,4.0,17800,18.27347226903296,37.94907379150391,92.55908203125,52.64141082763672,68.10916137695312,60.70992217898833,
1991-02-02,4.0,24700,54.85147039948502,62.687137603759766,141.62454223632812,102.6916961669922,114.29084014892578,90.37315175097277,
1991-02-03,4.0,32800,75.67949144168976,72.48869323730469,126.0561981201172,92.46951293945312,100.10415649414062,94.64513618677044,
1991-02-04,3.0,34900,84.31797901479737,86.96368408203125,120.68307495117188,122.9958724975586,142.21871948242188,101.78443579766534,
1991-02-05,3.0,48800,86.67849905854429,68.61631774902344,102.37574005126952,88.9128189086914,108.43903350830078,79.28638132295717,
1991-02-06,2.0,42000,63.97568451869813,46.86071014404297,72.53699493408203,68.83049774169922,86.91361999511719,48.637743190661446,
1991-02-07,2.0,30400,40.56019121309988,19.96015167236328,40.368011474609375,17.335264205932617,12.656944274902344,17.086770428015562,
1991-02-08,2.0,28400,16.289546849663736,21.912790298461918,21.686798095703125,9.61236572265625,17.594247817993164,19.56225680933852,
1991-02-11,0.0,31900,5.15636710969181,11.6624174118042,13.04448127746582,1.1197052001953125,1.7965350151062012,17.489688715953317,
1991-02-18,2.0,27100,11.570330771009472,41.625755310058594,20.90951156616211,15.026790618896484,29.8178653717041,46.34474708171206,
1991-02-19,2.0,34200,53.45281065840107,78.13539123535156,71.08502197265625,57.40999984741211,84.44664001464844,110.29863813229572,
1991-02-20,2.0,44100,91.1333535544959,83.9575424194336,83.49813842773438,69.05941772460938,89.38888549804688,110.84922178988326,
1991-03-01,0.0,20500,6.50323708656593,26.047439575195312,20.118070602416992,9.156909942626951,8.927379608154297,27.30544747081712,
1991-03-12,0.0,18900,27.532929254193608,18.62317276000977,29.334699630737305,32.76573181152344,38.40543365478516,26.65311284046692,
1991-03-13,0.0,18600,24.92832312407974,12.087289810180664,20.950532913208008,26.56768798828125,27.92889404296875,14.891828793774314,
1991-03-17,0.0,16600,1.2301128120933984,0.0,0.1437561959028244,0.2489955276250839,0.106320284307003,0.3245136186770426,
1991-03-19,0.0,11500,6.22608411078872,10.437081336975098,2.966656446456909,6.108977317810059,10.778037071228027,9.11906614785992,
1991-03-26,0.0,16200,2.2519694087037685,0.7474675178527832,3.834310293197632,6.577990531921387,14.05837059020996,3.98910505836576,
1991-03-30,0.0,12600,7.320665402041639,6.771836757659912,4.869948387145996,7.633556842803955,7.841091156005859,5.052723735408555,
1991-04-01,0.0,13100,6.852003838379474,5.640322208404541,0.2218958437442779,1.5448881387710571,2.318460464477539,4.650972762645914,
1991-04-03,2.0,12300,17.79523138356565,53.971221923828125,24.06144523620605,38.98069381713867,42.152626037597656,68.93988326848249,
1991-04-04,2.0,20300,77.63253730236345,93.04132080078124,84.7072525024414,109.7771453857422,106.42507934570312,129.73229571984433,
1991-04-05,2.0,30700,132.059952174016,112.73925018310548,140.7877197265625,152.22227478027344,129.1921844482422,147.5813229571984,
1991-04-09,0.0,17800,23.499271540676183,24.62841033935547,42.426719665527344,39.58283996582031,55.12939453125,29.86731517509729,
1991-04-13,0.0,13900,2.189917785876135,0.0605455264449119,0.1337852776050567,0.005429299082607,0.0437833815813064,1.8054474708171215,
1991-04-21,0.0,18800,0.1337724661411821,0.0,0.002376354066655,0.0019561476074159,0.4854119122028351,0.2846303501945524,
1991-04-27,0.0,19100,9.671931169820276,7.775527954101562,11.538631439208984,17.29403305053711,17.05575942993164,5.163618677042804,
1991-04-29,0.0,16300,9.078487572755243,7.062472343444824,7.163141250610352,14.01119899749756,8.229978561401367,6.0352140077821,
1991-05-05,0.0,18900,2.1757705546363506,7.326582908630371,5.520680904388428,9.655739784240724,4.589610576629639,16.209727626459152,
1991-05-11,0.0,19300,10.420753328507166,5.519080638885498,5.747549057006836,6.768632888793945,12.497541427612305,0.5266536964980545,
1991-05-13,0.0,21000,1.8364837427379164,3.2543821334838867,5.357184886932373,3.484999418258667,9.953642845153809,2.972373540856033,
1991-05-15,0.0,20000,2.5220477946968947,3.175076723098755,6.762803077697754,1.029248595237732,5.928186893463135,1.7404669260700407,
1991-05-17,0.0,20900,3.144560230149305,15.826942443847656,28.94667053222656,20.011749267578125,13.196106910705566,24.78365758754865,
1991-05-19,0.0,24100,22.370927369882693,22.054317474365234,21.121232986450195,27.15042304992676,19.52500915527344,28.316731517509748,
1991-05-24,0.0,23000,3.8004474205044634,11.875676155090332,2.056920289993286,2.7976558208465576,5.686022758483887,15.405836575875492,
1991-06-01,0.0,20500,5.598535363450664,1.62469220161438,6.81608247756958,5.552838325500488,6.107895851135254,4.851945525291826,
1991-06-04,0.0,20700,2.327764820634925,3.0210189819335938,6.199681282043457,3.888153076171875,2.5002429485321045,1.4505836575875497,
1991-06-06,0.0,16800,1.4925411116767204,1.603893160820007,5.593554973602295,1.6428499221801758,0.7678031921386719,2.310116731517509,
1991-06-07,0.0,18800,1.927036328194485,5.28900957107544,11.605538368225098,6.65590763092041,0.0302373133599758,5.059922178988326,
1991-06-10,1.0,24400,3.204487561948293,7.208691596984863,1.2583560943603516,2.656376600265503,1.9591047763824463,6.06517509727626,
1991-06-11,1.0,26800,6.427831748571919,12.029380798339844,4.160664081573486,3.5509166717529297,6.829784393310547,14.345136186770429,
1991-06-16,0.0,21000,11.16836136268353,14.86007308959961,11.602866172790527,13.851143836975098,10.293291091918944,15.228015564202346,
1991-06-22,0.0,23000,17.04674187412995,16.79320526123047,8.741083145141602,19.317338943481445,22.82441711425781,19.608171206225684,
1991-06-29,0.0,25600,1.859166348389756,1.415191650390625,4.142378330230713,3.027851104736328,10.466752052307127,6.338132295719848,
1991-06-30,0.0,24600,3.2683021028977546,1.625987529754639,6.205906867980957,3.7594146728515625,13.072452545166016,6.361673151750976,
1991-07-10,0.0,24800,1.529636783934916e-05,0.0,0.0020563502330332,0.0098613249137997,0.0047532683238387,0.0,
1991-07-11,1.0,24000,0.0302466542155519,0.0217209067195653,0.0021539060398936,0.0363650247454643,0.5291020274162292,0.0,
1991-07-12,1.0,24200,0.1558413009578184,0.029248908162117,0.0021634565200656,0.0338171981275081,0.7411158680915833,0.9101167315175096,
1991-07-13,1.0,31300,0.1893862340956335,1.41491961479187,2.509939193725586,0.9099981188774108,2.5369386672973637,1.5770428015564193,
1991-07-16,0.0,24000,12.242388138284882,12.000543594360352,10.838300704956056,10.52401638031006,5.425034999847412,10.940856031128405,
1991-07-20,0.0,23000,0.4256864235223134,1.6672674417495728,0.0548189654946327,0.0037883927579969,0.0445674955844879,0.9988326848249028,
1991-07-21,0.0,22600,1.3126328858336789,2.082984447479248,0.2587639689445495,0.0524295717477798,0.2459156215190887,0.926070038910506,
1991-07-26,0.0,26800,11.912084135287897,13.47760772705078,8.139217376708984,2.7598609924316406,2.7079246044158936,8.134824902723725,
1991-08-06,5.0,19100,1.1543881456653924,3.555985927581787,0.0437123961746692,0.2006547152996063,1.0138890743255615,3.3005836575875493,
1991-08-07,5.0,19600,5.629642456873894,3.963598489761353,9.828428268432615,3.926368474960327,4.689785957336426,4.858560311284047,
1991-08-08,5.0,18900,5.95179924954029,4.7066969871521,9.915595054626465,5.014467716217041,4.476841449737549,4.626848249027237,
1991-08-09,5.0,18300,6.8977227656704505,8.41130256652832,12.07144546508789,5.739870071411133,6.622020244598389,7.739299610894944,
1991-08-13,0.0,15900,5.805611849517204,6.121731281280518,14.716458320617676,7.172177314758301,11.007349014282228,3.891439688715952,
1991-08-26,2.0,11000,4.554906312621556,14.167768478393556,0.7313226461410522,2.576009511947632,0.7619796991348267,6.828210116731523,
1991-08-27,2.0,11500,28.342688332911248,28.97493934631348,38.19009017944336,40.10731887817383,30.714374542236328,28.7408560311284,
1991-08-28,5.0,15100,46.07944544135744,43.308624267578125,57.142333984375,51.682987213134766,46.104827880859375,37.483852140077815,
1991-08-29,5.0,17600,77.81847411234565,43.14861297607422,63.15564727783203,64.4250259399414,69.3282241821289,38.911284046692586,
1991-08-30,5.0,22900,67.49618539026089,33.96984100341797,29.031967163085938,28.67934799194336,43.30706787109375,23.025486381322946,
1991-08-31,5.0,19000,48.214539172727946,35.88999938964844,17.011016845703125,22.40475082397461,39.10615921020508,19.39143968871593,
1991-09-01,0.0,20500,30.92116824796612,26.621055603027344,14.945524215698242,8.414347648620605,15.30006504058838,14.580739299610892,
1991-09-04,0.0,13200,0.6933021024973568,0.0,0.0042926138266921,0.0002373260795138,0.0100465500727295,0.7200389105058365,
1991-09-05,0.0,12000,0.3617954106098147,0.0,0.0005858173244632,0.0,0.000851611723192,0.1463035019455252,
1991-09-13,0.0,8600,3.451644359264224,5.528152942657471,5.259396553039551,2.937657594680786,3.1504712104797363,12.610116731517504,
1991-09-22,1.0,6200,0.0,0.10736595839262,0.0009758151136338,0.4974489510059356,0.2463514655828476,0.0,
1991-09-23,1.0,7600,0.0,0.10736595839262,0.0011012196773663,0.4972482323646545,0.2365439534187317,0.0,
1991-10-03,0.0,9170,0.0,0.0,0.0010069836862385,0.0001410799886798,0.0103996824473142,0.0,
1991-10-06,0.0,8890,0.0013594646289513,0.0,0.2502064108848572,0.0,8.81272935657762e-05,0.0,
1991-10-13,0.0,6930,0.0086061185807698,0.0,1.4253422021865845,0.0068329628556966,1.1787534952163696,0.0062256809338521,
1991-10-15,1.0,5520,0.0953632890590489,4.185590744018555,0.0018632730934768,0.0,0.011214081197977,0.0202334630350194,
1991-10-16,2.0,5690,3.885177826261358,13.25904655456543,16.159399032592773,12.673640251159668,15.089762687683104,18.86400778210117,
1991-10-17,0.0,6030,16.181877647617604,14.867756843566896,17.99790382385254,16.629405975341797,21.39898681640625,18.843774319066156,
1991-10-19,1.0,5760,15.486801159335744,2.5479421615600586,1.873741865158081,5.186863899230957,9.408799171447754,1.9284046692607,
1991-10-20,2.0,5260,3.6972332692339593,12.275696754455566,0.0663287490606308,1.2320632934570312,4.71152400970459,5.652529182879377,
1991-10-21,2.0,6110,17.4433709394944,20.740991592407227,10.5453462600708,11.472281455993652,18.54592704772949,27.90603112840467,
1991-10-31,1.0,7810,5.471430200377807,9.692316055297852,10.674274444580078,6.621264457702637,9.187474250793455,10.005642023346304,
1991-11-01,1.0,6730,7.953948362104072,9.49096965789795,10.810855865478516,6.851082801818848,9.224023818969728,11.123540856031129,
1991-11-03,1.0,5520,4.182082215468506,13.544607162475586,0.366427481174469,0.3125663995742798,0.2694166600704193,5.784241245136188,
1991-11-04,1.0,6690,25.5749674836589,33.7191276550293,32.42511749267578,30.64923095703125,31.02165985107422,44.68190661478596,
1991-11-05,1.0,12200,51.81307645893303,46.06695938110352,64.40962219238281,43.78353118896485,62.18273162841797,59.90447470817118,
1991-11-06,0.0,15600,59.64734033462423,34.98725891113281,73.67674255371094,43.78319549560547,62.52798461914063,57.90972762645912,
1991-11-09,0.0,12200,24.000944539277555,25.61624526977539,44.04607772827149,14.619768142700195,29.975255966186523,29.76400778210113,
1991-11-10,0.0,8600,28.39680687932166,30.01075935363769,47.58537292480469,14.810211181640623,30.422998428344727,16.051167315175086,
1991-11-11,3.0,9150,26.3577113116786,54.210445404052734,44.33712768554688,32.26428985595703,51.681884765625,75.56361867704283,
1991-11-12,3.0,28800,69.81637856307222,76.5042724609375,60.72798156738281,56.29188919067383,71.8072509765625,94.82859922178994,
1991-11-15,3.0,17200,52.93568837179434,23.62686920166016,32.418975830078125,22.517658233642575,25.32721900939941,18.597470817120616,
1991-11-16,3.0,15000,22.954114734464508,27.125,24.23231506347656,30.555072784423828,30.363813400268555,41.99143968871597,
1991-11-17,1.0,17200,32.247481773869644,41.01765441894531,67.97928619384766,80.91085052490234,69.46945190429688,65.32587548638134,
1991-11-19,2.0,18200,63.24368829936871,74.25218200683594,87.34565734863281,113.73974609375,115.4563446044922,107.37198443579766,
1991-11-20,2.0,32000,91.89197905934336,79.54888916015625,94.65486145019533,98.07006072998048,116.17228698730467,101.85739299610898,
1991-11-23,0.0,17100,25.951770566731746,19.942481994628903,18.904563903808597,6.827004909515381,12.67095184326172,21.00992217898833,
1991-12-05,2.0,16700,25.39468831710124,58.26621627807617,67.96592712402344,60.18743133544922,71.44074249267578,91.44805447470814,
1991-12-06,2.0,36500,84.85385660847103,74.07325744628906,100.5745086669922,79.728271484375,84.82542419433594,106.65350194552526,
1991-12-07,0.0,28100,97.95444741850828,86.33251190185547,93.53931427001952,83.81156921386719,89.04554748535156,112.00933852140078,
1991-12-09,1.0,28400,95.28137855092152,66.2098159790039,86.17092895507812,62.56507873535156,97.82742309570312,94.82743190661483,
1991-12-16,0.0,16700,2.703977050774118,0.0,0.0498858988285064,4.855653514823643e-07,0.0033049292396754,3.170428015564203,
1991-12-19,0.0,15000,7.922334605406785,8.94792366027832,15.358299255371094,9.585375785827637,19.854923248291016,13.138715953307385,
1991-12-21,1.0,11200,15.532638635737449,9.846623420715332,25.996692657470703,9.152338027954102,23.20506858825684,10.225097276264592,
1991-12-25,2.0,9460,4.172866147349412,10.138917922973633,13.862377166748049,2.5704305171966557,4.707458019256592,3.9350194552529136,
1991-12-26,2.0,9070,4.627581252117711,11.76291275024414,14.994171142578123,2.573768377304077,4.6254072189331055,4.978988326848245,
1991-12-27,2.0,9290,6.091862325311726,5.0944013595581055,7.152941703796387,1.6599708795547483,2.001159429550171,3.714202334630351,
1991-12-28,0.0,10300,3.133034416844572,5.678340911865234,2.907078981399536,1.3616214990615845,1.107435941696167,4.771789883268482,
1991-12-29,0.0,10300,4.700453150084325,5.357525825500488,2.574803352355957,3.058603048324585,4.127512454986572,6.863813229571987,
1991-12-31,2.0,8990,3.664619496563649,1.960727572441101,1.3723911046981812,3.689471960067749,3.9051859378814697,6.001167315175101,
1992-01-01,2.0,9090,2.457774375732294,,,2.353670120239258,4.117448806762695,,
1992-01-02,2.0,10500,32.41636326921219,,,32.65789031982422,36.90769577026367,,
1992-01-05,0.0,12600,17.078885290921303,15.209854125976562,24.39425277709961,25.28971099853516,28.718629837036133,17.319844357976663,
1992-01-09,2.0,13300,9.927246656659705,23.676549911499023,12.225749015808104,0.2762089073657989,6.244789123535156,22.83482490272373,
1992-01-10,2.0,16000,27.767172113823992,41.972354888916016,47.41031265258789,15.250448226928713,18.012550354003906,53.23929961089493,
1992-01-19,0.0,15500,1.3523785814962992,0.0,0.0,6.650791561924052e-08,9.404396405443548e-05,0.0813229571984436,
1992-01-22,2.0,16000,22.50789869115127,40.11280822753906,38.934757232666016,19.344532012939453,20.18733787536621,49.28501945525293,
1992-01-23,2.0,21600,71.03481842428411,78.27518463134766,115.21940612792967,85.79267883300781,86.32571411132812,110.144747081712,
1992-01-24,2.0,36200,118.47994455005652,86.85526275634766,130.71900939941406,101.01896667480467,99.1965560913086,97.0120622568093,
1992-01-25,1.0,31000,115.3927877418711,71.10369110107422,141.9879150390625,110.10865020751952,112.24720764160156,84.88832684824897,
1992-01-26,3.0,26900,78.6933211625997,36.802040100097656,68.72057342529297,45.73497772216797,48.78970718383789,29.665953307392986,
1992-01-27,3.0,24300,29.88063864371816,49.27945327758789,66.9615478515625,67.02104949951172,40.33879852294922,71.20836575875487,
1992-01-28,3.0,31200,68.08383555451397,70.89824676513672,100.26506042480467,92.0509796142578,55.59748840332031,86.35116731517512,
1992-01-29,3.0,37800,92.38728486021436,86.13538360595703,146.45294189453125,144.7816925048828,116.21044921875,102.21712062256812,
1992-01-30,3.0,36500,111.96323515739768,77.85673522949219,154.5228271484375,121.17510986328124,144.13409423828125,80.28229571984437,
1992-01-31,3.0,38000,89.85262136819486,64.92111206054688,158.87939453125,115.535400390625,156.0396728515625,80.26731517509727,
1992-02-01,3.0,40100,71.65881260266497,51.87066650390625,120.00057220458984,72.08682250976562,104.99314880371094,60.14785992217897,
1992-02-02,1.0,33500,51.042221741144495,35.71648025512695,75.19853210449219,58.4380989074707,61.9109001159668,46.47276264591439,
1992-02-03,1.0,29500,34.54544742006798,18.6768741607666,16.322498321533203,27.46520233154297,30.564437866210938,18.243774319066144,
1992-02-11,0.0,19300,3.272250472509434,1.8296048641204836,6.277885913848877,1.4264919757843018,1.7902133464813232,2.4258754863813228,
1992-02-21,1.0,18000,33.97678587646945,40.66935348510742,55.47498321533203,42.18177795410156,54.68834686279297,72.5363813229572,
1992-02-22,1.0,25100,59.01179158998151,48.44293975830078,81.35409545898438,61.96595001220703,78.9659423828125,82.51361867704279,
1992-02-27,0.0,21900,12.506110885220156,0.0,0.0592399463057518,0.0029120086692273,0.5566306710243225,0.122568093385214,
1992-03-09,0.0,16100,0.4322715096961864,0.0384767428040504,0.1220453456044197,0.2273329794406891,0.0639087855815887,0.0,
1992-03-13,0.0,12500,0.0294206504483865,0.0,0.0,0.0002825199626386,0.0986006632447242,0.0056420233463035,
1992-03-16,0.0,12000,6.080359466137974,8.566293716430664,4.498993396759033,4.972800731658936,5.86759090423584,10.539494163424129,
1992-03-23,0.0,9340,0.0095602293707159,0.0,9.811303243623117e-06,8.735427741157764e-07,0.0002434399648336,2.5838521400778207,
1992-03-30,0.0,9420,0.2187743781699423,0.0,0.5064802765846252,0.2136532813310623,0.1384416073560714,0.1381322957198443,
1992-04-03,0.0,12900,4.298982797503065,7.232632637023926,9.797094345092772,2.0095763206481934,4.392912864685059,8.531128404669259,
1992-04-15,2.0,9460,10.60549521359395,13.034615516662598,19.695444107055664,26.146913528442383,19.204111099243164,12.991828793774324,
1992-04-16,2.0,9860,13.522313574233523,33.030860900878906,32.07819366455078,40.06881332397461,37.14010620117188,32.19124513618677,
1992-04-17,2.0,16400,38.7308833830165,45.5065803527832,69.4937515258789,59.21747589111328,57.727195739746094,56.52548638132296,
1992-04-23,0.0,9320,11.248764810959024,10.353631019592283,10.36160945892334,11.011677742004396,10.182129859924316,10.67645914396888,
1992-04-26,1.0,8080,0.5138145314690249,2.995072364807129,3.01424503326416,0.0305927451699972,1.0708590745925903,5.954280155642025,
1992-04-27,1.0,9500,7.685692163683113,12.838424682617188,17.49618911743164,7.824853897094727,15.335982322692873,14.5715953307393,
1992-04-28,2.0,14500,17.838523895965878,25.95140838623047,18.065757751464844,11.008264541625977,18.368053436279297,20.716926070038895,
1992-04-29,2.0,20600,37.32209942971373,44.153018951416016,54.35575485229492,43.92623519897461,54.058860778808594,48.20505836575877,
1992-04-30,2.0,41000,54.03033464407659,40.14412689208984,58.76364135742188,52.95992660522461,61.22638320922852,45.87023346303503,
1992-05-05,0.0,20000,0.0796787759307398,0.0026353932917118,1.427898860129062e-05,6.133166152721969e-07,0.0030561175663024,0.3449416342412451,
1992-05-08,0.0,21400,0.6110267668317408,3.996559381484986,0.1345002949237823,3.820469617843628,1.9010288715362549,10.771400778210108,
1992-05-26,0.0,16700,2.42523518326224,2.953158378601074,2.9531471729278564,4.94204044342041,4.87701416015625,2.7307392996108937,
1992-05-29,0.0,14800,1.3389311630581997,1.0563455820083618,0.849344789981842,0.961833357810974,3.676604747772217,1.5846303501945522,
1992-06-02,0.0,16700,0.0023632887359103,0.0001317696733167,5.291025638580322,0.0135504473000764,0.1773650795221328,0.0,
1992-06-03,0.0,14300,0.0023632887359103,0.0001317696733167,5.290093421936035,0.0135504473000764,0.1653943210840225,0.0,
1992-06-07,0.0,11000,0.182411090054827,0.0,0.5929068326950073,0.0032074465416371,0.0780256539583206,0.0,
1992-06-16,0.0,11900,14.85110327810602,3.1824429035186768,8.077765464782715,4.056090831756592,7.915611743927002,1.1184824902723758,
1992-06-20,0.0,12900,0.1565372855852163,0.0805639624595642,0.0001210613845614,0.000702723453287,0.0503091625869274,0.0521400778210116,
1992-06-26,0.0,13600,0.1602638627364198,0.0,0.0003934944397769,0.0,0.0464867576956748,0.7803501945525287,
1992-07-05,0.0,15000,32.29506892040924,37.87350082397461,0.8444215655326843,10.962163925170898,27.99913024902344,41.82120622568095,
1992-07-13,0.0,11400,1.8074474212126788,0.1760663539171219,3.022424936294556,4.472326755523682,3.371055603027344,0.2480544747081711,
1992-07-14,0.0,11800,0.1112179737075109,0.0451969802379608,1.299692153930664,1.2549753189086914,1.365248203277588,0.2250972762645914,
1992-07-25,0.0,11800,6.748189286158124,4.380459785461426,0.1866614669561386,15.717147827148438,1.330864667892456,4.034241245136189,
1992-07-26,0.0,10200,4.606755250725,0.0618750043213367,0.0155219295993447,0.1641727089881897,0.1351266950368881,0.0,
1992-07-29,0.0,11500,0.0010822179725475,0.0,0.0017527202144265,2.592594682937488e-06,0.0057385498657822,0.0,
1992-08-05,0.0,9740,4.431430217515041,0.1323903352022171,0.0037990780547261,0.002505830489099,0.3198026418685913,5.791828793774313,
1992-08-06,1.0,9830,4.846892933578259,15.151588439941406,6.523390769958496,11.888261795043944,11.030217170715332,22.4363813229572,
1992-08-08,0.0,12700,27.728673046838534,36.88512802124024,20.03546524047852,21.81750869750977,23.867660522460938,27.086964980544742,
1992-08-17,0.0,8180,0.0131013383928608,0.0,0.0002618953294586,9.993947969633156e-06,0.0026902179233729,0.0,
1992-08-21,0.0,8660,0.3255143410933113,12.497746467590332,0.0046511902473866,3.0216877348721027e-05,0.1324230879545211,2.138326848249028,
1992-09-07,1.0,5000,11.60189484191696,26.86850357055664,3.225987434387207,3.920087337493897,1.359339475631714,19.014396887159524,
1992-09-08,1.0,5000,44.538101430442126,34.98589324951172,26.89028549194336,31.621660232543945,25.100492477416992,55.21381322957198,
1992-09-19,2.0,6000,0.4400076485151268,2.8951456546783447,2.9315273761749268,0.0396939702332019,0.2692212462425232,0.6599221789883268,
1992-09-20,2.0,5700,10.109739950158229,7.795936584472656,7.203451156616211,3.187866687774658,9.087230682373049,12.657782101167314,
1992-09-21,2.0,6000,15.13430399288304,8.181346893310547,8.56075668334961,3.5887041091918945,11.01189422607422,12.7284046692607,
1992-09-22,0.0,7000,14.96060800788048,5.286201000213623,5.689826965332031,3.5736780166625977,10.785563468933104,12.349610894941634,
1992-09-23,2.0,6500,5.303145304651011,23.318443298339844,18.28116798400879,21.46852302551269,14.315972328186035,38.130544747081686,
1992-09-24,2.0,10800,37.99046845445218,41.59339904785156,54.913455963134766,56.99044799804688,52.28896331787109,61.083657587548615,
1992-09-25,1.0,15700,60.96504972343169,49.41920471191406,58.03258514404297,62.86855316162109,62.8457260131836,73.93229571984433,
1992-09-26,1.0,12800,67.08334035943503,41.36518478393555,51.23792266845703,53.203609466552734,68.13269805908203,40.27392996108949,
1992-09-29,2.0,9220,19.820619523466696,0.7674234509468079,0.6268627643585205,0.0189891960471868,0.0331385843455791,0.0,
1992-09-30,2.0,9370,0.4540344163353411,0.0,1.732287049293518,1.7646523531311686e-07,0.0182182863354682,0.0,
1992-10-01,2.0,8990,0.3741414912141161,0.0,1.8200452327728271,5.8452730655744745e-08,0.0282334871590137,0.0,
1992-10-02,0.0,8600,0.2592351818118907,0.8388500213623047,3.239421844482422,1.3242945671081543,15.783459663391112,1.1941634241245136,
1992-10-04,0.0,8500,2.559738044540868,1.900699615478516,11.682757377624512,4.6449127197265625,26.46940040588379,2.030155642023346,
1992-10-08,1.0,7500,0.2951032503665626,0.1309974938631057,1.5893168449401855,0.524465799331665,1.320659637451172,0.2737354085603115,
1992-10-09,1.0,7300,0.1552562146297572,0.1309974938631057,1.7196835279464722,0.5258397459983826,1.429956316947937,0.4649805447470817,
1992-10-10,1.0,7760,0.1552562146297572,0.0283871311694383,4.052398681640625,0.5276647806167603,1.6201130151748655,0.4649805447470817,
1992-10-11,1.0,7440,0.5994455077396936,0.2802437543869018,4.915404319763184,0.0124129867181181,1.391320824623108,1.3379377431906585,
1992-10-18,2.0,7100,5.035305928968002,18.292530059814453,38.19232940673828,13.648733139038086,17.045913696289062,27.54046692607004,
1992-10-19,3.0,7900,24.217219901102,29.670394897460938,58.72040939331055,23.901323318481445,25.023624420166016,40.770622568093394,
1992-10-20,3.0,12400,39.8001739646862,41.03825378417969,79.6592788696289,38.68950271606445,51.520111083984375,44.1410505836576,
1992-10-22,3.0,12400,47.94556210578969,31.026071548461918,46.75006866455078,26.72609519958496,36.81889343261719,25.25719844357977,
1992-10-23,3.0,11600,34.40504780665207,20.361194610595703,27.599050521850582,11.401008605957031,9.31014633178711,12.760116731517517,
1992-10-24,3.0,10500,17.21560228764846,13.171573638916016,13.087373733520508,5.214031219482422,5.668632507324219,3.936381322957197,
1992-10-25,0.0,9710,8.862762906746877,8.330756187438965,6.783452987670898,0.4433327615261078,2.6329166889190674,2.061284046692607,
1992-11-01,0.0,14500,42.8103288333457,39.84672546386719,54.7685775756836,40.58027648925781,44.568946838378906,55.94377431906612,
1992-11-02,0.0,14800,57.07497128109175,43.47379302978516,59.13021087646485,47.07394790649414,51.05148315429688,53.3463035019455,
1992-11-04,1.0,13500,37.60712812924388,29.938695907592773,30.118030548095703,28.722434997558597,30.13861083984375,30.931322957198446,
1992-11-05,0.0,14300,25.431242854437027,24.439794540405277,19.050756454467773,16.060962677001953,16.433706283569336,27.404474708171204,
1992-11-06,2.0,12500,23.765724690219905,26.372211456298828,27.106748580932617,18.69190788269043,19.444978713989254,39.01945525291829,
1992-11-07,2.0,19900,36.32857167404381,34.9704704284668,37.93265914916992,36.28264236450195,29.13351058959961,54.97354085603111,
1992-11-21,1.0,14200,37.77747033670345,50.79716873168945,67.5107650756836,66.5823745727539,58.14493179321289,81.70233463035021,
1992-11-26,2.0,12700,0.4621586990351282,4.746058464050293,4.000454425811768,0.0011705606011673,3.149444580078125,1.4976653696498046,
1992-11-27,2.0,14400,13.09537093232392,16.201499938964844,39.31998825073242,19.59404563903809,32.360191345214844,24.25466926070041,
1992-11-29,1.0,15400,29.779051627885423,34.195335388183594,42.15181350708008,24.428953170776367,34.865142822265625,36.35525291828795,
1992-11-30,1.0,15900,49.21008039592101,36.09869003295898,31.46848487854004,38.89931488037109,40.19501876831055,47.08307392996109,
1992-12-08,0.0,11100,6.489525808609958,20.729612350463867,28.595844268798828,23.15449905395508,30.553394317626957,41.97334630350197,
1992-12-11,0.0,11500,60.74944940861849,39.980567932128906,49.08678817749024,48.18400192260742,39.25411987304688,37.33151750972763,
1992-12-12,0.0,11300,34.52811286088109,28.76650619506836,28.55199813842773,25.975330352783203,15.956626892089844,27.636575875486383,
1992-12-13,1.0,10800,29.144462771386745,22.42638397216797,17.738061904907227,12.67938232421875,19.450523376464844,13.370817120622563,
1992-12-14,1.0,11000,19.626994293404564,25.216480255126957,25.459693908691406,21.17183303833008,28.58658599853516,32.660116731517505,
1992-12-16,0.0,11800,27.375885307100816,17.5750732421875,26.88556480407715,24.316261291503903,31.60689163208008,24.47256809338521,
1992-12-22,0.0,9120,75.13967498128318,48.66943740844727,66.77824401855469,63.37194061279297,80.02875518798828,71.87568093385215,
1992-12-26,0.0,10600,26.02132698910998,29.021671295166016,27.23196029663086,29.56304168701172,30.729225158691406,30.507392996108933,
1992-12-27,0.0,10200,33.08085661272146,32.05080032348633,17.464237213134766,25.150859832763672,20.50718879699707,29.745914396887144,
1993-01-16,0.0,7780,0.0407361373842656,0.0261799991130828,3.583892107009888,0.9134815335273744,5.406677722930908,0.5964980544747089,
1993-01-19,1.0,6820,0.4191414917234677,13.64622688293457,12.575028419494627,15.154095649719238,20.29480743408203,34.530544747081706,
1993-01-24,2.0,8780,21.57175142537107,56.6642951965332,25.945087432861328,29.98089599609375,37.38261413574219,66.20817120622567,
1993-01-25,2.0,23300,88.46371512358317,78.2716064453125,87.96646118164062,96.78092193603516,105.08177947998048,111.92607003891044,
1993-01-26,1.0,27600,105.80618934034162,79.34956359863281,117.04647827148438,107.34893035888672,122.46371459960938,102.69922178988318,
1993-01-27,1.0,23500,103.55219891422335,39.13074493408203,126.73757934570312,83.661865234375,96.49728393554688,52.816342412451306,
1993-01-30,0.0,15500,2.191411089775354,1.0210914611816406,10.636147499084473,2.2355797290802,7.6238484382629395,1.9898832684824903,
1993-02-03,0.0,13600,0.2560745689841646,0.0,0.1081701666116714,0.0001497997145634,0.5032184720039368,0.0,
1993-02-04,1.0,13300,0.0002734225704539,0.0,0.1224694550037384,0.000967347936239,0.6583601832389832,0.0,
1993-02-05,1.0,12600,0.0002734225704539,0.00079720641952,0.1035417765378952,0.0009678784408606,0.3400166630744934,0.0,
1993-02-06,1.0,12500,0.1953652014625997,0.00079720641952,2.388258695602417,0.068775936961174,0.4724905490875244,0.0,
1993-02-07,0.0,11300,0.2216826007767343,0.00079720641952,2.339024543762207,0.0679987594485282,0.3148989975452423,0.0785992217898832,
1993-02-09,0.0,12400,0.7664761009018861,3.740878343582153,2.8001151084899902,3.4199135303497314,14.037480354309082,7.283073929961092,
1993-02-13,0.0,12800,0.1996673041777454,0.1266556978225708,0.1434935182332992,0.5310677289962769,0.2828360795974731,0.3871595330739306,
1993-02-21,0.0,11200,7.372321215234955,6.31141471862793,13.540563583374023,7.111618041992188,4.544705390930176,13.566147859922184,
1993-02-22,0.0,11300,8.223902478245181,5.823511123657227,14.452399253845217,10.348624229431152,6.074011325836182,8.773540856031131,
1993-02-28,0.0,6100,0.2325869977977714,0.0880550891160965,0.0001733716198941,0.0,0.0,0.0007782101167315,
1993-03-02,0.0,6190,2.806347991785268,4.165978908538818,14.9743070602417,7.094985961914063,9.973779678344728,5.257782101167315,
1993-03-03,2.0,6040,5.195531546927091,10.070114135742188,27.10578346252441,12.863237380981444,25.067138671875,19.338521400778205,
1993-03-04,2.0,6420,14.204793509188503,24.025856018066406,44.27605056762695,43.56613159179688,52.816871643066406,39.0001945525292,
1993-03-05,0.0,9330,30.225005738266223,30.6828727722168,54.13152313232422,47.75297927856445,63.750633239746094,40.606809338521415,
1993-03-07,0.0,9310,25.15986806473759,9.4453763961792,24.44155502319336,8.101140022277832,17.48243522644043,2.1992217898832696,
1993-03-21,4.0,9520,14.291072651690468,15.824867248535156,24.141475677490234,24.50825500488281,21.619028091430664,29.5933852140078,
1993-03-22,4.0,10500,19.0537954091342,43.618629455566406,49.71871948242188,53.73974609375,69.07239532470703,68.61848249027241,
1993-03-23,4.0,27200,74.11886999210482,56.179473876953125,79.49649047851562,68.40314483642578,83.10460662841797,74.44416342412453,
1993-03-24,0.0,25700,77.41856409851496,53.11650848388672,71.75304412841797,63.3543586730957,78.52530670166016,55.99299610894942,
1993-03-26,0.0,16900,11.913837496482412,4.118277072906494,3.861956834793091,4.4822187423706055,2.599660396575928,0.1873540856031126,
1993-03-30,0.0,12700,1.6802256231574184,1.9884588718414309,5.099226951599121,3.6421761512756343,3.86029052734375,5.6535019455252895,
1993-04-04,0.0,13800,22.425678746422207,15.991458892822266,23.75393295288086,16.131608963012695,26.96622657775879,17.924902723735414,
1993-04-07,1.0,9750,13.208950291166037,14.70698070526123,12.153926849365234,9.269152641296388,13.844874382019045,16.16459143968872,
1993-04-08,1.0,9380,17.283045893385214,25.99403381347656,33.40196990966797,23.731483459472656,33.46173858642578,38.51789883268482,
1993-04-23,0.0,11200,8.962797318945816,9.26968765258789,23.16180419921875,17.6685733795166,18.909557342529297,8.446498054474711,
1993-04-25,1.0,12200,17.168313572969666,19.496150970458984,39.89923858642578,32.53669738769531,36.48565673828125,32.558171206225694,
1993-05-01,0.0,16400,28.62993312030176,36.02663040161133,37.81876754760742,19.86164093017578,21.50512313842773,41.38968871595331,
1993-05-09,2.0,18000,22.71602681603988,23.31084442138672,21.78435516357422,14.473164558410645,23.266958236694336,21.331322957198445,
1993-05-10,2.0,15400,23.723262000722137,17.991073608398438,14.841489791870115,8.39561939239502,16.7713623046875,15.749610894941643,
1993-05-11,2.0,23200,11.959422574889397,9.976679801940918,3.078935146331787,1.037196159362793,6.71588945388794,12.050972762645925,
1993-05-14,0.0,31700,0.2479235173788911,0.0239820796996355,0.3358223438262939,0.3973576426506042,0.2749804258346557,0.0132295719844358,
1993-05-17,0.0,24400,0.1762581267719108,0.0,0.0032935792114585,3.657447450677864e-05,0.0858777537941932,0.0363813229571984,
1993-05-19,2.0,27400,0.4712868091840845,7.56931209564209,0.6737517714500427,0.003978369757533,0.4382451176643371,3.7036964980544735,
1993-05-20,2.0,30100,8.4683575577209,16.214454650878906,9.250858306884766,5.370454788208008,8.626958847045898,10.680155642023342,
1993-05-21,2.0,28200,14.610453161425234,27.854284286499023,22.99191665649414,18.19967460632324,25.115272521972656,23.02665369649805,
1993-05-30,1.0,23100,23.5740249005474,22.30625915527344,13.588094711303713,30.223285675048828,24.873268127441406,21.27782101167316,
1993-06-02,0.0,21900,25.304864245664547,29.44668197631836,17.904176712036133,22.920202255249023,26.556171417236328,40.65856031128405,
1993-06-06,0.0,18300,6.786588901212264,6.900773048400879,7.720752716064453,9.641202926635742,9.597820281982422,8.742412451361872,
1993-06-07,0.0,18600,7.075795394181493,5.263702392578125,10.974187850952148,12.143707275390623,20.683237075805664,5.618093385214011,
1993-06-09,1.0,16900,10.97351815498988,24.983274459838867,27.44848251342773,29.23532485961914,42.74028015136719,38.2556420233463,
1993-06-10,0.0,24200,41.0031835686996,36.119754791259766,33.31736755371094,28.40466690063477,38.05356979370117,37.6101167315175,
1993-06-14,0.0,17300,18.414346113907843,17.18755340576172,15.27591037750244,11.50822639465332,16.08547592163086,23.55291828793776,
1993-06-16,0.0,22700,24.533806904400723,17.54560661315918,26.189727783203125,12.672372817993164,21.37037849426269,22.60972762645916,
1993-06-18,0.0,19300,3.61836711217424,0.0,3.3337743282318115,0.4616961181163788,1.1181572675704956,0.5807392996108948,
1993-06-20,0.0,18000,0.4622141488023765,1.0559638738632202,0.0098096709698438,0.0024456367827951,0.0870062038302421,0.0,
1993-06-25,0.0,14000,14.33132504415676,3.956256151199341,5.331043243408203,5.715410232543945,8.144759178161621,4.337548638132297,
1993-07-03,0.0,10700,2.420304011376788,0.8095901608467102,4.516986846923828,3.317150592803955,4.865368843078613,2.8239299610894952,
1993-07-06,0.0,9990,1.098305929449955,1.631470799446106,1.0123703479766846,0.7256995439529419,0.7434422373771667,1.2665369649805451,
1993-07-07,0.0,10100,0.9667667325394208,0.7759412527084351,1.2073471546173096,1.8993380069732664,1.526047945022583,1.176653696498055,
1993-07-09,0.0,9350,0.5256845131505327,0.2063658684492111,2.4949839115142822,3.014439821243286,2.9914536476135254,0.1653696498054474,
1993-07-11,0.0,8860,2.52699044381734,3.84079647064209,8.47272777557373,8.863759994506836,10.629871368408203,1.862062256809338,
1993-07-13,0.0,9470,4.474273428062901,11.716129302978516,13.433334350585938,18.677330017089844,22.681640625,8.820233463035017,
1993-07-23,0.0,18300,30.21837669626113,23.403852462768555,29.724836349487305,18.48698616027832,15.995930671691896,8.289105058365756,
1993-07-31,0.0,16500,24.53259457709124,11.4188871383667,14.215250968933104,20.565465927124023,9.431679725646973,9.353501945525291,
1993-08-02,0.0,12600,0.0110956021541387,0.0,2.594901161501184e-06,0.0002061977138509,0.0771745964884758,0.1375486381322958,
1993-08-15,0.0,7010,5.047969409476977,13.652914047241213,2.560833692550659,11.196673393249512,10.941288948059082,13.134630350194552,
1993-08-21,0.0,8300,0.571122370202657,0.8059042692184448,0.3228529691696167,0.2265330404043197,0.2613325417041778,4.195719844357978,
1993-08-22,2.0,6610,1.4834741857290146,11.211505889892578,0.4262901842594147,0.1308854520320892,1.920195698738098,17.849610894941637,
1993-08-23,2.0,7350,13.811650101715577,17.998554229736328,18.854568481445312,9.010502815246582,26.93518829345703,22.94513618677044,
1993-08-25,0.0,10400,21.44536137285938,10.060857772827148,26.496143341064453,14.520851135253906,31.68523979187012,10.210894941634251,
1993-09-08,0.0,7240,0.0207112809715714,0.0,0.0,7.68659811001271e-06,0.0017102104611694,0.0,
1993-09-17,0.0,7850,10.435225616645264,0.9384795427322388,0.1373674720525741,1.2977921962738037,0.0834681168198585,0.0678988326848249,
1993-09-18,0.0,7690,0.3926347991314505,0.0,0.0156792812049388,0.0386678092181682,0.018766064196825,0.2206225680933851,
1993-09-25,0.0,6600,0.0223001910219535,0.2667797803878784,0.0100901573896408,0.1322779655456543,0.6337934732437134,0.0,
1993-10-11,0.0,5780,0.5787227525151857,0.0534971617162227,0.4872832298278808,0.0016952934674918,0.1185994148254394,0.4470817120622567,
1993-10-13,0.0,6100,6.838059283552796,8.826127052307129,11.43150520324707,7.264732837677002,8.047167778015137,11.796887159533068,
1993-10-20,0.0,6100,9.578739959136922,6.024256229400635,4.197308540344238,7.859841823577881,7.131946086883545,7.769455252918289,
1993-10-22,2.0,6610,1.5246615718754568,18.680625915527344,22.999372482299805,7.379891395568848,17.75557518005371,36.8653696498054,
1993-10-23,2.0,9250,38.18695609976674,43.10983657836914,97.72435760498048,42.063262939453125,59.89208221435547,67.27373540856027,
1993-10-24,2.0,17400,67.32361958847457,48.29429244995117,115.13890075683594,57.26041412353516,74.46491241455078,64.71828793774317,
1993-10-27,2.0,8390,0.7007877629690574,6.939943313598633,0.2101408541202545,0.1660320609807968,0.4226798117160797,0.0153696498054474,
1993-10-28,2.0,8550,7.904778207605972,10.76365566253662,4.078577995300293,9.83545970916748,4.341186046600342,7.317315175097273,
1993-10-29,2.0,8960,9.532162527303544,10.76365566253662,4.078601360321045,9.83546543121338,4.343549728393555,7.317898832684822,
1993-10-31,0.0,8000,9.13190439293436,8.019170761108398,12.493577003479004,4.048487663269043,4.62814998626709,9.458949416342406,
1993-11-02,2.0,8350,10.853013375690333,18.566789627075195,13.33531093597412,4.126328468322754,5.137799739837647,14.092412451361865,
1993-11-03,2.0,8790,27.92460613627117,22.91931533813477,22.92832946777344,14.964642524719238,32.005577087402344,30.36789883268484,
1993-11-04,0.0,10900,34.45164439967258,23.458892822265625,23.26008415222168,15.496188163757324,32.603206634521484,30.357587548638147,
1993-11-16,0.0,9530,31.85422756516505,27.62406539916992,45.85638046264648,33.081844329833984,45.921478271484375,37.081517509727625,
1993-11-17,0.0,9440,38.10109946056559,29.29386711120605,47.3011360168457,35.50405502319336,57.424095153808594,40.71322957198444,
1993-11-20,1.0,6500,14.991592735627728,24.76387023925781,4.07591438293457,6.734564781188965,17.382198333740234,17.027042801556416,
1993-11-21,1.0,7890,40.7542886382479,36.89405822753906,34.284664154052734,41.05484008789063,56.05508804321289,47.57645914396888,
1993-11-23,0.0,9980,51.06756780730884,21.77314758300781,40.0308723449707,44.83191680908203,47.21271514892578,33.163229571984445,
1993-12-02,2.0,18600,69.54370938386789,55.57565307617188,64.43389892578125,54.84006881713867,54.0489501953125,70.55389105058366,
1993-12-03,2.0,17700,68.71547608416577,53.94151306152344,88.754150390625,50.14794921875,58.780059814453125,65.41556420233465,
1993-12-04,2.0,23500,68.48520453003579,46.15620040893555,83.38615417480469,42.6510009765625,63.788063049316406,42.038326848249056,
1993-12-09,3.0,14400,40.416479964527774,68.43573760986328,56.53190612792969,62.60615539550781,70.10281372070312,100.24980544747083,
1993-12-10,3.0,26800,96.67090832182014,91.5962371826172,106.22171783447266,81.1815414428711,100.61693572998048,113.80642023346306,
1993-12-12,2.0,26400,106.69688537654184,62.26096725463867,89.77598571777344,61.7155647277832,75.83157348632812,64.30252918287938,
1993-12-13,2.0,21600,52.5302485999158,39.3888053894043,43.10231018066406,37.97422790527344,60.73152923583984,42.42898832684827,
1993-12-14,2.0,19600,35.72118931780988,27.26779556274414,40.422630310058594,30.89260482788086,61.1324577331543,23.682295719844348,
1993-12-16,0.0,15400,9.002258116462185,5.389165878295898,12.341692924499512,7.06923246383667,11.141237258911133,1.560116731517512,
1993-12-20,0.0,12500,0.2975009562951614,0.0,0.0071107572875916,0.0007753562531434,0.0268690139055252,0.2651750972762642,
1993-12-25,0.0,10200,0.0272409180070168,0.0,0.0287165287882089,1.5616403743479168e-06,0.0005312549765221,0.0136186770428015,
1993-12-31,1.0,11500,30.21757933864816,37.80438995361328,37.90489959716797,34.611995697021484,52.49380493164063,47.22198443579767,
1994-01-01,1.0,11800,50.93068070709705,,,64.84751892089844,81.79467010498047,,
1994-01-03,1.0,13900,42.86187766781179,43.00851058959961,57.02962493896485,57.10311126708984,55.53076553344727,104.86400778210115,
1994-01-04,1.0,19400,47.012982858622486,57.15243148803711,91.2467803955078,82.91668701171875,74.09800720214844,76.04844357976657,
1994-01-12,0.0,17700,35.192502879047936,31.624324798583984,54.67890930175781,38.105079650878906,55.208255767822266,41.35622568093387,
1994-01-19,0.0,17100,3.1867495264355394,2.2739250659942627,16.56678009033203,0.7176273465156555,3.317993402481079,2.7182879377431903,
1994-01-21,1.0,15600,0.8195181645606119,8.006382942199707,9.41337776184082,0.7433260679244995,4.033366680145264,9.35817120622569,
1994-01-22,1.0,15600,14.488583168212546,18.591217041015625,34.11985778808594,20.229198455810547,25.06425094604492,25.51206225680934,
1994-01-25,0.0,17600,17.590196925656603,16.46140480041504,17.072208404541016,10.24600601196289,16.928394317626953,18.108949416342423,
1994-01-29,0.0,12100,1.5440172086893642,0.1307879537343979,0.0538445115089416,0.0900622308254242,0.1372643411159515,0.0,
1994-02-10,0.0,9220,19.753732325915863,21.62642288208008,20.544113159179688,19.364681243896484,24.550525665283203,18.72451361867705,
1994-02-16,1.0,14300,67.70875341376828,55.5947265625,76.53392028808594,85.27505493164062,104.51596069335938,65.80408560311282,
1994-02-17,1.0,15100,58.60873045524436,49.80221557617188,83.33634185791016,90.08765411376952,105.601806640625,59.98190661478597,
1994-02-22,0.0,11800,19.22378200766084,31.50235366821289,15.774553298950195,27.397235870361328,32.65555953979492,42.21206225680931,
1994-02-25,0.0,12400,49.41200573926873,35.34550094604492,37.57206726074219,45.96912384033203,57.44600677490234,39.23112840466926,
1994-02-26,0.0,11900,44.47842829883184,34.472312927246094,24.410614013671875,30.84757232666016,32.95226287841797,33.470233463035015,
1994-02-27,3.0,13000,43.10249519187879,39.62327575683594,37.8349609375,41.73801040649414,50.02513122558594,47.02548638132297,
1994-02-28,3.0,13400,54.16427723422333,54.32945251464844,61.29885482788086,66.41136169433594,61.32603454589844,61.05739299610897,
1994-03-01,3.0,29700,70.79949328616746,64.31229400634766,119.59385681152344,85.7550277709961,81.21312713623047,85.46089494163428,
1994-03-02,3.0,35200,89.44287568638475,70.68228912353516,167.7139892578125,91.73898315429688,96.81890106201172,76.78210116731519,
1994-03-09,0.0,16300,6.086434029115732,1.9091196060180664,0.0661331117153167,6.163278031380906e-14,0.0033158282749354,0.2054474708171204,
1994-03-10,0.0,15300,9.975717012135645,7.391024589538574,3.755720853805542,6.492920398712158,5.577414512634277,11.852529182879374,
1994-03-11,0.0,15400,10.749502872022708,8.052621841430664,4.369512557983398,8.467484474182129,8.09292984008789,11.653696498054472,
1994-03-12,0.0,15400,10.704024860222049,7.85968542098999,4.306118488311768,8.467658996582031,8.09178638458252,13.344552529182875,
1994-03-15,0.0,16400,5.0948202673332,11.415838241577148,11.32217502593994,0.2663749456405639,1.847068667411804,4.131322957198447,
1994-03-25,0.0,13400,7.56494838382446,1.5325275659561155,2.012103796005249,4.122176647186279,1.482463002204895,0.1585603112840467,
1994-03-26,0.0,13600,0.6382906322278897,0.0,0.0242803543806076,0.0136744538322091,0.0381123088300228,0.0994163424124513,
1994-03-28,0.0,13400,0.0438011473091052,0.0,7.847736924304627e-06,6.033543087369253e-08,0.0,0.0852140077821011,
1994-04-16,0.0,11900,10.177720836777086,1.9445693492889404,1.3652117252349854,3.5381019115448,2.348831415176392,1.1194552529182875,
1994-04-29,0.0,17700,3.805856599241858,6.185266971588135,0.0449937544763088,1.8202496767044067,0.8119994401931763,3.1519455252918283,
1994-05-06,0.0,16200,7.08459656241098,2.5775249004364014,16.648679733276367,6.796387672424316,6.845797538757324,4.818677042801556,
1994-05-07,0.0,18700,2.158263866990639,0.0,0.3012541532516479,0.241556629538536,0.274793416261673,0.0383268482490272,
1994-05-15,0.0,16100,5.458925436520646,6.440110206604004,9.957900047302246,15.59005069732666,12.91789436340332,7.581517509727631,
1994-05-16,0.0,16100,12.60874761032238,12.36396026611328,25.52853775024414,26.52603912353516,18.90684127807617,10.312840466926076,
1994-05-22,0.0,15100,4.314755238394073,1.1421691179275513,0.5012691020965576,6.60452127456665,3.1914491653442383,1.794163424124513,
1994-05-23,0.0,15100,1.9234550616347337,0.3953132033348083,0.3321347236633301,1.422094225883484,0.474530816078186,0.300194552529183,
1994-05-24,0.0,16200,0.0920210326189285,0.0,0.0491344667971134,0.0049284705892205,0.0231643617153167,0.0,
1994-05-26,0.0,18900,0.0294588911329283,0.1545262634754181,1.608678102493286,0.0414861254394054,0.4664362072944641,0.0367704280155642,
1994-06-12,1.0,13800,3.886848951395856,11.888450622558594,0.7841490507125854,0.4820915758609772,1.6152876615524292,19.112062256809335,
1994-06-13,1.0,16900,18.26476865166301,26.75772857666016,30.57955741882324,17.159610748291016,33.09628677368164,36.04007782101169,
1994-06-24,0.0,16500,3.603703637408176,6.286865711212158,1.9839413166046145,3.944234371185303,2.179945707321167,4.299027237354085,
1994-06-25,0.0,13800,2.86077629302826,6.968905448913574,2.241671323776245,3.923204898834229,2.4560139179229736,5.644941634241246,
1994-06-30,1.0,14400,0.2955277245044334,1.518373966217041,0.0181799102574586,0.0049422793090343,0.1795657277107238,0.0573929961089494,
1994-07-01,1.0,14800,3.180181638524872,16.7929744720459,21.64772224426269,14.915685653686523,12.49794864654541,23.58385214007784,
1994-07-02,0.0,18100,26.713732272622277,24.76019096374512,30.548995971679688,22.053146362304688,24.002460479736328,26.55214007782103,
1994-07-05,0.0,13600,10.062732322195394,8.226150512695312,2.6747546195983887,3.80292272567749,4.566653728485107,12.456031128404671,
1994-07-10,0.0,14200,0.0,0.0,3.940820170100778e-05,0.000101770790934,0.0038112718611955,0.0,
1994-07-12,0.0,12800,0.0,0.0,0.0003617876500356,0.0014467316213995,0.1173585802316665,0.07568093385214,
1994-07-17,1.0,13500,0.0112275336254708,0.1415193229913711,0.0802162811160087,0.0085121281445026,0.0274792108684778,0.3406614785992218,
1994-07-18,1.0,13000,0.0727648186500951,0.1415193229913711,0.0754460468888282,0.3333400189876556,1.4567152261734009,0.3406614785992218,
1994-07-19,0.0,13000,0.0648413003341296,0.1415193229913711,0.0727492645382881,0.3321499228477478,1.4623275995254517,0.2334630350194553,
1994-07-21,0.0,12800,0.0202466541456938,0.0,0.0001082291928469,7.0447681537189055e-06,0.0329682491719722,0.0,
1994-08-10,0.0,9630,12.523806864986271,6.842139720916748,18.77956199645996,5.64608097076416,9.580291748046877,7.55,
1994-08-28,0.0,5770,2.7142562224123674,3.105041265487671,8.044218063354492,0.2270232141017913,3.6577768325805664,3.033268482490272,
1994-08-30,0.0,5720,3.5547265730416275,3.0929317474365234,4.102784156799316,0.0642430782318115,4.985702037811279,3.548249027237356,
1994-09-04,0.0,8060,34.05698849691544,30.60622787475586,37.75070190429688,34.40860748291016,28.588144302368164,39.46556420233463,
1994-09-07,1.0,6920,0.3864722752869735,0.1130544170737266,0.0115889096632599,8.445401908829808e-05,0.0049084643833339,2.364007782101167,
1994-09-08,1.0,7840,1.0291567880410548,8.019885063171387,4.244548320770264,11.276602745056152,7.561923980712891,12.826653696498052,
1994-09-13,1.0,7290,2.5430860424618618,6.0574212074279785,0.0583921410143375,1.1190881729125977,1.4164049625396729,9.746692607003888,
1994-09-14,1.0,8300,6.760118557608341,18.952863693237305,7.393238067626953,15.092437744140623,19.707077026367188,31.875486381322965,
1994-09-15,1.0,11000,21.452581260812533,22.28197479248047,13.005488395690918,18.785104751586918,29.66831970214844,33.51459143968872,
1994-09-26,0.0,7310,0.0381089865869306,0.0001185927030746,0.00010782663594,0.0004575830243993,0.0035151266492903,0.0,
1994-09-27,0.0,7560,0.0034187380451509,0.0001185927030746,0.00010782663594,0.0004575830243993,0.0035151266492903,0.0,
1994-10-01,1.0,7610,6.818973232834176,13.498330116271973,7.22116231918335,3.716230630874634,11.993648529052734,6.898638132295725,
1994-10-04,0.0,6990,2.6662504760206573,0.3541429340839386,0.0491998344659805,0.0002374057803535,0.0095682339742779,0.3883268482490277,
1994-10-20,1.0,4530,13.461143398455553,31.427207946777344,23.93935775756836,30.8812313079834,24.863645553588867,42.78365758754859,
1994-10-21,1.0,11000,57.06183370290281,43.95899963378906,59.56672668457031,51.693580627441406,49.78894805908203,56.10817120622564,
1994-10-25,2.0,6670,6.482110892153162,16.94573974609375,1.67879056930542,8.227364540100098,5.933619022369385,22.688326848249048,
1994-10-26,3.0,8970,25.48304398792322,61.86070251464844,56.105712890625,46.0607795715332,49.82063293457031,77.07937743190658,
1994-10-27,3.0,26000,86.1788528632236,86.12501525878906,89.55996704101562,74.09951782226562,62.88639068603516,117.55603112840468,
1994-10-29,0.0,15800,102.87410327558536,44.089115142822266,48.73383331298828,40.84559631347656,36.94443130493164,56.97140077821017,
1994-10-31,4.0,14400,58.973629014327926,65.34300231933594,42.18274688720703,48.452919006347656,58.28995895385742,88.70116731517507,
1994-11-01,4.0,22400,88.14573797156204,69.58878326416016,65.24955749511719,65.6078872680664,76.00204467773438,99.9667315175097,
1994-11-03,1.0,15300,60.8469158267804,29.97983169555664,29.406126022338867,26.14703941345215,23.947324752807617,28.73365758754864,
1994-11-04,1.0,14300,40.46725048211178,32.81452178955078,26.60611915588379,35.664642333984375,34.351802825927734,37.72003891050586,
1994-11-05,0.0,14000,33.66021226279025,31.28948783874512,24.825359344482425,28.35304069519043,30.929725646972656,32.70272373540859,
1994-11-08,1.0,12300,26.674944539034662,28.120386123657227,21.104677200317383,22.74221992492676,27.23334503173828,36.903891050583645,
1994-11-09,1.0,11700,37.63512426809929,26.33893585205078,30.73554229736328,33.53199768066406,36.28948211669922,28.043968871595325,
1994-11-19,1.0,11200,14.571183536142062,24.91522789001465,38.01111602783203,30.21395301818848,33.111610412597656,41.322373540856,
1994-11-23,1.0,10400,20.43606500896264,20.44687843322754,14.094926834106444,14.83467960357666,19.15339088439941,16.699999999999996,
1994-11-29,3.0,10600,46.55740336273186,74.98881530761719,53.31562805175781,68.32342529296875,69.53276062011719,107.78346303501942,
1994-11-30,3.0,25500,116.58117569746526,110.45954895019533,140.65296936035156,111.69003295898438,117.74102020263672,153.90097276264586,
1994-12-01,3.0,37300,145.78929615567793,114.22136688232422,152.2924346923828,123.9101791381836,131.2063446044922,155.7599221789883,
1994-12-17,3.0,16000,70.79333450028363,71.57371520996094,106.08783721923828,99.56578063964844,88.48776245117188,118.452140077821,
1994-12-18,3.0,33700,105.16270924435062,73.53155517578125,139.4701690673828,115.9443588256836,105.9673080444336,116.19319066147862,
1994-12-19,3.0,28600,98.46125611406438,89.12191772460938,138.461669921875,130.15586853027344,130.17965698242188,146.08171206225683,
1994-12-20,3.0,43900,129.2550268079765,88.04932403564453,156.05111694335938,137.97207641601562,142.64105224609375,128.4947470817121,
1994-12-25,1.0,21800,3.877219880219677,23.1366024017334,8.876802444458008,7.096402645111084,8.77044677734375,20.569455252918274,
1994-12-26,1.0,25200,44.89229631848298,55.35206604003906,53.727783203125,62.59765625,71.89840698242188,81.27412451361864,
1994-12-27,1.0,39000,80.94274755908968,85.43331909179688,84.72113037109375,129.53823852539062,119.513916015625,123.2653696498054,
1994-12-28,1.0,55700,119.83818538763327,79.49284362792969,97.84361267089844,136.87112426757812,128.6517791748047,110.59591439688712,
1995-01-03,0.0,19500,0.0,0.0,0.0,0.0,0.0,0.0,
1995-01-07,2.0,16700,0.1592734227792571,1.349485158920288,1.655349612236023,1.0895116329193115,2.181038618087769,8.455836575875491,
1995-01-08,2.0,15100,4.090395790856665,10.781394004821776,23.2144832611084,27.10448837280273,25.57938003540039,27.180544747081736,
1995-01-09,2.0,14100,17.33790056798589,22.01990127563477,47.12125778198242,37.27983474731445,29.58159446716309,41.10505836575879,
1995-01-10,1.0,16200,27.97206118809732,31.012596130371094,67.2039794921875,45.35436248779297,35.255863189697266,43.609338521400815,
1995-01-15,0.0,19800,31.68971316809864,27.02369499206543,45.433013916015625,48.73567962646485,35.4079704284668,24.49805447470818,
1995-01-16,0.0,18400,28.75547798181284,23.80805015563965,37.76982116699219,32.83008575439453,32.39070129394531,18.23677042801558,
1995-01-17,1.0,18000,23.99033268592027,25.73699951171875,32.48637771606445,25.47055053710937,27.642133712768555,16.59649805447472,
1995-01-18,1.0,19600,31.311944575837845,38.942264556884766,59.47274017333984,49.20018768310547,49.09883880615234,41.51848249027238,
1995-01-23,0.0,16000,0.0,0.0,0.0282598622143268,6.973580184421735e-06,6.850884801679058e-06,0.2836575875486382,
1995-01-26,0.0,13700,3.008229442108618,7.1447272300720215,2.5593581199646,6.315061569213867,17.143850326538086,4.3852140077821,
1995-01-27,0.0,13000,4.341946462655875,7.1447272300720215,3.404085159301758,6.328485012054443,19.288414001464844,9.486964980544744,
1995-01-28,3.0,12000,4.538143404093695,17.65253448486328,3.421071052551269,10.005370140075684,30.39856719970703,28.38482490272372,
1995-01-29,3.0,16300,32.583288696434494,39.145729064941406,35.96100234985352,50.24234390258789,66.44393157958984,63.373929961089445,
1995-01-30,2.0,26100,57.01366348076726,65.61122131347656,59.34642028808594,71.34043884277344,82.558837890625,86.84649805447465,
1995-01-31,2.0,32000,91.67713187939806,91.3630599975586,106.50161743164062,103.23880004882812,110.06757354736328,106.84513618677032,
1995-02-01,2.0,52800,101.21241292488509,84.54806518554688,102.19586181640624,76.83512878417969,85.51741027832031,92.55214007782092,
1995-02-03,1.0,32100,58.588804931271234,33.31558990478516,59.93242645263672,32.023834228515625,52.324012756347656,31.91750972762644,
1995-02-04,1.0,27600,22.36145507078084,14.895350456237791,31.91148567199707,12.558588981628418,26.081817626953125,9.39377431906614,
1995-02-05,1.0,26500,9.957397715465689,6.729243755340576,21.349050521850582,4.424470901489258,16.481142044067383,3.643968871595329,
1995-02-06,1.0,26500,5.093244733036912,6.897194862365723,19.204105377197266,1.43405282497406,1.7230480909347534,2.5342412451361853,
1995-02-16,2.0,17400,34.20811283260554,49.26743316650391,44.86978530883789,44.379512786865234,46.97148895263672,72.54630350194549,
1995-02-17,2.0,19000,68.02896556942002,64.03421783447266,114.8220672607422,97.46995544433594,100.28599548339844,129.77315175097272,
1995-02-18,4.0,21600,78.54164247531052,105.64923095703124,114.90062713623048,102.95372009277344,111.27317810058594,148.53735408560314,
1995-02-19,4.0,46200,146.601900609,120.94001770019533,179.86370849609375,140.9791259765625,143.180419921875,175.68463035019462,
1995-02-20,4.0,53500,146.72852972679794,115.43572235107422,164.28378295898438,120.44149780273438,130.10569763183594,132.85486381322966,
1995-02-21,0.0,47300,141.3927649188908,61.71358108520508,148.6708984375,92.82632446289062,102.0621109008789,72.2424124513619,
1995-02-22,0.0,39200,55.137875761709445,24.14153289794922,66.74756622314453,40.17761993408203,51.09292984008789,19.42568093385213,
1995-02-27,0.0,23100,11.9809464560303,2.858404397964477,9.822179794311523,4.2700605392456055,4.146631240844727,0.4468871595330737,
1995-03-07,0.0,17200,11.288770558910194,9.68903923034668,8.899702072143555,4.063976764678955,4.271010875701904,10.928015564202337,
1995-03-08,2.0,17100,6.972154870702544,19.655977249145508,21.945913314819336,19.881471633911133,20.70725440979004,34.61089494163422,
1995-03-09,2.0,19000,34.314303988411204,40.22541046142578,77.55167388916016,56.38542175292969,57.39712905883789,51.35817120622566,
1995-03-10,2.0,22400,58.77024087871747,53.89384841918945,99.92388153076172,83.93956756591797,82.21268463134766,62.79747081712061,
1995-03-14,1.0,23600,39.52708798681117,29.662670135498047,43.99467086791992,46.85150146484375,41.82360076904297,36.397665369649786,
1995-03-20,1.0,22900,34.52447609406812,33.45208740234375,44.47029113769531,42.3768196105957,38.00192642211914,43.0544747081712,
1995-03-22,0.0,20900,25.509917788734622,24.81519317626953,27.981264114379883,30.30227851867676,23.14394760131836,27.97918287937744,
1995-04-01,0.0,16900,6.2841032511832005,4.451969146728516,10.983591079711914,5.017955780029297,6.451296806335449,5.307976653696494,
1995-04-02,0.0,17000,8.912994271161189,4.809819221496582,12.129071235656738,5.590655326843262,8.355894088745117,4.985214007782098,
1995-04-05,0.0,15000,6.97380306490899,9.066426277160645,7.170960426330566,4.361104965209961,6.787680149078369,11.080544747081714,
1995-04-10,0.0,12300,19.58765771925132,20.446468353271484,15.884026527404783,16.681209564208984,22.683164596557617,20.61361867704281,
1995-04-17,0.0,9900,3.030885278810453,3.915072441101074,3.848711013793945,2.319352865219116,1.528531789779663,5.466536964980543,
1995-04-22,0.0,10600,2.7656864263934224,0.8803660273551941,4.616435527801514,1.0717986822128296,1.09308922290802,0.617704280155642,
1995-04-26,0.0,11700,1.1196692141376607,0.1440505981445312,0.05854332447052,0.0834118947386741,0.1117625311017036,2.474708171206226,
1995-04-30,0.0,14400,1.228214147834581,0.9752079844474792,1.6664481163024902,1.70259690284729,6.281630516052246,3.039299610894943,
1995-05-03,0.0,16200,14.925690259283185,14.262092590332031,12.739212989807127,19.577959060668945,17.685697555541992,12.834824902723742,
1995-05-09,0.0,18800,2.125891015197357,9.043916702270508,1.874329090118408,4.230729103088379,8.275854110717773,18.44922178988327,
1995-05-13,0.0,18000,10.958764790648363,6.586273193359375,21.183948516845703,12.8134765625,13.91603660583496,8.395914396887163,
1995-05-24,0.0,17700,0.0,0.0,0.0003870217478834,0.0780603140592575,0.9938488602638244,0.027431906614786,
1995-05-30,0.0,25600,0.0,0.0,0.0007843306520953,7.751530574751087e-06,0.0058012204244732,0.0,
1995-06-16,0.0,16400,3.093376674060086,4.270276546478272,8.156085968017578,13.952470779418944,11.398838996887209,1.826653696498053,
1995-06-27,0.0,15900,0.0359235183561993,0.0,0.0,0.0132315782830119,0.0002840003289747,0.1789883268482489,
1995-07-01,0.0,17300,0.0865774377071998,5.216453075408936,0.0336829833686351,0.0928546488285064,0.1245893388986587,2.5968871595330763,
1995-07-02,2.0,17800,2.93689292659992,11.24819564819336,0.079543724656105,0.7375919818878174,0.8212442994117737,5.499027237354085,
1995-07-03,2.0,19900,8.372260049359435,13.476093292236328,2.5514333248138428,2.2558863162994385,4.026400089263916,6.228015564202334,
1995-07-16,0.0,11700,0.0083135755529652,0.0,0.0202135927975177,0.0478711538016796,0.0384932495653629,0.1212062256809339,
1995-07-21,0.0,13500,0.1314971310520156,0.0,0.01251707598567,0.009114590473473,0.0240756832063198,0.1867704280155642,
1995-07-25,2.0,9600,5.085315491200379,17.69259262084961,1.046456813812256,2.790496349334717,3.329476356506348,3.804474708171205,
1995-07-26,2.0,11300,22.271422565703453,33.2589111328125,30.31018829345703,22.82745933532715,20.151397705078125,35.82373540856034,
1995-08-03,0.0,9830,0.0403632888103876,0.0,0.0153024066239595,0.0129511849954724,0.0273605659604072,0.1243190661478599,
1995-08-05,2.0,8920,1.6532103259055866,8.554062843322754,0.0099174547940492,0.011984753422439,0.0336951464414596,8.18015564202335,
1995-08-06,2.0,8600,5.250422559853289,28.0924072265625,2.738083600997925,12.234224319458008,9.84506130218506,43.03618677042802,
1995-08-07,2.0,12800,26.484998068558788,39.09469223022461,26.010822296142575,39.525177001953125,36.80368041992188,62.13365758754864,
1995-08-08,0.0,18700,42.0943441559967,31.411651611328125,39.17736053466797,49.82568359375,56.523284912109375,55.26789883268483,
1995-08-14,1.0,10600,5.071422557307792,6.097115516662598,3.5078165531158447,1.5195602178573608,5.047545433044434,4.182684824902721,
1995-08-15,0.0,10800,7.313430211250804,9.347539901733398,5.937460899353027,2.7093844413757324,7.1779069900512695,8.613035019455252,
1995-08-26,0.0,8490,0.1240210329099196,0.0,1.584577560424805,0.1389082074165344,0.0603931993246078,0.28852140077821,
1995-09-07,0.0,7890,3.1747476067162523,3.2015914916992188,5.503190040588379,7.551732063293457,13.741329193115234,4.109338521400777,
1995-09-09,0.0,9140,1.4450497127990158,1.3403682708740234,2.838060140609741,1.2792155742645264,4.089213371276856,1.628599221789883,
1995-09-21,0.0,6250,0.0259369024940112,0.2306574434041977,0.0028793523088097,0.0932356566190719,0.2837547957897186,0.16284046692607,
1995-09-22,0.0,5860,0.045898661866159,0.0,0.0,0.0105535853654146,0.0027011218480765,0.1575875486381323,
1995-09-23,0.0,5530,0.045898661866159,0.0,0.0,0.0,0.0,0.2048638132295719,
1995-10-01,1.0,11800,27.06276865659663,29.73764038085937,13.475471496582031,16.735403060913086,12.830699920654297,27.923346303501948,
1995-10-02,1.0,10600,26.034217972389644,36.12979888916016,18.846275329589844,31.68412971496582,32.49390411376953,45.56420233463035,
1995-10-07,0.0,9550,9.51822562170719,15.32126808166504,4.247923851013184,5.290480613708496,9.93161964416504,8.990077821011674,
1995-10-09,2.0,7570,19.568875716771014,44.4993782043457,12.60581874847412,17.240680694580078,18.89481735229492,50.99105058365762,
1995-10-10,2.0,19100,59.38788904726526,75.10134887695312,53.851654052734375,78.86709594726562,77.35713958740234,115.19221789883268,
1995-10-13,2.0,20800,71.43740726822905,24.52498435974121,30.797531127929688,27.066408157348636,25.1766300201416,28.98599221789881,
1995-10-14,2.0,17400,24.29364049612023,9.782422065734863,11.880701065063477,13.630115509033203,13.553008079528809,4.683073929961085,
1995-10-15,2.0,17700,8.448961760273361,23.523178100585938,1.2358617782592771,0.3999930322170257,4.226256370544434,19.933463035019443,
1995-10-17,1.0,26300,41.54282408670089,50.43618774414063,54.25894927978516,57.00796508789063,59.63833999633789,75.21050583657589,
1995-10-20,1.0,18400,31.15748765930332,15.319295883178713,11.252599716186523,7.354148387908935,12.579056739807127,16.59357976653697,
1995-10-23,0.0,15400,15.668009574771022,7.670915126800537,6.460213661193848,8.353299140930176,13.621971130371094,12.263618677042809,
1995-10-25,2.0,14300,4.028782029536483,33.02668762207031,20.89651870727539,22.324377059936523,27.44698905944824,52.71536964980543,
1995-10-26,2.0,19200,41.31064237285931,38.32789611816406,40.39468765258789,40.005985260009766,48.06326675415039,57.04260700389104,
1995-11-06,0.0,12200,34.927254286488065,39.76342010498047,27.674541473388672,24.65648460388184,29.05057907104492,57.48735408560316,
1995-11-07,3.0,13200,47.05485086658716,121.86412048339844,58.5836181640625,74.25016021728516,72.8733901977539,169.3643968871595,
1995-11-08,3.0,48400,166.81465967253106,141.6649627685547,145.27862548828125,164.78404235839844,138.1676025390625,199.77140077821008,
1995-11-10,2.0,48800,196.6907132581521,83.60777282714844,112.7191390991211,125.02243041992188,107.07772064208984,104.60214007782102,
1995-11-11,2.0,48500,110.94052965305283,68.77493286132812,52.72843170166016,75.97016143798828,81.56391906738281,111.26050583657587,
1995-11-12,2.0,57100,85.86276098990538,63.53938293457031,49.84279251098633,76.09228515625,74.27029418945312,106.71945525291828,
1995-11-13,2.0,45300,81.12728295852759,50.4477653503418,65.92618560791016,76.07000732421875,79.80607604980469,94.9214007782101,
1995-11-14,2.0,52800,61.9425659775734,31.56730842590332,51.01629638671875,25.540771484375,45.97859954833984,43.8762645914397,
1995-11-15,1.0,48600,38.85838049101282,40.44165802001953,59.62977981567383,27.971813201904297,52.309669494628906,52.09105058365761,
1995-11-16,4.0,47700,51.64567113011972,24.630905151367188,42.56881332397461,20.316877365112305,36.77564239501953,26.63365758754865,
1995-11-17,4.0,47100,33.225499028325736,39.86155700683594,27.655948638916016,21.11319351196289,22.02584457397461,47.205447470817134,
1995-11-18,4.0,50400,50.10285849541685,35.810752868652344,43.26284408569336,41.05040740966797,44.74872589111328,51.23793774319067,
1995-11-22,3.0,30400,7.080934986079479,21.227474212646484,17.783519744873047,12.8091402053833,15.685450553894045,42.41322957198447,
1995-11-23,3.0,36100,29.284359426544817,52.38561248779297,53.594486236572266,79.87347412109375,71.44315338134766,82.71614785992219,
1995-11-26,0.0,57300,109.8465813072416,65.62274932861328,78.24903106689453,69.31124877929688,85.31273651123047,104.80797665369651,
1995-11-27,4.0,51900,81.37735190355072,66.22775268554688,69.10282897949219,72.82019805908203,83.6205062866211,111.09688715953304,
1995-11-28,4.0,59300,83.8697456944285,127.5002212524414,85.820068359375,97.91986083984376,117.21085357666016,161.7970817120622,
1995-11-29,4.0,91600,173.1500592514388,162.4970245361328,183.43218994140625,179.1627197265625,199.55874633789065,197.86459143968864,
1995-11-30,4.0,132000,219.8420936464124,143.2122039794922,206.4561309814453,188.7967834472656,210.6605682373047,157.5675097276264,
1995-12-02,0.0,78700,94.50499420456346,36.5928955078125,88.77696228027344,69.15135955810547,78.73478698730469,35.357587548638136,
1995-12-04,0.0,48300,49.30850096733575,31.883983612060547,52.82011795043945,58.4577522277832,67.57194519042969,42.28229571984436,
1995-12-07,0.0,27100,11.722472275175017,1.6300837993621826,1.0857222080230713,0.6792970299720764,1.5362945795059204,0.7398832684824905,
1995-12-08,0.0,23800,5.031403451221754,1.714052677154541,0.5264389514923096,0.5185003876686096,1.3048197031021118,4.684435797665372,
1995-12-09,3.0,23100,2.5043307845271503,28.02785873413086,5.562910556793213,5.423155307769775,6.9292521476745605,43.13910505836574,
1995-12-10,3.0,27600,33.3758183604896,53.653419494628906,108.42890167236328,57.15641784667969,76.77615356445312,75.62626459143965,
1995-12-11,1.0,42100,66.19590441705384,68.95109558105469,150.45802307128906,93.22096252441406,120.71627807617188,103.24455252918284,
1995-12-12,2.0,45300,84.43196940786753,70.85015869140625,164.9757843017578,105.51446533203124,136.11968994140625,102.87042801556416,
1995-12-13,2.0,51000,91.8494416217731,58.9195556640625,113.16734313964844,100.80780029296876,111.47310638427734,92.41264591439688,
1995-12-14,1.0,48400,75.42546073166407,60.317848205566406,98.7616729736328,91.11119842529295,93.38258361816406,78.47023346303502,
1995-12-17,1.0,27100,33.670682614130975,16.327678680419922,28.08050537109375,22.8892765045166,27.7658748626709,11.082101167315168,
1995-12-18,1.0,24700,20.89089485217441,14.70140266418457,36.4873046875,14.242050170898438,20.89151382446289,12.291634241245124,
1995-12-19,0.0,24400,19.1430841481712,16.465978622436523,35.023040771484375,10.24007797241211,13.296029090881348,14.13774319066147,
1995-12-22,0.0,20600,2.3014397742560604,0.0,0.2069322019815445,0.1990827322006225,0.8848596811294556,0.0511673151750972,
1995-12-23,0.0,19000,1.4014837506267706,0.0,0.0118894912302494,0.0002165146433981,0.0134196374565362,0.0,
1995-12-28,0.0,13500,2.3143250531246298,16.449481964111328,3.731562614440918,2.055925130844116,3.2450501918792725,14.1556420233463,
1996-01-01,1.0,16200,48.60912233275356,,,30.615514755249023,35.994319915771484,,
1996-01-02,1.0,16800,40.48859657923269,,,17.737157821655273,36.93279647827149,,
1996-01-03,1.0,26700,50.73507456151487,55.94031524658203,96.68741607666016,35.23551177978516,48.98988723754883,100.31264591439688,
1996-01-05,3.0,21700,56.95227532222668,31.946365356445312,51.232906341552734,32.112762451171875,32.56978225708008,46.30038910505839,
1996-01-06,3.0,20200,35.10827920860816,43.94244384765625,42.77255630493164,28.04034805297852,31.48200225830078,52.75447470817123,
1996-01-07,3.0,33600,53.57319695224725,57.52477264404297,118.52076721191406,63.943580627441406,63.91438674926758,83.7268482490273,
1996-01-10,1.0,24400,39.71931362315749,27.57390785217285,18.514657974243164,15.409782409667969,20.48782730102539,18.35544747081711,
1996-01-11,1.0,23100,18.0944053843158,15.482194900512695,19.03423309326172,13.787681579589844,20.605052947998047,15.6112840466926,
1996-01-13,3.0,20700,7.095808800595703,25.396883010864254,23.01776885986328,15.080479621887209,16.781614303588867,33.35019455252917,
1996-01-14,3.0,22800,32.624768647364384,55.259613037109375,64.28164672851562,60.24728393554688,49.67270278930664,69.35272373540856,
1996-01-15,3.0,30200,72.30951242730907,77.21958923339844,124.84129333496094,111.82759857177734,97.2436065673828,104.1885214007782,
1996-01-19,0.0,22400,10.363323134421568,10.517192840576172,9.177105903625488,4.789684772491455,7.31343936920166,15.58540856031128,
1996-01-21,0.0,19700,20.09526003626252,28.706714630126957,28.313419342041016,45.31837463378906,50.27549743652344,29.982490272373557,
1996-02-05,2.0,16800,21.40018736830704,63.766109466552734,51.0736198425293,44.82634735107422,44.46595001220703,73.09669260700392,
1996-02-06,2.0,26500,64.4170037844213,90.79595947265624,97.044189453125,88.221435546875,91.64077758789062,119.47665369649806,
1996-02-07,2.0,35800,105.8837609506474,116.30027770996094,102.5267562866211,104.24113464355467,119.9245834350586,158.57996108949416,
1996-02-08,2.0,46400,137.1851165618313,132.06982421875,131.2462921142578,140.44000244140625,154.14938354492188,165.39182879377432,
1996-02-12,0.0,26100,7.018032501825847,0.0,0.0016303175361827,0.0,0.0,2.8822957198443584,
1996-02-14,0.0,22200,1.5766959866430044,0.0,0.0077196625061333,1.3831468095304444e-06,0.0073416572995483,3.694163424124517,
1996-02-17,1.0,22400,4.719596572009086,24.7088623046875,10.350910186767578,7.770439147949219,6.913999557495117,33.230544747081694,
1996-02-18,1.0,27300,32.9920268030205,37.794803619384766,48.39863204956055,37.97737503051758,32.739479064941406,51.15525291828792,
1996-03-08,1.0,14200,4.339682595422589,9.397653579711914,5.316694736480713,11.422540664672852,10.104618072509766,8.785408560311282,
1996-03-09,1.0,13500,8.08050477963981,20.59501266479492,10.627792358398438,20.267562866210938,22.65290260314941,16.177431906614792,
1996-03-10,1.0,18500,26.446405328595635,22.78972816467285,25.696754455566406,35.34172821044922,33.8456916809082,25.70856031128405,
1996-03-14,0.0,15800,6.608277250130716,7.240200042724609,1.2037276029586792,1.5234429836273191,1.084070324897766,1.3394941634241253,
1996-03-19,0.0,15300,4.188271508557476,4.018802642822266,5.817841529846191,5.58927059173584,5.445595741271973,5.820622568093381,
1996-03-21,0.0,14400,7.24552197724912,5.448882102966309,11.504323959350586,10.423263549804688,11.909260749816896,6.940077821011669,
1996-03-30,0.0,10800,14.9122256371206,14.04117488861084,5.42866325378418,9.42016315460205,10.86943244934082,19.610116731517515,
1996-04-01,0.0,12200,25.5934914538103,29.809234619140625,28.76154327392578,40.86021041870117,21.62964630126953,40.86420233463036,
1996-04-05,3.0,11200,2.4166271556631784,7.34386396408081,0.6073707938194275,0.1066805645823478,2.532982349395752,2.4883268482490277,
1996-04-06,3.0,11600,6.785403446062205,25.402362823486328,12.345403671264648,4.78355598449707,23.10296058654785,22.61206225680933,
1996-04-07,3.0,15100,21.621638650016727,26.190593719482425,17.04195213317871,10.119035720825195,33.11376190185547,24.429766536964973,
1996-04-11,0.0,16400,9.355365202421176,15.026904106140137,20.13463592529297,14.92245864868164,17.078125,15.42003891050584,
1996-04-13,0.0,14700,16.263414909150523,9.621888160705566,22.52834129333496,24.71184539794922,24.144371032714844,10.491245136186778,
1996-04-14,2.0,13600,13.105130020169325,3.862102508544922,17.650880813598633,16.608291625976562,15.475130081176758,4.88365758754864,
1996-04-15,2.0,12000,6.174275333829532,6.244374752044678,6.997108459472656,9.98868179321289,5.035131931304932,4.84046692607004,
1996-04-16,1.0,12600,8.55324093235971,14.594934463500977,16.393569946289062,16.256458282470703,12.870497703552246,18.97159533073929,
1996-04-17,1.0,14000,18.436588917381886,19.307453155517575,25.927967071533203,25.8699951171875,24.03221321105957,25.559143968871588,
1996-04-22,2.0,14000,4.2455258199717605,23.607608795166016,15.219247817993164,13.358442306518556,13.387580871582031,26.76303501945528,
1996-04-23,2.0,18400,30.300332694830608,67.40509033203125,66.55549621582031,73.70829010009766,64.75515747070312,84.21186770428022,
1996-04-24,2.0,32000,81.85636518489375,78.87911224365234,116.20018005371094,94.95840454101562,91.9177703857422,100.51770428015573,
1996-04-25,1.0,26700,93.77406308573472,72.31718444824219,118.51759338378906,105.05337524414062,105.9465789794922,95.69260700389113,
1996-04-28,0.0,20600,35.63317208401022,20.18001937866211,30.217588424682617,25.54171562194824,26.787607192993164,16.567315175097278,
1996-05-02,0.0,16600,14.139640530708013,16.886049270629883,7.3453474044799805,13.19525909423828,5.99407958984375,16.336381322957205,
1996-05-08,0.0,15000,15.99930018688268,12.828187942504885,17.358543395996094,16.162521362304688,11.27301025390625,16.00972762645915,
1996-05-23,0.0,21000,27.65070938653122,23.63541412353516,28.58432006835937,28.726804733276367,22.544584274291992,29.392607003891055,
1996-05-30,0.0,19700,22.113164439203302,21.39959526062012,18.454368591308597,18.901912689208984,10.705103874206545,30.480544747081705,
1996-06-01,0.0,17000,10.51274569407969,1.297895908355713,0.3231790065765381,4.119397163391113,0.6877658367156982,2.095719844357978,
1996-06-05,0.0,22800,1.978894834460096,2.204629898071289,5.051671504974365,1.6300227642059326,3.370348691940308,2.788910505836574,
1996-06-14,0.0,18500,0.2661644389951267,0.0,0.0077403504401445,0.0070676268078386,0.0372912362217903,0.0,
1996-06-18,0.0,17000,5.456868059662069,3.624805212020874,8.444718360900879,4.954187870025635,7.756802082061768,10.302334630350192,
1996-06-20,0.0,15300,5.627149129313565,0.7405781745910645,7.176113128662109,4.880010604858398,6.07321310043335,4.051556420233461,
1996-06-21,0.0,15500,1.152529635172592,0.6927985548973083,0.9516273736953736,0.4461795091629028,2.769906520843506,0.8350194552529184,
1996-06-24,0.0,15000,11.503816440541442,10.810131072998049,17.772680282592773,19.97515869140625,16.14580535888672,12.130350194552529,
1996-06-28,0.0,14700,4.525933074446824,2.886482715606689,11.950361251831056,3.820481777191162,5.20194673538208,4.868093385214007,
1996-06-30,0.0,12400,2.880770551022516,0.2305929213762283,5.269686222076416,3.396500825881958,4.075067043304443,0.5498054474708178,
1996-07-06,0.0,14100,5.3606730412311645,0.5737230777740479,2.027909278869629,0.857925534248352,0.9249439239501952,4.662645914396889,
1996-07-14,0.0,19000,0.037072657448788,0.0,0.0,0.0,2.4912308163038688e-06,0.0042801556420233,
1996-07-18,0.0,18300,13.28606309992752,21.904815673828125,16.924877166748047,21.0517578125,14.92081356048584,26.89377431906614,
1996-07-26,0.0,15600,0.0,0.0,0.0017264481866732,0.0,0.0006732551264576,0.1402723735408559,
1996-08-01,0.0,13100,0.0070057361616875,2.5930159091949463,9.606483075685901e-08,3.0961621177993948e-06,0.0042866105213761,0.8184824902723733,
1996-08-07,0.0,11800,10.358644346881304,0.9286800622940063,14.140154838562012,11.998698234558104,9.225202560424805,7.566926070038917,
1996-08-23,0.0,8590,0.5993326951226088,0.0,0.0230413004755973,0.0230959113687276,0.0080647366121411,0.0,
1996-08-29,2.0,9350,0.0308699810890352,0.1120793148875236,0.6850578188896179,0.3300322592258453,9.953702926635742,0.0107003891050583,
1996-08-30,2.0,9640,0.4897629062143861,11.175798416137695,1.2458691596984863,3.0379581451416016,5.745591163635254,10.906614785992216,
1996-09-25,0.0,7620,2.568521987327177,0.0,0.0048695900477468,0.0491858348250389,0.0110478112474083,0.2445525291828794,
1996-09-26,0.0,6870,0.1079674963327391,0.0,0.0001423466746928,6.7483722432371e-07,0.0001926032855408,0.883463035019455,
1996-10-02,4.0,9100,0.0900152970815921,0.8414831757545471,0.0269660018384456,0.0037136967293918,0.003294886322692,0.9243190661478592,
1996-10-03,4.0,9000,1.4849120483352638,6.137221813201904,6.220905780792236,0.1539580076932907,8.096183776855469,12.04260700389106,
1996-10-04,4.0,9250,6.790453138210531,38.03314971923828,27.05516242980957,17.836572647094727,26.47244644165039,43.025680933852165,
1996-10-10,1.0,9580,2.1779560238876634,7.480896472930908,2.054397821426392,0.2892047166824341,1.747891902923584,4.318482490272372,
1996-10-11,1.0,10200,8.778022958255768,14.41579246520996,11.831463813781738,5.969880104064941,8.38636302947998,16.106225680933846,
1996-10-14,1.0,17800,48.80045893896606,50.58090972900391,55.00690460205078,66.46452331542969,64.96907806396484,80.71926070038913,
1996-10-17,2.0,14300,49.769741860209216,44.84406661987305,12.350751876831056,28.47808837890625,33.06501770019531,47.199027237354095,
1996-10-18,2.0,16100,57.0693134782766,44.26343536376953,51.94474029541016,56.59994125366211,53.333274841308594,57.10583657587551,
1996-10-21,1.0,12800,18.384544901326112,30.37462615966797,21.17178726196289,25.87192916870117,28.996288299560547,36.5785992217899,
1996-10-22,1.0,20000,42.82245313319628,32.12105941772461,37.51184844970703,48.74969482421875,47.1937255859375,42.65525291828797,
1996-10-23,1.0,20400,42.57352199019213,49.60368347167969,42.82692337036133,56.65680694580078,55.52409362792969,68.10797665369653,
1996-10-24,1.0,21000,68.9199617733862,36.08650970458984,57.37599182128906,64.07299041748047,60.06607055664063,57.20350194552529,
1996-10-27,2.0,15000,16.82167688614745,14.740041732788086,7.942858219146728,9.663403511047363,16.515888214111328,12.67237354085603,
1996-10-28,2.0,16000,18.244864248001303,34.684593200683594,39.83699798583984,35.62553024291992,50.033790588378906,46.353891050583634,
1996-10-31,0.0,17900,29.31226963703841,0.0,1.831729531288147,3.181403398513794,0.2594106197357178,0.8439688715953325,
1996-11-01,0.0,15600,0.3007189296858196,0.0,2.1992021004280105e-07,2.472567643962975e-07,6.228077040759672e-07,0.8857976653696494,
1996-11-05,0.0,15200,32.10654683307126,35.04564666748047,20.14421272277832,24.738096237182617,25.588008880615234,36.87451361867708,
1996-11-07,2.0,17800,42.65599806381685,46.01536560058594,40.33009719848633,36.542850494384766,37.095848083496094,54.59124513618677,
1996-11-08,2.0,19100,64.20704775968883,44.942970275878906,92.17942810058594,60.89283752441406,76.99102783203125,68.86128404669262,
1996-11-09,2.0,24100,60.62192540693393,30.93846893310547,63.75986099243164,30.780712127685547,51.62813949584961,40.82354085603114,
1996-11-11,2.0,20200,12.58953538681376,1.7590737342834473,6.00886344909668,0.7216481566429138,4.117214679718018,1.1914396887159544,
1996-11-12,2.0,20800,2.2459273424200323,18.269193649291992,11.362852096557615,3.710843086242676,12.160472869873049,19.273346303501928,
1996-11-13,2.0,25500,20.652577451642166,26.53683090209961,28.35775184631348,26.03375244140625,34.096656799316406,34.706225680933834,
1996-11-20,0.0,15400,25.357001918668985,21.90967559814453,22.08172607421875,14.75739860534668,13.40612506866455,25.017509727626457,
1996-11-24,0.0,13900,10.418521987779572,20.601465225219727,13.176250457763672,8.668603897094727,18.05548477172852,22.233852140077826,
1996-11-28,0.0,38000,93.02343787586256,78.6743392944336,93.95285034179688,76.90084838867188,89.06160736083984,101.27665369649804,
1996-11-29,0.0,29300,98.48628872826724,66.81856536865234,91.60139465332033,75.60728454589844,88.50772857666016,94.57723735408558,
1996-11-30,1.0,23000,81.99703439847917,39.00228118896485,68.6206283569336,55.324012756347656,53.57646179199219,50.537548638132265,
1996-12-01,1.0,25600,43.71362141954283,45.203575134277344,75.49061584472656,49.415924072265625,59.96795654296875,59.252529182879314,
1996-12-04,1.0,19300,36.665971358461405,52.322242736816406,60.342262268066406,73.69277954101562,63.64371109008789,60.913424124513625,
1996-12-09,0.0,17900,57.673221800340976,43.46930694580078,33.002201080322266,38.74007034301758,34.621803283691406,47.44630350194553,
1996-12-10,1.0,17300,53.3294397906808,30.67734146118164,30.37391471862793,35.673179626464844,40.50713348388672,39.67723735408561,
1996-12-15,1.0,14600,24.270380502898355,22.3479118347168,31.701560974121094,32.86252975463867,32.27429962158203,23.479766536964977,
1996-12-16,1.0,14400,30.40847994013241,10.060752868652344,22.94569969177246,18.198633193969727,20.92650604248047,11.150972762645916,
1996-12-17,0.0,13800,13.941330789875536,9.704118728637695,12.892292976379396,10.843796730041504,15.25383472442627,8.31575875486382,
1996-12-26,0.0,12300,23.136481854240152,36.44351959228516,19.380027770996094,13.783185958862305,5.935373306274414,57.82723735408568,
1996-12-27,0.0,12400,33.937627188052474,45.70377349853516,17.46561622619629,29.570436477661133,6.169568538665772,57.4303501945526,
1996-12-29,3.0,10300,59.42443784990394,93.66154479980467,66.45561981201172,97.98381805419922,68.754638671875,90.08482490272374,
1996-12-30,3.0,14200,93.97340917380092,100.17935943603516,109.70184326171876,101.24916076660156,105.28395080566406,122.5511673151752,
1996-12-31,4.0,22400,106.92873430969532,,139.16952514648438,121.61929321289062,137.7119140625,142.89319066147874,
1997-01-01,4.0,38300,137.63725630867776,,,124.90237426757812,139.00521850585938,,
1997-01-06,1.0,19500,14.582717008854887,50.062461853027344,27.349830627441406,36.98617935180664,41.32564163208008,63.46556420233463,
1997-01-07,1.0,23400,58.05754113483134,60.19310760498047,51.82490539550781,64.5727767944336,66.48043060302734,78.6737354085603,
1997-01-11,0.0,20700,9.270499039666388,2.946132183074951,9.12764835357666,6.005721092224121,13.527194023132324,2.163424124513618,
1997-01-16,2.0,14900,0.0071606117921274,17.13215446472168,0.002716647228226,0.181994155049324,0.6320309042930603,19.616731517509724,
1997-01-17,2.0,19700,23.41144742483289,43.08969497680664,50.52996826171875,48.77228927612305,46.526981353759766,71.47859922178992,
1997-01-18,3.0,27300,59.366332752013534,86.59886932373047,60.29553985595703,73.72055053710938,79.401611328125,111.7005836575876,
1997-01-19,3.0,40400,116.56175337324407,91.97654724121094,132.19273376464844,105.53488159179688,124.26657104492188,137.4054474708172,
1997-01-20,3.0,47600,126.68140732854548,71.7983627319336,100.52468872070312,77.24579620361328,102.29405212402344,95.84396887159537,
1997-01-23,0.0,26100,30.453653939260192,30.9277400970459,29.39273834228516,36.8115348815918,37.04759216308594,37.79182879377433,
1997-01-27,1.0,19800,6.232871885520511,14.65095329284668,2.641213178634644,0.0015570351388305,0.1147909387946128,11.329571984435804,
1997-01-28,1.0,20000,19.50799429736632,20.69775390625,39.98412704467773,16.662967681884766,21.23555564880371,32.22684824902724,
1997-01-29,4.0,20100,28.08916254812784,64.77980041503906,41.540306091308594,18.343297958374023,27.04636001586914,66.57937743190661,
1997-01-30,4.0,30300,79.90170361526154,71.48770141601562,122.88704681396484,77.17900085449219,106.5805206298828,103.274513618677,
1997-01-31,0.0,43900,81.86640909217284,80.18297576904297,93.23941802978516,61.72840881347656,89.95921325683594,90.2815175097276,
1997-02-01,0.0,31600,86.41492536441774,50.779876708984375,106.64698791503906,76.07274627685547,107.49943542480467,84.07684824902722,
1997-02-08,0.0,19000,0.0085181645765441,0.0,5.746111924054276e-07,0.0053327353671193,0.4132989346981048,0.1268482490272373,
1997-02-09,0.0,18600,0.0124416828106992,0.0,0.0001551062305225,0.0053344494663178,0.4173465669155121,0.0990272373540856,
1997-03-02,0.0,18600,41.9676118007034,47.284271240234375,60.42759704589844,60.12569427490234,61.24043273925781,52.20272373540852,
1997-03-06,0.0,17800,28.196254291081974,40.94963073730469,34.797203063964844,34.927467346191406,31.20429992675781,48.14299610894942,
1997-03-17,4.0,16700,57.0260075652833,58.23748779296875,44.131103515625,64.35809326171875,59.13630294799805,91.38210116731524,
1997-03-18,4.0,19400,75.80188709873542,103.66012573242188,85.35983276367188,94.80841827392578,106.82720184326172,128.72081712062263,
1997-03-19,4.0,47300,128.3167285522585,135.82264709472656,140.4348602294922,165.7921142578125,160.35015869140625,186.33910505836585,
1997-03-20,4.0,73800,174.4535870009581,128.30746459960938,150.83644104003906,173.7827911376953,168.042236328125,160.8529182879378,
1997-03-24,0.0,22900,2.761973232510553,2.162550687789917,8.181251525878906,2.179555892944336,9.386048316955566,1.338715953307394,
1997-03-27,0.0,23900,25.51452964847644,32.62239456176758,38.74146270751953,18.328088760375977,30.403152465820312,42.43210116731517,
1997-04-06,0.0,15800,7.605139586432564,0.0,0.03729834780097,0.3455383479595184,0.2478828132152557,2.5184824902723744,
1997-04-08,0.0,14800,0.7684856586367066,0.3397127389907837,0.8763512372970581,1.8965619802474976,4.381585597991943,0.5437743190661477,
1997-04-11,0.0,16100,3.0900114704342827,1.4369535446166992,0.1211048886179924,4.071078300476074,1.8869059085845947,4.603696498054477,
1997-04-13,0.0,17800,5.162032500061208,15.157523155212402,16.544620513916016,14.482775688171388,12.230107307434082,25.53715953307389,
1997-04-15,2.0,17300,25.391724652644555,28.70787048339844,30.58238410949707,27.77521324157715,37.22340393066406,49.33132295719841,
1997-04-16,2.0,20600,36.66189097759828,26.46864891052246,45.36534118652344,31.186397552490234,56.00650024414063,33.75175097276264,
1997-04-17,0.0,22800,36.84104203158388,24.028940200805664,47.762733459472656,32.6867790222168,53.32877349853516,28.281906614785985,
1997-04-25,0.0,23700,13.02219312542753,9.505949020385742,11.177108764648438,25.10950088500977,17.15542984008789,7.558560311284042,
1997-05-04,1.0,23200,13.04273421699662,9.864588737487791,23.305927276611328,18.020648956298828,23.262252807617188,14.300389105058365,
1997-05-05,1.0,22100,13.050904386938171,17.704172134399414,42.833106994628906,22.500322341918945,41.0156478881836,22.15758754863813,
1997-05-06,1.0,23900,26.06320264697187,22.75283432006836,48.97037506103516,31.854103088378903,48.71743392944336,26.24688715953308,
1997-05-10,0.0,26600,2.8146481805600767,0.0,0.000222732021939,1.8936965489047e-06,0.0005206672358326,0.1136186770428014,
1997-05-28,0.0,25700,7.058544928414781,6.555712699890137,4.468560218811035,2.4927594661712646,7.147717475891113,3.902918287937744,
1997-05-30,2.0,33700,12.6468011528453,23.08684539794922,9.8118314743042,19.99105262756348,17.206193923950195,29.39007782101168,
1997-05-31,2.0,40300,30.55656594805861,41.77587127685547,26.99714469909668,36.309364318847656,42.76647186279297,53.22723735408559,
1997-06-08,0.0,27600,0.8708814540926909,1.5835930109024048,0.186281681060791,0.0912792012095451,0.1029276922345161,1.1900778210116734,
1997-06-12,0.0,32400,6.239931164897691,13.380575180053713,9.241249084472656,11.122817993164062,11.30307674407959,13.99299610894942,
1997-06-16,2.0,37900,0.1112390059557517,9.401288032531738,0.4605344831943512,0.1283916682004928,1.1921340227127075,4.580155642023342,
1997-06-17,2.0,42700,9.80305735848089,30.220928192138672,28.88258934020996,9.29012680053711,22.35797119140625,35.84027237354086,
1997-07-01,0.0,27700,12.418483748062634,5.751694202423096,12.343639373779297,9.139013290405272,7.908595561981201,16.33093385214007,
1997-07-05,0.0,30900,0.1850860414825768,6.997188091278076,4.668321132659912,1.7973272800445557,1.12497878074646,10.142412451361864,
1997-07-06,0.0,34900,7.244269597440928,16.45306396484375,10.935297966003418,10.535784721374512,5.493855953216553,26.29260700389105,
1997-07-07,2.0,35500,14.60317975052465,26.24665069580078,11.276497840881348,10.60321807861328,5.572863578796387,30.29260700389105,
1997-07-08,2.0,33300,23.953403465822877,62.07892227172852,33.273521423339844,43.12412643432617,36.26982498168945,67.87996108949417,
1997-07-09,2.0,62200,71.14888911150364,61.08953475952149,56.03010559082031,52.05020523071289,49.490699768066406,65.10856031128405,
1997-07-11,0.0,44900,71.85796364543542,15.79956340789795,38.86614990234375,27.75887107849121,34.69367218017578,24.629961089494174,
1997-07-21,0.0,27300,0.3694225661814957,0.0612214989960193,0.0235168617218732,0.0030365285929292,0.2513940632343292,1.092996108949417,
1997-07-29,0.0,18600,0.117579350250205,0.0,0.0014535563532263,2.770558967313264e-05,0.0068483939394354,1.980933852140077,
1997-07-30,0.0,19300,0.0966386235671662,0.0,1.0037950277328491,0.2313225418329239,0.0146621391177177,3.3857976653696484,
1997-08-01,0.0,17400,0.0350611855431297,0.0,1.0023680925369265,0.231296882033348,0.0269759818911552,1.6142023346303498,
1997-08-03,0.0,16800,0.1182829830931307,0.0,0.0004099405778106,1.6100558752896177e-07,0.0183022953569889,0.2445525291828794,
1997-08-04,0.0,17200,0.1794608030483807,0.0,0.0003873163077514,5.329879968485329e-07,0.0089802648872137,0.036964980544747,
1997-08-05,0.0,17800,0.1902466538359088,0.0,3.529645618982613e-05,5.330992962626624e-07,0.010983214713633,0.0647859922178988,
1997-08-08,0.0,19100,2.342745696263028,2.572488307952881,0.0930543318390846,0.0439773686230182,0.1438805311918258,3.470428015564203,
1997-08-15,0.0,14400,0.0860707452169033,0.0,0.000483011623146,7.68762402003631e-06,0.0160011760890483,0.0319066147859922,
1997-08-16,0.0,14700,0.0248929252616534,0.0103557789698243,0.0293351486325263,0.0185820292681455,0.0842310041189193,0.0319066147859922,
1997-08-22,0.0,12000,2.219776290459745,2.9293487071990967,1.852500438690185,2.394252300262451,0.6749703288078308,2.4926070038910493,
1997-08-24,4.0,11600,0.5799464634276863,4.58209753036499,4.158327579498291,2.601672887802124,13.243600845336914,2.812256809338521,
1997-08-25,4.0,11400,2.8064760940797617,9.577056884765623,16.423778533935547,6.673751354217529,18.061256408691406,9.052140077821008,
1997-08-26,4.0,11300,6.347011468518146,20.92630958557129,30.157398223876957,17.708484649658203,25.937618255615234,18.62879377431906,
1997-08-27,4.0,11400,20.60855253999113,21.437480926513672,32.80324172973633,21.079797744750977,16.859914779663086,18.55272373540856,
1997-08-28,0.0,10400,20.09059652713008,23.380373001098636,26.02924346923828,18.017112731933597,15.653526306152344,17.615564202334628,
1997-08-30,0.0,8440,8.821757167653203,9.974687576293944,6.976109027862549,3.3484840393066406,4.772284984588623,7.538326848249027,
1997-09-03,0.0,9640,3.107047800061268,9.781780242919922,2.3788716793060303,0.0495520681142807,0.7878776788711548,8.549999999999999,
1997-09-04,0.0,9460,6.376952194022665,5.955190658569336,1.0729643106460571,0.0016134281177073,0.3530131876468658,5.95,
1997-09-10,0.0,7820,0.2769904385695241,6.551636219024658,9.102717399597168,0.062083926051855,0.0697863548994064,0.4007782101167315,
1997-09-14,2.0,7600,19.641913959076252,30.133724212646484,14.937792778015137,11.361295700073242,8.400298118591309,24.028988326848243,
1997-09-15,2.0,9630,38.16208797405486,35.391693115234375,29.030502319335938,28.79063415527344,26.25658798217773,39.31108949416343,
1997-09-16,1.0,12900,42.70546655398531,60.608585357666016,42.66132354736328,46.14722442626953,40.2413330078125,68.1737354085603,
1997-09-17,1.0,20300,80.77235764662854,71.72502136230469,82.73208618164062,91.26603698730467,84.46298217773438,95.52762645914392,
1997-09-21,0.0,12300,2.296856603621243,0.0,2.485998993506655e-05,0.0714586079120636,0.0212682746350765,0.0795719844357976,
1997-09-25,3.0,10600,0.4724321250459197,12.104413032531738,0.5434237122535706,0.0134664699435234,0.6171507835388184,8.04591439688716,
1997-09-26,3.0,11100,13.732131922357125,43.86351013183594,15.421782493591309,22.60060691833496,23.587276458740234,52.745719844357936,
1997-09-27,3.0,20000,54.17408983315872,58.12593078613281,50.631927490234375,68.59749603271484,54.51850891113281,73.39221789883261,
1997-09-28,3.0,22200,69.41398088802116,49.75740051269531,58.82318878173828,73.46043395996094,74.06940460205078,68.24299610894934,
1997-09-29,3.0,17700,58.47720460762848,17.99830436706543,44.795223236083984,51.252197265625,51.98087692260742,26.695136186770387,
1997-09-30,3.0,15200,18.833803100803696,19.342994689941406,27.233367919921875,16.006593704223633,41.02619934082031,23.058365758754853,
1997-10-01,4.0,16200,18.489847043671837,31.9184684753418,57.813079833984375,23.956241607666016,39.3823356628418,37.06381322957195,
1997-10-02,4.0,19400,37.0803957853193,49.34041595458984,74.7421875,39.66121673583984,73.33837890625,53.99163424124512,
1997-10-03,1.0,25500,57.68347417738424,66.13583374023438,79.64571380615234,56.15960311889648,81.85692596435547,75.03287937743188,
1997-10-04,1.0,35600,84.79504392662194,81.47932434082031,79.3720474243164,96.8896026611328,107.46247100830078,105.55525291828796,
1997-10-06,0.0,46700,94.16199037181944,43.82118606567383,67.352783203125,75.46086120605469,61.24889755249024,59.94610894941635,
1997-10-08,1.0,25100,8.987202666711461,13.813878059387209,14.3067626953125,13.006387710571287,18.648021697998047,13.017120622568088,
1997-10-09,1.0,21300,9.765978960841217,21.339523315429688,17.185379028320312,22.90177726745605,25.081832885742188,21.219649805447467,
1997-10-10,1.0,19900,20.78503822071084,29.37032699584961,24.285144805908203,33.795166015625,38.795692443847656,28.3760700389105,
1997-10-15,2.0,16000,12.324078405340048,6.680546283721924,20.276803970336918,4.94683313369751,12.888812065124512,5.757587548638131,
1997-10-16,2.0,16200,6.517671139479658,4.140797138214111,4.935771465301514,1.6440798044204712,4.525061130523682,5.732101167315174,
1997-10-21,0.0,13200,0.1135124280230973,0.4868206083774566,0.0007392346160486,4.768583312397823e-05,0.0018694351892918,0.8974708171206226,
1997-10-28,1.0,14200,20.38602102956005,37.41948699951172,19.035280227661133,24.838565826416016,25.610898971557617,48.91575875486379,
1997-10-29,3.0,18700,52.96879156253854,71.45246124267578,58.49858856201172,60.12173843383789,74.72086334228516,81.48521400778209,
1997-10-30,3.0,36600,95.5823767155384,108.60214233398438,99.1126708984375,121.95995330810548,131.98397827148438,163.569260700389,
1997-10-31,3.0,46500,141.05090245234123,106.94790649414062,118.97330474853516,146.29519653320312,152.9570770263672,154.12140077821007,
1997-11-03,1.0,24500,32.686608043547594,24.462684631347656,30.336505889892575,30.16352844238281,26.532760620117188,39.8058365758755,
1997-11-05,1.0,26400,31.670512425942064,29.57860946655273,38.68230056762695,22.405675888061523,25.355693817138672,30.179182879377443,
1997-11-06,1.0,27300,34.59928488232223,15.398484230041504,40.16183471679688,8.569650650024414,18.66659164428711,15.3784046692607,
1997-11-22,2.0,16800,45.91595799152973,31.345870971679688,42.154335021972656,38.255821228027344,39.40956115722656,38.14241245136186,
1997-11-23,2.0,15000,35.090588972632226,31.460559844970703,36.979434967041016,36.53671646118164,40.63882064819336,33.18521400778209,
1997-11-24,2.0,19700,35.978367046352446,38.90934371948242,52.9117546081543,50.29957580566406,55.60912322998047,38.82392996108949,
1997-11-25,0.0,19200,45.96211657503595,35.363792419433594,60.75514221191406,53.39592742919922,58.83741760253906,32.55583657587548,
1997-11-27,2.0,14700,16.462401531146792,14.531294822692873,23.146018981933597,19.780956268310547,20.66095542907715,22.84124513618677,
1997-11-28,2.0,15800,17.619885269155144,25.592981338500977,70.02252197265625,42.9056396484375,58.32090377807617,40.79007782101166,
1997-11-29,1.0,21700,34.338286786610624,34.39716339111328,84.02140045166016,50.049110412597656,75.0827407836914,51.70856031128403,
1997-12-10,0.0,11700,17.948451238368943,9.600205421447754,25.899045944213867,18.99573135375977,44.96825408935547,12.6352140077821,
1997-12-12,0.0,11200,5.111982794828227,0.2522201836109161,7.051955699920654,5.074897766113281,18.91546058654785,4.665758754863812,
1997-12-13,1.0,10700,0.7631300182660942,0.0,0.0470637828111648,0.0026033639442175,0.074668101966381,3.868677042801555,
1997-12-14,1.0,10100,0.1714646267060486,10.711406707763672,12.348724365234377,10.095444679260254,21.11530113220215,17.615564202334625,
1997-12-15,2.0,11400,16.117181644641196,32.32585906982422,22.71863555908203,21.805519104003903,49.15049743652344,39.94980544747082,
1997-12-16,2.0,15900,46.46631359162716,80.41574096679688,92.62225341796876,93.73745727539062,110.23822021484376,102.18852140077814,
1997-12-19,2.0,20800,85.74907072478314,34.32110595703125,37.12258529663086,49.76699447631836,42.25446319580078,44.25486381322957,
1997-12-20,2.0,16600,34.97969408170988,32.98136138916016,50.16417694091797,33.42524719238281,38.52362060546875,44.03132295719844,
1997-12-27,3.0,12200,15.503651956444424,28.304731369018555,18.47790908813477,16.668949127197266,19.89690971374512,33.374319066147834,
1997-12-28,3.0,13300,29.81530780349008,62.79830932617188,53.884559631347656,47.68798065185547,63.69666290283203,66.85175097276266,
1997-12-29,3.0,24800,79.076108946627,56.24478530883789,96.57546997070312,62.24851989746094,83.57560729980469,70.53073929961093,
1997-12-31,0.0,21400,55.85335180099723,19.31735610961914,51.8974838256836,15.969123840332031,26.7806339263916,22.14591439688718,
1998-01-04,0.0,19800,35.28837859665933,26.79480361938477,13.427906036376951,23.381654739379883,16.44147300720215,24.63560311284047,
1998-01-05,0.0,18900,18.369128101084197,44.60191345214844,27.80329704284668,35.9418830871582,42.46953582763672,46.18385214007783,
1998-01-13,1.0,16400,20.18023517645471,42.81041717529297,41.65472030639648,43.5518684387207,35.00421905517578,49.72762645914403,
1998-01-14,1.0,18000,48.88985659717872,76.06413269042969,88.5827865600586,90.94467163085938,80.22267150878906,88.25817120622571,
1998-01-18,1.0,22800,48.28803633982547,39.067481994628906,56.427032470703125,39.28780746459961,29.57866096496582,49.29046692607003,
1998-01-19,1.0,21600,46.28733077878934,30.679637908935547,61.00196838378906,41.63315200805664,40.985618591308594,42.767120622568086,
1998-01-22,3.0,17000,19.15375908330549,20.11834144592285,14.804486274719238,16.108551025390625,15.76498794555664,21.55972762645914,
1998-01-23,3.0,18100,27.485181651356847,45.36727142333984,86.04539489746094,52.970924377441406,64.94056701660156,57.16887159533074,
1998-01-24,3.0,24300,61.000068832765805,53.47199249267578,124.392822265625,82.12815856933594,100.55410766601562,70.03910505836575,
1998-01-25,1.0,24700,69.09157936032827,54.30008316040039,129.1401824951172,83.36721801757812,107.75623321533205,71.62782101167315,
1998-01-26,1.0,21700,67.42849329518543,32.27878952026367,79.97285461425781,62.18685150146485,69.99520111083984,47.19844357976652,
1998-01-28,2.0,18000,19.00397704722138,9.829341888427734,37.4018440246582,21.85110282897949,16.7844295501709,19.557976653696493,
1998-01-29,2.0,17000,9.48174762088573,13.2052640914917,32.031639099121094,10.199671745300291,8.818290710449219,15.032490272373554,
1998-02-02,0.0,15100,3.976613763498764,6.199675559997559,5.059573173522949,4.834587574005127,8.353938102722168,4.228210116731518,
1998-02-04,0.0,14100,6.4130019064314645,10.587400436401367,8.742105484008789,12.204423904418944,10.695502281188965,9.776848249027234,
1998-02-05,0.0,14100,8.71897704986233,10.33173656463623,5.828382015228272,10.591490745544434,10.220752716064451,10.76712062256809,
1998-02-06,1.0,14200,8.907760990233326,9.494373321533203,10.56537628173828,7.716067314147949,16.367725372314453,9.710700389105057,
1998-02-07,1.0,14100,8.499564046437058,6.141236782073975,8.734320640563965,5.398322105407715,16.111764907836914,7.652529182879373,
1998-02-12,2.0,13500,16.151590831537934,37.50962066650391,39.45751190185547,41.37485885620117,60.24116134643555,45.82198443579766,
1998-02-13,2.0,18100,47.90982415639648,42.46863555908203,55.57518768310547,60.367767333984375,71.89048767089844,44.588132295719845,
1998-02-18,2.0,11600,4.867875720313296,11.49264144897461,11.716379165649414,12.88817024230957,7.398747444152832,11.22918287937744,
1998-02-19,2.0,12900,14.029611866401437,16.321775436401367,37.113990783691406,30.9879093170166,37.7275390625,20.963424124513622,
1998-03-01,0.0,12900,22.758252397908592,30.083274841308597,21.257530212402344,27.44345474243164,25.25821685791016,33.59980544747082,
1998-03-11,1.0,12300,30.524149124754548,16.698381423950195,44.92838287353516,32.44450759887695,40.34273147583008,16.850194552529175,
1998-03-12,1.0,12700,21.644829816473194,5.841517448425293,13.422321319580078,12.35018539428711,8.301609992980957,7.1963035019455255,
1998-03-13,1.0,13500,6.258332707303048,3.653985738754273,9.547659873962402,3.1607162952423096,5.782916069030762,11.190466926070044,
1998-03-23,1.0,19400,32.925302103498815,45.85921478271485,35.86537551879883,30.0186767578125,23.678730010986328,51.84766536964983,
1998-03-24,1.0,21000,54.01188338908365,45.611793518066406,50.96915817260742,41.73766326904297,32.31752014160156,57.28190661478598,
1998-03-27,0.0,18300,27.49883174235233,20.11141586303711,22.59919166564941,20.604511260986328,26.79886245727539,18.707976653696512,
1998-03-28,0.0,16700,21.06972464403101,12.753999710083008,22.878347396850582,19.0532169342041,26.06292533874512,10.871789883268493,
1998-04-06,0.0,13200,18.12628874503767,17.554779052734375,3.269132137298584,5.228137493133545,8.836445808410645,17.46828793774318,
1998-04-07,0.0,13500,16.5426673175138,11.920583724975586,8.867706298828125,7.108415603637695,6.302014350891113,12.462645914396884,
1998-04-09,0.0,12700,5.826948374277649,4.295018672943115,8.776558876037598,6.376145362854004,5.536082744598389,5.495330739299616,
1998-05-18,0.0,12900,8.447699806264096,4.39341926574707,1.151841402053833,1.424704670906067,14.546201705932615,5.722373540856028,
1998-05-21,0.0,14100,1.0614244730951243,0.2931307852268219,0.3423590958118438,0.528128445148468,8.148656845092773,0.7243190661478598,
1998-05-22,0.0,13800,0.5463059266341803,0.3811146914958954,0.3231119215488434,0.6243986487388611,7.738139629364014,0.5696498054474709,
1998-05-26,0.0,15200,25.30920075413029,47.1256103515625,47.72067260742188,50.9130859375,38.89684295654297,54.34027237354085,
1998-05-27,0.0,15800,48.75070743989306,49.02458953857422,63.741661071777344,78.01153564453125,49.95781326293945,66.08287937743191,
1998-06-09,0.0,19800,3.5226883388146217,1.844099760055542,1.0323013067245483,11.255739212036133,2.240619659423828,4.129377431906615,
1998-06-14,1.0,18000,0.2060516254122086,5.224618911743164,0.4229199588298797,0.8988537788391113,1.2268277406692505,1.9326848249027244,
1998-06-15,1.0,17200,5.56776481896597,13.1638765335083,21.00427627563477,8.290362358093262,11.34370231628418,13.2466926070039,
1998-06-23,0.0,17800,5.617271504709034,7.047226905822754,1.8106904029846191,6.24685001373291,2.4701151847839355,9.111284046692608,
1998-07-05,0.0,14400,15.27291777810878,9.143893241882324,3.708566188812256,8.931538581848145,33.424156188964844,13.39591439688716,
1998-07-07,0.0,13200,1.7124321236409583,0.0,0.8924347758293152,0.5383619666099548,10.44925022125244,0.8470817120622576,
1998-07-08,0.0,13100,0.0219063096146418,0.0,0.0825245752930641,0.0205028466880321,0.0813013613224029,0.2902723735408561,
1998-07-14,3.0,13000,9.821393886599315,10.941611289978027,5.102621078491211,2.2440779209136963,6.5474066734313965,11.085214007782104,
1998-07-15,3.0,14500,14.348952229555437,11.410974502563477,6.819527626037598,10.350215911865234,12.793130874633787,11.452723735408563,
1998-07-16,3.0,14900,16.461980908938386,10.860838890075684,6.008217811584473,9.52610683441162,11.05380916595459,10.216147859922184,
1998-07-17,3.0,15200,16.05052966631243,4.383827209472656,3.190241813659668,9.304311752319336,7.482905864715576,4.402529182879381,
1998-08-05,0.0,12000,0.0,0.0,1.329318100040666e-09,4.614323188434355e-05,4.9824616326077376e-06,0.0,
1998-08-14,0.0,10700,0.0019235181307017,0.0,0.0001309713697992,1.0447026397741864e-05,0.0081743514165282,0.122568093385214,
1998-09-02,0.0,6950,0.0394359467316055,0.0,5.099183795209683e-07,0.0007479241467081,0.0060858046635985,0.130544747081712,
1998-09-10,0.0,5600,0.0482504783337579,0.0465608239173889,0.0419218800961971,0.1093847081065177,0.0490652099251747,0.3151750972762641,
1998-09-11,0.0,5670,0.0017858508450778,0.0,0.0338714532554149,0.0005346671678125,0.0511635020375251,0.2976653696498049,
1998-09-21,0.0,4810,5.860237088231378,3.5826897621154785,3.5558602809906006,2.4406659603118896,5.258652687072754,4.215758754863808,
1998-10-09,0.0,5210,18.99474759658653,22.523765563964844,31.57442092895508,24.58417320251465,29.338462829589844,26.85992217898833,
1998-10-11,2.0,5860,21.614357538030923,13.711201667785645,21.449174880981445,19.915672302246094,19.98043441772461,15.185019455252933,
1998-10-12,2.0,5490,14.554499028456473,20.83793067932129,26.24525260925293,14.06840991973877,18.32795143127441,18.151167315175083,
1998-10-13,2.0,5900,27.13073615344748,38.406036376953125,39.09168243408203,30.962602615356445,32.76306915283203,47.82626459143965,
1998-10-15,0.0,10500,58.755705471248525,35.39227294921875,40.75453567504883,52.3592643737793,44.45439147949219,51.92976653696496,
1998-10-16,0.0,8060,42.83940716348518,21.724822998046875,22.5418643951416,28.28609085083008,28.381872177124023,21.2694552529183,
1998-11-02,0.0,5810,9.33027533785285,10.484150886535645,12.76258945465088,7.471364021301269,12.852411270141602,20.037937743190653,
1998-11-05,0.0,8460,17.01368069853883,17.529308319091797,17.78428840637207,17.690940856933594,23.71041488647461,27.12704280155642,
1998-11-06,0.0,9320,18.114873801545023,13.1935396194458,18.62060165405273,20.01114654541016,24.35617446899414,30.009727626459146,
1998-11-12,4.0,6280,26.524263900972016,51.98805618286133,24.39244079589844,27.08045196533203,30.375959396362305,63.83599221789882,
1998-11-13,4.0,17000,73.39391969532431,95.3395538330078,104.03042602539062,92.78448486328124,115.5486068725586,130.48715953307388,
1998-11-14,4.0,31300,133.16653548702456,110.9029312133789,135.13951110839844,124.47200012207033,154.1032257080078,160.2571984435797,
1998-11-15,4.0,33900,149.4906445041897,109.284423828125,185.24008178710935,144.22178649902344,178.44210815429688,150.41964980544742,
1998-11-16,4.0,46100,143.3707936452862,73.52587127685547,133.1591033935547,105.8000030517578,117.45423889160156,88.6976653696498,
1998-11-20,2.0,19400,41.58601348685015,75.83624267578125,79.99076080322266,76.8163833618164,78.86078643798828,99.37295719844369,
1998-11-21,2.0,35500,102.11311872447637,95.45201873779295,131.63282775878906,120.10993957519533,109.0339584350586,116.69241245136196,
1998-11-23,2.0,24000,106.8071243612534,57.2486572265625,96.00487518310548,81.575927734375,69.1172866821289,72.21692607003888,
1998-11-24,3.0,22400,64.10895025570579,69.41447448730469,72.47369384765625,70.81995391845703,71.70646667480469,89.07859922178986,
1998-11-25,3.0,26400,85.5406787441064,102.5322265625,101.4706573486328,114.3965301513672,121.19833374023438,130.41108949416338,
1998-11-26,3.0,41500,124.8144147573876,97.09683227539062,133.6228790283203,142.8437042236328,147.8061065673828,123.06459143968864,
1998-12-01,1.0,15900,24.39970745330291,54.20073699951172,56.476051330566406,45.6626205444336,39.11260986328125,59.455252918288,
1998-12-02,1.0,19500,64.69936131838404,73.41384887695312,103.73838806152344,79.85635375976562,78.73081970214844,89.15311284046703,
1998-12-11,3.0,16200,34.07849329442185,43.25920104980469,39.50491714477539,30.181921005249023,45.80963897705078,60.540466926070025,
1998-12-12,3.0,22200,61.27799231480687,77.07830810546875,77.74444580078125,75.67086791992188,103.36801147460938,98.6476653696498,
1998-12-13,3.0,43600,105.23028299480278,91.2429428100586,106.97813415527344,116.8303451538086,134.91021728515625,111.31478599221796,
1998-12-15,1.0,31200,89.5609160041295,48.94156265258789,76.69083404541016,82.36967468261719,88.6805648803711,55.11945525291833,
1998-12-16,1.0,25300,52.56147240744824,27.874561309814453,21.983049392700195,34.127864837646484,43.879051208496094,21.47431906614787,
1998-12-20,0.0,17600,8.084393884209572,0.2636869549751282,0.4444465339183807,0.2792492508888244,0.7079060077667236,0.9618677042801556,
1998-12-26,0.0,15300,64.59480109489584,72.41351318359375,90.52156066894533,90.34983825683594,84.66250610351562,109.3976653696498,
1998-12-27,2.0,16500,86.1878871675545,101.95270538330078,86.62077331542969,102.34510040283205,91.0755386352539,128.0854085603113,
1998-12-28,3.0,25900,124.5555812442394,104.36839294433594,131.02432250976562,123.16094970703124,114.87318420410156,137.55019455252926,
1998-12-29,3.0,31800,124.64881261544976,118.668701171875,133.44512939453125,125.21688842773438,123.39065551757812,145.18249027237363,
1998-12-30,3.0,46200,140.8912580797367,80.24247741699219,95.735595703125,88.9009780883789,96.091552734375,89.74143968871603,
1999-01-03,0.0,21000,7.955908216053912,0.3154579102993011,0.230290800333023,0.4241451025009155,1.7565363645553589,0.5165369649805455,
1999-01-10,1.0,19400,34.66614147527126,45.21151351928711,40.58860397338867,33.41223907470703,68.22657775878906,46.36848249027236,
1999-01-11,1.0,27100,55.10545886087144,43.46769714355469,105.27357482910156,31.721410751342773,78.95787048339844,41.61245136186769,
1999-01-13,3.0,18800,48.2470305690606,42.48127746582031,75.36360168457031,16.42978858947754,36.20857238769531,23.50077821011673,
1999-01-14,3.0,24800,45.98079352258361,76.6497573852539,82.44788360595703,95.32260131835938,87.86541748046875,100.20000000000002,
1999-01-17,1.0,26900,78.33634031183632,54.77641296386719,42.89165496826172,41.927433013916016,49.487701416015625,61.30544747081712,
1999-01-18,1.0,27200,60.83574951242079,67.5703125,80.66434478759766,80.53770446777344,78.86050415039062,94.01206225680936,
1999-01-26,0.0,16800,4.4337877572826185,5.312960624694824,4.468644618988037,0.4491914510726928,2.007126808166504,1.2099221789883268,
1999-01-27,0.0,16800,11.432665390239398,29.953636169433597,13.215456008911133,11.333606719970703,14.429515838623049,22.09494163424125,
1999-01-28,2.0,16600,40.22060417594703,71.2130126953125,38.018836975097656,51.30763626098633,53.8418197631836,67.92159533073928,
1999-01-29,2.0,20600,84.71590613238344,92.202392578125,96.26603698730467,103.5025634765625,105.7051010131836,107.50700389105052,
1999-02-01,2.0,18900,59.69623707249106,55.525367736816406,43.54926300048828,43.432861328125,61.95717239379883,47.39105058365759,
1999-02-02,2.0,19700,58.1181701255916,68.25064086914062,102.1689910888672,82.61833190917969,99.04676818847656,67.00564202334631,
1999-02-05,1.0,21100,69.14842644886578,55.1982650756836,58.32779312133789,50.94953155517578,63.7747802734375,60.56264591439693,
1999-02-06,1.0,20600,55.96850669862664,62.0964469909668,83.57624816894531,76.61740112304688,77.46977233886719,80.54435797665377,
1999-02-08,0.0,21200,66.79967499098404,56.978515625,90.56008911132812,83.42041778564453,84.44233703613281,75.10428015564207,
1999-02-12,1.0,16300,9.780072650204842,11.325679779052734,18.56270217895508,8.017790794372559,11.90812873840332,6.2354085603112805,
1999-02-13,1.0,15400,6.409260030102874,8.756133079528809,30.697301864624023,7.130518913269043,10.685080528259276,8.163035019455247,
1999-02-15,1.0,14300,5.695191202446619,11.608039855957031,22.060062408447266,6.052531719207764,9.185810089111328,10.682490272373537,
1999-02-16,1.0,14700,12.460403427741417,19.09485626220703,26.09542655944824,21.76876640319824,22.733991622924805,25.063618677042825,
1999-02-17,0.0,14900,21.830539168125547,27.41470718383789,54.01404571533203,41.941627502441406,41.74340057373047,39.10583657587551,
1999-02-18,0.0,14400,30.63424282149905,30.002893447875977,57.10364532470703,48.99974060058594,48.06167602539063,49.71867704280158,
1999-02-21,0.0,12700,27.94051244154031,24.68231201171875,22.01282119750977,31.088356018066406,32.38478469848633,21.33949416342413,
1999-02-22,1.0,12900,29.748789668994924,50.47157669067383,46.92432022094727,63.43072128295898,58.62751388549805,49.492412451361886,
1999-02-23,1.0,16100,63.16626580609419,80.81649780273438,66.22550201416016,76.20087432861328,71.30458068847656,62.56789883268483,
1999-02-24,1.0,18900,88.59980310764641,98.21565246582033,119.42486572265624,129.05447387695312,109.96247863769533,112.61887159533072,
1999-03-02,1.0,22000,56.26879930245489,48.89499282836914,42.90467834472656,48.87191390991211,45.626895904541016,41.2270428015564,
1999-03-03,1.0,21900,47.36081068488426,49.75740814208984,51.18888854980469,58.63311767578125,57.26372146606445,45.134435797665375,
1999-03-05,0.0,19600,41.14764245922177,27.724721908569336,57.64418029785156,50.57290649414063,65.17920684814453,32.47723735408562,
1999-03-12,2.0,14100,13.7543192835717,17.987173080444336,20.626171112060547,8.591815948486328,19.68535423278809,18.197276264591427,
1999-03-13,2.0,15400,29.711250470568565,36.49481201171875,56.26422882080078,35.43537902832031,40.135528564453125,38.58093385214008,
1999-03-20,0.0,15000,2.9360038266153508,1.752691388130188,6.468121528625488,1.9656338691711424,8.252793312072754,5.215369649805447,
1999-03-23,0.0,18000,9.774284880344103,15.781246185302734,11.402219772338867,10.543615341186523,17.1757755279541,16.39221789883269,
1999-03-25,0.0,18400,21.929357567203745,26.769662857055664,24.69537925720215,18.13724136352539,24.45189666748047,28.54708171206225,
1999-04-07,0.0,10700,5.903177818301469,9.111202239990234,7.466093063354492,6.097210884094238,10.320859909057615,7.089688715953308,
1999-04-22,0.0,15700,17.723095588340648,7.476804733276367,11.851393699645996,13.499492645263672,16.69997215270996,14.975875486381325,
1999-04-28,0.0,17100,7.917738044282767,2.534176588058472,3.7949838638305664,5.127225875854492,9.012411117553713,5.206420233463033,
1999-05-01,0.0,17100,8.412667315630028,20.963451385498047,10.053980827331545,17.276874542236328,9.64850616455078,13.275875486381327,
1999-05-07,0.0,19200,23.99606881452543,28.27109146118164,22.21203994750977,23.89837646484375,23.479257583618164,31.45136186770428,
1999-05-10,0.0,16600,14.110007646178202,3.053614854812622,13.493205070495604,15.544872283935549,10.509799003601074,3.439299610894944,
1999-05-16,0.0,12600,6.177128101447081,12.4775390625,1.337781548500061,12.990185737609863,20.253618240356445,4.778793774319064,
1999-05-25,0.0,36000,0.0798604201385662,0.0,0.9124670028686525,0.3325580954551697,0.8544610738754272,0.6124513618677042,
1999-05-29,0.0,27700,0.0990114719854012,0.7142510414123535,0.0006537251174449,0.0084464233368635,0.0337368734180927,7.051556420233467,
1999-05-30,2.0,26500,0.8746500952940801,3.311077117919922,0.0024117310531437,0.242015928030014,0.0857344642281532,9.099416342412455,
1999-05-31,2.0,26100,3.601826006927693,11.66999340057373,3.747631311416626,4.11093807220459,4.745132923126221,14.749610894941627,
1999-06-04,1.0,23500,5.4177208417453615,9.094053268432615,0.6845250129699707,3.011422634124756,2.4006032943725586,2.5363813229571983,
1999-06-05,1.0,27100,11.449762887702263,18.093002319335938,22.01365852355957,14.478819847106934,19.39055061340332,25.587159533073947,
1999-06-06,0.0,31800,18.27057358652801,20.86094284057617,27.837289810180664,24.75929450988769,29.225231170654297,28.807587548638143,
1999-06-07,0.0,28300,19.29483554143807,15.537391662597656,33.29988098144531,28.9630069732666,34.4122314453125,29.29688715953309,
1999-06-12,1.0,22500,0.4139254300080037,0.1840228736400604,1.4910361766815186,0.7330167889595032,0.9698851108551024,2.9233463035019462,
1999-06-13,1.0,26900,0.1457304014997061,0.0,1.6548172235488892,0.0176487863063812,1.1253912448883057,1.2846303501945529,
1999-06-14,0.0,32200,0.0629827909923495,0.1045131012797355,0.93228018283844,0.0020220484584569,0.9142956733703612,1.017898832684825,
1999-06-22,1.0,28500,10.270032502554782,10.036409378051758,11.010536193847656,7.655313968658447,13.213915824890137,8.417704280155645,
1999-06-23,1.0,29000,12.671724668928343,13.39796257019043,10.307936668395996,6.959596157073975,12.321252822875977,5.448832684824904,
1999-06-29,0.0,24200,4.969177824611567,7.050564289093018,7.241976737976074,3.751843929290772,7.141568183898926,4.455642023346308,
1999-07-04,0.0,26300,16.772250474144812,10.308155059814451,11.72834014892578,28.48387718200684,27.10944938659668,13.700778210116734,
1999-07-13,0.0,33300,0.2289254312992477,0.6608381271362305,0.0002426320133963,6.882921752549009e-06,0.0332037471234798,0.0819066147859921,
1999-08-05,0.0,35100,5.230673037631433,5.771579265594482,6.291679382324219,0.4924014806747436,7.21614933013916,9.814591439688712,
1999-08-10,0.0,26500,9.44492545064844,1.6710548400878906,2.490100622177124,18.659757614135746,12.31334114074707,0.1824902723735406,
1999-08-11,0.0,24200,1.3088413000576034,0.0892870798707008,0.247647076845169,0.01538622751832,0.1475979834794998,0.0017509727626459,
1999-08-14,0.0,20500,6.988703638989652,10.60765552520752,2.1325268745422363,2.930273056030273,2.739023447036743,16.26887159533075,
1999-08-24,3.0,14600,0.539185468565555,1.3384555578231812,0.0874066650867462,0.000212574886973,0.0094560896977782,1.4684824902723732,
1999-08-25,3.0,14800,0.687043976955326,2.464028596878052,2.5203747749328613,2.9886245727539062,5.609505653381348,2.021011673151752,
1999-08-26,3.0,17100,0.4507514348651601,2.464028596878052,2.502685308456421,2.990924119949341,5.658156871795654,1.3428015564202345,
1999-09-01,0.0,13700,15.177202656545925,9.740452766418455,3.259629011154175,11.797860145568848,12.471914291381836,11.11089494163424,
1999-09-04,1.0,10000,0.5178317395904783,3.179529190063477,0.0458193272352218,0.0115836756303906,0.1482283025979995,1.0297665369649804,
1999-09-05,1.0,9220,4.267424473450626,16.784381866455078,6.664557456970215,6.066985607147217,8.322288513183594,14.757392996108935,
1999-09-17,0.0,9350,0.0536539195115227,0.0090920990332961,0.0003268472792115,0.0003111714613623,0.0058719287626445,0.0048638132295719,
1999-09-19,0.0,7540,0.0016883365588661,0.0,7.355325806202018e-07,0.0002669687673915,0.0044995718635618,0.0011673151750972,
1999-09-23,1.0,11400,0.1609808797754408,1.9990054368972776,1.9818875789642332,0.927038311958313,4.344758033752441,0.5208171206225677,
1999-09-24,1.0,11200,1.442715104752359,11.45505142211914,2.9114327430725098,1.6863936185836792,4.90812873840332,2.16147859922179,
1999-09-25,1.0,8790,9.173665396460729,22.197614669799805,16.34328269958496,15.72841739654541,28.56544685363769,18.71653696498053,
1999-10-02,0.0,8330,0.2785908214313407,0.0,0.0,8.843685645842925e-05,0.0167386177927255,0.0029182879377431,
1999-10-06,0.0,9750,4.290634801219543,15.277341842651367,4.735832214355469,0.902782380580902,0.5584291815757751,2.029571984435801,
1999-10-07,2.0,9590,20.278913958574226,53.13119888305664,12.986027717590332,18.34280014038086,19.36611557006836,39.38949416342413,
1999-10-08,2.0,19000,62.18458125024547,77.81310272216797,35.90282440185547,68.98101043701172,72.59136199951172,104.08346303501946,
1999-10-12,2.0,12700,11.7488202506825,19.8618278503418,0.1277173310518264,6.502100467681885,4.517065048217773,11.76186770428016,
1999-10-13,2.0,13700,23.48692349734828,26.01165008544922,19.112138748168945,15.471914291381836,23.29474258422852,27.81322957198445,
1999-10-19,0.0,10900,0.4090114721341012,0.0,1.7439113435102627e-05,1.7397740521118976e-05,0.3238728642463684,0.3457198443579767,
1999-10-20,0.0,10700,0.3111892930529371,0.0,0.0,1.544710175949149e-05,0.0072989170439541,0.3463035019455254,
1999-10-23,1.0,10600,3.501621407602716,6.504144191741943,1.1609954526647924e-05,3.0775454433751293e-06,3.6589954106602818e-06,5.4564202334630405,
1999-10-24,1.0,10800,10.577657737281266,10.116942405700684,9.498391151428224,8.049789428710938,8.09414291381836,8.38832684824903,
1999-10-25,1.0,10800,16.656019109396315,17.354887008666992,14.809090614318848,13.11922836303711,14.267932891845703,23.143385214007797,
1999-10-27,2.0,11300,20.134789678688385,25.753406524658203,14.473810195922852,19.481613159179688,17.59185218811035,22.29824902723736,
1999-10-28,2.0,12500,34.578403457329,43.673927307128906,49.495155334472656,61.88199615478516,59.64766693115234,45.66517509727627,
1999-10-29,2.0,18600,66.31798658331871,62.96063995361328,57.79170989990234,73.19054412841797,75.72862243652344,67.05428015564202,
1999-10-30,2.0,19000,87.04795404123303,75.87861633300781,87.8045883178711,92.55796813964844,107.27802276611328,86.79435797665366,
1999-10-31,2.0,26300,96.62744543087416,63.9870491027832,76.06301879882812,73.8675308227539,86.4246597290039,74.213813229572,
1999-11-03,1.0,14700,18.27254115619045,16.38982391357422,6.364699840545654,3.1099119186401367,8.970382690429688,6.396303501945528,
1999-11-04,1.0,15800,22.67508220064176,18.3763484954834,19.97162437438965,12.319646835327148,19.07880401611328,21.58482490272374,
1999-11-05,4.0,15200,28.785441677902075,30.151046752929688,19.99917221069336,12.319777488708496,19.13113594055176,23.39630350194553,
1999-11-06,4.0,16300,38.1551185245777,29.979469299316406,66.60657501220703,49.34585571289063,49.38213348388672,42.34377431906616,
1999-11-07,4.0,22600,35.053162512319595,34.89213562011719,66.56380462646484,40.13570022583008,39.25275421142578,30.47821011673153,
1999-11-08,4.0,17800,34.09293114469608,38.47092819213867,83.67317199707031,50.167572021484375,55.65044403076172,48.311478599221786,
1999-11-09,2.0,18100,35.92893501878476,47.42082977294922,59.80513000488281,33.670249938964844,36.61837768554688,33.21361867704279,
1999-11-10,2.0,24800,52.72052964034097,56.792930603027344,66.26983642578125,54.123329162597656,60.801177978515625,40.01692607003889,
1999-11-11,3.0,23600,68.4548202677849,101.56338500976562,59.50946044921875,84.96540832519531,73.91310119628906,56.30525291828794,
1999-11-12,3.0,51900,117.0656270588789,120.65364074707033,89.740234375,129.92254638671875,123.70133972167967,118.40311284046692,
1999-11-13,3.0,76800,134.5603595937871,123.52513122558594,72.8339614868164,124.34754180908205,104.16645050048828,153.75466926070038,
1999-11-14,1.0,74400,129.90038636628802,64.7257080078125,67.62445068359375,87.37512969970703,78.04841613769531,122.07295719844356,
1999-11-15,2.0,55900,68.30580323227672,25.154674530029297,8.407547950744629,19.996471405029297,10.908025741577148,52.87879377431906,
1999-11-16,2.0,36600,23.78393689046252,11.803333282470703,13.162469863891602,5.977497577667236,15.502857208251951,12.291439688715956,
1999-11-18,2.0,33000,13.46983364792131,12.777000427246094,14.496376037597656,18.03045463562012,20.626256942749023,21.35428015564204,
1999-11-19,2.0,29500,17.000521989586233,24.92151260375977,14.64052963256836,28.197444915771484,22.643260955810547,34.77062256809339,
1999-11-20,2.0,29700,32.220088004268376,40.06563186645508,38.0700569152832,37.47404861450195,43.674224853515625,43.76595330739297,
1999-11-24,2.0,23400,32.62982600960831,50.45292282104492,47.88785934448242,57.46914291381836,54.18480682373047,46.00739299610896,
1999-11-25,2.0,29000,58.66483173132598,60.9771728515625,64.92617797851562,71.64350128173828,62.37177658081055,64.59338521400777,
1999-11-29,2.0,19000,17.211573619126604,22.821889877319336,14.102078437805176,8.285530090332031,7.106613636016846,25.57762645914397,
1999-11-30,2.0,22700,28.075282999374917,35.47080993652344,40.57316970825195,25.985578536987305,29.83118057250977,44.3375486381323,
1999-12-01,1.0,23600,44.47079732306088,54.1647834777832,37.12379455566406,35.9495735168457,31.97272109985352,63.13638132295719,
1999-12-02,1.0,27900,64.19057360069246,60.12839889526367,84.13163757324219,85.32186889648438,79.78285217285156,98.26731517509728,
1999-12-08,1.0,18900,42.391751359802726,31.927492141723636,50.25934982299805,49.34441757202149,63.92391204833984,53.835603112840445,
1999-12-09,1.0,19200,34.093107032733855,27.155555725097656,33.24897384643555,27.00191879272461,32.94141387939453,25.729182879377426,
1999-12-10,0.0,19100,34.28919692637032,43.66939926147461,37.804161071777344,38.23540496826172,38.32307815551758,30.61167315175097,
1999-12-13,0.0,32100,94.38273791829212,75.48036193847656,109.73970794677734,88.46363067626953,100.974609375,106.9863813229572,
1999-12-14,3.0,25500,94.80182777536076,83.66796875,93.54832458496094,91.1309814453125,101.28449249267578,107.02256809338522,
1999-12-15,3.0,30800,103.63446270758516,95.49601745605467,117.31609344482422,122.5807876586914,118.63207244873048,129.10992217898834,
1999-12-16,3.0,49000,117.97956023845344,84.08538818359375,110.90633392333984,115.35774993896484,105.5274429321289,107.07879377431908,
1999-12-17,1.0,37200,103.17768264603562,76.71519470214844,94.14979553222656,99.64859008789062,87.1380844116211,102.14649805447472,
1999-12-18,1.0,40900,87.89836524515617,50.57328796386719,62.73380279541016,56.90193939208984,51.13366317749024,48.94630350194553,
1999-12-27,0.0,18300,0.0912122376008051,0.0,0.0012193446746096,9.597319149179384e-06,0.0006405577296391,10.075486381322955,
1999-12-29,0.0,19500,0.0471625237573867,0.382586270570755,4.308743518777192e-05,4.791600986209232e-06,0.0009391940548084,8.04396887159533,
2000-01-03,1.0,17500,58.492458880061626,56.95637512207031,41.66525268554688,45.681095123291016,54.856815338134766,53.12315175097278,
2000-01-04,1.0,19100,57.38820837879727,55.45747375488281,66.24114990234375,68.18708801269531,81.94851684570312,65.6507782101167,
2000-01-21,0.0,14900,9.532397703969242,17.20774269104004,18.01758575439453,17.82724380493164,22.68667221069336,18.68715953307393,
2000-01-31,2.0,11000,10.657957954902734,26.33055877685547,6.16739559173584,5.05092716217041,6.970027923583984,12.75622568093386,
2000-02-01,2.0,13600,38.51664630070962,63.26987838745117,29.50046157836914,42.51678466796875,29.969358444213867,50.63132295719845,
2000-02-07,1.0,12100,7.752652000312437,11.379343032836914,19.45198631286621,4.207892894744873,3.956667423248291,13.953696498054471,
2000-02-22,1.0,11800,14.6021912083182,24.63217163085937,23.876937866210938,25.965227127075195,23.83635139465332,30.89844357976656,
2000-02-23,0.0,13100,24.937816474679323,25.045486450195312,28.61417388916016,31.884620666503903,26.361024856567383,33.87140077821013,
2000-02-28,0.0,11400,19.252841320594,14.963366508483888,30.150634765625,21.99901962280273,30.87116813659668,21.74241245136187,
2000-03-02,0.0,12600,19.04051241102,20.163095474243164,29.765567779541016,23.251585006713867,24.35937118530273,20.86089494163424,
2000-03-06,0.0,12500,22.508120446484607,11.223413467407228,15.805505752563477,14.70017433166504,14.996319770812988,13.442217898832684,
2000-03-14,0.0,11100,24.969139592876537,23.63915634155273,44.49703598022461,30.25260353088379,33.69880294799805,21.54727626459143,
2000-03-23,0.0,18200,40.30866347707008,35.41960906982422,38.3729133605957,26.68940734863281,34.714195251464844,45.45233463035018,
2000-03-26,0.0,14100,5.450925425712258,0.386858195066452,0.7997362613677979,2.0433051586151123,0.8734439611434937,4.207392996108945,
2000-04-07,0.0,13300,31.407617621252,15.392304420471191,16.362838745117188,19.630762100219727,23.149587631225582,16.45155642023347,
2000-04-09,0.0,10600,7.754701742452986,0.5890759229660034,0.0817845910787582,0.0665237084031105,0.1118566244840622,0.5038910505836576,
2000-04-17,0.0,19600,24.09391968092261,6.626814365386963,4.532516479492188,9.965341567993164,11.79841136932373,9.404280155642027,
2000-04-22,0.0,18800,10.793935000033468,12.749570846557615,11.066497802734377,7.682257652282715,8.87846565246582,17.072568093385215,
2000-04-24,0.0,17400,17.833873828431194,14.917027473449709,19.89133071899414,20.517841339111328,25.00958251953125,22.83463035019456,
2000-04-26,2.0,15300,15.849759102166615,10.576786994934082,20.99581527709961,12.382568359375,17.17522430419922,7.189105058365764,
2000-04-27,2.0,14900,11.956420664180714,14.141234397888184,20.427963256835938,11.115787506103516,13.94230842590332,10.7750972762646,
2000-04-30,1.0,14400,15.018359464781987,9.940686225891112,18.060779571533203,19.119457244873047,16.684188842773438,15.480933852140076,
2000-05-01,1.0,15500,10.104841305375682,11.51710319519043,15.02701187133789,9.4373140335083,14.436389923095703,11.131128404669266,
2000-05-13,0.0,14500,17.817439782058813,8.940559387207031,32.76816940307617,16.504976272583008,14.022757530212402,11.887937743190657,
2000-05-18,0.0,16500,1.4259369018103438,5.315679550170898,0.0595544874668121,0.4985646605491638,0.2420993447303772,3.5741245136186777,
2000-05-19,0.0,16600,8.675558320092604,8.011946678161621,10.201112747192385,7.064521312713623,3.205024242401123,9.153891050583654,
2000-05-20,2.0,18500,12.750774393317354,13.505087852478027,10.437304496765137,7.467309951782227,3.6543898582458496,11.994357976653696,
2000-05-21,2.0,19600,16.94444169434425,14.027711868286133,29.35606002807617,13.605389595031738,16.30023956298828,21.30642023346304,
2000-05-22,2.0,26700,15.807956026676491,11.33144474029541,34.859493255615234,11.211212158203123,20.95319175720215,15.660311284046704,
2000-05-23,0.0,25700,11.729862324435382,5.468957424163818,34.69900894165039,10.689352989196776,20.546384811401367,12.81984435797666,
2000-05-31,0.0,20600,17.54592542347443,15.60643482208252,6.788684844970703,13.5142183303833,15.1828031539917,13.02879377431907,
2000-06-10,0.0,22000,9.99496749651184,14.753028869628906,8.622766494750977,14.920677185058594,13.849611282348633,12.201945525291835,
2000-06-11,2.0,20500,15.418286803128185,38.85292053222656,14.268528938293455,21.95902633666992,21.74183654785156,24.343968871595333,
2000-06-12,2.0,27100,45.92003256432983,55.0108642578125,82.24530792236328,79.49134826660156,68.77947998046875,65.93229571984439,
2000-06-13,3.0,36500,62.86100004781501,55.588134765625,78.2244873046875,69.51248168945312,64.98091888427734,60.33268482490274,
2000-06-14,3.0,30100,61.15588916773351,39.456298828125,75.31172180175781,70.2794418334961,68.72266387939453,58.86108949416344,
2000-06-15,3.0,36300,42.76288912572807,19.58854866027832,9.129719734191896,11.084773063659668,17.862680435180664,16.074513618677038,
2000-06-18,0.0,26900,0.5892523904791793,7.198328971862793,1.5760176181793213,0.2921173274517059,0.1025988534092903,5.848249027237356,
2000-07-26,3.0,19200,0.6582810714425533,0.7348755598068237,0.9336932897567748,0.6163520812988281,0.2098716795444488,1.0826848249027246,
2000-07-27,3.0,17300,1.0581013354938922,2.2851266860961914,2.532132625579834,2.093247890472412,4.130218029022217,2.570428015564203,
2000-07-28,3.0,15000,1.83605544716004,7.848855018615723,3.1205286979675293,2.7593801021575928,4.665038108825684,7.358171206225681,
2000-08-04,0.0,16800,0.0,0.0,0.0754277408123016,0.0003033885732293,0.77390056848526,0.3254863813229572,
2000-08-24,0.0,10400,0.1327514337172311,0.0,0.000622113875579,7.764191832393408e-05,0.015704097226262,0.0011673151750972,
2000-08-28,1.0,9590,3.4179407271303246,1.0267267227172852,1.4585533142089844,0.9017056822776794,2.09154748916626,3.147665369649808,
2000-08-29,1.0,9910,1.678009558781798,5.714807510375977,1.9281197786331177,4.519893169403076,3.477139472961426,3.421400778210119,
2000-09-05,0.0,6660,4.137487564257962,3.553772449493408,30.853891372680664,10.062093734741213,31.510160446166992,3.1852140077821014,
2000-09-09,2.0,11600,31.605581292174275,46.77569580078125,27.23699760437012,23.95014190673828,30.87088203430176,31.91322957198444,
2000-09-10,2.0,14000,48.733470406860505,44.64938354492188,34.486297607421875,42.75328063964844,50.11262512207031,41.38929961089494,
2000-09-14,1.0,10600,0.3408910136847501,0.0,0.2340824753046035,0.0001296048576477,0.232994332909584,0.0212062256809338,
2000-09-15,1.0,10600,0.2559789672006904,0.0,2.6274356842041016,0.0080780107527971,1.440872073173523,0.0048638132295719,
2000-09-17,3.0,8920,0.0941739961467986,1.2014490365982056,2.680907726287842,0.0890884101390838,1.757409691810608,0.0622568093385214,
2000-09-18,3.0,10600,1.2539426395509314,5.129739761352539,0.7505214214324951,3.159853219985962,9.294334411621094,4.270428015564202,
2000-09-19,3.0,12600,7.461973242110877,6.007566928863525,0.6372031569480896,4.813977718353272,10.99526309967041,6.242996108949416,
2000-09-20,1.0,12300,7.532835575106223,6.626535415649414,0.7345690131187439,5.708250999450684,11.76811408996582,8.167509727626458,
2000-09-21,0.0,11200,7.863761003455949,2.7361128330230717,0.1424770206212997,3.530519485473633,3.741790771484375,6.682101167315176,
2000-09-23,0.0,7340,1.6909407253709248,0.0378679633140563,0.0097939679399132,0.9009816646575928,0.7224093079566956,2.730933852140079,
2000-09-27,0.0,8120,0.0155430211922435,0.0,0.0,0.0,0.0,0.0,
2000-09-28,3.0,8000,1.8876099438100689,8.847297668457031,0.0025282730348408,0.0,0.0044297589920461,0.0682879377431905,
2000-09-29,3.0,8160,10.977093683980204,33.347320556640625,20.757678985595703,20.74959754943848,16.668865203857422,23.214396887159545,
2000-09-30,3.0,12100,37.34773805645766,57.424072265625,57.35639572143555,68.37300109863281,46.576446533203125,62.61206225680933,
2000-10-01,3.0,21000,69.48836135858781,48.674293518066406,66.1550521850586,68.39335632324219,46.7972412109375,62.6941634241245,
2000-10-16,3.0,7420,3.752814530541437,23.007566452026367,8.285372734069824,21.416709899902344,44.20658874511719,19.78657587548636,
2000-10-17,3.0,10100,27.562372824730502,36.74697113037109,13.593503952026367,32.55387878417969,66.48445892333984,33.04046692607001,
2000-10-18,3.0,12500,44.98556403601391,45.29207611083984,35.80559539794922,47.81977844238281,85.65876770019531,49.97470817120622,
2000-10-19,3.0,14600,59.14017969107765,43.96432113647461,32.87127685546875,32.450767517089844,51.45814895629883,42.64591439688719,
2000-10-20,3.0,15600,52.058126163756185,55.28839874267578,87.01289367675781,56.6633415222168,81.07682800292969,67.12665369649807,
2000-10-26,0.0,12000,1.6752868058735568,2.3490068912506104,0.5349754095077515,5.531046099349624e-06,0.4753986895084381,0.3492217898832685,
2000-10-27,1.0,11500,8.01310136316395,11.157679557800291,0.5401206016540527,0.0310123767703771,2.004592180252075,0.8468871595330745,
2000-10-28,1.0,11400,13.655034453683331,21.120664596557617,14.398112297058104,17.544504165649414,15.194945335388184,22.04046692607004,
2000-11-02,0.0,9920,4.60122753288036,5.2578887939453125,6.575466156005859,3.161045789718628,4.526946067810059,6.249416342412451,
2000-11-03,1.0,9840,6.323372840097826,10.475790023803713,1.4401957988739014,0.0639875531196594,0.762503445148468,0.0826848249027236,
2000-11-04,1.0,10400,8.119992344973415,27.1685791015625,23.4014892578125,21.19746780395508,21.47638702392578,40.47782101167316,
2000-11-05,0.0,12900,25.775717000665107,28.888526916503903,27.357812881469727,21.615062713623047,23.46324920654297,41.90661478599223,
2000-11-17,0.0,10400,1.4850726674616257,2.485487937927246,0.0001922113006003,0.0,0.0008523123688064,0.635408560311284,
2000-11-20,0.0,10000,5.387952195089151,3.095427989959717,0.8408167958259583,0.0145529918372631,0.1038444712758064,1.2087548638132293,
2000-11-23,1.0,7780,1.6610611842225804,11.545686721801758,15.641357421875,7.944680213928223,12.383922576904297,15.940661478599212,
2000-11-24,0.0,7140,15.417248526557364,13.165040016174316,21.845603942871094,12.239191055297852,19.83776092529297,18.229182879377426,
2000-12-02,0.0,8980,24.5244531541151,18.095876693725582,45.842552185058594,30.88719940185547,33.68181610107422,28.10291828793773,
2000-12-03,0.0,8920,16.63664816730223,12.22610092163086,22.13762092590332,13.344343185424805,22.177608489990234,18.27081712062256,
2000-12-16,2.0,7940,38.57172085897464,72.97712707519531,78.0443344116211,65.59756469726562,77.70343017578125,56.931906614786,
2000-12-24,0.0,8530,28.547856597201346,22.092626571655277,26.862855911254883,24.845094680786133,33.69697952270508,21.02159533073929,
2001-01-04,3.0,8320,16.733166363950815,35.86919021606445,34.11583709716797,8.89476203918457,25.656164169311523,25.81400778210116,
2001-01-05,3.0,15100,44.23445125767337,51.479888916015625,92.43826293945312,54.93618774414063,71.81436157226562,62.99202334630351,
2001-01-07,1.0,13200,43.81880113963184,17.7656192779541,66.3636245727539,47.44658660888672,50.5560417175293,38.30486381322958,
2001-01-08,1.0,11000,17.569355632340756,6.046669006347656,12.312507629394531,8.971017837524414,13.564383506774902,10.544941634241235,
2001-01-14,0.0,8680,5.7357629021468535,5.431705951690674,2.9312922954559326,2.9247117042541504,7.151918411254883,6.289494163424124,
2001-01-21,0.0,9030,22.158189310052745,27.956134796142575,66.98846435546875,34.81555938720703,51.76049423217773,30.65486381322959,
2001-01-22,0.0,9370,33.40013767257096,22.937477111816406,40.56363296508789,23.243446350097656,35.806541442871094,24.05525291828796,
2001-01-23,0.0,8960,26.672875712059632,15.898242950439451,34.05821228027344,21.58922004699707,25.525318145751957,22.946108949416363,
2001-02-01,1.0,9300,47.72011087256453,30.885028839111328,36.19239044189453,28.060636520385746,40.3312873840332,23.414980544747078,
2001-02-02,1.0,9180,35.16205160673993,24.607555389404297,54.10276794433594,33.24188995361328,46.291648864746094,35.24727626459143,
2001-02-06,0.0,9710,37.42000187204057,21.380285263061523,40.90989303588867,30.03500366210937,33.97075271606445,33.44435797665369,
2001-02-12,0.0,8660,0.1443193117118784,0.0056002107448875,2.303903818130493,0.091662585735321,0.4390203058719635,1.1799610894941632,
2001-02-22,0.0,8250,4.05380114510074,4.188441276550293,4.244102954864502,2.982429981231689,8.514841079711914,6.4920233463035,
2001-02-25,0.0,7380,5.228684512980017,3.138810873031616,5.8807759284973145,7.838827610015869,8.096834182739258,9.782490272373536,
2001-02-28,0.0,6200,0.110843213101231,0.0,0.3892070949077606,0.0008584739989601,0.0204355679452419,0.1731517509727626,
2001-03-01,0.0,5750,3.977594644300253,11.800040245056152,6.115498065948486,2.7174315452575684,8.280378341674805,10.747665369649791,
2001-03-04,0.0,5610,19.56662525026413,7.624758720397949,29.299949645996094,20.644235610961918,24.45187187194824,13.606031128404666,
2001-03-15,0.0,6690,21.770978989296843,21.153270721435547,42.74956130981445,22.393644332885746,23.54463577270508,24.323929961089497,
2001-03-18,1.0,6960,22.25127918551672,36.77946472167969,40.23781967163086,27.50275039672852,29.97567749023437,41.77840466926072,
2001-03-19,1.0,13400,42.451110945811074,38.05548095703125,61.95184326171875,43.65338134765625,45.37798309326172,45.81556420233465,
2001-03-24,1.0,7670,1.6009043959658558,3.381273031234741,1.51491117477417,0.001772959367372,0.0097717940807342,1.177237354085603,
2001-03-25,1.0,8470,4.692466538102075,10.530773162841797,12.500357627868652,8.579795837402344,10.18309211730957,17.621595330739304,
2001-03-27,1.0,9230,20.9973135828922,27.28939437866211,23.57482147216797,29.14115524291992,29.03873443603516,38.69007782101168,
2001-03-28,1.0,9150,35.619900570534185,26.23935317993164,31.18037796020508,34.984127044677734,33.99632263183594,31.883852140077817,
2001-04-02,0.0,10200,27.96328873923458,17.745973587036133,17.2486629486084,20.955360412597656,21.655012130737305,25.58015564202333,
2001-04-14,0.0,6860,8.706344174329782,7.35628604888916,10.79481315612793,11.441555976867676,8.775250434875488,12.574319066147863,
2001-04-15,0.0,6430,9.101984710738876,1.5249829292297363,9.98697280883789,10.827587127685549,8.113547325134277,8.981128404669263,
2001-04-16,1.0,6340,2.7281912090971328,6.365713119506836,2.0324020385742188,0.2416998744010925,0.1926877945661544,0.3480544747081707,
2001-04-17,1.0,7350,7.46237093828802,12.160408020019531,20.108619689941406,11.568511009216309,9.030298233032228,16.699221789883264,
2001-04-22,0.0,7600,2.2360650068865717,7.781342029571533,3.506264925003052,6.61906099319458,7.598097801208496,9.950778210116736,
2001-05-10,0.0,12200,0.3249866151087071,0.1153221800923347,7.399434089660644,0.3111386895179748,1.3772178888320925,0.3717898832684827,
2001-05-11,0.0,12200,0.2457093690258467,0.2680010497570038,0.080388993024826,9.943140321411192e-05,0.0896319970488548,0.0,
2001-05-19,1.0,12600,12.24920842949796,10.863042831420898,3.988561630249024,4.80647087097168,6.7402448654174805,10.362840466926068,
2001-05-20,1.0,12400,9.879466547853989,8.101122856140137,2.482332706451416,3.651698589324951,5.510147571563721,10.137548638132296,
2001-05-21,1.0,11300,6.7982848973441286,4.93782377243042,2.3868892192840576,3.27677059173584,4.1899261474609375,10.123346303501943,
2001-06-11,0.0,17300,28.12850473738537,33.87279510498047,24.610746383666992,38.83595275878906,37.89579391479492,22.0455252918288,
2001-06-12,0.0,19300,41.98246843203988,37.37907028198242,34.18748474121094,41.87886047363281,43.525482177734375,30.357198443579783,
2001-06-17,0.0,13100,1.5105009547371977,0.4801431000232696,0.8007044792175293,0.9132151007652284,0.6907797455787659,1.1597276264591436,
2001-06-19,0.0,13100,0.0849464627774788,0.0024219260085374,0.1057730764150619,0.5446435809135437,0.0452455393970012,0.056420233463035,
2001-06-23,0.0,17000,0.0014856596854399,0.0251627340912818,0.0164166800677776,0.0019338496495038,0.1809648722410202,0.0,
2001-06-27,2.0,12100,5.961223706944951,9.591092109680176,16.46912956237793,21.14846992492676,17.504806518554688,31.480350194552518,
2001-06-28,2.0,15700,12.641323130770122,10.1259765625,17.015993118286133,20.885034561157227,15.349191665649414,36.87529182879376,
2001-07-28,0.0,9340,7.417173985062865,16.344024658203125,13.965662002563477,18.09584045410156,13.1342191696167,22.20680933852142,
2001-07-29,0.0,11300,15.56435180507978,17.89029312133789,14.98699188232422,18.652433395385746,14.98764991760254,22.66634241245138,
2001-07-30,0.0,9350,14.633592725797987,14.27485466003418,18.43483161926269,18.90325927734375,20.2590389251709,22.15525291828796,
2001-08-01,2.0,9470,0.2142887181670531,0.0430886670947074,4.410389423370361,0.3933086395263672,5.4529290199279785,0.0908560311284046,
2001-08-02,2.0,10100,0.3578202669407698,0.3143786191940307,2.060649871826172,0.2352126240730285,1.2945479154586792,0.3295719844357975,
2001-08-03,2.0,9640,1.134883367314705,2.1539814472198486,5.703123569488525,2.758610248565674,4.031180381774902,3.2087548638132297,
2001-08-05,1.0,7970,4.217843217702438,4.26186466217041,6.859509944915772,4.392458915710449,4.726881980895996,5.096887159533072,
2001-08-06,1.0,8870,6.480841295541902,2.422261953353882,3.325136661529541,2.1044764518737797,3.3688974380493164,2.9896887159533043,
2001-08-08,0.0,11000,3.0549024784515466,0.0,0.7101549506187439,0.4360993802547455,1.5766408443450928,0.7745136186770423,
2001-08-13,0.0,8960,0.0,0.0,0.8184562921524048,0.3371962308883667,1.8840566873550413,0.0,
2001-08-18,0.0,9310,0.067378585060558,0.0,0.0116425193846225,0.0697709247469902,0.2256053537130355,0.02568093385214,
2001-08-21,2.0,9120,6.630424457522738,22.88011360168457,3.254795789718628,7.793150424957275,13.350516319274902,14.362062256809336,
2001-08-22,2.0,11500,37.453625257157256,53.61674880981445,42.29475402832031,55.16134643554688,59.61028671264648,66.80155642023352,
2001-08-27,0.0,12300,0.3045793498808831,0.0,0.0200108420103788,4.637650999939069e-05,0.0118744522333145,0.0,
2001-08-31,1.0,10700,1.0768565946662831,4.383752822875977,1.3290854692459106,0.4072589874267578,1.420085072517395,0.054863813229572,
2001-09-01,1.0,10600,4.847965580979976,9.938884735107422,6.681224346160889,7.0834808349609375,11.642983436584473,5.592023346303492,
2001-09-02,1.0,11000,11.12381643487517,11.730822563171388,6.799284934997559,7.087828636169434,11.657475471496582,5.5926070038910405,
2001-09-03,1.0,9650,10.59257169451496,8.024778366088867,7.929059982299805,10.37509822845459,12.761646270751951,6.742412451361857,
2001-09-16,0.0,6840,6.692160506791526e-05,0.0,0.0043822550214827,1.4084348549658898e-05,0.0601564943790435,0.0,
2001-09-21,1.0,6370,1.638936903455471,4.018764495849609,1.137090802192688,3.670006275177002,7.369294166564941,3.959143968871596,
2001-09-22,1.0,6030,4.061357559191498,3.9837350845336914,0.6841495633125305,3.351562976837158,7.595141887664795,3.9038910505836575,
2001-09-25,0.0,7080,0.4494340336108295,8.447759628295898,9.41623306274414,1.7157446146011353,0.6111388206481934,2.2926070038910504,
2001-10-04,0.0,6980,0.0645812619668939,0.0,0.002920807339251,1.467405468247307e-07,0.000141610900755,0.0,
2001-10-10,1.0,6510,13.971674951109245,28.816967010498047,32.668643951416016,29.673179626464844,23.1450252532959,22.940466926070044,
2001-10-12,3.0,8350,43.40015865983014,43.573974609375,58.95207977294922,53.01533508300781,54.56861877441406,51.37976653696499,
2001-10-13,3.0,9720,56.13825809903177,33.81441116333008,38.92462158203125,35.31105041503906,46.02278137207031,42.06964980544749,
2001-10-14,2.0,9140,40.2580306207929,30.05406188964844,25.478504180908203,40.01750183105469,44.51398086547852,41.34980544747084,
2001-10-18,2.0,9940,19.69676289046014,31.77342987060547,19.58296203613281,16.705698013305664,20.152721405029297,24.43210116731517,
2001-10-19,2.0,10900,31.11867690730277,31.766143798828125,31.300762176513672,29.998584747314453,36.53631591796875,30.74863813229571,
2001-10-22,2.0,11400,43.65486806769384,53.40025329589844,33.49957275390625,43.47124481201172,27.942516326904297,53.186381322957175,
2001-10-23,2.0,21500,69.85856205465858,72.9255599975586,87.62257385253906,91.80463409423828,75.63888549804688,91.05603112840464,
2001-10-25,2.0,18600,90.21371883165313,50.42720413208008,83.9109878540039,77.9640884399414,79.03538513183594,80.42412451361868,
2001-10-26,2.0,17600,66.80096174540073,40.63419723510742,44.8309326171875,31.887195587158203,34.9431266784668,53.83073929961089,
2001-10-27,2.0,20400,52.239592701253656,30.90115737915039,48.92295837402344,30.790367126464844,30.775827407836918,46.63618677042799,
2001-11-04,1.0,15500,12.008929232937636,12.072221755981444,13.791620254516602,9.31363010406494,12.39659309387207,10.734435797665371,
2001-11-11,2.0,11300,0.7503996175301153,2.53855562210083,0.7900915145874023,0.0003770255425479,0.0184692069888114,0.0608949416342412,
2001-11-12,2.0,9840,5.284904397207617,12.668195724487305,11.389375686645508,2.452711820602417,5.604048728942871,5.749610894941631,
2001-11-13,4.0,12600,24.189390102589243,55.1864013671875,21.469959259033203,17.374101638793945,15.84385871887207,45.58929961089492,
2001-11-14,4.0,28000,76.04789867552343,102.4849090576172,81.03436279296875,107.2347412109375,95.00418090820312,132.51673151750967,
2001-11-15,4.0,63800,132.4797898063696,115.5121612548828,115.55377197265624,146.95480346679688,142.7021942138672,161.73891050583651,
2001-11-19,4.0,20800,13.430854675094029,35.97367858886719,3.993654489517212,16.311328887939453,19.29193687438965,23.7671206225681,
2001-11-20,4.0,27800,45.29279925587968,55.71263885498047,35.86863327026367,37.8557014465332,38.25366973876953,42.66809338521401,
2001-11-21,4.0,28100,65.82508412146665,56.77616500854492,63.12587738037109,66.2929916381836,58.83136749267578,59.80058365758753,
2001-11-25,0.0,18300,25.460357560339677,14.684089660644531,16.23752212524414,10.1487455368042,12.312651634216309,14.74066147859924,
2001-11-27,0.0,16700,10.57192542946681,18.949586868286133,12.060591697692873,7.051481246948242,6.165051460266113,8.425486381322957,
2001-11-28,1.0,15900,22.049126191858925,35.94416809082031,33.93006896972656,34.39241409301758,31.03311920166016,32.9385214007782,
2001-12-01,1.0,17400,69.95136517821945,65.09271240234375,84.87271118164062,79.29815673828125,77.65423583984375,87.8145914396887,
2001-12-03,0.0,18500,64.33342644954047,46.7407112121582,65.8722915649414,53.02180099487305,63.348663330078125,71.2566147859922,
2001-12-08,1.0,15500,45.68724666567195,47.76852416992188,71.22280883789062,42.629425048828125,85.48568725585938,65.24357976653695,
2001-12-11,0.0,14800,29.830344190269024,12.85744571685791,35.02968978881836,20.967153549194336,39.512962341308594,11.54610894941634,
2001-12-12,1.0,13800,9.433772459522023,28.1738338470459,33.415306091308594,20.52352905273437,34.02496337890625,26.08677042801557,
2001-12-13,1.0,17800,34.17891009977038,66.4593276977539,56.3304443359375,73.77532958984375,66.308837890625,75.22723735408563,
2001-12-14,1.0,32300,85.63461951252134,84.22611999511719,86.35694122314453,103.2043914794922,89.16049194335938,99.70758754863816,
2001-12-15,2.0,25600,95.80832505568036,95.8960418701172,93.11214447021484,106.39910125732422,105.17450714111328,101.5143968871596,
2001-12-16,2.0,29700,108.4678260990584,100.76363372802734,132.19967651367188,113.85606384277344,133.396728515625,123.8501945525292,
2001-12-17,2.0,48400,117.68544751211972,96.94542694091795,130.51788330078125,111.09552001953124,138.16062927246094,106.48346303501948,
2001-12-19,0.0,25200,86.9587820909457,36.29592514038086,59.94411849975586,54.7811279296875,69.1126937866211,27.24299610894941,
2001-12-25,0.0,11000,0.0675965579663782,0.0,0.2558756172657013,0.0003188867995049,0.1773871630430221,0.0,
2001-12-27,1.0,12100,0.7692638609195965,2.5863165855407715,0.1553355902433395,0.0002208338555647,1.8783118724823,0.0968871595330739,
2001-12-28,1.0,12000,3.3023824058700155,6.504461288452148,13.280553817749023,7.85308313369751,10.761340141296388,6.705058365758755,
2001-12-30,0.0,10700,7.088365208172822,4.129486560821533,13.310724258422852,7.858549118041992,8.955667495727539,6.608171206225681,
2002-01-01,2.0,10300,4.009338434191731,,,5.782439231872559,12.391165733337402,,
2002-01-02,2.0,10900,16.52857742856709,,,18.785694122314453,22.73545837402344,,
2002-01-03,2.0,12200,24.41397512757912,21.79599380493164,19.600645065307617,18.48628807067871,25.9129638671875,27.28560311284048,
2002-01-05,1.0,15800,14.264871888447876,11.996192932128906,19.507793426513672,5.374764442443848,19.92378807067871,9.296498054474707,
2002-01-06,3.0,16000,13.443282975372949,53.96183395385742,39.47998046875,20.61107444763184,32.005592346191406,54.89766536964987,
2002-01-07,3.0,35700,62.687252462564444,122.6017608642578,111.67039489746094,115.1389617919922,134.40467834472656,152.04221789883272,
2002-01-08,3.0,73700,137.89297705062845,136.15374755859375,147.68292236328125,149.45797729492188,167.8602294921875,183.7692607003892,
2002-01-12,1.0,27200,8.73405160925335,30.757850646972656,90.67668914794922,25.48653984069824,34.59412384033203,33.4443579766537,
2002-01-23,1.0,18600,44.574952202590886,49.00794982910156,27.580026626586918,40.50926208496094,50.6320915222168,38.83093385214009,
2002-01-24,1.0,20000,57.21595799672216,79.45712280273438,90.86457824707033,77.82103729248047,77.14236450195312,76.79805447470815,
2002-01-25,1.0,26100,92.72898852893545,88.57513427734375,114.5992202758789,107.23123931884766,107.43557739257812,105.43015564202332,
2002-02-14,0.0,12500,4.085097500792861,0.0,0.0587195828557014,0.0129757244139909,0.3398817479610443,0.161284046692607,
2002-02-21,2.0,18000,61.84661757319197,117.60814666748048,74.58551788330078,77.85835266113281,88.66224670410156,119.8910505836576,
2002-02-22,2.0,49700,144.73970164646383,142.92864990234375,109.69287109375,124.88417053222656,142.99868774414062,185.83657587548635,
2002-03-03,0.0,18900,0.1162007643262914,0.1057451590895652,0.0023708241060376,0.0,0.0004172811750322,0.0,
2002-03-06,0.0,16500,8.194351813418036,9.56918239593506,8.384976387023926,5.617521286010742,6.557845115661621,7.190856031128408,
2002-03-11,1.0,14800,39.35078964699714,75.36540985107422,78.58260345458984,77.79367065429688,81.0890884399414,88.66887159533073,
2002-03-26,0.0,13400,1.760265774149884,7.082072734832764,11.90671730041504,6.150314331054688,10.710484504699709,6.708365758754859,
2002-04-12,2.0,25500,64.54071889638485,42.66497039794922,52.03460693359375,38.770263671875,37.66462707519531,39.46206225680933,
2002-04-13,2.0,31100,56.356399608105534,74.42086029052734,64.05501556396484,48.82533264160156,52.11357116699219,103.45622568093384,
2002-04-14,2.0,45400,93.63690237606916,80.23538208007812,97.11634826660156,76.65496063232422,70.84386444091797,139.9791828793774,
2002-04-22,0.0,20400,3.441196938614489,11.533547401428224,4.239860534667969,2.198408603668213,5.446292400360107,11.52684824902723,
2002-05-08,0.0,17500,16.717950297762858,8.107978820800781,10.378698348999023,16.044010162353516,9.04715347290039,6.800389105058362,
2002-05-12,0.0,14700,1.7473135765243042,0.0,0.4317863285541534,0.9798164963722228,1.157466173171997,0.0,
2002-05-14,0.0,19500,11.12553727363319,8.841997146606445,10.514532089233398,10.641383171081545,8.262478828430176,15.145525291828797,
2002-05-15,0.0,19000,14.2031108870569,10.200809478759766,10.581467628479004,10.657293319702148,8.37956714630127,15.145525291828797,
2002-05-24,0.0,22400,7.625569779105104,1.8237693309783936,17.48575210571289,2.2657630443573,13.544066429138184,6.177821011673152,
2002-05-25,0.0,22700,4.156351806473051,2.0064620971679688,5.994333267211914,2.631821870803833,4.663778305053711,4.635992217898837,
2002-05-28,1.0,29200,14.722248543661983,19.02770233154297,12.20383071899414,11.716140747070312,12.921676635742188,21.521595330739306,
2002-05-29,1.0,37100,22.488827869895065,23.94820213317871,20.261451721191406,24.065731048583984,25.051685333251957,28.986964980544748,
2002-06-01,0.0,29100,2.7504990417748445,1.333217740058899,0.5139850378036499,0.4841567277908325,0.088623046875,1.1042801556420254,
2002-06-03,0.0,26900,1.62893116782463,1.3030636310577393,0.0012105334317311,0.040520716458559,0.0479051247239112,0.0,
2002-06-05,0.0,25800,5.487063084820946,13.090678215026855,6.452545166015625,6.3027167320251465,8.931087493896484,8.886186770428022,
2002-06-17,0.0,32800,3.4870497135451703,13.805130004882812,1.1469484567642212,0.157427117228508,5.284637451171875,8.75447470817121,
2002-06-21,0.0,29000,7.462732326094886,0.0,1.8010116815567017,0.4413551092147827,0.7753363251686096,1.284241245136185,
2002-06-25,1.0,32300,0.0,0.0,2.0811047554016118,0.116396352648735,0.0443857163190841,0.0,
2002-06-26,1.0,33400,0.6555047782819565,0.0,0.0359810218214988,0.106331743299961,0.0411520190536975,0.0,
2002-06-27,3.0,38300,2.048267684189779,8.237534523010254,0.553570032119751,0.544834554195404,1.6613388061523438,8.810700389105067,
2002-06-28,3.0,40700,14.286036317349131,26.579910278320312,3.9988648891448975,15.343184471130373,10.645048141479492,28.324513618677045,
2002-06-29,3.0,51300,38.89846652425536,36.24060821533203,30.224788665771484,51.77519226074219,38.99995803833008,37.44280155642024,
2002-07-01,0.0,34600,37.0706405150802,13.372665405273438,27.93223571777344,38.55121612548828,32.06451797485352,14.48599221789883,
2002-07-03,0.0,27700,6.52158316125226,0.923933446407318,0.0325272381305694,0.5649730563163757,0.4866983592510223,1.4011673151750976,
2002-07-06,0.0,23500,2.8902275402732838,1.7749544382095337,1.438912034034729,4.259368896484375,5.0234222412109375,0.6525291828793769,
2002-07-12,0.0,35700,0.2304760996458418,0.0,0.0002500767004676,3.634519316619844e-06,0.0020857052877545,0.0,
2002-07-13,0.0,35800,0.173929254313393,0.0,0.1657979041337967,0.0212801676243543,1.4270403385162354,0.0760700389105058,
2002-07-16,0.0,29100,0.0793537279075887,0.0,0.0070789437741041,0.0005277165910229,0.0489153191447258,0.0,
2002-07-17,1.0,27300,0.0962619499695606,0.0,0.0021646290551871,0.0028819744475185,0.0957249253988266,0.0027237354085603,
2002-07-18,1.0,25400,0.0170726580104575,0.0,0.0365042611956596,0.0135227357968688,0.156042605638504,0.0027237354085603,
2002-07-26,0.0,23200,0.32330210394819,0.0213954448699951,0.1782279759645462,0.4085237085819244,0.2954805195331573,0.0029182879377431,
2002-07-28,3.0,20900,0.8747896765856016,1.3847872018814087,0.17860808968544,1.0889228582382202,1.5038974285125732,0.8000000000000002,
2002-07-29,3.0,20800,2.6540535357121886,3.0412697792053223,0.2468053698539734,1.524561047554016,3.767691373825073,1.099027237354085,
2002-07-30,3.0,20100,3.7235736105218,3.162050008773804,0.2527837753295898,1.5821480751037598,3.922222375869751,2.1867704280155635,
2002-07-31,0.0,17900,3.617208410172419,1.8054218292236328,0.2541230916976928,0.915539026260376,2.7889833450317383,1.4972762645914393,
2002-08-06,0.0,13800,18.31546464815547,13.596538543701172,2.6408824920654297,10.87971305847168,9.709068298339844,19.897470817120613,
2002-08-12,0.0,12100,0.011445506620105,0.0,0.0146843269467353,0.013921276666224,0.0596157759428024,0.0,
2002-08-13,0.0,12400,0.0,0.0,0.0,0.0,0.0,0.0,
2002-08-19,0.0,10700,0.0,0.0,0.3584195971488952,0.0277052875608205,0.3068980276584625,0.0,
2002-08-26,0.0,10700,2.437581264765588,0.0,0.3452357351779938,0.3960996866226196,8.14985466003418,1.2404669260700385,
2002-08-31,3.0,9350,0.0013518164194336,0.0,0.0053540049120783,0.0149768162518739,0.0738917365670204,0.0262645914396887,
2002-09-01,3.0,8310,0.3101376684658126,2.444157361984253,2.443079948425293,0.9715620875358582,1.4725797176361084,0.1276264591439687,
2002-09-02,3.0,9370,2.886615678613265,10.952933311462402,3.27312445640564,3.951955795288086,4.805432319641113,8.547470817120614,
2002-09-07,0.0,8110,2.8823059270477605,4.482626914978027,0.3418535888195038,0.92249596118927,5.498072624206543,1.5815175097276266,
2002-09-08,0.0,7050,3.762057360714429,6.669055938720703,1.3640621900558472,1.491034984588623,5.244246482849121,4.621400778210118,
2002-09-19,1.0,9530,13.81939962259485,7.797734260559082,6.042901515960693,9.407791137695312,7.357879161834717,3.853891050583656,
2002-09-28,0.0,6870,0.6871816435186406,2.362208843231201,0.2045801281929016,0.8049875497817993,0.230489119887352,0.0266536964980544,
2002-09-29,0.0,5400,3.1820305865756584,9.889400482177734,8.20094108581543,3.910998106002808,3.35027813911438,8.447470817120626,
2002-10-01,0.0,5120,13.695380496269182,12.204485893249512,17.567893981933594,11.175369262695312,15.121519088745115,14.33424124513619,
2002-10-04,2.0,5310,14.201873778521588,15.294493675231934,27.19485092163086,13.848834991455078,23.300397872924805,16.641050583657606,
2002-10-05,2.0,5050,13.6777016966057,10.372329711914062,25.74891471862793,14.545333862304688,23.689157485961918,17.69941634241247,
2002-10-06,2.0,4900,9.051998067414832,2.9607112407684326,0.8113251328468323,1.709240436553955,4.229242324829102,2.5501945525291827,
2002-10-07,0.0,4860,1.815883366318943,1.561310052871704,1.1191550493240356,1.5123807191848757,4.059905052185059,1.3612840466926075,
2002-10-14,0.0,5000,0.079353728941526,0.0,0.0004009612894151,4.471875399758574e-06,0.0,0.0116731517509727,
2002-10-20,0.0,4540,0.4327476085922689,0.1001541689038276,2.497835874557495,0.9280693531036376,0.5110698938369751,0.3801556420233469,
2002-11-05,4.0,5120,1.898330782799461,6.108823299407959,0.0038100357633084,0.0106193413957953,0.1870095133781433,0.0939688715953307,
2002-11-06,4.0,5230,6.872661565647044,15.736360549926758,11.390339851379396,12.420351028442385,13.33684253692627,10.160311284046683,
2002-11-07,4.0,5290,21.85637668201216,25.774093627929688,32.237548828125,21.277759552001957,29.24029922485352,19.22354085603112,
2002-11-08,4.0,5440,34.27646078027244,31.31310272216797,45.86495208740234,56.23406219482422,45.40522003173828,40.27431906614783,
2002-11-11,3.0,7560,46.688586980617295,31.8574275970459,50.54676055908203,52.39746856689453,42.10937881469727,34.09727626459146,
2002-11-12,3.0,9200,45.33274762660093,46.81134796142578,63.293113708496094,64.21693420410156,72.22862243652344,65.88579766536968,
2002-11-13,3.0,12700,60.36610136889135,46.17703628540039,65.52145385742188,60.43006134033203,71.10360717773438,62.53968871595333,
2002-11-15,2.0,8650,45.8171663803848,21.53026390075684,25.36681365966797,24.441259384155277,28.97430992126465,27.064980544747087,
2002-11-16,2.0,8730,21.67234993462467,31.83739852905273,33.60549545288086,36.649051666259766,36.582462310791016,49.92801556420231,
2002-11-17,3.0,10800,37.29004014783448,36.2453498840332,47.348331451416016,37.143646240234375,39.28291320800781,48.114591439688695,
2002-11-18,3.0,12000,49.17529256955496,52.8709716796875,67.26553344726562,62.99644470214844,67.9087142944336,71.96984435797665,
2002-11-19,3.0,21100,77.57579730424263,54.670372009277344,96.29692840576172,87.8160629272461,86.67108154296875,73.61361867704284,
2002-11-20,3.0,28800,85.71897897105993,43.76326751708984,75.5081558227539,80.93441772460938,74.69206237792969,62.23579766536969,
2002-11-22,0.0,16400,32.72660230618726,0.2091104686260223,6.412740230560303,4.8295578956604,7.446035385131836,1.1838521400778206,
2002-12-05,0.0,7670,3.023168262243618,1.8420945405960083,3.276846170425415,3.3861069679260254,1.4160548448562622,2.478599221789884,
2002-12-11,3.0,8190,30.92559083813448,49.02386093139648,41.07301330566406,48.634239196777344,51.656715393066406,50.88774319066144,
2002-12-12,3.0,10800,60.61734802032292,65.01252746582031,101.61245727539062,83.24333190917969,91.52328491210938,75.83073929961085,
2002-12-13,1.0,16000,79.01913200441328,66.79032897949219,95.52255249023438,76.29342651367188,79.27535247802734,63.27237354085602,
2002-12-14,2.0,15700,78.50621422390181,79.53327941894531,111.85076904296876,93.85670471191406,83.16798400878906,78.1879377431907,
2002-12-15,2.0,25700,88.09486241367989,77.17472839355469,70.2032470703125,84.19561004638672,57.38826370239258,71.07529182879378,
2002-12-16,1.0,22700,80.56018933465786,83.06084442138672,93.27745056152344,100.64983367919922,61.47882843017578,87.48891050583654,
2002-12-21,0.0,10100,6.264642441385278,0.9371260404586792,1.693963646888733,2.270442008972168,2.683603286743164,1.0433852140077815,
2002-12-25,2.0,7450,10.754302118958089,29.75510025024414,26.538551330566406,25.62506103515625,32.713905334472656,18.914396887159523,
2002-12-26,2.0,8290,31.659227529319185,43.515586853027344,55.49403762817383,47.35668182373047,60.95677185058594,26.892801556420217,
2003-01-01,4.0,10100,30.281409146338987,,,41.3845329284668,40.0952377319336,,
2003-01-02,4.0,14400,60.87511279847095,,,72.65657806396484,74.2423095703125,,
2003-01-03,4.0,23600,79.96501148764193,74.26493835449219,88.70744323730469,91.02320098876952,93.95783233642578,149.50136186770428,
2003-01-04,1.0,22400,80.61602299399367,69.80909729003906,113.90579986572266,99.0145034790039,101.91163635253906,95.2083657587548,
2003-01-07,0.0,17100,28.63137286974395,0.2620305120944977,11.078782081604004,9.968609809875488,5.729166507720947,0.2836575875486383,
2003-01-08,0.0,15100,0.8098451244154229,0.0,0.0003085531643591,0.0002973288937937,0.0010519222123548,0.0108949416342412,
2003-01-10,0.0,16900,0.1973193124721065,0.0,0.0003085531643591,1.808251568036212e-06,0.0010553476167842,0.0,
2003-01-11,1.0,15900,4.967537282243768,13.565353393554688,0.7979638576507568,1.6349351406097412,1.7618632316589355,5.726653696498051,
2003-01-12,1.0,16900,19.338806863725285,26.7418212890625,31.748741149902344,37.24412155151367,29.588747024536133,36.440856031128405,
2003-01-19,0.0,13500,0.18725621467523,0.8545497059822083,0.0438489243388175,0.0086137996986508,0.007861235179007,0.2861867704280158,
2003-01-22,2.0,16000,29.50705352840308,55.1024169921875,24.536720275878903,40.1973991394043,35.11910629272461,60.626848249027226,
2003-01-23,2.0,22200,65.03161943306253,67.09204864501953,59.91844940185547,71.00507354736328,59.5932502746582,87.4830739299611,
2003-01-25,2.0,21600,69.68076470636728,52.6968994140625,50.22454452514648,50.398563385009766,51.47323989868164,42.60466926070042,
2003-01-26,2.0,32200,63.37950280542356,70.19560241699219,101.217041015625,86.77024841308594,82.83324432373047,71.18891050583662,
2003-01-28,0.0,33600,74.94544934086773,45.41869354248047,96.88595581054688,84.27001953125,70.49613189697266,65.86906614785994,
2003-01-30,1.0,27200,43.201502864654834,48.425872802734375,28.068523406982425,28.481334686279297,22.77253532409668,55.79630350194552,
2003-01-31,1.0,32500,64.81419885357067,62.49448394775391,72.79235076904297,49.17335510253906,59.94291687011719,83.23210116731512,
2003-02-10,0.0,16500,0.2118279162616723,0.0,0.0636572316288948,0.0050265314057469,0.0959320068359375,0.0120622568093385,
2003-02-13,0.0,14700,0.150095601801415,0.1139807626605033,1.0840249160537496e-06,3.279329393990338e-05,0.0033513284288346,0.8809338521400782,
2003-02-17,0.0,11500,25.06630974341683,29.496736526489254,39.32027053833008,31.95994758605957,33.090293884277344,38.00038910505833,
2003-02-20,0.0,13100,19.694474140080416,25.863994598388672,33.204551696777344,38.96621322631836,41.34311676025391,27.88540856031129,
2003-03-01,0.0,9770,3.00736710810513,3.842662811279297,3.277505397796631,2.204979658126831,5.736087799072266,3.3807392996108963,
2003-03-04,0.0,10900,4.703288727571714,13.07662582397461,3.4740874767303467,3.9276492595672607,6.837613105773926,3.805252918287939,
2003-03-08,0.0,11600,52.9464990206768,42.63360977172852,44.71073532104492,34.70809555053711,49.87810134887695,42.1694552529183,
2003-03-12,4.0,23100,69.76172658423565,82.32769775390625,66.11983489990234,66.13410949707031,90.37342834472656,83.8441634241245,
2003-03-13,4.0,41000,102.40673242875484,107.28482055664062,123.29398345947266,106.31993865966795,122.81593322753906,136.42392996108947,
2003-03-14,4.0,45200,127.06073814573526,93.4561996459961,123.54692840576172,108.08274841308594,112.98580932617188,124.21147859922176,
2003-03-17,0.0,20900,20.865470350376302,15.497309684753418,16.618337631225586,16.712024688720703,18.286453247070312,18.13112840466925,
2003-03-21,1.0,18900,26.65149714315669,41.33825302124024,28.69977569580078,34.95147705078125,34.15488815307617,39.816926070038924,
2003-03-22,1.0,25000,56.3250669101912,63.93049621582031,71.71263122558594,86.29219055175781,86.42731475830078,83.6192607003891,
2003-03-29,1.0,13200,15.318021039846425,2.1847496032714844,10.870500564575195,5.2803449630737305,6.8031182289123535,2.7756809338521387,
2003-03-30,1.0,12100,4.64895601934699,22.29094696044922,52.11085510253906,1.5352649688720703,4.305288791656494,14.876459143968871,
2003-03-31,1.0,19300,24.019699795032277,29.689453125,71.97705078125,22.99300193786621,23.0700798034668,27.37237354085603,
2003-04-06,0.0,16200,21.935925447269845,14.163472175598145,17.600482940673828,15.370933532714844,10.587507247924805,13.310894941634237,
2003-04-07,2.0,14600,17.160808815220175,21.51909637451172,24.805389404296875,24.74089813232422,24.04638290405273,12.106031128404666,
2003-04-08,2.0,17200,29.80365011541005,27.240779876708984,42.52977752685547,25.221923828125,28.416961669921875,15.23910505836577,
2003-04-09,2.0,19900,33.0354780049382,26.613426208496094,55.2410888671875,29.764314651489254,41.61934661865234,19.13910505836577,
2003-04-10,0.0,19800,31.015426388809928,18.48601722717285,45.03897857666016,20.84950256347656,26.11874008178711,19.57276264591441,
2003-04-13,0.0,18000,12.334017195589272,18.653156280517575,12.37911605834961,18.86112594604492,31.272708892822266,25.08618677042802,
2003-04-18,0.0,17100,18.013535379147893,12.876452445983888,20.50342559814453,17.96341896057129,22.32463264465332,15.009533073929967,
2003-04-25,0.0,17500,24.984992393165832,24.777307510375977,17.522859573364258,24.135099411010746,17.001121520996094,37.6704280155642,
2003-04-27,0.0,15700,17.32236523723878,0.8061784505844116,5.403610229492188,6.315839767456055,8.814589500427246,3.3270428015564173,
2003-05-08,0.0,12200,3.100875721483119,0.2625932097434997,3.331022262573242,6.762848854064941,3.912002086639404,0.6114785992217899,
2003-05-20,0.0,10800,7.888369033085298,4.367400169372559,2.0885820388793945,6.975893974304199,2.539437055587769,2.1608949416342416,
2003-05-22,3.0,11300,6.31324473146619,8.38984489440918,0.8127350807189941,11.3181734085083,6.89194393157959,8.95856031128405,
2003-05-23,3.0,13800,8.988244725245249,6.591257095336914,0.9488959312438964,11.113765716552734,8.783419609069824,8.466536964980547,
2003-05-24,3.0,18500,7.501611842549928,6.749441146850586,2.092336893081665,5.6843581199646,8.21339225769043,8.59377431906615,
2003-05-25,3.0,24700,7.579831736920229,4.452164173126221,3.259742498397827,2.831629753112793,5.42020845413208,4.975097276264592,
2003-05-28,0.0,20100,1.048548757582529,0.0,0.1760839968919754,0.063137948513031,0.2165393233299255,1.6533073929961122,
2003-05-31,0.0,21500,1.3194474185087737,1.1419384479522705,3.3809750080108643,4.569986820220947,1.048912525177002,2.665369649805448,
2003-06-03,0.0,19100,0.1546061190117211,0.0530952364206314,0.9362202286720276,0.9852185249328612,0.2506171762943268,0.1186770428015563,
2003-06-10,0.0,23500,0.2723193125679989,1.735358953475952,0.0579477325081825,1.1187800168991089,0.2153309881687164,5.091828793774322,
2003-07-04,0.0,12800,0.3738546854539028,0.0305679198354482,0.0747381672263145,0.0200961641967296,0.0596014522016048,0.0,
2003-07-07,0.0,12000,0.1707743776480918,0.0609816908836364,0.919771671295166,0.2317041605710983,0.4195382297039032,0.9194552529182876,
2003-07-11,0.0,12600,0.0720745695469523,0.0,0.0545112378895282,0.0023824872914701,0.0069038234651088,0.0,
2003-07-19,0.0,11200,0.0,0.0,0.0012987619265913,6.699331424897537e-05,0.003805355168879,0.0,
2003-07-31,0.0,9830,0.0,0.0,0.0,4.472382715903223e-05,0.0,0.0,
2003-08-10,0.0,9400,1.1272906283997124,2.207937240600586,1.979832649230957,0.1717023849487304,1.4309982061386108,7.62490272373541,
2003-08-16,0.0,7800,0.0235143405370624,0.0,0.1459912359714508,0.5354668498039246,1.1846020221710205,0.5992217898832686,
2003-08-19,0.0,8220,0.0363288720569753,0.0,0.0029158869292587,0.004667452070862,0.0653586834669113,0.0,
2003-08-28,0.0,8610,0.0616290632835242,0.0367004945874214,0.1972159594297409,0.3068855404853821,0.932582437992096,0.0,
2003-09-10,2.0,7240,8.398831746549867,11.648550033569336,2.377326011657715,5.368684768676758,6.419807434082031,11.4396887159533,
2003-09-11,2.0,7240,14.622005729571011,14.514801025390623,10.82476043701172,13.45157241821289,20.06521797180176,8.70486381322957,
2003-09-12,2.0,7790,19.338560204368427,14.579042434692385,11.983206748962402,13.467116355895996,20.053735733032227,8.273151750972762,
2003-09-18,1.0,7690,16.2642887238414,15.77757167816162,13.222061157226562,11.768732070922852,22.99538803100586,35.375291828793785,
2003-09-19,1.0,8430,19.141168257869985,11.608412742614746,17.338224411010742,8.009580612182617,18.9435977935791,22.408754863813225,
2003-09-21,0.0,8690,11.656460801345148,1.8247452974319456,10.942779541015623,3.576003074645996,7.556555271148682,7.539494163424122,
2003-09-24,0.0,7540,0.0726845132424736,0.0,0.3690122663974762,0.0488281026482582,0.0785076543688774,0.0011673151750972,
2003-09-29,0.0,7510,0.086629063151661,0.0,0.0,0.0,0.0,0.2344357976653697,
2003-10-02,0.0,6390,0.0005066921695422,0.0,4.2284891144106496e-09,0.0006162113859318,0.0177244171500206,0.1441634241245136,
2003-10-06,1.0,5790,1.9266290681086744,10.653223037719728,0.0075907544232904,0.2002045810222625,2.329773426055908,4.4984435797665405,
2003-10-07,1.0,6670,16.439726566105197,20.886499404907227,15.229228019714355,17.561267852783203,19.58854484558105,25.923346303501955,
2003-10-08,1.0,8290,25.881546828740884,39.70428085327149,21.217872619628903,27.402502059936523,34.29255676269531,42.86653696498053,
2003-10-11,1.0,7660,39.38568455180226,24.537811279296875,25.703536987304688,32.64823913574219,38.19202423095703,20.41653696498055,
2003-10-12,1.0,8510,33.4727056011672,47.31636047363281,55.57888412475586,61.44524002075195,67.47673797607422,58.43988326848251,
2003-10-13,1.0,18400,59.32042835357561,47.64056396484375,60.638648986816406,63.76972961425781,64.01947784423828,60.43249027237356,
2003-10-15,5.0,12100,40.08716061764578,27.66501235961914,14.074684143066406,14.949432373046877,12.948025703430176,14.38326848249028,
2003-10-16,5.0,13700,50.26552577526732,109.95996856689452,55.25809860229492,77.23419189453125,75.97008514404297,86.8951361867705,
2003-10-17,5.0,53300,156.276225808621,142.1558837890625,145.0203857421875,159.20706176757812,188.98577880859372,144.7163424124514,
2003-10-18,5.0,67900,183.70736346782735,129.5393829345703,144.63760375976562,152.1730194091797,184.78546142578125,136.50680933852146,
2003-10-19,5.0,34800,151.02593709756337,72.90750885009766,108.69638061523438,96.1002960205078,139.27769470214844,72.99435797665367,
2003-10-20,5.0,47300,91.16778002445672,147.3050079345703,32.05229949951172,118.0414047241211,121.7222671508789,176.400972762646,
2003-10-21,5.0,98000,184.9266080882246,157.2429656982422,44.286582946777344,167.56573486328125,176.6739959716797,206.4498054474709,
2003-10-22,3.0,115000,186.2835354121192,140.34214782714844,35.450950622558594,153.7523956298828,157.11605834960938,206.1750972762647,
2003-10-23,1.0,78800,154.83417788153625,41.18092346191406,39.83198547363281,68.84393310546875,77.6427230834961,52.93754863813231,
2003-10-27,3.0,24800,2.900825999617749,9.621179580688477,0.268575519323349,0.0964305400848388,2.351280689239502,0.5544747081712061,
2003-10-28,3.0,24100,14.22226384899514,33.31754302978516,30.89717102050781,34.50322341918945,31.84398651123047,34.500583657587555,
2003-10-29,3.0,31100,41.9856864048193,35.397850036621094,34.37065124511719,37.10436630249024,37.39575958251953,39.32568093385215,
2003-11-06,0.0,12700,0.279684513159333,0.0,2.4640858100610785e-05,0.0,3.3631615224294364e-05,0.0,
2003-11-10,1.0,12700,10.181374772760329,35.49065017700195,5.760829925537109,12.309247970581056,14.770976066589355,40.34669260700394,
2003-11-11,1.0,18700,49.58700764273275,48.65237808227539,38.98018646240234,41.330196380615234,47.82009506225586,63.41673151750978,
2003-11-16,4.0,16800,21.295340373070403,43.29742813110352,31.818004608154297,37.60698318481445,39.83258819580078,46.90077821011675,
2003-11-17,4.0,24300,72.20362714363394,91.57052612304688,76.50407409667969,77.23672485351562,79.89678955078125,84.6787937743191,
2003-11-18,4.0,35400,128.14497702570014,164.87777709960938,149.19943237304688,160.83370971679688,166.02230834960938,181.74922178988325,
2003-11-19,4.0,64500,201.5362599739381,159.81686401367188,178.177978515625,197.6646728515625,203.97146606445312,193.9548638132296,
2003-11-27,0.0,19600,51.96054875280844,42.606327056884766,38.07655715942383,34.94337844848633,38.18798828125,44.298054474708174,
2003-11-28,3.0,20800,58.45427340621629,77.02503967285156,64.22726440429688,68.13716888427734,66.24592590332031,93.43035019455246,
2003-11-29,3.0,33400,90.7868029720165,77.5973892211914,70.44866180419922,77.78904724121094,71.1295166015625,85.24727626459136,
2003-12-02,1.0,20700,10.39088909762349,19.323413848876957,9.379398345947266,7.216672897338867,8.191337585449219,14.723929961089478,
2003-12-03,1.0,22300,22.71719119037425,22.363433837890625,35.68018341064453,26.317981719970703,31.689208984375,17.82607003891049,
2003-12-04,2.0,19400,25.74252580118389,29.31015396118164,32.52962112426758,25.78696632385254,31.60616874694824,25.37392996108948,
2003-12-05,2.0,19900,33.81205737051651,34.89741516113281,54.94667816162109,54.82471466064453,46.55471420288086,33.692217898832666,
2003-12-06,2.0,23100,38.80374959261575,42.07283401489258,56.79761505126953,53.83633041381836,42.21263885498047,51.77062256809333,
2003-12-15,2.0,16600,48.08908419456355,36.04908752441406,38.616302490234375,38.83355712890625,42.04970932006836,40.69221789883267,
2003-12-16,2.0,15400,45.19252775631574,36.5473861694336,44.37185287475586,43.80521011352539,66.77511596679688,47.05914396887159,
2003-12-19,1.0,14500,24.01031929507195,5.812275409698486,12.344653129577637,7.603198528289795,6.840549945831299,3.05603112840467,
2003-12-20,1.0,13700,8.84609752429367,9.698691368103027,11.207120895385742,11.477875709533691,16.198400497436523,12.045330739299605,
2003-12-23,2.0,14300,7.455999994262283,4.117312431335449,8.193867683410645,7.671543121337891,10.480156898498535,2.6638132295719825,
2003-12-24,2.0,13700,6.936814532645071,15.382208824157717,15.078351974487305,14.844278335571287,18.835567474365234,12.671789883268476,
2003-12-26,0.0,13200,29.783728520896545,25.69661521911621,37.06655883789063,33.13789367675781,39.98378753662109,16.571595330739303,
2003-12-28,0.0,12000,31.33110326117712,26.750545501708984,26.06145477294922,31.183521270751957,30.42744827270508,28.402334630350204,
2003-12-29,0.0,12900,27.446925424760337,22.233373641967773,21.29795837402344,28.009546279907227,26.058748245239254,27.915758754863823,
2004-01-02,0.0,10800,11.579351808472683,,,14.41919994354248,19.584251403808597,,
2004-01-07,1.0,13500,15.27971700242214,29.431764602661133,36.05973815917969,28.645353317260746,30.61832427978516,42.70194552529183,
2004-01-08,1.0,17800,40.63221223820375,40.62432098388672,61.29847717285156,46.14793395996094,49.95099258422852,58.34883268482491,
2004-01-09,2.0,18600,50.12878586191606,35.75812911987305,72.35880279541016,47.77426528930664,53.483673095703125,55.68210116731518,
2004-01-10,2.0,18800,44.98366158546784,23.175981521606445,67.77676391601562,33.66284942626953,41.77032470703125,33.029961089494165,
2004-01-13,2.0,18600,11.84946273360891,13.267375946044922,8.353744506835938,3.6221799850463863,10.469223976135254,8.59805447470817,
2004-01-14,2.0,19900,15.904099424125228,29.51773834228516,21.444660186767575,29.6541748046875,27.718719482421875,21.89824902723734,
2004-01-15,2.0,27900,41.04195406001567,37.66329956054688,44.4422607421875,49.908348083496094,48.25196838378906,34.691828793774306,
2004-01-28,2.0,18200,47.69363480527132,47.50094604492188,67.84860229492188,37.97428512573242,57.405540466308594,64.60038910505838,
2004-01-29,2.0,23000,64.69956024472619,65.57357788085938,78.59538269042969,59.51202774047852,82.01298522949219,97.19377431906614,
2004-01-30,2.0,34400,85.38504208661402,72.81549072265625,116.390380859375,98.9706573486328,127.3734130859375,131.02684824902724,
2004-02-02,0.0,22000,37.81120842202686,16.43810272216797,13.41216278076172,19.788719177246094,28.27392578125,17.463618677042806,
2004-02-10,0.0,16200,4.267233272967904,0.1020055413246154,0.3548891246318817,0.2563561201095581,1.3656108379364014,0.7791828793774324,
2004-02-16,1.0,15700,16.930720842638173,23.395286560058597,35.87356948852539,27.44219207763672,18.288890838623047,28.353891050583652,
2004-02-28,0.0,12200,8.604724670733622,6.929811477661133,11.536032676696776,10.66765022277832,10.516332626342772,9.500389105058373,
2004-02-29,0.0,11600,8.614420651922975,4.887915134429932,6.848648071289063,7.836199760437012,9.326452255249023,8.851167315175106,
2004-03-03,0.0,12100,2.957124284817837,14.002401351928713,5.815310001373291,7.654100894927978,7.449341297149658,14.45525291828794,
2004-03-04,0.0,10300,20.40782410148723,25.026256561279297,20.05222511291504,24.899738311767575,28.044946670532227,34.01809338521401,
2004-03-07,2.0,10400,48.21166919522258,53.37525939941406,73.57738494873047,56.4058837890625,65.62168884277344,70.95097276264593,
2004-03-08,2.0,12800,62.20801335721353,40.17663192749024,52.53338241577149,38.47263717651367,50.070011138916016,49.2081712062257,
2004-03-19,0.0,13000,29.91591207571969,31.974485397338867,62.999794006347656,22.88338661193848,42.20899200439453,29.397470817120634,
2004-03-21,0.0,12000,23.07743406192449,6.335285186767578,28.10912322998047,14.021099090576172,17.53271484375,5.355252918287939,
2004-03-28,0.0,14700,33.21906311049288,20.058862686157227,23.793323516845703,35.499942779541016,24.964136123657227,24.732684824902705,
2004-03-29,0.0,13800,23.66245127106989,9.969228744506836,13.0641450881958,18.688936233520508,11.287455558776855,12.491634241245126,
2004-04-13,0.0,17300,1.6624149142666125,7.111720561981201,0.3503358364105224,1.161990761756897,1.037111759185791,1.9836575875486369,
2004-04-18,0.0,11400,6.437250486307512,5.460829734802246,4.464325428009033,9.348212242126465,6.983667850494385,6.1464980544747085,
2004-04-21,0.0,13000,10.114516251765677,6.990893363952637,10.23798656463623,11.411625862121582,11.021899223327637,10.00642023346304,
2004-04-25,0.0,12800,5.616875718193027,3.8692681789398193,4.226798057556152,4.811990261077881,4.898111820220947,5.456420233463041,
2004-04-28,0.0,16100,5.4797896720278905,6.574706077575684,13.102256774902344,9.733144760131836,8.714086532592773,6.736186770428011,
2004-05-01,0.0,13200,0.2074187379866842,0.0,0.0006162726785987,0.0,0.0,0.0,
2004-05-03,0.0,16600,0.090216061336088,3.143160343170166,1.314109206199646,0.532379686832428,1.444618582725525,0.0768482490272373,
2004-05-06,0.0,14000,12.788611857765211,9.85723876953125,6.342963695526123,5.92767333984375,7.727359771728516,10.32412451361868,
2004-05-09,0.0,13200,6.300432125400275,7.003017902374268,4.533539295196533,9.461938858032228,11.558608055114746,11.391634241245132,
2004-05-16,0.0,11600,1.7051892882492572,1.1895112991333008,0.1152421981096267,2.194751739501953,5.475441932678223,1.615369649805447,
2004-05-22,0.0,15500,8.232804953310074,16.65060806274414,19.30180931091309,29.76262855529785,35.47202682495117,18.465369649805456,
2004-05-25,2.0,13100,9.076891002784365,10.596687316894531,3.583772659301758,12.1289701461792,8.758861541748047,12.651361867704283,
2004-05-26,2.0,13700,10.545108985629051,20.880779266357425,22.02888298034668,16.013303756713867,21.433143615722656,28.03385214007784,
2004-06-09,0.0,18200,12.12234608813351,11.573471069335938,3.280445098876953,8.8032808303833,6.906014442443848,8.280933852140077,
2004-06-15,0.0,18300,22.21052390013053,16.542171478271484,24.02228546142578,20.192928314208984,17.026334762573242,19.681906614786005,
2004-06-26,0.0,25600,0.7110688337013589,0.0542337484657764,2.4275288581848145,0.4568453729152679,0.2555552721023559,3.407587548638132,
2004-06-27,0.0,22700,0.7800975151473112,0.0,2.2200841903686523,0.08946493268013,0.2403391450643539,4.2398832684824885,
2004-07-05,1.0,13700,0.5160745677151353,0.2006759345531463,1.1466050148010254,0.9938917756080629,0.7314143180847168,0.5811284046692605,
2004-07-06,1.0,14600,0.4423996168070777,5.957145690917969,1.7105604410171509,2.191017866134644,3.3143198490142822,6.394163424124511,
2004-07-18,1.0,13700,0.0074684512521003,1.161489725112915,2.640077590942383,0.3296167254447937,0.4818768501281738,1.0585603112840465,
2004-07-19,1.0,13700,1.8586883404114984,1.601157307624817,5.530488014221191,1.525665521621704,12.212786674499512,3.9784046692606982,
2004-07-21,0.0,12400,2.366837480427772,0.5663601160049438,4.049653053283691,1.9693175554275515,14.128128051757812,2.956225680933851,
2004-07-29,0.0,11100,0.0046481836164712,0.0,0.0017390237189829,0.0186849720776081,0.0514566823840141,0.0,
2004-08-03,0.0,9550,0.0,0.192015990614891,0.4404066801071167,0.3013089299201965,0.671150803565979,0.476848249027238,
2004-08-06,1.0,9340,4.774598470951357,19.51074981689453,4.162583827972412,15.22323226928711,15.602974891662598,23.19883268482491,
2004-08-11,0.0,11600,0.0115391971573703,0.0,1.047077262228413e-06,0.0001712483644951,0.0003269740554969,0.0,
2004-08-19,0.0,9760,1.6268126163333405,0.0,0.0102188009768724,6.990078449249268,0.0267601981759071,0.0017509727626459,
2004-08-21,1.0,9750,1.2772428270767269,21.146520614624023,0.4680991470813751,17.27840232849121,1.3492237329483032,10.522957198443583,
2004-08-22,1.0,11000,30.07380688548632,32.61689758300781,23.76663589477539,44.47663497924805,35.00672149658203,30.556614785992224,
2004-08-24,1.0,9680,45.28441491019493,54.96517562866211,57.286407470703125,49.85786056518555,85.74314880371094,57.57684824902722,
2004-08-25,1.0,21500,62.389539190479,73.59707641601562,71.67362976074219,63.38685607910156,92.64659118652344,77.00972762645915,
2004-08-26,1.0,29200,86.80954689525574,77.14868927001953,74.19273376464844,71.91419982910156,90.03353881835938,82.94669260700388,
2004-08-28,1.0,12600,39.69883560914062,18.516605377197266,7.281342029571533,13.23206901550293,15.319936752319336,14.011478599221784,
2004-08-29,1.0,12900,11.940078396031394,8.66590404510498,0.59688800573349,3.086428642272949,3.049798011779785,9.215369649805446,
2004-08-30,1.0,11500,9.5014588904405,6.960330963134766,0.3477018177509308,1.59430992603302,1.805351972579956,8.515175097276261,
2004-09-01,0.0,12300,2.198827925735611,25.93356132507324,1.087552547454834,6.733613014221191,6.4180426597595215,11.034241245136188,
2004-09-02,0.0,15400,26.05119693934843,35.009666442871094,12.612910270690918,21.522724151611328,19.95287322998047,17.42918287937743,
2004-09-03,0.0,16000,31.12369788944032,30.623598098754883,18.050046920776367,27.153305053710938,22.200912475585938,17.409143968871593,
2004-09-08,0.0,11400,0.190868069070532,7.91921854019165,0.06065384298563,0.2112864255905151,0.4389639496803283,10.521789883268468,
2004-09-10,3.0,13500,19.556866150984654,44.61167907714844,5.1176533699035645,7.117742538452148,13.097872734069824,28.280155642023335,
2004-09-11,3.0,21000,55.11150477664192,56.813079833984375,28.44010353088379,47.55709457397461,59.93262481689453,50.68852140077821,
2004-09-16,0.0,27500,61.56250288860292,51.97053527832031,29.43406105041504,51.67839813232422,45.33814239501953,68.94455252918289,
2004-10-05,1.0,9500,0.1251089865792307,4.967670440673828,0.0128332171589136,0.0163266919553279,1.4723199605941772,5.07898832684825,
2004-10-06,1.0,8770,5.449808785666037,11.906744956970217,10.94675350189209,11.246783256530762,21.66595268249512,8.739688715953307,
2004-10-07,3.0,8980,9.412718919947224,17.75223159790039,11.778763771057127,11.252504348754885,21.69047164916992,9.64455252918288,
2004-10-08,3.0,8710,12.420499035454643,38.33387756347656,39.6723518371582,21.704078674316406,55.53071594238281,32.961284046692576,
2004-10-09,3.0,12100,39.915334614114855,42.16022872924805,40.07984161376953,26.795907974243164,49.69816970825195,45.31011673151749,
2004-10-11,1.0,11200,44.8314149150697,11.769707679748535,16.324628829956055,21.930574417114254,17.438047409057617,17.634046692607015,
2004-10-12,1.0,9910,12.053305923800522,1.0042805671691897,5.009117126464844,5.6683197021484375,3.632669448852539,1.6245136186770472,
2004-10-13,1.0,9070,0.5394435948654421,0.0031084464862942,0.2395260632038116,0.0609500408172607,0.5738106369972229,0.0,
2004-10-15,1.0,8480,0.0870688330254341,7.75984525680542,0.397288978099823,0.3839039802551269,2.26818585395813,4.174708171206226,
2004-10-16,1.0,10700,8.799485654151022,19.5328369140625,19.51578140258789,15.728645324707031,14.917364120483398,15.50116731517508,
2004-10-26,0.0,12500,11.984604194287982,3.0732240676879883,9.98294734954834,7.677836418151855,7.444378852844238,4.970817120622567,
2004-10-28,0.0,9340,0.8819732307943908,4.254665374755859,0.5474317669868469,0.0632326304912567,0.4880168735980987,0.9165369649805456,
2004-10-29,1.0,10700,4.872244736254277,14.445236206054688,1.557922124862671,1.133788824081421,0.7076627612113953,7.036964980544745,
2004-10-30,1.0,11600,20.535560222380223,28.625911712646484,32.46340560913086,24.022777557373047,33.03569412231445,36.79533073929964,
2004-11-01,2.0,15700,44.26363100406685,65.49514770507812,52.651798248291016,45.582740783691406,59.34757995605469,75.24513618677047,
2004-11-02,2.0,30900,79.9459024985311,72.7261962890625,65.00989532470703,74.632080078125,74.58306121826172,99.45583657587552,
2004-11-05,3.0,21800,23.24814720545788,5.445253849029541,0.2493073642253875,0.7837833762168884,1.042858004570007,1.7036964980544735,
2004-11-06,3.0,19800,3.486891013992386,18.83605194091797,19.581701278686523,9.855475425720217,13.524739265441896,16.87042801556419,
2004-11-07,3.0,22700,18.264145312364256,21.188268661499023,39.22138214111328,14.655006408691406,18.33570098876953,22.079571984435784,
2004-11-08,3.0,23700,21.875296363814503,15.82364273071289,41.29025268554688,14.655077934265137,18.33960723876953,22.033657587548625,
2004-11-14,3.0,16400,2.927051628420279,16.392837524414062,2.3366947174072266,2.5535573959350586,4.119256019592285,8.546887159533075,
2004-11-15,3.0,17000,13.15630594243088,25.12612533569336,34.23350143432617,18.02571678161621,26.111366271972656,28.03210116731519,
2004-11-23,2.0,15500,11.56907265148941,32.3841667175293,14.440367698669434,7.964449882507324,22.063098907470703,20.213424124513608,
2004-11-24,2.0,23600,36.37253915705143,88.99788665771484,56.95913696289063,66.267578125,88.91641998291016,94.96167315175092,
2004-11-25,2.0,51100,113.90059274640184,90.72673797607422,75.67961883544922,87.60044860839844,99.65617370605467,105.99844357976647,
2004-11-30,0.0,18800,16.14730974619213,16.86549949645996,5.7404093742370605,4.574370861053467,16.062074661254883,13.912062256809334,
2004-12-03,1.0,16300,5.281430207255223,10.25519561767578,3.976472854614258,0.9258936643600464,11.31440544128418,3.167315175097277,
2004-12-04,1.0,17300,11.340282991526731,25.111183166503903,26.83255386352539,21.84156990051269,41.90802001953125,19.335019455252908,
2004-12-09,3.0,19500,53.505355622184894,71.39107513427734,59.76845550537109,62.39099884033203,57.272891998291016,72.57062256809338,
2004-12-10,3.0,29400,83.5705163146068,117.31270599365234,119.59032440185548,124.29569244384766,86.51873779296875,142.71108949416333,
2004-12-11,3.0,66800,140.37013193389424,100.73590087890624,108.57515716552734,116.24188995361328,80.88292694091797,121.82587548638122,
2004-12-12,0.0,52700,118.30940343313148,71.37840270996094,97.68831634521484,106.58667755126952,67.2322998046875,102.03210116731508,
2004-12-13,2.0,30800,84.95559072882061,18.37115859985352,32.20575714111328,36.40473937988281,35.22111511230469,29.29435797665369,
2004-12-14,2.0,29700,24.678950259380752,31.303428649902344,36.18402862548828,43.59996032714844,40.90363311767578,34.48210116731517,
2004-12-22,0.0,20000,15.17308986136386,7.216486930847168,8.920520782470703,9.329842567443848,12.607956886291504,7.307198443579766,
2004-12-26,0.0,20600,21.79775143258321,28.213790893554688,34.29850769042969,20.79755973815918,22.009469985961918,28.40291828793774,
2004-12-29,0.0,18100,2.9088470368538357,6.604546070098877,1.9828201532363887,8.619611740112305,7.734262943267822,9.20175097276265,
2005-01-06,0.0,14400,0.6930669232435884,6.793649673461914,0.8585665822029114,2.39247727394104,1.4510672092437744,3.05525291828794,
2005-01-09,0.0,12900,14.583451253926492,7.557706832885742,13.457952499389648,20.25651359558105,9.98934841156006,23.603696498054465,
2005-01-11,0.0,13800,4.746977061573923,9.09182071685791,4.220841884613037,2.358454465866089,0.9610759615898132,5.5505836575875565,
2005-01-13,0.0,12200,16.98079540919006,14.700552940368652,19.119264602661133,12.721492767333984,13.786032676696776,21.235019455252925,
2005-01-14,0.0,11700,17.641590823613715,7.2340264320373535,19.007789611816406,12.706926345825195,13.26089859008789,17.125486381322958,
2005-01-17,4.0,16400,35.000736160144385,99.051025390625,75.32289123535156,74.04796600341797,76.58667755126953,108.3916342412452,
2005-01-18,4.0,44500,106.6154875680555,138.18817138671875,160.73745727539062,134.74107360839844,146.38308715820312,145.2441634241246,
2005-01-19,4.0,62700,157.15815112103013,119.74337005615234,212.72329711914065,128.83502197265625,129.14849853515625,144.40466926070047,
2005-01-20,4.0,58500,145.5164207031035,72.77496337890625,231.197021484375,95.77288055419922,87.63340759277344,68.63696498054478,
2005-01-21,0.0,51300,86.9069637623304,28.008319854736328,150.61529541015625,37.04191207885742,20.16097640991211,27.493385214007784,
2005-01-22,3.0,38600,30.9060152849146,44.07490158081055,81.01225280761719,47.97432708740234,33.83035659790039,49.1190661478599,
2005-01-23,3.0,41400,50.19447611715337,35.25703430175781,51.15866088867188,40.44174575805664,34.11750411987305,40.27276264591438,
2005-01-24,3.0,34100,36.07697706025434,29.01763153076172,64.17648315429688,38.57648086547852,34.62009048461914,40.817315175097264,
2005-02-04,0.0,18400,6.801539202784117,28.17519760131836,52.59077835083008,18.090681076049805,17.036052703857422,29.075291828793755,
2005-02-14,0.0,13200,16.176479913913344,19.835792541503903,25.00184631347656,19.489036560058597,23.484424591064453,21.644941634241253,
2005-02-15,0.0,12600,17.769009547885933,10.023590087890623,16.586448669433594,15.499217987060549,20.055370330810547,11.241050583657586,
2005-03-16,0.0,7030,1.122416822402916,17.807899475097656,6.8402628898620605,17.278167724609375,9.403874397277832,25.587159533073898,
2005-03-19,1.0,7050,28.357632906526952,25.001171112060547,7.561637878417969,12.640439987182615,5.269265651702881,19.07295719844357,
2005-03-20,1.0,9440,25.045957967923886,37.31817626953125,38.42668914794922,43.45843505859375,26.51649475097656,45.290856031128406,
2005-03-26,1.0,8000,8.216925433372552,50.18033218383789,52.59835433959961,50.1733627319336,51.87789535522461,48.59474708171205,
2005-03-31,2.0,13600,41.34228302762055,43.21725845336914,34.069854736328125,31.41849136352539,35.5103645324707,36.99941634241245,
2005-04-01,2.0,16500,49.44424669468779,50.06319427490234,44.73440170288086,40.84437942504883,46.231441497802734,47.950778210116766,
2005-04-05,1.0,14700,13.834340348348276,18.17417907714844,16.935129165649414,14.693326950073242,22.85087203979492,13.452334630350196,
2005-04-06,1.0,13800,13.319990446267518,5.965914726257324,19.699148178100582,7.575440406799316,14.218650817871094,5.502918287937742,
2005-04-15,2.0,13000,14.962764837844992,27.365440368652344,29.794626235961918,21.34420394897461,19.36596298217773,18.20291828793773,
2005-04-16,2.0,17500,27.65388149013084,40.76302719116211,67.84303283691406,57.46316146850586,58.532012939453125,51.584046692607,
2005-04-28,0.0,19600,0.0579158699433328,0.0,3.1835872505325824e-05,0.0062293144874274,0.0871874392032623,0.7717898832684833,
2005-04-29,0.0,17700,0.0924799235523847,0.0936355367302894,1.4621915817260742,2.6038978099823,0.0849465951323509,1.1155642023346304,
2005-05-03,0.0,14800,2.883282978318491,2.680781602859497,0.8906590938568115,10.914189338684082,0.9861246347427368,2.0134241245136177,
2005-05-06,0.0,14100,2.55610325174156,1.296916961669922,4.697327136993408,3.856058120727539,1.5308706760406494,2.6134241245136187,
2005-05-07,0.0,13100,2.1262256220701183,0.2495888322591781,1.4208576679229736,3.0853753089904785,0.976068675518036,0.990272373540856,
2005-05-17,1.0,17900,28.69329060371929,20.46902275085449,32.27824783325195,22.255599975585938,22.0904483795166,26.513035019455277,
2005-05-18,1.0,15900,26.409760954295663,22.015640258789062,26.053890228271484,24.158836364746094,20.543235778808597,26.880544747081707,
2005-05-22,0.0,15400,27.179751405980344,18.449138641357425,15.68134880065918,25.83625030517578,26.01653480529785,20.386770428015566,
2005-05-26,0.0,12400,1.2503212240509454,0.0068190800957381,0.1560706943273544,1.374020218849182,0.639045000076294,0.0145914396887159,
2005-05-28,0.0,13300,0.3215124288813815,0.0,1.060274499309344e-07,4.8494300131096686e-08,7.524295506300405e-05,0.0,
2005-05-30,0.0,16100,0.7534569796699191,4.011654376983643,0.1055079698562622,1.4526443481445312,0.3471573889255523,1.398054474708173,
2005-06-14,0.0,12400,12.699313576545132,7.430525302886963,12.046100616455078,10.272507667541504,10.698686599731444,7.9935797665369615,
2005-06-15,0.0,11400,7.546252391717786,4.819226741790772,9.075523376464844,9.589862823486328,7.403070449829102,3.5651750972762666,
2005-06-19,0.0,11100,11.786078393950802,10.280508995056152,7.618405342102051,23.774621963500977,20.2690486907959,14.22159533073929,
2005-06-20,0.0,11600,7.602581258702945,2.830349922180176,2.6472339630126958,3.240158796310425,2.5302839279174805,3.39941634241245,
2005-06-23,0.0,12100,9.5524703492849,10.618885040283203,10.280714988708496,12.268556594848633,9.278084754943848,11.210894941634235,
2005-07-05,2.0,10500,1.4536022971187013,8.215960502624512,0.0794926509261131,0.0522955767810344,3.3346047401428223,2.5322957198443565,
2005-07-06,2.0,11900,9.19160803948417,17.78412628173828,19.05520820617676,15.24192714691162,20.104476928710938,14.12120622568094,
2005-07-07,1.0,13300,15.329957956576855,24.87679100036621,19.173131942749023,15.38573169708252,20.43353843688965,14.239688715953312,
2005-07-08,1.0,12000,17.701216078579943,40.1379508972168,23.17826271057129,33.33122253417969,37.80464172363281,40.551945525291856,
2005-07-18,0.0,10400,7.970447431344282,2.82185435295105,1.2572389841079712,0.9668389558792114,2.4933021068573,4.832879377431908,
2005-07-23,0.0,9360,5.576833657493207,7.012214660644531,0.2650709450244903,1.7688473463058472,0.9076254367828368,4.914980544747079,
2005-07-25,0.0,7870,5.55846463273997,0.0,0.0003444763133302,0.0013010485563427,0.0054999757558107,0.0,
2005-07-26,0.0,7590,0.0128814533128479,0.0,8.971295028459281e-05,4.796214125235565e-05,0.002754678716883,0.0,
2005-07-30,2.0,7890,0.1247227537749783,0.0,1.132646616497368e-06,5.764938123320462e-06,0.0068888762034475,0.0033073929961089,
2005-07-31,2.0,9390,0.093688337190431,0.1682987213134765,5.086643550811232e-09,1.4753159121028148e-06,0.0066422442905604,0.0033073929961089,
2005-08-01,2.0,9970,0.1066042068269705,0.3055789172649383,1.2053695917129517,2.152662515640259,5.147290229797363,0.2439688715953307,
2005-08-12,0.0,7900,0.3070344180264911,0.000650942150969,0.1580501049757003,0.631579577922821,0.1406652331352234,1.1603112840466925,
2005-08-16,0.0,7710,0.130384320161487,6.171207904815674,0.0065167597495019,0.0001564393023727,0.0582480914890766,0.0398832684824903,
2005-08-17,1.0,7680,8.887332715512338,15.091382026672363,3.7644550800323486,6.671592712402344,6.712869644165039,18.62704280155641,
2005-08-19,0.0,8180,18.030154904535166,9.0635986328125,3.79706621170044,6.691599369049072,7.2387776374816895,18.605058365758744,
2005-08-25,0.0,7010,0.3668068840024177,0.5833421945571899,0.0235860049724578,0.0553300268948078,0.0488647148013114,0.01284046692607,
2005-08-27,1.0,6710,0.1313422572586229,0.0270351842045784,0.0001885490491986,3.946051947423257e-06,0.0059559103101491,0.0,
2005-08-28,1.0,5480,0.1643709379504746,4.875194549560547,0.0127995060756802,0.0011404063552618,1.027477502822876,3.676459143968872,
2005-09-04,0.0,6490,0.2699751443270572,3.238990068435669,0.4870032370090484,1.656930446624756,0.6907768249511719,2.668871595330741,
2005-09-07,0.0,8300,2.583426385709702,0.0,0.088480070233345,0.4290789663791656,0.0335635319352149,0.0297665369649805,
2005-09-09,0.0,9680,1.4173824064260845,14.489163398742676,3.708811283111572,5.575889587402344,6.1384382247924805,7.867704280155646,
2005-09-15,0.0,7770,0.0477820270733523,2.631162166595459,1.0725473165512085,0.4233718812465668,2.0476534366607666,0.0375486381322957,
2005-09-20,0.0,5820,0.0721281071003868,0.4321940541267395,0.3665342032909393,0.3878721296787262,1.351088523864746,0.209727626459144,
2005-09-23,0.0,5640,0.0818413004553369,0.0,0.0366569869220256,0.0001416844315826,0.0114066842943429,0.0,
2005-09-28,4.0,5460,0.3680516249241118,11.95617389678955,0.012008698657155,0.0145981088280677,0.1259093135595321,0.2690661478599224,
2005-09-29,4.0,5750,10.663533503787564,72.04695892333984,35.93244552612305,56.71200942993164,66.65760803222656,93.16439688715953,
2005-09-30,4.0,17500,86.0547457592939,79.74807739257812,49.599063873291016,64.56140899658203,83.89012145996094,103.78832684824904,
2005-10-09,1.0,8900,34.23896746182512,9.028759956359863,12.620490074157717,24.84805679321289,15.372835159301758,17.90661478599223,
2005-10-10,1.0,7900,7.784948380939114,8.29625129699707,7.222492218017578,6.111885070800781,5.820650100708008,8.030739299610893,
2005-10-12,1.0,8450,9.9453594746065,16.642017364501953,11.19672966003418,6.679232597351074,12.427595138549805,12.910700389105056,
2005-10-13,1.0,8310,21.70497320445181,12.347396850585938,15.66779899597168,14.349464416503906,36.93472671508789,12.408560311284049,
2005-10-14,3.0,8950,15.719774342641095,14.43126106262207,11.6063232421875,13.821624755859377,34.458614349365234,14.75953307392996,
2005-10-15,3.0,8390,19.286214115550425,9.8906831741333,15.958938598632812,19.36222267150879,41.31829071044922,16.054669260700393,
2005-10-16,3.0,8780,12.61852964488558,24.47667121887207,7.673009872436523,20.11113166809082,26.167356491088867,22.70525291828794,
2005-10-17,3.0,15600,33.29790823102125,39.263214111328125,20.919353485107425,40.04668426513672,50.33626937866211,43.90700389105059,
2005-10-18,3.0,20700,51.32765202431888,41.06722259521485,23.44427490234375,37.598106384277344,47.39370727539063,36.534241245136194,
2005-10-25,1.0,12600,7.672424490543539,12.481306076049805,0.7007614970207214,3.900364875793457,4.968235015869141,14.89396887159533,
2005-10-26,1.0,12300,15.930476115899424,10.383062362670898,9.52045440673828,11.470992088317873,12.012977600097656,11.52412451361868,
2005-10-30,3.0,14200,31.43470554609372,35.595245361328125,39.6184196472168,29.44827651977539,40.11141204833984,27.45622568093384,
2005-10-31,3.0,17300,50.51334992797607,47.573997497558594,48.66938018798828,48.298866271972656,56.011356353759766,57.643579766536966,
2005-11-01,3.0,21500,63.815845103268416,55.46372222900391,37.74407958984375,55.139530181884766,55.72238159179688,76.2663424124514,
2005-11-05,0.0,21200,54.791694122564266,54.89397811889648,66.79798889160156,68.44219970703125,60.92949676513672,74.56147859922181,
2005-11-09,2.0,17600,25.86140150789093,17.23672103881836,15.981186866760254,16.22595977783203,21.71548080444336,19.77237354085602,
2005-11-10,2.0,18600,20.733143388240265,26.639217376708984,17.48621368408203,17.495805740356445,21.127588272094727,24.821400778210112,
2005-11-15,0.0,17900,29.21911284700704,19.951234817504883,29.36713981628418,32.85807037353516,33.68107223510742,30.50350194552533,
2005-11-16,0.0,16000,23.132483781573143,6.176525115966797,12.896677017211914,11.25285530090332,19.12258529663086,8.144941634241242,
2005-11-24,1.0,16100,0.1504321226909806,4.5725531578063965,6.888744974276051e-05,0.0373488552868366,0.1997498422861099,0.9859922178988318,
2005-11-30,0.0,12600,18.321812602286013,19.33114242553711,25.90089225769043,17.98462677001953,17.56550407409668,22.829571984435816,
2005-12-11,0.0,10100,0.0910917778214952,0.05155885592103,0.0016620827373117,0.0002624252520035,0.1581724435091018,0.0,
2005-12-12,0.0,10600,0.051808795385084,0.8638702630996704,0.0013535550097003,0.0047426321543753,0.9492327570915222,0.876070038910507,
2005-12-16,0.0,11600,0.0046367113568408,0.0,0.0001246204046765,1.1012888535333332e-05,0.0041955444030463,0.0,
2005-12-20,4.0,10100,11.149617591100418,30.814865112304688,48.31697845458984,16.612842559814453,37.377891540527344,31.72198443579767,
2005-12-21,4.0,16400,39.374621379588966,48.41048431396485,65.5514907836914,38.89759826660156,54.13585662841797,49.761284046692616,
2005-12-22,4.0,23100,61.68971697504616,69.94749450683594,106.0631866455078,80.00730895996094,86.9361572265625,81.3624513618677,
2005-12-23,4.0,28700,88.76023897112668,72.22953796386719,80.14302062988281,88.39193725585938,67.93475341796875,79.58132295719844,
2005-12-24,3.0,31000,90.2863154452344,81.56021118164062,129.63758850097656,127.37875366210938,113.25275421142578,97.86595330739294,
2005-12-25,3.0,43900,97.55866918873832,68.6653060913086,122.2528305053711,108.5835418701172,99.2087860107422,91.00642023346296,
2005-12-27,1.0,31700,67.99451052253606,45.316688537597656,78.01223754882812,61.20299530029297,71.22256469726562,62.68385214007781,
2005-12-28,1.0,27600,54.671741873538735,47.69385528564453,61.894508361816406,61.26318359375,76.86244201660156,54.77470817120623,
2006-01-04,2.0,17700,26.305028681317435,23.62844467163086,18.501073837280277,24.38592529296875,16.8507022857666,22.156809338521413,
2006-01-05,2.0,18900,28.11434033974635,50.78778839111328,36.000770568847656,38.34604644775391,53.08486557006836,51.292996108949374,
2006-01-06,1.0,31000,61.08280298381645,62.85469818115234,71.405517578125,55.950233459472656,76.08890533447266,63.30330739299603,
2006-01-08,0.0,33300,79.41919302894782,50.6181640625,58.58735275268555,53.17005157470703,45.01708221435547,46.26245136186768,
2006-01-12,1.0,49300,126.04554491608366,88.36454010009766,85.5779037475586,98.12205505371094,97.54202270507812,119.0040856031129,
2006-01-13,1.0,39900,106.59160033238776,64.82014465332031,104.17138671875,108.697021484375,122.3341064453125,100.03579766536969,
2006-01-16,1.0,27200,34.21534033256439,44.31718444824219,30.915271759033203,31.32845115661621,39.476112365722656,50.6093385214008,
2006-01-17,1.0,34200,51.168447403304896,51.27419662475586,53.10708618164063,55.96590805053711,66.43758392333984,57.74105058365763,
2006-01-23,0.0,20900,21.338342270650056,11.107373237609863,6.917311191558838,4.648126602172852,13.00295639038086,8.286575875486388,
2006-01-28,1.0,19900,30.51427343242711,49.032814025878906,61.94847869873047,61.35018157958984,75.33035278320312,49.19766536964983,
2006-01-29,1.0,20200,50.416665409992575,81.50279235839844,59.48469924926758,58.73429107666016,75.09626770019531,71.21167315175103,
2006-01-30,1.0,30200,86.22770942556699,102.56133270263672,97.86514282226562,105.41438293457033,114.0676727294922,127.35933852140084,
2006-01-31,1.0,31500,105.45396373240033,103.58366394042967,75.96487426757812,90.30322265625,91.378173828125,117.61400778210115,
2006-02-01,1.0,27700,106.68997327684215,82.75382232666016,106.52033996582033,114.94085693359376,129.85801696777344,109.73112840466922,
2006-02-03,3.0,27100,71.06859657823698,58.33146667480469,76.8470458984375,73.44762420654297,89.86461639404297,62.21614785992215,
2006-02-04,3.0,28100,63.452585123693055,52.67889404296875,82.22789001464844,74.5813217163086,76.50960540771484,66.62723735408562,
2006-02-16,0.0,17000,5.808265773506468,0.2189932465553283,0.4462308883666992,0.9800766706466676,0.4379459321498871,1.1322957198443575,
2006-02-17,0.0,16700,2.0269999981568025,0.0,0.0031272887717932,0.0010024206712841,0.0117430007085204,0.0029182879377431,
2006-02-20,0.0,14800,0.1786061187597956,1.0026544332504272,0.0192608889192342,0.0639345869421958,0.0264512673020362,0.0,
2006-02-25,0.0,16300,51.26319505665812,32.748775482177734,23.962892532348636,28.11905860900879,37.19441223144531,55.77976653696495,
2006-02-26,1.0,13600,35.574328873929105,23.478670120239254,19.40533447265625,11.792344093322754,18.941612243652344,14.375875486381323,
2006-02-27,1.0,14200,22.779430213057783,33.769073486328125,50.59986114501953,36.57838821411133,49.9915771484375,30.68035019455254,
2006-03-02,0.0,15200,23.386353725385824,22.47980308532715,16.879886627197266,15.83017349243164,15.51925277709961,30.39591439688715,
2006-03-08,1.0,14700,18.197103266347817,41.70281600952149,48.30418014526367,41.147403717041016,42.99957275390625,56.7038910505837,
2006-03-10,0.0,15500,51.751504789176,37.391876220703125,51.879051208496094,55.51871871948242,51.86075210571289,53.75155642023351,
2006-03-13,0.0,12700,3.43964627918246,2.6068058013916016,0.7802140116691589,0.5212740898132324,1.060739517211914,0.5198443579766537,
2006-03-15,0.0,12300,5.777717019126788,10.322624206542969,9.143132209777832,8.119468688964844,4.262983798980713,4.995719844357972,
2006-03-22,2.0,10800,3.4618699840224574,6.644784927368164,13.352940559387209,8.876290321350098,10.63054084777832,5.060505836575874,
2006-03-23,2.0,9880,7.493395779761316,12.27760124206543,16.85796356201172,9.97515869140625,11.896693229675291,5.940856031128404,
2006-03-24,2.0,11000,11.28716250945481,18.05259895324707,33.23162078857422,19.513748168945312,20.210235595703125,13.182101167315189,
2006-04-04,0.0,8890,15.28975524773588,6.329596519470215,11.328460693359377,6.758725643157959,13.086065292358398,7.167704280155635,
2006-04-12,0.0,9600,9.14965390621744,21.57240867614746,6.429928302764893,15.79275894165039,11.321439743041992,17.658949416342416,
2006-05-08,0.0,16000,12.619164436418307,15.650938987731934,16.98779296875,18.49229621887207,16.24604606628418,20.435408560311284,
2006-05-09,0.0,15300,15.009001914461646,11.857133865356444,16.652559280395508,18.24712562561035,15.496445655822754,18.92976653696498,
2006-05-16,0.0,21600,0.0575506689919988,0.0,0.0010390626266598,0.0,0.1735503077507019,0.0,
2006-05-20,0.0,33600,2.489269599950441,9.658998489379885,3.154055118560791,5.961587905883789,2.8926682472229004,8.814591439688718,
2006-05-22,0.0,26300,11.245416822325062,17.681194305419922,6.555233955383301,20.14051055908203,20.42001342773437,21.536575875486392,
2006-05-23,1.0,26800,18.279699795087,17.78597068786621,9.976481437683104,20.5576286315918,23.43334197998047,18.532490272373547,
2006-05-24,1.0,24100,18.65448373833575,19.949970245361328,20.997249603271484,25.159053802490234,27.12030029296875,23.58463035019456,
2006-05-31,2.0,18200,5.925172071318305,3.082175970077514,5.685715198516846,6.516298770904541,5.700724124908447,4.917898832684823,
2006-06-01,2.0,20100,2.655581257961571,12.412968635559082,3.1408324241638184,3.231156349182129,4.838287353515625,12.389883268482484,
2006-06-02,2.0,26100,13.356910126970682,21.502290725708008,23.07499313354492,19.988338470458984,12.51441764831543,24.44221789883267,
2006-06-14,0.0,27300,17.200432130600365,17.386884689331055,6.917483806610107,12.546385765075684,14.92767333984375,17.748638132295717,
2006-06-25,0.0,15800,0.0605640538792743,0.0,1.7150533437870766e-07,1.621358751435764e-05,0.0008520008996129,0.006420233463035,
2006-07-02,0.0,19200,0.0150630975802772,0.0,0.1309765875339508,0.0,0.0,0.0344357976653696,
2006-07-03,0.0,18800,0.0150630975802772,0.0,2.8363589876789774e-07,0.0,0.0007361976313404,0.1476653696498054,
2006-07-09,0.0,17600,0.519908223312747,0.2525101602077484,0.1253749430179596,0.080732986330986,0.6972398161888123,0.0,
2006-07-11,0.0,18000,0.4096118548576031,1.6569874286651611,0.3522279560565948,0.1075174212455749,1.1553401947021484,0.0011673151750972,
2006-07-17,0.0,12000,0.1340401529574439,0.0,0.0030018293764442,0.0184232257306575,0.0693602263927459,0.0070038910505836,
2006-07-22,0.0,12600,0.0485353728154866,0.0,0.0105320652946829,0.0,0.1958203315734863,0.0,
2006-07-26,0.0,11900,0.0323747613573674,0.0,3.513474666760885e-06,0.4318087697029114,0.002323092194274,0.0,
2006-08-01,0.0,8640,7.822202679335877,4.807106018066406,1.039282202720642,5.416714191436768,2.686731100082397,6.320428015564204,
2006-08-03,0.0,8240,1.3936367097380171,0.0,0.0442339703440666,0.0362111628055572,0.0249303691089153,0.0171206225680933,
2006-08-14,0.0,7670,0.3187724661572176,0.0,0.1523680835962295,0.1713106781244278,0.1525135189294815,0.1451361867704279,
2006-08-18,0.0,7720,0.0485908221197448,0.0,0.0001579004892846,0.000921364640817,0.0308336727321147,0.0,
2006-08-24,0.0,8420,0.0872294456668173,1.3038341999053955,0.113929696381092,0.1985468864440918,0.369901955127716,0.001556420233463,
2006-08-28,0.0,8410,0.0,0.0,0.0003135231672786,2.2107224140199838e-07,7.909657870186493e-05,0.0005836575875486,
2006-09-01,0.0,5950,9.751346091810172,1.2633826732635498,3.988689661026001,3.980646371841431,9.088658332824709,8.81322957198443,
2006-09-13,0.0,7650,0.049284894612794,6.229623794555664,0.0401723645627498,0.0024680299684405,0.2645531296730041,0.9038910505836576,
2006-09-15,0.0,6810,11.089030608351845,14.585057258605955,9.670305252075195,14.834592819213867,36.726783752441406,17.151361867704278,
2006-09-17,1.0,5650,10.723682604360404,11.47546672821045,7.266692161560059,6.070469856262207,25.04896545410156,9.218093385214006,
2006-09-18,1.0,5510,7.85216825840132,18.92096328735352,9.329957008361816,9.444034576416016,17.580307006835938,16.329766536964986,
2006-09-19,0.0,6510,16.885281078298185,21.09859848022461,10.136646270751951,9.791213035583496,19.33031845092773,19.91147859922179,
2006-09-20,1.0,6550,19.59081836472164,24.310731887817383,10.954846382141112,20.94813537597656,26.80393409729004,32.000778210116735,
2006-09-21,1.0,7420,28.625118566944085,20.234100341796875,14.88333511352539,20.30387115478516,22.422420501708984,23.697276264591444,
2006-09-25,0.0,5440,1.0639464627300526,0.0,0.0,4.894502581009874e-07,0.0016286422032862,0.0,
2006-09-29,0.0,5240,0.0145774378599759,0.0,0.0,1.592955413798336e-05,0.0031040736939758,0.0,
2006-10-14,0.0,3600,0.3222963684465537,5.667246341705322,0.0406592860817909,0.0001005107624223,0.0549938045442104,0.8443579766536964,
2006-10-18,1.0,3930,19.28697131145287,13.249275207519531,14.38072109222412,11.651405334472656,13.789468765258787,9.793190661478596,
2006-10-19,1.0,3920,11.532594646923076,14.85732078552246,23.25665664672852,12.35998821258545,15.75131893157959,17.22081712062256,
2006-10-20,0.0,4600,15.764455076000104,11.919695854187012,23.3901309967041,12.412288665771484,16.11920738220215,17.062645914396878,
2006-10-25,0.0,5030,14.354539190127202,15.49342918395996,9.607019424438477,13.19401741027832,17.83397674560547,19.36186770428016,
2006-10-26,1.0,4280,19.28914721215604,22.759870529174805,12.626514434814451,17.307601928710938,28.116233825683597,27.931322957198446,
2006-10-27,1.0,6130,31.78850476167398,17.035011291503906,9.019712448120115,11.633743286132812,30.927143096923828,16.19941634241245,
2006-11-02,4.0,7080,5.938667301859406,26.121213912963867,16.949462890625,13.79743194580078,12.505752563476562,27.2704280155642,
2006-11-03,4.0,11600,40.03514339957016,63.72459411621094,66.27403259277344,87.7125244140625,62.97651672363281,75.57120622568095,
2006-11-04,4.0,38100,92.34494079142296,106.32209777832033,103.90282440185548,148.423095703125,119.6805648803711,133.19591439688716,
2006-11-05,5.0,52500,143.6919772365125,133.27426147460938,124.38705444335938,155.35450744628906,128.19485473632812,140.0599221789883,
2006-11-06,5.0,60200,166.00643227980197,193.26480102539065,224.40167236328125,215.05918884277344,177.68707275390625,244.43949416342417,
2006-11-07,5.0,116000,234.5107572037677,190.48997497558597,280.90753173828125,188.0174102783203,164.68338012695312,259.0577821011674,
2006-11-10,1.0,49500,58.58966351273411,46.68342208862305,27.163036346435547,44.13253402709961,49.571903228759766,63.58404669260696,
2006-11-15,4.0,28300,74.88171884918988,80.89044189453125,101.97714233398438,87.06976318359375,98.30113220214844,97.065953307393,
2006-11-16,4.0,54000,92.2374340957369,62.44362258911133,94.95706939697266,66.48181915283203,74.39698028564453,71.17159533073932,
2006-11-17,0.0,41200,72.71213387744656,52.01036834716797,94.62999725341795,64.59565734863281,77.09904479980469,69.19007782101168,
2006-11-19,2.0,25500,7.372342241823364,23.769363403320312,23.245471954345703,33.08952331542969,38.36245346069336,18.281517509727603,
2006-11-27,0.0,20800,42.383885281491686,35.663333892822266,55.182716369628906,45.78385543823242,27.898754119873047,40.41089494163422,
2006-11-30,1.0,12300,27.93409557345374,30.114154815673828,44.75444412231445,25.94230461120605,35.515899658203125,31.02626459143968,
2006-12-05,0.0,11200,12.445172084345844,11.744175910949709,12.608104705810549,10.195409774780272,14.0791654586792,8.928404669260695,
2006-12-11,2.0,14600,16.45274379327791,60.63690185546875,37.44157409667969,59.78331756591797,57.65840911865234,49.154863813229525,
2006-12-12,2.0,25100,57.00106883880168,77.81433868408203,70.93087768554688,76.52207946777344,81.04191589355469,66.51478599221785,
2006-12-13,2.0,23900,75.69122752518773,93.79597473144533,102.78775024414062,104.94279479980467,115.06129455566406,110.80311284046688,
2006-12-14,2.0,26300,96.35636906231797,108.14056396484376,100.99696350097656,92.77809143066406,102.3013916015625,125.8443579766537,
2006-12-15,2.0,34000,105.57535758209956,103.5146026611328,114.52450561523438,115.0008316040039,119.65901184082033,144.46731517509727,
2006-12-20,1.0,13200,11.934499052655038,26.352745056152344,14.150872230529783,4.980691432952881,18.752317428588867,10.041050583657585,
2006-12-21,1.0,14800,22.602978960925448,36.95721435546875,42.83306884765625,30.820600509643555,43.021263122558594,37.65972762645913,
2006-12-22,0.0,16900,39.15059084212251,38.80248260498047,42.83956146240234,33.59397506713867,39.55051803588867,37.41031128404669,
2006-12-24,2.0,14300,46.897797367996745,49.30247497558594,33.48122787475586,26.419757843017575,36.46995544433594,50.5071984435798,
2006-12-25,2.0,17000,54.35970172690616,49.835819244384766,66.86161804199219,48.79473876953125,60.09199905395508,59.486381322957214,
2006-12-26,0.0,14800,57.74155449673059,44.16169357299805,47.0245246887207,36.66033172607422,43.23500442504883,48.80233463035021,
2007-01-01,3.0,12600,7.671160632238259,,,11.995320320129396,15.91884708404541,,
2007-01-02,3.0,23700,44.801359521303446,,,93.14268493652344,98.98786926269533,,
2007-01-03,3.0,49900,102.2573021105395,107.4316864013672,140.65060424804688,112.87799835205078,119.81431579589844,190.67529182879375,
2007-01-05,1.0,25800,93.0130305627564,70.15457153320312,49.74079895019531,51.11626815795898,56.74163055419922,67.52451361867702,
2007-01-06,1.0,25200,75.05432119059518,70.37810516357422,69.75236511230469,65.0987319946289,73.30328369140625,53.80739299610895,
2007-01-07,2.0,24700,73.72573989641143,85.31425476074219,102.39027404785156,92.81626892089844,101.88191986083984,101.5589494163424,
2007-01-08,2.0,28900,94.87079525518143,57.87976837158203,94.23486328125,78.3697509765625,89.52361297607422,72.36984435797666,
2007-01-09,2.0,24100,63.08596739930815,50.95375442504883,82.52532196044922,53.87345504760742,75.65943145751953,70.21498054474706,
2007-01-11,0.0,19700,28.842434053952104,23.67779922485352,51.77593612670898,24.40448570251465,38.94205474853516,24.54338521400777,
2007-01-22,1.0,13800,31.210153002569267,26.33820533752441,43.197509765625,24.351974487304688,36.08434295654297,20.6554474708171,
2007-01-23,1.0,17900,28.5425545334897,29.168502807617188,74.04410552978516,26.818574905395508,44.302001953125,38.27665369649803,
2007-01-25,0.0,14100,26.89957170189028,6.703939437866211,49.55635833740234,15.123709678649902,23.01201629638672,21.95486381322957,
2007-02-01,0.0,13800,0.1407055450079385,0.0,0.0001689280761638,8.101979460661823e-07,0.0001485396351199,0.0282101167315175,
2007-02-11,0.0,12200,5.99452964052176,13.318314552307127,28.501934051513672,15.427606582641602,23.41394424438477,13.947665369649805,
2007-02-15,1.0,18800,23.92019311394712,44.56287384033203,44.52763366699219,41.354862213134766,44.12025451660156,49.32840466926066,
2007-02-16,0.0,23900,51.9767360319143,42.94164276123047,45.177730560302734,39.0295295715332,47.96221923828125,48.75038910505833,
2007-02-20,0.0,25600,66.14145308242928,60.55055236816406,94.47892761230467,90.876953125,100.62109375,89.51031128404671,
2007-02-21,0.0,24400,74.67521981253905,50.17367935180664,76.4577407836914,72.31809997558594,78.21083068847656,73.10797665369653,
2007-02-25,0.0,17700,19.764862330448786,20.042377471923828,27.242904663085938,23.510177612304688,25.53631019592285,19.97743190661479,
2007-02-27,0.0,16400,19.6546481858305,17.865459442138672,11.799531936645508,17.200435638427734,15.90296459197998,16.27198443579767,
2007-03-05,0.0,14200,9.986657744255735,17.468891143798828,18.21869659423828,14.20655632019043,15.420000076293944,13.916342412451367,
2007-03-09,0.0,19800,24.21031737218795,25.58754539489746,29.536378860473636,31.85727310180664,36.041839599609375,28.84416342412452,
2007-03-10,3.0,19900,30.043476070428536,38.39545822143555,29.263397216796875,30.511335372924805,32.48370742797852,36.286186770428,
2007-03-11,3.0,27300,46.03442255773312,80.27178955078125,109.71013641357422,76.3399658203125,81.70938110351562,84.88171206225678,
2007-03-12,3.0,60000,91.25467115617846,83.08319854736328,141.986328125,97.2384796142578,109.22171020507812,103.22198443579764,
2007-03-13,0.0,61100,94.14236522450274,68.99102783203125,133.4396209716797,91.48233032226562,106.58700561523438,90.58073929961088,
2007-03-14,0.0,36700,75.9987743874125,22.2144775390625,54.23367691040039,46.78607177734375,58.30201721191406,36.16361867704281,
2007-03-15,1.0,28400,23.57778773557156,24.69199562072754,10.559059143066406,14.24964427947998,19.664663314819336,19.2274319066148,
2007-03-16,1.0,25800,26.306833631755254,25.97251510620117,38.136268615722656,33.49712371826172,34.51767349243164,30.69202334630351,
2007-03-23,1.0,26100,32.224313608710844,45.2479362487793,48.97524642944336,24.490798950195312,44.61777877807617,39.51634241245137,
2007-03-24,1.0,42600,61.62592542506968,92.53182220458984,106.09097290039062,82.07622528076172,100.43611907958984,124.07840466926064,
2007-03-25,1.0,74200,116.80842055519956,85.0453109741211,108.50775146484376,82.08126068115234,95.19141387939452,121.07548638132288,
2007-04-08,0.0,20200,1.9865315493811049,9.940591812133787,3.372743606567383,3.27862811088562,5.199643611907959,7.867704280155641,
2007-04-13,1.0,15200,7.030403438086994,12.507074356079102,8.527752876281738,8.091529846191406,16.422725677490234,14.149805447470818,
2007-04-14,1.0,16100,17.734957909550747,17.508920669555664,35.72469711303711,14.70708465576172,30.63912010192871,24.69455252918288,
2007-04-16,0.0,15800,22.798326937126728,10.589471817016602,42.21391677856445,17.569612503051758,27.799108505249023,17.578210116731512,
2007-04-20,0.0,13300,6.685462715550518,1.2854676246643066,3.791989803314209,9.316191673278809,10.679495811462402,1.536575875486382,
2007-04-27,1.0,20000,26.704607931736778,37.67168045043945,35.21263885498047,18.84248161315918,25.90308380126953,36.25136186770425,
2007-04-28,1.0,28400,44.41597508640522,36.7700309753418,37.21906280517578,32.39482879638672,38.6099967956543,41.30369649805445,
2007-04-29,0.0,28900,41.69243208275388,29.31521415710449,31.053905487060547,26.936023712158203,30.69778823852539,31.17412451361867,
2007-05-02,0.0,19600,8.199638629613318,20.43419647216797,9.535229682922363,11.316994667053224,13.730470657348633,18.830544747081703,
2007-05-09,0.0,19700,0.9560898663520628,0.0788417235016822,6.437262535095215,0.8043932914733887,6.927273750305176,0.170817120622568,
2007-05-16,0.0,21800,3.2117284885678887,0.0,0.0007877167663536,0.0002435655042063,0.0062355902045965,0.1710116731517507,
2007-05-20,0.0,17300,7.401214144594191,24.13633918762207,3.131068229675293,6.414566993713379,11.597149848937988,15.990077821011678,
2007-05-23,0.0,14200,19.32108028918009,1.2933751344680786,4.106686592102051,25.30295753479004,12.959678649902344,8.34221789883269,
2007-05-26,0.0,17300,0.0,0.1653907001018524,0.0273156147450208,0.0073769851587712,0.0135840587317943,0.019260700389105,
2007-05-29,0.0,16400,3.296707451038364,4.664261817932129,1.9493803977966309,1.2507740259170532,4.95695686340332,2.849999999999999,
2007-06-03,2.0,35500,0.0669483750812392,3.9622628688812256,0.0198418945074081,0.0085982456803321,1.364593505859375,1.437548638132296,
2007-06-04,2.0,42400,2.046422559813593,9.455122947692873,2.2731616497039795,6.356101512908936,4.801074028015137,10.701556420233462,
2007-06-05,2.0,41200,6.819097505340373,18.76370429992676,7.472382545471191,16.423105239868164,12.568780899047852,19.044163424124505,
2007-06-09,0.0,22700,6.232435955734341,10.17777156829834,5.767835140228272,17.440919876098633,25.125259399414062,6.283852140077826,
2007-06-16,0.0,22000,7.216579346192812,15.093194961547852,5.557830333709717,10.439804077148438,2.754610538482666,11.35622568093385,
2007-06-19,0.0,22400,18.055877639073124,5.805046558380127,10.027216911315918,23.425731658935547,10.539824485778809,13.124124513618678,
2007-06-28,0.0,18500,1.955705544158966,3.0973737239837646,0.9586061835289,0.3473227918148041,0.8606622219085693,3.629377431906613,
2007-07-02,1.0,22300,9.382986615221398,0.0153366718441247,0.5338186621665955,2.783024311065674,2.0209879875183105,0.9933852140077826,
2007-07-03,1.0,22200,0.0399999999998575,0.0,0.0132420491427183,2.874535027785896e-07,0.0099288001656532,0.0083657587548638,
2007-07-11,0.0,24700,0.0,0.0,0.0,0.0030025267042219,0.0514370650053024,0.0097276264591439,
2007-07-14,1.0,29000,1.1567590833137642,0.8288029432296753,0.9900326132774352,0.5114776492118835,0.8847930431365967,2.854474708171207,
2007-07-15,1.0,26900,1.0817131951255867,0.8288029432296753,5.597487449645996,0.9490025639533995,2.026120662689209,2.8556420233463045,
2007-07-20,5.0,20000,12.589237072753246,21.858074188232425,6.931228160858154,13.353224754333496,13.210589408874512,16.467898832684824,
2007-07-21,5.0,20000,24.758204588356712,25.209003448486328,5.114732265472412,16.146751403808594,12.064693450927734,21.171400778210103,
2007-07-22,5.0,22400,39.57897320030752,27.050926208496094,8.02535343170166,29.647624969482425,14.681060791015623,34.76964980544746,
2007-07-23,5.0,24300,45.34036136414485,24.437843322753903,8.006811141967773,20.44606590270996,15.616079330444336,34.63852140077819,
2007-07-24,0.0,23100,37.4509273063379,12.18573760986328,5.834107875823975,16.192462921142578,13.232123374938965,23.295330739299597,
2007-08-08,0.0,10500,2.289017211311732,0.6710784435272217,1.922964096069336,1.487549066543579,1.635723114013672,2.977626459143969,
2007-08-10,0.0,9620,3.191082221681357,0.2030438780784607,1.678585171699524,2.5559065341949463,2.0469446182250977,2.8017509727626457,
2007-09-02,2.0,7000,0.5624818348363184,1.7428807020187378,0.0426658242940902,0.0683819353580474,0.0389946587383747,0.0237354085603112,
2007-09-03,2.0,6730,0.8726883353665471,0.4558045268058777,0.0126312561333179,0.0139149958267807,0.1666640192270279,0.2873540856031131,
2007-09-06,0.0,7050,2.297432120903671,0.3028604388236999,0.2424438893795013,0.2463684827089309,0.1410668194293975,4.704085603112839,
2007-09-20,1.0,5720,4.586263861788533,5.398603916168213,0.5871918797492981,2.399277210235596,0.7021209001541138,11.072568093385208,
2007-09-29,2.0,6200,22.23130592052717,26.968311309814453,17.491308212280273,11.740646362304688,15.306356430053713,27.946498054474706,
2007-09-30,2.0,6470,33.4593193137281,44.05490112304688,51.8508415222168,53.60975646972656,88.6830825805664,59.45758754863814,
2007-10-02,1.0,12800,77.85933081050676,85.20260620117188,87.2106704711914,108.88694763183594,141.52635192871094,118.28346303501944,
2007-10-06,2.0,13600,24.19238238134105,14.553549766540527,7.036557674407959,16.011489868164062,8.914119720458984,10.911284046692607,
2007-10-07,2.0,13400,16.542502876540983,31.85409545898437,49.96692657470703,30.81937599182129,40.920406341552734,33.93463035019457,
2007-10-09,3.0,18700,35.8214302415651,22.75809097290039,63.8574104309082,32.79288482666016,45.8437728881836,28.82412451361869,
2007-10-10,3.0,15800,25.134804989638635,8.18603229522705,24.33472442626953,15.767060279846191,19.63622283935547,14.54513618677042,
2007-10-13,0.0,13700,7.291156780064848,0.0,4.529757976531982,4.1358642578125,3.087594509124756,0.9908560311284046,
2007-10-17,0.0,12300,10.82732693893932,16.569561004638672,23.61316680908203,16.20401382446289,17.16201400756836,13.299027237354084,
2007-10-19,0.0,15800,41.55773604731032,51.51712417602539,46.75984191894531,54.34165573120117,53.37594223022461,61.97256809338523,
2007-10-21,2.0,14100,58.50177811909588,41.26408767700195,47.16204071044922,54.35903930664063,57.36008834838867,56.02256809338523,
2007-10-22,2.0,15900,51.32683747305924,31.91116714477539,42.49043655395508,45.346221923828125,61.346309661865234,34.38035019455253,
2007-10-23,2.0,18200,42.93823711336172,24.98178482055664,22.84984970092773,27.384225845336918,38.046417236328125,27.86108949416342,
2007-10-24,1.0,17900,35.41818357440224,21.52889633178711,21.534564971923828,21.18303680419922,35.003536224365234,28.740272373540847,
2007-10-29,0.0,16800,0.203963672710417,0.6599605679512024,0.6532965302467346,0.5275518894195557,6.586116790771484,1.372373540856032,
2007-10-30,0.0,16300,0.8891548757540617,0.6599605679512024,0.745840311050415,0.5328676104545593,6.70252799987793,1.4019455252918298,
2007-11-03,1.0,9140,4.321458879658146,16.458179473876953,10.20127773284912,3.4964544773101807,10.630941390991213,1.9455252918287935,
2007-11-04,1.0,9670,17.84612046061244,16.312820434570312,19.85880279541016,7.355010986328125,22.87782287597656,2.3525291828793784,
2007-11-06,1.0,9860,17.26687955551551,2.0673327445983887,9.920843124389648,4.447789669036865,13.362512588500977,3.00525291828794,
2007-11-07,1.0,9130,5.313047802422096,6.431534290313721,2.88821029663086,3.476490020751953,4.194013595581055,7.96828793774319,
2007-11-08,2.0,9010,7.147462715561293,13.236990928649902,6.928047180175781,8.582199096679688,10.325443267822266,11.925097276264587,
2007-11-09,2.0,9820,13.771738048300971,21.90162849426269,20.010398864746094,14.666254043579102,18.83267974853516,10.272373540856028,
2007-11-11,3.0,16200,32.01846466157906,27.81379127502441,37.940528869628906,32.89812469482422,34.517948150634766,10.33229571984436,
2007-11-12,3.0,14200,32.844416866452924,44.65340423583984,53.22931671142578,57.66133117675781,80.05753326416016,21.103891050583652,
2007-11-14,2.0,14300,40.92696753594433,45.234622955322266,46.95928192138672,43.22582244873047,69.46009826660156,45.37276264591442,
2007-11-15,2.0,14400,46.53619124066533,42.39879608154297,39.69919204711914,35.578468322753906,45.52071380615234,45.62801556420236,
2007-11-16,2.0,28700,49.52159464621407,47.34568786621094,58.54073715209961,56.57655334472656,64.5533447265625,48.23560311284051,
2007-11-21,0.0,15500,5.255583176734798,4.298768997192383,0.0824741274118423,0.4663524031639099,1.8739277124404907,64.54941634241247,
2007-11-28,0.0,9560,22.84662908113835,23.332578659057617,16.749561309814453,18.778217315673828,26.3245849609375,1.035408560311284,
2007-12-02,5.0,12200,10.653948367425963,58.31421661376953,26.393383026123047,34.492801666259766,32.85212707519531,41.13190661478598,
2007-12-03,5.0,23900,61.892110907986186,142.20721435546875,111.83959197998048,141.59759521484375,124.70252990722656,35.60428015564202,
2007-12-04,5.0,71300,152.6000134917564,157.6444549560547,155.62330627441406,192.1265869140625,169.91162109375,21.58385214007781,
2007-12-08,0.0,22700,4.627516252022543,0.0489603281021118,0.4510944783687591,0.1389163732528686,0.1063013672828674,38.64260700389109,
2007-12-11,0.0,16700,2.4420152931934025,7.275940418243408,0.0209615230560302,2.068516969680786,0.8235280513763428,12.7169260700389,
2007-12-16,0.0,14100,35.95541304429676,33.00831604003906,40.488868713378906,41.309181213378906,43.06850814819336,9.691828793774318,
2007-12-23,1.0,13500,35.13390440102061,53.99071502685547,49.23738098144531,47.88335418701172,45.18221282958984,102.86322957198448,
2007-12-24,1.0,17800,56.42435953026747,60.683929443359375,65.67057800292969,65.90438079833984,62.55793380737305,108.8789883268483,
2008-01-03,1.0,11500,18.871097524655735,37.51784133911133,29.12506103515625,32.24075698852539,34.47637176513672,30.49630350194553,
2008-01-04,2.0,14100,29.44072085140312,52.35162353515625,50.38684844970703,49.46455383300781,47.69075393676758,47.10583657587549,
2008-01-05,2.0,15800,40.93076676574765,53.665321350097656,64.10171508789062,54.08811569213867,49.13752746582031,45.38424124513619,
2008-01-14,1.0,18000,24.518791597852275,29.286046981811523,43.89141082763672,25.846969604492188,36.71124267578125,32.963424124513594,
2008-02-08,1.0,16600,99.94827336380632,89.61698150634766,102.3066177368164,107.62223815917967,120.976806640625,113.20077821011677,
2008-02-09,1.0,16300,102.8185658381956,79.87779998779297,97.8344268798828,102.26905822753906,112.91024017333984,104.3070038910506,
2008-02-17,0.0,15200,8.69799233778192,10.28467082977295,20.9840145111084,13.478279113769531,7.628627777099609,12.911673151750982,
2008-02-18,0.0,15200,8.571300172013716,0.1274832189083099,14.845355033874512,5.386195659637451,5.272019386291504,1.2834630350194558,
2008-02-19,0.0,14800,1.8784818300299784,0.0465964078903198,0.0117244347929954,0.0018100559245795,0.034831766039133,0.0856031128404669,
2008-03-07,0.0,14000,3.2033537312379163,3.751512289047241,0.6298180222511292,0.127431258559227,0.0736850053071975,1.868871595330739,
2008-03-10,1.0,13400,9.28051433674982,22.53278350830078,19.21748733520508,19.00632667541504,17.399248123168945,27.279182879377448,
2008-03-11,1.0,18300,24.89490442967842,31.88565444946289,34.37714385986328,34.263877868652344,32.13387680053711,34.372762645914406,
2008-03-26,0.0,12300,33.38357554822911,20.54223251342773,29.168601989746094,21.309967041015625,35.04350280761719,13.936381322957205,
2008-03-29,0.0,10000,23.83337096775923,20.67486953735352,25.45212173461914,30.942699432373047,33.777713775634766,20.84533073929962,
2008-04-03,0.0,9120,6.658525817170801,0.6166913509368896,0.7642292380332947,1.095126032829285,0.107004627585411,0.1278210116731516,
2008-04-05,0.0,8160,7.441730396909351,7.376667022705078,7.680822372436523,8.673519134521484,8.643062591552734,5.504474708171204,
2008-04-09,0.0,8380,15.872405358570598,10.697053909301758,23.273164749145508,15.457408905029297,21.057342529296875,9.433852140077825,
2008-04-13,0.0,8980,3.939948367838389,3.541221141815185,0.6134530901908875,0.1546861976385116,0.5276806950569153,3.7103112840466927,
2008-04-15,0.0,11100,8.628141484598817,13.646581649780272,5.277873992919922,7.663157939910889,9.167564392089844,14.455836575875484,
2008-04-28,0.0,9420,7.024778201218728,16.520692825317383,9.029755592346191,3.016814947128296,3.756171464920044,18.92801556420235,
2008-05-02,0.0,10200,13.517462701653352,4.101019382476807,10.071884155273438,7.247479438781738,7.663173198699951,5.455642023346305,
2008-05-03,0.0,9510,4.674692150953725,1.0848394632339478,5.79857063293457,2.229980230331421,6.576148986816406,1.1250972762645914,
2008-05-06,0.0,13200,1.107814532919007,0.0073659247718751,0.4177739024162292,0.0796059668064117,0.6070907711982727,0.1410505836575875,
2008-05-12,0.0,13600,9.934305925989554,9.337477684020996,9.622957229614258,16.72147560119629,15.29625415802002,11.504474708171204,
2008-05-13,2.0,15900,10.480862333296164,11.670498847961426,17.31869888305664,22.616626739501957,18.591632843017575,17.559727626459132,
2008-05-14,2.0,14100,17.324288695061668,14.89328670501709,17.572921752929688,13.406428337097168,19.061092376708984,16.563035019455242,
2008-05-18,1.0,60400,0.0,0.0,0.0042441966943442,9.349041647510605e-06,0.0470911152660846,0.0,
2008-05-19,1.0,59100,0.009258126135716,9.844046592712402,0.0120809525251388,0.0008260144968517,0.2206305712461471,5.327042801556417,
2008-05-20,1.0,56200,12.397565979614718,26.236896514892575,16.211326599121094,13.631449699401855,4.086565971374512,32.65972762645914,
2008-06-03,0.0,25700,5.4250516212139335,15.088768005371094,11.064532279968262,13.549493789672852,19.212329864501957,18.74766536964981,
2008-06-11,0.0,20900,20.2093537618728,18.90549087524414,34.05732727050781,21.989416122436523,39.44651412963867,21.79143968871595,
2008-06-15,0.0,23000,3.324739959431513,1.921424150466919,6.542805671691895,0.6192057728767395,2.8674116134643555,2.598832684824903,
2008-06-23,0.0,28900,0.3043804982168258,0.1762023717164993,1.7121100425720217,1.3515701293945312,1.2624878883361816,1.6301556420233467,
2008-07-12,0.0,23500,0.0,0.0051469230093061,0.0006206382531672,0.01494443975389,0.0134389447048306,0.0,
2008-07-15,0.0,21000,0.0,0.0,0.0495082773268222,0.0,0.0210040342062711,0.0,
2008-07-18,0.0,17300,0.0,0.0004348398651927,4.988115051673958e-06,0.004011474084109,0.0057236030697822,0.0,
2008-07-27,0.0,14500,0.421103251372984,3.610537528991699,2.0126266479492188,1.4017552137374878,2.372999668121338,0.2194552529182879,
2008-07-31,1.0,13300,9.064386214055729,24.653907775878903,18.49338722229004,9.573515892028809,11.638346672058104,14.206031128404677,
2008-08-01,1.0,13300,24.18015483927728,21.297094345092773,16.58732032775879,16.8039608001709,18.69088363647461,12.25272373540857,
2008-08-03,0.0,11900,18.906600360513757,4.822169780731201,8.861549377441406,10.754606246948242,12.91531467437744,4.211867704280155,
2008-08-10,0.0,11700,11.74301912699048,12.419487953186035,16.211589813232422,10.29349136352539,9.874361991882324,8.154280155642017,
2008-08-16,0.0,13000,0.0,0.0,0.0051184184849262,2.962824510177597e-05,0.011244754306972,0.0,
2008-08-19,1.0,11500,4.98919693600804,21.977901458740234,9.869879722595217,2.2286384105682373,6.313747882843018,10.856225680933855,
2008-08-20,1.0,13100,20.9195831901348,45.20802307128906,35.361968994140625,24.403535842895508,27.159358978271484,52.26322957198445,
2008-08-23,3.0,15400,49.29097326994512,17.740108489990234,16.744142532348633,23.267688751220703,18.81590461730957,22.451556420233448,
2008-08-24,3.0,14000,19.39811665108663,13.78121280670166,0.4016053974628448,3.799310207366944,14.528471946716309,17.184435797665376,
2008-08-26,3.0,14600,18.753783937598165,29.10045051574707,10.11862850189209,8.480986595153809,24.377277374267575,28.072957198443586,
2008-08-27,3.0,14800,34.230435938918056,25.09035301208496,26.858592987060547,20.569862365722656,21.13147354125977,26.885603112840474,
2008-08-28,3.0,16100,27.05888333599694,32.25786209106445,20.160594940185547,22.473752975463867,19.837684631347656,38.11225680933853,
2008-08-29,3.0,16000,35.23843211757578,31.552410125732425,21.38905143737793,25.63227081298828,34.93013000488281,35.61926070038912,
2008-09-01,0.0,13700,14.44634034839035,4.52642822265625,2.0396323204040527,4.260706424713135,3.1670150756835938,2.681517509727627,
2008-09-05,1.0,11300,0.0031357552165283,0.0,0.0160075481981039,0.0229155272245407,0.0728137716650962,0.0,
2008-09-06,1.0,9750,0.0187265775110804,0.0,0.004642242565751,0.1086098328232765,0.1655963957309723,0.0,
2008-09-10,0.0,9290,0.0,0.0,9.596134987077676e-06,0.0002269959950353,0.003054249100387,0.0,
2008-09-11,0.0,9120,0.0,0.0,9.596134987077676e-06,0.0002269959950353,0.004030967131257,0.0,
2008-09-14,0.0,8910,0.0,0.0,1.9383878679946065e-06,1.2835466804972384e-06,0.002569509902969,0.0,
2008-09-18,0.0,6530,0.0,0.0127539923414587,0.0001127502546296,1.946574957401026e-05,0.0043529905378818,0.0,
2008-09-20,0.0,6670,0.4258049725346538,13.874929428100586,4.207457542419434,0.6708780527114868,3.2050037384033203,15.373346303501943,
2008-10-01,2.0,6270,0.0236443593647566,0.0,0.0793483927845954,4.4128768195150776e-08,0.5051496624946594,0.0,
2008-10-02,2.0,6220,0.1707323129584008,6.1673078536987305,6.016384124755859,1.066856026649475,4.812126636505127,3.4799610894941644,
2008-10-03,2.0,6450,4.814336513231213,19.790128707885746,8.832035064697266,5.997777462005615,9.642592430114746,12.290272373540857,
2008-10-04,2.0,6580,16.920996187283055,36.09780502319336,18.301143646240234,27.445831298828125,18.61600112915039,39.23638132295721,
2008-10-06,1.0,8490,33.082344191349655,42.6823616027832,29.28383445739746,38.36362075805664,29.57019805908203,60.24027237354086,
2008-10-07,1.0,11200,50.89322749456706,42.62366485595703,39.62093353271485,41.708152770996094,43.413536071777344,51.07762645914397,
2008-10-09,0.0,9360,48.94365391221492,17.452116012573242,23.738353729248047,29.14910125732422,26.807029724121094,19.44474708171207,
2008-10-11,0.0,7540,1.7394416820862015,0.2138542830944061,0.5184054374694824,2.1167893409729004,1.5563044548034668,0.4297665369649807,
2008-10-12,0.0,8270,0.5184168247189943,2.7675507068634038,0.5926846861839294,1.5217645168304443,1.1603105068206787,0.6583657587548635,
2008-10-16,2.0,8160,23.66805165438903,10.010433197021484,6.852550029754639,11.708486557006836,22.23575782775879,9.301750972762642,
2008-10-17,2.0,9450,8.424736150685096,11.509225845336914,7.061539649963379,5.0998382568359375,29.968738555908203,8.873346303501942,
2008-10-23,0.0,7380,15.60947418124455,0.2979970574378967,5.810876846313477,3.811861038208008,3.1249184608459477,2.089883268482489,
2008-10-24,2.0,7170,0.6078699814971718,1.1618504524230957,0.1398429572582245,0.1603302210569381,1.3987408876419067,1.6056420233463022,
2008-10-25,2.0,6920,1.871003825219044,1.186148762702942,1.483621597290039,0.3751627206802368,3.98120641708374,2.037937743190661,
2008-10-30,2.0,8450,0.0869483749603008,2.737164258956909,1.8143985271453855,0.0003398284316062,0.0524298995733261,0.7299610894941639,
2008-10-31,2.0,8170,1.392273423190266,11.001646995544434,11.999674797058104,10.381722450256348,12.430950164794922,11.178210116731517,
2008-11-01,2.0,7660,11.074393891404208,19.731447219848636,14.015005111694336,12.519079208374023,15.620909690856934,21.693774319066144,
2008-11-02,2.0,8170,20.860022930695276,28.648799896240234,28.431095123291016,27.69417953491211,29.06525421142578,29.708171206225668,
2008-11-06,4.0,13100,27.16938619862754,67.04794311523438,33.14976119995117,52.91951751708984,65.23467254638672,91.25350194552536,
2008-11-07,4.0,39100,79.5680268062982,93.66478729248048,82.1180419921875,84.30561828613281,103.96074676513672,135.80252918287945,
2008-11-08,4.0,52100,110.9958815038156,101.37432861328124,107.72080993652344,107.1863021850586,128.00291442871094,156.44066147859928,
2008-11-09,4.0,29500,122.67752205573348,54.93385696411133,96.77458190917967,73.14855194091797,85.88868713378906,91.86926070038908,
2008-11-11,4.0,23900,29.74151625397328,49.39361572265625,45.71705627441406,30.465198516845703,28.88034439086914,19.105642023346316,
2008-11-12,4.0,41900,59.04858503133116,97.78213500976562,79.63972473144531,88.89286804199219,109.97673034667967,81.6375486381323,
2008-11-13,4.0,60000,121.1252694974438,100.91304779052734,88.09410858154297,95.11046600341795,110.17170715332033,83.07217898832685,
2008-11-15,0.0,25800,78.18719879031248,16.408042907714844,25.538414001464844,13.136229515075684,9.045602798461914,7.510116731517508,
2008-11-16,0.0,21200,8.565835548313041,5.226319789886475,12.29335594177246,0.0224648565053939,0.9400460124015808,0.7916342412451368,
2008-11-27,0.0,9270,3.694038251856294,5.897308349609375,5.244767189025879,4.369062423706055,3.509368896484375,5.335603112840466,
2008-11-28,1.0,9100,6.105904402912694,16.320112228393555,3.6042380332946777,10.030994415283203,10.669568061828612,15.252334630350184,
2008-11-29,1.0,10900,19.853024834686185,28.533233642578125,19.20745277404785,19.99478912353516,22.271778106689453,36.910311284046685,
2008-11-30,1.0,13200,36.490087951845126,26.173030853271484,22.73714256286621,21.20778465270996,26.751983642578125,38.47548638132295,
2008-12-07,0.0,11200,10.674504749931886,27.10585021972656,28.82971954345703,23.199377059936523,18.312976837158203,26.03540856031129,
2008-12-09,0.0,11100,28.621927325395657,26.42756462097168,31.73784065246582,32.17935562133789,30.765670776367188,33.82529182879378,
2008-12-14,0.0,7000,24.042145364757552,21.130523681640625,14.948668479919434,18.472082138061523,27.205211639404297,30.194357976653716,
2008-12-22,0.0,7000,23.933778183022117,28.09500312805176,11.556445121765137,20.479434967041016,25.396892547607425,32.858365758754886,
2008-12-24,0.0,7680,19.7107093608424,25.652568817138672,9.196938514709473,15.699949264526367,15.648283004760742,21.569066147859928,
2008-12-31,0.0,6840,39.38644545427016,,46.24901580810547,40.35951232910156,61.59678649902344,47.97607003891051,
2009-01-05,0.0,9340,31.566420690140493,40.22743988037109,47.79389190673828,46.25428771972656,51.40093231201172,47.623346303501904,
2009-01-06,4.0,11300,47.83794844352834,115.15221405029295,66.3572769165039,75.53816986083984,85.60722351074219,125.26284046692606,
2009-01-07,4.0,37900,143.26223907871866,181.2535095214844,161.29953002929688,174.35293579101562,191.66677856445312,253.86906614786005,
2009-01-08,4.0,72900,232.7683444232831,193.34591674804688,174.09506225585938,182.24708557128903,203.1248779296875,286.5651750972764,
2009-01-10,2.0,34400,146.32679746107664,46.38068771362305,82.35662841796875,56.478851318359375,78.49454498291016,75.29435797665364,
2009-01-11,2.0,27200,49.7740840290746,30.33433151245117,55.05601119995117,17.60663604736328,43.94926452636719,28.5066147859922,
2009-01-15,0.0,16500,8.254738046248562,0.029057839885354,0.968744456768036,0.1185326129198074,0.6440325975418091,0.0052529182879377,
2009-01-18,0.0,16600,0.0593575523036797,0.0088839121162891,1.093082937586587e-05,2.774122913251631e-05,0.0003073555999435,0.0089494163424124,
2009-01-21,0.0,18800,0.104544932399538,0.0059296349063515,4.414705472299829e-06,6.625527021242306e-06,0.0,0.0,
2009-01-26,0.0,12500,1.930900566100257,3.7726006507873535,4.879023551940918,1.1046638488769531,2.012900352478028,0.2223735408560311,
2009-01-31,0.0,10700,12.780011474714264,6.482996940612793,10.566810607910156,7.601647853851318,14.73939609527588,4.651945525291829,
2009-02-03,0.0,11200,13.556133840697855,7.910867214202881,20.221811294555664,12.275331497192385,16.217342376708984,11.178599221789884,
2009-02-06,0.0,11500,1.002829827015452,5.181498050689697,4.560441493988037,6.68536376953125,2.8153042793273926,3.719649805447472,
2009-02-08,0.0,10000,3.661250477747762,6.338415622711182,4.574483871459961,6.686293601989746,2.848367691040039,3.8513618677042807,
2009-02-20,0.0,7080,0.4323365194638425,0.0238239578902721,0.2915402054786682,0.7562561631202698,0.5143867135047913,0.0,
2009-02-21,0.0,7710,0.3111166340489489,0.1306232810020446,0.0512549765408039,0.0202830825001001,0.1151353642344474,0.0,
2009-02-27,0.0,9220,37.92384704830789,22.175539016723636,42.21443557739258,29.78627014160156,48.4627571105957,22.835603112840467,
2009-02-28,1.0,8230,23.269235226871263,8.010454177856445,8.193976402282715,4.172235488891602,4.766920566558838,3.945330739299612,
2009-03-01,1.0,7830,5.349284903588615,13.569561958312988,7.604494094848633,12.211488723754885,13.893037796020508,15.17334630350194,
2009-03-02,1.0,8710,13.304300182469833,20.844724655151367,18.817794799804688,27.289928436279297,26.6970329284668,29.760116731517503,
2009-03-06,0.0,9360,24.61267878714928,26.67881202697754,16.53977394104004,16.521190643310547,14.263806343078612,23.860894941634243,
2009-03-21,0.0,11500,40.635659632937234,28.90691375732422,22.621566772460938,23.24248313903809,20.57391166687012,32.47431906614788,
2009-04-10,0.0,14000,0.2103135746903272,1.467177152633667,2.104613780975342,1.0736899375915527,3.3402140140533447,0.046692607003891,
2009-05-02,0.0,12200,0.6619024865020309,3.0891778469085693,1.2631778717041016,1.865412950515747,2.752837657928467,7.757782101167305,
2009-05-04,1.0,16100,5.450674956088822,14.937896728515623,12.43458652496338,13.14472770690918,19.343395233154297,21.96400778210115,
2009-05-05,1.0,18400,21.67438623888608,39.52945709228516,50.00722503662109,47.3511848449707,48.69704818725586,56.79085603112839,
2009-05-19,0.0,25900,8.091021015239349,16.17951011657715,8.652301788330078,9.848028182983398,12.404788970947266,9.18813229571984,
2009-05-31,0.0,29000,0.0075984705205255,0.0,0.0070129269734025,0.0,0.004324153997004,0.0,
2009-06-05,0.0,29500,0.0,0.0,0.0005018736119382,0.0025212331674993,0.0861886888742446,0.0005836575875486,
2009-06-19,0.0,22300,3.247156786106226,5.642577171325684,6.6045637130737305,1.1668708324432373,2.776405572891236,7.2215953307393,
2009-06-24,2.0,15000,9.735131923469668,7.609714508056641,2.081634044647217,8.552176475524902,2.512277126312256,12.350194552529182,
2009-06-25,2.0,15400,8.417567885383548,6.6967082023620605,8.7951078414917,6.842095375061035,8.671643257141113,6.3850194552529205,
2009-06-26,0.0,17700,8.144367112178243,6.6967082023620605,8.922808647155762,6.9501800537109375,8.857995986938477,6.355836575875489,
2009-07-08,0.0,14500,12.146196935508607,7.27452278137207,6.584653377532959,3.273423194885254,7.629372596740723,5.586186770428012,
2009-07-10,0.0,13500,1.993485662928136,0.2990987598896026,2.1843132972717285,2.6750893592834477,6.184179306030273,1.24863813229572,
2009-07-29,0.0,10500,0.4562562144137509,5.6555914878845215,1.7262369394302368,0.3254290521144867,0.0306292753666639,5.691634241245135,
2009-07-31,0.0,12000,8.46568832267343,5.675596714019775,1.3708091974258425,3.329909563064575,0.5660988092422485,8.020817120622569,
2009-08-10,2.0,7130,0.5724168282839599,18.283082962036133,0.5277993083000183,10.18873119354248,17.779468536376953,13.159143968871588,
2009-08-11,2.0,8090,27.537441714259664,25.29194641113281,4.739889621734619,27.63688850402832,35.597679138183594,33.838521400778205,
2009-08-15,0.0,7180,13.645831733547157,13.885146141052246,2.962477445602417,8.353312492370605,11.450287818908691,14.710894941634244,
2009-08-17,0.0,7090,3.166678776351751,0.0,0.1028887927532196,0.156466469168663,0.257080465555191,0.2357976653696497,
2009-08-28,0.0,6030,0.0380458892668093,0.0692949891090393,1.4876070022583008,0.000346095097484,0.0003033073735423,0.1865758754863813,
2009-09-04,0.0,7000,19.4988279029877,31.078338623046875,16.280067443847656,19.565326690673828,2.03319787979126,21.893774319066168,
2009-09-05,1.0,7570,20.55641490167557,32.791229248046875,18.72174835205078,23.396875381469727,13.486159324645996,32.54630350194554,
2009-09-06,0.0,7590,22.768929261015728,39.89453125,7.594559669494629,25.02557182312012,25.77136611938477,41.711673151750944,
2009-09-15,2.0,7690,0.0927571714780049,0.0,0.0321976505219936,0.0960263460874557,0.2041959762573242,1.090077821011673,
2009-09-16,2.0,7540,0.0927571714780049,0.3855811655521393,0.0281588304787874,0.1240951120853424,0.4624806344509125,1.078793774319066,
2009-09-17,2.0,7600,0.866912046978277,0.3855811655521393,2.683143615722656,0.8470731377601624,2.0759477615356445,0.7836575875486387,
2009-09-18,2.0,7650,0.9096309745022724,5.409272193908691,2.6575422286987305,0.8457784652709961,2.0178847312927246,0.7750972762645919,
2009-09-19,2.0,7560,3.697822183121956,15.86062717437744,10.101692199707031,7.865077018737793,17.21843719482422,14.109533073929963,
2009-09-20,0.0,7200,15.288422560656752,15.86119556427002,7.733714580535889,7.691713809967041,15.657328605651855,14.795330739299612,
2009-09-24,0.0,5480,0.0014741874226933,0.0,0.0001578113588038,3.4655677154660225e-05,0.0077736913226544,1.8647859922178984,
2009-09-25,0.0,5360,0.0333766731892999,0.0,0.0001578113588038,3.4668250009417534e-05,0.0100836465135216,1.0875486381322954,
2009-10-03,0.0,6160,22.04865198916298,15.73682689666748,10.147740364074709,13.044179916381836,19.95787048339844,17.16361867704279,
2009-10-13,2.0,4850,0.5125430223343264,5.207716941833496,15.418991088867188,2.302067279815674,1.76455557346344,3.723929961089493,
2009-10-14,2.0,4980,5.359087957772222,22.793624877929688,37.43758392333984,29.63282966613769,26.09882354736328,35.82256809338522,
2009-10-15,4.0,5590,25.64588719385945,29.018295288085938,42.36941909790039,32.849544525146484,27.945594787597656,36.99513618677044,
2009-10-16,4.0,5990,28.993300190049425,73.92454528808594,46.96962738037109,36.7418212890625,35.018646240234375,70.49513618677042,
2009-10-17,4.0,22000,74.17637858336104,104.7704849243164,80.344482421875,65.93074035644531,78.2430191040039,107.70097276264588,
2009-10-18,4.0,29200,106.74991970399596,105.53522491455078,84.46866607666016,71.28323364257812,88.93199157714844,111.26731517509722,
2009-10-21,0.0,10100,5.016709378147658,13.203007698059082,8.35053825378418,8.577510833740234,15.891117095947266,13.277042801556428,
2009-10-23,1.0,10900,20.535208451860797,53.15984725952149,41.15103912353516,47.73667907714844,41.19932556152344,55.711284046692604,
2009-10-25,1.0,15800,50.699158719161176,59.33710479736328,37.87922668457031,40.62875747680664,26.037317276000977,58.62334630350194,
2009-10-26,1.0,19800,71.52773802355554,56.829551696777344,27.338951110839844,55.110965728759766,55.09129333496094,78.88073929961097,
2009-10-28,4.0,19500,67.53464621996389,39.58830642700195,24.89702415466309,59.13047409057617,59.52507400512695,67.34182879377438,
2009-10-29,4.0,17000,43.27086038680936,24.89888381958008,17.24887466430664,21.463115692138672,24.76634788513184,24.381128404669266,
2009-10-30,4.0,19800,30.30899809988974,48.22352600097656,35.160343170166016,23.917146682739254,39.270973205566406,48.98852140077821,
2009-10-31,4.0,45400,64.03434612509398,54.8248291015625,77.93563842773438,55.025150299072266,75.25802612304688,67.88735408560314,
2009-11-05,2.0,19600,2.183418736393772,32.20638656616211,11.138477325439451,13.128202438354492,19.34910774230957,34.55369649805451,
2009-11-06,2.0,26800,37.76891397736587,56.70967864990234,52.27686309814453,57.01604080200195,55.55585479736328,63.13560311284049,
2009-11-09,1.0,22100,64.58461954186797,44.89093780517578,42.04346084594727,55.58211517333984,70.31489562988281,58.424319066147845,
2009-11-15,4.0,15800,21.983443602834107,46.31900024414063,43.4864616394043,39.959617614746094,48.32858276367188,53.579571984435816,
2009-11-16,4.0,30200,51.009139579409165,98.2505340576172,78.94586181640625,75.63349151611328,86.83267211914062,87.80116731517509,
2009-11-17,4.0,66000,105.256179790082,118.58946228027344,126.77822875976562,120.74464416503906,134.2660369873047,122.32140077821008,
2009-11-18,1.0,58400,128.21729642642845,117.10148620605467,109.4059600830078,104.84803771972656,114.93394470214844,94.6857976653696,
2009-11-19,1.0,42200,119.47369222112184,100.34521484375,102.65322875976562,116.1261749267578,125.43983459472656,97.1830739299611,
2009-11-20,1.0,52700,97.21129446412591,98.93597412109376,87.49829864501953,103.56784057617188,122.72247314453124,95.36128404669265,
2009-11-24,2.0,27900,40.123661613259216,32.337120056152344,59.97656631469727,55.96401977539063,70.21018981933594,42.83365758754864,
2009-11-25,2.0,29400,39.13070368675077,39.324337005615234,26.890195846557617,22.352140426635746,39.79337692260742,35.31848249027237,
2009-11-26,2.0,47900,53.47398665575328,37.8034553527832,36.32391357421875,39.50081634521485,54.68794250488281,62.80233463035019,
2009-11-27,0.0,55600,55.90475338195446,35.187408447265625,30.237022399902344,28.92562484741211,37.25472640991211,60.54941634241244,
2009-12-12,0.0,11400,0.4056730407936121,0.0,0.0053807306103408,0.0052164271473884,3.69011116027832,1.1223735408560327,
2009-12-16,0.0,9920,27.6447858696458,48.00635528564453,21.54288673400879,51.70302581787109,56.90560531616211,40.53190661478597,
2009-12-19,0.0,11100,41.82726959087779,20.34914970397949,39.401737213134766,16.714324951171875,34.917633056640625,16.567704280155652,
2009-12-20,1.0,13100,23.87541487435436,33.739784240722656,54.95442581176758,19.688676834106445,30.979633331298828,43.06108949416344,
2009-12-21,1.0,22500,40.56013000752228,42.8914794921875,83.21495056152344,53.726318359375,41.02965545654297,79.35272373540859,
2009-12-27,0.0,13200,0.0335334610170818,0.0,0.0,0.0,0.0234340745955705,0.0429961089494163,
2009-12-30,0.0,10200,1.624667302535065,9.738253593444824,12.892035484313965,6.218507766723633,9.718999862670898,7.846887159533078,
2010-01-08,2.0,17400,11.82346650951784,20.75727844238281,15.920607566833496,2.532788753509521,9.888590812683104,24.241245136186755,
2010-01-09,2.0,17400,26.18006696595621,23.850040435791016,38.081153869628906,22.319448471069336,35.92533493041992,26.945525291828776,
2010-01-10,3.0,19400,28.88941687502365,28.124759674072266,39.90827941894531,22.321083068847656,37.188602447509766,32.51692607003889,
2010-01-11,3.0,20500,34.55592547441289,41.31904602050781,80.96604919433594,39.059669494628906,38.24570083618164,40.74299610894943,
2010-01-12,3.0,33300,47.54835754902352,51.85313415527344,108.01608276367188,35.068458557128906,40.4212760925293,55.445525291828815,
2010-01-14,2.0,28100,69.49567304286629,43.69249725341797,87.19983673095703,40.03507232666016,66.57766723632812,53.70330739299615,
2010-01-15,2.0,33500,55.34717973149301,50.90106201171875,117.65089416503906,63.833343505859375,121.94239807128906,64.62101167315178,
2010-01-17,1.0,30800,53.76825049473952,35.880577087402344,87.0555191040039,46.9840202331543,95.90196228027344,35.64338521400778,
2010-01-18,1.0,21300,38.65772275971409,19.380142211914062,15.453341484069824,19.806421279907227,19.560361862182617,9.3647859922179,
2010-01-19,1.0,18100,15.683814531553672,12.355504035949709,15.842025756835938,21.48497772216797,21.771453857421875,7.601167315175098,
2010-01-20,1.0,17100,9.566676860835926,7.0384016036987305,12.953450202941896,16.50753402709961,15.115819931030272,3.9186770428015567,
2010-01-26,0.0,12700,14.112634801797311,14.900421142578123,18.42835998535156,19.771791458129883,18.779619216918945,13.343579766536957,
2010-01-28,0.0,12000,4.120644364533385,0.0,1.48778235912323,0.9312517642974854,2.060962438583374,0.0068093385214007,
2010-01-30,0.0,9500,2.5706367136696424,9.554439544677734,10.779959678649902,5.290884017944336,4.535828590393066,7.255058365758753,
2010-02-05,0.0,12000,5.40669215900599,8.50863265991211,10.9282865524292,7.383648872375488,10.707731246948242,5.285992217898837,
2010-02-11,1.0,9650,2.596694077142509,15.684188842773438,16.783222198486328,13.885717391967772,21.73984146118164,16.568871595330748,
2010-02-12,1.0,9380,15.299982808973066,27.2514705657959,43.61367034912109,37.00297546386719,46.4575424194336,30.84766536964981,
2010-02-13,1.0,9780,28.122661603122985,35.658241271972656,50.30635833740234,45.914852142333984,58.90587615966797,39.547859922179,
2010-02-14,1.0,11600,37.0118394208,33.19013977050781,61.17424392700195,48.74518966674805,64.6369400024414,34.036770428015565,
2010-02-21,0.0,10600,0.3062676864782576,0.0,0.0001892483414849,5.0469822765464294e-11,0.0,0.0085603112840466,
2010-02-22,0.0,11200,0.2084933071393683,0.0,0.0001891453430289,0.0,0.0,0.0085603112840466,
2010-02-23,0.0,10100,0.1743001908132446,5.287392616271973,0.0004884881200268,0.0025584762915968,0.4541962742805481,2.361673151750974,
2010-02-26,1.0,9880,18.322118540155124,29.21927261352539,36.006534576416016,37.00287628173828,43.09909057617188,27.48443579766537,
2010-03-05,0.0,10600,13.730715109991626,6.118308067321777,0.4721753895282745,10.46617317199707,7.541473388671875,5.696692607003894,
2010-03-07,0.0,9970,0.3182982786945432,4.003518581390381,0.1401269882917404,0.2484844326972961,0.0833827406167984,3.616731517509727,
2010-03-08,0.0,9770,4.432869988852661,4.3205671310424805,7.8912248611450195,4.5072021484375,5.469583988189697,3.917898832684824,
2010-03-11,0.0,7390,4.841954111555204,29.832311630249023,27.036052703857425,25.69049453735352,30.38680458068848,25.64824902723735,
2010-03-16,2.0,7710,8.094745706293393,15.366050720214844,9.470157623291016,5.9818220138549805,9.803868293762209,12.422373540856036,
2010-03-17,2.0,8510,15.859441698953976,17.13258934020996,19.59347152709961,11.976326942443848,17.4818058013916,15.24961089494164,
2010-03-23,0.0,10800,20.636755268344565,16.09710121154785,28.643314361572266,20.38750457763672,25.5694522857666,15.943190661478596,
2010-03-24,0.0,10700,19.05149140791192,4.300219058990479,15.2346773147583,11.72551441192627,11.774432182312012,2.75486381322957,
2010-03-28,1.0,11500,26.16965772014959,32.983245849609375,28.04570770263672,30.107629776000977,29.647537231445312,31.253696498054467,
2010-03-29,1.0,12200,32.63034226213997,49.8398666381836,53.72990798950195,54.63947296142578,54.33955001831055,47.72392996108948,
2010-04-07,0.0,11900,21.63056214527008,37.444557189941406,21.810396194458008,22.223033905029297,21.22922134399414,37.853501945525295,
2010-04-09,0.0,13500,38.99998473232152,35.10333251953125,49.71986770629883,34.3409423828125,46.81580352783203,33.19513618677042,
2010-04-22,0.0,14500,14.83856213769148,12.84017562866211,13.55943202972412,20.96967315673828,13.753753662109377,12.80077821011673,
2010-04-26,1.0,11400,17.342447405552576,16.9915771484375,18.88018798828125,24.10344886779785,19.97647857666016,16.04747081712062,
2010-04-27,1.0,12800,17.313936883804253,18.24924087524414,20.21040725708008,21.66739654541016,18.112628936767575,21.91186770428015,
2010-05-02,1.0,10900,15.418040149925318,27.296783447265625,7.282392501831055,13.518343925476074,12.289647102355955,29.62782101167314,
2010-05-03,1.0,15300,30.090902482574347,47.66959381103516,32.996280670166016,46.05952835083008,50.949317932128906,49.547665369649806,
2010-05-06,0.0,14400,38.203300213693225,11.855291366577148,12.15235996246338,21.2856559753418,20.874202728271484,7.842607003891047,
2010-05-09,0.0,11200,1.2533919656866035,0.1323968768119812,0.4421799778938293,7.218840599060059,3.407012462615967,0.2766536964980544,
2010-05-12,0.0,11700,0.0389942637754668,0.0,0.2480541169643402,0.3372056186199188,0.6674594879150391,0.0237354085603112,
2010-05-19,1.0,23300,10.291179727947464,23.53719711303711,9.09317398071289,12.252793312072754,15.427640914916992,24.13404669260699,
2010-05-20,1.0,22800,23.809621410357124,29.002593994140625,27.60036849975586,33.0317268371582,28.57313537597656,29.9577821011673,
2010-05-26,0.0,13300,3.1270898660007385,8.990321159362793,11.016195297241213,10.82315731048584,13.254342079162598,8.9068093385214,
2010-05-28,0.0,17200,28.441443615091742,34.492706298828125,23.598613739013672,44.77169799804688,34.02970886230469,35.4,
2010-05-29,0.0,20100,36.45092545048001,29.964832305908203,21.008699417114254,47.54194641113281,29.21787643432617,29.331128404669265,
2010-06-01,1.0,20600,13.140521983914104,19.00253295898437,22.39735984802246,13.59635066986084,24.95870590209961,13.36964980544747,
2010-06-02,1.0,21400,16.615868069989656,33.57010269165039,52.07862854003906,42.19466781616211,48.7075080871582,30.38579766536963,
2010-06-03,0.0,29800,35.60320845138047,31.625703811645508,42.91645050048828,36.9011344909668,42.54707717895508,26.947470817120603,
2010-06-07,0.0,21600,18.573787760607196,18.358577728271484,6.82239294052124,16.451934814453125,19.459346771240234,16.057003891050595,
2010-06-08,0.0,25600,18.852577430373955,24.26959991455078,6.4947357177734375,15.53501796722412,18.321531295776367,21.9114785992218,
2010-06-12,0.0,22100,14.128753347907317,3.8554844856262207,8.812578201293945,9.621373176574709,15.326048851013184,2.6828793774319064,
2010-06-16,0.0,17600,9.81993879606154,17.404006958007812,10.725825309753418,13.85557746887207,16.757619857788086,10.325486381322955,
2010-06-18,0.0,16100,14.554380480724037,8.526115417480469,10.80274486541748,14.30954933166504,17.40165138244629,5.021400778210113,
2010-06-21,0.0,20100,6.75783556565085,10.1220703125,3.844313859939575,9.964455604553224,4.312878608703613,6.048443579766536,
2010-06-23,0.0,21100,4.465760999557965,0.3283924460411072,0.7026407122612,3.67026424407959,1.8665001392364504,0.1108949416342412,
2010-07-02,0.0,21000,4.282164434655293,4.352598190307617,4.575825214385986,3.2515969276428223,8.44452953338623,2.3632295719844354,
2010-07-04,1.0,15800,3.2476099399668583,2.8959639072418213,3.75427770614624,3.10029411315918,8.957259178161621,1.6571984435797664,
2010-07-05,1.0,14500,2.6240745703084305,1.917895555496216,1.192175030708313,1.8967416286468504,2.8564658164978027,1.1564202334630351,
2010-07-10,1.0,27300,0.0,0.0,0.0073368498124182,1.967994421647745e-06,0.0778885632753372,0.0,
2010-07-11,1.0,28000,0.0,0.0,0.007461205124855,0.0022651811596006,0.0784266665577888,0.0073929961089494,
2010-07-31,0.0,14900,0.1319177814186808,8.19410514831543,0.3411647379398346,0.4258728623390198,0.1300436407327652,6.189494163424124,
2010-08-08,0.0,12500,7.589651999001242,9.839102745056152,2.52197790145874,3.200158834457397,5.968959808349609,6.192607003891051,
2010-08-09,0.0,13300,8.80792924979934,13.258659362792969,2.660251379013061,5.093987464904785,5.99193286895752,8.300778210116734,
2010-08-12,0.0,12000,3.171357552744413,0.0057412041351199,1.8408077955245967,3.0128722190856934,0.4320496618747711,0.1217898832684824,
2010-08-18,0.0,11700,0.0999082225494186,0.0964870452880859,2.920715758136794e-07,0.0,0.0,0.1992217898832685,
2010-08-21,0.0,10100,1.137466539304933,1.2011313438415527,0.0810948014259338,0.1586070656776428,0.5378206372261047,0.3982490272373541,
2010-08-23,0.0,8580,2.3629617546716206,1.9525506496429443,0.598561704158783,0.9500073790550232,2.8108222484588623,0.9367704280155642,
2010-08-24,0.0,9450,2.333483743292358,0.7514193654060364,0.5485183000564575,0.9497849345207214,2.810260534286499,0.6108949416342411,
2010-08-29,0.0,8270,13.328409199142804,5.737509727478027,3.533699750900269,3.737558364868164,4.271286964416504,3.2832684824902723,
2010-08-30,0.0,8040,5.322630975496497,6.979482650756836,0.8246679306030273,2.3242897987365723,2.024726152420044,1.4214007782101166,
2010-08-31,2.0,7650,5.187414926090135,30.92787170410156,15.185830116271973,12.064083099365234,4.395527362823486,27.468677042801577,
2010-09-01,2.0,9380,33.09655066924352,31.30345916748047,22.65930938720703,20.3643856048584,14.242401123046877,27.29416342412453,
2010-09-03,0.0,6410,28.862460791805123,1.0848004817962646,7.704019069671631,8.571197509765625,10.593822479248049,0.2696498054474709,
2010-09-09,0.0,8880,25.28304205033536,14.015094757080078,17.22804069519043,26.583778381347656,38.76420211791992,15.141439688715952,
2010-09-11,1.0,9880,11.223996179031891,10.558844566345217,2.3140416145324707,5.2319159507751465,5.649923801422119,4.962840466926071,
2010-09-12,1.0,9550,7.243514347637614,21.230432510375977,1.9498798847198489,12.528939247131348,10.017324447631836,17.964202334630354,
2010-09-13,1.0,11400,20.24825238830425,18.726030349731445,1.2002147436141968,12.384990692138672,9.733948707580566,16.975680933852143,
2010-09-24,4.0,13800,12.62262142515304,16.947998046875,4.522356033325195,11.887096405029297,14.11821460723877,11.563229571984436,
2010-09-25,4.0,13700,13.928623327249964,23.675525665283203,4.5148444175720215,11.88665008544922,14.118062019348145,17.408949416342413,
2010-09-26,4.0,12400,19.733405356952492,23.67742919921875,30.439083099365234,17.135820388793945,29.47682762145996,18.362840466926063,
2010-09-27,3.0,14900,20.56962523008225,30.29505920410156,31.2617301940918,11.490970611572266,24.779125213623047,23.66108949416342,
2010-09-28,3.0,16400,30.369336510237385,30.475215911865234,31.308164596557617,17.26035499572754,31.923982620239254,21.21653696498054,
2010-10-02,0.0,10400,0.2983154871651945,0.2148074805736541,0.0002252987906103,0.0055659492500126,0.0020085549913346,0.1227626459143969,
2010-10-08,4.0,6540,0.3697514343801102,7.793345928192139,1.212635517120361,0.3602656424045563,0.2558596730232239,6.318482490272376,
2010-10-09,4.0,6480,6.598214144274026,47.257789611816406,21.095821380615234,12.438605308532717,29.90015411376953,53.57704280155642,
2010-10-10,4.0,17400,54.22602487229973,65.8057861328125,64.82461547851562,55.392459869384766,80.1949462890625,70.31050583657586,
2010-10-12,0.0,17000,68.3639655783552,21.845966339111328,43.87594985961914,43.1584587097168,51.57803726196289,18.156809338521377,
2010-10-20,0.0,10800,0.1159847038686738,0.0,0.0198746211826801,0.0024070055224001,0.0605067834258079,0.0011673151750972,
2010-10-21,0.0,11200,0.0374302104365679,2.8135225772857666,3.981651843787404e-06,3.2105419904837618e-06,0.0599967800080776,1.4916342412451369,
2010-10-23,2.0,9880,4.032892922895968,15.75518035888672,4.536372661590576,3.646090507507324,9.090948104858398,18.312645914396903,
2010-10-24,2.0,11600,15.799281067717295,32.55429458618164,29.154191970825195,38.64781951904297,42.97627258300781,44.44066147859925,
2010-10-27,0.0,16100,62.02224662350259,23.75230598449707,91.19308471679688,62.1500244140625,71.22079467773438,35.60836575875487,
2010-10-31,3.0,13700,25.95313958553789,27.68282699584961,17.109968185424805,17.609811782836914,28.58696174621582,30.87879377431907,
2010-11-01,3.0,15700,29.47566732156725,63.12535858154297,54.15970230102539,64.2944564819336,86.82608795166016,76.58365758754867,
2010-11-02,3.0,29000,69.57816636402794,54.624794006347656,60.44937896728516,67.04239654541016,89.9086685180664,64.35447470817124,
2010-11-04,1.0,15600,43.09497514392992,2.2821831703186035,6.305257320404053,2.749271869659424,3.9384286403656006,1.1087548638132294,
2010-11-05,1.0,13900,1.48239388060667,7.982158660888672,0.3154654204845428,0.2337591648101806,0.0756256729364395,9.199805447470824,
2010-11-06,1.0,13600,9.137363277269968,27.23236656188965,17.623926162719727,9.346710205078123,5.500057220458984,35.480350194552514,
2010-11-07,1.0,19400,31.819323082370587,39.43777847290039,44.54169464111328,32.141456604003906,27.61376953125,47.79941634241243,
2010-11-13,3.0,10700,10.125592709212906,17.031265258789062,18.28162956237793,15.50916576385498,17.05411148071289,17.152918287937744,
2010-11-14,3.0,11200,17.43384700836026,18.487401962280277,22.443159103393555,23.23830986022949,27.50130653381348,16.89435797665369,
2010-11-15,3.0,13000,17.06688718630774,47.06774139404297,27.887454986572266,32.133750915527344,38.720489501953125,54.11400778210116,
2010-11-16,3.0,25500,49.53226003273039,50.105918884277344,52.403079986572266,58.14079284667969,67.19281768798828,59.52684824902724,
2010-11-25,0.0,11500,9.344300192479182,15.912080764770508,3.747488498687744,4.957732677459717,11.098756790161133,11.043774319066149,
2010-11-29,1.0,11000,21.285810704176743,22.074352264404297,12.904230117797852,11.680913925170898,18.95764923095703,22.94513618677043,
2010-11-30,1.0,11400,19.96825047075881,44.03986358642578,68.2129898071289,42.836082458496094,59.25841522216797,52.67743190661479,
2010-12-02,0.0,12800,51.757841256726266,37.4638900756836,74.0052261352539,47.22808074951172,63.9610595703125,41.30700389105059,
2010-12-07,2.0,10000,1.77715678869508,14.305753707885742,5.01024341583252,3.0499188899993896,3.514512777328491,16.674708171206223,
2010-12-08,2.0,12100,15.601275337802116,45.14253616333008,34.7030029296875,36.44340896606445,38.221981048583984,50.41945525291828,
2010-12-11,3.0,17900,70.63704779548269,76.32487487792969,59.89005279541016,65.94108581542969,66.72389221191406,94.60894941634244,
2010-12-12,3.0,37500,87.78597525158901,121.54673767089844,104.10840606689452,121.728515625,115.26629638671876,145.96634241245133,
2010-12-13,3.0,83500,142.1188586196198,129.88685607910156,84.67738342285156,113.96769714355467,99.9140853881836,160.68385214007782,
2010-12-14,0.0,56700,148.23973434513888,102.6218032836914,114.26160430908205,129.1487579345703,118.87213134765624,121.4949416342412,
2010-12-23,3.0,8890,8.085978975435843,19.03402328491211,17.750469207763672,14.476879119873049,28.79487609863281,19.255836575875502,
2010-12-24,3.0,9210,17.538699810573007,32.50815963745117,31.753589630126957,24.57080078125,38.88272857666016,34.72470817120623,
2010-12-25,3.0,9970,31.91673620258606,39.650535583496094,45.58220291137695,32.44043731689453,46.92970657348633,37.65252918287938,
2010-12-26,3.0,10300,38.86714536692399,39.60990905761719,56.95928955078125,36.39323425292969,48.96631622314453,36.51945525291826,
2011-01-05,2.0,8700,1.603822178372278,21.722993850708008,34.70988464355469,19.38945960998535,17.9090576171875,18.965175097276266,
2011-01-06,2.0,8440,18.753659660537306,43.478851318359375,71.13023376464844,48.706153869628906,50.56578063964844,49.53346303501947,
2011-01-07,2.0,13200,41.406676869615055,56.598731994628906,116.75617980957033,74.97673797607422,78.69271087646484,76.99863813229577,
2011-01-12,1.0,10100,23.76477248141748,43.197357177734375,41.115989685058594,39.03389358520508,38.7170524597168,60.27120622568095,
2011-01-14,1.0,28700,90.26429825576724,89.50439453125,120.25544738769533,98.8865966796875,101.61305236816406,138.0791828793774,
2011-01-15,2.0,38600,106.72868253398924,99.49665832519533,94.1199722290039,65.58222198486328,70.08629608154297,93.40389105058362,
2011-01-16,2.0,41000,119.0496289228903,125.69865417480467,119.03831481933594,88.50212860107422,71.3443374633789,144.98424124513616,
2011-01-17,2.0,74700,142.1209770976984,111.6855239868164,104.37107849121094,106.89181518554688,82.79325866699219,144.49649805447473,
2011-01-18,0.0,70300,124.7641090840728,79.25619506835938,90.59898376464844,103.72288513183594,79.27385711669922,133.65447470817122,
2011-01-20,1.0,26000,21.4658680894222,21.40641975402832,14.760764122009276,8.294288635253906,13.427656173706056,13.024319066147864,
2011-01-21,1.0,24800,20.679845116999807,37.4566535949707,37.49101257324219,25.074392318725582,37.91999816894531,42.51867704280157,
2011-01-22,0.0,26100,39.831632861740445,38.360877990722656,39.17231369018555,26.275569915771484,41.17857360839844,45.01050583657589,
2011-01-23,0.0,22200,41.79443974709619,28.207895278930664,27.08773231506348,21.51629447937012,32.8255729675293,37.698832684824914,
2011-01-25,0.0,22200,27.07346655554975,20.481069564819336,42.49966049194336,10.57472801208496,18.68402099609375,23.42782101167316,
2011-02-03,1.0,12800,2.591963665328838,25.676862716674805,0.5991823673248291,7.839114665985107,11.949283599853516,10.947665369649808,
2011-02-04,1.0,14900,20.80628869928714,47.51399993896485,43.60590362548828,25.04059600830078,43.37738037109375,39.28073929961087,
2011-02-05,1.0,21600,42.05236709692487,49.79511642456055,45.415626525878906,26.386510848999023,45.90413284301758,40.261867704280135,
2011-02-06,1.0,18600,44.22900189980722,46.02166748046875,59.74125671386719,28.46762084960937,51.833770751953125,41.601361867704256,
2011-02-07,1.0,19400,44.2162944876783,36.3375358581543,52.85258483886719,40.08076858520508,53.53247833251953,35.80778210116732,
2011-02-11,2.0,13700,2.0252160594238138,8.361443519592285,1.5564614534378052,1.426877737045288,6.527488231658936,6.984435797665368,
2011-02-12,2.0,13300,7.833581270306793,28.89579200744629,27.92329978942871,6.337465763092041,21.366662979125977,26.97626459143969,
2011-02-13,2.0,15200,27.26371894069092,38.993614196777344,57.30272674560547,26.404386520385746,43.13507843017578,44.35778210116732,
2011-02-14,1.0,15100,36.68133653139065,51.53047180175781,75.55485534667969,45.532169342041016,53.55747985839844,64.04124513618677,
2011-02-15,1.0,16800,49.341072643578165,40.72929763793945,65.15093994140625,54.2316780090332,54.125675201416016,58.25544747081713,
2011-02-19,0.0,12800,11.963816427110638,4.554532051086426,6.895443916320801,6.878577709197998,10.78217887878418,10.70700389105058,
2011-02-24,0.0,11600,38.68368840331557,34.22279739379883,21.57665634155273,24.330352783203125,18.48036193847656,39.786186770428,
2011-02-26,0.0,10800,22.53461953853017,11.68922996520996,5.308770179748535,7.404376029968262,3.685102701187134,6.695330739299612,
2011-02-28,0.0,11000,30.567971326731524,58.075340270996094,56.17233276367188,46.645416259765625,66.35504150390625,64.84202334630352,
2011-03-05,0.0,9080,38.47406503894361,34.083946228027344,36.59682083129883,30.05090713500977,38.00532913208008,28.80719844357977,
2011-03-09,1.0,8560,14.857980866101125,45.31437301635742,44.50801086425781,36.32502746582031,42.111270904541016,42.35291828793776,
2011-03-13,2.0,12200,48.53007830488522,55.06295394897461,47.110877990722656,48.33360290527344,58.91915893554688,45.65194552529181,
2011-03-14,2.0,16000,51.2107284121486,62.34445190429688,61.78798675537109,63.097259521484375,64.2723617553711,56.75233463035019,
2011-03-15,1.0,15600,59.116259958274505,74.25694274902344,65.97183227539062,73.8747787475586,69.8047103881836,71.84474708171209,
2011-03-17,0.0,15100,64.45481634367948,50.16327667236328,45.39812850952149,56.488037109375,45.62495803833008,58.06400778210117,
2011-03-26,0.0,8740,9.220024854439153,13.451619148254396,10.562788009643556,6.877134323120117,14.846420288085938,15.677821011673148,
2011-03-29,3.0,7850,17.190648201261837,30.25434875488281,16.73082733154297,19.916622161865234,21.15884017944336,16.316342412451377,
2011-03-30,3.0,12000,33.72352389401505,80.96562957763672,44.23662567138672,62.67951202392578,64.98117065429688,72.07217898832685,
2011-03-31,3.0,29700,97.0504111522812,104.44476318359376,80.249755859375,97.8328857421875,105.56512451171876,125.14747081712063,
2011-04-04,1.0,15600,44.0712715615278,48.414642333984375,43.3968505859375,45.593997955322266,42.18193817138672,51.360311284046745,
2011-04-05,1.0,15900,52.79116641745741,55.95721435546875,44.3988037109375,55.26163101196289,52.241947174072266,56.99319066147866,
2011-04-10,0.0,9690,4.026086045993825,19.95885467529297,16.36475372314453,10.701025009155272,12.03577709197998,13.19357976653697,
2011-04-11,0.0,11000,23.18608795608577,30.81046295166016,42.62207794189453,33.77407455444336,37.90312194824219,28.526653696498062,
2011-04-17,0.0,10100,33.351395808166984,18.556081771850582,7.99665355682373,19.685503005981445,10.696003913879396,24.688132295719853,
2011-04-21,0.0,8110,11.701585096497638,10.639476776123049,6.773242950439453,11.327722549438477,8.69550895690918,8.744552529182876,
2011-04-22,0.0,6710,9.461416839846333,8.428675651550293,5.99319314956665,6.868121147155762,8.104076385498047,5.197081712062255,
2011-04-27,0.0,8750,21.194988532025228,25.386722564697266,26.56375312805176,28.814048767089844,35.089019775390625,24.21167315175097,
2011-05-01,0.0,8100,8.766676858071518,1.8006229400634766,6.154021263122559,2.5088138580322266,4.567018032073975,1.5317120622568106,
2011-05-09,0.0,13500,18.314499048445818,10.409106254577637,18.78898429870605,19.943607330322266,21.446983337402344,15.829377431906623,
2011-05-12,0.0,14300,20.741451239020805,22.894763946533203,26.11721420288086,13.556044578552246,20.96719741821289,21.573346303501964,
2011-05-20,0.0,15100,0.4734302111547422,0.1278740763664245,0.2887855172157287,0.0027880705893039,0.2546176612377167,0.0178988326848249,
2011-05-31,0.0,13400,7.151175911937409,10.716334342956545,1.9387084245681765,19.37318420410156,12.64669418334961,9.63229571984436,
2011-06-01,0.0,17400,8.477281070721691,13.043489456176758,22.680418014526367,24.29238510131836,23.319873809814453,14.650972762645916,
2011-06-09,0.0,31100,10.02576863976288,12.0720853805542,8.897027969360352,11.727579116821287,6.491141319274902,13.05408560311283,
2011-06-11,0.0,27000,4.369778197363329,0.0097522735595703,1.2226908206939695,0.6262722611427307,0.9795092344284058,0.40739299610895,
2011-06-13,0.0,25600,0.8896175902595043,10.784039497375488,5.896180152893066,6.123183250427246,5.053839683532715,8.660700389105063,
2011-06-17,0.0,25800,4.964571692046387,6.108005523681641,2.211448431015014,6.8327717781066895,5.284243106842041,3.557587548638131,
2011-06-20,0.0,25900,9.381485659493103,6.598293781280518,11.87072467803955,11.26761245727539,13.91399383544922,9.806031128404664,
2011-06-26,0.0,25400,5.912726588244283,3.23526668548584,2.9851577281951904,4.320587635040283,7.393885135650635,5.127237354085602,
2011-06-27,1.0,24200,2.3182485719522137,0.0884767323732376,1.23783540725708,1.894378900527954,0.9984903931617736,1.2704280155642012,
2011-06-28,1.0,28200,0.209022944487487,3.317890167236328,2.4183826446533203,0.7363729476928711,0.5041446089744568,0.0624513618677042,
2011-06-29,0.0,33700,1.92791204782088,12.79094696044922,11.439655303955078,5.072464466094971,9.650134086608888,8.218677042801565,
2011-07-12,0.0,24500,0.6427762920128619,6.200069904327393,0.419305682182312,1.7403653860092163,1.4474694728851318,2.6439688715953293,
2011-07-14,0.0,27300,14.136803068509984,17.781465530395508,6.6526288986206055,19.48229217529297,19.223432540893555,18.640077821011666,
2011-07-15,0.0,27300,19.769481853669,13.500986099243164,7.318520545959473,19.065832138061523,22.69918441772461,17.30175097276264,
2011-07-16,0.0,30100,13.890351833872469,13.520941734313965,7.285810947418213,23.51850128173828,22.51167106628418,15.791828793774318,
2011-07-18,0.0,31600,9.927629067554507,10.549238204956056,2.365985870361328,11.523710250854492,4.245850086212158,10.594357976653695,
2011-07-22,0.0,35800,15.2887686240339,13.026689529418944,3.528430938720703,7.066100120544434,5.486631870269775,6.267509727626462,
2011-07-23,0.0,32000,11.41757168680568,8.927310943603516,2.651200771331787,5.709508419036865,2.7240443229675293,5.182490272373543,
2011-08-05,0.0,24800,0.0340936905539721,0.0,2.278415877299267e-06,0.0038339593447744,0.0112081263214349,0.0,
2011-08-08,0.0,21900,0.1193709362128635,0.0,1.305475780100096e-05,0.0523508787155151,0.0382578298449516,0.0054474708171206,
2011-08-14,0.0,18800,0.0948451231794706,0.0,0.1998282968997955,0.0188591480255126,0.2677318155765533,0.0134241245136186,
2011-08-21,3.0,15400,0.0,0.0,0.0001335492852376,0.0041705514304339,0.0036944954190403,0.1042801556420233,
2011-08-22,3.0,16000,0.0094359463310478,8.039412498474121,0.2633363008499145,6.270446300506592,3.246203660964966,8.988910505836582,
2011-08-23,3.0,16900,12.215764824884191,8.597941398620605,7.3415374755859375,13.312339782714844,9.058477401733398,12.582490272373548,
2011-08-24,0.0,17500,13.382732320218532,8.597941398620605,7.341464042663574,13.312339782714844,9.170026779174805,13.444941634241252,
2011-08-26,0.0,15900,1.1796520077516583,0.0,0.0691890567541122,0.000658726261463,0.3502629101276397,0.9396887159533074,
2011-08-27,0.0,14400,0.0141128107017693,0.0,0.0691716745495796,0.0006587505340576,0.2386545240879058,0.0772373540856031,
2011-09-01,0.0,11100,1.6216787770414995,0.6648349165916443,0.1160695105791091,0.9050215482711792,0.7882656455039978,0.0169260700389105,
2011-09-04,0.0,11300,0.1332428297254989,0.0,0.0688665881752967,0.0990162268280983,0.3173374831676483,0.0060311284046692,
2011-09-11,0.0,12100,0.0013212236922134,0.0,0.0048924405127763,1.2666791008086877e-05,0.0368893817067146,0.0,
2011-09-14,0.0,11300,0.2582428301110272,0.1421728581190109,0.0002080226549878,0.0170098543167114,0.0093195289373397,0.0,
2011-09-21,4.0,8230,7.378839384372004,3.861530303955078,2.1650705337524414,0.9868921041488647,3.349125862121582,1.5986381322957188,
2011-09-22,4.0,8060,2.6750019130352207,13.175564765930176,2.3291146755218506,1.4108757972717283,9.46218967437744,11.810700389105056,
2011-09-23,4.0,9090,16.955554462693065,13.175564765930176,2.6954920291900635,1.4161293506622314,10.475884437561035,14.091050583657584,
2011-09-24,4.0,11900,17.08927530485444,11.966750144958496,2.6987900733947754,1.4160906076431274,10.476574897766112,14.729766536964975,
2011-09-25,3.0,11000,15.577952168284012,16.582170486450195,11.811578750610352,6.99705696105957,9.59330940246582,8.659727626459139,
2011-09-26,4.0,8950,13.913481828542498,56.46482849121094,21.607009887695312,42.36483383178711,39.43803405761719,35.02587548638131,
2011-09-27,4.0,17300,54.23273811215801,68.87669372558594,61.58980178833008,65.31734466552734,59.454010009765625,67.96147859922175,
2011-09-29,0.0,13300,56.24104215000176,15.039231300354004,41.36985397338867,24.055076599121094,20.96647071838379,39.88891050583656,
2011-10-02,2.0,8370,7.36541108462744,14.490240097045898,6.11186408996582,3.97062611579895,1.4941163063049316,7.935408560311279,
2011-10-03,2.0,8250,11.151032502759412,22.89054107666016,12.77297306060791,14.061203956604004,6.206181049346924,20.70252918287938,
2011-10-10,1.0,8350,9.905460809543772,21.84929656982422,24.128427505493164,9.863131523132324,14.005779266357422,16.330350194552523,
2011-10-11,1.0,10800,25.20278772467727,52.60861206054688,57.58721160888672,50.83837890625,49.2249755859375,49.963229571984456,
2011-10-12,1.0,25600,62.95506498488254,57.13705825805664,72.12855529785156,66.71456909179688,54.61118316650391,77.66322957198444,
2011-10-22,1.0,13000,32.77679925757401,45.456825256347656,23.22645378112793,47.69493103027344,43.6544189453125,50.63560311284044,
2011-10-23,1.0,20300,55.20658696708527,43.86434555053711,31.495302200317383,48.0801887512207,40.964473724365234,46.4632295719844,
2011-10-25,0.0,13500,31.06039574850541,7.4673590660095215,12.049887657165527,6.197934627532959,6.91818904876709,12.852723735408548,
2011-10-28,1.0,11300,2.690430214016006,18.918678283691406,21.679540634155277,15.32465362548828,32.81562042236328,11.058949416342404,
2011-10-30,1.0,12300,21.98570362395802,36.214725494384766,28.944908142089844,26.32376289367676,47.11376190185547,31.805252918287927,
2011-11-02,1.0,12900,23.442254320009614,14.10195541381836,7.0530548095703125,2.909498453140259,5.3185882568359375,11.105058365758746,
2011-11-03,0.0,14300,14.73713575502462,13.361241340637209,9.091705322265623,13.045913696289062,17.306711196899414,14.97159533073929,
2011-11-05,0.0,13100,14.354321214581669,3.899300336837769,9.010087966918944,14.180058479309082,16.89212417602539,11.636964980544745,
2011-11-07,0.0,12100,0.4086367112738445,10.154136657714844,3.061426877975464,2.429798126220703,4.327432632446289,5.548832684824907,
2011-11-13,0.0,9820,43.98451247873398,54.342750549316406,55.83878326416016,60.92544555664063,59.59297943115234,62.48754863813228,
2011-11-17,0.0,11800,41.21112426409202,47.074005126953125,66.9915771484375,47.90504455566406,62.94257354736328,59.13482490272373,
2011-11-20,0.0,10300,26.5844187498561,12.009099960327148,18.819255828857425,7.369780540466309,11.853256225585938,12.341634241245131,
2011-11-21,1.0,10800,11.519128111819915,31.669553756713867,21.913942337036133,10.540050506591797,17.252275466918945,11.56322957198443,
2011-11-22,1.0,12900,29.29015868769742,101.02742767333984,71.1690673828125,64.67473602294922,74.840576171875,66.77276264591433,
2011-11-25,0.0,25900,121.3260096031211,49.46038436889648,87.91156768798828,81.45586395263672,77.07086944580078,75.58793774319066,
2011-11-26,3.0,19400,52.40867105767021,50.080352783203125,55.49430847167969,28.755088806152344,44.91096115112305,38.67548638132296,
2011-11-27,3.0,28300,55.60302679185435,70.48635864257812,102.4490203857422,55.26628112792969,81.2864990234375,93.6929961089494,
2011-11-28,0.0,57200,82.95116063347287,66.49285888671875,82.21914672851562,41.71060180664063,62.74604034423828,88.11381322957197,
2011-12-05,0.0,14000,0.1722581267893763,0.0948254391551017,0.0015258473576977,0.0011498712701722,0.0331615544855594,0.0017509727626459,
2011-12-18,0.0,8450,6.078374765374845,7.767514228820801,10.608819961547852,3.0659704208374023,7.984439849853516,6.365369649805444,
2011-12-27,3.0,9710,26.977713187462,50.5302734375,33.26554489135742,36.32755279541016,39.08799743652344,29.912840466926085,
2011-12-28,3.0,19600,59.83452966708839,81.4666976928711,75.95052337646484,85.93412017822266,87.88903045654297,86.94902723735407,
2011-12-29,3.0,38400,97.51651818901442,98.12957763671876,100.37318420410156,108.82687377929688,112.60717010498048,112.71381322957198,
2012-01-01,0.0,19200,46.59708604606088,,,39.2896842956543,38.90546798706055,,
2012-01-03,3.0,18200,20.242074548419303,24.785667419433597,28.920108795166016,28.70123863220215,23.33856773376465,33.91342412451361,
2012-01-04,3.0,20200,30.2008814341954,66.20065307617188,66.47806549072266,50.091590881347656,50.38418197631836,58.340856031128425,
2012-01-05,3.0,34500,77.83149912138515,68.02820587158203,92.46698760986328,74.70081329345703,68.3398208618164,82.03813229571983,
2012-01-07,1.0,22000,67.7222754495636,22.860092163085938,35.34586334228516,32.02486038208008,31.55694961547852,36.66517509727625,
2012-01-08,1.0,19100,22.26985470476795,11.001659393310549,8.096305847167969,8.921372413635254,16.51097869873047,4.067898832684824,
2012-01-09,1.0,17900,6.608831744486587,13.529573440551758,20.02544403076172,5.018559455871582,23.124839782714844,5.4622568093385215,
2012-01-14,0.0,15800,10.339984712982684,29.461803436279297,10.709754943847656,10.37549877166748,14.214703559875488,34.170622568093385,
2012-01-16,0.0,15100,36.86177821238,39.88053512573242,21.07405662536621,19.66542625427246,25.513147354125977,40.897859922179,
2012-01-20,1.0,14200,40.1684397789249,57.91825866699219,9.062407493591309,22.74135971069336,11.893062591552734,50.70447470817118,
2012-01-21,1.0,19500,57.1523059225618,63.19671249389648,52.81098556518555,57.81649017333984,53.71630859375,81.42217898832683,
2012-01-24,2.0,16700,45.24038056087864,56.82432556152344,53.469383239746094,47.93428039550781,53.9042854309082,36.96848249027239,
2012-01-25,2.0,22800,61.02892745904764,65.76795959472656,85.7850341796875,63.63254928588867,77.86766815185547,69.6167315175098,
2012-01-28,2.0,19400,39.01103442085304,27.850963592529297,26.35576629638672,18.580774307250977,22.10312843322754,37.91770428015566,
2012-01-29,2.0,19800,27.170661587431496,47.679649353027344,62.38970184326172,33.36431884765625,38.26820755004883,40.006225680933845,
2012-02-03,0.0,21600,22.585741879328346,7.519288063049316,11.661354064941406,14.522854804992676,20.76986694335937,22.01789883268483,
2012-02-05,0.0,17900,0.3735793504639605,0.0,0.0,2.096127900585998e-06,6.539480818901211e-05,0.5377431906614789,
2012-02-08,0.0,15900,0.3650879548189459,7.018476486206055,5.885804653167725,5.042300224304199,5.479072570800781,3.357782101167316,
2012-02-09,1.0,14800,5.244984700868484,11.140617370605469,19.004661560058597,9.18092155456543,32.35435104370117,7.98035019455253,
2012-02-10,1.0,14800,9.125707446940533,12.201281547546388,36.08879470825195,15.428600311279297,50.78388977050781,9.390661478599222,
2012-02-11,1.0,15500,10.550177807846673,8.632417678833008,33.51606369018555,12.870477676391602,50.609161376953125,7.053307392996108,
2012-02-20,2.0,14200,41.07846270110565,36.62084197998047,50.11548614501953,50.042572021484375,59.62808609008789,41.556614785992224,
2012-02-21,2.0,15500,39.66550857659935,73.457763671875,42.916297912597656,47.59989547729492,57.79489135742188,72.16848249027235,
2012-02-22,2.0,34800,75.942749450578,88.91062927246094,64.19058990478516,79.36085510253906,89.20880126953125,109.03560311284043,
2012-02-28,0.0,15600,28.73329827483222,13.945642471313477,6.860092639923096,8.532493591308594,7.212918281555176,10.434435797665367,
2012-03-03,0.0,13100,38.01848561255471,34.364967346191406,47.470970153808594,36.9805908203125,46.1282958984375,44.03657587548638,
2012-03-07,0.0,15900,41.296055474787785,21.477081298828125,47.80734634399414,33.33201217651367,35.85895919799805,46.42373540856028,
2012-03-09,1.0,13400,4.635969402728848,19.122821807861328,12.030484199523926,7.068428039550781,8.355996131896973,10.517315175097275,
2012-03-10,1.0,16900,25.6337801857636,37.6582260131836,29.42915725708008,29.817611694335938,33.66976547241211,39.66848249027238,
2012-03-12,1.0,19200,65.83892360107393,62.56636047363281,54.51152420043945,69.36219787597656,77.11436462402344,72.80447470817123,
2012-03-15,1.0,17400,70.5902084597666,67.19827270507812,79.89302825927734,81.14340209960938,88.77243041992188,84.21828793774321,
2012-03-24,0.0,11900,9.59326387196,1.5043014287948608,4.4812774658203125,4.442099571228027,3.015928030014038,1.9322957198443589,
2012-03-28,0.0,11900,12.091959831965944,26.38655662536621,18.70569229125977,18.91451072692871,19.44171905517578,16.762256809338517,
2012-03-30,0.0,16100,63.26525421523227,65.81063079833984,73.21634674072266,73.92841339111328,68.46180725097656,78.80272373540856,
2012-04-02,1.0,14700,40.95618354747104,23.293672561645508,38.68809509277344,33.637298583984375,32.990447998046875,27.453112840466904,
2012-04-03,1.0,13900,25.403783929294747,14.731828689575195,50.2194938659668,28.33734703063965,31.150081634521484,18.72217898832684,
2012-04-10,0.0,10600,1.2455334589517468,0.2523547410964966,1.3636503219604492,1.1893808732565958e-05,0.0328407883644104,1.641245136186771,
2012-04-12,0.0,12600,7.561533463189519,9.805485725402832,9.405189514160156,4.991935253143311,6.1470232009887695,11.04357976653696,
2012-04-14,0.0,13000,10.68961186193301,3.740424394607544,2.859508514404297,5.293139457702637,11.003213882446287,6.832684824902721,
2012-04-17,0.0,14400,21.90107076092028,23.03814697265625,29.033321380615234,15.977229118347168,21.84112930297852,22.450583657587533,
2012-04-19,1.0,12500,25.928869984901542,38.87006378173828,11.345451354980469,19.43916702270508,25.14514923095703,24.326070038910515,
2012-04-20,1.0,20600,43.56593120336019,46.82992172241211,36.933841705322266,56.22975158691406,51.90480422973633,65.6842412451362,
2012-04-22,0.0,20500,46.30538438615722,10.555956840515137,30.27816200256348,40.62253189086914,33.526573181152344,47.96964980544748,
2012-04-24,1.0,31000,0.2664646279270695,11.94917106628418,6.194362640380859,7.888524055480957,1.6012223958969116,7.1612840466926055,
2012-04-25,1.0,36000,14.131321222835664,25.30883026123047,15.702506065368652,20.103076934814453,14.397125244140623,16.74863813229572,
2012-04-26,1.0,37400,31.17749520337715,36.81453323364258,23.615798950195312,34.88215255737305,23.7797794342041,37.58112840466927,
2012-05-02,0.0,27400,41.0314060339462,32.83594512939453,39.53499603271485,51.20076751708984,41.063472747802734,47.19085603112839,
2012-05-06,0.0,22400,18.8111666284108,8.192651748657227,13.732199668884276,13.673667907714844,10.11776351928711,15.447470817120625,
2012-05-18,0.0,26400,0.3079510442989929,0.0537936426699161,0.0048814779147505,0.0023274987470358,0.0439714714884758,0.0,
2012-05-20,1.0,23300,0.0600021019512093,12.089917182922363,0.3687116801738739,4.501840591430664,1.3506979942321775,7.746692607003891,
2012-05-21,1.0,28200,15.403851422194542,35.57704544067383,20.50770568847656,27.957624435424805,22.666675567626957,33.05019455252917,
2012-05-30,3.0,24600,2.8614767888429227,5.948432445526123,3.126645803451538,3.663878917694092,3.904785633087158,2.486770428015562,
2012-05-31,3.0,25200,6.530692172960831,10.566646575927734,18.1674861907959,9.689292907714844,8.114887237548828,6.692023346303504,
2012-06-01,3.0,31900,11.352852464438753,21.59995651245117,20.74831962585449,18.964744567871094,24.413108825683597,15.688715953307394,
2012-06-02,3.0,45400,25.273655137442496,23.06707191467285,33.902374267578125,23.1334285736084,26.913021087646484,24.65544747081713,
2012-06-03,0.0,47300,26.23020839674067,18.261201858520508,18.577930450439453,16.178712844848633,20.558603286743164,24.045136186770435,
2012-06-04,0.0,36800,19.37711853558869,18.08673667907715,19.013410568237305,8.012273788452148,8.829964637756348,17.057003891050595,
2012-06-16,2.0,26500,2.930778202540232,20.290508270263672,3.727924346923828,4.84036111831665,11.960107803344728,11.143385214007774,
2012-06-17,2.0,41600,23.30049900177699,31.95416259765625,23.05867576599121,10.150288581848145,26.635366439819336,21.859922178988302,
2012-06-21,0.0,35000,5.856791577320839,0.0,1.517289638519287,0.9279353618621826,1.1587828397750854,3.028793774319067,
2012-06-28,2.0,34900,10.480057369737557,9.989663124084473,2.5555193424224854,17.800846099853516,12.164950370788574,10.673929961089495,
2012-06-29,2.0,35100,9.37760804020813,5.14137077331543,5.327702522277832,3.157934188842773,5.75559139251709,2.2011673151750952,
2012-06-30,2.0,37100,2.989965581689938,14.205467224121094,13.686878204345703,2.717198133468628,7.261204719543457,8.21887159533074,
2012-07-01,0.0,44600,14.962764816508711,15.048967361450195,23.2254638671875,7.002104759216309,13.234245300292969,10.128404669260698,
2012-07-05,0.0,35000,22.072967490672585,11.822601318359377,10.749858856201172,16.689287185668945,15.971616744995115,25.32081712062256,
2012-07-10,0.0,42400,0.1713957941917752,0.096290685236454,3.6309573650360103,0.0616946332156658,0.0530437156558036,0.1519455252918287,
2012-07-17,0.0,37700,6.058871891435697,5.307911396026611,0.5098101496696472,3.083909273147583,2.8245506286621094,6.019260700389099,
2012-07-21,0.0,33200,13.112741869693332,15.590093612670898,4.800010681152344,15.713799476623535,5.833043098449707,7.452723735408563,
2012-07-23,0.0,27800,17.05388909719246,9.524429321289062,11.215826034545898,7.235685348510742,6.446761131286621,8.927431906614789,
2012-07-29,0.0,21000,1.0663441671461429,0.237131267786026,0.0026795610319823,0.0844546556472778,0.1901382207870483,0.0,
2012-08-07,0.0,21400,0.0267954109642604,1.0297809839248655,0.1638532131910324,9.0219582489226e-06,1.1159790754318235,0.3568093385214007,
2012-08-11,0.0,18000,0.2190000000643503,0.0,0.0024847276508808,0.0032066954299807,0.044437326490879,0.0237354085603112,
2012-08-19,0.0,14200,0.000791587002075,0.0020569241605699,0.1076008826494216,0.0008348617120645,0.3324088454246521,0.0108949416342412,
2012-08-25,0.0,10900,1.2348891023615909,0.408211886882782,0.4989724159240722,0.2230331748723983,0.4230533242225647,0.0801556420233463,
2012-08-26,1.0,10600,0.8584340343451712,0.0,0.0145868584513664,0.0777434110641479,0.054602175951004,0.3107003891050585,
2012-08-27,1.0,10400,0.0259235185383147,0.0,0.0844960138201713,0.0052646012045443,0.0801665633916854,0.2675097276264592,
2012-09-02,0.0,7560,0.0539961759086491,0.0,0.0002222728653578,6.591616693185642e-05,0.0777904018759727,0.0,
2012-09-06,0.0,9320,0.0007074569987692,0.0,0.0,2.497828972991556e-05,0.0127694718539714,0.0603112840466926,
2012-09-15,0.0,8400,0.2415908220610056,0.0,0.001551111228764,0.0,0.0,0.0,
2012-10-01,0.0,6810,0.1315430211985971,0.943223774433136,0.1444500982761383,0.2470027357339859,0.968827486038208,0.0,
2012-10-05,0.0,6750,0.2729732312433899,0.0,0.0,0.0,0.0009296280913986,0.3356031128404672,
2012-10-12,1.0,6580,0.0344780113614372,12.635985374450684,6.690228462219238,4.780523300170898,3.585494041442871,2.828015564202336,
2012-10-13,3.0,6690,14.879078393905552,35.21913528442383,24.13016891479492,18.34242820739746,20.805763244628903,20.135797665369648,
2012-10-14,3.0,9220,42.5483633109814,76.91017150878906,87.30271911621094,64.27645874023438,72.53236389160156,88.70603112840469,
2012-10-15,3.0,24700,90.89229824529323,91.86924743652344,122.16041564941406,77.72677612304688,86.42630767822266,114.93229571984438,
2012-10-16,2.0,24500,104.73859649816843,82.61244201660156,155.28085327148438,97.29502868652344,107.37248229980467,136.53988326848253,
2012-10-17,2.0,21600,91.20509742022568,43.00795364379883,95.89714050292967,53.02214431762695,57.16755294799805,73.50155642023347,
2012-10-18,3.0,15800,44.43938810292504,49.04443359375,54.76822280883789,35.800785064697266,40.60889434814453,55.40369649805447,
2012-10-19,3.0,21600,52.79414522589116,69.52195739746094,43.43581008911133,45.04962539672852,41.45328521728516,61.948638132295706,
2012-10-21,0.0,22100,85.79501146089507,54.6894645690918,56.46024703979492,66.62556457519531,76.51496124267578,90.47665369649803,
2012-10-22,0.0,17600,53.05352013870134,29.68770980834961,17.63412094116211,27.69721221923828,40.0051155090332,48.32101167315176,
2012-10-27,1.0,13100,18.083632871831803,32.97590637207031,15.63810920715332,18.190357208251957,18.281951904296875,24.90505836575875,
2012-10-28,1.0,20200,39.41505736375698,45.14891052246094,39.983978271484375,33.77374267578125,29.67720603942871,34.713813229571976,
2012-10-30,2.0,35800,63.87252013815521,79.33101654052734,82.65095520019531,70.12525939941406,67.67745208740234,78.00719844357977,
2012-10-31,2.0,45100,87.4970383101622,83.65398406982422,97.7755889892578,95.49642181396484,94.2341766357422,108.66225680933854,
2012-11-01,2.0,40200,96.1582925593192,65.81754302978516,63.46726608276367,83.99638366699219,88.26700592041016,91.90992217898834,
2012-11-02,3.0,32300,79.73408989394599,31.862001419067383,50.282073974609375,57.7431526184082,67.47651672363281,60.71536964980547,
2012-11-03,3.0,30700,36.630405360352015,37.16095733642578,22.923429489135746,27.45579719543457,48.72331619262695,35.62120622568094,
2012-11-04,3.0,38700,39.48332693537494,42.87251281738281,20.01225852966309,25.82679748535156,42.29962158203125,32.2206225680934,
2012-11-05,3.0,40300,48.30650088985951,41.2950325012207,35.90331268310547,35.86649703979492,48.42329406738281,45.1321011673152,
2012-11-06,1.0,34400,48.60649897685866,30.77632141113281,32.35034942626953,25.03373336791992,38.25727081298828,31.278404669260727,
2012-11-14,0.0,26000,49.78877060249248,30.927356719970703,37.62527084350586,48.08460235595703,52.15227890014648,55.7171206225681,
2012-11-17,1.0,17200,13.1462600428587,25.14937210083008,4.5432538986206055,13.36013889312744,7.066601753234863,19.99260700389104,
2012-11-18,2.0,18100,22.949715125181065,50.95998764038086,27.21152877807617,30.25040435791016,25.829010009765625,30.37762645914397,
2012-11-19,2.0,24000,47.921659705743735,97.36014556884766,91.28312683105467,95.82324981689452,72.53575134277344,96.75603112840469,
2012-11-22,2.0,27300,92.4433689899244,45.31834411621094,54.8961296081543,44.61656951904297,53.25482177734375,40.83112840466927,
2012-11-23,2.0,25700,41.39656789466939,66.32061004638672,61.443992614746094,68.56370544433594,65.49545288085938,66.04805447470815,
2012-11-26,0.0,23600,42.33305751137773,5.41827392578125,1.1050599813461304,5.250503540039063,4.306501865386963,10.071400778210116,
2012-11-28,3.0,18900,0.6777609921065844,5.23326301574707,3.1598942279815674,0.8165976405143738,0.8383916616439819,2.440661478599221,
2012-11-29,3.0,18600,4.720130018552678,16.201053619384766,28.510475158691406,30.30883026123047,31.751924514770508,13.411673151750977,
2012-11-30,3.0,20100,16.456860411544483,40.08857345581055,46.990943908691406,43.544700622558594,49.68592834472656,34.334046692607025,
2012-12-01,3.0,27300,44.170367089386886,54.68788909912109,75.00730895996094,81.08639526367188,79.84064483642578,58.58735408560311,
2012-12-04,1.0,27200,71.63344365073436,68.97320556640625,76.04806518554688,67.92163848876953,83.62352752685547,82.84416342412453,
2012-12-08,0.0,22000,67.70897699895727,50.31229782104492,42.38173675537109,46.63193130493164,59.49432373046875,57.08560311284047,
2012-12-10,0.0,17500,34.127059220846114,18.52255630493164,10.0199556350708,14.144254684448242,20.821950912475582,21.031322957198427,
2012-12-24,0.0,12800,22.02106883574854,21.403276443481445,11.765898704528809,17.923107147216797,18.220237731933597,16.77509727626458,
2012-12-25,0.0,13000,21.759892922249158,15.155653953552246,11.522283554077148,15.705942153930664,12.317906379699709,14.13657587548638,
2012-12-31,0.0,12000,5.236758112412533,,7.432235240936279,5.613653659820557,4.9589667320251465,3.6865758754863815,
2013-01-01,0.0,12300,3.970071689846485,,,0.8115935921669006,0.4345855712890625,,
2013-01-08,1.0,17500,61.9178470863211,93.58326721191406,65.52677154541016,67.15361785888672,87.98402404785156,86.28112840466932,
2013-01-09,1.0,27700,108.80818737989172,96.70795440673828,110.1357650756836,113.2328643798828,135.55479431152344,124.19883268482494,
2013-01-27,0.0,13900,27.10271893211161,30.855846405029297,31.75113868713379,23.120927810668945,24.248252868652344,35.94610894941633,
2013-01-28,2.0,13900,33.03922177882808,44.93706512451172,34.955997467041016,28.963661193847656,33.85694122314453,46.35019455252919,
2013-01-29,2.0,13200,45.63123899117026,52.193504333496094,43.915618896484375,41.74431610107422,48.30872344970703,61.52684824902724,
2013-01-30,1.0,14100,51.50286230302449,45.751075744628906,50.55475616455078,45.65795135498047,55.386138916015625,61.84241245136188,
2013-02-06,0.0,16000,20.502342203700334,27.07399177551269,43.916839599609375,28.966285705566406,40.86653518676758,20.26575875486383,
2013-02-11,0.0,13900,0.5835372846371925,1.9389750957489011,0.0845924243330955,0.1110314279794693,1.4220314025878906,0.2328793774319066,
2013-02-12,0.0,12800,0.9559330776087624,8.507179260253906,2.710300207138061,1.8791089057922363,5.182173252105713,4.682684824902725,
2013-02-19,0.0,12300,20.899969390758635,4.220223903656006,12.921988487243652,7.964994430541992,12.072117805480955,8.11964980544747,
2013-02-21,0.0,12000,2.940992350871479,16.39157485961914,13.81466007232666,11.996756553649902,13.231184005737305,11.68618677042802,
2013-02-25,0.0,12400,52.14947039737984,42.85420989990234,79.444580078125,46.15772247314453,56.02013397216797,47.46750972762649,
2013-02-28,2.0,12600,36.201879582943015,34.70097732543945,30.243202209472656,26.25248146057129,31.937671661376957,38.42237354085606,
2013-03-01,2.0,16400,37.66737091324754,44.87264251708984,64.44473266601562,56.00611114501953,63.994049072265625,63.31089494163423,
2013-03-02,2.0,22300,53.765829796872566,51.15480422973633,90.7135772705078,49.7247428894043,66.87324523925781,62.08696498054473,
2013-03-08,0.0,10900,9.200250474210556,7.984718799591064,10.927753448486328,14.230460166931152,10.254273414611816,8.89785992217899,
2013-03-12,2.0,10400,8.35872274186341,42.76728057861328,41.169376373291016,37.91271209716797,50.269020080566406,32.14377431906616,
2013-03-13,2.0,22400,57.48237289174239,53.10991668701172,81.74748229980469,56.76804733276367,66.78462219238281,59.8412451361868,
2013-03-14,2.0,24700,71.25522756023798,54.80417251586914,104.83497619628906,63.69457244873047,73.97079467773438,72.80544747081716,
2013-03-15,1.0,25200,74.52393693518229,33.54302978515625,85.07652282714844,38.30525970458984,43.65461730957031,47.35778210116735,
2013-03-20,0.0,16300,43.77036334994898,51.29124450683594,55.27421569824219,51.895652770996094,53.9761848449707,71.87159533073934,
2013-04-01,0.0,14900,0.0404665391018745,0.0064909709617495,0.0032541486434638,0.0040019485168159,0.0336655974388122,0.0116731517509727,
2013-04-02,0.0,15900,0.0239063097367928,0.0167413316667079,0.5847872495651245,0.0213461928069591,0.1597741991281509,0.0,
2013-04-03,0.0,16500,0.027500955988279,0.0167413316667079,0.6295213103294373,0.0308245979249477,0.177264779806137,0.0,
2013-04-04,1.0,22500,0.04141682595612,17.345531463623047,3.022376537322998,12.349105834960938,6.593805313110352,16.638326848249033,
2013-04-05,1.0,29600,18.95638436775892,37.02475738525391,40.74262237548828,47.97370910644531,35.14665603637695,47.14280155642025,
2013-04-09,0.0,23400,42.7846960132963,22.31745147705078,13.27993106842041,30.761335372924805,26.62343978881836,28.785992217898844,
2013-04-10,1.0,22800,21.814074601495484,27.814529418945312,35.83460998535156,28.573266983032227,26.81835174560547,34.614007782101154,
2013-04-16,0.0,18000,17.815200761889898,9.533136367797852,3.7697136402130127,8.993122100830078,9.833800315856934,8.799416342412457,
2013-04-17,0.0,17200,7.085072647982515,5.845218181610107,0.9442406892776488,3.4579567909240723,2.4638116359710693,5.311478599221791,
2013-04-18,0.0,16600,4.887015292395385,11.907421112060549,2.5750675201416016,2.092576742172241,2.593502759933472,3.758171206225683,
2013-04-20,0.0,17800,22.924864231304305,29.51280212402344,38.50344467163086,29.352298736572266,33.384063720703125,26.997470817120625,
2013-04-23,0.0,17900,20.363789678462663,9.264734268188477,8.338549613952637,8.593765258789062,7.5047607421875,15.920817120622564,
2013-05-11,2.0,35000,0.0238776289591704,5.28552770614624,0.01373041421175,0.0001142997789429,0.0957272574305534,0.0272373540856031,
2013-05-12,2.0,36800,1.781650096464975,19.289125442504883,9.937217712402344,5.6810479164123535,18.170557022094727,10.691050583657594,
2013-05-13,2.0,45400,18.754506700583395,41.18219757080078,24.253124237060547,13.920854568481444,27.024131774902344,34.06284046692608,
2013-05-14,0.0,46800,41.94290631627962,36.40434646606445,41.20921325683594,21.472963333129883,34.10002136230469,40.997859922179,
2013-06-02,0.0,19800,6.518015316248797,0.8673145771026611,1.5974719524383545,5.77691650390625,4.812968254089356,6.321789883268482,
2013-06-11,0.0,22300,0.0218240919798509,4.335260391235352,0.1348292827606201,0.3420132398605346,1.8619589805603027,0.1445525291828792,
2013-06-20,0.0,24800,18.193770546475683,38.58619689941406,52.68447113037109,54.45294952392578,30.455495834350582,26.41906614785992,
2013-06-25,3.0,27700,12.989466517972476,19.50078010559082,26.658031463623047,22.16758728027344,15.681467056274414,15.16225680933852,
2013-06-26,3.0,26700,18.459053518154427,15.877311706542969,28.45526885986328,27.66837501525879,20.752456665039062,18.86225680933852,
2013-06-27,3.0,26500,15.62922943243846,10.275818824768066,14.16465663909912,13.01815414428711,11.641215324401855,15.606031128404666,
2013-06-28,3.0,26700,10.28303249691743,7.818193435668945,3.286435604095459,6.690095901489258,7.178384304046631,9.94727626459144,
2013-06-29,2.0,27800,6.344866145677317,4.840669631958008,1.2096869945526123,0.6776547431945801,1.4604816436767578,9.968677042801566,
2013-07-01,1.0,31500,2.24609560136377,0.0870141014456749,0.0431410036981105,0.163649097084999,0.4111874997615814,5.15214007782102,
2013-07-02,1.0,31900,0.6955372851317922,0.2490222454071045,0.0091450549662113,0.0120746251195669,0.3599540591239929,0.3651750972762646,
2013-07-05,0.0,23500,0.6032791580483103,0.0,0.0090402802452445,0.02662093937397,0.013515549711883,0.0,
2013-07-07,0.0,22300,0.0,0.0032823823858052,0.0429293513298034,0.0600616596639156,0.0466958433389663,1.3126459143968878,
2013-07-10,0.0,22700,1.0814378563124138,0.0,0.2878311276435852,0.2903336584568023,0.0513761863112449,0.0731517509727626,
2013-07-15,0.0,15200,0.2778451232480893,0.0,0.0029117544181644,0.3565763235092163,0.0037181619554758,0.0297665369649805,
2013-07-31,0.0,11300,0.5735583181900772,4.276451587677002,1.5103132724761963,0.2478973865509033,0.5445836186408997,0.590856031128405,
2013-08-04,0.0,10700,11.976139581702377,7.144063472747803,4.59967565536499,5.974905014038086,8.048845291137695,7.750000000000006,
2013-08-06,0.0,11300,1.001122371117312,0.1570062190294265,3.5307185649871826,1.8591632843017576,4.281425476074219,0.5394941634241248,
2013-08-14,1.0,11600,8.804588912606254,2.269595146179199,4.851539611816406,1.475614070892334,2.1606557369232178,2.485408560311285,
2013-08-15,1.0,11700,1.5319732313841692,13.484183311462402,0.3197123110294342,2.415579319000244,1.0879747867584229,6.77645914396887,
2013-08-18,1.0,11900,11.266934996325904,0.0,0.6712081432342529,1.4171206951141355,0.3109350800514221,1.972762645914397,
2013-08-19,1.0,10800,0.5117629064746952,0.0436420999467372,0.4923067092895508,1.1712654829025269,0.4410694539546966,0.3706225680933857,
2013-08-22,0.0,10000,0.7050630984267836,0.0,5.615615373244509e-05,0.0071797277778387,0.0326108373701572,0.0,
2013-08-24,0.0,7910,0.58888910102536,0.8662724494934082,1.2887873649597168,0.8352479934692383,4.953516960144043,0.4692607003891053,
2013-08-26,3.0,8170,3.820713189234877,8.74223518371582,8.148890495300293,4.089168548583984,1.3631625175476074,5.479571984435798,
2013-08-27,3.0,8680,9.429143398774016,15.137662887573242,7.874446392059326,6.161447525024414,1.6672265529632568,7.720622568093386,
2013-08-28,3.0,8610,12.709695991122452,23.29952621459961,6.373055458068848,23.80441093444824,6.889799118041992,16.72470817120623,
2013-08-29,3.0,10100,20.147330770421732,43.86836242675781,10.602439880371094,43.19358444213867,34.603736877441406,38.06673151750974,
2013-08-30,3.0,16900,45.47359850346628,37.88321685791016,15.76591682434082,51.28752136230469,48.98455810546875,45.06245136186772,
2013-09-01,1.0,10800,33.92258895716379,0.8776081204414368,5.759075164794922,10.688592910766602,15.496664047241213,10.799221789883273,
2013-09-02,1.0,9740,2.4000726592565407,1.94189715385437,1.9292167053208686e-05,0.0050629894249141,0.0719220489263534,1.1394941634241216,
2013-09-03,1.0,9860,0.5255564056763365,5.9964447021484375,0.1345192641019821,2.1218833923339844,4.541692733764648,2.608754863813231,
2013-09-13,0.0,12700,0.0,0.1080391183495521,0.0,4.410424298839644e-05,0.0026745698414742,0.0,
2013-09-22,1.0,9980,6.654376665399593,37.95756149291992,25.23430633544922,27.1334228515625,33.923423767089844,19.737354085603123,
2013-09-26,0.0,14800,22.71874759482228,5.495085716247559,5.405668258666992,7.706944465637207,12.167851448059082,6.369066147859926,
2013-09-28,2.0,15600,12.224474159575088,84.20332336425781,50.75479888916016,54.148433685302734,57.10661315917969,51.13424124513619,
2013-09-29,3.0,41100,83.23595409070958,116.69478607177734,112.2016143798828,104.7248077392578,110.10919189453124,88.39260700389109,
2013-09-30,3.0,43200,122.07061563417972,130.1850128173828,145.28509521484375,142.77854919433594,160.4031982421875,122.9854085603113,
2013-10-07,1.0,21400,2.7725430191100537,26.285837173461918,11.00787353515625,18.41151237487793,13.26247215270996,13.721400778210116,
2013-10-15,0.0,12700,0.1399464629851833,0.0,0.0029969697352498,0.0128104146569967,0.0733298435807228,0.0665369649805447,
2013-10-26,0.0,9890,0.0167456979094959,2.2800850868225098,2.475130933543568e-10,0.0025196527130901,0.0056371884420514,0.0081712062256809,
2013-11-02,1.0,10700,17.866330798622755,41.94140625,27.36924743652344,43.49237823486328,48.77849578857422,44.54902723735412,
2013-11-03,0.0,13200,49.06126003186744,43.21902084350586,30.34228134155273,46.32114410400391,45.133888244628906,53.23579766536969,
2013-11-07,2.0,14000,23.031095561744152,42.03844451904297,33.10951614379883,48.623077392578125,59.01737976074219,49.259143968871584,
2013-11-08,2.0,20200,54.01310123523152,37.570987701416016,32.731658935546875,55.314186096191406,62.94640350341797,47.07470817120621,
2013-11-11,1.0,14100,13.030825977669547,13.113895416259766,0.8826190233230591,8.017913818359375,3.005293369293213,10.364007782101163,
2013-11-12,1.0,14000,9.28166347015431,20.43498992919922,9.381976127624512,9.554275512695312,10.133996963500977,14.938326848249028,
2013-11-15,0.0,15400,23.37825621542277,39.95931625366211,22.23115921020508,19.169357299804688,22.59888458251953,29.787548638132293,
2013-11-17,0.0,17600,50.94816257072662,49.76131439208984,46.14570236206055,46.19560623168945,52.34247970581055,55.77684824902724,
2013-11-26,0.0,12800,0.3670688344149656,0.0391869768500328,0.0108842821791768,9.363890107749741e-09,0.0041407370008528,0.0196498054474708,
2013-11-30,1.0,11800,4.144074566632262,28.359384536743164,10.564274787902832,9.003904342651367,9.019954681396484,6.641245136186773,
2013-12-01,2.0,14100,26.31508987928704,59.68980407714844,45.21221160888672,50.30580139160156,48.249813079833984,55.00194552529186,
2013-12-02,2.0,23100,66.68447615511103,59.67693710327149,58.6329231262207,66.28152465820312,63.34424209594727,69.35505836575878,
2013-12-03,0.0,17200,67.17509756994346,37.00756454467773,48.61460876464844,58.71000671386719,57.09328079223633,64.63424124513621,
2013-12-12,0.0,11800,2.1371778201117726,7.6757121086120605,4.029717445373535,5.552957057952881,7.73691463470459,5.153696498054474,
2013-12-13,0.0,11700,9.21424665065379,12.74453830718994,11.467870712280272,12.588668823242188,15.599199295043944,12.956420233463032,
2013-12-20,2.0,9910,6.164835560821793,19.351978302001957,20.993860244750977,19.95241928100586,30.521015167236328,16.69863813229573,
2013-12-21,2.0,8630,19.16378204226801,26.333324432373047,23.591176986694336,23.37189292907715,34.67426681518555,20.19747081712062,
2013-12-26,0.0,12400,22.541261936248556,3.611114025115967,2.0539612770080566,1.6981067657470703,3.01289701461792,6.956809338521399,
2014-01-02,1.0,11800,8.418390056171791,,,17.364213943481445,24.564302444458008,,
2014-01-03,1.0,14300,45.517342250787046,41.075321197509766,25.574914932250977,36.88411712646485,41.966217041015625,50.82315175097278,
2014-01-10,3.0,16600,57.10713007094528,73.33692169189453,66.3619155883789,68.62029266357422,76.8803482055664,92.89669260700389,
2014-01-11,3.0,28300,86.23715113111938,103.98885345458984,114.76116943359376,124.15731048583984,125.3721694946289,126.70058365758752,
2014-01-12,1.0,38400,116.20796754232558,121.57766723632812,115.95323181152344,131.54046630859375,131.7529754638672,147.08287937743188,
2014-01-13,1.0,36400,138.17427724178162,106.83100128173828,125.3228759765625,127.57232666015624,132.79241943359375,124.0433852140078,
2014-01-14,0.0,37300,119.96780108602051,64.58729553222656,64.51399230957031,57.57674407958984,65.00069427490234,70.80136186770432,
2014-01-21,0.0,15100,0.0,0.2005752921104431,0.0099799875169992,0.0003797941317316,0.0937216579914093,0.0107003891050583,
2014-01-29,0.0,12300,5.547493303934092,21.950551986694336,15.220206260681152,26.24467086791992,23.46360969543457,23.772762645914387,
2014-01-31,0.0,11700,34.386443618606656,26.8499698638916,21.6806583404541,39.824851989746094,39.6650505065918,34.0249027237354,
2014-02-04,0.0,10700,0.5492523902734247,0.0128370001912117,0.3487937748432159,0.6352559924125671,1.5831413269042969,0.0846303501945525,
2014-02-05,0.0,11300,0.5044780104335604,0.0062445644289255,0.2240370064973831,0.5486477613449097,0.6688901782035828,0.0317120622568093,
2014-02-11,1.0,11100,36.579841228585735,54.12481689453125,48.389923095703125,32.8890266418457,40.38509750366211,64.70155642023343,
2014-02-12,1.0,12600,58.48096931869624,67.96817016601562,94.51048278808594,62.227516174316406,84.23297119140625,84.22665369649802,
2014-02-14,1.0,13500,59.71439188775779,55.24420547485352,86.43058776855469,71.04215240478516,93.04795837402344,58.15797665369649,
2014-02-16,1.0,15700,58.12779919432751,75.59210968017578,67.89108276367188,59.435646057128906,63.53448867797852,85.51964980544744,
2014-02-17,1.0,14500,75.63479346341774,81.4119873046875,78.98831176757812,79.75625610351562,90.84422302246094,93.51186770428016,
2014-02-19,0.0,14100,96.131678841538,73.90459442138672,90.15721893310548,94.84717559814452,98.76256561279295,84.86653696498053,
2014-03-03,0.0,17200,56.016369022703664,80.24565124511719,83.99634552001953,61.53954315185547,45.03108215332031,98.23579766536965,
2014-03-04,0.0,22900,93.14140921774148,94.74978637695312,118.00342559814452,85.06404113769531,66.46752166748047,119.07879377431902,
2014-03-06,0.0,37600,107.34902672466764,85.71343231201172,87.4204330444336,96.41571044921876,91.5750732421875,113.97859922178988,
2014-03-08,1.0,30200,79.14182019717194,72.73143005371094,50.33143615722656,61.56040573120117,63.96818542480469,96.94844357976656,
2014-03-09,1.0,40300,93.13993298875486,59.09734344482422,63.83690643310547,56.23383712768555,60.76446533203125,73.01303501945523,
2014-03-15,2.0,28500,23.885426410721628,60.39786529541016,22.669357299804688,19.710786819458008,26.53172874450684,68.1891050583658,
2014-03-16,2.0,34800,66.4340440369074,81.11466217041016,74.76026916503906,75.54033660888672,89.6759033203125,95.38832684824904,
2014-03-17,0.0,39300,96.02620076802674,71.2013168334961,73.68082427978516,66.33163452148438,89.001708984375,82.0830739299611,
2014-03-25,1.0,16100,4.83444742019396,13.366604804992676,19.351726531982425,10.759353637695312,10.59282684326172,17.129182879377442,
2014-03-26,1.0,17000,15.544613760430588,18.44906234741211,36.148345947265625,18.11617088317871,16.082273483276367,23.68073929961091,
2014-04-01,0.0,18300,33.91146655714858,7.9661760330200195,20.993072509765625,19.98781967163086,21.62786102294922,10.701167315175097,
2014-04-04,0.0,17500,6.3813881414571165,8.557794570922852,11.917144775390623,12.610288619995115,21.81977081298828,11.2375486381323,
2014-04-10,0.0,20800,14.905600363002016,11.795201301574709,15.086647987365724,10.967705726623535,21.63780975341797,14.736964980544752,
2014-04-12,0.0,15700,0.5259311647398351,0.6500954031944275,0.2080676555633545,0.8165470361709595,0.990740954875946,0.2036964980544747,
2014-04-25,0.0,24000,42.55828492682477,30.659574508666992,33.14130401611328,42.507171630859375,31.418781280517575,38.07237354085605,
2014-05-02,0.0,22800,0.065288718506457,6.188775062561035,0.0242351088672876,0.0015996417496353,0.003747901180759,4.989688715953309,
2014-05-05,0.0,33900,43.69009564450833,35.60096740722656,45.31159210205078,55.37939453125,43.80827713012695,45.941828793774334,
2014-05-11,0.0,24400,35.173715102400614,13.62643814086914,35.87890625,30.793272018432617,30.34550094604492,14.589688715953312,
2014-05-12,0.0,24100,14.883022928170158,3.7317299842834473,5.475775241851807,4.035740852355957,5.294981479644775,0.755836575875486,
2014-05-14,0.0,25200,0.0208546842480021,0.0,0.0015809425385668,0.0003933925181627,0.5701514482498169,0.0,
2014-05-30,0.0,25400,10.929087948635928,9.283935546875,13.547430992126465,15.906542778015137,21.603317260742188,9.876264591439693,
2014-06-01,0.0,23600,1.6084512399345277,0.0,0.1261837631464004,0.1495201885700225,0.7707611322402954,0.0054474708171206,
2014-06-09,0.0,23900,0.0199139579611048,0.0,0.0459584072232246,0.138981431722641,1.0134528875350952,0.0048638132295719,
2014-06-20,0.0,24500,3.965814531472935,3.6360409259796143,1.810348868370056,1.969355821609497,4.072253227233887,3.3000000000000003,
2014-06-22,0.0,23200,4.612441685177825,1.251079559326172,1.734342098236084,1.8805181980133057,3.446827888488769,0.5132295719844359,
2014-07-05,1.0,27200,0.3011739968819041,0.4074414372444153,0.1532512307167053,0.5970281958580017,0.5316334962844849,0.1036964980544746,
2014-07-06,1.0,26500,0.3275640541099966,0.6242630481719971,0.2609164118766784,1.909982442855835,2.0612423419952397,0.1945525291828793,
2014-07-10,0.0,27400,0.0,0.0,0.0,4.738711504614912e-05,0.0038944166153669,0.0005836575875486,
2014-07-17,0.0,26800,0.27433651909753,0.1073501259088516,4.941504357702797e-06,0.3713995814323425,0.0428075976669788,0.0346303501945525,
2014-07-18,3.0,24400,0.1527762907171216,2.049751043319702,0.0130861597135663,2.813384344335645e-05,0.0204206202179193,1.5297665369649802,
2014-07-19,3.0,21500,1.650908221378495,14.268488883972168,1.0819975137710571,3.0247273445129395,2.9192934036254883,16.299805447470817,
2014-07-20,3.0,26600,17.914619500690048,15.70195770263672,2.0298142433166504,4.634125709533691,4.702651023864746,17.296692607003887,
2014-07-27,0.0,17900,9.578292511845182,0.0,0.1228491812944412,0.0332434624433517,0.1197995543479919,0.0,
2014-08-20,0.0,11100,0.5710764824130963,0.7461965084075928,0.2893723845481872,0.2446872591972351,0.6823289394378662,0.1813229571984435,
2014-08-22,0.0,10100,1.716080306843769,0.2861669659614563,0.5811280012130737,0.1886486709117889,0.8646516799926758,0.5254863813229572,
2014-08-26,0.0,7980,0.259562141245523,0.0,3.564208745956421,3.235976457595825,0.99568909406662,0.2990272373540856,
2014-09-01,0.0,8100,11.424374765213438,7.243666648864746,5.563048839569092,2.118957042694092,1.7054214477539062,5.852140077821011,
2014-09-07,0.0,8470,0.0014741873568062,0.0,0.0,0.0,0.0,0.0,
2014-09-15,0.0,8440,0.0551472278162712,0.0,1.4300109114628867e-06,0.0,0.0,0.0091439688715953,
2014-09-18,0.0,6990,4.906827923715342,16.289432525634766,0.8800652027130127,3.92053747177124,2.563466787338257,13.030739299610886,
2014-09-23,4.0,8220,1.5049273426329317,24.34551429748535,3.2698378562927246,5.403336524963379,4.514918327331543,26.399416342412447,
2014-09-24,4.0,8760,26.88897703994728,42.4317626953125,13.5098876953125,36.9752197265625,35.33793258666992,44.72334630350193,
2014-09-25,4.0,10700,43.67017013221325,51.8674201965332,12.591361045837402,46.20809173583984,37.70531463623047,52.920233463035,
2014-09-28,0.0,9430,18.72423901080856,11.491957664489746,5.462327003479004,13.69814109802246,5.068055152893066,9.177626459143966,
2014-09-29,0.0,8790,9.586005731933415,7.901533603668213,2.1036033630371094,4.360275268554688,2.492469072341919,7.815175097276262,
2014-10-03,1.0,11500,7.788369032994391,0.0742403492331504,1.2761255502700806,0.4481822252273559,0.7325583100318909,0.1840466926070038,
2014-10-04,1.0,9740,0.2474053535311274,0.2194407880306244,0.0311652775853872,0.0216998606920242,3.269188404083252,0.3791828793774318,
2014-10-10,0.0,7950,0.062430210327409,3.4172163009643555,0.0173148643225431,0.0008649157825857,0.0984604284167289,1.4795719844357966,
2014-10-12,3.0,8060,17.274057352503167,23.820932388305664,15.758016586303713,18.9040470123291,24.49734878540039,18.06459143968872,
2014-10-13,3.0,9630,20.495747595166712,39.74696731567383,16.15765380859375,20.310518264770508,24.84959983825684,41.42470817120624,
2014-10-14,3.0,11600,42.456191119910656,31.91725349426269,21.41484642028809,30.57794570922852,38.2691764831543,36.50291828793775,
2014-10-16,3.0,15700,56.50861180763172,27.24632453918457,22.47862434387207,43.59035873413086,48.47305679321289,37.067704280155645,
2014-10-17,3.0,13500,34.25646273664446,34.962745666503906,8.684738159179688,25.876296997070312,27.171432495117188,46.4536964980545,
2014-10-18,3.0,13500,45.22173422249635,20.68160820007324,20.11614418029785,27.935863494873047,30.58362579345703,21.92587548638133,
2014-10-19,3.0,14400,24.816309734223807,25.361309051513672,16.067180633544922,19.13922500610352,26.83090591430664,24.64571984435798,
2014-10-20,3.0,12600,28.30401910245053,24.66094207763672,16.573715209960938,18.631200790405277,24.372966766357425,27.11556420233464,
2014-10-21,2.0,14400,27.386336512028024,34.46562957763672,12.678203582763672,17.774703979492188,22.972484588623047,40.49610894941635,
2014-10-22,2.0,20300,39.26747987057522,71.08493041992188,46.44781494140625,56.58433532714844,79.69593048095703,90.92081712062256,
2014-10-23,0.0,32800,83.34148182063211,74.94641876220703,61.65851974487305,77.68281555175781,90.90689849853516,89.08424124513616,
2014-10-25,1.0,21300,72.95861187651326,58.18718719482422,33.157615661621094,45.362091064453125,62.56285858154297,62.51595330739301,
2014-10-27,2.0,27000,53.283969388067376,49.21526336669922,37.54684829711914,43.21408081054688,66.28508758544922,53.65894941634241,
2014-10-28,2.0,21400,51.19210896864676,37.313743591308594,45.84434509277344,52.95728302001953,58.39152526855469,39.381906614785976,
2014-10-29,2.0,27800,37.875778215964026,38.05117034912109,37.08809661865234,47.43482208251953,43.40007019042969,39.03891050583657,
2014-10-30,1.0,29900,40.63686614630327,60.28399658203125,46.01116943359375,57.01284408569336,52.99822616577149,70.79066147859922,
2014-10-31,1.0,33300,68.0056539156241,52.970680236816406,44.48799514770508,57.33013534545898,46.59253692626953,59.96731517509728,
2014-11-02,0.0,26800,43.61074953225515,21.609838485717773,15.473901748657228,25.17878532409668,21.26458168029785,18.208560311284053,
2014-11-03,1.0,23500,18.331642467847555,36.30265808105469,15.052464485168455,14.766854286193848,22.353275299072266,48.94941634241248,
2014-11-04,1.0,39600,48.004921549049925,50.10863494873047,41.59307098388672,64.55638122558594,66.45306396484375,71.17723735408562,
2014-11-05,3.0,45300,67.78324851319621,57.491798400878906,41.4879150390625,63.59435272216797,69.14321899414062,80.52412451361867,
2014-11-06,3.0,39100,75.97747796990447,53.76707458496094,35.116451263427734,69.5841293334961,82.73684692382812,67.55992217898832,
2014-11-07,3.0,44700,63.12033458148088,37.763431549072266,12.296560287475586,30.653032302856445,42.73341369628906,45.19708171206226,
2014-11-09,1.0,31500,32.40614717866291,22.75044059753418,21.600685119628903,28.8955192565918,30.60849380493164,18.64824902723735,
2014-11-21,1.0,11600,13.077827907638378,44.35207748413086,22.376453399658203,33.51097869873047,30.19733428955078,49.1480544747082,
2014-11-22,1.0,16800,48.1899273233937,61.309043884277344,55.88291931152344,63.74928665161133,56.21965408325195,68.63151750972766,
2014-11-24,3.0,20100,78.25821032903619,61.37979888916016,66.29226684570312,60.48746871948242,71.05298614501953,70.98171206225686,
2014-11-25,3.0,26100,69.55224094706557,100.77692413330078,56.09577560424805,82.4224853515625,96.43943786621094,123.47159533073928,
2014-11-26,3.0,52100,114.69448564892517,109.4403305053711,84.50035095214844,90.51580047607422,97.13516235351562,129.86848249027236,
2014-11-27,3.0,61000,124.01510516874647,127.04747009277344,110.87589263916016,111.99637603759766,109.0291519165039,151.28015564202326,
2014-11-28,3.0,71500,151.62001518685776,106.1667938232422,125.70606994628906,113.2919921875,101.64862060546876,125.40077821011673,
2014-12-05,1.0,18600,6.25990439111471,14.510202407836914,15.926435470581056,6.421931743621826,3.766099214553833,17.254280155642025,7.397479057312012
2014-12-06,1.0,20800,17.050074564736207,22.88753890991211,31.10149955749512,24.183950424194336,26.128358840942383,29.80077821011673,18.991899490356445
2014-12-07,4.0,23200,28.8768126401573,19.7263240814209,27.754777908325195,25.105314254760746,27.84029197692871,22.994552529182883,20.118024826049805
2014-12-08,4.0,21800,23.65000958764395,30.68233871459961,21.110130310058597,19.54849624633789,26.580833435058597,34.637159533073934,13.14876937866211
2014-12-09,4.0,30900,34.48322183267885,55.655067443847656,36.36149215698242,59.205997467041016,60.7479362487793,65.19941634241246,31.570838928222656
2014-12-10,4.0,47400,59.60465204417456,85.05459594726562,62.854373931884766,85.12596893310547,103.24595642089844,108.18482490272363,44.40642929077149
2014-12-11,4.0,46500,94.64290825541116,81.84966278076172,68.59757995605469,102.66363525390624,113.72216033935548,101.2647859922178,60.42704772949219
2014-12-12,1.0,42600,88.14487384518975,55.46867370605469,45.52009963989258,55.71603012084961,66.4997329711914,61.93910505836566,33.610740661621094
2014-12-18,1.0,17600,5.90215870487436,20.724193572998047,6.255790710449219,6.09102725982666,10.716436386108398,19.493774319066137,5.628602027893066
2014-12-19,1.0,18100,22.11623900642673,30.920154571533203,18.764373779296875,21.69080352783203,26.71459007263184,32.5533073929961,9.325963020324709
2014-12-20,3.0,18000,32.75959274195576,59.51988220214844,41.90550994873047,39.13451385498047,60.22741317749024,70.22315175097273,23.58407020568848
2014-12-21,3.0,26300,66.37436524631872,58.10246658325195,91.25778198242188,76.64982604980469,101.41642761230467,69.28735408560308,50.746070861816406
2014-12-22,3.0,24700,64.064967552029,50.07454681396485,87.33032989501953,63.27817916870117,86.79977416992188,56.91926070038908,47.305419921875
2015-01-04,3.0,15900,9.46769980976116,63.24913787841797,25.067890167236328,25.098608016967773,25.946605682373047,79.06809338521398,23.41208267211914
2015-01-05,3.0,32100,73.85093694600504,94.11090087890624,116.87527465820312,112.97116088867188,109.95999908447266,131.77003891050578,87.15056610107422
2015-01-06,3.0,47100,117.7752830203815,90.82920837402344,130.9577178955078,111.41329193115234,112.31298828125,129.48112840466922,86.41873931884766
2015-01-09,0.0,24500,1.0667629076293037,1.376882791519165,0.0093638831749558,0.0002188615326303,0.0023791254498064,0.9883268482490276,0.0003976034931838
2015-01-15,1.0,18200,0.235835564046311,12.628042221069336,1.5503664016723633,1.6953619718551636,4.436887264251709,16.246692607003887,0.0582951605319976
2015-01-16,1.0,17400,15.506143396369264,20.50832939147949,37.09716033935547,23.870895385742188,35.30892562866211,23.71478599221789,16.228330612182617
2015-01-17,1.0,18300,23.270265790065583,46.2900276184082,55.33090591430664,31.57856559753418,39.17703628540039,55.79980544747082,19.719575881958008
2015-01-18,1.0,24300,53.57674574180476,62.597206115722656,105.24568176269533,79.64759826660156,98.58258056640624,69.49688715953309,62.56334686279297
2015-01-20,0.0,24300,73.57598084734528,37.49238204956055,67.94207763671875,65.5990982055664,83.47991180419922,43.80505836575878,52.37032699584961
2015-01-23,3.0,17700,5.0018260038807725,43.83012008666992,19.117450714111328,14.444488525390623,31.45163345336914,57.12509727626458,17.852338790893555
2015-01-24,3.0,33100,53.875506653726,54.71460723876953,75.30709075927734,35.60528564453125,51.71490478515625,66.77587548638132,35.12427520751953
2015-01-25,3.0,39000,66.8850477366329,49.92714309692383,83.58926391601562,34.20448684692383,49.0476188659668,63.42101167315175,32.71544647216797
2015-01-26,3.0,30500,62.72437469720535,12.171064376831056,69.3097152709961,21.456743240356445,22.264280319213867,9.956031128404677,17.507741928100586
2015-01-30,0.0,19800,1.5621281014708626,0.2734405398368835,2.0503597259521484,0.3104783892631531,0.5637478232383728,0.0785992217898832,0.0394226610660553
2015-02-04,4.0,18400,27.084957932142974,28.552549362182617,18.989315032958984,16.89348030090332,23.815034866333008,25.75758754863813,13.241056442260742
2015-02-05,4.0,21700,27.62981451487028,61.86907577514648,49.93671417236328,48.78893661499024,47.47532653808594,72.31595330739303,34.91527557373047
2015-02-06,4.0,42400,64.70502870027502,103.5054931640625,96.6772918701172,105.97772979736328,106.21334838867188,132.96887159533082,71.46403503417969
2015-02-07,4.0,59700,117.42676860481558,119.6826171875,115.2488784790039,130.50193786621094,132.36715698242188,160.40175097276273,95.05906677246094
2015-02-12,1.0,28500,12.637629087192112,6.4608564376831055,13.243335723876951,19.06757926940918,25.18906021118164,4.71614785992218,6.757569313049316
2015-02-13,1.0,26000,6.201367135804296,4.176778793334961,3.270277976989746,0.8592003583908081,8.011500358581543,1.504669260700389,0.8747784495353699
2015-02-19,0.0,16800,0.5631223713340733,5.675319671630859,0.8114442825317383,4.60286808013916,5.230712413787842,5.367509727626457,2.044454574584961
2015-02-23,0.0,15300,2.4557609922138184,0.0,0.1371326744556427,0.0493106953799724,0.1059314981102943,0.1379377431906614,0.0297091323882341
2015-03-02,0.0,13600,3.4943862285072798,0.0229608602821826,0.4062928259372711,1.0378718376159668,0.496429443359375,0.7204280155642023,1.2917462587356567
2015-03-07,0.0,11800,0.0410764818179935,0.0,0.0162741281092166,1.5767703587243886e-07,0.0165156163275241,0.0093385214007782,4.357298621471273e-06
2015-03-13,1.0,12100,18.08374760521845,26.36731338500977,20.284299850463867,19.756874084472656,14.744837760925291,23.01828793774319,7.183609485626221
2015-03-14,1.0,13800,29.233648180960277,50.44561767578125,40.80263900756836,41.698577880859375,42.49409484863281,53.70894941634239,39.12305068969727
2015-03-19,2.0,14600,5.693514342036501,13.24308967590332,13.20348834991455,7.616729736328125,6.6488847732543945,10.468287937743195,3.1590652465820312
2015-03-20,2.0,14600,11.25617400152421,20.829158782958984,19.61545181274414,14.844931602478027,27.020973205566406,26.13054474708171,11.975990295410156
2015-03-21,2.0,15200,25.03060230196776,38.26364135742188,37.935691833496094,35.701358795166016,54.13353729248047,49.12743190661476,25.738609313964844
2015-03-23,0.0,16900,41.44040540008882,28.64368057250977,34.75579071044922,34.22102355957031,40.337493896484375,35.05603112840464,19.53184127807617
2015-03-25,1.0,15600,16.942906350752136,22.902633666992188,35.24143981933594,29.7961540222168,35.246116638183594,34.06673151750972,18.809532165527344
2015-03-26,1.0,21300,30.519353737452747,17.946321487426758,41.14372634887695,29.362911224365234,37.89673614501953,29.05389105058365,21.256141662597656
2015-03-30,1.0,21100,34.47615870875734,25.525678634643555,28.833229064941406,27.000263214111328,39.26223373413086,20.362062256809345,19.12660217285156
2015-03-31,1.0,18300,27.62706119006893,25.273948669433597,27.78966522216797,17.417530059814453,37.11525344848633,22.535019455252908,4.926071643829346
2015-04-01,0.0,17700,27.36846080277405,24.69959831237793,28.793529510498047,17.926973342895508,28.07539176940918,29.628404669260703,3.5593254566192627
2015-05-04,0.0,10300,0.0834321224096856,5.25378942489624,0.0167608130723238,0.0081518292427062,0.0345054157078266,3.5478599221789886,0.0340795032680034
2015-05-10,0.0,10200,0.0,0.0,0.0001135909114964,7.1835884227766655e-06,0.0349953323602676,0.0,0.0511416010558605
2015-05-28,0.0,10400,1.2872638657673958,0.1318487077951431,6.126816749572754,6.783145904541016,11.117594718933104,0.3984435797665369,3.2196967601776123
2015-06-04,0.0,11500,12.83736521601953,3.807672500610352,22.45403480529785,17.62263298034668,17.15691566467285,5.850389105058366,10.157591819763184
2015-06-26,0.0,8300,0.0,0.0,0.1682511568069458,0.0020295123104006,0.0856566131114959,0.0040856031128404,0.192363828420639
2015-07-03,0.0,9850,3.82409195983729e-06,0.0,0.000269072887022,1.0540679795667529e-07,0.0,0.0,0.1332636177539825
2015-07-08,0.0,8060,0.2431969401107417,0.4195835292339325,6.827856122981757e-05,0.0264892093837261,0.0243456698954105,0.2052529182879377,0.2878550291061401
2015-07-09,0.0,8030,0.2431969401107417,0.4195835292339325,0.0506986714899539,0.0264904089272022,0.1173229962587356,0.1914396887159532,0.2871491312980652
2015-07-16,1.0,7660,0.9932084129419868,0.4754757881164551,0.0306807905435562,0.155815303325653,0.1243990659713745,2.1776264591439696,1.0277745723724363
2015-07-17,1.0,7950,0.6160038231489611,0.4754757881164551,0.0276179499924182,0.0697308778762817,0.1116631925106048,2.157782101167316,0.3970164358615875
2015-07-18,1.0,7340,0.6052848938213711,0.0603070296347141,0.0275985281914472,0.0320250540971756,0.1104337722063064,1.6556420233463034,0.1462408751249313
2015-07-21,0.0,7650,0.2925831731295313,0.7584013938903809,0.1416305601596832,0.0981466397643089,0.1030111536383628,1.1091439688715954,0.9582023620605468
2015-07-22,0.0,7430,1.7815162546640655,0.7593567371368408,0.1906966269016266,0.1538501679897308,0.1496208310127258,1.150389105058366,0.5136275291442871
2015-07-24,0.0,7590,1.695588912258377,6.5190606117248535,0.0611557140946388,0.4702109098434448,0.0798701047897338,7.65408560311284,1.780835509300232
2015-07-28,0.0,7190,7.968070746606027,3.6632256507873535,1.3053144216537476,7.131253719329834,5.689754486083984,4.4607003891050585,5.4649152755737305
2015-08-01,0.0,7010,0.0,0.0,9.798764040169772e-07,0.0,0.0,0.0,4.357298621471273e-06
2015-08-05,0.0,6270,1.1925009559661,5.070888042449951,0.2915056943893432,1.5005149841308594,1.3831268548965454,5.561478599221795,1.4597569704055786
2015-08-07,0.0,6230,6.947369018747217,4.712183475494385,0.4447336196899414,2.900866746902466,2.876295804977417,5.642801556420238,3.38377046585083
2015-08-08,1.0,6000,5.772108980433804,0.0124930823221802,0.349742591381073,1.4053784608840942,1.6861529350280762,0.1007782101167314,2.493224859237671
2015-08-09,1.0,5960,0.0785391970052798,0.0124930823221802,0.5504390597343445,0.4391517043113708,1.569933533668518,0.0352140077821011,0.9223122596740724
2015-08-18,0.0,6040,0.64613575538412,0.0,0.0239676553755998,0.0137857533991336,0.0251014865934848,0.0007782101167315,0.5067929029464722
2015-08-25,0.0,5850,0.1525353729194226,0.00579918269068,0.0955082699656486,2.137660004564168e-08,0.0004907724796794,0.0636186770428015,0.0001067538105417
2015-08-28,3.0,5750,0.2583001911534213,7.475903034210205,0.8036957383155823,4.586025238037109,4.77410364151001,4.302334630350197,0.2343093901872635
2015-08-29,3.0,5890,5.768738054393268,47.91535568237305,14.543773651123049,19.07082748413086,26.86058807373047,58.56926070038911,11.07612419128418
2015-08-30,3.0,8240,60.962980991324464,62.62109375,42.416500091552734,44.78855514526367,48.972442626953125,77.80389105058364,33.180625915527344
2015-08-31,2.0,10600,78.02653736502901,80.2084732055664,51.07456207275391,60.78156280517578,57.35497283935547,108.2622568093385,33.01396179199219
2015-09-01,2.0,14000,103.46238630816312,57.04393768310547,57.18915557861328,59.092071533203125,53.55189514160156,75.11050583657585,31.609468460083008
2015-09-02,0.0,13900,69.56173035838637,54.50409698486328,36.45343399047852,56.236236572265625,44.608097076416016,68.51984435797665,23.103105545043945
2015-09-15,0.0,7820,3.992787767092815,4.904322624206543,0.7617520093917847,1.3647552728652954,1.1875485181808472,3.840856031128407,3.499260902404785
2015-09-19,2.0,7780,8.296791590036811,18.13193130493164,14.718899726867676,7.862469673156738,16.21548080444336,18.29435797665369,4.706266403198242
2015-09-20,2.0,10200,18.26108412515264,33.40603256225586,18.5592041015625,12.573244094848633,26.08753204345703,34.05,12.389814376831056
2015-09-21,2.0,14400,36.54984700702016,30.89666557312012,21.71146583557129,17.91883087158203,35.83480453491211,31.8204280155642,20.097749710083008
2015-09-23,2.0,10100,23.46333267306864,0.8681498169898987,7.986400127410889,6.882085800170898,11.34446620941162,0.6060311284046692,8.46615219116211
2015-09-24,2.0,9780,0.6479311649069674,2.766853094100952,0.3171350955963135,0.0057320683263242,0.1095851585268974,1.6513618677042805,0.0106644844636321
2015-09-25,2.0,9160,1.7056443642837795,10.241850852966309,2.0029661655426025,1.7288715839385986,1.7371503114700315,9.714396887159538,1.993370056152344
2015-09-28,0.0,8760,9.804659639932144,3.5719120502471924,0.0780324414372444,0.7367146015167236,0.1727539300918579,2.3287937743190668,0.56185382604599
2015-10-02,0.0,8920,0.0667055448175302,2.973803758621216,0.3253507614135742,0.0065957899205386,0.0284768678247928,3.240466926070039,0.0354139804840087
2015-10-05,0.0,8870,3.0768240882094013,0.0,1.9967186450958248,0.7517385482788086,0.1878096163272857,0.5268482490272376,0.3678320944309234
2015-10-06,4.0,8190,0.4846902492912005,4.9602227210998535,0.0757842883467674,7.46529913158156e-05,0.0004300487053114,2.288132295719844,0.0044618709944188
2015-10-07,4.0,8320,2.262055448057881,16.83041763305664,7.48304557800293,3.713035345077514,2.993631601333618,21.853696498054475,4.609692573547363
2015-10-08,4.0,8680,16.164313578249416,16.926313400268555,22.02685165405273,4.312346458435059,6.66684103012085,21.848249027237355,5.593587875366211
2015-10-09,4.0,8960,16.235514343275472,21.772321701049805,25.222679138183597,6.009880065917969,13.038230895996094,24.267120622568093,6.27850866317749
2015-10-10,4.0,9350,20.252049711446524,59.12903594970703,33.01043701171875,26.250152587890625,50.10289001464844,63.78949416342414,21.63190460205078
2015-10-11,4.0,22500,62.88196549226706,62.34791946411133,37.56936264038086,37.16889190673828,59.360443115234375,66.64280155642025,36.81596374511719
2015-10-12,1.0,14800,66.35502666683736,60.50410079956055,34.50642013549805,40.387996673583984,63.91205596923828,68.24046692607006,38.705562591552734
2015-10-18,0.0,9930,3.839556408432592,6.326656341552734,8.559680938720703,0.3993883430957794,7.963744163513184,6.056420233463035,1.8820009231567385
2015-10-19,0.0,9930,6.347621423262884,9.030750274658203,11.92372703552246,3.759568214416504,11.14128303527832,9.278404669260702,3.5975232124328613
2015-10-22,0.0,9490,3.946650099261249,0.2793317139148712,1.157612442970276,0.319803237915039,2.6136727333068848,0.6083657587548638,0.372022807598114
2015-10-28,0.0,7440,12.64259081630479,17.36981201171875,17.448070526123047,26.46048355102539,28.405467987060547,16.70739299610895,7.334092140197754
2015-10-30,3.0,12700,41.507673093636186,70.17344665527344,55.39204025268555,60.43123626708984,63.87080001831055,83.71517509727629,32.50461959838867
2015-10-31,3.0,28200,89.00441494680955,117.5653076171875,89.02766418457031,103.51611328125,102.65338897705078,147.83832684824904,29.357763290405277
2015-11-06,2.0,15100,8.662258132427208,16.39111328125,7.888600826263428,5.198875427246094,7.502326488494873,13.367315175097268,3.684019088745117
2015-11-07,2.0,16000,14.837340336000942,38.09789276123047,34.09990692138672,38.00847244262695,42.92091369628906,49.98579766536968,24.192777633666992
2015-11-12,3.0,17100,19.81887188280579,55.62099456787109,24.071008682250977,29.311185836791992,36.99696350097656,58.92626459143968,16.49398422241211
2015-11-13,3.0,33500,62.94694073250861,118.1849365234375,114.9118194580078,123.80247497558594,130.5430145263672,140.37392996108954,89.3833236694336
2015-11-14,0.0,65600,140.55344351391523,141.8605499267578,111.05036926269533,127.47087097167967,131.3968505859375,168.25953307393002,100.67106628417967
2015-11-16,3.0,44300,130.87511268924803,71.32170867919922,33.216552734375,51.74509811401367,43.31046676635742,78.36517509727629,45.90412521362305
2015-11-17,3.0,44400,79.77757166790461,106.04166412353516,113.451171875,127.911376953125,122.62569427490234,134.81692607003893,97.29757690429688
2015-11-18,3.0,73100,127.87369406679164,103.85106658935548,104.73697662353516,107.05683135986328,117.49088287353516,126.9091439688716,78.98341369628906
2015-11-29,0.0,14400,0.1582447417043897,0.0009882724843919,0.0,0.0,8.252201951108873e-05,0.1167315175097276,0.0003159041516482
2015-12-01,1.0,13600,1.0721567897493354,10.408348083496094,1.615015745162964,1.8777793645858765,1.482358455657959,12.865369649805457,0.4117067158222198
2015-12-02,3.0,13800,11.32289484098138,22.92138290405273,22.586545944213867,13.505888938903809,19.74517059326172,22.63579766536966,11.5772705078125
2015-12-03,3.0,15200,22.73415293556773,57.50981903076172,64.75727844238281,38.07875442504883,46.99682235717773,64.02062256809339,30.94198989868164
2015-12-04,0.0,20400,61.34611279148445,57.80205535888672,82.86808776855469,52.36655044555664,73.76343536376953,62.67918287937742,49.42596054077149
2015-12-05,2.0,17700,61.130346065269606,80.62866973876953,73.42692565917969,56.815460205078125,77.25643920898438,95.62568093385214,46.834320068359375
2015-12-06,2.0,22500,89.91077629193293,72.3171157836914,70.53337860107422,77.99380493164062,99.93087005615234,90.00252918287936,66.63541412353516
2015-12-07,1.0,26300,84.69826000142507,82.11819458007812,86.39990234375,94.41366577148438,100.0606918334961,97.99533073929962,65.6629867553711
2015-12-08,3.0,30400,96.38625044895632,111.14798736572266,126.91211700439452,143.14756774902344,147.08218383789062,144.64941634241242,98.78382873535156
2015-12-09,3.0,64300,131.5122866147335,108.10565948486328,154.77915954589844,144.77890014648438,150.70079040527344,133.83035019455252,97.0552749633789
2015-12-17,0.0,18500,12.25953538505112,30.61048889160156,11.540203094482422,11.618125915527344,14.44895839691162,28.930544747081704,13.921950340270996
2015-12-24,0.0,15400,44.10562720444645,34.69718170166016,31.018495559692383,39.36783599853516,53.444915771484375,33.085992217898834,25.91525077819824
2016-01-06,0.0,12200,9.77963097364843,6.831610679626465,2.9639453887939453,8.8475341796875,19.20984649658203,7.836381322957197,3.308042526245117
2016-01-12,1.0,12100,11.836843226058676,31.73847961425781,15.384647369384766,19.071638107299805,12.31779670715332,39.23793774319067,11.70059299468994
2016-01-13,1.0,15200,37.15872275519112,44.13045501708984,52.66968536376953,59.12208557128906,39.8199348449707,55.69533073929963,40.52272415161133
2016-01-16,1.0,13800,21.62856785144014,25.631317138671875,38.58390808105469,27.481884002685547,24.8753719329834,30.48035019455252,14.370203971862791
2016-01-17,1.0,15700,28.726569765072448,42.12848663330078,57.54826354980469,43.3343391418457,50.75640106201172,49.22529182879374,23.23650932312012
2016-01-21,2.0,16200,26.60800192445979,68.523681640625,56.43149566650391,66.20539855957031,80.44581604003906,78.18599221789884,35.026405334472656
2016-01-22,2.0,29900,72.89342454560172,81.9339828491211,86.24411010742188,92.64991760253906,98.2160186767578,92.98326848249027,59.250244140625
2016-01-26,1.0,20700,11.901087929960562,22.86105728149414,34.037506103515625,21.11425018310547,19.455753326416016,29.574513618677056,17.233642578125
2016-01-27,3.0,25000,27.627147264644396,54.47077941894531,52.72040939331055,18.823884963989254,22.918596267700195,68.45739299610895,18.966285705566406
2016-01-28,3.0,39900,63.61644171513876,81.71524810791016,102.75105285644533,67.61959838867188,70.90999603271484,106.37431906614783,58.56393432617188
2016-02-02,0.0,20100,18.618447434453625,9.943092346191406,26.00484275817871,18.21935272216797,22.96202850341797,9.191828793774311,1.9451665878295896
2016-02-05,2.0,16200,24.795332665267367,37.88414764404297,25.44165802001953,25.38263702392578,40.34838104248047,45.79221789883269,16.92343521118164
2016-02-06,2.0,17600,41.98039004411798,32.45350646972656,52.7624397277832,46.34612274169922,60.21271514892578,38.46867704280156,31.17287254333496
2016-02-09,0.0,18300,9.593803044264764,0.3691530227661133,0.3504648208618164,0.0142856584861874,0.3382667899131775,2.0714007782101183,0.1353889405727386
2016-02-11,2.0,23400,10.005304007263442,23.5466423034668,5.232361793518066,7.343686103820801,7.23989200592041,30.61673151750975,5.492741107940674
2016-02-12,2.0,28400,28.407680683197896,52.64189910888672,26.090431213378903,37.33118438720703,47.00136184692383,67.42334630350197,34.10242462158203
2016-02-13,0.0,39800,62.75944927591211,61.30225372314453,47.58161163330078,50.02593994140625,66.7957992553711,78.13424124513621,50.05632019042969
2016-02-14,2.0,35800,73.01515863411286,75.90730285644531,73.1302490234375,67.84760284423828,84.49232482910156,95.85972762645912,56.72641754150391
2016-02-15,2.0,44600,89.99929828169698,88.1639404296875,81.39215087890625,85.36205291748047,93.92295837402344,112.84610894941636,64.96376037597656
2016-02-16,2.0,59300,106.09609179742932,77.2913818359375,91.11111450195312,91.11517333984376,100.25201416015624,97.92665369649806,60.69425201416016
2016-02-21,0.0,24300,32.23769214882602,26.00867080688477,30.51448631286621,30.312021255493164,35.856544494628906,31.3114785992218,25.60330581665039
2016-02-24,0.0,20800,7.874659661483197,1.9424867630004885,9.004838943481445,4.197242259979248,7.842830657958984,1.9959143968871589,3.917547225952149
2016-02-25,0.0,20100,1.844776291135978,0.0,0.2994450330734253,0.0728099420666694,0.1593866646289825,0.3618677042801557,0.0239498931914567
2016-03-01,1.0,19100,31.022699805938178,63.82260894775391,67.97881317138672,67.18994903564453,82.54600524902344,68.597859922179,29.49129676818848
2016-03-02,1.0,22800,64.46819314144082,60.73606491088867,100.81732177734376,70.30772399902344,86.67932891845703,63.90661478599223,32.53529739379883
2016-03-03,1.0,24800,60.626036355247,60.81403350830078,105.4230499267578,67.90055847167969,99.67942810058594,70.16731517509729,48.886756896972656
2016-03-04,2.0,25100,66.65388340409622,39.2583236694336,66.04753112792969,36.66314697265625,53.51852798461914,42.142412451361885,30.261119842529297
2016-03-05,2.0,22500,40.05499237287837,30.74090576171875,38.39271545410156,29.192604064941406,46.346099853515625,33.900000000000006,25.68661117553711
2016-03-06,1.0,22100,32.46252584448093,27.895902633666992,42.1142807006836,26.70059967041016,33.12745666503906,29.89669260700389,17.68108367919922
2016-03-09,2.0,19300,21.083915892945704,41.64512634277344,21.79282569885254,20.19247055053711,20.945533752441406,44.35583657587547,12.56901741027832
2016-03-10,2.0,22700,42.55945505857838,45.02983093261719,52.7479133605957,62.03058624267578,62.55656814575195,48.18891050583656,30.10018539428711
2016-03-18,0.0,15100,7.117573594961834,1.3843289613723757,2.3847756385803223,2.692382335662842,2.0662214756011963,1.5871595330739294,0.8497661352157593
2016-03-25,0.0,16900,45.61100956073911,30.7228946685791,39.434478759765625,38.82303237915039,42.34684371948242,40.05194552529185,21.058502197265625
2016-04-02,0.0,16000,0.0034493307899559,0.0,0.0068654962815344,0.0025805192999541,0.0043696188367903,0.0815175097276264,0.0008300654008053
2016-04-15,0.0,15900,21.061692146570145,10.7278470993042,7.261655330657959,20.76506996154785,27.920215606689453,11.235797665369644,8.178007125854492
2016-04-20,0.0,20300,0.0453594648377189,0.0,0.0004090905422344,0.0,0.0081636663526296,0.0,0.0001808278902899
2016-04-21,0.0,23900,0.0,0.0,0.1353991776704788,1.2229925394058228,0.024464851245284,0.6538910505836575,0.1415729075670242
2016-04-30,0.0,14800,2.314755262719088,1.6495918035507202,1.384887456893921,4.024576663970947,2.975691080093384,1.86887159533074,3.253650426864624
2016-05-01,0.0,14300,1.8136615707248764,0.8304377794265747,1.3848870992660522,3.8610126972198486,2.903686761856079,1.4126459143968877,2.317132472991944
2016-05-04,0.0,18600,2.7781988604625965,5.230576515197754,1.259175181388855,0.8101276159286499,1.2262256145477295,4.606031128404671,2.7471747398376465
2016-05-09,0.0,18900,2.045885279129373,3.616288185119629,0.2395174652338028,1.206274151802063,0.9628222584724426,2.858560311284048,1.3384029865264893
2016-05-16,0.0,17000,2.307248567389707,0.8312161564826965,0.2137828767299652,0.310606837272644,0.3091549873352051,2.454474708171207,1.8321163654327397
2016-05-27,0.0,15700,3.700520073048758,6.885223388671875,1.845989465713501,5.157496452331543,3.5759053230285645,8.712645914396882,3.889174938201904
2016-06-05,0.0,24300,4.861743780518757,0.0,0.8920092582702637,0.0251368656754493,0.1009396910667419,0.0178988326848249,0.0332832299172878
2016-06-09,0.0,21200,0.6780707441492052,6.548542499542236,0.2576610147953033,0.7728723883628845,1.3395512104034424,4.480933852140076,0.794360339641571
2016-06-17,0.0,14500,13.533424475168395,2.568876266479492,10.685185432434082,6.797696113586426,10.31614875793457,2.729182879377432,3.201341152191162
2016-06-23,0.0,12800,3.219858505417874,15.730598449707031,6.847738265991211,4.452926635742188,14.349141120910645,16.544747081712067,5.223649978637695
2016-06-25,0.0,14800,18.311191194060385,15.576414108276367,17.679271697998047,16.860918045043945,35.14369583129883,15.626459143968876,11.227882385253906
2016-06-27,0.0,13700,1.7572543038853068,0.0,1.0094056129455566,0.578822910785675,3.661067247390747,0.0,2.4868946075439453
2016-06-28,0.0,15800,0.0,0.0,7.5962043410982e-06,0.0010320718865841,0.0765790343284607,0.0,1.6733639240264893
2016-07-16,0.0,12900,1.4950133868729978,3.8161232471466064,0.5297430157661438,1.9214656352996824,3.458624839782715,2.781128404669261,2.6757349967956543
2016-07-21,0.0,11800,4.546456996788205,1.1869851350784302,1.5276449918746948,12.022819519042969,3.440422534942627,0.9887159533073934,9.151273727416992
2016-07-29,0.0,13300,0.0693403436376287,0.0,0.0733034461736679,0.0460918359458446,0.0120538594201207,0.0188715953307393,2.9461591243743896
2016-08-09,0.0,9070,3.941026774808465,4.741217136383057,3.282460451126098,5.875133037567139,10.83896255493164,4.385797665369648,3.362481117248535
2016-08-10,0.0,8140,4.074661575087941,4.008583068847656,4.2531256675720215,6.093093395233154,11.153017044067385,3.7492217898832663,3.6021556854248047
2016-08-12,0.0,7660,0.2985353736027926,0.0,1.0160552263259888,0.2792413532733917,1.301889181137085,0.0721789883268482,2.1527767181396484
2016-08-13,0.0,7990,0.059065009620224,0.0,0.0463576130568981,0.0172812808305025,0.0320324823260307,0.0,1.6111891269683838
2016-08-17,0.0,7820,0.0,0.0,0.0,2.027920345426537e-05,0.004828006029129,0.0,0.0328572988510131
2016-08-27,1.0,7210,0.0,0.1041573360562324,0.0132590988650918,0.0126780159771442,0.0003126494702883,0.4459143968871595,0.0013311544898897
2016-08-28,1.0,7010,0.433946462807087,0.7607693672180176,1.356806755065918,0.079860046505928,1.17760968208313,0.7544747081712064,0.0017015247140079
2016-09-03,0.0,8010,32.92962141594285,21.82899475097656,18.03894805908203,28.768951416015625,25.386905670166016,22.98560311284048,0.5220193266868591
2016-09-05,0.0,6930,15.103510504561552,5.8061347007751465,3.371301412582397,5.777320861816406,3.93181586265564,4.465953307392996,0.4172154068946838
2016-09-16,2.0,9440,4.20650086645215e-05,6.526883125305176,0.0036609508097171,2.2027910745237023e-05,0.0100544039160013,1.9943579766536956,2.1786492652609013e-05
2016-09-17,2.0,9130,2.07985850621525,42.06019592285156,13.086356163024902,34.01689529418945,32.222618103027344,45.40564202334631,2.676846027374268
2016-09-18,2.0,13300,42.308116688383485,52.34086608886719,20.60801124572754,40.345951080322266,47.83743667602539,52.35038910505837,3.1177573204040527
2016-09-24,1.0,8470,7.082256206013236,7.703550815582275,6.589455604553223,5.552515029907227,6.803115367889404,8.177821011673156,0.4278764426708221
2016-09-25,1.0,8460,7.729569781164952,7.195044994354248,6.608863353729248,5.886935710906982,6.193996906280518,7.502140077821017,0.4174973666667938
2016-09-28,0.0,7960,0.0598738051077927,0.0,0.032824158668518,0.0689906105399131,0.7457701563835144,0.0778210116731517,0.1081612780690193
2016-10-01,0.0,7520,0.3485583170874927,2.25941014289856,0.3181037902832031,2.5097203254699707,3.941659927368164,2.4416342412451364,
2016-10-06,1.0,7710,9.16751052680502,20.86202621459961,11.97466278076172,13.261765480041504,12.086868286132812,21.11731517509727,1.124723196029663
2016-10-07,1.0,8230,20.74249521993905,30.02130699157715,28.72764778137207,25.496505737304688,34.79553985595703,31.7464980544747,1.880864500999451
2016-10-08,2.0,10100,30.493673033048943,89.20230102539062,76.8401107788086,75.0128173828125,79.2823486328125,109.64416342412446,7.631312847137451
2016-10-09,2.0,31000,103.36998663896811,79.44348907470703,85.6872329711914,80.12075805664062,96.0042953491211,97.78871595330736,8.646183967590332
2016-10-10,0.0,20100,92.27471896183248,67.60820770263672,62.88801193237305,60.93838882446289,67.04084777832031,83.2005836575875,7.371410846710205
2016-10-11,0.0,14900,78.51933272125646,5.842621803283691,9.629014015197754,9.881072998046877,18.258872985839844,4.359338521400777,1.2207797765731812
2016-10-12,2.0,13200,4.604780112589303,13.803783416748049,0.0360383614897728,0.3440210223197937,0.0436761789023876,10.009727626459153,0.0151460021734237
2016-10-13,3.0,13300,10.183988529657476,50.26286315917969,33.34233474731445,41.06123352050781,42.16087341308594,55.63774319066145,0.0001590414030943
2016-10-14,3.0,27900,54.35346849896455,101.96653747558594,76.6033935546875,101.75981903076172,78.71186828613281,119.91420233463036,9.76297378540039
2016-10-15,3.0,40700,115.23362334052646,115.96900939941406,105.13868713378906,125.9923095703125,104.19477081298828,137.18501945525293,16.113203048706055
2016-10-16,1.0,33700,131.03875532569666,91.34156036376952,110.70329284667967,112.99977111816406,95.3525390625,104.9503891050584,17.856046676635742
2016-10-19,1.0,30500,41.90960035844925,45.34246826171875,35.90456008911133,34.44371032714844,40.56435775756836,50.31420233463036,3.351055383682251
2016-10-20,1.0,33000,50.49859078556129,64.29608154296875,71.56019592285156,68.3743896484375,59.75724792480469,74.32490272373539,4.884365558624268
2016-10-24,2.0,22400,15.027875705308285,13.516155242919922,4.047766208648682,6.872442245483398,12.037805557250977,11.219066147859923,0.2541130185127258
2016-10-25,2.0,21200,10.476045887434257,14.640277862548828,4.415909767150879,10.862545013427734,15.519909858703612,11.918093385214013,0.5823385715484619
2016-10-26,2.0,20800,11.296416826269734,55.53804016113281,18.956695556640625,28.07583236694336,26.30652236938477,61.90408560311285,3.6458992958068848
2016-10-27,2.0,36700,58.32855064030132,55.44141006469727,20.62649154663086,47.19208526611328,51.58658599853516,61.64241245136187,6.005641937255859
2016-10-28,0.0,32900,58.315133818419895,51.63603591918945,23.68145751953125,40.00381851196289,46.740867614746094,59.67023346303503,5.916261672973633
2016-10-31,0.0,24200,12.95358700911607,27.152706146240234,25.315380096435547,27.457040786743164,33.452327728271484,33.076264591439696,0.8895853161811829
2016-11-01,3.0,28400,32.36734796704344,38.945709228515625,32.52104187011719,41.993072509765625,34.29820251464844,50.51673151750973,0.9509197473526
2016-11-02,3.0,30400,48.55516060058519,56.369083404541016,52.97111511230469,72.52978515625,58.45298767089844,75.34027237354087,2.864739418029785
2016-11-03,3.0,34000,71.08322562724638,42.89449691772461,55.96492385864258,53.6812744140625,48.85799407958984,55.12801556420233,5.121809482574463
2016-11-04,3.0,29700,51.68266352050827,29.16746711730957,42.20108795166016,35.662864685058594,45.593040466308594,33.00778210116732,4.17323637008667
2016-11-05,3.0,29300,31.03393309843841,35.181373596191406,36.59319305419922,28.17464828491211,37.21573638916016,41.483852140077815,2.2570700645446777
2016-11-07,4.0,34600,45.51701346108086,38.12097930908203,29.50804710388184,40.39628601074219,25.39689064025879,48.34202334630349,0.7885311245918274
2016-11-08,4.0,25700,46.1788891788862,11.04563808441162,17.444747924804688,16.593761444091797,4.924252510070801,9.963813229571988,0.7907424569129944
2016-11-09,4.0,22900,9.476112808315902,14.460947036743164,20.05373764038086,6.5028252601623535,9.922731399536133,14.592412451361858,0.1491698324680328
2016-11-10,3.0,23000,13.868376665319056,11.44448471069336,18.99269676208496,4.376450061798096,7.0599541664123535,11.9828793774319,0.1486589312553405
2016-11-11,3.0,20800,11.583952188659431,15.942749977111816,17.154003143310547,4.368594169616699,7.447885036468506,15.90038910505836,0.1464475989341735
2016-11-12,3.0,20700,15.198172064986434,30.97139358520508,30.4815673828125,14.357118606567385,21.844785690307617,35.83268482490274,3.9758241176605225
2016-11-13,1.0,29300,33.50004780556104,55.764404296875,40.77497100830078,21.50322723388672,30.965415954589844,66.82354085603114,4.05877161026001
2016-11-14,1.0,31700,62.82186044117233,68.19126892089844,80.90229797363281,51.5669059753418,66.56285095214844,82.61245136186773,5.1642746925354
2016-11-19,1.0,21100,8.698120451475543,14.578031539916992,14.434730529785156,10.535174369812012,15.66140365600586,12.896108949416345,0.440272569656372
2016-11-20,1.0,19700,11.8806940774635,22.05928421020508,20.534442901611328,15.770864486694336,22.43099975585937,23.32198443579768,0.9264239072799684
2016-11-22,0.0,20900,27.8200822401628,26.329998016357425,24.608686447143555,22.16084671020508,26.359130859375,30.22996108949417,1.811379075050354
2016-11-26,1.0,24200,57.38571697576096,69.86827087402344,66.31572723388672,85.91761016845703,65.37039947509766,71.09863813229573,0.1732138693332672
2016-12-02,0.0,19500,25.113967519366344,30.644514083862305,36.942481994628906,30.68086624145508,33.2864875793457,37.12003891050583,0.5253101587295532
2016-12-13,0.0,14400,36.568720829316746,17.364665985107422,42.41933059692383,31.341890335083008,23.979707717895508,19.36712062256809,1.4762768745422363
2016-12-14,0.0,13900,19.052414896347283,3.259749412536621,10.453829765319824,8.56640338897705,4.052617073059082,2.95875486381323,0.5586744546890259
2016-12-15,0.0,12500,3.061011471149216,0.0,0.0824668407440185,0.1065208166837692,0.1167976185679435,1.9949416342412447,0.0121677312999963
2016-12-19,1.0,11000,9.62456595743775,36.80760192871094,31.79104995727539,27.76346969604492,35.01557922363281,36.2546692607004,3.104532480239868
2016-12-20,1.0,11400,34.649021004007665,55.42816925048828,61.38693237304688,57.76925659179688,69.06657409667969,58.25933852140079,4.400035858154297
2017-01-10,0.0,11800,26.51883172258124,24.72743034362793,40.644622802734375,22.764619827270508,24.970457077026367,28.1431906614786,1.4591277837753296
2017-01-15,0.0,11600,0.3244168260466418,0.0092041101306676,0.003433100413531,4.73899461894689e-07,0.0004079390491824,0.5922178988326848,0.0006906317430548
2017-01-16,4.0,11500,0.5369751443674639,6.75138521194458,0.0055726510472595,5.827188033435959e-06,0.146142765879631,4.401167315175097,0.0024596985895186
2017-01-17,4.0,11400,4.133076480210733,52.55089569091797,43.9339485168457,15.663880348205566,30.79996490478516,62.98249027237358,0.8930266499519348
2017-01-18,4.0,22500,58.52210132565072,82.67394256591797,112.40170288085938,89.0471420288086,89.1866455078125,102.69105058365766,7.933592319488525
2017-01-19,4.0,29000,96.03717215202508,93.55044555664062,125.88431549072266,113.7133560180664,105.12892150878906,119.0620622568094,10.189567565917969
2017-01-21,0.0,19000,59.02236529605986,20.957107543945312,23.00310516357422,33.26959228515625,22.35765838623047,23.7044747081712,2.258181095123291
2017-01-29,0.0,10000,0.0689177820545818,3.513025522232056,2.9232213497161865,3.013463497161865,5.440096378326416,4.369455252918288,0.0002549020573496
2017-02-05,0.0,12300,49.83036714153414,64.48466491699219,45.87471771240234,55.956642150878906,53.01805114746094,68.829766536965,2.798250436782837
2017-02-08,2.0,12500,27.376330791219104,41.90549087524414,15.59316635131836,21.232898712158203,13.997722625732422,44.92723735408561,1.871718168258667
2017-02-09,2.0,18800,41.70737093974445,72.30426025390625,51.13522338867188,79.16505432128906,76.92190551757812,84.01186770428019,2.460200786590576
2017-02-10,2.0,32900,77.32276293814488,89.33748626708984,74.58573913574219,95.28510284423828,104.7497100830078,100.95311284046696,3.528978109359741
2017-02-14,4.0,14900,3.125212235011857,18.15304374694824,0.0306961499154567,0.0639287829399108,0.1603227257728576,19.05252918287938,0.0
2017-02-15,4.0,22400,17.570143402033455,64.96498107910156,38.58998107910156,41.9147834777832,44.2191162109375,83.3933852140078,2.4770302772521973
2017-02-16,4.0,47500,76.53956782378935,79.18399810791016,80.57199096679688,77.75404357910156,83.06532287597656,100.93287937743192,3.871861457824707
2017-02-19,0.0,25000,23.271715058430487,13.402093887329102,17.9525203704834,16.72842025756836,17.34068489074707,16.022373540856037,1.1578223705291748
2017-03-02,0.0,11400,29.004590816468173,34.017555236816406,20.045190811157227,28.77291488647461,34.11296844482422,36.71653696498055,0.3071720600128174
2017-03-09,1.0,13200,43.036361367251175,46.678009033203125,23.36393547058105,43.2052001953125,36.071327209472656,56.03463035019459,1.0765689611434937
2017-03-10,1.0,16600,53.60699809395332,40.94768524169922,38.79631805419922,50.599365234375,42.85876083374024,50.2367704280156,1.36384916305542
2017-03-12,2.0,19500,51.86272851527308,31.634456634521484,61.80692672729492,52.650299072265625,46.24127197265625,35.81284046692609,2.2859911918640137
2017-03-13,2.0,20100,34.27637097644076,41.75221252441406,75.90538787841797,51.670196533203125,60.00421142578125,45.25038910505837,4.321792125701904
2017-03-14,1.0,25900,43.573384351757696,61.73469543457031,83.29896545410156,63.313507080078125,75.4337387084961,72.97879377431903,4.320437908172607
2017-03-15,1.0,41900,69.90948189330602,70.52690124511719,84.8115234375,67.29946899414062,79.57835388183594,88.34727626459143,2.3497912883758545
2017-03-17,1.0,28200,66.51763290325918,46.92378234863281,27.831056594848636,36.84178161621094,37.83359146118164,56.08988326848251,0.9742258191108704
2017-03-18,1.0,34600,53.90297701150887,56.09108352661133,50.95331573486328,61.085540771484375,68.55965423583984,66.27354085603115,4.168426036834717
2017-03-19,0.0,45000,63.13304968397169,55.10449600219727,44.86139678955078,49.082130432128906,58.187442779541016,64.61478599221792,3.30358362197876
2017-03-28,1.0,19200,30.670152940554097,43.01811218261719,40.01411437988281,41.13238906860352,42.205604553222656,55.49182879377434,1.3235200643539429
2017-03-29,1.0,25000,54.49940342064341,57.540523529052734,65.83560943603516,69.54906463623047,61.99695587158203,75.94182879377432,3.557241916656494
2017-04-03,0.0,18000,11.4102485869988,8.259557723999023,11.171968460083008,9.554765701293944,10.274052619934082,9.789494163424123,1.3950029611587524
2017-04-04,1.0,16800,9.50307076875286,9.70167064666748,2.523634910583496,3.1474533081054688,5.139033317565918,9.644163424124525,0.0612396597862243
2017-04-05,1.0,16500,9.33179349823406,23.788854598999023,19.624168395996094,25.0488395690918,23.460617065429688,26.846498054474715,0.7073343992233276
2017-04-15,0.0,17300,31.41306122215768,18.89517974853516,27.07865524291992,33.77285385131836,41.57552337646485,22.924513618677057,1.013808250427246
2017-04-19,0.0,17800,14.716107069666275,17.214372634887695,16.087371826171875,16.562362670898438,23.46565818786621,21.70525291828794,0.3209640681743622
2017-04-23,0.0,19000,11.956416829910538,9.023025512695312,12.997490882873535,16.23079490661621,7.393472671508789,12.10505836575876,0.4125288128852844
2017-04-30,0.0,16700,14.412248561225995,9.43376636505127,14.483675003051758,15.049448013305664,12.929319381713867,12.699610894941628,0.0120381200686097
2017-05-02,1.0,15700,13.384617597499084,8.154600143432617,14.210617065429688,13.330681800842283,12.189523696899414,8.196692607003891,0.003237469587475
2017-05-03,2.0,16200,7.793240926583275,10.392620086669922,4.4402618408203125,10.706843376159668,13.759485244750977,13.061284046692611,0.9458280801773072
2017-05-04,2.0,20500,12.64713002828904,23.04178237915039,2.411575555801392,7.850739479064941,13.839836120605469,26.423346303501944,0.9439794421195984
2017-05-06,0.0,40500,31.299286821176853,22.92833137512207,21.972230911254883,6.595824718475342,11.20486068725586,26.84999999999999,4.992283821105957
2017-05-12,0.0,26500,14.594692141157315,16.05028533935547,21.634401321411133,13.084999084472656,12.880517959594728,17.67334630350195,0.9627476334571838
2017-05-17,0.0,19000,27.95555828723399,23.915454864501957,27.23365592956543,23.55398368835449,20.31461906433105,26.044163424124505,3.140211582183838
2017-05-18,0.0,17200,24.787372829700395,11.23807430267334,23.84954071044922,20.910381317138672,19.28595733642578,13.719455252918284,2.736670970916748
2017-06-06,0.0,25100,0.0004894837494903,0.0638845786452293,0.0082981120795011,0.0111198490485548,0.0289790872484445,0.2124513618677042,0.00108060950879
2017-06-07,2.0,28400,0.2041873802332097,2.290067195892334,0.0017617288976907,3.170020136167295e-05,0.0356192290782928,1.3667315175097263,0.0009912848472595
2017-06-08,2.0,33100,1.5264856577160846,14.717887878417969,8.295252799987793,6.24747896194458,15.613109588623049,16.557782101167305,0.0009368186583742
2017-06-11,0.0,25900,19.063971350373286,4.584359645843506,4.89211893081665,9.211369514465332,13.526320457458496,3.557782101167313,0.8954041600227356
2017-06-12,0.0,24600,3.574663481403972,2.7808172702789307,2.5606436729431152,6.637157440185547,10.357377052307127,2.3420233463035003,0.8498071432113647
2017-06-15,1.0,20800,2.772095601909783,23.64536666870117,18.42632293701172,17.786428451538086,20.65465545654297,28.063813229571974,0.0071742986328899
2017-06-16,1.0,27600,28.74413958567517,22.88100242614746,42.5755615234375,32.992698669433594,31.809158325195312,28.28326848249026,0.1546871811151504
2017-06-17,2.0,26900,28.84764245068245,22.939128875732425,42.817081451416016,32.88296890258789,31.264619827270508,29.264007782101157,0.1475128829479217
2017-06-18,2.0,22600,29.892386236899387,6.938715934753418,26.15824317932129,16.00823402404785,16.135103225708008,5.714591439688716,0.1689617335796356
2017-06-28,0.0,22300,0.0453059269350385,0.0,0.0593553073704242,0.0007953462190926,0.3005045652389526,0.0097276264591439,0.0058649219572544
2017-07-01,0.0,21600,0.0,0.0,0.002340892329812,0.0002940922859124,0.0062803928740322,0.0,0.0016318081179633
2017-07-02,0.0,21400,0.0,0.0,0.0018274725880473,7.17585498932749e-05,0.0100832562893629,0.0,0.0017080608522519
2017-07-05,0.0,18200,0.0,0.0,0.0877757966518402,0.0096147404983639,0.2179851830005645,0.0,0.0008453157497569
2017-07-11,0.0,17400,0.0677093685741303,0.0,0.0009813025826588,0.0098222717642784,0.4576820135116577,0.07568093385214,0.01880176179111
2017-07-15,0.0,15400,0.0,0.0,0.1707379817962646,0.0276612471789121,0.1033188179135322,0.0,0.0005664487835019
2017-07-19,0.0,11400,0.068646271744686,0.0,5.189426319218704e-11,0.0005152029916644,0.001995475962758,0.0391050583657587,0.0001808278611861
2017-07-21,2.0,10900,1.3832179750375946,1.3440078496932983,0.360809177160263,1.3870478868484497,1.6498225927352903,2.0702334630350188,0.5932654142379761
2017-07-22,2.0,10500,1.4648451261537554,1.393596649169922,0.3608092963695526,1.3878909349441528,2.0533323287963867,2.0610894941634235,0.6011357307434082
2017-07-23,2.0,10800,1.471401531679999,0.0738712772727012,0.0861088335514068,0.3015945255756378,0.7750680446624756,0.133657587548638,0.1378331035375595
2017-07-26,0.0,10500,0.0028374761135547,0.0,0.0,2.301156746398192e-05,0.0002298160543432,0.0,0.0005708061507903
2017-08-13,0.0,9110,1.16339388105152,5.737331390380859,1.985111713409424,5.246307373046875,3.5734848976135254,5.068677042801557,0.3907823264598846
2017-08-17,0.0,8650,0.0,0.0,0.0084687042981386,0.0155752068385481,0.0661185160279274,0.0,0.0002265795192215
2017-08-21,0.0,6810,0.0021376673443364,0.0,0.0905572995543479,0.0723122879862785,0.0634304732084274,0.0,0.0011721132323145
2017-08-22,0.0,7650,0.0,0.0,0.0199298206716775,0.0001321637973887,0.0074469116516411,0.0,2.8322439902694896e-05
2017-09-09,1.0,8220,1.2589655833264963,7.694669723510742,1.0771310329437256,1.3940939903259275,3.3521764278411865,7.693774319066143,0.4008581638336181
2017-09-12,0.0,7920,5.994699804399459,0.0,0.6423139572143555,0.2805773019790649,2.1512577533721924,0.0311284046692607,0.0008562092552892
2017-09-17,1.0,7200,0.0542217972390104,6.85863733291626,0.0217059031128883,5.44887638092041,6.100505828857422,7.606809338521402,1.307189631916117e-05
2017-09-24,0.0,6900,1.0887858526094285,0.0995019152760505,0.1212014183402061,0.0462358184158802,0.2157201766967773,0.0943579766536965,0.0060370401479303
2017-10-04,0.0,6670,3.74470936950411,0.0106693897396326,0.355473518371582,1.3639605045318604,0.2104871571063995,0.87295719844358,0.0010087146656587
2017-10-06,1.0,6870,0.6185105166295152,13.131649017333984,0.0039282599464058,0.229902446269989,4.57236385345459,14.559338521400788,0.0956318154931068
2017-10-07,1.0,6630,13.58457360552543,27.27882575988769,6.309249401092529,11.45879364013672,22.03951644897461,32.17626459143968,0.290250152349472
2017-10-15,0.0,6700,17.100114743287158,6.943220615386963,8.542466163635254,15.042141914367676,18.893842697143555,7.443190661478597,1.206350803375244
2017-10-16,3.0,6800,7.2938049766215025,11.092775344848633,0.3008811175823211,0.5804378390312195,4.355944633483887,8.851556420233472,0.1657364219427108
2017-10-17,3.0,8560,8.306131934987498,27.04363250732422,25.72562026977539,24.62578773498535,29.65615463256836,31.015369649805457,1.8332332372665403
2017-10-18,4.0,12700,29.324017211619008,97.70217895507812,38.98276519775391,63.04350280761719,69.3302230834961,117.59260700389108,11.395563125610352
2017-10-19,4.0,36400,111.33157369050612,115.23063659667967,92.07675170898438,121.27497100830078,122.6022491455078,141.86789883268486,18.452402114868164
2017-10-21,3.0,22500,123.8241415225525,90.63004302978516,86.45855712890625,102.24559020996094,96.19932556152344,106.01050583657587,9.983901023864746
2017-10-22,3.0,37900,104.12256203657356,83.98649597167969,95.30584716796876,106.761474609375,86.5634765625,93.91322957198446,6.532645225524902
2017-10-25,1.0,16400,18.57296557776718,8.082836151123047,6.9428791999816895,3.4274649620056152,6.258657932281494,7.777042801556423,0.4104572832584381
2017-10-31,0.0,11900,0.0802848940485034,0.4860146641731262,0.0002566016337368,2.2268292809712878e-07,0.0014189117355272,0.9535019455252924,7.734203973086551e-05
2017-11-03,0.0,12100,23.812760975306013,25.980484008789062,27.23717498779297,41.29291534423828,31.734962463378903,26.400583657587536,5.19780969619751
2017-11-05,0.0,11100,22.79848183689587,7.973416805267334,21.80328369140625,23.10149574279785,11.655299186706545,8.846303501945526,0.6794567704200745
2017-11-08,1.0,8690,4.787470361885631,3.028680324554444,1.9151482582092283,0.4736154079437256,0.9252808094024658,2.935214007782101,0.0972145497798919
2017-11-09,1.0,8960,2.744189292653001,9.893451690673828,8.249691009521484,8.17642879486084,10.048871040344238,10.839688715953308,0.6767022013664246
2017-11-12,2.0,9670,13.00864819004748,26.91454696655273,18.71096611022949,24.67133331298828,27.57503700256348,28.30933852140077,1.6989833116531372
2017-11-13,2.0,11800,27.66524282592704,54.54329681396485,29.86627960205078,42.21044921875,48.03568649291992,62.330544747081696,0.0491480454802513
2017-11-14,2.0,14900,59.97311476175005,67.49454498291016,49.95231628417969,67.98210144042969,89.4833984375,77.83463035019453,1.2794638872146606
2017-11-15,1.0,15900,74.55559856166803,64.78860473632812,66.8257827758789,76.51443481445312,127.92133331298828,74.2112840466926,4.436203479766846
2017-11-19,2.0,13300,20.51890052393471,34.20337677001953,22.953462600708008,27.7471923828125,31.08392143249512,39.37665369649804,2.0791656970977783
2017-11-20,2.0,15100,37.42399038824615,43.615989685058594,54.80044174194336,48.22160339355469,55.42208862304688,50.57101167315175,1.4449611902236938
2017-11-21,4.0,19500,47.959749485777614,102.16017150878906,80.81773376464844,74.47311401367188,81.70942687988281,125.46050583657583,1.3916943073272705
2017-11-22,4.0,50600,117.90162711754355,122.5045166015625,113.6413116455078,92.93017578125,93.98593139648438,148.59319066147853,0.0
2017-11-23,4.0,76900,139.13341681040953,142.18865966796875,116.3491668701172,109.5628662109375,108.81706237792967,171.32159533073923,0.0
2017-11-25,3.0,55900,96.30717205786704,58.89199066162109,55.66636276245117,67.53729248046875,64.51454162597656,62.53929961089494,1.1523969173431396
2017-11-26,3.0,40600,58.33731165410592,54.962677001953125,65.324462890625,42.71090698242188,57.86186599731445,59.930739299610885,5.612862586975098
2017-11-28,0.0,38900,55.82188533595874,59.548133850097656,95.05911254882812,54.33051300048828,71.39588928222656,68.91731517509726,9.637859344482422
2017-12-07,0.0,16500,0.4184072662045178,0.0,0.0008344212546944,4.947941434352288e-08,0.0273828320205211,0.4916342412451362,0.0003986928495578
2017-12-11,0.0,15400,0.4361969412807073,0.0,0.000724020472262,0.0,0.0,0.0155642023346303,0.0003093681589234
2017-12-15,0.0,12900,1.117772468177194,8.411343574523926,1.0673534870147705,0.5722147226333618,5.11429500579834,8.444163424124518,0.4044022858142853
2017-12-17,1.0,12200,12.759135756735782,49.34318542480469,16.838821411132812,20.803150177001957,38.61788940429688,59.10369649805449,1.0818541049957275
2017-12-18,1.0,18400,57.82425232929664,67.56072998046875,52.69100189208984,60.53089904785156,75.98723602294922,77.14941634241245,2.223094940185547
2017-12-19,1.0,19800,75.51153150582633,95.62147521972656,73.25223541259766,100.53883361816406,115.91423797607422,116.63735408560316,9.816110610961914
2017-12-20,0.0,20700,112.3741375757221,57.5829963684082,67.03276824951172,92.72484588623048,94.24191284179688,70.63171206225685,9.615907669067385
2017-12-29,1.0,14700,42.235562124994296,74.91741943359375,32.25083541870117,60.26618194580078,65.91825866699219,88.52548638132292,4.053125858306885
2017-12-30,1.0,23800,84.93495035148715,73.39617919921875,56.24890899658203,87.70263671875,89.14389038085938,94.30525291828792,5.603918552398682
2018-01-03,0.0,16400,0.7276596557811956,0.1984965801239013,1.385724663734436,0.5504036545753479,0.1277300715446472,0.910700389105058,0.0001448801776859
2018-01-04,1.0,15900,0.8086673030583009,8.18778133392334,1.3966922760009766,0.6360411047935486,0.373351514339447,5.002140077821013,5.4466232541017234e-05
2018-01-05,1.0,15100,4.779804975481527,20.10713005065918,12.722088813781738,13.74712371826172,11.49183750152588,24.223929961089517,0.9193975329399108
2018-01-07,1.0,17600,28.020021048098464,29.05517196655273,28.305221557617188,31.949966430664062,35.43953323364258,38.04280155642026,2.81951117515564
2018-01-08,1.0,18600,37.48145505316541,30.72627639770508,35.049842834472656,28.834060668945312,39.86169052124024,32.8365758754864,2.4197371006011963
2018-01-15,1.0,24200,27.18643592545285,8.1343355178833,4.403598785400391,11.749958992004396,23.67051315307617,6.284435797665368,2.6354422569274902
2018-01-16,1.0,22700,5.917782023209405,12.968101501464844,11.54630184173584,8.796163558959961,8.323975563049316,10.726459143968878,0.6601054072380066
2018-01-17,3.0,24400,10.015856601862792,40.642723083496094,37.3303108215332,18.34939193725586,17.088092803955078,41.628404669260725,0.6616621017456055
2018-01-18,3.0,28300,38.18677624494654,49.98641204833984,67.90507507324219,38.937625885009766,29.68649673461914,56.85661478599224,2.4241151809692383
2018-01-20,1.0,23800,58.84998086969552,35.97846221923828,56.78562927246094,46.45001983642578,49.42570495605469,42.67081712062256,2.008094549179077
2018-01-21,1.0,24700,40.49137860265904,41.763221740722656,42.59626388549805,54.33809661865234,74.58976745605469,49.030544747081706,1.2540485858917236
2018-01-28,2.0,22600,42.72471319819955,46.799224853515625,56.93532943725586,59.47400665283203,84.3257827758789,51.073151750972784,4.68019962310791
2018-01-29,2.0,28100,47.80873423096783,71.49348449707031,85.50434875488281,81.48490905761719,102.11227416992188,92.11498054474708,11.227912902832031
2018-01-30,0.0,39900,86.35358121700543,62.490753173828125,95.68928527832033,84.74687957763672,102.43693542480467,81.12762645914397,9.336750030517578
2018-02-02,1.0,26500,39.32089095749317,49.72676086425781,38.9093017578125,43.333892822265625,77.8739013671875,60.708560311284,1.0308444499969482
2018-02-03,1.0,34000,57.00234795460054,70.66728210449219,42.4230842590332,43.8150749206543,75.75239562988281,79.19260700389103,2.307528495788574
2018-02-04,1.0,44500,75.66002868261211,89.45686340332031,105.96625518798828,73.88986206054688,124.14767456054688,103.57003891050584,1.834549069404602
2018-02-06,2.0,46700,77.64016450038375,47.92416763305664,93.50833892822266,67.40914916992188,90.16668701171876,53.66692607003894,2.463613271713257
2018-02-07,2.0,36500,50.654091815747336,26.436058044433597,45.10785675048828,31.68663787841797,33.51719284057617,23.601750972762645,2.572666645050049
2018-02-08,2.0,33700,22.16790246688556,26.99065399169922,55.58005142211914,18.433523178100582,24.40928077697754,27.02470817120623,0.9823783040046692
2018-02-12,0.0,24700,2.265982788865255,0.0785900428891182,0.2564662396907806,0.4215187132358551,0.0570479407906532,0.89863813229572,0.0083202654495835
2018-02-13,0.0,22800,0.8339063090819379,8.415700912475586,0.0010937212500721,0.0016793380491435,0.0003350705374032,7.865369649805448,0.0001013071887427
2018-02-19,0.0,18400,59.48685081202553,32.107635498046875,40.54624557495117,42.90468597412109,44.26586151123047,40.18346303501942,0.8254998326301575
2018-03-01,0.0,19000,23.76094834693444,32.36736297607422,27.91645812988281,26.38134384155273,33.025238037109375,30.843774319066156,2.048997402191162
2018-03-08,0.0,18000,3.284933081944696,31.0991153717041,14.48906135559082,15.427606582641602,15.986992835998535,34.50953307392995,0.0113954218104481
2018-03-17,0.0,13200,6.727162518474206,2.380419969558716,4.481919765472412,0.9218558669090272,3.2290165424346924,1.1412451361867706,0.0213692784309387
2018-03-26,1.0,11300,11.085208419314627,21.253671646118164,17.178054809570312,20.40093994140625,18.378761291503903,24.0784046692607,1.1848593950271606
2018-03-27,1.0,12400,23.94108601056536,32.423126220703125,50.43597412109375,40.24964904785156,48.66712188720703,43.09241245136185,0.9678699374198914
2018-04-04,1.0,13100,21.57486994639903,19.007373809814453,12.342881202697754,13.36524772644043,11.314867973327637,19.344747081712057,0.8065370321273804
2018-04-05,1.0,12700,19.035372851269116,23.915807723999023,19.245384216308597,25.80366897583008,24.358869552612305,26.288326848249017,1.0285043716430664
2018-04-06,1.0,14000,25.881172096280626,31.17047119140625,24.7037353515625,30.99648666381836,32.02963638305664,31.118093385214,1.2501258850097656
2018-04-07,2.0,16000,30.523263878279845,39.96205139160156,48.94512939453125,51.60850524902344,52.76219940185547,43.30058365758758,1.2447991371154783
2018-04-08,2.0,22800,41.81111474508993,39.28544616699219,55.12553024291992,59.731475830078125,57.655059814453125,46.63482490272376,1.779826045036316
2018-04-10,1.0,19300,40.527753341122335,18.30855178833008,38.07975006103516,44.87718963623047,39.4932975769043,22.14571984435797,1.3393888473510742
2018-04-16,0.0,22800,71.00339573564767,56.04071044921875,56.44977569580078,71.14195251464844,71.5481185913086,69.41828793774319,2.589552640914917
2018-04-19,0.0,18900,41.223246676476506,8.74425983428955,14.216777801513672,23.72627258300781,25.07477378845215,10.469844357976656,2.410109281539917
2018-04-22,0.0,15500,10.122267670204453,12.373589515686035,14.983878135681152,10.912652015686035,7.501093864440918,10.621984435797662,0.8087180256843567
2018-05-04,0.0,20500,0.9654608036925212,0.0,0.0414610058069229,0.0079408045858144,0.1269456297159195,0.0190661478599221,0.0031546829268336
2018-05-12,0.0,22400,12.59511664756271,4.562255859375,6.062746524810791,6.272155284881592,7.71008825302124,6.279766536964988,0.3675106465816498
2018-05-14,0.0,27400,0.6921070770246562,0.0,0.0010401668259873,1.33899527554604e-06,0.0008868782315403,0.0184824902723735,7.843135972507298e-05
2018-05-16,0.0,35200,0.0002217973194247,0.0,0.0070170224644243,0.0038422904908657,0.868770182132721,0.0445525291828793,0.000108932465082
2018-05-20,0.0,26700,3.959850863485248,3.480885505676269,1.448959469795227,3.4487149715423584,8.455010414123535,3.605252918287938,0.886488676071167
2018-05-22,0.0,26300,2.126971321321586,0.3221979439258575,0.4900905787944793,0.896259069442749,0.873104453086853,0.4511673151750976,0.4903919398784637
2018-05-29,0.0,22400,0.0854531554500777,0.1245288923382759,0.0137922093272209,0.0153857246041297,0.1634222567081451,0.5046692607003893,0.0506884679198265
2018-05-30,0.0,21100,0.4728527751517077,0.1245288923382759,0.1091876029968261,0.0166237521916627,0.1872838884592056,0.5509727626459147,0.0569128692150116
2018-06-07,1.0,17500,0.5279369012196237,0.0456305183470249,0.001962321344763,0.0619305707514286,0.1321429908275604,0.1712062256809339,0.0010217865929007
2018-06-08,1.0,18100,0.190718928676314,9.307281494140623,0.4650933742523193,1.154697299003601,1.2124541997909546,8.99941634241244,0.0008474945789203
2018-06-15,0.0,15700,9.727934987494816,8.751358032226562,6.679326057434082,6.288578033447266,12.245923042297363,8.570038910505836,0.234398603439331
2018-06-20,0.0,24500,0.158824092059674,2.473465919494629,1.2845834493637085,3.4042224884033203,2.805261611938477,2.283463035019457,0.0814270451664924
2018-06-22,0.0,24300,2.2598412981426903,2.49907660484314,1.49695885181427,3.726372480392456,2.758486270904541,2.4050583657587565,1.430832862854004
2018-06-29,0.0,14800,1.0399751440990523,2.466865062713623,0.4264393448829651,0.4604038596153259,3.889945507049561,1.8108949416342413,0.1274619698524475
2018-06-30,1.0,13300,1.8665583174398352,9.250341415405272,0.7018128633499146,2.624685764312744,5.401924133300781,7.750389105058362,0.1274576038122177
2018-07-01,1.0,14100,9.16083558323307,13.035411834716797,3.416989803314209,4.631408214569092,8.918853759765625,9.251167315175094,0.14390429854393
2018-07-04,1.0,14600,7.770420667813089,4.496875762939453,3.28879451751709,1.3792619705200195,3.246715784072876,4.537354085603111,1.2631301879882812
2018-07-05,1.0,15500,5.243998107883455,1.5211834907531738,1.053354024887085,0.1447887271642685,1.2011985778808594,0.7881322957198444,0.0453878231346607
2018-07-06,1.0,17600,0.805300191192163,7.283198356628418,0.9222334027290344,0.0938033461570739,0.810020923614502,8.825680933852142,0.1639586389064788
2018-07-07,1.0,17600,9.023151053299362,7.669412136077881,0.7657806873321533,2.265626907348633,4.038599014282227,9.00389105058366,0.3443312644958496
2018-07-21,0.0,11600,0.0240210324958105,0.0,0.0172336921095848,0.066606268286705,0.1915550976991653,0.0,0.0404902100563049
2018-08-07,0.0,11100,2.165885279009192,0.0,2.1352217197418213,2.5124850273132324,0.3031050562858581,0.0947470817120622,0.0002222222246928
2018-08-14,0.0,9900,6.944116635616899,0.3713093996047973,7.339426517486572,3.5680737495422363,5.366899490356445,0.3363813229571984,0.2826035022735595
2018-08-19,0.0,7490,0.0171567880861055,0.0,0.0003693339240271,3.654800457297824e-05,0.0014533022185787,0.0,0.0002832244208548
2018-08-26,1.0,6940,3.1409617571850674,7.828277111053467,1.2131154537200928,8.035245895385742,4.500930309295654,9.250000000000004,0.2277669310569763
2018-08-27,1.0,7000,8.966156796209896,7.702302932739258,1.6172791719436646,9.495478630065918,6.749176025390625,8.919649805447474,0.1576361656188964
2018-09-09,1.0,8020,5.927256211438563,22.226093292236328,14.194327354431152,5.061432838439941,6.00539493560791,24.65894941634242,0.4486055374145508
2018-09-10,1.0,8380,23.58733268831429,28.467872619628903,19.164213180541992,19.11880874633789,21.38471221923828,35.74805447470818,2.3092401027679443
2018-09-12,0.0,8910,34.15758122194066,17.98410415649414,11.759355545043944,44.29547500610352,37.46752548217773,20.9476653696498,5.046146392822266
2018-09-17,0.0,8930,22.40991397599118,16.378297805786133,19.22436141967773,25.038227081298828,34.19232940673828,18.610505836575875,3.8767409324646
2018-09-20,2.0,8720,1.663816443215085,8.76611614227295,0.3449354767799377,1.184485912322998,0.6680124402046204,7.487548638132296,0.0207298472523689
2018-09-21,2.0,9770,6.865525807282731,21.48657989501953,12.663874626159668,7.298342704772949,12.124939918518066,20.888521400778203,1.0713486671447754
2018-09-22,2.0,9710,19.102210297797946,41.04769134521485,26.68163299560547,35.66794967651367,37.3015251159668,46.96945525291828,1.071174383163452
2018-09-29,0.0,8260,0.0304684511494482,7.251688003540039,0.0,0.0042774677276611,0.0303556527942419,5.040466926070041,0.0051633976399898
2018-09-30,1.0,8220,4.607579344059305,19.15350341796875,6.34035587310791,7.63692569732666,5.967954158782959,18.73813229571985,0.003311546286568
2018-10-01,1.0,8500,17.531831715013794,40.227577209472656,23.142066955566406,22.374446868896484,20.65227699279785,43.690856031128405,1.4136412143707275
2018-10-02,0.0,14200,41.833282946749634,46.51152801513672,33.450687408447266,34.121337890625,33.03981018066406,51.80194552529183,1.4103296995162964
2018-10-07,2.0,10400,1.5778145289153616,4.235198497772217,0.3265758752822876,2.5894742012023926,0.7334293127059937,2.9396887159533094,0.9019488096237184
2018-10-08,2.0,10200,3.300116633240002,12.537931442260742,5.638890743255615,6.617676258087158,6.427836418151856,10.952334630350194,0.2790870666503906
2018-10-13,0.0,10100,0.1691816440366304,0.0,0.0500891730189323,0.0050914883613586,0.0263896882534027,0.1661478599221789,0.0020784311927855
2018-10-14,0.0,9970,0.1488145307678262,0.0,0.0481495819985866,1.7892772348204744e-06,0.0183366276323795,0.2431906614785992,0.0019498908659443
2018-10-17,0.0,9700,0.3335927330161379,0.0,0.0,2.0779157949846198e-08,0.0,0.2513618677042801,0.0001677559921517
2018-10-25,2.0,8060,6.351650108460624,24.91719055175781,18.14009475708008,14.771440505981444,12.43139934539795,29.7077821011673,0.6694287657737732
2018-10-26,2.0,8860,29.144076499461825,41.59390258789063,55.703590393066406,53.66583633422852,58.57139587402344,51.76070038910507,5.63411283493042
2018-10-27,1.0,12400,50.35085277624823,68.23997497558594,56.75651168823242,52.54768371582031,61.782447814941406,82.26108949416346,4.964771270751953
2018-10-28,1.0,13400,79.48152970401551,74.10076904296875,75.25,89.44685363769531,93.53866577148438,86.21770428015571,12.39199447631836
2018-10-31,4.0,14200,41.9692791899805,40.14213562011719,35.92100143432617,29.68710708618164,29.025609970092773,46.01964980544749,1.0377825498580933
2018-11-01,4.0,21400,44.75748189058632,76.81996154785156,46.05867767333984,38.09191131591797,51.94573211669922,96.9750972762646,0.0
2018-11-02,4.0,44400,92.74914925207828,88.26063537597656,96.58265686035156,72.36503601074219,83.89590454101562,118.11536964980546,10.124656677246094
2018-11-03,3.0,39000,112.1076081468088,94.8001708984375,82.26143646240234,63.99147415161133,78.0645751953125,130.561673151751,10.341500282287598
2018-11-04,3.0,38500,123.46013581445068,78.60449981689453,102.2472686767578,86.40660095214844,94.16655731201172,104.24085603112844,14.553199768066406
2018-11-08,0.0,20800,29.73530205600872,9.029420852661133,12.950968742370604,12.24553394317627,16.26475715637207,7.854863813229569,1.3482437133789062
2018-11-13,1.0,14000,0.6884397700705867,4.623119831085205,0.0014362136134877,3.445533423018788e-07,0.0184959881007671,4.380933852140082,0.0019760348368436
2018-11-14,1.0,13900,4.314246650332679,15.77005386352539,13.219264030456545,12.08113956451416,21.61795234680176,18.344747081712068,6.236151695251465
2018-11-17,0.0,14000,21.45893500236163,6.994014263153076,7.515556335449219,5.319525718688965,15.154745101928713,8.583463035019456,0.198409616947174
2018-11-21,1.0,10700,0.3417839391969935,9.958892822265623,2.7400965690612797,7.107334136962891,4.319175720214844,12.389105058365754,0.583411693572998
2018-11-22,0.0,11100,11.978652021212834,24.394115447998047,16.10661506652832,21.77118492126465,16.851776123046875,30.77996108949417,2.386353015899658
2018-11-25,3.0,11900,32.83344355688642,24.314605712890625,31.339275360107425,26.414857864379883,33.533111572265625,23.427042801556404,5.127717018127441
2018-11-26,3.0,14500,22.450172066475737,73.87962341308594,39.50993728637695,37.83194732666016,53.78078842163086,94.2712062256808,1.1680450439453125
2018-11-27,3.0,47300,87.74233269373875,102.28829956054688,96.84523010253906,95.69947052001952,111.8975067138672,132.03929961089483,0.6493238210678101
2018-12-06,0.0,14000,0.0017208413325114,0.0,0.0009241476072929,3.2725114351706e-07,4.92018079967238e-05,0.0,6.209150160429999e-05
2018-12-09,1.0,13100,1.2515583171441984,18.709402084350582,15.003973960876465,5.018882751464844,10.604698181152344,23.85778210116731,0.3481907546520233
2018-12-10,0.0,13800,23.30575717575906,32.3631477355957,27.151695251464844,18.178131103515625,28.34785461425781,39.32120622568094,4.066837787628174
2018-12-11,1.0,15300,37.889615696784105,70.99415588378906,54.03373718261719,67.94380187988281,69.32149505615234,91.1338521400778,7.1656341552734375
2018-12-12,3.0,21900,87.10667116008342,74.28447723388672,66.03919982910156,78.00894927978516,86.46112823486328,89.48754863813227,10.155683517456056
2018-12-13,3.0,21100,85.04716637485569,76.61713409423828,92.95632934570312,115.7408447265625,119.97457885742188,97.75836575875483,10.403846740722656
2018-12-14,3.0,22600,93.40422753961204,45.547508239746094,92.878662109375,66.38034057617188,84.04754638671875,52.8441634241245,7.551305294036865
2018-12-15,3.0,19700,50.757095583281824,34.762794494628906,82.86505889892578,62.8692626953125,73.96851348876953,40.18988326848249,4.252265930175781
2018-12-16,2.0,18300,38.55655830793695,43.96162414550781,68.27552032470703,45.86077880859375,53.80095672607422,48.74027237354086,2.67138671875
2018-12-17,2.0,21800,46.2068815129323,58.66314315795898,50.31415939331055,58.715065002441406,52.953800201416016,68.04883268482487,2.647698163986206
2018-12-18,1.0,26000,63.98248760952092,86.33822631835938,99.5078353881836,104.2310028076172,94.24200439453124,100.46361867704276,4.233494758605957
2018-12-20,2.0,27600,75.4999349632409,76.59211730957031,127.77243041992188,96.6730728149414,115.65754699707033,85.38268482490275,5.348813056945801
2018-12-21,2.0,30200,79.73106890027883,41.29528427124024,72.8404312133789,46.23640441894531,73.4503402709961,45.31361867704283,4.177379131317139
2018-12-28,2.0,13000,10.532674947641365,29.884462356567383,17.14569091796875,14.983949661254885,25.86317443847656,35.62587548638132,0.1648114025592804
2018-12-29,2.0,16100,35.334858525780135,53.91457748413086,76.63153076171875,48.09513092041016,66.31938934326172,67.55505836575873,3.829033374786377
2018-12-30,2.0,22000,66.22701722007476,56.96173858642578,81.55252075195312,54.13310623168945,77.6795654296875,71.79844357976651,4.1936516761779785
2019-01-02,2.0,15500,5.270963671548652,,,0.1574978679418563,2.230195999145508,,
2019-01-03,2.0,17800,21.827825978872887,54.50894927978516,64.17349243164062,63.51519012451172,72.81434631347656,83.35000000000002,7.077386856079102
2019-01-04,2.0,35800,73.46252396726496,64.32711791992188,106.49647521972656,97.41861724853516,108.34230041503906,93.75428015564204,8.626970291137695
2019-01-08,2.0,20900,23.04790439577769,30.634389877319336,30.417604446411133,32.44890213012695,33.31648254394531,31.103501945525288,0.683551549911499
2019-01-09,2.0,19200,27.788877599867085,37.826751708984375,31.67151260375977,37.87451171875,39.8389892578125,41.47529182879379,2.4993629455566406
2019-01-10,2.0,23400,36.77865579185796,37.78556442260742,43.78997039794922,50.72150802612305,42.907936096191406,42.50525291828796,3.00110387802124
2019-01-11,0.0,22900,37.57843017166064,25.314884185791016,37.37485504150391,44.05635070800781,35.03805160522461,29.412451361867724,3.0010948181152344
2019-01-17,1.0,18000,1.3036711263932452,13.239109992980955,9.16904640197754,8.41511344909668,8.500123977661133,14.58365758754863,0.0001775599084794
2019-01-18,1.0,17100,13.023502888019513,28.902074813842773,34.524375915527344,30.85559463500977,33.49870300292969,34.408171206225674,4.609572887420654
2019-01-19,1.0,16700,30.670430247517867,38.10509490966797,56.38988494873047,47.36725616455078,50.82297134399414,44.915953307392975,7.064833641052246
2019-01-22,1.0,16900,11.622671127263688,36.989105224609375,17.06194496154785,14.753226280212402,12.282812118530272,49.87859922178991,0.0553988143801689
2019-01-23,1.0,19000,45.12336706118632,44.11432647705078,72.38719177246094,52.33868408203125,45.894142150878906,59.41536964980547,2.116408109664917
2019-01-31,1.0,13900,0.2616175899282543,5.2765936851501465,0.1862836182117462,0.0086029097437858,0.3452496528625488,3.916147859922176,0.0002189542574342
2019-02-01,1.0,14000,3.630022944684183,31.780763626098636,19.311912536621094,33.12141799926758,17.9862117767334,40.54766536964983,0.726416826248169
2019-02-02,1.0,17600,37.61056026395871,36.6014518737793,28.38040542602539,44.210391998291016,32.5240592956543,42.95077821011675,3.3519153594970703
2019-02-07,0.0,14000,0.384791587630107,1.3155174255371094,0.1871164292097091,0.0017829665448516,0.0013608349254354,0.8301556420233467,0.0003474944969639
2019-02-10,0.0,12500,6.743871896056926,16.210575103759766,9.795257568359377,9.145968437194824,6.1595139503479,15.68385214007782,0.2629137635231018
2019-02-26,0.0,10000,2.6410267708705555,0.2806023061275482,0.327547013759613,2.326121091842652,1.7753878831863403,0.3912451361867705,0.0157592725008726
2019-03-26,0.0,11600,7.132485661805914,14.781688690185549,4.580613613128662,18.516489028930664,8.237885475158691,12.642801556420226,1.8744207620620728
2019-03-29,0.0,10800,5.633965593630922,0.0,3.0747077465057373,2.4067275524139404,1.5300846099853516,0.5614785992217899,0.0165773499757051
2019-04-01,0.0,10700,0.3476845107515864,0.0,0.0002053891512332,0.2646642923355102,0.4150287508964538,0.0145914396887159,6.535947704833234e-06
2019-04-18,2.0,13500,9.258565959432714,41.98585510253906,7.64066219329834,14.674907684326172,17.455413818359375,50.95700389105057,0.0002843137481249
2019-04-19,2.0,23700,47.99367497203227,53.19953155517578,57.36110305786133,48.31011581420898,55.92694091796875,63.80544747081709,3.557089567184448
2019-04-22,1.0,19300,17.14372081544213,5.77276611328125,4.754646301269531,2.425504684448242,6.976118087768555,6.989688715953309,0.5710198879241943
2019-04-23,1.0,17100,6.740005741949615,7.876811027526855,10.36894416809082,7.1903276443481445,15.310945510864258,8.173540856031131,0.6571080684661865
2019-05-01,0.0,12200,0.9204627147975448,0.0942482277750969,0.0212482269853353,0.0811472907662391,0.2105001807212829,0.0986381322957198,0.0065032728016376
2019-05-06,0.0,12300,0.022208413244964,0.0,0.0057678902521729,0.0031485608778893,0.028875857591629,0.0,0.0584335476160049
2019-05-20,0.0,15900,11.306696007650142,13.686112403869627,3.2041306495666504,6.996932029724121,2.2939705848693848,10.10700389105059,0.7504928708076477
2019-05-25,0.0,17100,10.587856588602495,19.85206413269043,1.3408479690551758,12.112625122070312,10.787933349609377,18.141828793774327,2.2478132247924805
2019-05-26,0.0,16200,16.99367876755462,14.645073890686035,12.69836711883545,12.49176788330078,10.823540687561035,14.692412451361871,1.6062527894973757
2019-05-29,0.0,17000,1.252533459649947,0.3703084588050842,0.0252394564449787,1.453205108642578,0.1935897320508957,0.7173151750972763,0.0375403091311454
2019-06-02,0.0,17700,0.0221682600247411,0.0,0.1415403634309768,0.0751674324274063,0.1224880963563919,0.0,0.0003028322535101
2019-06-05,0.0,14800,0.5065430186330083,5.930624961853027,0.0504040941596031,0.3764263391494751,0.1751485466957092,5.721789883268485,0.1398147791624069
2019-06-29,0.0,11000,27.25721415416734,18.18296432495117,13.901329040527344,13.018259048461914,22.19332695007324,13.74299610894942,0.3927775621414184
2019-07-01,0.0,10700,2.258827913638888,0.571864664554596,6.645176887512207,2.0898423194885254,6.452587127685547,1.2447470817120627,0.1024291962385177
2019-07-09,1.0,9570,0.7100019110248729,4.891842365264893,1.640058159828186,2.5979621410369877,5.970320701599121,4.996498054474708,0.8005115389823914
2019-07-10,1.0,9930,4.744892920940593,15.20282745361328,15.85030746459961,6.90778112411499,12.573293685913086,11.865175097276264,1.7711760997772217
2019-07-11,0.0,10300,11.54511281011166,16.761587142944336,15.938447952270508,8.449624061584473,15.545072555541992,12.226848249027237,1.9027338027954104
2019-07-15,0.0,8850,0.2085430203475339,0.389308214187622,0.4439892470836639,0.6961110234260559,0.3360939621925354,1.2229571984435796,0.6883330941200256
2019-07-17,1.0,8510,1.8878279144690508,23.003890991210938,5.597607135772705,11.213294982910156,6.598504543304443,27.34610894941635,2.9710335731506348
2019-07-18,1.0,11300,26.42357172113892,28.81155776977539,9.623416900634766,16.013303756713867,15.702784538269045,28.970622568093397,3.783731460571289
2019-07-31,0.0,10700,0.0179579348426248,0.0,0.0001029852355713,0.0006261360831558,0.0102476784959435,0.0274319066147859,0.032854039222002
2019-08-01,3.0,9980,0.0179579348426248,3.8628530502319336,8.252431484834233e-07,0.0012569085229188,0.033911257982254,2.3332684824902725,0.0375599190592765
2019-08-02,3.0,9240,2.311673040670943,9.19455909729004,1.7934919595718384,4.282618522644043,4.017197132110596,9.128210116731516,0.7721133232116699
2019-08-05,0.0,7480,6.611929256436736,0.0,0.040022574365139,0.0064766826108098,0.0132285915315151,0.0005836575875486,0.0007734204409644
2019-08-10,0.0,8220,1.5593671113166718,5.89389705657959,4.780390739440918,2.1249096393585205,3.214759349822998,5.844552529182877,0.5938256978988647
2019-08-20,1.0,6580,0.0738604203581963,0.2942417860031128,0.1265556961297989,0.0582369193434715,0.146265760064125,0.2675097276264591,0.0088017424568533
2019-08-21,1.0,6610,0.2722982802414059,8.736556053161621,2.20088005065918,0.4378638565540313,7.883648872375488,9.80642023346303,0.0
2019-08-29,0.0,6380,0.1143154876407264,1.3904635906219482,0.2066284716129303,0.0011202740715816,0.0023946957662701,1.3803501945525292,2.1786492652609013e-05
2019-09-08,0.0,7180,8.924412999075328,16.16579246520996,18.000783920288086,10.876629829406738,14.346978187561035,15.59571984435798,0.104136161506176
2019-09-12,1.0,7070,7.664447424856965,16.680675506591797,8.52839469909668,11.635054588317873,8.169936180114746,17.830933852140063,0.2877668738365173
2019-09-13,3.0,7450,16.45605927922146,22.11341094970703,12.666377067565918,14.427375793457031,15.920866012573242,25.79435797665368,1.1826798915863037
2019-09-14,3.0,8750,24.301986612322345,35.78120422363281,7.790939331054687,19.44674301147461,20.280517578125,41.69124513618675,1.1572877168655396
2019-09-15,3.0,11000,39.32765200944977,41.06964874267578,21.062578201293945,47.138309478759766,44.019073486328125,50.19610894941634,1.153202772140503
2019-09-17,1.0,10900,41.095412953516345,40.188777923583984,30.42664337158203,45.2978515625,52.24544525146485,42.9850194552529,1.7875001430511477
2019-09-23,4.0,10300,13.618428300191598,21.342235565185547,18.23650550842285,18.47650909423828,23.582172393798828,22.578210116731512,1.5078275203704834
2019-09-24,4.0,11400,21.562323133931063,19.70232963562012,21.60634994506836,22.68040657043457,29.983299255371094,22.484046692607,1.592326283454895
2019-09-25,4.0,10900,21.403646267721264,22.957231521606445,8.128016471862793,8.99374008178711,12.464788436889648,22.48463035019456,0.1729977428913116
2019-09-26,4.0,11300,21.4790420747468,29.37196350097656,9.041004180908203,27.23743438720703,28.47811317443848,30.26575875486381,0.1155053675174713
2019-09-30,0.0,10100,12.067617605324797,7.625375747680664,7.671437740325928,4.171363353729248,2.2133350372314453,4.991634241245136,0.120681919157505
2019-10-04,0.0,9170,6.359971323209711,14.79157543182373,8.002893447875977,9.62163543701172,10.508986473083496,18.22548638132297,1.2164005041122437
2019-10-07,2.0,9720,16.05625429144018,42.73541259765625,13.93474006652832,24.775850296020508,32.1600227355957,46.61186770428017,0.848997175693512
2019-10-08,2.0,18000,44.295074567611664,50.10836791992188,18.402254104614254,31.968074798583984,37.87168502807617,55.21731517509728,1.7202727794647217
2019-10-15,2.0,9690,1.0001434053696807,3.913888931274414,1.2913107872009275,1.4505943059921265,3.506503105163574,1.1535019455252915,0.011230943724513
2019-10-16,2.0,9550,1.1674416826868317,18.59965705871582,35.03098678588867,7.992190361022949,34.94007110595703,19.59727626459145,0.127122014760971
2019-10-17,2.0,10400,19.326778195648373,43.709014892578125,58.24355316162109,35.42276382446289,62.49937438964844,54.60505836575875,1.772033929824829
2019-10-20,0.0,17600,67.4839177567006,40.20977020263672,59.639156341552734,62.63869094848633,82.67928314208984,52.52120622568091,6.741645812988281
2019-10-21,2.0,17800,51.49330975881726,74.38282012939453,41.94795227050781,52.40837860107422,73.5975112915039,95.9247081712062,0.5267072916030884
2019-10-22,2.0,38700,95.90612040103964,66.94316864013672,55.019229888916016,61.895118713378906,64.81097412109375,85.12976653696496,3.954470634460449
2019-10-25,1.0,16500,3.294323140447452,10.224221229553224,6.822678089141846,3.554353952407837,9.760882377624512,10.153112840466928,1.6212217807769775
2019-10-30,0.0,12400,0.1537571706206771,0.0,0.0008239956223405,1.1863289728353266e-05,0.0002562853624112,0.1426070038910505,0.0004880174237769
2019-11-02,0.0,11200,0.4268795420951254,0.0,0.0004028558614663,4.495969733397942e-06,0.0,0.3443579766536963,0.0
2019-11-04,0.0,9440,0.3095372851059218,0.0,0.1649047881364822,0.0002060312981484,0.122815191745758,0.0379377431906614,0.0
2019-11-06,0.0,8390,0.0011281070914244,0.0,0.0247028470039367,0.0074835591949522,0.1851942241191864,0.0149805447470817,5.664487980538979e-05
2019-11-12,0.0,7820,2.9116558313283383,9.226841926574709,9.358649253845217,11.786267280578612,7.571262359619141,7.883852140077827,0.2168943136930465
2019-11-16,2.0,8680,18.645212207717847,38.21082305908203,31.054107666015625,17.190940856933594,28.53902816772461,43.56536964980546,4.114208698272705
2019-11-17,2.0,11700,41.57619881242724,58.5190658569336,84.69320678710938,49.93842315673828,62.4887924194336,80.78968871595333,5.963477611541748
2019-11-23,1.0,10200,0.6727782026243558,11.298585891723633,5.587934970855713,0.0661877021193504,3.962394952774048,16.96206225680934,0.0002015251229749
2019-11-24,1.0,10400,15.629166392020275,21.70413589477539,23.30577850341797,16.62938690185547,22.264068603515625,26.88988326848249,2.3683478832244877
2019-11-26,0.0,10500,33.8417763371772,20.056442260742188,25.20448875427246,27.58392906188965,32.14837646484375,20.421789883268485,3.8073043823242183
2019-12-02,0.0,8570,5.545726564315275,10.91769027709961,1.0490686893463137,5.872968673706055,5.412011623382568,15.764591439688708,0.1114835739135742
2019-12-11,0.0,10000,3.750822175875347,13.89866065979004,3.5346755981445312,7.581466674804687,11.63775634765625,14.403112840466925,0.0886905118823051
2019-12-18,0.0,11600,10.443560230864003,16.56693458557129,11.519487380981444,5.054388046264648,10.53044891357422,17.333268482490276,0.1126447990536689
2019-12-19,2.0,11600,16.64909943432127,66.54042053222656,39.92818069458008,18.620380401611328,33.471656799316406,71.64552529182878,0.6843640804290771
2019-12-20,2.0,21000,67.98980695175864,133.30166625976562,86.3004150390625,98.01990509033205,97.28414916992188,155.77023346303503,20.08869171142578
2019-12-30,2.0,11400,6.739305916908518,14.782859802246094,2.930109977722168,1.244731068611145,7.039017677307129,10.62665369649806,0.1525782495737075
2019-12-31,2.0,12500,10.492089874257358,60.97180938720703,42.01169967651367,42.12310791015625,47.59193420410156,74.83929961089495,0.1972057074308395
2020-01-01,2.0,23100,70.68656783156412,,,85.75996398925781,94.126708984375,,
2020-01-02,2.0,27100,86.0037284144708,,,92.8341064453125,101.19441986083984,,
2020-01-03,2.0,21800,94.9281395172298,50.96407318115234,122.37540435791016,74.43999481201172,87.09846496582031,96.81031128404668,2.325337648391724
2020-01-04,2.0,22600,58.77316446126533,49.869239807128906,98.14270782470705,61.43204498291016,72.50091552734375,61.24922178988325,1.3049932718276978
2020-01-06,1.0,19900,58.3056099687491,90.57032012939452,116.56259155273438,103.71600341796876,113.12499237060548,117.9898832684826,4.467381477355957
2020-01-07,1.0,37700,111.25780674276686,108.18523406982422,137.807861328125,133.43028259277344,131.1570281982422,143.803112840467,10.322946548461914
2020-01-08,0.0,44800,135.2722790583142,98.47823333740234,137.10311889648438,127.79913330078124,121.26165771484376,129.5486381322958,8.87518310546875
2020-01-09,0.0,30000,121.97591389017624,44.10798645019531,86.28661346435547,78.71730041503906,76.29330444335938,48.619066147859904,6.043217182159424
2020-01-17,0.0,14000,31.636539210324987,33.31804275512695,20.48044204711914,28.912139892578125,28.47989273071289,30.08968871595332,5.290024280548096
2020-01-18,1.0,13500,28.029063096978696,32.218475341796875,31.38253402709961,30.84648704528809,40.5511360168457,32.72762645914396,2.080774307250977
2020-01-19,1.0,12100,30.380965570849767,23.16121482849121,32.142784118652344,29.334163665771484,37.99238586425781,28.814396887159525,1.7118221521377563
2020-01-20,1.0,13700,26.47938047573647,16.628761291503906,30.003475189208984,26.10433387756348,31.65225601196289,21.401167315175087,1.6558502912521362
2020-01-21,1.0,13000,19.758019103040475,23.414947509765625,25.492889404296875,18.614612579345703,24.210832595825195,28.53715953307392,0.3942667841911316
2020-01-22,2.0,15600,26.52757550719422,48.586212158203125,40.04676055908203,47.8264045715332,41.51127624511719,57.514202334630326,2.2707152366638184
2020-01-23,2.0,25300,54.12105543009917,76.02070617675781,84.63908386230469,110.63324737548828,97.27761840820312,100.77256809338522,2.170939683914185
2020-01-24,2.0,44700,94.6468642626392,73.8722915649414,97.30729675292967,128.26083374023438,111.0177993774414,99.729766536965,4.471643447875977
2020-01-28,0.0,24600,39.96290823082167,38.3644905090332,53.0056266784668,55.966590881347656,42.39979934692383,43.54805447470817,1.3999603986740112
2020-01-29,1.0,26400,41.60309176884919,40.0996208190918,59.174591064453125,67.32879638671875,48.55458831787109,47.38054474708171,0.0099204713478684
2020-01-30,3.0,26900,45.10884706832711,39.19689178466797,50.7896728515625,53.28070068359375,40.677093505859375,49.78482490272376,0.0099204713478684
2020-01-31,3.0,29000,47.63059084684397,93.43444061279295,97.4959945678711,82.45762634277344,81.16476440429688,120.37431906614786,0.0099204713478684
2020-02-01,3.0,56400,111.89292352012647,105.2535400390625,150.62570190429688,117.4622573852539,119.49012756347656,138.42996108949416,17.640193939208984
2020-02-03,0.0,43600,107.65452381714208,32.454891204833984,80.0163345336914,62.36188888549805,71.89402770996094,40.86828793774317,17.640193939208984
2020-02-04,3.0,32100,37.381330729829706,24.316665649414062,9.878908157348633,9.757417678833008,19.52554702758789,21.72587548638131,1.1485962867736816
2020-02-05,3.0,28700,21.1022906309556,47.22110366821289,50.4696044921875,54.342227935791016,73.77429962158203,52.82003891050583,2.1245365142822266
2020-02-06,3.0,31000,51.14316817989416,66.93421936035156,82.57257080078125,91.01263427734376,117.40159606933594,75.99280155642022,3.676858425140381
2020-02-07,3.0,32600,72.90644357218113,75.59895324707031,92.14806365966795,97.80074310302734,126.9171905517578,93.02081712062255,3.324281454086304
2020-02-08,0.0,33900,87.9857973386863,55.84316635131836,87.461669921875,79.58281707763672,99.33152770996094,69.74124513618673,2.423642873764038
2020-02-12,0.0,21000,3.4147151037362846,3.690448045730591,1.0513807535171509,2.036930799484253,5.415149211883545,3.184824902723733,0.0185936857014894
2020-02-13,0.0,22100,3.2182294458890315,12.012571334838867,5.524216175079346,7.059308052062988,10.49907398223877,12.714007782101165,0.0215642750263214
2020-02-24,0.0,15300,42.00387752123211,45.89352035522461,46.68657684326172,46.9990463256836,43.53253173828125,50.79630350194553,1.5105972290039062
2020-03-02,1.0,13800,26.662217965647827,29.71936416625977,33.18868637084961,28.206317901611328,41.04730987548828,40.20019455252916,0.1028800308704376
2020-03-03,1.0,15400,39.76808986140693,31.45886993408203,23.585487365722656,19.74258041381836,32.37440490722656,44.53365758754863,0.5569198131561279
2020-03-11,0.0,13600,11.00086616724084,8.467094421386719,11.024812698364258,8.492199897766113,12.992147445678713,13.733463035019437,0.0022047930397093
2020-03-15,0.0,11800,2.662206507504724,0.2496309876441955,1.2714401483535769,2.2106995582580566,1.38205885887146,2.7282101167315167,0.5938998460769653
2020-03-20,0.0,10200,0.0184416827001389,0.0,0.0020569339394569,4.9655340262688696e-05,0.0011360011994838,0.0050583657587548,0.0025305014569312
2020-03-23,0.0,10400,0.4613269590583486,8.088541984558105,4.968077659606934,7.362310886383057,7.934837341308594,10.712256809338522,0.5506567358970642
2020-03-26,0.0,10100,14.36849327555352,7.104285717010498,13.53261661529541,18.347640991210938,17.13443374633789,6.569260700389103,0.8552544116973877
2020-04-14,0.0,10600,1.5058986624156572,0.0033021476119756,0.0088374214246869,0.0001080833535525,0.2712937891483307,0.238715953307393,0.0
2020-04-17,0.0,11000,0.2243537285861988,0.0875055566430091,0.0626553669571876,0.156030386686325,0.7999211549758911,0.0433852140077821,0.0075969486497342
2020-04-25,0.0,15000,21.45849527106251,18.235864639282227,22.57367706298828,12.98126983642578,29.59756088256836,22.81167315175099,4.734983444213867
2020-05-03,0.0,19100,25.9896175909937,21.01972961425781,15.128044128417969,21.40176010131836,22.552570343017575,28.47704280155641,2.2343673706054688
2020-05-04,0.0,17900,26.849632891820992,20.301837921142575,15.331136703491213,20.88964080810547,22.145915985107425,28.554085603112835,2.234684467315674
2020-05-16,1.0,18300,7.774177824516992,17.385278701782227,3.9863052368164062,5.097663879394531,7.486817836761475,19.808365758754853,1.5481692552566528
2020-05-17,1.0,19400,18.40035946987192,21.67696189880371,11.141073226928713,14.300548553466797,6.730997085571289,25.06089494163423,1.214040994644165
2020-05-19,0.0,20600,22.48581454291362,9.038928985595703,16.150543212890625,12.355264663696287,12.450651168823242,9.553112840466929,0.1777777671813964
2020-05-20,0.0,19900,8.761135756660051,4.450395584106445,7.86811637878418,2.713658332824707,11.336898803710938,6.216147859922181,0.234368085861206
2020-05-28,0.0,23100,13.544938811314262,0.2784517109394073,1.405387282371521,0.9475473761558532,2.9250431060791016,0.4021400778210116,0.331786185503006
2020-05-30,0.0,30800,0.6649980902024963,32.12271499633789,2.593325614929199,4.3220086097717285,1.7218316793441772,39.98326848249032,1.2407819032669067
2020-06-16,0.0,23100,21.51997131781642,15.475336074829102,18.312166213989254,18.369264602661133,18.87379264831543,15.422178988326849,2.1620352268218994
2020-06-20,0.0,25500,0.3841606121063748,5.572484970092773,4.549843311309815,2.9711763858795166,5.706300258636475,6.43813229571984,0.7780283093452454
2020-06-22,2.0,25400,7.222183564147177,5.391643524169922,7.831619262695312,5.618921756744385,11.618104934692385,6.560116731517505,0.9166535139083862
2020-06-23,2.0,26500,6.85845889866483,3.2028791904449463,3.283010959625244,2.6722941398620605,6.059827327728272,2.3215953307392985,0.1457646638154983
2020-06-24,2.0,30300,2.3819866170775037,6.300655841827393,0.0709096044301986,2.2370269298553467,0.9183738231658936,6.789494163424127,0.738990843296051
2020-06-25,0.0,32600,6.6286749482220735,6.300655841827393,0.1176790297031402,2.265883684158325,0.8950817584991455,6.790466926070041,0.7726073861122131
2020-06-26,1.0,31500,6.632313571479011,4.4928154945373535,0.1166837513446807,2.2892279624938965,0.85307776927948,5.57470817120623,0.7759581804275513
2020-06-27,1.0,29500,5.29008603847833,5.519132137298584,0.2289575040340423,0.91040301322937,1.1647446155548096,4.50875486381323,0.0381960831582546
2020-07-12,0.0,15300,9.301483748275004,4.634684085845947,8.919883728027344,3.564357280731201,4.36934232711792,4.38463035019455,0.721947431564331
2020-07-14,0.0,16500,3.818437861381045,1.61907160282135,6.456999778747559,1.5347563028335571,3.354586124420166,1.8558365758754864,0.6689190864562988
2020-07-15,1.0,16500,1.8935583203819084,0.0,0.0077315396629273,0.0045091398060321,0.0185179412364959,0.0011673151750972,0.066830076277256
2020-07-16,1.0,17700,0.0020554492964158,0.2570850253105163,2.0212803065078333e-05,0.0022170569282025,0.0081949038431048,0.0099221789883268,0.0631285533308982
2020-07-20,0.0,17800,0.4294378590987315,0.0,0.0007233916549012,0.0045651369728147,0.0182818975299596,0.0,0.0653616562485694
2020-07-25,0.0,15200,0.7013996187673195,0.0494848117232322,0.0508715063333511,0.3113192021846771,0.44880211353302,0.4474708171206225,0.4699998795986175
2020-08-02,0.0,11900,0.2695544934704683,0.0,0.0381574854254722,0.0215091127902269,0.0087666418403387,0.2482490272373541,0.0038126360159367
2020-08-08,0.0,10600,9.962525812560653,10.058258056640623,3.337200403213501,5.252849102020264,3.816783905029297,10.3352140077821,0.6393789649009705
2020-08-15,0.0,8880,0.0532122367977861,0.0,0.0002614171244204,0.0001272312802029,0.0045770141296088,0.0649805447470817,0.0307625345885753
2020-08-19,3.0,9830,0.1125965585186899,2.0186147689819336,0.009551653638482,0.0644870772957801,1.061194658279419,0.4215953307392998,0.0306100230664014
2020-08-20,3.0,9600,0.4884971322384476,5.674094676971436,4.1546950340271,0.3994888365268707,7.916362285614014,2.84105058365759,0.0079956417903304
2020-08-21,3.0,9720,2.797246651989755,17.913732528686523,5.837958335876465,7.871090412139893,19.88823890686035,17.43112840466925,0.3261547982692718
2020-08-22,3.0,10200,17.45850287755928,15.895118713378906,12.123316764831545,19.92293930053711,29.62114715576172,17.65719844357975,2.3790857791900635
2020-08-28,0.0,8000,0.0131089865698801,0.0,1.395428080286365e-05,0.0006003709859214,0.0190143194049596,0.0,0.0084248362109065
2020-08-30,2.0,6940,0.0606940729598324,2.8177762031555176,0.0003822863218374,0.0043610031716525,0.0626482293009758,1.6175097276264605,9.803921420825644e-05
2020-08-31,2.0,6820,1.7602772464638266,2.8177762031555176,0.1490255743265152,1.8561357259750368,3.2498250007629395,1.6577821011673166,0.0
2020-09-01,2.0,6810,1.8086558315245411,2.8177762031555176,0.1779322773218155,1.8547062873840328,3.753002643585205,1.6013618677042816,0.0040958602912724
2020-09-02,1.0,6840,1.7479942633448091,0.0,0.1857233196496963,1.86328125,3.939625024795532,0.0416342412451361,0.017840951681137
2020-09-03,1.0,7000,0.0508604206233401,0.0,0.0370800346136093,0.011556627228856,0.7461867928504944,0.0077821011673151,0.0178954172879457
2020-09-05,0.0,7110,0.0059923518437493,0.0,1.466101934965991e-06,6.001565270707943e-05,0.0046232184395194,0.006420233463035,0.0488072074949741
2020-09-06,0.0,6730,0.0035430210612244,0.0,1.4660906799690563e-06,0.0002266998344566,0.0,0.0,0.074624203145504
2020-09-08,0.0,7270,0.0,0.0,5.039347888668999e-05,0.0002309654955752,2.6080072075274074e-06,0.0,0.0263289790600538
2020-09-09,0.0,7890,0.0,0.0,5.039347888668999e-05,4.265687039151089e-06,2.6080072075274074e-06,0.0,0.0004575163475237
2020-09-10,0.0,7990,0.0,0.0,0.0,0.0,0.0,0.0,0.0
2020-09-13,0.0,8000,0.0,0.0,9.670954568719026e-06,0.0004455719608813,0.0029217563569545,0.0,0.0061764703132212
2020-09-14,3.0,7900,0.0,2.690552234649658,0.1492564231157302,0.0145482094958424,0.2836128771305084,1.9470817120622577,0.0078431358560919
2020-09-15,3.0,7720,1.871900577732072,5.202173233032227,0.151213139295578,0.019619170576334,19.61701774597168,3.78093385214008,0.0048148138448596
2020-09-16,3.0,8000,3.5839579380891973,5.202173233032227,0.1699754446744918,0.0426373407244682,19.61854553222656,3.894163424124516,0.0047647044993937
2020-09-17,3.0,8630,3.684099429402541,2.5116207599639893,0.0207743570208549,0.0285590644925832,19.344762802124023,1.9966926070038924,0.0041111106984317
2020-09-22,3.0,9750,7.017663490212385,13.47402000427246,0.8268052339553833,0.8682926297187805,1.6366417407989502,8.018677042801556,0.0549673661589622
2020-09-23,3.0,9990,7.742068841643177,70.93861389160156,8.415151596069336,53.59834289550781,58.02371597290039,70.30486381322957,6.394857406616211
2020-09-24,3.0,19300,65.64048546726636,95.68126678466795,44.68730926513672,89.08501434326172,86.06900787353516,96.91575875486382,15.660892486572266
2020-09-25,2.0,22100,89.56263267620686,120.18050384521484,78.63938903808594,125.23614501953124,132.23590087890625,130.82704280155644,19.576251983642575
2020-09-27,0.0,19100,79.45704963831784,53.761356353759766,41.143699645996094,50.69780731201172,57.49428176879883,57.85875486381324,5.659353733062744
2020-10-09,2.0,11100,0.9030038243138284,23.014406204223636,0.8087661862373352,0.0447657294571399,2.997633457183838,23.869844357976657,0.3530183136463165
2020-10-10,2.0,13600,23.773713226908463,49.22715759277344,49.46604537963867,47.00909805297852,51.619590759277344,60.35486381322956,8.221304893493652
2020-10-11,1.0,19800,58.79235956008412,81.2730712890625,76.9515151977539,70.2757797241211,81.87215423583984,99.01108949416344,10.635605812072754
2020-10-12,1.0,27300,95.46915304729175,74.17389678955078,94.95832061767578,99.85528564453124,111.05130767822266,89.06692607003889,12.7853422164917
2020-10-13,3.0,25400,85.73569601626059,82.45693969726562,76.0344009399414,89.54408264160156,98.71432495117188,92.20972762645916,8.467790603637695
2020-10-14,3.0,33500,87.68270362358021,62.54184341430664,62.19727325439453,74.2502212524414,85.31424713134766,60.87996108949418,6.0199055671691895
2020-10-15,3.0,27000,58.2241261797471,55.00798034667969,43.944915771484375,44.93341827392578,54.32353591918945,51.29163424124516,3.848789930343628
2020-10-16,3.0,21400,48.56540917521111,49.155494689941406,26.448562622070312,29.5427188873291,36.20335388183594,45.97684824902726,0.4032036960124969
2020-10-17,3.0,35700,45.7591701601534,49.03949737548828,16.8835506439209,24.57406997680664,22.931367874145508,46.13735408560314,0.6400121450424194
2020-10-18,3.0,27700,46.54340153383038,52.67082595825195,25.952783584594727,40.61816787719727,40.08610153198242,57.92626459143971,0.7148759365081787
2020-10-19,3.0,29400,58.741690248938326,29.803449630737305,17.737300872802734,23.14752197265625,30.895381927490234,30.85778210116731,0.7416123151779175
2020-10-20,3.0,24600,31.853470350302278,24.135108947753903,14.38260555267334,20.890300750732425,27.302114486694336,29.18696498054474,0.6325516700744629
2020-10-23,1.0,17800,14.025309747626984,28.431224822998047,19.325448989868164,28.19830322265625,28.527568817138672,28.86614785992218,1.9728888273239136
2020-10-24,1.0,18500,27.890298291339885,21.46092987060547,18.143075942993164,25.17997169494629,25.359813690185547,21.69182879377432,2.000561475753784
2020-10-27,0.0,15800,3.119397701950652,5.411629676818848,0.35319983959198,0.0526957996189594,2.3787543773651123,5.5023346303501945,0.0001132897596107
2020-10-30,1.0,20200,9.558411099785944,22.93344116210937,14.716691970825195,13.608171463012695,27.504417419433597,20.501361867704272,0.1979236304759979
2020-11-03,4.0,15300,1.2804608016506809,34.464210510253906,22.17742347717285,33.30390167236328,29.569480895996094,39.66478599221789,4.569238185882568
2020-11-04,4.0,22400,37.28772657995231,75.88640594482422,34.55522155761719,45.75518798828125,48.79719543457031,88.69591439688716,7.194903373718262
2020-11-05,4.0,46100,83.11877822165042,97.5795440673828,63.634521484375,74.54981231689453,75.39356994628906,118.07373540856032,20.184818267822266
2020-11-16,3.0,20000,73.51615681269884,65.27596282958984,45.09705352783203,51.23555755615234,60.90857696533203,65.84727626459136,6.034934997558594
2020-11-17,3.0,24300,60.98906118213333,74.68704223632812,76.78404998779297,58.63505172729492,77.89988708496094,76.74280155642019,4.483380317687988
2020-11-18,3.0,29200,70.93326004171462,75.32543182373047,63.59706878662109,49.89405822753906,74.17574310302734,77.06478599221786,6.922633647918701
2020-11-24,0.0,18300,7.623076475238522,23.196369171142575,36.11505126953125,12.905417442321776,22.06702423095703,26.929377431906616,0.0043006516061723
2020-11-27,1.0,18000,29.895045900336747,13.04854965209961,22.11023330688477,15.6337890625,26.94050025939941,17.05194552529182,0.2459452152252197
2020-11-28,1.0,16700,16.24927151649095,10.111623764038086,12.981128692626951,8.743814468383789,18.58425712585449,11.368677042801554,0.0527287609875202
2020-11-30,1.0,17300,11.626240930843869,22.86260032653809,29.06136131286621,23.714221954345703,31.83155059814453,25.69805447470817,0.0001775599375832
2020-12-07,3.0,15100,0.6154397695356922,13.072759628295898,1.8789868354797363,0.695578396320343,5.598107814788818,10.43365758754863,0.0078986901789903
2020-12-08,3.0,15700,10.377544930208089,34.48722839355469,38.699440002441406,28.36845016479492,48.0328254699707,36.57996108949414,2.5939149856567383
2020-12-11,0.0,17400,32.66981070632797,10.382542610168455,29.002443313598636,20.56619071960449,15.589542388916016,9.539883268482498,0.6508395671844482
2020-12-13,0.0,15700,3.9232084061992736,11.780000686645508,14.251148223876951,14.006675720214844,11.339960098266602,13.385408560311276,1.0009450912475586
2020-12-18,1.0,18200,51.87695600858838,42.94937133789063,51.08256530761719,52.445648193359375,60.52206039428711,52.01945525291829,5.454212188720703
2020-12-19,1.0,19000,50.90080685232611,48.588844299316406,66.92158508300781,73.18672943115234,74.5779037475586,58.82276264591439,9.277015686035156
2020-12-20,1.0,23000,57.20783363519162,51.72441101074219,71.33392333984375,76.78146362304688,79.77940368652344,56.54319066147859,8.462077140808105
2020-12-21,1.0,25900,54.93855640810717,92.06432342529295,105.7689971923828,116.38514709472656,104.81224060058594,94.42821011673148,7.905666351318359
2020-12-30,1.0,16000,17.030734222718422,38.94898986816406,44.32684326171875,44.44965744018555,32.64936447143555,43.43132295719845,5.111080169677734
2020-12-31,1.0,20700,43.19070356998621,,58.653564453125,66.74049377441406,54.825782775878906,57.96614785992219,5.111048698425293
