date,discharge_cfs,gage_height_ft,ar_scale_47.5N_124.5W,ar_scale_48.0N_124.5W,ar_scale_48.5N_124.5W,ar_scale
1981-01-02,34200,,0.0,0.0,0.0,0.0
1981-01-08,17800,,1.0,1.0,0.0,1.0
1981-01-09,17600,,1.0,1.0,0.0,1.0
1981-01-11,15100,,0.0,0.0,0.0,0.0
1981-01-18,12900,,3.0,2.0,2.0,3.0
1981-01-19,12600,,3.0,2.0,2.0,3.0
1981-01-20,13100,,3.0,2.0,2.0,3.0
1981-01-21,12300,,3.0,2.0,1.0,3.0
1981-01-22,14500,,2.0,2.0,1.0,2.0
1981-01-26,13000,,0.0,0.0,0.0,0.0
1981-02-07,8160,,0.0,0.0,0.0,0.0
1981-02-12,9910,,1.0,1.0,0.0,1.0
1981-02-13,12700,,1.0,1.0,0.0,1.0
1981-02-15,22000,,3.0,3.0,3.0,3.0
1981-02-16,33800,,3.0,3.0,3.0,3.0
1981-02-17,43700,,3.0,3.0,3.0,3.0
1981-02-18,38900,,2.0,0.0,0.0,2.0
1981-02-19,37500,,2.0,2.0,1.0,2.0
1981-02-20,39700,,0.0,0.0,0.0,0.0
1981-03-06,10900,,0.0,0.0,0.0,0.0
1981-03-10,8930,,0.0,0.0,0.0,0.0
1981-03-13,11300,,0.0,0.0,0.0,0.0
1981-03-26,12200,,0.0,0.0,0.0,0.0
1981-04-01,17800,,0.0,0.0,0.0,0.0
1981-04-07,15300,,0.0,0.0,0.0,0.0
1981-04-10,16500,,0.0,0.0,0.0,0.0
1981-04-18,15600,,0.0,0.0,0.0,0.0
1981-04-21,18600,,0.0,0.0,0.0,0.0
1981-04-22,20800,,3.0,3.0,2.0,3.0
1981-04-23,24300,,3.0,3.0,2.0,3.0
1981-04-24,30200,,3.0,3.0,2.0,3.0
1981-04-27,18700,,3.0,3.0,3.0,3.0
1981-04-28,23200,,3.0,3.0,3.0,3.0
1981-04-29,32400,,3.0,3.0,3.0,3.0
1981-05-08,13600,,0.0,0.0,0.0,0.0
1981-05-09,11500,,0.0,0.0,0.0,0.0
1981-05-27,17600,,0.0,0.0,0.0,0.0
1981-05-29,15000,,0.0,0.0,0.0,0.0
1981-06-01,15700,,0.0,0.0,0.0,0.0
1981-06-03,14000,,0.0,1.0,0.0,1.0
1981-06-04,17400,,0.0,1.0,0.0,1.0
1981-06-05,17300,,1.0,1.0,0.0,1.0
1981-06-17,22300,,2.0,0.0,0.0,2.0
1981-06-18,23300,,2.0,1.0,0.0,2.0
1981-06-19,28400,,2.0,1.0,0.0,2.0
1981-06-20,31400,,0.0,0.0,0.0,0.0
1981-06-21,29300,,2.0,1.0,0.0,2.0
1981-06-22,27500,,2.0,1.0,0.0,2.0
1981-06-25,24800,,0.0,0.0,0.0,0.0
1981-06-30,22800,,0.0,0.0,0.0,0.0
1981-07-02,22600,,0.0,0.0,0.0,0.0
1981-07-10,14000,,0.0,0.0,0.0,0.0
1981-07-13,15600,,0.0,0.0,0.0,0.0
1981-07-18,19100,,0.0,0.0,0.0,0.0
1981-07-21,17900,,0.0,0.0,0.0,0.0
1981-07-24,15200,,0.0,0.0,0.0,0.0
1981-08-01,12100,,0.0,0.0,0.0,0.0
1981-08-25,9220,,0.0,0.0,0.0,0.0
1981-08-31,6660,,1.0,2.0,2.0,2.0
1981-09-01,11000,,1.0,2.0,2.0,2.0
1981-09-03,12700,,0.0,0.0,0.0,0.0
1981-09-15,6120,,0.0,0.0,0.0,0.0
1981-09-16,7540,,0.0,2.0,0.0,2.0
1981-09-17,7700,,2.0,2.0,0.0,2.0
1981-09-18,8660,,2.0,2.0,0.0,2.0
1981-09-20,8140,,0.0,1.0,1.0,1.0
1981-09-21,7810,,0.0,1.0,1.0,1.0
1981-09-23,8180,,0.0,0.0,0.0,0.0
1981-09-25,5720,,0.0,0.0,0.0,0.0
1981-09-26,7280,,1.0,1.0,0.0,1.0
1981-09-27,6760,,1.0,1.0,0.0,1.0
1981-09-30,13200,,2.0,2.0,2.0,2.0
1981-10-01,11500,,2.0,2.0,2.0,2.0
1981-10-02,20300,,2.0,2.0,2.0,2.0
1981-10-03,16600,,0.0,0.0,0.0,0.0
1981-10-05,8640,,2.0,2.0,2.0,2.0
1981-10-06,18000,,2.0,2.0,2.0,2.0
1981-10-07,32900,,2.0,2.0,0.0,2.0
1981-10-10,17600,,0.0,0.0,0.0,0.0
1981-10-11,15000,,0.0,0.0,0.0,0.0
1981-10-26,7640,,2.0,2.0,2.0,2.0
1981-10-27,10900,,2.0,2.0,2.0,2.0
1981-10-28,19300,,2.0,2.0,2.0,2.0
1981-10-29,18800,,0.0,0.0,0.0,0.0
1981-10-30,15300,,3.0,4.0,4.0,4.0
1981-10-31,18200,,3.0,4.0,4.0,4.0
1981-11-01,18400,,3.0,4.0,4.0,4.0
1981-11-02,14900,,0.0,4.0,4.0,4.0
1981-11-03,13400,,1.0,1.0,1.0,1.0
1981-11-10,9230,,4.0,3.0,3.0,4.0
1981-11-11,9420,,4.0,3.0,3.0,4.0
1981-11-12,16700,,4.0,3.0,3.0,4.0
1981-11-14,15300,,1.0,1.0,0.0,1.0
1981-11-15,17600,,1.0,1.0,0.0,1.0
1981-11-20,16700,,1.0,1.0,0.0,1.0
1981-11-21,16400,,1.0,1.0,0.0,1.0
1981-11-30,9180,,1.0,1.0,1.0,1.0
1981-12-01,14500,,1.0,1.0,1.0,1.0
1981-12-02,21300,,1.0,1.0,1.0,1.0
1981-12-04,17700,,3.0,3.0,2.0,3.0
1981-12-05,22100,,3.0,3.0,2.0,3.0
1981-12-08,22000,,3.0,0.0,0.0,3.0
1981-12-09,19900,,3.0,2.0,1.0,3.0
1981-12-10,24500,,3.0,0.0,0.0,3.0
1981-12-16,16400,,0.0,0.0,0.0,0.0
1981-12-17,15300,,3.0,3.0,0.0,3.0
1981-12-18,14400,,3.0,3.0,2.0,3.0
1981-12-19,19100,,3.0,3.0,2.0,3.0
1981-12-25,13700,,0.0,0.0,0.0,0.0
1982-01-07,11600,,0.0,0.0,0.0,0.0
1982-01-10,9300,,0.0,0.0,0.0,0.0
1982-01-13,10600,,0.0,0.0,0.0,0.0
1982-01-15,13100,,2.0,0.0,0.0,2.0
1982-01-16,15500,,2.0,1.0,0.0,2.0
1982-01-22,12100,,3.0,3.0,3.0,3.0
1982-01-23,17500,,3.0,3.0,3.0,3.0
1982-01-24,36900,,3.0,3.0,3.0,3.0
1982-01-25,28000,,2.0,2.0,2.0,2.0
1982-01-26,25400,,2.0,2.0,2.0,2.0
1982-02-01,19700,,0.0,0.0,1.0,1.0
1982-02-02,20000,,0.0,0.0,1.0,1.0
1982-02-04,17400,,0.0,0.0,0.0,0.0
1982-02-12,14800,,3.0,3.0,1.0,3.0
1982-02-13,20200,,3.0,3.0,1.0,3.0
1982-02-14,38100,,3.0,3.0,1.0,3.0
1982-02-15,53900,,3.0,1.0,0.0,3.0
1982-02-16,53900,,3.0,1.0,0.0,3.0
1982-02-18,38300,,2.0,1.0,1.0,2.0
1982-02-20,35000,,1.0,0.0,0.0,1.0
1982-02-24,24300,,0.0,0.0,0.0,0.0
1982-02-28,17700,,2.0,2.0,1.0,2.0
1982-03-01,18200,,2.0,2.0,1.0,2.0
1982-03-08,15100,,0.0,0.0,0.0,0.0
1982-03-14,17200,,0.0,0.0,0.0,0.0
1982-03-18,14800,,0.0,0.0,0.0,0.0
1982-04-06,10400,,0.0,0.0,0.0,0.0
1982-04-13,17200,,0.0,0.0,0.0,0.0
1982-04-26,14300,,0.0,0.0,0.0,0.0
1982-05-04,15100,,0.0,0.0,0.0,0.0
1982-05-08,17400,,0.0,0.0,0.0,0.0
1982-05-14,19000,,0.0,0.0,0.0,0.0
1982-05-20,22200,,0.0,0.0,0.0,0.0
1982-05-24,22900,,0.0,0.0,0.0,0.0
1982-06-01,24700,,0.0,0.0,0.0,0.0
1982-06-04,24100,,0.0,0.0,0.0,0.0
1982-06-05,22000,,0.0,0.0,0.0,0.0
1982-06-10,23900,,0.0,0.0,0.0,0.0
1982-06-13,32300,,0.0,0.0,0.0,0.0
1982-06-16,33800,,0.0,0.0,0.0,0.0
1982-06-18,40500,,0.0,0.0,0.0,0.0
1982-06-25,36500,,2.0,0.0,0.0,2.0
1982-06-26,34100,,2.0,1.0,1.0,2.0
1982-06-27,33800,,1.0,0.0,0.0,1.0
1982-06-28,31500,,1.0,0.0,0.0,1.0
1982-07-06,22100,,0.0,0.0,0.0,0.0
1982-07-07,23000,,0.0,0.0,0.0,0.0
1982-07-15,31800,,0.0,0.0,0.0,0.0
1982-07-19,20600,,0.0,1.0,1.0,1.0
1982-07-20,22600,,0.0,1.0,1.0,1.0
1982-08-09,15600,,0.0,0.0,0.0,0.0
1982-08-12,16700,,2.0,2.0,2.0,2.0
1982-08-13,20000,,2.0,2.0,2.0,2.0
1982-08-27,12200,,0.0,0.0,0.0,0.0
1982-09-02,10900,,0.0,0.0,0.0,0.0
1982-09-06,9720,,0.0,0.0,1.0,1.0
1982-09-07,9650,,0.0,0.0,1.0,1.0
1982-09-08,10600,,1.0,1.0,1.0,1.0
1982-09-09,11300,,1.0,1.0,1.0,1.0
1982-09-11,14500,,2.0,0.0,0.0,2.0
1982-09-12,16200,,2.0,0.0,0.0,2.0
1982-09-19,8180,,0.0,0.0,0.0,0.0
1982-09-24,8370,,0.0,0.0,0.0,0.0
1982-09-27,8040,,0.0,0.0,0.0,0.0
1982-09-30,9130,,0.0,0.0,0.0,0.0
1982-10-05,7500,,2.0,2.0,1.0,2.0
1982-10-06,7200,,2.0,2.0,1.0,2.0
1982-10-13,8970,,0.0,0.0,0.0,0.0
1982-10-21,9400,,3.0,3.0,3.0,3.0
1982-10-22,13400,,3.0,3.0,3.0,3.0
1982-10-23,19200,,3.0,3.0,3.0,3.0
1982-10-24,13100,,3.0,3.0,3.0,3.0
1982-10-25,11900,,3.0,3.0,3.0,3.0
1982-10-26,13300,,3.0,3.0,3.0,3.0
1982-10-27,18900,,0.0,3.0,3.0,3.0
1982-11-01,15600,,0.0,0.0,0.0,0.0
1982-11-03,12000,,1.0,1.0,1.0,1.0
1982-11-04,11800,,1.0,1.0,1.0,1.0
1982-11-09,15200,,0.0,0.0,0.0,0.0
1982-11-13,10900,,0.0,0.0,0.0,0.0
1982-11-16,10400,,0.0,0.0,0.0,0.0
1982-11-25,11900,,0.0,0.0,0.0,0.0
1982-12-02,13300,,3.0,3.0,3.0,3.0
1982-12-03,25000,,3.0,3.0,3.0,3.0
1982-12-08,20500,,0.0,0.0,0.0,0.0
1982-12-13,14500,,0.0,0.0,0.0,0.0
1982-12-14,15000,,1.0,1.0,1.0,1.0
1982-12-15,17200,,2.0,1.0,1.0,2.0
1982-12-16,22900,,2.0,1.0,1.0,2.0
1982-12-18,21600,,0.0,0.0,0.0,0.0
1982-12-23,14600,,0.0,0.0,0.0,0.0
1982-12-24,13500,,0.0,0.0,0.0,0.0
1982-12-30,11900,,0.0,0.0,0.0,0.0
1983-01-04,11800,,2.0,0.0,0.0,2.0
1983-01-05,23000,,2.0,0.0,0.0,2.0
1983-01-06,29300,,2.0,0.0,0.0,2.0
1983-01-07,22500,,2.0,2.0,2.0,2.0
1983-01-08,42200,,2.0,2.0,2.0,2.0
1983-01-09,40000,,1.0,2.0,2.0,2.0
1983-01-10,46600,,1.0,2.0,2.0,2.0
1983-01-13,28100,,0.0,0.0,0.0,0.0
1983-01-17,16100,,2.0,2.0,1.0,2.0
1983-01-18,17100,,2.0,2.0,1.0,2.0
1983-01-19,16300,,2.0,2.0,1.0,2.0
1983-01-20,17200,,0.0,0.0,0.0,0.0
1983-01-22,14400,,0.0,0.0,0.0,0.0
1983-01-25,13600,,2.0,2.0,0.0,2.0
1983-01-26,14600,,2.0,2.0,0.0,2.0
1983-01-27,16700,,1.0,1.0,0.0,1.0
1983-01-28,19600,,0.0,0.0,0.0,0.0
1983-01-30,16100,,0.0,0.0,0.0,0.0
1983-02-04,12200,,0.0,0.0,0.0,0.0
1983-02-10,12400,,4.0,3.0,2.0,4.0
1983-02-11,13000,,4.0,3.0,2.0,4.0
1983-02-12,16600,,4.0,3.0,2.0,4.0
1983-02-13,22400,,4.0,3.0,0.0,4.0
1983-02-15,18900,,0.0,0.0,0.0,0.0
1983-02-16,18400,,2.0,0.0,0.0,2.0
1983-02-17,19600,,2.0,2.0,1.0,2.0
1983-02-18,23900,,2.0,2.0,1.0,2.0
1983-02-19,22700,,1.0,1.0,0.0,1.0
1983-02-20,20500,,1.0,1.0,0.0,1.0
1983-02-22,19200,,2.0,2.0,1.0,2.0
1983-02-23,21300,,2.0,2.0,1.0,2.0
1983-02-24,23900,,2.0,2.0,1.0,2.0
1983-03-08,18100,,3.0,3.0,3.0,3.0
1983-03-09,24300,,3.0,3.0,3.0,3.0
1983-03-20,15300,,0.0,0.0,0.0,0.0
1983-03-23,15400,,0.0,0.0,0.0,0.0
1983-03-30,20800,,0.0,0.0,0.0,0.0
1983-03-31,21600,,0.0,0.0,0.0,0.0
1983-04-01,20300,,0.0,0.0,0.0,0.0
1983-04-15,12200,,0.0,0.0,0.0,0.0
1983-04-24,12700,,0.0,0.0,0.0,0.0
1983-04-28,11700,,0.0,0.0,0.0,0.0
1983-05-02,13500,,0.0,0.0,0.0,0.0
1983-05-10,12000,,0.0,0.0,0.0,0.0
1983-05-14,12900,,0.0,0.0,0.0,0.0
1983-05-18,12500,,0.0,0.0,0.0,0.0
1983-05-26,23700,,0.0,0.0,0.0,0.0
1983-05-27,23400,,0.0,0.0,0.0,0.0
1983-05-31,28600,,0.0,0.0,0.0,0.0
1983-06-04,19100,,0.0,0.0,0.0,0.0
1983-06-09,21900,,2.0,2.0,1.0,2.0
1983-06-10,22100,,2.0,2.0,1.0,2.0
1983-06-16,20500,,1.0,1.0,0.0,1.0
1983-06-17,20100,,1.0,1.0,0.0,1.0
1983-06-26,16600,,0.0,0.0,0.0,0.0
1983-07-10,13000,,5.0,4.0,3.0,5.0
1983-07-11,13000,,5.0,4.0,3.0,5.0
1983-07-12,35900,,5.0,4.0,3.0,5.0
1983-07-13,48500,,5.0,4.0,1.0,5.0
1983-07-17,27700,,0.0,0.0,0.0,0.0
1983-07-22,21800,,0.0,0.0,0.0,0.0
1983-07-24,22000,,0.0,0.0,0.0,0.0
1983-07-25,21800,,0.0,0.0,0.0,0.0
1983-08-15,13900,,0.0,0.0,0.0,0.0
1983-08-19,9560,,0.0,0.0,0.0,0.0
1983-08-22,9560,,0.0,0.0,0.0,0.0
1983-08-28,8160,,1.0,1.0,1.0,1.0
1983-08-29,8300,,0.0,1.0,1.0,1.0
1983-08-31,10900,,0.0,0.0,0.0,0.0
1983-09-06,10900,,0.0,1.0,1.0,1.0
1983-09-10,10900,,1.0,1.0,0.0,1.0
1983-09-20,9200,,0.0,0.0,0.0,0.0
1983-09-23,9000,,0.0,0.0,0.0,0.0
1983-10-02,7170,,1.0,1.0,1.0,1.0
1983-10-03,5990,,1.0,1.0,1.0,1.0
1983-10-04,8660,,1.0,1.0,1.0,1.0
1983-10-07,8320,,0.0,0.0,0.0,0.0
1983-10-11,6940,,0.0,0.0,0.0,0.0
1983-10-21,6050,,2.0,2.0,2.0,2.0
1983-10-22,10500,,2.0,2.0,2.0,2.0
1983-10-24,10600,,1.0,2.0,2.0,2.0
1983-10-25,10200,,1.0,2.0,2.0,2.0
1983-10-26,9060,,1.0,2.0,2.0,2.0
1983-10-27,9170,,0.0,2.0,2.0,2.0
1983-10-29,8160,,1.0,1.0,0.0,1.0
1983-10-30,7740,,1.0,1.0,1.0,1.0
1983-11-01,13400,,2.0,2.0,1.0,2.0
1983-11-02,13800,,2.0,2.0,1.0,2.0
1983-11-03,22700,,1.0,1.0,1.0,1.0
1983-11-05,28000,,1.0,1.0,0.0,1.0
1983-11-06,23000,,1.0,1.0,0.0,1.0
1983-11-10,20000,,3.0,2.0,2.0,3.0
1983-11-11,21800,,3.0,2.0,2.0,3.0
1983-11-13,20600,,0.0,0.0,0.0,0.0
1983-11-14,19900,,3.0,2.0,2.0,3.0
1983-11-15,30900,,3.0,2.0,2.0,3.0
1983-11-16,57900,,3.0,2.0,2.0,3.0
1983-11-19,34000,,0.0,0.0,0.0,0.0
1983-11-23,20000,,0.0,0.0,0.0,0.0
1983-12-01,16700,,0.0,0.0,0.0,0.0
1983-12-08,11400,,0.0,0.0,0.0,0.0
1983-12-10,13200,,0.0,0.0,0.0,0.0
1983-12-24,13000,,0.0,0.0,0.0,0.0
1983-12-28,11200,,0.0,0.0,0.0,0.0
1984-01-01,14900,,2.0,1.0,1.0,2.0
1984-01-02,14400,,2.0,1.0,1.0,2.0
1984-01-03,21200,,4.0,4.0,4.0,4.0
1984-01-04,49600,,4.0,4.0,4.0,4.0
1984-01-05,81300,,4.0,4.0,4.0,4.0
1984-01-10,26300,,0.0,0.0,0.0,0.0
1984-01-11,24200,,0.0,0.0,0.0,0.0
1984-01-21,13500,,0.0,0.0,0.0,0.0
1984-01-22,13600,,1.0,1.0,0.0,1.0
1984-01-23,14100,,3.0,3.0,3.0,3.0
1984-01-24,21600,,3.0,3.0,3.0,3.0
1984-01-25,45200,,3.0,3.0,3.0,3.0
1984-01-26,39100,,0.0,1.0,1.0,1.0
1984-01-27,30300,,0.0,1.0,1.0,1.0
1984-01-28,28600,,0.0,0.0,1.0,1.0
1984-01-29,28600,,0.0,0.0,0.0,0.0
1984-02-07,15300,,1.0,1.0,0.0,1.0
1984-02-08,14700,,1.0,1.0,0.0,1.0
1984-02-09,15600,,1.0,1.0,0.0,1.0
1984-02-10,17200,,1.0,1.0,0.0,1.0
1984-02-12,19400,,1.0,1.0,0.0,1.0
1984-02-13,23500,,0.0,0.0,0.0,0.0
1984-02-19,16200,,2.0,2.0,2.0,2.0
1984-02-20,18100,,2.0,2.0,2.0,2.0
1984-02-21,24500,,0.0,0.0,0.0,0.0
1984-02-29,18600,,0.0,0.0,0.0,0.0
1984-03-09,16500,,0.0,0.0,0.0,0.0
1984-03-20,17200,,1.0,1.0,1.0,1.0
1984-03-21,24000,,1.0,1.0,1.0,1.0
1984-04-07,15300,,0.0,0.0,0.0,0.0
1984-04-13,15800,,2.0,2.0,2.0,2.0
1984-04-14,11700,,2.0,2.0,2.0,2.0
1984-04-15,12000,,2.0,2.0,2.0,2.0
1984-04-23,10900,,0.0,0.0,0.0,0.0
1984-04-28,9700,,0.0,0.0,0.0,0.0
1984-05-03,15900,,0.0,0.0,0.0,0.0
1984-05-06,10700,,0.0,0.0,0.0,0.0
1984-05-07,10400,,1.0,1.0,0.0,1.0
1984-05-08,10800,,1.0,1.0,0.0,1.0
1984-05-11,13500,,0.0,0.0,0.0,0.0
1984-05-12,18700,,0.0,0.0,0.0,0.0
1984-05-13,17200,,0.0,0.0,0.0,0.0
1984-05-18,15400,,2.0,2.0,0.0,2.0
1984-05-19,16100,,2.0,2.0,1.0,2.0
1984-06-02,18900,,0.0,0.0,0.0,0.0
1984-06-06,17200,,0.0,0.0,0.0,0.0
1984-06-07,16400,,0.0,0.0,0.0,0.0
1984-06-11,15600,,0.0,0.0,0.0,0.0
1984-06-14,22500,,0.0,0.0,0.0,0.0
1984-06-24,26800,,0.0,0.0,0.0,0.0
1984-06-25,28400,,1.0,0.0,0.0,1.0
1984-06-26,28700,,1.0,1.0,1.0,1.0
1984-06-27,30900,,2.0,2.0,2.0,2.0
1984-06-28,29200,,2.0,2.0,2.0,2.0
1984-06-29,31000,,2.0,2.0,2.0,2.0
1984-06-30,32600,,2.0,2.0,2.0,2.0
1984-07-01,28200,,2.0,2.0,2.0,2.0
1984-07-03,25300,,1.0,1.0,1.0,1.0
1984-07-04,24000,,1.0,1.0,1.0,1.0
1984-07-05,24700,,1.0,1.0,1.0,1.0
1984-07-08,22700,,0.0,0.0,0.0,0.0
1984-07-09,22500,,0.0,0.0,0.0,0.0
1984-07-19,25400,,0.0,0.0,0.0,0.0
1984-07-21,19100,,0.0,0.0,0.0,0.0
1984-07-25,21700,,1.0,1.0,0.0,1.0
1984-07-26,24800,,1.0,1.0,0.0,1.0
1984-07-31,15800,,0.0,0.0,0.0,0.0
1984-08-05,19400,,0.0,0.0,0.0,0.0
1984-08-09,14300,,0.0,0.0,0.0,0.0
1984-08-15,12200,,1.0,1.0,0.0,1.0
1984-08-16,11500,,1.0,1.0,0.0,1.0
1984-08-17,10300,,1.0,1.0,0.0,1.0
1984-08-18,10900,,0.0,0.0,0.0,0.0
1984-08-26,7600,,0.0,1.0,1.0,1.0
1984-08-27,8740,,1.0,1.0,1.0,1.0
1984-08-30,10200,,0.0,0.0,0.0,0.0
1984-09-04,7080,,1.0,1.0,1.0,1.0
1984-09-05,9340,,1.0,1.0,1.0,1.0
1984-09-07,14300,,1.0,0.0,0.0,1.0
1984-09-08,12900,,1.0,0.0,0.0,1.0
1984-09-15,9120,,0.0,2.0,3.0,3.0
1984-09-16,8070,,0.0,2.0,3.0,3.0
1984-09-17,7070,,1.0,2.0,3.0,3.0
1984-09-18,7980,,1.0,2.0,3.0,3.0
1984-09-19,8750,,0.0,0.0,0.0,0.0
1984-09-22,10400,,0.0,0.0,0.0,0.0
1984-10-03,7160,,1.0,1.0,1.0,1.0
1984-10-04,6790,,1.0,1.0,1.0,1.0
1984-10-06,6550,,5.0,5.0,5.0,5.0
1984-10-07,6750,,5.0,5.0,5.0,5.0
1984-10-08,7500,,5.0,5.0,5.0,5.0
1984-10-09,10300,,5.0,5.0,5.0,5.0
1984-10-10,13300,,3.0,3.0,2.0,3.0
1984-10-12,17200,,1.0,1.0,0.0,1.0
1984-10-13,18300,,1.0,1.0,0.0,1.0
1984-10-21,11000,,0.0,0.0,0.0,0.0
1984-10-24,11400,,0.0,2.0,2.0,2.0
1984-10-25,13600,,1.0,2.0,2.0,2.0
1984-10-27,15800,,0.0,0.0,0.0,0.0
1984-11-01,12500,,2.0,1.0,1.0,2.0
1984-11-02,16800,,2.0,2.0,2.0,2.0
1984-11-03,27400,,2.0,2.0,2.0,2.0
1984-11-12,18900,,0.0,0.0,0.0,0.0
1984-11-17,14300,,1.0,1.0,0.0,1.0
1984-11-18,12200,,1.0,1.0,0.0,1.0
1984-11-19,15200,,0.0,0.0,0.0,0.0
1984-11-22,13300,,2.0,2.0,3.0,3.0
1984-11-23,14000,,2.0,2.0,3.0,3.0
1984-11-27,13800,,1.0,1.0,0.0,1.0
1984-11-29,17200,,0.0,0.0,0.0,0.0
1984-11-30,16100,,0.0,0.0,0.0,0.0
1984-12-05,11700,,0.0,0.0,0.0,0.0
1984-12-06,11200,,0.0,0.0,0.0,0.0
1984-12-07,11000,,2.0,2.0,2.0,2.0
1984-12-08,22700,,2.0,2.0,2.0,2.0
1984-12-10,17600,,0.0,0.0,0.0,0.0
1984-12-12,15600,,0.0,0.0,0.0,0.0
1984-12-14,14700,,1.0,1.0,1.0,1.0
1984-12-28,11100,,0.0,0.0,0.0,0.0
1985-01-01,9420,,0.0,0.0,0.0,0.0
1985-01-05,11600,,0.0,0.0,0.0,0.0
1985-01-19,14900,,0.0,0.0,0.0,0.0
1985-01-22,15900,,0.0,0.0,0.0,0.0
1985-01-23,15900,,0.0,0.0,0.0,0.0
1985-02-05,10800,,0.0,0.0,0.0,0.0
1985-02-11,9570,,1.0,1.0,1.0,1.0
1985-02-14,9520,,1.0,1.0,1.0,1.0
1985-02-22,11300,,0.0,0.0,0.0,0.0
1985-03-07,11500,,0.0,0.0,0.0,0.0
1985-03-11,8510,,0.0,0.0,0.0,0.0
1985-03-12,8930,,0.0,0.0,0.0,0.0
1985-03-18,8030,,0.0,0.0,0.0,0.0
1985-03-23,9910,,1.0,1.0,0.0,1.0
1985-03-26,10800,,0.0,0.0,0.0,0.0
1985-03-31,12600,,0.0,0.0,0.0,0.0
1985-04-01,12000,,0.0,0.0,0.0,0.0
1985-04-04,16300,,0.0,0.0,0.0,0.0
1985-04-08,12900,,0.0,0.0,0.0,0.0
1985-04-13,23600,,0.0,0.0,0.0,0.0
1985-04-19,14900,,0.0,0.0,0.0,0.0
1985-04-23,11500,,0.0,0.0,0.0,0.0
1985-04-25,12600,,0.0,0.0,0.0,0.0
1985-04-26,11300,,2.0,2.0,2.0,2.0
1985-04-27,18100,,2.0,2.0,2.0,2.0
1985-04-30,14200,,0.0,0.0,0.0,0.0
1985-05-08,13900,,0.0,0.0,0.0,0.0
1985-05-24,32200,,0.0,0.0,0.0,0.0
1985-05-29,21400,,0.0,0.0,0.0,0.0
1985-06-02,21500,,0.0,0.0,0.0,0.0
1985-06-05,26200,,0.0,0.0,0.0,0.0
1985-06-08,41500,,0.0,0.0,0.0,0.0
1985-06-26,19300,,0.0,0.0,0.0,0.0
1985-06-27,18500,,0.0,0.0,0.0,0.0
1985-07-01,16600,,0.0,0.0,0.0,0.0
1985-07-10,22100,,0.0,0.0,0.0,0.0
1985-07-14,17100,,0.0,0.0,0.0,0.0
1985-07-18,15700,,0.0,0.0,0.0,0.0
1985-07-26,11900,,0.0,0.0,0.0,0.0
1985-07-27,11500,,0.0,0.0,0.0,0.0
1985-08-02,13100,,0.0,0.0,0.0,0.0
1985-08-04,10800,,0.0,0.0,0.0,0.0
1985-08-12,8920,,0.0,0.0,0.0,0.0
1985-08-21,7220,,0.0,0.0,0.0,0.0
1985-08-22,7460,,0.0,0.0,0.0,0.0
1985-08-25,6580,,0.0,0.0,0.0,0.0
1985-08-26,6530,,0.0,0.0,0.0,0.0
1985-08-29,7810,,0.0,0.0,0.0,0.0
1985-08-30,8090,,0.0,0.0,0.0,0.0
1985-09-04,6440,,2.0,2.0,2.0,2.0
1985-09-05,5860,,2.0,2.0,2.0,2.0
1985-09-06,16400,,2.0,2.0,2.0,2.0
1985-09-12,8850,,1.0,0.0,0.0,1.0
1985-09-13,8210,,1.0,0.0,0.0,1.0
1985-09-22,6400,,0.0,0.0,0.0,0.0
1985-09-24,6400,,0.0,0.0,0.0,0.0
1985-09-25,5900,,0.0,0.0,0.0,0.0
1985-10-01,5760,,1.0,1.0,1.0,1.0
1985-10-02,6060,,1.0,1.0,1.0,1.0
1985-10-03,5850,,1.0,1.0,1.0,1.0
1985-10-10,5440,,1.0,1.0,1.0,1.0
1985-10-11,6020,,1.0,1.0,1.0,1.0
1985-10-14,9670,,1.0,2.0,2.0,2.0
1985-10-15,18700,,1.0,2.0,2.0,2.0
1985-10-16,20900,,1.0,1.0,1.0,1.0
1985-10-17,17200,,0.0,0.0,0.0,0.0
1985-10-18,14600,,2.0,2.0,2.0,2.0
1985-10-19,13600,,2.0,2.0,2.0,2.0
1985-10-20,17300,,1.0,1.0,0.0,1.0
1985-10-21,17400,,1.0,1.0,0.0,1.0
1985-10-24,19000,,1.0,0.0,0.0,1.0
1985-10-25,40000,,1.0,0.0,0.0,1.0
1985-10-26,32400,,2.0,2.0,2.0,2.0
1985-10-27,51700,,2.0,2.0,2.0,2.0
1985-10-31,23300,,3.0,2.0,2.0,3.0
1985-11-01,26500,,3.0,2.0,2.0,3.0
1985-11-02,50900,,3.0,2.0,2.0,3.0
1985-11-03,56200,,3.0,0.0,0.0,3.0
1985-11-05,35000,,1.0,0.0,0.0,1.0
1985-11-06,33100,,1.0,0.0,0.0,1.0
1985-11-08,29000,,0.0,0.0,0.0,0.0
1985-11-12,19600,,0.0,0.0,0.0,0.0
1985-11-16,19100,,0.0,0.0,0.0,0.0
1985-11-24,14300,,0.0,0.0,0.0,0.0
1985-12-04,9340,,1.0,1.0,1.0,1.0
1985-12-05,8630,,1.0,1.0,1.0,1.0
1986-01-02,9360,,0.0,0.0,0.0,0.0
1986-01-07,12700,,3.0,3.0,3.0,3.0
1986-01-08,12900,,3.0,3.0,3.0,3.0
1986-01-09,12800,,2.0,2.0,2.0,2.0
1986-01-10,12200,,2.0,2.0,2.0,2.0
1986-01-11,16100,,2.0,2.0,2.0,2.0
1986-01-13,13700,,1.0,1.0,0.0,1.0
1986-01-14,13600,,1.0,1.0,0.0,1.0
1986-01-18,25100,,4.0,4.0,3.0,4.0
1986-01-19,63400,,4.0,4.0,3.0,4.0
1986-01-27,20200,,1.0,1.0,0.0,1.0
1986-02-17,15400,,0.0,0.0,0.0,0.0
1986-02-23,15800,,4.0,4.0,4.0,4.0
1986-02-24,43600,,4.0,4.0,4.0,4.0
1986-02-25,60900,,4.0,4.0,4.0,4.0
1986-03-01,25700,,0.0,0.0,0.0,0.0
1986-03-06,18700,,1.0,2.0,0.0,2.0
1986-03-07,19600,,1.0,2.0,0.0,2.0
1986-03-25,16200,,2.0,2.0,2.0,2.0
1986-03-26,16700,,2.0,2.0,2.0,2.0
1986-03-27,16800,,2.0,2.0,2.0,2.0
1986-03-28,17900,,2.0,2.0,2.0,2.0
1986-04-08,12800,,0.0,0.0,0.0,0.0
1986-04-10,11600,,0.0,0.0,0.0,0.0
1986-04-19,10800,,2.0,2.0,2.0,2.0
1986-04-20,10000,,2.0,2.0,2.0,2.0
1986-04-21,11000,,2.0,2.0,2.0,2.0
1986-04-22,15900,,2.0,0.0,0.0,2.0
1986-04-26,11700,,0.0,0.0,0.0,0.0
1986-05-01,12900,,1.0,0.0,0.0,1.0
1986-05-02,12600,,1.0,0.0,0.0,1.0
1986-05-07,11800,,0.0,0.0,0.0,0.0
1986-05-08,11700,,0.0,0.0,0.0,0.0
1986-05-12,11500,,1.0,1.0,1.0,1.0
1986-05-13,20000,,1.0,1.0,1.0,1.0
1986-05-17,12600,,1.0,1.0,1.0,1.0
1986-05-18,13100,,1.0,1.0,1.0,1.0
1986-05-19,19200,,1.0,1.0,1.0,1.0
1986-05-21,26600,,0.0,0.0,0.0,0.0
1986-05-23,18700,,4.0,4.0,3.0,4.0
1986-05-24,16800,,4.0,4.0,3.0,4.0
1986-05-25,14600,,4.0,4.0,3.0,4.0
1986-05-26,21900,,4.0,4.0,3.0,4.0
1986-05-29,28000,,0.0,0.0,0.0,0.0
1986-06-03,30700,,0.0,0.0,0.0,0.0
1986-06-05,25100,,0.0,0.0,0.0,0.0
1986-06-06,23200,,0.0,0.0,0.0,0.0
1986-06-15,21300,,1.0,0.0,0.0,1.0
1986-06-16,19700,,1.0,1.0,0.0,1.0
1986-06-17,19200,,1.0,1.0,0.0,1.0
1986-06-18,18400,,1.0,1.0,0.0,1.0
1986-06-28,17400,,0.0,0.0,0.0,0.0
1986-06-29,18300,,0.0,0.0,0.0,0.0
1986-06-30,16800,,2.0,2.0,2.0,2.0
1986-07-01,15500,,2.0,2.0,2.0,2.0
1986-07-02,18200,,2.0,2.0,2.0,2.0
1986-07-07,13500,,0.0,0.0,0.0,0.0
1986-07-10,11500,,1.0,0.0,0.0,1.0
1986-07-21,13600,,0.0,0.0,0.0,0.0
1986-07-28,11200,,0.0,0.0,0.0,0.0
1986-07-31,7090,,0.0,0.0,0.0,0.0
1986-08-07,11200,,0.0,0.0,0.0,0.0
1986-08-08,11700,,0.0,0.0,0.0,0.0
1986-08-09,11500,,0.0,0.0,0.0,0.0
1986-08-22,7370,,0.0,0.0,0.0,0.0
1986-08-27,8150,,0.0,0.0,0.0,0.0
1986-09-01,7220,,2.0,1.0,1.0,2.0
1986-09-02,7540,,2.0,1.0,1.0,2.0
1986-09-03,7400,,2.0,0.0,0.0,2.0
1986-09-14,4600,,0.0,0.0,0.0,0.0
1986-09-23,6000,,1.0,1.0,1.0,1.0
1986-09-28,7630,,0.0,0.0,0.0,0.0
1986-09-30,10500,,0.0,0.0,0.0,0.0
1986-10-02,8830,,1.0,1.0,0.0,1.0
1986-10-03,8120,,1.0,1.0,0.0,1.0
1986-10-04,7460,,1.0,1.0,0.0,1.0
1986-10-05,5700,,1.0,1.0,0.0,1.0
1986-10-16,5590,,0.0,0.0,0.0,0.0
1986-10-20,5230,,0.0,0.0,0.0,0.0
1986-10-22,5270,,0.0,0.0,0.0,0.0
1986-10-24,3800,,3.0,3.0,0.0,3.0
1986-10-25,4100,,3.0,3.0,0.0,3.0
1986-10-26,6190,,3.0,3.0,2.0,3.0
1986-10-27,18500,,3.0,3.0,2.0,3.0
1986-10-29,13700,,2.0,1.0,0.0,2.0
1986-10-30,12700,,2.0,1.0,0.0,2.0
1986-11-05,11000,,0.0,0.0,0.0,0.0
1986-11-09,10600,,0.0,0.0,0.0,0.0
1986-11-10,10400,,1.0,1.0,1.0,1.0
1986-11-11,10600,,1.0,1.0,1.0,1.0
1986-11-12,9890,,1.0,0.0,0.0,1.0
1986-11-18,11900,,2.0,2.0,2.0,2.0
1986-11-19,19900,,3.0,3.0,2.0,3.0
1986-11-20,30100,,3.0,3.0,2.0,3.0
1986-11-23,31300,,3.0,3.0,3.0,3.0
1986-11-24,65100,,3.0,3.0,3.0,3.0
1986-11-25,49000,,1.0,0.0,0.0,1.0
1986-11-26,33000,,1.0,0.0,0.0,1.0
1986-11-27,28500,,1.0,1.0,0.0,1.0
1986-11-30,19100,,0.0,0.0,0.0,0.0
1986-12-08,13500,,0.0,0.0,0.0,0.0
1986-12-10,12200,,0.0,0.0,0.0,0.0
1986-12-13,10200,,0.0,0.0,0.0,0.0
1986-12-15,13200,,0.0,0.0,0.0,0.0
1986-12-19,12000,,0.0,0.0,0.0,0.0
1986-12-21,10900,,2.0,2.0,2.0,2.0
1986-12-22,15300,,2.0,2.0,2.0,2.0
1986-12-26,14900,,0.0,0.0,0.0,0.0
1986-12-28,10700,,2.0,2.0,1.0,2.0
1986-12-29,20700,,2.0,2.0,0.0,2.0
1987-01-02,18500,,2.0,2.0,1.0,2.0
1987-01-03,20700,,2.0,2.0,1.0,2.0
1987-01-06,19300,,0.0,0.0,0.0,0.0
1987-01-10,16000,,3.0,3.0,3.0,3.0
1987-01-11,13200,,3.0,3.0,3.0,3.0
1987-01-12,22400,,3.0,3.0,3.0,3.0
1987-01-13,27000,,0.0,0.0,0.0,0.0
1987-01-14,22000,,0.0,0.0,0.0,0.0
1987-01-19,17300,,0.0,0.0,0.0,0.0
1987-01-26,14100,,0.0,0.0,0.0,0.0
1987-01-27,15700,,1.0,0.0,0.0,1.0
1987-01-28,17300,,1.0,0.0,0.0,1.0
1987-01-29,17800,,1.0,1.0,1.0,1.0
1987-01-30,18000,,1.0,1.0,1.0,1.0
1987-02-01,22800,,1.0,0.0,0.0,1.0
1987-02-03,21400,,2.0,0.0,0.0,2.0
1987-02-04,18800,,2.0,1.0,1.0,2.0
1987-02-10,17100,,1.0,1.0,1.0,1.0
1987-02-11,17200,,1.0,1.0,1.0,1.0
1987-02-14,18800,,0.0,0.0,0.0,0.0
1987-03-02,14400,,4.0,4.0,4.0,4.0
1987-03-03,24500,,4.0,4.0,4.0,4.0
1987-03-04,39500,,4.0,4.0,4.0,4.0
1987-03-05,32900,,4.0,4.0,4.0,4.0
1987-03-06,30900,,4.0,4.0,4.0,4.0
1987-03-07,27200,,0.0,0.0,0.0,0.0
1987-03-08,24100,,0.0,0.0,0.0,0.0
1987-03-11,21800,,1.0,0.0,0.0,1.0
1987-03-12,20900,,1.0,0.0,0.0,1.0
1987-03-15,19000,,0.0,0.0,0.0,0.0
1987-03-27,14900,,0.0,0.0,0.0,0.0
1987-04-10,11800,,0.0,0.0,0.0,0.0
1987-04-15,12400,,2.0,2.0,1.0,2.0
1987-04-16,16500,,2.0,2.0,1.0,2.0
1987-04-24,10900,,0.0,0.0,0.0,0.0
1987-04-29,22900,,0.0,0.0,0.0,0.0
1987-05-03,22200,,0.0,0.0,0.0,0.0
1987-05-11,25800,,2.0,2.0,1.0,2.0
1987-05-12,35900,,2.0,2.0,1.0,2.0
1987-05-13,37200,,1.0,1.0,0.0,1.0
1987-05-14,28400,,1.0,1.0,1.0,1.0
1987-05-25,13100,,0.0,0.0,0.0,0.0
1987-05-29,16000,,2.0,2.0,1.0,2.0
1987-05-30,16400,,2.0,2.0,1.0,2.0
1987-06-10,20400,,0.0,0.0,4.0,4.0
1987-06-11,17900,,3.0,4.0,4.0,4.0
1987-06-12,19500,,3.0,4.0,4.0,4.0
1987-06-13,20900,,3.0,4.0,4.0,4.0
1987-06-16,20300,,0.0,0.0,0.0,0.0
1987-06-17,17800,,0.0,0.0,0.0,0.0
1987-07-17,11300,,0.0,0.0,0.0,0.0
1987-07-26,9910,,0.0,0.0,0.0,0.0
1987-08-04,8350,,0.0,0.0,0.0,0.0
1987-08-08,8770,,0.0,0.0,0.0,0.0
1987-08-10,8130,,0.0,0.0,0.0,0.0
1987-08-19,7950,,0.0,0.0,0.0,0.0
1987-08-22,6050,,0.0,0.0,0.0,0.0
1987-08-29,7090,,0.0,0.0,0.0,0.0
1987-09-02,8310,,0.0,0.0,0.0,0.0
1987-09-05,7430,,0.0,0.0,0.0,0.0
1987-09-11,7950,,0.0,0.0,0.0,0.0
1987-09-14,6080,,1.0,1.0,1.0,1.0
1987-09-15,8060,,0.0,0.0,0.0,0.0
1987-09-19,6440,,0.0,1.0,1.0,1.0
1987-09-20,5370,,0.0,1.0,1.0,1.0
1987-09-23,6260,,0.0,0.0,0.0,0.0
1987-10-15,7290,,0.0,0.0,0.0,0.0
1987-10-27,5260,,0.0,0.0,0.0,0.0
1987-10-28,5330,,0.0,0.0,1.0,1.0
1987-10-29,5540,,0.0,0.0,1.0,1.0
1987-10-30,5350,,1.0,1.0,1.0,1.0
1987-10-31,5240,,1.0,1.0,1.0,1.0
1987-11-05,6620,,0.0,0.0,0.0,0.0
1987-11-06,6720,,0.0,0.0,0.0,0.0
1987-11-08,7180,,2.0,1.0,1.0,2.0
1987-11-09,7320,,2.0,1.0,1.0,2.0
1987-11-10,8240,,2.0,2.0,2.0,2.0
1987-11-11,8830,,2.0,2.0,2.0,2.0
1987-11-16,11300,,0.0,0.0,0.0,0.0
1987-11-18,7320,,3.0,3.0,3.0,3.0
1987-11-19,7000,,3.0,3.0,3.0,3.0
1987-11-20,8460,,3.0,3.0,3.0,3.0
1987-11-21,8510,,3.0,3.0,3.0,3.0
1987-11-23,12100,,1.0,1.0,1.0,1.0
1987-11-24,12200,,1.0,1.0,1.0,1.0
1987-11-27,9670,,0.0,0.0,0.0,0.0
1987-11-30,7720,,2.0,2.0,2.0,2.0
1987-12-01,8760,,2.0,2.0,2.0,2.0
1987-12-02,11500,,0.0,0.0,0.0,0.0
1987-12-03,14400,,3.0,1.0,1.0,3.0
1987-12-04,17700,,3.0,0.0,0.0,3.0
1987-12-05,12500,,2.0,2.0,2.0,2.0
1987-12-06,14100,,2.0,2.0,2.0,2.0
1987-12-09,16000,,2.0,2.0,1.0,2.0
1987-12-10,32100,,2.0,2.0,1.0,2.0
1987-12-13,15300,,0.0,0.0,0.0,0.0
1987-12-23,8950,,0.0,0.0,0.0,0.0
1987-12-27,8600,,0.0,0.0,0.0,0.0
1987-12-30,6880,,0.0,0.0,0.0,0.0
1988-01-01,6850,,0.0,0.0,0.0,0.0
1988-01-05,8940,,0.0,0.0,0.0,0.0
1988-01-09,9070,,0.0,0.0,0.0,0.0
1988-01-10,6910,,0.0,0.0,0.0,0.0
1988-01-12,7640,,0.0,0.0,0.0,0.0
1988-01-13,6940,,3.0,3.0,2.0,3.0
1988-01-14,9380,,3.0,3.0,2.0,3.0
1988-01-15,26300,,3.0,3.0,2.0,3.0
1988-01-20,11200,,1.0,1.0,0.0,1.0
1988-01-22,10800,,1.0,1.0,1.0,1.0
1988-01-27,10900,,2.0,2.0,1.0,2.0
1988-01-28,9370,,2.0,2.0,1.0,2.0
1988-02-03,13100,,0.0,0.0,0.0,0.0
1988-02-04,10000,,0.0,0.0,0.0,0.0
1988-02-06,8410,,0.0,0.0,0.0,0.0
1988-02-11,14300,,0.0,0.0,0.0,0.0
1988-02-14,15300,,1.0,1.0,0.0,1.0
1988-02-15,16400,,1.0,1.0,0.0,1.0
1988-02-20,11800,,0.0,0.0,0.0,0.0
1988-02-22,13400,,0.0,0.0,0.0,0.0
1988-03-13,16700,,0.0,0.0,0.0,0.0
1988-03-18,13100,,0.0,0.0,0.0,0.0
1988-03-22,14600,,1.0,1.0,0.0,1.0
1988-03-23,16400,,1.0,1.0,0.0,1.0
1988-03-25,17600,,2.0,1.0,1.0,2.0
1988-03-26,25300,,2.0,1.0,1.0,2.0
1988-04-02,15500,,1.0,1.0,0.0,1.0
1988-04-03,21100,,1.0,1.0,0.0,1.0
1988-04-05,18700,,2.0,2.0,2.0,2.0
1988-04-06,30700,,2.0,2.0,2.0,2.0
1988-04-08,27200,,0.0,0.0,0.0,0.0
1988-04-14,25300,231.5,0.0,0.0,0.0,0.0
1988-04-17,25900,118.66,0.0,0.0,0.0,0.0
1988-04-19,22300,25.53,0.0,0.0,0.0,0.0
1988-04-27,16700,,1.0,1.0,1.0,1.0
1988-04-28,15700,,1.0,1.0,1.0,1.0
1988-04-29,18200,,1.0,1.0,1.0,1.0
1988-05-09,16400,,1.0,0.0,0.0,1.0
1988-05-10,16100,,1.0,0.0,0.0,1.0
1988-05-12,26600,,1.0,1.0,0.0,1.0
1988-05-13,35600,,1.0,1.0,0.0,1.0
1988-05-14,36300,,0.0,0.0,0.0,0.0
1988-05-15,26300,,2.0,2.0,1.0,2.0
1988-05-16,24300,,2.0,2.0,1.0,2.0
1988-05-26,20900,,0.0,1.0,0.0,1.0
1988-05-27,21400,,0.0,1.0,0.0,1.0
1988-06-02,19700,,2.0,2.0,1.0,2.0
1988-06-03,22400,,2.0,2.0,1.0,2.0
1988-06-20,24500,,0.0,0.0,0.0,0.0
1988-06-21,25100,,2.0,2.0,1.0,2.0
1988-06-22,26400,,2.0,2.0,1.0,2.0
1988-06-26,24700,,0.0,0.0,0.0,0.0
1988-07-01,15500,,1.0,1.0,0.0,1.0
1988-07-02,16800,13.72,1.0,1.0,0.0,1.0
1988-07-04,19300,14.69,0.0,0.0,0.0,0.0
1988-07-12,19800,14.87,1.0,0.0,0.0,1.0
1988-07-13,22600,15.87,1.0,0.0,0.0,1.0
1988-07-20,20600,15.16,0.0,0.0,0.0,0.0
1988-07-22,19400,14.72,0.0,0.0,0.0,0.0
1988-07-26,17300,13.95,0.0,0.0,0.0,0.0
1988-07-30,15100,13.1,0.0,0.0,0.0,0.0
1988-08-06,11700,11.73,0.0,0.0,0.0,0.0
1988-08-08,11100,11.49,0.0,0.0,1.0,1.0
1988-08-09,11100,11.49,0.0,0.0,1.0,1.0
1988-08-10,10300,11.13,0.0,0.0,0.0,0.0
1988-08-13,10500,11.24,0.0,0.0,0.0,0.0
1988-09-06,7820,10.03,0.0,0.0,0.0,0.0
1988-09-13,7670,9.96,0.0,0.0,0.0,0.0
1988-09-15,6800,9.53,0.0,0.0,0.0,0.0
1988-09-18,7430,9.83,1.0,1.0,0.0,1.0
1988-09-19,8740,10.45,1.0,1.0,0.0,1.0
1988-09-24,7720,9.98,1.0,0.0,0.0,1.0
1988-09-25,14500,12.69,1.0,0.0,0.0,1.0
1988-09-28,16700,13.73,0.0,1.0,1.0,1.0
1988-09-29,12600,12.13,0.0,1.0,1.0,1.0
1988-10-03,9900,11.0,0.0,0.0,0.0,0.0
1988-10-04,9850,10.98,0.0,0.0,0.0,0.0
1988-10-05,10200,11.14,0.0,0.0,0.0,0.0
1988-10-12,7100,,2.0,2.0,1.0,2.0
1988-10-13,6820,9.54,2.0,2.0,1.0,2.0
1988-10-14,9370,10.73,4.0,4.0,3.0,4.0
1988-10-15,25000,16.97,4.0,4.0,3.0,4.0
1988-10-16,42200,22.14,4.0,4.0,3.0,4.0
1988-10-17,43700,22.5,4.0,4.0,0.0,4.0
1988-10-21,16400,13.77,1.0,1.0,1.0,1.0
1988-10-22,17300,14.12,0.0,1.0,1.0,1.0
1988-10-23,16500,13.78,0.0,1.0,1.0,1.0
1988-10-24,15800,13.51,0.0,1.0,1.0,1.0
1988-10-29,14500,12.99,0.0,0.0,0.0,0.0
1988-10-31,14800,13.12,2.0,2.0,2.0,2.0
1988-11-01,15600,13.44,2.0,2.0,2.0,2.0
1988-11-02,19200,14.84,2.0,2.0,1.0,2.0
1988-11-03,24500,16.81,2.0,2.0,1.0,2.0
1988-11-05,23600,16.49,4.0,4.0,3.0,4.0
1988-11-06,47200,23.46,4.0,4.0,3.0,4.0
1988-11-13,23200,16.35,0.0,0.0,0.0,0.0
1988-11-16,18700,14.67,0.0,0.0,0.0,0.0
1988-11-21,20900,15.49,1.0,1.0,0.0,1.0
1988-11-22,23200,16.36,1.0,1.0,0.0,1.0
1988-11-27,16700,13.89,1.0,1.0,0.0,1.0
1988-11-29,19300,14.9,0.0,0.0,0.0,0.0
1988-11-30,17600,14.23,0.0,0.0,0.0,0.0
1988-12-01,17100,14.03,0.0,1.0,1.0,1.0
1988-12-02,17500,14.21,0.0,1.0,1.0,1.0
1988-12-11,16700,13.86,2.0,2.0,0.0,2.0
1988-12-12,18600,14.63,2.0,2.0,1.0,2.0
1988-12-13,34000,19.9,2.0,2.0,1.0,2.0
1988-12-29,11600,11.76,2.0,2.0,0.0,2.0
1988-12-30,16100,13.62,2.0,2.0,0.0,2.0
1989-01-02,12900,12.31,1.0,0.0,0.0,1.0
1989-01-03,14100,12.78,1.0,2.0,2.0,2.0
1989-01-04,26100,17.38,1.0,2.0,0.0,2.0
1989-01-15,15400,13.35,0.0,0.0,0.0,0.0
1989-01-16,19300,14.9,1.0,1.0,1.0,1.0
1989-01-17,25100,17.04,1.0,1.0,1.0,1.0
1989-01-26,15500,13.38,0.0,0.0,0.0,0.0
1989-01-28,15300,13.3,1.0,1.0,3.0,3.0
1989-01-29,14800,13.1,1.0,2.0,3.0,3.0
1989-01-30,16500,13.78,2.0,2.0,3.0,3.0
1989-01-31,24900,16.96,2.0,2.0,3.0,3.0
1989-02-05,18000,15.15,0.0,0.0,0.0,0.0
1989-02-08,15800,13.51,0.0,0.0,0.0,0.0
1989-02-10,14800,13.09,0.0,0.0,0.0,0.0
1989-02-16,13500,12.57,0.0,0.0,0.0,0.0
1989-02-21,13500,12.57,2.0,0.0,0.0,2.0
1989-02-22,13500,,2.0,0.0,0.0,2.0
1989-03-04,11200,11.59,2.0,2.0,0.0,2.0
1989-03-05,12200,12.03,2.0,2.0,0.0,2.0
1989-03-06,14400,12.94,2.0,2.0,0.0,2.0
1989-03-07,14500,12.98,0.0,0.0,0.0,0.0
1989-03-11,14400,12.95,1.0,1.0,0.0,1.0
1989-03-13,15400,13.35,0.0,0.0,0.0,0.0
1989-03-15,12900,12.33,0.0,0.0,0.0,0.0
1989-03-19,9660,10.89,0.0,0.0,0.0,0.0
1989-03-22,11000,11.51,0.0,0.0,0.0,0.0
1989-03-24,9630,10.88,0.0,0.0,0.0,0.0
1989-04-04,10000,11.06,0.0,0.0,0.0,0.0
1989-04-05,16100,13.54,4.0,3.0,2.0,4.0
1989-04-06,29000,18.38,4.0,3.0,2.0,4.0
1989-04-07,25100,17.06,4.0,3.0,0.0,4.0
1989-04-09,18300,14.51,0.0,0.0,0.0,0.0
1989-04-19,19700,15.05,1.0,1.0,1.0,1.0
1989-04-20,22300,16.02,1.0,1.0,1.0,1.0
1989-05-09,28500,18.23,0.0,0.0,0.0,0.0
1989-05-17,17500,14.17,0.0,0.0,0.0,0.0
1989-05-26,12900,12.32,0.0,0.0,0.0,0.0
1989-06-06,29900,18.7,0.0,0.0,0.0,0.0
1989-06-13,26300,17.46,2.0,2.0,2.0,2.0
1989-06-14,27600,17.92,2.0,2.0,2.0,2.0
1989-06-16,24400,16.78,0.0,0.0,0.0,0.0
1989-06-21,18600,14.62,1.0,1.0,0.0,1.0
1989-06-22,17800,14.3,1.0,1.0,0.0,1.0
1989-06-28,18000,14.4,0.0,0.0,0.0,0.0
1989-06-29,17200,14.08,2.0,0.0,0.0,2.0
1989-06-30,17600,14.25,2.0,1.0,0.0,2.0
1989-07-01,18800,14.68,2.0,1.0,0.0,2.0
1989-07-02,19700,15.04,2.0,1.0,0.0,2.0
1989-07-08,16900,13.94,0.0,0.0,0.0,0.0
1989-07-17,17700,14.28,1.0,0.0,0.0,1.0
1989-07-18,17300,14.1,1.0,0.0,0.0,1.0
1989-07-19,17600,14.22,1.0,0.0,0.0,1.0
1989-07-20,18000,14.37,0.0,0.0,0.0,0.0
1989-07-21,17200,14.07,0.0,0.0,0.0,0.0
1989-07-24,15300,13.33,0.0,0.0,0.0,0.0
1989-07-30,11500,11.7,0.0,0.0,0.0,0.0
1989-08-15,9870,10.98,0.0,0.0,0.0,0.0
1989-08-20,9680,10.89,1.0,1.0,1.0,1.0
1989-08-21,11000,11.5,1.0,1.0,1.0,1.0
1989-09-03,8790,10.49,0.0,0.0,0.0,0.0
1989-09-05,8250,10.23,0.0,0.0,0.0,0.0
1989-09-08,7600,9.94,0.0,0.0,0.0,0.0
1989-09-19,7200,9.8,0.0,0.0,0.0,0.0
1989-10-05,6130,9.19,0.0,0.0,0.0,0.0
1989-10-09,6660,9.45,0.0,0.0,0.0,0.0
1989-10-10,6800,9.52,1.0,1.0,1.0,1.0
1989-10-11,8140,10.18,2.0,2.0,2.0,2.0
1989-10-12,10400,11.24,2.0,2.0,2.0,2.0
1989-10-15,10500,11.28,0.0,0.0,0.0,0.0
1989-10-16,9640,10.88,0.0,0.0,0.0,0.0
1989-10-17,9300,10.73,2.0,2.0,2.0,2.0
1989-10-18,9170,10.66,2.0,2.0,2.0,2.0
1989-10-19,9560,10.85,0.0,0.0,0.0,0.0
1989-10-20,9300,10.73,1.0,0.0,0.0,1.0
1989-10-21,10900,11.43,1.0,0.0,0.0,1.0
1989-10-22,11500,11.71,2.0,2.0,1.0,2.0
1989-10-23,11000,11.51,2.0,2.0,1.0,2.0
1989-10-25,13100,12.42,0.0,0.0,0.0,0.0
1989-10-26,12400,12.12,0.0,0.0,0.0,0.0
1989-10-28,12400,12.1,0.0,0.0,0.0,0.0
1989-11-02,12100,11.97,2.0,2.0,2.0,2.0
1989-11-03,13300,12.49,2.0,2.0,2.0,2.0
1989-11-04,29800,18.54,2.0,2.0,2.0,2.0
1989-11-08,25500,17.16,3.0,3.0,4.0,4.0
1989-11-09,50600,24.25,3.0,3.0,4.0,4.0
1989-11-10,72200,28.73,3.0,3.0,4.0,4.0
1989-11-11,84000,30.54,3.0,3.0,4.0,4.0
1989-11-12,61900,26.71,3.0,0.0,0.0,3.0
1989-11-19,22700,16.16,3.0,2.0,1.0,3.0
1989-11-20,27300,17.82,3.0,2.0,0.0,3.0
1989-11-21,28100,18.11,3.0,0.0,0.0,3.0
1989-11-23,24000,16.64,1.0,1.0,0.0,1.0
1989-11-24,25900,17.31,0.0,0.0,0.0,0.0
1989-11-25,24800,16.94,0.0,0.0,0.0,0.0
1989-11-26,23300,16.39,0.0,0.0,0.0,0.0
1989-12-01,16700,13.86,2.0,2.0,2.0,2.0
1989-12-02,16400,13.77,2.0,2.0,2.0,2.0
1989-12-03,26100,17.32,3.0,3.0,2.0,3.0
1989-12-04,47600,23.37,3.0,3.0,2.0,3.0
1989-12-07,46600,23.4,1.0,1.0,1.0,1.0
1989-12-08,40500,21.83,1.0,1.0,1.0,1.0
1989-12-11,27300,17.83,0.0,0.0,0.0,0.0
1989-12-12,24900,16.97,0.0,0.0,0.0,0.0
1989-12-18,16100,13.65,0.0,0.0,0.0,0.0
1989-12-24,15200,13.26,0.0,0.0,0.0,0.0
1989-12-30,11100,11.54,0.0,0.0,0.0,0.0
1990-01-01,11400,11.66,0.0,0.0,0.0,0.0
1990-01-05,14700,13.07,1.0,1.0,1.0,1.0
1990-01-06,22900,16.24,2.0,1.0,1.0,2.0
1990-01-07,27300,17.81,2.0,1.0,1.0,2.0
1990-01-09,30900,18.93,1.0,0.0,0.0,1.0
1990-01-10,47400,23.6,1.0,0.0,0.0,1.0
1990-01-19,18900,14.73,0.0,0.0,0.0,0.0
1990-01-20,18200,14.48,0.0,0.0,0.0,0.0
1990-01-21,17900,14.34,0.0,0.0,0.0,0.0
1990-01-24,19100,14.82,0.0,0.0,0.0,0.0
1990-01-26,19100,14.81,0.0,0.0,0.0,0.0
1990-01-31,16200,13.68,0.0,0.0,0.0,0.0
1990-02-02,15100,13.21,1.0,0.0,0.0,1.0
1990-02-03,16800,13.9,1.0,0.0,0.0,1.0
1990-02-08,18700,14.68,0.0,0.0,0.0,0.0
1990-02-09,18600,14.62,3.0,3.0,3.0,3.0
1990-02-10,29200,18.38,3.0,3.0,3.0,3.0
1990-02-11,39900,21.68,3.0,3.0,3.0,3.0
1990-02-25,16500,13.81,0.0,0.0,0.0,0.0
1990-03-05,14700,13.07,0.0,0.0,0.0,0.0
1990-03-08,21300,15.66,0.0,0.0,0.0,0.0
1990-03-12,18900,14.73,0.0,0.0,0.0,0.0
1990-03-14,18400,14.53,0.0,0.0,0.0,0.0
1990-03-18,14000,12.77,0.0,0.0,0.0,0.0
1990-03-23,19200,14.86,0.0,0.0,0.0,0.0
1990-03-27,14500,12.97,0.0,0.0,0.0,0.0
1990-04-07,18300,14.52,0.0,0.0,0.0,0.0
1990-04-19,21200,15.62,0.0,0.0,0.0,0.0
1990-04-22,20500,15.34,0.0,0.0,0.0,0.0
1990-05-01,15700,13.48,1.0,0.0,0.0,1.0
1990-05-02,16900,13.97,1.0,0.0,0.0,1.0
1990-05-21,16400,13.77,1.0,1.0,0.0,1.0
1990-05-22,16000,13.61,1.0,1.0,0.0,1.0
1990-05-26,15500,13.37,1.0,1.0,1.0,1.0
1990-05-27,13400,12.51,1.0,1.0,1.0,1.0
1990-06-02,21000,15.53,2.0,2.0,1.0,2.0
1990-06-03,20000,15.17,2.0,2.0,1.0,2.0
1990-06-07,25500,17.18,0.0,0.0,0.0,0.0
1990-06-10,24800,16.93,0.0,0.0,0.0,0.0
1990-06-18,22600,16.13,1.0,1.0,1.0,1.0
1990-06-19,22300,16.04,1.0,1.0,1.0,1.0
1990-06-20,23200,16.36,1.0,0.0,0.0,1.0
1990-06-29,23900,16.62,1.0,1.0,1.0,1.0
1990-06-30,25000,17.01,1.0,1.0,1.0,1.0
1990-07-02,21600,15.76,0.0,0.0,0.0,0.0
1990-07-05,23300,16.39,0.0,0.0,0.0,0.0
1990-07-06,24200,16.73,0.0,0.0,0.0,0.0
1990-07-08,25100,17.05,0.0,0.0,0.0,0.0
1990-07-12,30200,18.79,0.0,0.0,0.0,0.0
1990-07-19,19700,15.05,0.0,0.0,0.0,0.0
1990-08-18,9840,11.13,0.0,0.0,0.0,0.0
1990-08-23,11600,11.85,0.0,0.0,0.0,0.0
1990-09-11,8430,10.5,0.0,0.0,0.0,0.0
1990-09-24,8120,10.36,0.0,0.0,0.0,0.0
1990-09-25,8290,10.44,0.0,0.0,0.0,0.0
1990-10-01,7810,10.21,1.0,1.0,1.0,1.0
1990-10-02,7540,10.08,4.0,4.0,4.0,4.0
1990-10-03,8860,10.7,4.0,4.0,4.0,4.0
1990-10-04,30400,18.53,4.0,4.0,4.0,4.0
1990-10-05,40800,21.81,4.0,4.0,0.0,4.0
1990-10-06,21800,15.82,0.0,0.0,0.0,0.0
1990-10-09,12700,12.32,1.0,1.0,1.0,1.0
1990-10-10,15200,13.32,1.0,0.0,0.0,1.0
1990-10-11,14100,12.89,1.0,2.0,1.0,2.0
1990-10-12,14800,13.16,1.0,2.0,1.0,2.0
1990-10-14,15800,13.55,0.0,0.0,0.0,0.0
1990-10-17,18500,14.58,1.0,1.0,1.0,1.0
1990-10-18,18100,14.41,1.0,1.0,1.0,1.0
1990-10-20,16500,13.8,2.0,2.0,2.0,2.0
1990-10-21,17700,14.28,2.0,2.0,2.0,2.0
1990-10-23,19200,14.85,0.0,4.0,4.0,4.0
1990-10-24,17600,14.24,3.0,4.0,4.0,4.0
1990-10-25,17200,14.06,3.0,4.0,4.0,4.0
1990-10-26,28000,18.04,3.0,4.0,4.0,4.0
1990-10-27,22200,15.97,2.0,2.0,2.0,2.0
1990-10-28,22200,15.96,2.0,2.0,2.0,2.0
1990-10-29,22900,16.24,1.0,1.0,1.0,1.0
1990-10-30,22500,16.11,1.0,1.0,1.0,1.0
1990-11-03,19700,15.05,0.0,0.0,0.0,0.0
1990-11-08,21600,15.78,4.0,4.0,4.0,4.0
1990-11-09,36700,20.39,4.0,4.0,4.0,4.0
1990-11-10,88700,30.94,4.0,4.0,4.0,4.0
1990-11-11,130000,35.63,4.0,4.0,4.0,4.0
1990-11-12,86800,30.89,4.0,4.0,4.0,4.0
1990-11-13,75000,29.18,4.0,4.0,4.0,4.0
1990-11-14,77200,29.5,0.0,0.0,0.0,0.0
1990-11-17,44500,22.46,0.0,0.0,0.0,0.0
1990-11-21,33600,19.42,5.0,5.0,5.0,5.0
1990-11-22,42600,21.95,5.0,5.0,5.0,5.0
1990-11-23,64100,27.25,5.0,5.0,5.0,5.0
1990-11-24,97200,32.05,5.0,5.0,5.0,5.0
1990-11-25,142000,36.62,5.0,5.0,0.0,5.0
1990-11-28,51100,24.28,1.0,1.0,1.0,1.0
1990-11-29,42600,21.96,1.0,1.0,1.0,1.0
1990-12-01,36100,20.17,0.0,0.0,0.0,0.0
1990-12-02,34300,19.65,0.0,0.0,0.0,0.0
1990-12-03,33400,19.35,3.0,2.0,3.0,3.0
1990-12-04,41900,21.77,3.0,2.0,3.0,3.0
1990-12-08,25300,16.69,2.0,1.0,1.0,2.0
1990-12-09,35200,19.89,2.0,0.0,0.0,2.0
1990-12-11,32100,18.96,0.0,0.0,0.0,0.0
1990-12-17,20500,14.93,1.0,1.0,1.0,1.0
1990-12-18,24300,16.32,1.0,1.0,1.0,1.0
1990-12-19,21000,15.1,0.0,0.0,0.0,0.0
1991-01-05,14300,12.46,0.0,0.0,0.0,0.0
1991-01-09,16500,13.37,0.0,0.0,0.0,0.0
1991-01-11,17800,13.87,1.0,1.0,1.0,1.0
1991-01-12,29200,17.98,1.0,1.0,1.0,1.0
1991-01-27,17000,13.55,0.0,0.0,0.0,0.0
1991-02-01,17800,13.87,4.0,4.0,3.0,4.0
1991-02-02,24700,16.44,4.0,4.0,3.0,4.0
1991-02-03,32800,19.2,3.0,4.0,3.0,4.0
1991-02-04,34900,19.8,3.0,3.0,2.0,3.0
1991-02-05,48800,23.65,3.0,3.0,2.0,3.0
1991-02-06,42000,21.78,1.0,1.0,2.0,2.0
1991-02-07,30400,18.41,1.0,1.0,2.0,2.0
1991-02-08,28400,17.76,1.0,1.0,2.0,2.0
1991-02-11,31900,18.9,0.0,0.0,0.0,0.0
1991-02-18,27100,17.32,2.0,2.0,2.0,2.0
1991-02-19,34200,19.5,2.0,2.0,2.0,2.0
1991-02-20,44100,22.38,2.0,2.0,2.0,2.0
1991-03-01,20500,14.91,0.0,0.0,0.0,0.0
1991-03-12,18900,14.32,0.0,0.0,0.0,0.0
1991-03-13,18600,14.18,0.0,0.0,0.0,0.0
1991-03-17,16600,13.4,0.0,0.0,0.0,0.0
1991-03-19,11500,11.63,0.0,0.0,0.0,0.0
1991-03-26,16200,13.26,0.0,0.0,0.0,0.0
1991-03-30,12600,11.76,0.0,0.0,0.0,0.0
1991-04-01,13100,11.98,0.0,0.0,0.0,0.0
1991-04-03,12300,11.65,2.0,2.0,2.0,2.0
1991-04-04,20300,14.78,2.0,2.0,2.0,2.0
1991-04-05,30700,18.48,2.0,0.0,0.0,2.0
1991-04-09,17800,13.89,0.0,0.0,0.0,0.0
1991-04-13,13900,12.32,0.0,0.0,0.0,0.0
1991-04-21,18800,14.28,0.0,0.0,0.0,0.0
1991-04-27,19100,14.4,0.0,0.0,0.0,0.0
1991-04-29,16300,13.28,0.0,0.0,0.0,0.0
1991-05-05,18900,14.31,0.0,0.0,0.0,0.0
1991-05-11,19300,14.45,0.0,0.0,0.0,0.0
1991-05-13,21000,15.1,0.0,0.0,0.0,0.0
1991-05-15,20000,14.72,0.0,0.0,0.0,0.0
1991-05-17,20900,15.05,0.0,0.0,0.0,0.0
1991-05-19,24100,16.25,0.0,0.0,0.0,0.0
1991-05-24,23000,15.84,0.0,0.0,0.0,0.0
1991-06-01,20500,14.93,0.0,0.0,0.0,0.0
1991-06-04,20700,14.99,0.0,0.0,0.0,0.0
1991-06-06,16800,13.49,0.0,0.0,0.0,0.0
1991-06-07,18800,14.26,0.0,0.0,0.0,0.0
1991-06-10,24400,16.36,0.0,0.0,1.0,1.0
1991-06-11,26800,17.21,0.0,0.0,1.0,1.0
1991-06-16,21000,15.11,0.0,0.0,0.0,0.0
1991-06-22,23000,15.84,0.0,0.0,0.0,0.0
1991-06-29,25600,16.79,0.0,0.0,0.0,0.0
1991-06-30,24600,16.43,0.0,0.0,0.0,0.0
1991-07-10,24800,16.94,0.0,0.0,0.0,0.0
1991-07-11,24000,16.66,1.0,1.0,0.0,1.0
1991-07-12,24200,16.73,1.0,1.0,1.0,1.0
1991-07-13,31300,19.15,0.0,0.0,1.0,1.0
1991-07-16,24000,16.64,0.0,0.0,0.0,0.0
1991-07-20,23000,16.27,0.0,0.0,0.0,0.0
1991-07-21,22600,16.12,0.0,0.0,0.0,0.0
1991-07-26,26800,17.63,0.0,0.0,0.0,0.0
1991-08-06,19100,14.83,5.0,5.0,5.0,5.0
1991-08-07,19600,15.0,5.0,5.0,5.0,5.0
1991-08-08,18900,14.72,5.0,5.0,5.0,5.0
1991-08-09,18300,14.5,5.0,5.0,5.0,5.0
1991-08-13,15900,13.57,0.0,0.0,0.0,0.0
1991-08-26,11000,11.65,2.0,2.0,2.0,2.0
1991-08-27,11500,11.78,2.0,2.0,2.0,2.0
1991-08-28,15100,13.25,5.0,5.0,5.0,5.0
1991-08-29,17600,14.23,5.0,5.0,5.0,5.0
1991-08-30,22900,16.24,5.0,5.0,5.0,5.0
1991-08-31,19000,14.78,5.0,5.0,5.0,5.0
1991-09-01,20500,15.33,0.0,0.0,0.0,0.0
1991-09-04,13200,12.59,0.0,0.0,0.0,0.0
1991-09-05,12000,12.1,0.0,0.0,0.0,0.0
1991-09-13,8600,11.63,0.0,0.0,0.0,0.0
1991-09-22,6200,11.6,1.0,1.0,1.0,1.0
1991-09-23,7600,11.6,1.0,1.0,1.0,1.0
1991-10-03,9170,10.94,0.0,0.0,0.0,0.0
1991-10-06,8890,10.82,0.0,0.0,0.0,0.0
1991-10-13,6930,9.92,0.0,0.0,0.0,0.0
1991-10-15,5520,9.25,0.0,0.0,1.0,1.0
1991-10-16,5690,9.33,2.0,2.0,1.0,2.0
1991-10-17,6030,9.5,0.0,0.0,0.0,0.0
1991-10-19,5760,9.36,1.0,0.0,0.0,1.0
1991-10-20,5260,9.11,1.0,1.0,2.0,2.0
1991-10-21,6110,9.53,1.0,1.0,2.0,2.0
1991-10-31,7810,10.34,1.0,1.0,0.0,1.0
1991-11-01,6730,9.83,1.0,1.0,0.0,1.0
1991-11-03,5520,9.24,1.0,1.0,1.0,1.0
1991-11-04,6690,9.81,1.0,1.0,1.0,1.0
1991-11-05,12200,12.23,1.0,1.0,1.0,1.0
1991-11-06,15600,13.58,0.0,0.0,0.0,0.0
1991-11-09,12200,12.22,0.0,0.0,0.0,0.0
1991-11-10,8600,10.69,0.0,0.0,0.0,0.0
1991-11-11,9150,10.93,3.0,3.0,2.0,3.0
1991-11-12,28800,18.24,3.0,3.0,2.0,3.0
1991-11-15,17200,14.17,2.0,3.0,3.0,3.0
1991-11-16,15000,13.34,2.0,3.0,3.0,3.0
1991-11-17,17200,14.18,1.0,1.0,0.0,1.0
1991-11-19,18200,14.56,2.0,2.0,2.0,2.0
1991-11-20,32000,19.3,2.0,2.0,2.0,2.0
1991-11-23,17100,14.15,0.0,0.0,0.0,0.0
1991-12-05,16700,13.97,2.0,2.0,1.0,2.0
1991-12-06,36500,20.69,2.0,2.0,1.0,2.0
1991-12-07,28100,18.07,0.0,0.0,0.0,0.0
1991-12-09,28400,18.21,1.0,1.0,1.0,1.0
1991-12-16,16700,14.0,0.0,0.0,0.0,0.0
1991-12-19,15000,13.35,0.0,0.0,0.0,0.0
1991-12-21,11200,11.79,1.0,1.0,1.0,1.0
1991-12-25,9460,11.07,2.0,2.0,1.0,2.0
1991-12-26,9070,10.9,2.0,2.0,1.0,2.0
1991-12-27,9290,11.0,2.0,2.0,1.0,2.0
1991-12-28,10300,11.45,0.0,0.0,0.0,0.0
1991-12-29,10300,11.41,0.0,0.0,0.0,0.0
1991-12-31,8990,10.86,2.0,2.0,1.0,2.0
1992-01-01,9090,10.9,2.0,2.0,1.0,2.0
1992-01-02,10500,11.5,2.0,2.0,1.0,2.0
1992-01-05,12600,12.38,0.0,0.0,0.0,0.0
1992-01-09,13300,12.66,2.0,1.0,1.0,2.0
1992-01-10,16000,13.71,2.0,1.0,1.0,2.0
1992-01-19,15500,13.53,0.0,0.0,0.0,0.0
1992-01-22,16000,13.71,2.0,2.0,2.0,2.0
1992-01-23,21600,15.77,2.0,2.0,2.0,2.0
1992-01-24,36200,20.61,2.0,2.0,2.0,2.0
1992-01-25,31000,19.04,1.0,1.0,0.0,1.0
1992-01-26,26900,17.67,3.0,2.0,0.0,3.0
1992-01-27,24300,16.74,3.0,2.0,0.0,3.0
1992-01-28,31200,19.06,3.0,1.0,0.0,3.0
1992-01-29,37800,21.1,3.0,3.0,3.0,3.0
1992-01-30,36500,20.73,3.0,3.0,3.0,3.0
1992-01-31,38000,21.14,3.0,3.0,1.0,3.0
1992-02-01,40100,21.72,3.0,3.0,1.0,3.0
1992-02-02,33500,19.83,1.0,1.0,1.0,1.0
1992-02-03,29500,18.57,1.0,1.0,1.0,1.0
1992-02-11,19300,14.96,0.0,0.0,0.0,0.0
1992-02-21,18000,14.46,1.0,1.0,1.0,1.0
1992-02-22,25100,17.04,1.0,1.0,1.0,1.0
1992-02-27,21900,15.89,0.0,0.0,0.0,0.0
1992-03-09,16100,13.77,0.0,0.0,0.0,0.0
1992-03-13,12500,12.34,0.0,0.0,0.0,0.0
1992-03-16,12000,12.14,0.0,0.0,0.0,0.0
1992-03-23,9340,11.02,0.0,0.0,0.0,0.0
1992-03-30,9420,11.05,0.0,0.0,0.0,0.0
1992-04-03,12900,12.49,0.0,0.0,0.0,0.0
1992-04-15,9460,11.07,2.0,2.0,2.0,2.0
1992-04-16,9860,11.24,2.0,2.0,2.0,2.0
1992-04-17,16400,13.83,2.0,2.0,2.0,2.0
1992-04-23,9320,11.01,0.0,0.0,0.0,0.0
1992-04-26,8080,10.46,1.0,1.0,1.0,1.0
1992-04-27,9500,11.08,1.0,1.0,1.0,1.0
1992-04-28,14500,13.14,2.0,2.0,1.0,2.0
1992-04-29,20600,15.32,2.0,2.0,1.0,2.0
1992-04-30,41000,22.38,2.0,2.0,1.0,2.0
1992-05-05,20000,18.41,0.0,0.0,0.0,0.0
1992-05-08,21400,15.7,0.0,0.0,0.0,0.0
1992-05-26,16700,13.89,0.0,0.0,0.0,0.0
1992-05-29,14800,13.13,0.0,0.0,0.0,0.0
1992-06-02,16700,13.89,0.0,0.0,0.0,0.0
1992-06-03,14300,12.92,0.0,0.0,0.0,0.0
1992-06-07,11000,11.58,0.0,0.0,0.0,0.0
1992-06-16,11900,11.95,0.0,0.0,0.0,0.0
1992-06-20,12900,12.37,0.0,0.0,0.0,0.0
1992-06-26,13600,12.65,0.0,0.0,0.0,0.0
1992-07-05,15000,13.22,0.0,0.0,0.0,0.0
1992-07-13,11400,11.77,0.0,0.0,0.0,0.0
1992-07-14,11800,11.93,0.0,0.0,0.0,0.0
1992-07-25,11800,11.9,0.0,0.0,0.0,0.0
1992-07-26,10200,11.24,0.0,0.0,0.0,0.0
1992-07-29,11500,11.8,0.0,0.0,0.0,0.0
1992-08-05,9740,11.03,0.0,0.0,0.0,0.0
1992-08-06,9830,11.07,1.0,1.0,0.0,1.0
1992-08-08,12700,12.28,0.0,0.0,0.0,0.0
1992-08-17,8180,10.33,0.0,0.0,0.0,0.0
1992-08-21,8660,10.55,0.0,0.0,0.0,0.0
1992-09-07,5000,10.26,1.0,1.0,1.0,1.0
1992-09-08,5000,10.54,1.0,1.0,1.0,1.0
1992-09-19,6000,10.28,2.0,2.0,2.0,2.0
1992-09-20,5700,10.28,2.0,2.0,2.0,2.0
1992-09-21,6000,10.28,2.0,2.0,2.0,2.0
1992-09-22,7000,10.28,0.0,0.0,0.0,0.0
1992-09-23,6500,10.27,2.0,2.0,2.0,2.0
1992-09-24,10800,11.54,2.0,2.0,2.0,2.0
1992-09-25,15700,13.49,0.0,1.0,1.0,1.0
1992-09-26,12800,12.32,1.0,1.0,1.0,1.0
1992-09-29,9220,10.8,2.0,2.0,1.0,2.0
1992-09-30,9370,10.87,2.0,2.0,1.0,2.0
1992-10-01,8990,10.7,2.0,2.0,1.0,2.0
1992-10-02,8600,10.53,0.0,0.0,0.0,0.0
1992-10-04,8500,10.48,0.0,0.0,0.0,0.0
1992-10-08,7500,10.02,1.0,0.0,0.0,1.0
1992-10-09,7300,9.95,1.0,0.0,0.0,1.0
1992-10-10,7760,10.14,0.0,0.0,1.0,1.0
1992-10-11,7440,9.99,0.0,0.0,1.0,1.0
1992-10-18,7100,9.84,2.0,2.0,2.0,2.0
1992-10-19,7900,10.22,3.0,3.0,3.0,3.0
1992-10-20,12400,12.15,3.0,3.0,3.0,3.0
1992-10-22,12400,12.15,3.0,3.0,3.0,3.0
1992-10-23,11600,11.84,3.0,3.0,3.0,3.0
1992-10-24,10500,11.35,3.0,3.0,3.0,3.0
1992-10-25,9710,11.02,0.0,0.0,0.0,0.0
1992-11-01,14500,13.04,0.0,0.0,0.0,0.0
1992-11-02,14800,13.12,0.0,0.0,0.0,0.0
1992-11-04,13500,12.62,1.0,1.0,0.0,1.0
1992-11-05,14300,12.95,0.0,0.0,0.0,0.0
1992-11-06,12500,12.19,2.0,2.0,1.0,2.0
1992-11-07,19900,15.07,2.0,2.0,1.0,2.0
1992-11-21,14200,12.91,1.0,1.0,0.0,1.0
1992-11-26,12700,12.27,2.0,2.0,2.0,2.0
1992-11-27,14400,12.96,2.0,2.0,2.0,2.0
1992-11-29,15400,13.36,1.0,1.0,0.0,1.0
1992-11-30,15900,13.56,1.0,1.0,0.0,1.0
1992-12-08,11100,11.63,0.0,0.0,0.0,0.0
1992-12-11,11500,11.79,0.0,0.0,0.0,0.0
1992-12-12,11300,11.7,0.0,0.0,0.0,0.0
1992-12-13,10800,11.5,0.0,0.0,1.0,1.0
1992-12-14,11000,11.57,0.0,1.0,1.0,1.0
1992-12-16,11800,11.93,0.0,0.0,0.0,0.0
1992-12-22,9120,10.76,0.0,0.0,0.0,0.0
1992-12-26,10600,11.43,0.0,0.0,0.0,0.0
1992-12-27,10200,11.24,0.0,0.0,0.0,0.0
1993-01-16,7780,10.15,0.0,0.0,0.0,0.0
1993-01-19,6820,9.69,1.0,1.0,0.0,1.0
1993-01-24,8780,10.61,2.0,2.0,2.0,2.0
1993-01-25,23300,16.25,2.0,2.0,2.0,2.0
1993-01-26,27600,17.92,0.0,1.0,1.0,1.0
1993-01-27,23500,16.54,0.0,1.0,1.0,1.0
1993-01-30,15500,13.6,0.0,0.0,0.0,0.0
1993-02-03,13600,12.84,0.0,0.0,0.0,0.0
1993-02-04,13300,12.7,1.0,1.0,0.0,1.0
1993-02-05,12600,12.45,1.0,1.0,0.0,1.0
1993-02-06,12500,12.38,1.0,0.0,0.0,1.0
1993-02-07,11300,11.88,0.0,0.0,0.0,0.0
1993-02-09,12400,12.35,0.0,0.0,0.0,0.0
1993-02-13,12800,12.5,0.0,0.0,0.0,0.0
1993-02-21,11200,11.87,0.0,0.0,0.0,0.0
1993-02-22,11300,11.89,0.0,0.0,0.0,0.0
1993-02-28,6100,,0.0,0.0,0.0,0.0
1993-03-02,6190,9.58,0.0,0.0,0.0,0.0
1993-03-03,6040,9.5,2.0,2.0,1.0,2.0
1993-03-04,6420,9.69,2.0,2.0,1.0,2.0
1993-03-05,9330,11.03,0.0,0.0,0.0,0.0
1993-03-07,9310,11.03,0.0,0.0,0.0,0.0
1993-03-21,9520,11.12,0.0,4.0,2.0,4.0
1993-03-22,10500,11.53,3.0,4.0,2.0,4.0
1993-03-23,27200,17.74,3.0,4.0,2.0,4.0
1993-03-24,25700,17.28,0.0,0.0,0.0,0.0
1993-03-26,16900,14.14,0.0,0.0,0.0,0.0
1993-03-30,12700,12.46,0.0,0.0,0.0,0.0
1993-04-04,13800,12.91,0.0,0.0,0.0,0.0
1993-04-07,9750,11.22,1.0,0.0,0.0,1.0
1993-04-08,9380,11.06,1.0,0.0,0.0,1.0
1993-04-23,11200,11.86,0.0,0.0,0.0,0.0
1993-04-25,12200,12.27,1.0,0.0,0.0,1.0
1993-05-01,16400,13.94,0.0,0.0,0.0,0.0
1993-05-09,18000,14.55,2.0,2.0,2.0,2.0
1993-05-10,15400,13.56,2.0,2.0,2.0,2.0
1993-05-11,23200,16.43,2.0,2.0,2.0,2.0
1993-05-14,31700,19.27,0.0,0.0,0.0,0.0
1993-05-17,24400,16.85,0.0,0.0,0.0,0.0
1993-05-19,27400,17.89,2.0,1.0,1.0,2.0
1993-05-20,30100,18.75,2.0,1.0,1.0,2.0
1993-05-21,28200,18.14,2.0,0.0,0.0,2.0
1993-05-30,23100,16.38,1.0,0.0,0.0,1.0
1993-06-02,21900,15.97,0.0,0.0,0.0,0.0
1993-06-06,18300,14.67,0.0,0.0,0.0,0.0
1993-06-07,18600,14.78,0.0,0.0,0.0,0.0
1993-06-09,16900,14.11,1.0,1.0,1.0,1.0
1993-06-10,24200,16.79,0.0,0.0,0.0,0.0
1993-06-14,17300,14.3,0.0,0.0,0.0,0.0
1993-06-16,22700,16.25,0.0,0.0,0.0,0.0
1993-06-18,19300,15.05,0.0,0.0,0.0,0.0
1993-06-20,18000,14.56,0.0,0.0,0.0,0.0
1993-06-25,14000,13.0,0.0,0.0,0.0,0.0
1993-07-03,10700,11.63,0.0,0.0,0.0,0.0
1993-07-06,9990,11.32,0.0,0.0,0.0,0.0
1993-07-07,10100,11.38,0.0,0.0,0.0,0.0
1993-07-09,9350,11.05,0.0,0.0,0.0,0.0
1993-07-11,8860,10.83,0.0,0.0,0.0,0.0
1993-07-13,9470,11.09,0.0,0.0,0.0,0.0
1993-07-23,18300,14.66,0.0,0.0,0.0,0.0
1993-07-31,16500,13.97,0.0,0.0,0.0,0.0
1993-08-02,12600,12.41,0.0,0.0,0.0,0.0
1993-08-15,7010,9.97,0.0,0.0,0.0,0.0
1993-08-21,8300,10.57,0.0,0.0,0.0,0.0
1993-08-22,6610,9.78,1.0,2.0,2.0,2.0
1993-08-23,7350,10.12,1.0,2.0,2.0,2.0
1993-08-25,10400,11.51,0.0,0.0,0.0,0.0
1993-09-08,7240,10.08,0.0,0.0,0.0,0.0
1993-09-17,7850,10.37,0.0,0.0,0.0,0.0
1993-09-18,7690,10.3,0.0,0.0,0.0,0.0
1993-09-25,6600,9.77,0.0,0.0,0.0,0.0
1993-10-11,5780,9.37,0.0,0.0,0.0,0.0
1993-10-13,6100,9.53,0.0,0.0,0.0,0.0
1993-10-20,6100,9.53,0.0,0.0,0.0,0.0
1993-10-22,6610,9.78,2.0,2.0,2.0,2.0
1993-10-23,9250,10.98,2.0,2.0,2.0,2.0
1993-10-24,17400,14.31,2.0,2.0,1.0,2.0
1993-10-27,8390,10.61,0.0,2.0,2.0,2.0
1993-10-28,8550,10.68,2.0,2.0,2.0,2.0
1993-10-29,8960,10.87,2.0,2.0,2.0,2.0
1993-10-31,8000,10.44,0.0,0.0,0.0,0.0
1993-11-02,8350,10.59,2.0,2.0,2.0,2.0
1993-11-03,8790,10.8,2.0,2.0,2.0,2.0
1993-11-04,10900,11.73,0.0,0.0,0.0,0.0
1993-11-16,9530,11.12,0.0,0.0,0.0,0.0
1993-11-17,9440,11.08,0.0,0.0,0.0,0.0
1993-11-20,6500,9.73,0.0,0.0,1.0,1.0
1993-11-21,7890,10.38,0.0,0.0,1.0,1.0
1993-11-23,9980,11.32,0.0,0.0,0.0,0.0
1993-12-02,18600,14.77,0.0,0.0,2.0,2.0
1993-12-03,17700,14.43,1.0,1.0,2.0,2.0
1993-12-04,23500,16.54,1.0,1.0,2.0,2.0
1993-12-09,14400,13.17,3.0,3.0,3.0,3.0
1993-12-10,26800,17.56,3.0,3.0,3.0,3.0
1993-12-12,26400,17.77,2.0,2.0,2.0,2.0
1993-12-13,21600,16.09,2.0,2.0,2.0,2.0
1993-12-14,19600,15.39,2.0,2.0,0.0,2.0
1993-12-16,15400,13.79,0.0,0.0,0.0,0.0
1993-12-20,12500,12.59,0.0,0.0,0.0,0.0
1993-12-25,10200,11.65,0.0,0.0,0.0,0.0
1993-12-31,11500,12.19,1.0,1.0,0.0,1.0
1994-01-01,11800,12.29,1.0,1.0,0.0,1.0
1994-01-03,13900,13.16,1.0,1.0,1.0,1.0
1994-01-04,19400,15.29,1.0,1.0,1.0,1.0
1994-01-12,17700,14.67,0.0,0.0,0.0,0.0
1994-01-19,17100,14.44,0.0,0.0,0.0,0.0
1994-01-21,15600,13.86,1.0,1.0,0.0,1.0
1994-01-22,15600,13.85,1.0,1.0,0.0,1.0
1994-01-25,17600,14.64,0.0,0.0,0.0,0.0
1994-01-29,12100,12.45,0.0,0.0,0.0,0.0
1994-02-10,9220,11.19,0.0,0.0,0.0,0.0
1994-02-16,14300,13.32,1.0,1.0,0.0,1.0
1994-02-17,15100,13.65,1.0,1.0,0.0,1.0
1994-02-22,11800,12.32,0.0,0.0,0.0,0.0
1994-02-25,12400,12.58,0.0,0.0,0.0,0.0
1994-02-26,11900,12.37,0.0,0.0,0.0,0.0
1994-02-27,13000,12.82,3.0,3.0,2.0,3.0
1994-02-28,13400,12.96,3.0,3.0,2.0,3.0
1994-03-01,29700,18.85,3.0,3.0,2.0,3.0
1994-03-02,35200,20.51,3.0,3.0,1.0,3.0
1994-03-09,16300,14.14,0.0,0.0,0.0,0.0
1994-03-10,15300,13.72,0.0,0.0,0.0,0.0
1994-03-11,15400,13.77,0.0,0.0,0.0,0.0
1994-03-12,15400,13.76,0.0,0.0,0.0,0.0
1994-03-15,16400,14.16,0.0,0.0,0.0,0.0
1994-03-25,13400,12.99,0.0,0.0,0.0,0.0
1994-03-26,13600,13.05,0.0,0.0,0.0,0.0
1994-03-28,13400,12.99,0.0,0.0,0.0,0.0
1994-04-16,11900,12.34,0.0,0.0,0.0,0.0
1994-04-29,17700,14.66,0.0,0.0,0.0,0.0
1994-05-06,16200,14.09,0.0,0.0,0.0,0.0
1994-05-07,18700,15.04,0.0,0.0,0.0,0.0
1994-05-15,16100,14.06,0.0,0.0,0.0,0.0
1994-05-16,16100,14.06,0.0,0.0,0.0,0.0
1994-05-22,15100,13.64,0.0,0.0,0.0,0.0
1994-05-23,15100,13.65,0.0,0.0,0.0,0.0
1994-05-24,16200,14.08,0.0,0.0,0.0,0.0
1994-05-26,18900,15.13,0.0,0.0,0.0,0.0
1994-06-12,13800,13.14,1.0,1.0,1.0,1.0
1994-06-13,16900,14.33,1.0,1.0,1.0,1.0
1994-06-24,16500,14.22,0.0,0.0,0.0,0.0
1994-06-25,13800,13.15,0.0,0.0,0.0,0.0
1994-06-30,14400,13.37,0.0,1.0,0.0,1.0
1994-07-01,14800,13.52,0.0,1.0,0.0,1.0
1994-07-02,18100,14.8,0.0,0.0,0.0,0.0
1994-07-05,13600,13.04,0.0,0.0,0.0,0.0
1994-07-10,14200,13.32,0.0,0.0,0.0,0.0
1994-07-12,12800,12.72,0.0,0.0,0.0,0.0
1994-07-17,13500,13.03,0.0,0.0,1.0,1.0
1994-07-18,13000,12.82,0.0,0.0,1.0,1.0
1994-07-19,13000,12.82,0.0,0.0,0.0,0.0
1994-07-21,12800,12.73,0.0,0.0,0.0,0.0
1994-08-10,9630,11.38,0.0,0.0,0.0,0.0
1994-08-28,5770,9.57,0.0,0.0,0.0,0.0
1994-08-30,5720,9.55,0.0,0.0,0.0,0.0
1994-09-04,8060,10.67,0.0,0.0,0.0,0.0
1994-09-07,6920,10.14,0.0,1.0,1.0,1.0
1994-09-08,7840,10.57,0.0,1.0,1.0,1.0
1994-09-13,7290,10.31,1.0,1.0,0.0,1.0
1994-09-14,8300,10.79,1.0,1.0,0.0,1.0
1994-09-15,11000,11.95,1.0,1.0,0.0,1.0
1994-09-26,7310,10.32,0.0,0.0,0.0,0.0
1994-09-27,7560,10.44,0.0,0.0,0.0,0.0
1994-10-01,7610,10.46,0.0,1.0,0.0,1.0
1994-10-04,6990,10.16,0.0,0.0,0.0,0.0
1994-10-20,4530,8.93,1.0,1.0,1.0,1.0
1994-10-21,11000,11.93,1.0,1.0,1.0,1.0
1994-10-25,6670,10.01,2.0,2.0,1.0,2.0
1994-10-26,8970,11.03,3.0,2.0,1.0,3.0
1994-10-27,26000,17.64,3.0,1.0,1.0,3.0
1994-10-29,15800,13.92,0.0,0.0,0.0,0.0
1994-10-31,14400,13.35,4.0,3.0,2.0,4.0
1994-11-01,22400,16.4,4.0,3.0,2.0,4.0
1994-11-03,15300,13.72,0.0,1.0,1.0,1.0
1994-11-04,14300,13.32,1.0,1.0,1.0,1.0
1994-11-05,14000,13.21,0.0,0.0,0.0,0.0
1994-11-08,12300,12.53,1.0,1.0,0.0,1.0
1994-11-09,11700,12.27,1.0,1.0,0.0,1.0
1994-11-19,11200,12.06,1.0,1.0,1.0,1.0
1994-11-23,10400,11.72,1.0,1.0,0.0,1.0
1994-11-29,10600,11.79,3.0,3.0,3.0,3.0
1994-11-30,25500,17.22,3.0,3.0,3.0,3.0
1994-12-01,37300,21.05,3.0,0.0,0.0,3.0
1994-12-17,16000,13.94,3.0,2.0,1.0,3.0
1994-12-18,33700,20.08,3.0,2.0,0.0,3.0
1994-12-19,28600,18.48,3.0,3.0,3.0,3.0
1994-12-20,43900,22.68,3.0,3.0,3.0,3.0
1994-12-25,21800,16.16,1.0,1.0,1.0,1.0
1994-12-26,25200,17.33,1.0,1.0,1.0,1.0
1994-12-27,39000,21.5,1.0,0.0,0.0,1.0
1994-12-28,55700,25.54,1.0,0.0,0.0,1.0
1995-01-03,19500,15.32,0.0,0.0,0.0,0.0
1995-01-07,16700,14.29,2.0,1.0,1.0,2.0
1995-01-08,15100,13.64,2.0,1.0,1.0,2.0
1995-01-09,14100,13.25,2.0,1.0,0.0,2.0
1995-01-10,16200,14.09,1.0,0.0,0.0,1.0
1995-01-15,19800,15.43,0.0,0.0,0.0,0.0
1995-01-16,18400,14.92,0.0,0.0,0.0,0.0
1995-01-17,18000,14.79,1.0,0.0,0.0,1.0
1995-01-18,19600,15.37,1.0,0.0,0.0,1.0
1995-01-23,16000,14.01,0.0,0.0,0.0,0.0
1995-01-26,13700,13.11,0.0,0.0,0.0,0.0
1995-01-27,13000,12.83,0.0,0.0,0.0,0.0
1995-01-28,12000,12.38,3.0,3.0,3.0,3.0
1995-01-29,16300,14.1,3.0,3.0,3.0,3.0
1995-01-30,26100,17.69,2.0,2.0,0.0,2.0
1995-01-31,32000,19.52,2.0,2.0,2.0,2.0
1995-02-01,52800,24.89,2.0,2.0,2.0,2.0
1995-02-03,32100,19.6,1.0,1.0,1.0,1.0
1995-02-04,27600,18.17,1.0,0.0,0.0,1.0
1995-02-05,26500,17.82,1.0,0.0,0.0,1.0
1995-02-06,26500,17.81,1.0,0.0,0.0,1.0
1995-02-16,17400,14.56,2.0,1.0,0.0,2.0
1995-02-17,19000,15.13,2.0,1.0,0.0,2.0
1995-02-18,21600,16.1,4.0,2.0,1.0,4.0
1995-02-19,46200,23.23,4.0,2.0,1.0,4.0
1995-02-20,53500,25.06,4.0,2.0,1.0,4.0
1995-02-21,47300,23.67,0.0,0.0,0.0,0.0
1995-02-22,39200,21.63,0.0,0.0,0.0,0.0
1995-02-27,23100,16.79,0.0,0.0,0.0,0.0
1995-03-07,17200,14.7,0.0,0.0,0.0,0.0
1995-03-08,17100,14.65,2.0,0.0,0.0,2.0
1995-03-09,19000,15.35,2.0,1.0,1.0,2.0
1995-03-10,22400,16.55,2.0,1.0,1.0,2.0
1995-03-14,23600,16.98,1.0,1.0,0.0,1.0
1995-03-20,22900,16.74,1.0,0.0,0.0,1.0
1995-03-22,20900,16.04,0.0,0.0,0.0,0.0
1995-04-01,16900,14.58,0.0,0.0,0.0,0.0
1995-04-02,17000,14.62,0.0,0.0,0.0,0.0
1995-04-05,15000,13.86,0.0,0.0,0.0,0.0
1995-04-10,12300,12.77,0.0,0.0,0.0,0.0
1995-04-17,9900,11.79,0.0,0.0,0.0,0.0
1995-04-22,10600,12.07,0.0,0.0,0.0,0.0
1995-04-26,11700,12.54,0.0,0.0,0.0,0.0
1995-04-30,14400,13.63,0.0,0.0,0.0,0.0
1995-05-03,16200,14.3,0.0,0.0,0.0,0.0
1995-05-09,18800,15.28,0.0,0.0,0.0,0.0
1995-05-13,18000,14.99,0.0,0.0,0.0,0.0
1995-05-24,17700,14.87,0.0,0.0,0.0,0.0
1995-05-30,25600,17.65,0.0,0.0,0.0,0.0
1995-06-16,16400,14.39,0.0,0.0,0.0,0.0
1995-06-27,15900,14.18,0.0,0.0,0.0,0.0
1995-07-01,17300,14.74,0.0,0.0,0.0,0.0
1995-07-02,17800,14.93,2.0,0.0,0.0,2.0
1995-07-03,19900,15.69,2.0,0.0,0.0,2.0
1995-07-16,11700,12.56,0.0,0.0,0.0,0.0
1995-07-21,13500,13.29,0.0,0.0,0.0,0.0
1995-07-25,9600,11.66,1.0,2.0,2.0,2.0
1995-07-26,11300,12.33,1.0,2.0,2.0,2.0
1995-08-03,9830,11.76,0.0,0.0,0.0,0.0
1995-08-05,8920,11.36,2.0,1.0,0.0,2.0
1995-08-06,8600,11.23,2.0,1.0,0.0,2.0
1995-08-07,12800,12.95,2.0,1.0,0.0,2.0
1995-08-08,18700,15.25,0.0,0.0,0.0,0.0
1995-08-14,10600,12.09,1.0,1.0,1.0,1.0
1995-08-15,10800,12.18,0.0,0.0,0.0,0.0
1995-08-26,8490,11.17,0.0,0.0,0.0,0.0
1995-09-07,7890,10.91,0.0,0.0,0.0,0.0
1995-09-09,9140,11.47,0.0,0.0,0.0,0.0
1995-09-21,6250,10.14,0.0,0.0,0.0,0.0
1995-09-22,5860,9.95,0.0,0.0,0.0,0.0
1995-09-23,5530,9.79,0.0,0.0,0.0,0.0
1995-10-01,11800,,1.0,0.0,0.0,1.0
1995-10-02,10600,12.07,1.0,0.0,0.0,1.0
1995-10-07,9550,11.64,0.0,0.0,0.0,0.0
1995-10-09,7570,10.76,2.0,2.0,2.0,2.0
1995-10-10,19100,15.23,2.0,2.0,2.0,2.0
1995-10-13,20800,16.0,0.0,1.0,2.0,2.0
1995-10-14,17400,14.75,0.0,1.0,2.0,2.0
1995-10-15,17700,14.87,0.0,1.0,2.0,2.0
1995-10-17,26300,17.9,1.0,1.0,1.0,1.0
1995-10-20,18400,15.14,1.0,1.0,1.0,1.0
1995-10-23,15400,14.02,0.0,0.0,0.0,0.0
1995-10-25,14300,13.59,2.0,2.0,2.0,2.0
1995-10-26,19200,15.41,2.0,2.0,2.0,2.0
1995-11-06,12200,12.74,0.0,0.0,0.0,0.0
1995-11-07,13200,13.12,3.0,3.0,3.0,3.0
1995-11-08,48400,23.67,3.0,3.0,3.0,3.0
1995-11-10,48800,23.93,2.0,2.0,2.0,2.0
1995-11-11,48500,23.85,2.0,2.0,2.0,2.0
1995-11-12,57100,25.87,1.0,2.0,2.0,2.0
1995-11-13,45300,23.18,1.0,2.0,2.0,2.0
1995-11-14,52800,24.89,1.0,2.0,2.0,2.0
1995-11-15,48600,23.96,1.0,1.0,1.0,1.0
1995-11-16,47700,23.77,4.0,3.0,3.0,4.0
1995-11-17,47100,23.61,4.0,3.0,3.0,4.0
1995-11-18,50400,24.36,4.0,3.0,3.0,4.0
1995-11-22,30400,19.21,3.0,0.0,0.0,3.0
1995-11-23,36100,20.81,3.0,2.0,2.0,3.0
1995-11-26,57300,25.91,0.0,0.0,0.0,0.0
1995-11-27,51900,24.71,4.0,4.0,4.0,4.0
1995-11-28,59300,26.3,4.0,4.0,4.0,4.0
1995-11-29,91600,31.7,4.0,4.0,4.0,4.0
1995-11-30,132000,36.48,4.0,4.0,4.0,4.0
1995-12-02,78700,29.91,0.0,0.0,0.0,0.0
1995-12-04,48300,24.17,0.0,0.0,0.0,0.0
1995-12-07,27100,18.37,0.0,0.0,0.0,0.0
1995-12-08,23800,17.23,0.0,0.0,0.0,0.0
1995-12-09,23100,16.96,3.0,3.0,3.0,3.0
1995-12-10,27600,18.48,3.0,3.0,3.0,3.0
1995-12-11,42100,22.67,1.0,1.0,0.0,1.0
1995-12-12,45300,23.5,2.0,1.0,0.0,2.0
1995-12-13,51000,24.74,2.0,1.0,0.0,2.0
1995-12-14,48400,24.17,1.0,1.0,0.0,1.0
1995-12-17,27100,18.36,1.0,1.0,0.0,1.0
1995-12-18,24700,17.53,1.0,1.0,0.0,1.0
1995-12-19,24400,17.42,0.0,0.0,0.0,0.0
1995-12-22,20600,16.02,0.0,0.0,0.0,0.0
1995-12-23,19000,15.44,0.0,0.0,0.0,0.0
1995-12-28,13500,13.19,0.0,0.0,0.0,0.0
1996-01-01,16200,14.33,0.0,0.0,1.0,1.0
1996-01-02,16800,14.57,0.0,1.0,1.0,1.0
1996-01-03,26700,18.18,0.0,1.0,1.0,1.0
1996-01-05,21700,16.44,3.0,0.0,0.0,3.0
1996-01-06,20200,15.88,3.0,3.0,3.0,3.0
1996-01-07,33600,20.3,3.0,3.0,3.0,3.0
1996-01-10,24400,17.45,0.0,1.0,1.0,1.0
1996-01-11,23100,16.97,0.0,1.0,1.0,1.0
1996-01-13,20700,16.06,3.0,1.0,0.0,3.0
1996-01-14,22800,16.87,3.0,2.0,2.0,3.0
1996-01-15,30200,19.36,3.0,2.0,2.0,3.0
1996-01-19,22400,16.72,0.0,0.0,0.0,0.0
1996-01-21,19700,15.72,0.0,0.0,0.0,0.0
1996-02-05,16800,,2.0,1.0,1.0,2.0
1996-02-06,26500,18.15,2.0,1.0,1.0,2.0
1996-02-07,35800,20.92,2.0,1.0,0.0,2.0
1996-02-08,46400,23.31,2.0,1.0,0.0,2.0
1996-02-12,26100,17.39,0.0,0.0,0.0,0.0
1996-02-14,22200,16.0,0.0,0.0,0.0,0.0
1996-02-17,22400,16.06,1.0,1.0,1.0,1.0
1996-02-18,27300,17.79,1.0,1.0,1.0,1.0
1996-03-08,14200,13.51,1.0,1.0,1.0,1.0
1996-03-09,13500,13.19,1.0,1.0,1.0,1.0
1996-03-10,18500,15.24,1.0,1.0,1.0,1.0
1996-03-14,15800,14.16,0.0,0.0,0.0,0.0
1996-03-19,15300,13.97,0.0,0.0,0.0,0.0
1996-03-21,14400,13.58,0.0,0.0,0.0,0.0
1996-03-30,10800,12.01,0.0,0.0,0.0,0.0
1996-04-01,12200,12.64,0.0,0.0,0.0,0.0
1996-04-05,11200,12.18,3.0,3.0,2.0,3.0
1996-04-06,11600,12.4,3.0,3.0,2.0,3.0
1996-04-07,15100,13.86,3.0,3.0,0.0,3.0
1996-04-11,16400,14.4,0.0,0.0,0.0,0.0
1996-04-13,14700,13.72,0.0,0.0,0.0,0.0
1996-04-14,13600,13.23,2.0,1.0,0.0,2.0
1996-04-15,12000,12.53,2.0,1.0,0.0,2.0
1996-04-16,12600,12.84,0.0,1.0,0.0,1.0
1996-04-17,14000,13.42,0.0,1.0,0.0,1.0
1996-04-22,14000,13.42,2.0,2.0,0.0,2.0
1996-04-23,18400,15.16,2.0,2.0,0.0,2.0
1996-04-24,32000,19.95,2.0,2.0,0.0,2.0
1996-04-25,26700,18.23,1.0,1.0,0.0,1.0
1996-04-28,20600,16.04,0.0,0.0,0.0,0.0
1996-05-02,16600,14.51,0.0,0.0,0.0,0.0
1996-05-08,15000,13.91,0.0,0.0,0.0,0.0
1996-05-23,21000,16.19,0.0,0.0,0.0,0.0
1996-05-30,19700,15.7,0.0,0.0,0.0,0.0
1996-06-01,17000,14.68,0.0,0.0,0.0,0.0
1996-06-05,22800,16.84,0.0,0.0,0.0,0.0
1996-06-14,18500,15.22,0.0,0.0,0.0,0.0
1996-06-18,17000,14.67,0.0,0.0,0.0,0.0
1996-06-20,15300,14.02,0.0,0.0,0.0,0.0
1996-06-21,15500,14.13,0.0,0.0,0.0,0.0
1996-06-24,15000,13.93,0.0,0.0,0.0,0.0
1996-06-28,14700,13.82,0.0,0.0,0.0,0.0
1996-06-30,12400,12.91,0.0,0.0,0.0,0.0
1996-07-06,14100,13.57,0.0,0.0,0.0,0.0
1996-07-14,19000,15.45,0.0,0.0,0.0,0.0
1996-07-18,18300,15.15,0.0,0.0,0.0,0.0
1996-07-26,15600,14.15,0.0,0.0,0.0,0.0
1996-08-01,13100,13.19,0.0,0.0,0.0,0.0
1996-08-07,11800,12.67,0.0,0.0,0.0,0.0
1996-08-23,8590,11.22,0.0,0.0,0.0,0.0
1996-08-29,9350,11.59,2.0,2.0,2.0,2.0
1996-08-30,9640,11.73,2.0,2.0,2.0,2.0
1996-09-25,7620,10.74,0.0,0.0,0.0,0.0
1996-09-26,6870,10.36,0.0,0.0,0.0,0.0
1996-10-02,9100,11.47,3.0,4.0,3.0,4.0
1996-10-03,9000,11.42,3.0,4.0,3.0,4.0
1996-10-04,9250,11.54,3.0,4.0,3.0,4.0
1996-10-10,9580,11.7,1.0,0.0,0.0,1.0
1996-10-11,10200,11.97,1.0,0.0,0.0,1.0
1996-10-14,17800,14.97,1.0,1.0,1.0,1.0
1996-10-17,14300,13.64,2.0,2.0,1.0,2.0
1996-10-18,16100,14.32,2.0,2.0,1.0,2.0
1996-10-21,12800,13.08,1.0,1.0,1.0,1.0
1996-10-22,20000,15.81,1.0,1.0,1.0,1.0
1996-10-23,20400,15.97,1.0,1.0,1.0,1.0
1996-10-24,21000,16.18,1.0,1.0,1.0,1.0
1996-10-27,15000,13.92,0.0,1.0,2.0,2.0
1996-10-28,16000,14.28,1.0,1.0,2.0,2.0
1996-10-31,17900,14.99,0.0,0.0,0.0,0.0
1996-11-01,15600,14.15,0.0,0.0,0.0,0.0
1996-11-05,15200,13.99,0.0,0.0,0.0,0.0
1996-11-07,17800,14.99,2.0,2.0,2.0,2.0
1996-11-08,19100,15.47,2.0,2.0,2.0,2.0
1996-11-09,24100,17.32,0.0,0.0,2.0,2.0
1996-11-11,20200,15.89,2.0,1.0,1.0,2.0
1996-11-12,20800,16.11,2.0,1.0,1.0,2.0
1996-11-13,25500,17.82,2.0,1.0,0.0,2.0
1996-11-20,15400,14.07,0.0,0.0,0.0,0.0
1996-11-24,13900,13.51,0.0,0.0,0.0,0.0
1996-11-28,38000,21.61,0.0,0.0,0.0,0.0
1996-11-29,29300,19.04,0.0,0.0,0.0,0.0
1996-11-30,23000,16.91,1.0,1.0,1.0,1.0
1996-12-01,25600,17.87,1.0,1.0,1.0,1.0
1996-12-04,19300,15.55,1.0,1.0,1.0,1.0
1996-12-09,17900,15.0,0.0,0.0,0.0,0.0
1996-12-10,17300,14.75,1.0,0.0,0.0,1.0
1996-12-15,14600,13.65,1.0,1.0,1.0,1.0
1996-12-16,14400,13.59,1.0,1.0,1.0,1.0
1996-12-17,13800,13.32,0.0,0.0,0.0,0.0
1996-12-26,12300,12.69,0.0,0.0,0.0,0.0
1996-12-27,12400,12.72,0.0,0.0,0.0,0.0
1996-12-29,10300,,3.0,2.0,1.0,3.0
1996-12-30,14200,13.5,3.0,2.0,1.0,3.0
1996-12-31,22400,16.69,4.0,3.0,1.0,4.0
1997-01-01,38300,21.64,4.0,3.0,1.0,4.0
1997-01-06,19500,15.64,1.0,1.0,1.0,1.0
1997-01-07,23400,17.08,1.0,1.0,1.0,1.0
1997-01-11,20700,16.09,0.0,0.0,0.0,0.0
1997-01-16,14900,13.81,2.0,2.0,2.0,2.0
1997-01-17,19700,15.68,2.0,2.0,2.0,2.0
1997-01-18,27300,18.43,3.0,2.0,2.0,3.0
1997-01-19,40400,22.21,3.0,2.0,2.0,3.0
1997-01-20,47600,24.01,3.0,2.0,2.0,3.0
1997-01-23,26100,18.03,0.0,0.0,0.0,0.0
1997-01-27,19800,15.72,1.0,1.0,0.0,1.0
1997-01-28,20000,15.83,1.0,1.0,0.0,1.0
1997-01-29,20100,15.86,4.0,4.0,3.0,4.0
1997-01-30,30300,19.16,4.0,4.0,3.0,4.0
1997-01-31,43900,23.1,0.0,0.0,0.0,0.0
1997-02-01,31600,19.82,0.0,0.0,0.0,0.0
1997-02-08,19000,15.44,0.0,0.0,0.0,0.0
1997-02-09,18600,15.28,0.0,0.0,0.0,0.0
1997-03-02,18600,15.26,0.0,0.0,0.0,0.0
1997-03-06,17800,14.98,0.0,0.0,0.0,0.0
1997-03-17,16700,14.55,4.0,4.0,4.0,4.0
1997-03-18,19400,15.58,4.0,4.0,4.0,4.0
1997-03-19,47300,23.68,4.0,4.0,4.0,4.0
1997-03-20,73800,29.11,4.0,4.0,4.0,4.0
1997-03-24,22900,16.89,0.0,0.0,0.0,0.0
1997-03-27,23900,17.26,0.0,0.0,0.0,0.0
1997-04-06,15800,14.16,0.0,0.0,0.0,0.0
1997-04-08,14800,13.76,0.0,0.0,0.0,0.0
1997-04-11,16100,14.3,0.0,0.0,0.0,0.0
1997-04-13,17800,14.96,0.0,0.0,0.0,0.0
1997-04-15,17300,14.74,2.0,2.0,2.0,2.0
1997-04-16,20600,16.04,2.0,2.0,2.0,2.0
1997-04-17,22800,16.84,0.0,0.0,0.0,0.0
1997-04-25,23700,17.19,0.0,0.0,0.0,0.0
1997-05-04,23200,16.98,1.0,1.0,0.0,1.0
1997-05-05,22100,16.6,1.0,1.0,0.0,1.0
1997-05-06,23900,17.25,1.0,1.0,0.0,1.0
1997-05-10,26600,18.22,0.0,0.0,0.0,0.0
1997-05-28,25700,17.88,0.0,0.0,0.0,0.0
1997-05-30,33700,20.46,2.0,2.0,2.0,2.0
1997-05-31,40300,22.18,2.0,2.0,2.0,2.0
1997-06-08,27600,18.54,0.0,0.0,0.0,0.0
1997-06-12,32400,20.07,0.0,0.0,0.0,0.0
1997-06-16,37900,21.64,2.0,2.0,2.0,2.0
1997-06-17,42700,22.85,2.0,2.0,2.0,2.0
1997-07-01,27700,18.58,0.0,0.0,0.0,0.0
1997-07-05,30900,19.59,0.0,0.0,0.0,0.0
1997-07-06,34900,20.81,0.0,0.0,0.0,0.0
1997-07-07,35500,20.96,2.0,2.0,2.0,2.0
1997-07-08,33300,20.32,2.0,2.0,2.0,2.0
1997-07-09,62200,26.95,2.0,2.0,2.0,2.0
1997-07-11,44900,23.32,0.0,0.0,0.0,0.0
1997-07-21,27300,18.45,0.0,0.0,0.0,0.0
1997-07-29,18600,15.27,0.0,0.0,0.0,0.0
1997-07-30,19300,15.56,0.0,0.0,0.0,0.0
1997-08-01,17400,14.79,0.0,0.0,0.0,0.0
1997-08-03,16800,14.58,0.0,0.0,0.0,0.0
1997-08-04,17200,14.72,0.0,0.0,0.0,0.0
1997-08-05,17800,14.95,0.0,0.0,0.0,0.0
1997-08-08,19100,15.46,0.0,0.0,0.0,0.0
1997-08-15,14400,13.59,0.0,0.0,0.0,0.0
1997-08-16,14700,13.72,0.0,0.0,0.0,0.0
1997-08-22,12000,12.57,0.0,0.0,0.0,0.0
1997-08-24,11600,12.39,4.0,4.0,3.0,4.0
1997-08-25,11400,12.29,4.0,4.0,3.0,4.0
1997-08-26,11300,12.26,4.0,4.0,3.0,4.0
1997-08-27,11400,12.27,4.0,4.0,3.0,4.0
1997-08-28,10400,11.82,0.0,0.0,0.0,0.0
1997-08-30,8440,10.9,0.0,0.0,0.0,0.0
1997-09-03,9640,11.47,0.0,0.0,0.0,0.0
1997-09-04,9460,11.38,0.0,0.0,0.0,0.0
1997-09-10,7820,10.59,0.0,0.0,0.0,0.0
1997-09-14,7600,10.48,2.0,2.0,0.0,2.0
1997-09-15,9630,11.46,2.0,2.0,0.0,2.0
1997-09-16,12900,12.96,1.0,1.0,0.0,1.0
1997-09-17,20300,15.86,1.0,1.0,0.0,1.0
1997-09-21,12300,12.68,0.0,0.0,0.0,0.0
1997-09-25,10600,11.94,2.0,3.0,3.0,3.0
1997-09-26,11100,12.16,2.0,3.0,3.0,3.0
1997-09-27,20000,15.75,1.0,3.0,3.0,3.0
1997-09-28,22200,16.62,1.0,1.0,3.0,3.0
1997-09-29,17700,14.91,3.0,3.0,3.0,3.0
1997-09-30,15200,13.92,3.0,3.0,3.0,3.0
1997-10-01,16200,14.34,4.0,4.0,3.0,4.0
1997-10-02,19400,15.57,4.0,4.0,3.0,4.0
1997-10-03,25500,17.83,1.0,1.0,1.0,1.0
1997-10-04,35600,20.85,1.0,1.0,1.0,1.0
1997-10-06,46700,23.72,0.0,0.0,0.0,0.0
1997-10-08,25100,17.68,1.0,0.0,0.0,1.0
1997-10-09,21300,16.28,1.0,1.0,0.0,1.0
1997-10-10,19900,15.79,1.0,1.0,0.0,1.0
1997-10-15,16000,14.23,0.0,1.0,2.0,2.0
1997-10-16,16200,14.33,0.0,1.0,2.0,2.0
1997-10-21,13200,13.08,0.0,0.0,0.0,0.0
1997-10-28,14200,13.49,1.0,1.0,1.0,1.0
1997-10-29,18700,15.25,2.0,3.0,3.0,3.0
1997-10-30,36600,21.06,2.0,3.0,3.0,3.0
1997-10-31,46500,23.73,0.0,3.0,3.0,3.0
1997-11-03,24500,17.46,1.0,1.0,1.0,1.0
1997-11-05,26400,18.14,1.0,1.0,0.0,1.0
1997-11-06,27300,18.44,1.0,1.0,0.0,1.0
1997-11-22,16800,14.57,2.0,2.0,2.0,2.0
1997-11-23,15000,13.83,2.0,2.0,2.0,2.0
1997-11-24,19700,15.69,2.0,2.0,2.0,2.0
1997-11-25,19200,15.5,0.0,0.0,0.0,0.0
1997-11-27,14700,13.7,2.0,2.0,2.0,2.0
1997-11-28,15800,14.14,2.0,2.0,2.0,2.0
1997-11-29,21700,16.45,1.0,1.0,0.0,1.0
1997-12-10,11700,12.43,0.0,0.0,0.0,0.0
1997-12-12,11200,12.19,0.0,0.0,0.0,0.0
1997-12-13,10700,11.97,1.0,1.0,1.0,1.0
1997-12-14,10100,11.7,1.0,1.0,1.0,1.0
1997-12-15,11400,12.28,2.0,2.0,2.0,2.0
1997-12-16,15900,14.11,2.0,2.0,2.0,2.0
1997-12-19,20800,,0.0,2.0,0.0,2.0
1997-12-20,16600,14.71,1.0,2.0,1.0,2.0
1997-12-27,12200,12.99,2.0,2.0,3.0,3.0
1997-12-28,13300,13.43,2.0,2.0,3.0,3.0
1997-12-29,24800,17.6,2.0,2.0,3.0,3.0
1997-12-31,21400,16.44,0.0,0.0,0.0,0.0
1998-01-04,19800,15.88,0.0,0.0,0.0,0.0
1998-01-05,18900,15.57,0.0,0.0,0.0,0.0
1998-01-13,16400,14.62,1.0,0.0,0.0,1.0
1998-01-14,18000,15.23,1.0,0.0,0.0,1.0
1998-01-18,22800,16.94,1.0,1.0,0.0,1.0
1998-01-19,21600,16.52,1.0,1.0,0.0,1.0
1998-01-22,17000,14.87,3.0,0.0,0.0,3.0
1998-01-23,18100,15.26,3.0,2.0,2.0,3.0
1998-01-24,24300,17.42,3.0,2.0,2.0,3.0
1998-01-25,24700,17.57,1.0,1.0,0.0,1.0
1998-01-26,21700,16.54,1.0,1.0,0.0,1.0
1998-01-28,18000,15.22,2.0,2.0,1.0,2.0
1998-01-29,17000,14.84,2.0,2.0,1.0,2.0
1998-02-02,15100,14.15,0.0,0.0,0.0,0.0
1998-02-04,14100,13.76,0.0,0.0,0.0,0.0
1998-02-05,14100,13.76,0.0,0.0,0.0,0.0
1998-02-06,14200,13.77,1.0,1.0,0.0,1.0
1998-02-07,14100,13.74,1.0,1.0,0.0,1.0
1998-02-12,13500,13.51,2.0,1.0,1.0,2.0
1998-02-13,18100,15.26,2.0,1.0,0.0,2.0
1998-02-18,11600,12.75,2.0,1.0,1.0,2.0
1998-02-19,12900,13.28,2.0,1.0,1.0,2.0
1998-03-01,12900,13.24,0.0,0.0,0.0,0.0
1998-03-11,12300,13.02,1.0,0.0,0.0,1.0
1998-03-12,12700,13.18,1.0,1.0,0.0,1.0
1998-03-13,13500,13.49,1.0,1.0,0.0,1.0
1998-03-23,19400,15.73,1.0,0.0,0.0,1.0
1998-03-24,21000,16.31,1.0,0.0,0.0,1.0
1998-03-27,18300,15.35,0.0,0.0,0.0,0.0
1998-03-28,16700,14.74,0.0,0.0,0.0,0.0
1998-04-06,13200,13.36,0.0,0.0,0.0,0.0
1998-04-07,13500,13.49,0.0,0.0,0.0,0.0
1998-04-09,12700,13.16,0.0,0.0,0.0,0.0
1998-05-18,12900,13.25,0.0,0.0,0.0,0.0
1998-05-21,14100,13.72,0.0,0.0,0.0,0.0
1998-05-22,13800,13.6,0.0,0.0,0.0,0.0
1998-05-26,15200,14.16,0.0,0.0,0.0,0.0
1998-05-27,15800,14.39,0.0,0.0,0.0,0.0
1998-06-09,19800,15.86,0.0,0.0,0.0,0.0
1998-06-14,18000,15.21,1.0,1.0,0.0,1.0
1998-06-15,17200,14.91,1.0,1.0,0.0,1.0
1998-06-23,17800,15.13,0.0,0.0,0.0,0.0
1998-07-05,14400,13.85,0.0,0.0,0.0,0.0
1998-07-07,13200,13.36,0.0,0.0,0.0,0.0
1998-07-08,13100,13.31,0.0,0.0,0.0,0.0
1998-07-14,13000,13.28,3.0,3.0,3.0,3.0
1998-07-15,14500,13.9,3.0,3.0,3.0,3.0
1998-07-16,14900,14.03,3.0,3.0,3.0,3.0
1998-07-17,15200,14.17,3.0,3.0,3.0,3.0
1998-08-05,12000,12.86,0.0,0.0,0.0,0.0
1998-08-14,10700,12.32,0.0,0.0,0.0,0.0
1998-09-02,6950,10.61,0.0,0.0,0.0,0.0
1998-09-10,5600,9.93,0.0,0.0,0.0,0.0
1998-09-11,5670,9.97,0.0,0.0,0.0,0.0
1998-09-21,4810,9.5,0.0,0.0,0.0,0.0
1998-10-09,5210,9.77,0.0,0.0,0.0,0.0
1998-10-11,5860,10.1,2.0,2.0,2.0,2.0
1998-10-12,5490,9.92,2.0,2.0,2.0,2.0
1998-10-13,5900,10.12,2.0,2.0,2.0,2.0
1998-10-15,10500,12.27,0.0,0.0,0.0,0.0
1998-10-16,8060,11.17,0.0,0.0,0.0,0.0
1998-11-02,5810,10.08,0.0,0.0,0.0,0.0
1998-11-05,8460,11.36,0.0,0.0,0.0,0.0
1998-11-06,9320,11.75,0.0,0.0,0.0,0.0
1998-11-12,6280,10.31,4.0,4.0,3.0,4.0
1998-11-13,17000,14.73,4.0,4.0,3.0,4.0
1998-11-14,31300,19.73,4.0,4.0,3.0,4.0
1998-11-15,33900,20.38,4.0,4.0,3.0,4.0
1998-11-16,46100,23.67,4.0,4.0,3.0,4.0
1998-11-20,19400,15.69,2.0,2.0,2.0,2.0
1998-11-21,35500,20.95,2.0,2.0,2.0,2.0
1998-11-23,24000,17.33,2.0,0.0,0.0,2.0
1998-11-24,22400,16.79,3.0,2.0,2.0,3.0
1998-11-25,26400,18.08,3.0,2.0,2.0,3.0
1998-11-26,41500,22.56,3.0,2.0,2.0,3.0
1998-12-01,15900,14.44,1.0,0.0,0.0,1.0
1998-12-02,19500,15.79,1.0,0.0,0.0,1.0
1998-12-11,16200,14.56,3.0,3.0,0.0,3.0
1998-12-12,22200,16.69,3.0,3.0,3.0,3.0
1998-12-13,43600,22.93,3.0,3.0,3.0,3.0
1998-12-15,31200,19.67,1.0,1.0,1.0,1.0
1998-12-16,25300,17.76,1.0,1.0,1.0,1.0
1998-12-20,17600,15.12,0.0,0.0,0.0,0.0
1998-12-26,15300,14.27,0.0,0.0,0.0,0.0
1998-12-27,16500,14.71,2.0,2.0,1.0,2.0
1998-12-28,25900,17.97,3.0,3.0,2.0,3.0
1998-12-29,31800,19.84,3.0,3.0,2.0,3.0
1998-12-30,46200,23.69,3.0,3.0,2.0,3.0
1999-01-03,21000,16.31,0.0,0.0,0.0,0.0
1999-01-10,19400,15.75,0.0,0.0,1.0,1.0
1999-01-11,27100,18.39,0.0,0.0,1.0,1.0
1999-01-13,18800,15.55,3.0,3.0,2.0,3.0
1999-01-14,24800,17.52,3.0,3.0,2.0,3.0
1999-01-17,26900,18.3,1.0,0.0,0.0,1.0
1999-01-18,27200,18.41,1.0,0.0,0.0,1.0
1999-01-26,16800,14.81,0.0,0.0,0.0,0.0
1999-01-27,16800,14.82,0.0,0.0,0.0,0.0
1999-01-28,16600,14.75,2.0,1.0,1.0,2.0
1999-01-29,20600,16.19,2.0,1.0,1.0,2.0
1999-02-01,18900,15.6,2.0,2.0,2.0,2.0
1999-02-02,19700,15.87,2.0,2.0,2.0,2.0
1999-02-05,21100,16.35,1.0,1.0,0.0,1.0
1999-02-06,20600,16.19,0.0,1.0,0.0,1.0
1999-02-08,21200,16.4,0.0,0.0,0.0,0.0
1999-02-12,16300,14.65,1.0,1.0,1.0,1.0
1999-02-13,15400,14.31,1.0,1.0,1.0,1.0
1999-02-15,14300,13.87,1.0,0.0,0.0,1.0
1999-02-16,14700,14.02,1.0,0.0,0.0,1.0
1999-02-17,14900,14.11,0.0,0.0,0.0,0.0
1999-02-18,14400,13.93,0.0,0.0,0.0,0.0
1999-02-21,12700,13.24,0.0,0.0,0.0,0.0
1999-02-22,12900,13.33,1.0,0.0,0.0,1.0
1999-02-23,16100,14.57,1.0,1.0,0.0,1.0
1999-02-24,18900,15.54,1.0,1.0,1.0,1.0
1999-03-02,22000,16.65,1.0,0.0,0.0,1.0
1999-03-03,21900,16.63,1.0,0.0,0.0,1.0
1999-03-05,19600,15.82,0.0,0.0,0.0,0.0
1999-03-12,14100,13.79,2.0,1.0,0.0,2.0
1999-03-13,15400,14.29,2.0,1.0,0.0,2.0
1999-03-20,15000,14.15,0.0,0.0,0.0,0.0
1999-03-23,18000,15.24,0.0,0.0,0.0,0.0
1999-03-25,18400,15.39,0.0,0.0,0.0,0.0
1999-04-07,10700,12.41,0.0,0.0,0.0,0.0
1999-04-22,15700,14.41,0.0,0.0,0.0,0.0
1999-04-28,17100,14.95,0.0,0.0,0.0,0.0
1999-05-01,17100,14.93,0.0,0.0,0.0,0.0
1999-05-07,19200,15.69,0.0,0.0,0.0,0.0
1999-05-10,16600,14.77,0.0,0.0,0.0,0.0
1999-05-16,12600,13.19,0.0,0.0,0.0,0.0
1999-05-25,36000,21.1,0.0,0.0,0.0,0.0
1999-05-29,27700,18.6,0.0,0.0,0.0,0.0
1999-05-30,26500,18.16,2.0,2.0,2.0,2.0
1999-05-31,26100,18.03,2.0,2.0,2.0,2.0
1999-06-04,23500,17.17,0.0,1.0,1.0,1.0
1999-06-05,27100,18.36,0.0,1.0,1.0,1.0
1999-06-06,31800,19.89,0.0,0.0,0.0,0.0
1999-06-07,28300,18.78,0.0,0.0,0.0,0.0
1999-06-12,22500,16.82,1.0,1.0,0.0,1.0
1999-06-13,26900,18.32,1.0,1.0,0.0,1.0
1999-06-14,32200,20.0,0.0,0.0,0.0,0.0
1999-06-22,28500,18.85,1.0,0.0,0.0,1.0
1999-06-23,29000,19.03,1.0,0.0,0.0,1.0
1999-06-29,24200,17.42,0.0,0.0,0.0,0.0
1999-07-04,26300,18.12,0.0,0.0,0.0,0.0
1999-07-13,33300,20.34,0.0,0.0,0.0,0.0
1999-08-05,35100,20.87,0.0,0.0,0.0,0.0
1999-08-10,26500,18.18,0.0,0.0,0.0,0.0
1999-08-11,24200,17.4,0.0,0.0,0.0,0.0
1999-08-14,20500,16.16,0.0,0.0,0.0,0.0
1999-08-24,14600,14.0,3.0,3.0,3.0,3.0
1999-08-25,14800,14.08,3.0,3.0,3.0,3.0
1999-08-26,17100,14.95,0.0,0.0,3.0,3.0
1999-09-01,13700,13.66,0.0,0.0,0.0,0.0
1999-09-04,10000,12.13,1.0,1.0,1.0,1.0
1999-09-05,9220,11.78,1.0,1.0,1.0,1.0
1999-09-17,9350,11.83,0.0,0.0,0.0,0.0
1999-09-19,7540,11.0,0.0,0.0,0.0,0.0
1999-09-23,11400,12.71,1.0,1.0,1.0,1.0
1999-09-24,11200,12.61,1.0,1.0,1.0,1.0
1999-09-25,8790,11.58,1.0,1.0,1.0,1.0
1999-10-02,8330,,0.0,0.0,0.0,0.0
1999-10-06,9750,,0.0,0.0,0.0,0.0
1999-10-07,9590,,2.0,2.0,1.0,2.0
1999-10-08,19000,,2.0,2.0,1.0,2.0
1999-10-12,12700,,2.0,2.0,2.0,2.0
1999-10-13,13700,,2.0,2.0,2.0,2.0
1999-10-19,10900,,0.0,0.0,0.0,0.0
1999-10-20,10700,,0.0,0.0,0.0,0.0
1999-10-23,10600,,1.0,1.0,1.0,1.0
1999-10-24,10800,,1.0,1.0,1.0,1.0
1999-10-25,10800,,1.0,0.0,0.0,1.0
1999-10-27,11300,,2.0,2.0,2.0,2.0
1999-10-28,12500,,2.0,2.0,2.0,2.0
1999-10-29,18600,,2.0,2.0,2.0,2.0
1999-10-30,19000,,2.0,2.0,2.0,2.0
1999-10-31,26300,,2.0,2.0,2.0,2.0
1999-11-03,14700,,1.0,1.0,1.0,1.0
1999-11-04,15800,,1.0,1.0,1.0,1.0
1999-11-05,15200,,4.0,0.0,0.0,4.0
1999-11-06,16300,,4.0,4.0,3.0,4.0
1999-11-07,22600,,4.0,4.0,3.0,4.0
1999-11-08,17800,,4.0,4.0,3.0,4.0
1999-11-09,18100,,2.0,2.0,2.0,2.0
1999-11-10,24800,,2.0,2.0,2.0,2.0
1999-11-11,23600,,3.0,3.0,2.0,3.0
1999-11-12,51900,,3.0,3.0,2.0,3.0
1999-11-13,76800,,3.0,1.0,1.0,3.0
1999-11-14,74400,,1.0,1.0,1.0,1.0
1999-11-15,55900,,2.0,2.0,2.0,2.0
1999-11-16,36600,,2.0,2.0,2.0,2.0
1999-11-18,33000,,2.0,2.0,0.0,2.0
1999-11-19,29500,,2.0,2.0,0.0,2.0
1999-11-20,29700,,2.0,2.0,0.0,2.0
1999-11-24,23400,,2.0,2.0,2.0,2.0
1999-11-25,29000,,2.0,2.0,2.0,2.0
1999-11-29,19000,,2.0,1.0,1.0,2.0
1999-11-30,22700,,2.0,1.0,1.0,2.0
1999-12-01,23600,,1.0,1.0,0.0,1.0
1999-12-02,27900,,1.0,1.0,0.0,1.0
1999-12-08,18900,,1.0,0.0,0.0,1.0
1999-12-09,19200,,1.0,0.0,0.0,1.0
1999-12-10,19100,,0.0,0.0,0.0,0.0
1999-12-13,32100,,0.0,0.0,0.0,0.0
1999-12-14,25500,,3.0,2.0,2.0,3.0
1999-12-15,30800,,3.0,2.0,2.0,3.0
1999-12-16,49000,,3.0,2.0,2.0,3.0
1999-12-17,37200,,1.0,1.0,1.0,1.0
1999-12-18,40900,,1.0,1.0,1.0,1.0
1999-12-27,18300,,0.0,0.0,0.0,0.0
1999-12-29,19500,,0.0,0.0,0.0,0.0
2000-01-03,17500,,1.0,1.0,1.0,1.0
2000-01-04,19100,,1.0,1.0,1.0,1.0
2000-01-21,14900,,0.0,0.0,0.0,0.0
2000-01-31,11000,,2.0,2.0,0.0,2.0
2000-02-01,13600,,2.0,2.0,0.0,2.0
2000-02-07,12100,,1.0,1.0,1.0,1.0
2000-02-22,11800,,1.0,1.0,0.0,1.0
2000-02-23,13100,,0.0,0.0,0.0,0.0
2000-02-28,11400,,0.0,0.0,0.0,0.0
2000-03-02,12600,,0.0,0.0,0.0,0.0
2000-03-06,12500,,0.0,0.0,0.0,0.0
2000-03-14,11100,,0.0,0.0,0.0,0.0
2000-03-23,18200,,0.0,0.0,0.0,0.0
2000-03-26,14100,,0.0,0.0,0.0,0.0
2000-04-07,13300,,0.0,0.0,0.0,0.0
2000-04-09,10600,,0.0,0.0,0.0,0.0
2000-04-17,19600,,0.0,0.0,0.0,0.0
2000-04-22,18800,,0.0,0.0,0.0,0.0
2000-04-24,17400,,0.0,0.0,0.0,0.0
2000-04-26,15300,,2.0,0.0,0.0,2.0
2000-04-27,14900,,2.0,2.0,0.0,2.0
2000-04-30,14400,,1.0,1.0,1.0,1.0
2000-05-01,15500,,1.0,1.0,1.0,1.0
2000-05-13,14500,,0.0,0.0,0.0,0.0
2000-05-18,16500,,0.0,0.0,0.0,0.0
2000-05-19,16600,,0.0,0.0,0.0,0.0
2000-05-20,18500,,2.0,2.0,2.0,2.0
2000-05-21,19600,,2.0,2.0,2.0,2.0
2000-05-22,26700,,2.0,2.0,0.0,2.0
2000-05-23,25700,,0.0,0.0,0.0,0.0
2000-05-31,20600,,0.0,0.0,0.0,0.0
2000-06-10,22000,,0.0,0.0,0.0,0.0
2000-06-11,20500,,2.0,1.0,0.0,2.0
2000-06-12,27100,,2.0,1.0,0.0,2.0
2000-06-13,36500,,3.0,3.0,2.0,3.0
2000-06-14,30100,,3.0,3.0,2.0,3.0
2000-06-15,36300,,3.0,3.0,0.0,3.0
2000-06-18,26900,,0.0,0.0,0.0,0.0
2000-07-26,19200,,3.0,3.0,3.0,3.0
2000-07-27,17300,,3.0,3.0,3.0,3.0
2000-07-28,15000,,3.0,3.0,3.0,3.0
2000-08-04,16800,,0.0,0.0,0.0,0.0
2000-08-24,10400,,0.0,0.0,0.0,0.0
2000-08-28,9590,,0.0,0.0,1.0,1.0
2000-08-29,9910,,0.0,0.0,1.0,1.0
2000-09-05,6660,,0.0,0.0,0.0,0.0
2000-09-09,11600,,0.0,2.0,2.0,2.0
2000-09-10,14000,,0.0,2.0,2.0,2.0
2000-09-14,10600,,1.0,1.0,0.0,1.0
2000-09-15,10600,,1.0,1.0,0.0,1.0
2000-09-17,8920,,3.0,3.0,3.0,3.0
2000-09-18,10600,,3.0,3.0,3.0,3.0
2000-09-19,12600,,3.0,3.0,3.0,3.0
2000-09-20,12300,,1.0,1.0,0.0,1.0
2000-09-21,11200,,0.0,0.0,0.0,0.0
2000-09-23,7340,,0.0,0.0,0.0,0.0
2000-09-27,8120,,0.0,0.0,0.0,0.0
2000-09-28,8000,,0.0,3.0,2.0,3.0
2000-09-29,8160,,3.0,3.0,2.0,3.0
2000-09-30,12100,,3.0,3.0,2.0,3.0
2000-10-01,21000,,3.0,3.0,0.0,3.0
2000-10-16,7420,,3.0,3.0,3.0,3.0
2000-10-17,10100,,3.0,3.0,3.0,3.0
2000-10-18,12500,,3.0,3.0,3.0,3.0
2000-10-19,14600,,3.0,3.0,2.0,3.0
2000-10-20,15600,,3.0,3.0,2.0,3.0
2000-10-26,12000,,0.0,0.0,0.0,0.0
2000-10-27,11500,,1.0,1.0,1.0,1.0
2000-10-28,11400,,1.0,1.0,1.0,1.0
2000-11-02,9920,,0.0,0.0,0.0,0.0
2000-11-03,9840,,0.0,0.0,1.0,1.0
2000-11-04,10400,,1.0,1.0,1.0,1.0
2000-11-05,12900,,0.0,0.0,0.0,0.0
2000-11-17,10400,,0.0,0.0,0.0,0.0
2000-11-20,10000,,0.0,0.0,0.0,0.0
2000-11-23,7780,,1.0,1.0,1.0,1.0
2000-11-24,7140,,0.0,0.0,0.0,0.0
2000-12-02,8980,,0.0,0.0,0.0,0.0
2000-12-03,8920,,0.0,0.0,0.0,0.0
2000-12-16,7940,,2.0,2.0,2.0,2.0
2000-12-24,8530,,0.0,0.0,0.0,0.0
2001-01-04,8320,,2.0,3.0,1.0,3.0
2001-01-05,15100,,2.0,3.0,1.0,3.0
2001-01-07,13200,,1.0,0.0,0.0,1.0
2001-01-08,11000,,1.0,0.0,0.0,1.0
2001-01-14,8680,,0.0,0.0,0.0,0.0
2001-01-21,9030,,0.0,0.0,0.0,0.0
2001-01-22,9370,,0.0,0.0,0.0,0.0
2001-01-23,8960,,0.0,0.0,0.0,0.0
2001-02-01,9300,,1.0,1.0,0.0,1.0
2001-02-02,9180,,1.0,1.0,0.0,1.0
2001-02-06,9710,,0.0,0.0,0.0,0.0
2001-02-12,8660,,0.0,0.0,0.0,0.0
2001-02-22,8250,,0.0,0.0,0.0,0.0
2001-02-25,7380,,0.0,0.0,0.0,0.0
2001-02-28,6200,,0.0,0.0,0.0,0.0
2001-03-01,5750,,0.0,0.0,0.0,0.0
2001-03-04,5610,,0.0,0.0,0.0,0.0
2001-03-15,6690,,0.0,0.0,0.0,0.0
2001-03-18,6960,,1.0,1.0,1.0,1.0
2001-03-19,13400,,1.0,1.0,1.0,1.0
2001-03-24,7670,,1.0,1.0,0.0,1.0
2001-03-25,8470,,1.0,1.0,0.0,1.0
2001-03-27,9230,,1.0,0.0,0.0,1.0
2001-03-28,9150,,1.0,0.0,0.0,1.0
2001-04-02,10200,,0.0,0.0,0.0,0.0
2001-04-14,6860,,0.0,0.0,0.0,0.0
2001-04-15,6430,,0.0,0.0,0.0,0.0
2001-04-16,6340,,1.0,0.0,0.0,1.0
2001-04-17,7350,,1.0,0.0,0.0,1.0
2001-04-22,7600,,0.0,0.0,0.0,0.0
2001-05-10,12200,,0.0,0.0,0.0,0.0
2001-05-11,12200,,0.0,0.0,0.0,0.0
2001-05-19,12600,,1.0,0.0,0.0,1.0
2001-05-20,12400,,1.0,1.0,0.0,1.0
2001-05-21,11300,,1.0,1.0,0.0,1.0
2001-06-11,17300,,0.0,0.0,0.0,0.0
2001-06-12,19300,,0.0,0.0,0.0,0.0
2001-06-17,13100,,0.0,0.0,0.0,0.0
2001-06-19,13100,,0.0,0.0,0.0,0.0
2001-06-23,17000,,0.0,0.0,0.0,0.0
2001-06-27,12100,,2.0,1.0,0.0,2.0
2001-06-28,15700,,2.0,1.0,0.0,2.0
2001-07-28,9340,,0.0,0.0,0.0,0.0
2001-07-29,11300,,0.0,0.0,0.0,0.0
2001-07-30,9350,,0.0,0.0,0.0,0.0
2001-08-01,9470,,2.0,2.0,1.0,2.0
2001-08-02,10100,,2.0,2.0,1.0,2.0
2001-08-03,9640,,2.0,2.0,1.0,2.0
2001-08-05,7970,,1.0,1.0,1.0,1.0
2001-08-06,8870,,1.0,1.0,1.0,1.0
2001-08-08,11000,,0.0,0.0,0.0,0.0
2001-08-13,8960,,0.0,0.0,0.0,0.0
2001-08-18,9310,,0.0,0.0,0.0,0.0
2001-08-21,9120,,2.0,2.0,2.0,2.0
2001-08-22,11500,,2.0,2.0,2.0,2.0
2001-08-27,12300,,0.0,0.0,0.0,0.0
2001-08-31,10700,,1.0,1.0,1.0,1.0
2001-09-01,10600,,1.0,1.0,1.0,1.0
2001-09-02,11000,,1.0,1.0,0.0,1.0
2001-09-03,9650,,1.0,1.0,1.0,1.0
2001-09-16,6840,,0.0,0.0,0.0,0.0
2001-09-21,6370,,1.0,1.0,1.0,1.0
2001-09-22,6030,,1.0,1.0,1.0,1.0
2001-09-25,7080,,0.0,0.0,0.0,0.0
2001-10-04,6980,10.15,0.0,0.0,0.0,0.0
2001-10-10,6510,9.91,1.0,1.0,1.0,1.0
2001-10-12,8350,10.85,3.0,3.0,3.0,3.0
2001-10-13,9720,11.51,3.0,3.0,3.0,3.0
2001-10-14,9140,11.24,2.0,1.0,1.0,2.0
2001-10-18,9940,11.62,1.0,1.0,2.0,2.0
2001-10-19,10900,12.03,1.0,1.0,2.0,2.0
2001-10-22,11400,12.24,2.0,1.0,1.0,2.0
2001-10-23,21500,16.36,2.0,0.0,0.0,2.0
2001-10-25,18600,15.29,2.0,2.0,2.0,2.0
2001-10-26,17600,14.88,2.0,2.0,2.0,2.0
2001-10-27,20400,15.95,2.0,2.0,0.0,2.0
2001-11-04,15500,14.04,0.0,1.0,1.0,1.0
2001-11-11,11300,12.23,2.0,2.0,1.0,2.0
2001-11-12,9840,11.56,2.0,2.0,1.0,2.0
2001-11-13,12600,12.82,4.0,4.0,2.0,4.0
2001-11-14,28000,18.29,4.0,4.0,3.0,4.0
2001-11-15,63800,26.96,4.0,4.0,3.0,4.0
2001-11-19,20800,15.67,4.0,4.0,3.0,4.0
2001-11-20,27800,18.15,4.0,4.0,3.0,4.0
2001-11-21,28100,18.26,4.0,4.0,0.0,4.0
2001-11-25,18300,14.78,0.0,0.0,0.0,0.0
2001-11-27,16700,14.19,0.0,0.0,0.0,0.0
2001-11-28,15900,13.88,1.0,0.0,0.0,1.0
2001-12-01,17400,14.46,1.0,1.0,0.0,1.0
2001-12-03,18500,14.86,0.0,0.0,0.0,0.0
2001-12-08,15500,13.75,1.0,1.0,0.0,1.0
2001-12-11,14800,13.48,0.0,0.0,0.0,0.0
2001-12-12,13800,13.05,0.0,0.0,1.0,1.0
2001-12-13,17800,14.58,1.0,1.0,1.0,1.0
2001-12-14,32300,19.57,1.0,1.0,1.0,1.0
2001-12-15,25600,17.38,2.0,2.0,2.0,2.0
2001-12-16,29700,18.64,2.0,2.0,2.0,2.0
2001-12-17,48400,23.75,2.0,2.0,2.0,2.0
2001-12-19,25200,17.26,0.0,0.0,0.0,0.0
2001-12-25,11000,11.9,0.0,0.0,0.0,0.0
2001-12-27,12100,12.38,1.0,1.0,1.0,1.0
2001-12-28,12000,12.33,1.0,1.0,1.0,1.0
2001-12-30,10700,11.79,0.0,0.0,0.0,0.0
2002-01-01,10300,11.59,2.0,2.0,2.0,2.0
2002-01-02,10900,11.89,2.0,2.0,2.0,2.0
2002-01-03,12200,12.4,2.0,2.0,0.0,2.0
2002-01-05,15800,13.86,1.0,1.0,0.0,1.0
2002-01-06,16000,13.94,3.0,3.0,3.0,3.0
2002-01-07,35700,20.14,3.0,3.0,3.0,3.0
2002-01-08,73700,28.6,3.0,3.0,3.0,3.0
2002-01-12,27200,17.97,1.0,1.0,0.0,1.0
2002-01-23,18600,14.89,1.0,1.0,1.0,1.0
2002-01-24,20000,15.4,1.0,1.0,1.0,1.0
2002-01-25,26100,17.59,1.0,1.0,1.0,1.0
2002-02-14,12500,12.55,0.0,0.0,0.0,0.0
2002-02-21,18000,14.65,2.0,2.0,2.0,2.0
2002-02-22,49700,23.81,2.0,2.0,2.0,2.0
2002-03-03,18900,15.02,0.0,0.0,0.0,0.0
2002-03-06,16500,14.11,0.0,0.0,0.0,0.0
2002-03-11,14800,13.45,1.0,1.0,1.0,1.0
2002-03-26,13400,12.89,0.0,0.0,0.0,0.0
2002-04-12,25500,17.36,2.0,2.0,2.0,2.0
2002-04-13,31100,19.22,2.0,2.0,2.0,2.0
2002-04-14,45400,22.99,2.0,2.0,2.0,2.0
2002-04-22,20400,15.53,0.0,0.0,0.0,0.0
2002-05-08,17500,14.5,0.0,0.0,0.0,0.0
2002-05-12,14700,13.43,0.0,0.0,0.0,0.0
2002-05-14,19500,15.24,0.0,0.0,0.0,0.0
2002-05-15,19000,15.04,0.0,0.0,0.0,0.0
2002-05-24,22400,16.28,0.0,0.0,0.0,0.0
2002-05-25,22700,16.36,0.0,0.0,0.0,0.0
2002-05-28,29200,18.61,1.0,1.0,1.0,1.0
2002-05-29,37100,20.97,1.0,1.0,1.0,1.0
2002-06-01,29100,18.57,0.0,0.0,0.0,0.0
2002-06-03,26900,17.86,0.0,0.0,0.0,0.0
2002-06-05,25800,17.49,0.0,0.0,0.0,0.0
2002-06-17,32800,19.72,0.0,0.0,0.0,0.0
2002-06-21,29000,18.56,0.0,0.0,0.0,0.0
2002-06-25,32300,19.59,0.0,1.0,1.0,1.0
2002-06-26,33400,19.92,0.0,1.0,1.0,1.0
2002-06-27,38300,21.27,3.0,0.0,0.0,3.0
2002-06-28,40700,21.92,3.0,1.0,1.0,3.0
2002-06-29,51300,24.33,3.0,1.0,1.0,3.0
2002-07-01,34600,20.27,0.0,0.0,0.0,0.0
2002-07-03,27700,18.14,0.0,0.0,0.0,0.0
2002-07-06,23500,16.68,0.0,0.0,0.0,0.0
2002-07-12,35700,20.58,0.0,0.0,0.0,0.0
2002-07-13,35800,20.62,0.0,0.0,0.0,0.0
2002-07-16,29100,18.58,0.0,0.0,0.0,0.0
2002-07-17,27300,17.99,1.0,1.0,1.0,1.0
2002-07-18,25400,17.34,1.0,1.0,1.0,1.0
2002-07-26,23200,16.55,0.0,0.0,0.0,0.0
2002-07-28,20900,15.73,3.0,3.0,3.0,3.0
2002-07-29,20800,15.7,3.0,3.0,3.0,3.0
2002-07-30,20100,15.42,3.0,3.0,3.0,3.0
2002-07-31,17900,14.62,0.0,0.0,0.0,0.0
2002-08-06,13800,13.06,0.0,0.0,0.0,0.0
2002-08-12,12100,12.37,0.0,0.0,0.0,0.0
2002-08-13,12400,12.51,0.0,0.0,0.0,0.0
2002-08-19,10700,11.78,0.0,0.0,0.0,0.0
2002-08-26,10700,11.76,0.0,0.0,0.0,0.0
2002-08-31,9350,11.19,3.0,3.0,3.0,3.0
2002-09-01,8310,10.71,3.0,3.0,3.0,3.0
2002-09-02,9370,11.2,3.0,3.0,3.0,3.0
2002-09-07,8110,10.62,0.0,0.0,0.0,0.0
2002-09-08,7050,10.11,0.0,0.0,0.0,0.0
2002-09-19,9530,11.28,0.0,1.0,1.0,1.0
2002-09-28,6870,10.01,0.0,0.0,0.0,0.0
2002-09-29,5400,9.28,0.0,0.0,0.0,0.0
2002-10-01,5120,9.14,0.0,0.0,0.0,0.0
2002-10-04,5310,9.25,2.0,2.0,1.0,2.0
2002-10-05,5050,9.11,2.0,2.0,1.0,2.0
2002-10-06,4900,9.03,2.0,0.0,0.0,2.0
2002-10-07,4860,9.0,0.0,0.0,0.0,0.0
2002-10-14,5000,9.08,0.0,0.0,0.0,0.0
2002-10-20,4540,8.81,0.0,0.0,0.0,0.0
2002-11-05,5120,9.14,4.0,3.0,3.0,4.0
2002-11-06,5230,9.2,4.0,3.0,3.0,4.0
2002-11-07,5290,9.23,4.0,3.0,3.0,4.0
2002-11-08,5440,9.31,4.0,3.0,3.0,4.0
2002-11-11,7560,10.37,3.0,3.0,0.0,3.0
2002-11-12,9200,11.12,3.0,3.0,2.0,3.0
2002-11-13,12700,12.63,3.0,3.0,2.0,3.0
2002-11-15,8650,10.88,2.0,2.0,0.0,2.0
2002-11-16,8730,10.91,2.0,2.0,1.0,2.0
2002-11-17,10800,11.83,0.0,0.0,3.0,3.0
2002-11-18,12000,12.36,3.0,3.0,3.0,3.0
2002-11-19,21100,15.76,3.0,3.0,3.0,3.0
2002-11-20,28800,18.51,3.0,3.0,3.0,3.0
2002-11-22,16400,14.08,0.0,0.0,0.0,0.0
2002-12-05,7670,10.16,0.0,0.0,0.0,0.0
2002-12-11,8190,10.43,3.0,3.0,2.0,3.0
2002-12-12,10800,11.68,3.0,3.0,2.0,3.0
2002-12-13,16000,13.91,1.0,1.0,0.0,1.0
2002-12-14,15700,13.79,2.0,2.0,1.0,2.0
2002-12-15,25700,17.54,2.0,2.0,1.0,2.0
2002-12-16,22700,16.46,1.0,1.0,0.0,1.0
2002-12-21,10100,11.33,0.0,0.0,0.0,0.0
2002-12-25,7450,10.06,2.0,2.0,1.0,2.0
2002-12-26,8290,10.48,2.0,2.0,0.0,2.0
2003-01-01,10100,11.33,3.0,4.0,0.0,4.0
2003-01-02,14400,13.23,3.0,4.0,2.0,4.0
2003-01-03,23600,16.8,3.0,4.0,2.0,4.0
2003-01-04,22400,16.35,1.0,1.0,1.0,1.0
2003-01-07,17100,14.33,0.0,0.0,0.0,0.0
2003-01-08,15100,13.53,0.0,0.0,0.0,0.0
2003-01-10,16900,14.25,0.0,0.0,0.0,0.0
2003-01-11,15900,13.85,1.0,0.0,0.0,1.0
2003-01-12,16900,14.25,1.0,0.0,0.0,1.0
2003-01-19,13500,12.86,0.0,0.0,0.0,0.0
2003-01-22,16000,13.9,2.0,2.0,2.0,2.0
2003-01-23,22200,16.29,2.0,2.0,2.0,2.0
2003-01-25,21600,16.08,2.0,1.0,1.0,2.0
2003-01-26,32200,19.33,2.0,1.0,1.0,2.0
2003-01-28,33600,20.06,0.0,0.0,0.0,0.0
2003-01-30,27200,18.09,1.0,1.0,1.0,1.0
2003-01-31,32500,19.72,1.0,1.0,1.0,1.0
2003-02-10,16500,14.11,0.0,0.0,0.0,0.0
2003-02-13,14700,13.37,0.0,0.0,0.0,0.0
2003-02-17,11500,11.98,0.0,0.0,0.0,0.0
2003-02-20,13100,12.7,0.0,0.0,0.0,0.0
2003-03-01,9770,11.19,0.0,0.0,0.0,0.0
2003-03-04,10900,11.72,0.0,0.0,0.0,0.0
2003-03-08,11600,12.04,0.0,0.0,0.0,0.0
2003-03-12,23100,16.63,4.0,4.0,3.0,4.0
2003-03-13,41000,21.88,4.0,4.0,3.0,4.0
2003-03-14,45200,23.09,4.0,4.0,3.0,4.0
2003-03-17,20900,15.79,0.0,0.0,0.0,0.0
2003-03-21,18900,15.03,1.0,1.0,1.0,1.0
2003-03-22,25000,17.28,1.0,1.0,1.0,1.0
2003-03-29,13200,12.72,1.0,1.0,1.0,1.0
2003-03-30,12100,12.24,1.0,1.0,1.0,1.0
2003-03-31,19300,15.11,1.0,1.0,1.0,1.0
2003-04-06,16200,13.97,0.0,0.0,0.0,0.0
2003-04-07,14600,13.33,2.0,2.0,2.0,2.0
2003-04-08,17200,14.39,2.0,2.0,2.0,2.0
2003-04-09,19900,15.43,2.0,2.0,2.0,2.0
2003-04-10,19800,15.39,0.0,0.0,0.0,0.0
2003-04-13,18000,14.69,0.0,0.0,0.0,0.0
2003-04-18,17100,14.33,0.0,0.0,0.0,0.0
2003-04-25,17500,14.5,0.0,0.0,0.0,0.0
2003-04-27,15700,13.78,0.0,0.0,0.0,0.0
2003-05-08,12200,12.3,0.0,0.0,0.0,0.0
2003-05-20,10800,11.69,0.0,0.0,0.0,0.0
2003-05-22,11300,11.89,3.0,1.0,1.0,3.0
2003-05-23,13800,12.97,3.0,2.0,2.0,3.0
2003-05-24,18500,14.89,3.0,2.0,2.0,3.0
2003-05-25,24700,17.2,3.0,2.0,2.0,3.0
2003-05-28,20100,15.51,0.0,0.0,0.0,0.0
2003-05-31,21500,16.04,0.0,0.0,0.0,0.0
2003-06-03,19100,15.14,0.0,0.0,0.0,0.0
2003-06-10,23500,16.79,0.0,0.0,0.0,0.0
2003-07-04,12800,12.56,0.0,0.0,0.0,0.0
2003-07-07,12000,12.21,0.0,0.0,0.0,0.0
2003-07-11,12600,12.48,0.0,0.0,0.0,0.0
2003-07-19,11200,11.86,0.0,0.0,0.0,0.0
2003-07-31,9830,11.22,0.0,0.0,0.0,0.0
2003-08-10,9400,11.01,0.0,0.0,0.0,0.0
2003-08-16,7800,10.24,0.0,0.0,0.0,0.0
2003-08-19,8220,10.45,0.0,0.0,0.0,0.0
2003-08-28,8610,,0.0,0.0,0.0,0.0
2003-09-10,7240,9.93,2.0,2.0,2.0,2.0
2003-09-11,7240,9.93,2.0,2.0,2.0,2.0
2003-09-12,7790,10.23,2.0,0.0,0.0,2.0
2003-09-18,7690,10.16,0.0,1.0,1.0,1.0
2003-09-19,8430,,0.0,1.0,1.0,1.0
2003-09-21,8690,10.67,0.0,0.0,0.0,0.0
2003-09-24,7540,10.1,0.0,0.0,0.0,0.0
2003-09-29,7510,10.09,0.0,0.0,0.0,0.0
2003-10-02,6390,9.51,0.0,0.0,0.0,0.0
2003-10-06,5790,9.19,1.0,1.0,1.0,1.0
2003-10-07,6670,9.65,1.0,1.0,1.0,1.0
2003-10-08,8290,10.49,1.0,1.0,1.0,1.0
2003-10-11,7660,10.17,0.0,1.0,0.0,1.0
2003-10-12,8510,10.56,0.0,1.0,0.0,1.0
2003-10-13,18400,14.84,0.0,1.0,0.0,1.0
2003-10-15,12100,12.24,5.0,5.0,5.0,5.0
2003-10-16,13700,12.93,5.0,5.0,5.0,5.0
2003-10-17,53300,24.53,5.0,5.0,5.0,5.0
2003-10-18,67900,27.39,5.0,5.0,5.0,5.0
2003-10-19,34800,20.16,5.0,5.0,5.0,5.0
2003-10-20,47300,23.28,5.0,4.0,4.0,5.0
2003-10-21,98000,,5.0,4.0,4.0,5.0
2003-10-22,115000,34.07,3.0,2.0,1.0,3.0
2003-10-23,78800,29.27,0.0,0.0,1.0,1.0
2003-10-27,24800,16.98,3.0,3.0,3.0,3.0
2003-10-28,24100,16.71,3.0,3.0,3.0,3.0
2003-10-29,31100,19.03,3.0,3.0,3.0,3.0
2003-11-06,12700,12.24,0.0,0.0,0.0,0.0
2003-11-10,12700,12.28,1.0,0.0,0.0,1.0
2003-11-11,18700,14.7,1.0,0.0,0.0,1.0
2003-11-16,16800,13.94,4.0,4.0,0.0,4.0
2003-11-17,24300,16.81,4.0,4.0,3.0,4.0
2003-11-18,35400,20.14,4.0,4.0,3.0,4.0
2003-11-19,64500,26.82,4.0,4.0,3.0,4.0
2003-11-27,19600,15.05,0.0,0.0,0.0,0.0
2003-11-28,20800,15.5,3.0,3.0,2.0,3.0
2003-11-29,33400,19.75,3.0,3.0,2.0,3.0
2003-12-02,20700,15.48,1.0,1.0,0.0,1.0
2003-12-03,22300,16.07,1.0,1.0,0.0,1.0
2003-12-04,19400,15.0,2.0,2.0,2.0,2.0
2003-12-05,19900,15.17,2.0,2.0,2.0,2.0
2003-12-06,23100,16.38,2.0,2.0,0.0,2.0
2003-12-15,16600,13.89,2.0,2.0,2.0,2.0
2003-12-16,15400,13.4,2.0,2.0,2.0,2.0
2003-12-19,14500,13.04,1.0,1.0,0.0,1.0
2003-12-20,13700,12.69,1.0,1.0,0.0,1.0
2003-12-23,14300,12.93,2.0,2.0,1.0,2.0
2003-12-24,13700,12.7,2.0,2.0,1.0,2.0
2003-12-26,13200,12.46,0.0,0.0,0.0,0.0
2003-12-28,12000,11.95,0.0,0.0,0.0,0.0
2003-12-29,12900,12.34,0.0,0.0,0.0,0.0
2004-01-02,10800,11.38,0.0,0.0,0.0,0.0
2004-01-07,13500,12.59,1.0,1.0,0.0,1.0
2004-01-08,17800,14.37,1.0,1.0,0.0,1.0
2004-01-09,18600,14.66,2.0,2.0,1.0,2.0
2004-01-10,18800,14.73,2.0,2.0,1.0,2.0
2004-01-13,18600,14.66,2.0,2.0,2.0,2.0
2004-01-14,19900,15.18,2.0,2.0,2.0,2.0
2004-01-15,27900,18.01,2.0,2.0,2.0,2.0
2004-01-28,18200,14.52,2.0,0.0,0.0,2.0
2004-01-29,23000,16.31,2.0,1.0,1.0,2.0
2004-01-30,34400,20.02,2.0,1.0,1.0,2.0
2004-02-02,22000,15.95,0.0,0.0,0.0,0.0
2004-02-10,16200,13.71,0.0,0.0,0.0,0.0
2004-02-16,15700,13.52,1.0,0.0,0.0,1.0
2004-02-28,12200,12.03,0.0,0.0,0.0,0.0
2004-02-29,11600,11.77,0.0,0.0,0.0,0.0
2004-03-03,12100,11.99,0.0,0.0,0.0,0.0
2004-03-04,10300,11.2,0.0,0.0,0.0,0.0
2004-03-07,10400,11.25,1.0,2.0,1.0,2.0
2004-03-08,12800,12.31,1.0,2.0,1.0,2.0
2004-03-19,13000,12.4,0.0,0.0,0.0,0.0
2004-03-21,12000,11.99,0.0,0.0,0.0,0.0
2004-03-28,14700,13.17,0.0,0.0,0.0,0.0
2004-03-29,13800,12.81,0.0,0.0,0.0,0.0
2004-04-13,17300,14.29,0.0,0.0,0.0,0.0
2004-04-18,11400,11.86,0.0,0.0,0.0,0.0
2004-04-21,13000,12.56,0.0,0.0,0.0,0.0
2004-04-25,12800,12.5,0.0,0.0,0.0,0.0
2004-04-28,16100,13.9,0.0,0.0,0.0,0.0
2004-05-01,13200,12.67,0.0,0.0,0.0,0.0
2004-05-03,16600,14.09,0.0,0.0,0.0,0.0
2004-05-06,14000,13.04,0.0,0.0,0.0,0.0
2004-05-09,13200,12.74,0.0,0.0,0.0,0.0
2004-05-16,11600,12.02,0.0,0.0,0.0,0.0
2004-05-22,15500,13.7,0.0,0.0,0.0,0.0
2004-05-25,13100,12.71,2.0,2.0,2.0,2.0
2004-05-26,13700,12.94,2.0,2.0,2.0,2.0
2004-06-09,18200,14.8,0.0,0.0,0.0,0.0
2004-06-15,18300,14.82,0.0,0.0,0.0,0.0
2004-06-26,25600,17.52,0.0,0.0,0.0,0.0
2004-06-27,22700,16.47,0.0,0.0,0.0,0.0
2004-07-05,13700,12.93,0.0,0.0,1.0,1.0
2004-07-06,14600,13.31,1.0,1.0,1.0,1.0
2004-07-18,13700,12.94,1.0,1.0,1.0,1.0
2004-07-19,13700,12.93,1.0,1.0,1.0,1.0
2004-07-21,12400,12.39,0.0,0.0,0.0,0.0
2004-07-29,11100,11.82,0.0,0.0,0.0,0.0
2004-08-03,9550,11.08,0.0,0.0,0.0,0.0
2004-08-06,9340,10.98,1.0,0.0,0.0,1.0
2004-08-11,11600,12.03,0.0,0.0,0.0,0.0
2004-08-19,9760,11.19,0.0,0.0,0.0,0.0
2004-08-21,9750,11.17,1.0,0.0,0.0,1.0
2004-08-22,11000,11.76,1.0,0.0,0.0,1.0
2004-08-24,9680,11.14,1.0,1.0,0.0,1.0
2004-08-25,21500,16.01,1.0,1.0,0.0,1.0
2004-08-26,29200,18.72,1.0,1.0,0.0,1.0
2004-08-28,12600,12.46,0.0,0.0,1.0,1.0
2004-08-29,12900,12.59,0.0,0.0,1.0,1.0
2004-08-30,11500,11.98,0.0,0.0,1.0,1.0
2004-09-01,12300,12.34,0.0,0.0,0.0,0.0
2004-09-02,15400,13.65,0.0,0.0,0.0,0.0
2004-09-03,16000,13.91,0.0,0.0,0.0,0.0
2004-09-08,11400,11.93,0.0,0.0,0.0,0.0
2004-09-10,13500,,3.0,3.0,2.0,3.0
2004-09-11,21000,,3.0,3.0,2.0,3.0
2004-09-16,27500,,0.0,0.0,0.0,0.0
2004-10-05,9500,11.07,1.0,1.0,1.0,1.0
2004-10-06,8770,10.72,1.0,1.0,1.0,1.0
2004-10-07,8980,10.82,3.0,3.0,3.0,3.0
2004-10-08,8710,10.69,3.0,3.0,3.0,3.0
2004-10-09,12100,12.21,3.0,3.0,3.0,3.0
2004-10-11,11200,11.87,1.0,1.0,1.0,1.0
2004-10-12,9910,11.26,1.0,1.0,1.0,1.0
2004-10-13,9070,10.87,1.0,1.0,1.0,1.0
2004-10-15,8480,10.58,1.0,0.0,0.0,1.0
2004-10-16,10700,11.6,1.0,0.0,0.0,1.0
2004-10-26,12500,12.41,0.0,0.0,0.0,0.0
2004-10-28,9340,11.0,0.0,0.0,0.0,0.0
2004-10-29,10700,11.62,1.0,1.0,1.0,1.0
2004-10-30,11600,12.04,1.0,1.0,1.0,1.0
2004-11-01,15700,13.76,2.0,2.0,1.0,2.0
2004-11-02,30900,18.98,2.0,2.0,1.0,2.0
2004-11-05,21800,16.15,0.0,0.0,3.0,3.0
2004-11-06,19800,15.38,1.0,2.0,3.0,3.0
2004-11-07,22700,16.46,1.0,2.0,3.0,3.0
2004-11-08,23700,16.82,0.0,2.0,3.0,3.0
2004-11-14,16400,14.07,3.0,3.0,3.0,3.0
2004-11-15,17000,14.32,3.0,3.0,3.0,3.0
2004-11-23,15500,13.69,2.0,2.0,2.0,2.0
2004-11-24,23600,16.72,2.0,2.0,2.0,2.0
2004-11-25,51100,24.42,2.0,2.0,2.0,2.0
2004-11-30,18800,15.02,0.0,0.0,0.0,0.0
2004-12-03,16300,14.01,0.0,1.0,1.0,1.0
2004-12-04,17300,14.42,0.0,1.0,1.0,1.0
2004-12-09,19500,15.28,3.0,3.0,2.0,3.0
2004-12-10,29400,18.49,3.0,3.0,2.0,3.0
2004-12-11,66800,27.48,3.0,3.0,2.0,3.0
2004-12-12,52700,24.63,0.0,0.0,0.0,0.0
2004-12-13,30800,19.26,2.0,2.0,1.0,2.0
2004-12-14,29700,18.92,2.0,2.0,1.0,2.0
2004-12-22,20000,15.49,0.0,0.0,0.0,0.0
2004-12-26,20600,15.69,0.0,0.0,0.0,0.0
2004-12-29,18100,14.74,0.0,0.0,0.0,0.0
2005-01-06,14400,13.23,0.0,0.0,0.0,0.0
2005-01-09,12900,12.61,0.0,0.0,0.0,0.0
2005-01-11,13800,12.99,0.0,0.0,0.0,0.0
2005-01-13,12200,12.29,0.0,0.0,0.0,0.0
2005-01-14,11700,12.05,0.0,0.0,0.0,0.0
2005-01-17,16400,14.04,4.0,4.0,4.0,4.0
2005-01-18,44500,22.95,4.0,4.0,4.0,4.0
2005-01-19,62700,26.96,4.0,4.0,4.0,4.0
2005-01-20,58500,26.15,4.0,4.0,4.0,4.0
2005-01-21,51300,24.65,0.0,0.0,0.0,0.0
2005-01-22,38600,21.51,3.0,3.0,3.0,3.0
2005-01-23,41400,22.24,3.0,3.0,3.0,3.0
2005-01-24,34100,20.28,3.0,3.0,3.0,3.0
2005-02-04,18400,14.98,0.0,0.0,0.0,0.0
2005-02-14,13200,13.14,0.0,0.0,0.0,0.0
2005-02-15,12600,12.91,0.0,0.0,0.0,0.0
2005-03-16,7030,10.59,0.0,0.0,0.0,0.0
2005-03-19,7050,10.6,1.0,0.0,0.0,1.0
2005-03-20,9440,11.66,1.0,0.0,0.0,1.0
2005-03-26,8000,11.01,1.0,1.0,1.0,1.0
2005-03-31,13600,13.25,1.0,2.0,0.0,2.0
2005-04-01,16500,14.42,1.0,2.0,0.0,2.0
2005-04-05,14700,13.71,1.0,1.0,1.0,1.0
2005-04-06,13800,13.33,1.0,1.0,1.0,1.0
2005-04-15,13000,,2.0,1.0,0.0,2.0
2005-04-16,17500,,2.0,1.0,0.0,2.0
2005-04-28,19600,15.67,0.0,0.0,0.0,0.0
2005-04-29,17700,14.92,0.0,0.0,0.0,0.0
2005-05-03,14800,13.73,0.0,0.0,0.0,0.0
2005-05-06,14100,13.44,0.0,0.0,0.0,0.0
2005-05-07,13100,13.01,0.0,0.0,0.0,0.0
2005-05-17,17900,15.01,1.0,0.0,0.0,1.0
2005-05-18,15900,14.21,1.0,0.0,0.0,1.0
2005-05-22,15400,13.98,0.0,0.0,0.0,0.0
2005-05-26,12400,12.74,0.0,0.0,0.0,0.0
2005-05-28,13300,13.13,0.0,0.0,0.0,0.0
2005-05-30,16100,14.29,0.0,0.0,0.0,0.0
2005-06-14,12400,12.71,0.0,0.0,0.0,0.0
2005-06-15,11400,12.28,0.0,0.0,0.0,0.0
2005-06-19,11100,12.16,0.0,0.0,0.0,0.0
2005-06-20,11600,12.37,0.0,0.0,0.0,0.0
2005-06-23,12100,12.6,0.0,0.0,0.0,0.0
2005-07-05,10500,11.89,1.0,2.0,2.0,2.0
2005-07-06,11900,12.48,1.0,2.0,2.0,2.0
2005-07-07,13300,13.09,1.0,1.0,1.0,1.0
2005-07-08,12000,12.56,1.0,1.0,1.0,1.0
2005-07-18,10400,11.84,0.0,0.0,0.0,0.0
2005-07-23,9360,11.35,0.0,0.0,0.0,0.0
2005-07-25,7870,10.62,0.0,0.0,0.0,0.0
2005-07-26,7590,10.48,0.0,0.0,0.0,0.0
2005-07-30,7890,10.63,0.0,1.0,2.0,2.0
2005-07-31,9390,11.36,0.0,1.0,2.0,2.0
2005-08-01,9970,11.63,0.0,1.0,2.0,2.0
2005-08-12,7900,10.62,0.0,0.0,0.0,0.0
2005-08-16,7710,10.52,0.0,0.0,0.0,0.0
2005-08-17,7680,10.51,1.0,0.0,0.0,1.0
2005-08-19,8180,10.76,0.0,0.0,0.0,0.0
2005-08-25,7010,10.16,0.0,0.0,0.0,0.0
2005-08-27,6710,10.01,0.0,1.0,0.0,1.0
2005-08-28,5480,9.36,0.0,1.0,0.0,1.0
2005-09-04,6490,9.9,0.0,0.0,0.0,0.0
2005-09-07,8300,10.83,0.0,0.0,0.0,0.0
2005-09-09,9680,11.49,0.0,0.0,0.0,0.0
2005-09-15,7770,10.55,0.0,0.0,0.0,0.0
2005-09-20,5820,9.54,0.0,0.0,0.0,0.0
2005-09-23,5640,9.44,0.0,0.0,0.0,0.0
2005-09-28,5460,9.35,4.0,3.0,3.0,4.0
2005-09-29,5750,9.5,4.0,3.0,3.0,4.0
2005-09-30,17500,14.69,4.0,3.0,3.0,4.0
2005-10-09,8900,11.12,0.0,0.0,1.0,1.0
2005-10-10,7900,10.63,1.0,1.0,1.0,1.0
2005-10-12,8450,10.9,1.0,1.0,1.0,1.0
2005-10-13,8310,10.83,1.0,1.0,1.0,1.0
2005-10-14,8950,11.15,3.0,3.0,2.0,3.0
2005-10-15,8390,10.87,3.0,3.0,2.0,3.0
2005-10-16,8780,11.06,2.0,3.0,3.0,3.0
2005-10-17,15600,14.05,2.0,3.0,3.0,3.0
2005-10-18,20700,16.09,0.0,3.0,3.0,3.0
2005-10-25,12600,12.81,1.0,1.0,1.0,1.0
2005-10-26,12300,12.68,1.0,1.0,1.0,1.0
2005-10-30,14200,13.51,3.0,3.0,1.0,3.0
2005-10-31,17300,14.77,3.0,3.0,1.0,3.0
2005-11-01,21500,16.39,3.0,3.0,0.0,3.0
2005-11-05,21200,16.27,0.0,0.0,0.0,0.0
2005-11-09,17600,14.86,0.0,2.0,2.0,2.0
2005-11-10,18600,15.28,1.0,2.0,2.0,2.0
2005-11-15,17900,14.97,0.0,0.0,0.0,0.0
2005-11-16,16000,14.25,0.0,0.0,0.0,0.0
2005-11-24,16100,14.28,1.0,1.0,0.0,1.0
2005-11-30,12600,12.78,0.0,0.0,0.0,0.0
2005-12-11,10100,11.7,0.0,0.0,0.0,0.0
2005-12-12,10600,11.93,0.0,0.0,0.0,0.0
2005-12-16,11600,12.35,0.0,0.0,0.0,0.0
2005-12-20,10100,11.69,4.0,4.0,3.0,4.0
2005-12-21,16400,14.39,4.0,4.0,3.0,4.0
2005-12-22,23100,16.98,4.0,4.0,3.0,4.0
2005-12-23,28700,18.8,4.0,4.0,3.0,4.0
2005-12-24,31000,19.39,3.0,3.0,3.0,3.0
2005-12-25,43900,22.79,3.0,3.0,3.0,3.0
2005-12-27,31700,19.65,1.0,1.0,0.0,1.0
2005-12-28,27600,18.47,1.0,0.0,0.0,1.0
2006-01-04,17700,15.24,2.0,2.0,0.0,2.0
2006-01-05,18900,15.65,2.0,2.0,2.0,2.0
2006-01-06,31000,19.44,1.0,0.0,0.0,1.0
2006-01-08,33300,20.06,0.0,0.0,0.0,0.0
2006-01-12,49300,23.82,1.0,1.0,1.0,1.0
2006-01-13,39900,21.79,1.0,1.0,1.0,1.0
2006-01-16,27200,18.36,1.0,1.0,1.0,1.0
2006-01-17,34200,20.31,1.0,1.0,1.0,1.0
2006-01-23,20900,16.35,0.0,0.0,0.0,0.0
2006-01-28,19900,16.02,1.0,0.0,0.0,1.0
2006-01-29,20200,16.11,1.0,1.0,0.0,1.0
2006-01-30,30200,19.16,1.0,1.0,0.0,1.0
2006-01-31,31500,19.57,1.0,1.0,0.0,1.0
2006-02-01,27700,18.51,1.0,1.0,0.0,1.0
2006-02-03,27100,18.34,3.0,2.0,1.0,3.0
2006-02-04,28100,18.61,3.0,2.0,1.0,3.0
2006-02-16,17000,14.98,0.0,0.0,0.0,0.0
2006-02-17,16700,14.85,0.0,0.0,0.0,0.0
2006-02-20,14800,14.14,0.0,0.0,0.0,0.0
2006-02-25,16300,14.73,0.0,0.0,0.0,0.0
2006-02-26,13600,13.65,1.0,1.0,0.0,1.0
2006-02-27,14200,13.9,1.0,1.0,0.0,1.0
2006-03-02,15200,14.3,0.0,0.0,0.0,0.0
2006-03-08,14700,14.09,1.0,0.0,0.0,1.0
2006-03-10,15500,14.41,0.0,0.0,0.0,0.0
2006-03-13,12700,13.32,0.0,0.0,0.0,0.0
2006-03-15,12300,13.14,0.0,0.0,0.0,0.0
2006-03-22,10800,12.52,2.0,0.0,0.0,2.0
2006-03-23,9880,12.11,2.0,2.0,1.0,2.0
2006-03-24,11000,12.62,2.0,2.0,1.0,2.0
2006-04-04,8890,11.66,0.0,0.0,0.0,0.0
2006-04-12,9600,11.99,0.0,0.0,0.0,0.0
2006-05-08,16000,14.62,0.0,0.0,0.0,0.0
2006-05-09,15300,14.34,0.0,0.0,0.0,0.0
2006-05-16,21600,16.55,0.0,0.0,0.0,0.0
2006-05-20,33600,20.17,0.0,0.0,0.0,0.0
2006-05-22,26300,18.21,0.0,0.0,0.0,0.0
2006-05-23,26800,18.4,1.0,1.0,0.0,1.0
2006-05-24,24100,17.62,1.0,1.0,0.0,1.0
2006-05-31,18200,15.96,2.0,1.0,0.0,2.0
2006-06-01,20100,16.61,2.0,1.0,0.0,2.0
2006-06-02,26100,18.39,2.0,1.0,0.0,2.0
2006-06-14,27300,18.72,0.0,0.0,0.0,0.0
2006-06-25,15800,15.07,0.0,0.0,0.0,0.0
2006-07-02,19200,16.32,0.0,0.0,0.0,0.0
2006-07-03,18800,16.19,0.0,0.0,0.0,0.0
2006-07-09,17600,15.77,0.0,0.0,0.0,0.0
2006-07-11,18000,15.88,0.0,0.0,0.0,0.0
2006-07-17,12000,13.6,0.0,0.0,0.0,0.0
2006-07-22,12600,13.86,0.0,0.0,0.0,0.0
2006-07-26,11900,13.52,0.0,0.0,0.0,0.0
2006-08-01,8640,12.09,0.0,0.0,0.0,0.0
2006-08-03,8240,11.9,0.0,0.0,0.0,0.0
2006-08-14,7670,11.63,0.0,0.0,0.0,0.0
2006-08-18,7720,11.65,0.0,0.0,0.0,0.0
2006-08-24,8420,12.0,0.0,0.0,0.0,0.0
2006-08-28,8410,12.0,0.0,0.0,0.0,0.0
2006-09-01,5950,10.73,0.0,0.0,0.0,0.0
2006-09-13,7650,11.62,0.0,0.0,0.0,0.0
2006-09-15,6810,11.17,0.0,0.0,0.0,0.0
2006-09-17,5650,10.58,1.0,1.0,1.0,1.0
2006-09-18,5510,10.5,1.0,1.0,1.0,1.0
2006-09-19,6510,11.05,0.0,0.0,0.0,0.0
2006-09-20,6550,11.07,1.0,1.0,0.0,1.0
2006-09-21,7420,11.51,1.0,0.0,0.0,1.0
2006-09-25,5440,10.47,0.0,0.0,0.0,0.0
2006-09-29,5240,10.35,0.0,0.0,0.0,0.0
2006-10-14,3600,9.35,0.0,0.0,0.0,0.0
2006-10-18,3930,9.57,1.0,1.0,0.0,1.0
2006-10-19,3920,9.56,1.0,1.0,0.0,1.0
2006-10-20,4600,9.97,0.0,0.0,0.0,0.0
2006-10-25,5030,10.22,0.0,0.0,0.0,0.0
2006-10-26,4280,9.79,0.0,1.0,1.0,1.0
2006-10-27,6130,10.82,0.0,1.0,1.0,1.0
2006-11-02,7080,11.33,4.0,4.0,3.0,4.0
2006-11-03,11600,13.35,4.0,4.0,3.0,4.0
2006-11-04,38100,21.24,4.0,4.0,3.0,4.0
2006-11-05,52500,23.94,5.0,4.0,4.0,5.0
2006-11-06,60200,24.96,5.0,4.0,4.0,5.0
2006-11-07,116000,31.76,5.0,4.0,4.0,5.0
2006-11-10,49500,23.38,1.0,0.0,0.0,1.0
2006-11-15,28300,19.18,4.0,4.0,3.0,4.0
2006-11-16,54000,24.07,4.0,4.0,3.0,4.0
2006-11-17,41200,21.92,0.0,0.0,0.0,0.0
2006-11-19,25500,18.48,2.0,2.0,2.0,2.0
2006-11-27,20800,17.19,0.0,0.0,0.0,0.0
2006-11-30,12300,14.2,1.0,0.0,0.0,1.0
2006-12-05,11200,13.76,0.0,0.0,0.0,0.0
2006-12-11,14600,15.12,2.0,2.0,1.0,2.0
2006-12-12,25100,18.38,2.0,2.0,1.0,2.0
2006-12-13,23900,18.05,2.0,1.0,1.0,2.0
2006-12-14,26300,18.67,2.0,1.0,1.0,2.0
2006-12-15,34000,20.48,2.0,1.0,1.0,2.0
2006-12-20,13200,14.56,1.0,1.0,1.0,1.0
2006-12-21,14800,15.17,1.0,1.0,1.0,1.0
2006-12-22,16900,15.93,0.0,0.0,0.0,0.0
2006-12-24,14300,15.01,2.0,2.0,1.0,2.0
2006-12-25,17000,15.98,2.0,2.0,1.0,2.0
2006-12-26,14800,15.19,0.0,0.0,0.0,0.0
2007-01-01,12600,14.33,3.0,3.0,2.0,3.0
2007-01-02,23700,17.64,3.0,3.0,2.0,3.0
2007-01-03,49900,23.51,3.0,3.0,0.0,3.0
2007-01-05,25800,18.55,1.0,1.0,0.0,1.0
2007-01-06,25200,18.39,1.0,1.0,0.0,1.0
2007-01-07,24700,18.27,2.0,1.0,1.0,2.0
2007-01-08,28900,19.32,2.0,2.0,2.0,2.0
2007-01-09,24100,18.1,1.0,2.0,2.0,2.0
2007-01-11,19700,16.79,0.0,0.0,0.0,0.0
2007-01-22,13800,14.83,1.0,1.0,0.0,1.0
2007-01-23,17900,16.24,1.0,1.0,0.0,1.0
2007-01-25,14100,14.92,0.0,0.0,0.0,0.0
2007-02-01,13800,14.82,0.0,0.0,0.0,0.0
2007-02-11,12200,14.17,0.0,0.0,0.0,0.0
2007-02-15,18800,16.56,1.0,0.0,0.0,1.0
2007-02-16,23900,18.07,0.0,0.0,0.0,0.0
2007-02-20,25600,18.5,0.0,0.0,0.0,0.0
2007-02-21,24400,18.19,0.0,0.0,0.0,0.0
2007-02-25,17700,16.2,0.0,0.0,0.0,0.0
2007-02-27,16400,15.78,0.0,0.0,0.0,0.0
2007-03-05,14200,14.96,0.0,0.0,0.0,0.0
2007-03-09,19800,16.87,0.0,0.0,0.0,0.0
2007-03-10,19900,16.91,3.0,3.0,3.0,3.0
2007-03-11,27300,18.88,3.0,3.0,3.0,3.0
2007-03-12,60000,24.99,3.0,3.0,3.0,3.0
2007-03-13,61100,25.19,0.0,0.0,0.0,0.0
2007-03-14,36700,21.05,0.0,0.0,0.0,0.0
2007-03-15,28400,19.2,1.0,1.0,0.0,1.0
2007-03-16,25800,18.56,1.0,1.0,1.0,1.0
2007-03-23,26100,18.64,1.0,1.0,1.0,1.0
2007-03-24,42600,22.02,1.0,1.0,1.0,1.0
2007-03-25,74200,27.1,1.0,0.0,0.0,1.0
2007-04-08,20200,17.01,0.0,0.0,0.0,0.0
2007-04-13,15200,15.34,0.0,1.0,0.0,1.0
2007-04-14,16100,15.67,0.0,1.0,0.0,1.0
2007-04-16,15800,15.55,0.0,0.0,0.0,0.0
2007-04-20,13300,14.65,0.0,0.0,0.0,0.0
2007-04-27,20000,16.95,1.0,0.0,0.0,1.0
2007-04-28,28400,19.16,1.0,0.0,0.0,1.0
2007-04-29,28900,19.32,0.0,0.0,0.0,0.0
2007-05-02,19600,16.81,0.0,0.0,0.0,0.0
2007-05-09,19700,16.85,0.0,0.0,0.0,0.0
2007-05-16,21800,17.45,0.0,0.0,0.0,0.0
2007-05-20,17300,16.08,0.0,0.0,0.0,0.0
2007-05-23,14200,14.99,0.0,0.0,0.0,0.0
2007-05-26,17300,16.09,0.0,0.0,0.0,0.0
2007-05-29,16400,15.78,0.0,0.0,0.0,0.0
2007-06-03,35500,20.79,2.0,2.0,1.0,2.0
2007-06-04,42400,22.18,2.0,2.0,1.0,2.0
2007-06-05,41200,21.95,2.0,2.0,1.0,2.0
2007-06-09,22700,17.71,0.0,0.0,0.0,0.0
2007-06-16,22000,17.5,0.0,0.0,0.0,0.0
2007-06-19,22400,17.63,0.0,0.0,0.0,0.0
2007-06-28,18500,16.45,0.0,0.0,0.0,0.0
2007-07-02,22300,17.61,1.0,0.0,0.0,1.0
2007-07-03,22200,17.57,1.0,0.0,0.0,1.0
2007-07-11,24700,18.27,0.0,0.0,0.0,0.0
2007-07-14,29000,19.35,1.0,1.0,0.0,1.0
2007-07-15,26900,18.85,1.0,1.0,0.0,1.0
2007-07-20,20000,16.94,5.0,4.0,4.0,5.0
2007-07-21,20000,16.93,5.0,4.0,4.0,5.0
2007-07-22,22400,17.62,5.0,4.0,4.0,5.0
2007-07-23,24300,18.16,5.0,4.0,4.0,5.0
2007-07-24,23100,17.86,0.0,0.0,0.0,0.0
2007-08-08,10500,13.79,0.0,0.0,0.0,0.0
2007-08-10,9620,13.38,0.0,0.0,0.0,0.0
2007-09-02,7000,12.1,2.0,1.0,0.0,2.0
2007-09-03,6730,11.94,2.0,1.0,0.0,2.0
2007-09-06,7050,12.12,0.0,0.0,0.0,0.0
2007-09-20,5720,11.35,0.0,1.0,1.0,1.0
2007-09-29,6200,11.65,2.0,2.0,2.0,2.0
2007-09-30,6470,11.79,2.0,2.0,2.0,2.0
2007-10-02,12800,14.55,1.0,0.0,0.0,1.0
2007-10-06,13600,14.75,1.0,2.0,2.0,2.0
2007-10-07,13400,14.68,1.0,2.0,2.0,2.0
2007-10-09,18700,16.52,3.0,2.0,2.0,3.0
2007-10-10,15800,15.56,3.0,2.0,2.0,3.0
2007-10-13,13700,14.8,0.0,0.0,0.0,0.0
2007-10-17,12300,14.24,0.0,0.0,0.0,0.0
2007-10-19,15800,15.55,0.0,0.0,0.0,0.0
2007-10-21,14100,14.92,2.0,2.0,2.0,2.0
2007-10-22,15900,15.58,2.0,2.0,2.0,2.0
2007-10-23,18200,16.37,1.0,1.0,2.0,2.0
2007-10-24,17900,16.28,1.0,1.0,1.0,1.0
2007-10-29,16800,15.91,0.0,0.0,0.0,0.0
2007-10-30,16300,15.73,0.0,0.0,0.0,0.0
2007-11-03,9140,12.79,0.0,0.0,1.0,1.0
2007-11-04,9670,13.05,0.0,0.0,1.0,1.0
2007-11-06,9860,13.14,1.0,1.0,1.0,1.0
2007-11-07,9130,12.78,1.0,1.0,1.0,1.0
2007-11-08,9010,12.71,2.0,2.0,1.0,2.0
2007-11-09,9820,13.11,2.0,2.0,1.0,2.0
2007-11-11,16200,15.69,3.0,3.0,2.0,3.0
2007-11-12,14200,14.96,3.0,3.0,2.0,3.0
2007-11-14,14300,15.03,2.0,2.0,2.0,2.0
2007-11-15,14400,15.04,2.0,2.0,2.0,2.0
2007-11-16,28700,19.21,2.0,2.0,2.0,2.0
2007-11-21,15500,15.45,0.0,0.0,0.0,0.0
2007-11-28,9560,12.99,0.0,0.0,0.0,0.0
2007-12-02,12200,14.18,5.0,5.0,4.0,5.0
2007-12-03,23900,17.55,5.0,5.0,4.0,5.0
2007-12-04,71300,26.68,5.0,5.0,4.0,5.0
2007-12-08,22700,17.71,0.0,0.0,0.0,0.0
2007-12-11,16700,15.88,0.0,0.0,0.0,0.0
2007-12-16,14100,14.93,0.0,0.0,0.0,0.0
2007-12-23,13500,14.72,1.0,1.0,0.0,1.0
2007-12-24,17800,16.25,1.0,1.0,0.0,1.0
2008-01-03,11500,13.86,1.0,1.0,0.0,1.0
2008-01-04,14100,14.95,2.0,1.0,0.0,2.0
2008-01-05,15800,15.56,2.0,1.0,0.0,2.0
2008-01-14,18000,16.3,0.0,1.0,0.0,1.0
2008-02-08,16600,15.83,1.0,1.0,1.0,1.0
2008-02-09,16300,15.71,1.0,1.0,1.0,1.0
2008-02-17,15200,15.34,0.0,0.0,0.0,0.0
2008-02-18,15200,15.34,0.0,0.0,0.0,0.0
2008-02-19,14800,15.2,0.0,0.0,0.0,0.0
2008-03-07,14000,14.87,0.0,0.0,0.0,0.0
2008-03-10,13400,14.66,1.0,1.0,0.0,1.0
2008-03-11,18300,16.37,1.0,1.0,0.0,1.0
2008-03-26,12300,14.23,0.0,0.0,0.0,0.0
2008-03-29,10000,13.21,0.0,0.0,0.0,0.0
2008-04-03,9120,12.77,0.0,0.0,0.0,0.0
2008-04-05,8160,12.27,0.0,0.0,0.0,0.0
2008-04-09,8380,12.4,0.0,0.0,0.0,0.0
2008-04-13,8980,12.7,0.0,0.0,0.0,0.0
2008-04-15,11100,13.7,0.0,0.0,0.0,0.0
2008-04-28,9420,12.92,0.0,0.0,0.0,0.0
2008-05-02,10200,13.29,0.0,0.0,0.0,0.0
2008-05-03,9510,12.97,0.0,0.0,0.0,0.0
2008-05-06,13200,14.59,0.0,0.0,0.0,0.0
2008-05-12,13600,14.74,0.0,0.0,0.0,0.0
2008-05-13,15900,15.61,2.0,2.0,2.0,2.0
2008-05-14,14100,14.91,2.0,2.0,2.0,2.0
2008-05-18,60400,25.17,1.0,0.0,0.0,1.0
2008-05-19,59100,24.98,1.0,1.0,1.0,1.0
2008-05-20,56200,24.53,1.0,1.0,1.0,1.0
2008-06-03,25700,18.62,0.0,0.0,0.0,0.0
2008-06-11,20900,17.41,0.0,0.0,0.0,0.0
2008-06-15,23000,17.95,0.0,0.0,0.0,0.0
2008-06-23,28900,19.35,0.0,0.0,0.0,0.0
2008-07-12,23500,18.08,0.0,0.0,0.0,0.0
2008-07-15,21000,17.44,0.0,0.0,0.0,0.0
2008-07-18,17300,16.36,0.0,0.0,0.0,0.0
2008-07-27,14500,15.48,0.0,0.0,0.0,0.0
2008-07-31,13300,15.05,1.0,0.0,0.0,1.0
2008-08-01,13300,15.05,1.0,0.0,0.0,1.0
2008-08-03,11900,14.54,0.0,0.0,0.0,0.0
2008-08-10,11700,14.45,0.0,0.0,0.0,0.0
2008-08-16,13000,14.94,0.0,0.0,0.0,0.0
2008-08-19,11500,14.4,1.0,1.0,1.0,1.0
2008-08-20,13100,14.97,1.0,1.0,1.0,1.0
2008-08-23,15400,15.78,0.0,3.0,3.0,3.0
2008-08-24,14000,15.33,2.0,3.0,3.0,3.0
2008-08-26,14600,15.5,3.0,3.0,3.0,3.0
2008-08-27,14800,15.58,3.0,3.0,3.0,3.0
2008-08-28,16100,16.03,3.0,3.0,3.0,3.0
2008-08-29,16000,15.98,3.0,3.0,3.0,3.0
2008-09-01,13700,15.21,0.0,0.0,0.0,0.0
2008-09-05,11300,14.32,1.0,0.0,0.0,1.0
2008-09-06,9750,13.64,1.0,0.0,0.0,1.0
2008-09-10,9290,13.46,0.0,0.0,0.0,0.0
2008-09-11,9120,13.38,0.0,0.0,0.0,0.0
2008-09-14,8910,13.29,0.0,0.0,0.0,0.0
2008-09-18,6530,12.06,0.0,0.0,0.0,0.0
2008-09-20,6670,12.15,0.0,0.0,0.0,0.0
2008-10-01,6270,11.92,2.0,0.0,0.0,2.0
2008-10-02,6220,11.89,2.0,2.0,2.0,2.0
2008-10-03,6450,12.02,2.0,2.0,2.0,2.0
2008-10-04,6580,12.1,2.0,1.0,0.0,2.0
2008-10-06,8490,13.09,1.0,1.0,1.0,1.0
2008-10-07,11200,14.22,1.0,1.0,1.0,1.0
2008-10-09,9360,13.49,0.0,0.0,0.0,0.0
2008-10-11,7540,12.62,0.0,0.0,0.0,0.0
2008-10-12,8270,12.98,0.0,0.0,0.0,0.0
2008-10-16,8160,12.93,0.0,1.0,2.0,2.0
2008-10-17,9450,13.54,0.0,1.0,2.0,2.0
2008-10-23,7380,12.54,0.0,0.0,0.0,0.0
2008-10-24,7170,12.43,2.0,1.0,1.0,2.0
2008-10-25,6920,12.29,2.0,1.0,1.0,2.0
2008-10-30,8450,13.07,2.0,1.0,1.0,2.0
2008-10-31,8170,12.94,2.0,1.0,1.0,2.0
2008-11-01,7660,12.68,2.0,2.0,2.0,2.0
2008-11-02,8170,12.94,2.0,2.0,2.0,2.0
2008-11-06,13100,14.97,4.0,2.0,1.0,4.0
2008-11-07,39100,21.33,4.0,2.0,2.0,4.0
2008-11-08,52100,24.61,4.0,2.0,2.0,4.0
2008-11-09,29500,20.84,4.0,2.0,0.0,4.0
2008-11-11,23900,19.46,4.0,3.0,3.0,4.0
2008-11-12,41900,23.21,4.0,3.0,3.0,4.0
2008-11-13,60000,26.49,4.0,3.0,3.0,4.0
2008-11-15,25800,19.94,0.0,0.0,0.0,0.0
2008-11-16,21200,18.69,0.0,0.0,0.0,0.0
2008-11-27,9270,14.24,0.0,0.0,0.0,0.0
2008-11-28,9100,14.16,1.0,1.0,1.0,1.0
2008-11-29,10900,15.0,1.0,1.0,1.0,1.0
2008-11-30,13200,15.97,1.0,1.0,1.0,1.0
2008-12-07,11200,15.15,0.0,0.0,0.0,0.0
2008-12-09,11100,15.12,0.0,0.0,0.0,0.0
2008-12-14,7000,,0.0,0.0,0.0,0.0
2008-12-22,7000,13.01,0.0,0.0,0.0,0.0
2008-12-24,7680,13.4,0.0,0.0,0.0,0.0
2008-12-31,6840,12.92,0.0,0.0,0.0,0.0
2009-01-05,9340,14.29,0.0,0.0,0.0,0.0
2009-01-06,11300,15.15,4.0,4.0,4.0,4.0
2009-01-07,37900,22.14,4.0,4.0,4.0,4.0
2009-01-08,72900,27.74,4.0,4.0,4.0,4.0
2009-01-10,34400,21.3,2.0,1.0,1.0,2.0
2009-01-11,27200,19.66,2.0,1.0,1.0,2.0
2009-01-15,16500,16.55,0.0,0.0,0.0,0.0
2009-01-18,16600,16.59,0.0,0.0,0.0,0.0
2009-01-21,18800,17.3,0.0,0.0,0.0,0.0
2009-01-26,12500,15.03,0.0,0.0,0.0,0.0
2009-01-31,10700,14.27,0.0,0.0,0.0,0.0
2009-02-03,11200,14.47,0.0,0.0,0.0,0.0
2009-02-06,11500,14.62,0.0,0.0,0.0,0.0
2009-02-08,10000,13.97,0.0,0.0,0.0,0.0
2009-02-20,7080,12.42,0.0,0.0,0.0,0.0
2009-02-21,7710,12.77,0.0,0.0,0.0,0.0
2009-02-27,9220,13.57,0.0,0.0,0.0,0.0
2009-02-28,8230,13.06,1.0,0.0,0.0,1.0
2009-03-01,7830,12.84,1.0,1.0,0.0,1.0
2009-03-02,8710,13.29,1.0,1.0,0.0,1.0
2009-03-06,9360,13.64,0.0,0.0,0.0,0.0
2009-03-21,11500,13.91,0.0,0.0,0.0,0.0
2009-04-10,14000,14.9,0.0,0.0,0.0,0.0
2009-05-02,12200,14.14,0.0,0.0,0.0,0.0
2009-05-04,16100,15.67,1.0,1.0,0.0,1.0
2009-05-05,18400,16.41,1.0,1.0,0.0,1.0
2009-05-19,25900,19.58,0.0,0.0,0.0,0.0
2009-05-31,29000,20.34,0.0,0.0,0.0,0.0
2009-06-05,29500,20.46,0.0,0.0,0.0,0.0
2009-06-19,22300,18.61,0.0,0.0,0.0,0.0
2009-06-24,15000,16.28,2.0,2.0,1.0,2.0
2009-06-25,15400,16.4,2.0,2.0,1.0,2.0
2009-06-26,17700,17.2,0.0,0.0,0.0,0.0
2009-07-08,14500,16.06,0.0,0.0,0.0,0.0
2009-07-10,13500,15.7,0.0,0.0,0.0,0.0
2009-07-29,10500,14.42,0.0,0.0,0.0,0.0
2009-07-31,12000,15.1,0.0,0.0,0.0,0.0
2009-08-10,7130,12.66,2.0,2.0,1.0,2.0
2009-08-11,8090,13.23,2.0,2.0,1.0,2.0
2009-08-15,7180,12.71,0.0,0.0,0.0,0.0
2009-08-17,7090,12.64,0.0,0.0,0.0,0.0
2009-08-28,6030,11.99,0.0,0.0,0.0,0.0
2009-09-04,7000,12.6,0.0,0.0,0.0,0.0
2009-09-05,7570,12.95,1.0,1.0,0.0,1.0
2009-09-06,7590,12.96,0.0,0.0,0.0,0.0
2009-09-15,7690,13.02,2.0,2.0,2.0,2.0
2009-09-16,7540,12.93,2.0,2.0,2.0,2.0
2009-09-17,7600,12.97,2.0,2.0,2.0,2.0
2009-09-18,7650,13.0,2.0,2.0,2.0,2.0
2009-09-19,7560,12.94,2.0,2.0,2.0,2.0
2009-09-20,7200,12.73,0.0,0.0,0.0,0.0
2009-09-24,5480,11.64,0.0,0.0,0.0,0.0
2009-09-25,5360,11.56,0.0,0.0,0.0,0.0
2009-10-03,6160,12.1,0.0,0.0,0.0,0.0
2009-10-13,4850,11.19,2.0,1.0,1.0,2.0
2009-10-14,4980,11.28,2.0,1.0,1.0,2.0
2009-10-15,5590,11.71,4.0,4.0,0.0,4.0
2009-10-16,5990,11.97,4.0,4.0,3.0,4.0
2009-10-17,22000,17.94,4.0,4.0,3.0,4.0
2009-10-18,29200,20.35,4.0,4.0,0.0,4.0
2009-10-21,10100,14.27,0.0,0.0,0.0,0.0
2009-10-23,10900,14.63,1.0,1.0,0.0,1.0
2009-10-25,15800,16.56,1.0,1.0,1.0,1.0
2009-10-26,19800,17.69,1.0,1.0,1.0,1.0
2009-10-28,19500,17.76,4.0,4.0,0.0,4.0
2009-10-29,17000,16.98,4.0,4.0,4.0,4.0
2009-10-30,19800,17.8,4.0,4.0,4.0,4.0
2009-10-31,45400,23.62,4.0,4.0,4.0,4.0
2009-11-05,19600,17.81,2.0,2.0,2.0,2.0
2009-11-06,26800,19.79,2.0,2.0,2.0,2.0
2009-11-09,22100,18.55,1.0,1.0,1.0,1.0
2009-11-15,15800,16.57,4.0,4.0,3.0,4.0
2009-11-16,30200,20.48,4.0,4.0,3.0,4.0
2009-11-17,66000,26.97,4.0,4.0,0.0,4.0
2009-11-18,58400,25.81,1.0,1.0,1.0,1.0
2009-11-19,42200,23.14,1.0,1.0,1.0,1.0
2009-11-20,52700,24.95,1.0,1.0,1.0,1.0
2009-11-24,27900,20.09,2.0,2.0,2.0,2.0
2009-11-25,29400,20.44,2.0,2.0,2.0,2.0
2009-11-26,47900,24.05,2.0,2.0,2.0,2.0
2009-11-27,55600,25.41,0.0,0.0,0.0,0.0
2009-12-12,11400,14.83,0.0,0.0,0.0,0.0
2009-12-16,9920,14.17,0.0,0.0,0.0,0.0
2009-12-19,11100,14.72,0.0,0.0,0.0,0.0
2009-12-20,13100,15.56,1.0,1.0,0.0,1.0
2009-12-21,22500,18.58,1.0,1.0,0.0,1.0
2009-12-27,13200,15.58,0.0,0.0,0.0,0.0
2009-12-30,10200,14.3,0.0,0.0,0.0,0.0
2010-01-08,17400,17.11,1.0,2.0,1.0,2.0
2010-01-09,17400,17.12,1.0,2.0,1.0,2.0
2010-01-10,19400,17.76,3.0,3.0,3.0,3.0
2010-01-11,20500,18.04,3.0,3.0,3.0,3.0
2010-01-12,33300,21.33,3.0,3.0,3.0,3.0
2010-01-14,28100,20.13,2.0,2.0,2.0,2.0
2010-01-15,33500,21.18,2.0,2.0,2.0,2.0
2010-01-17,30800,20.37,1.0,1.0,0.0,1.0
2010-01-18,21300,17.85,1.0,1.0,0.0,1.0
2010-01-19,18100,16.89,1.0,0.0,0.0,1.0
2010-01-20,17100,16.58,1.0,0.0,0.0,1.0
2010-01-26,12700,14.95,0.0,0.0,0.0,0.0
2010-01-28,12000,14.7,0.0,0.0,0.0,0.0
2010-01-30,9500,13.56,0.0,0.0,0.0,0.0
2010-02-05,12000,14.67,0.0,0.0,0.0,0.0
2010-02-11,9650,13.59,1.0,0.0,0.0,1.0
2010-02-12,9380,13.5,1.0,0.0,0.0,1.0
2010-02-13,9780,13.7,1.0,1.0,1.0,1.0
2010-02-14,11600,14.51,1.0,1.0,1.0,1.0
2010-02-21,10600,14.07,0.0,0.0,0.0,0.0
2010-02-22,11200,14.37,0.0,0.0,0.0,0.0
2010-02-23,10100,13.85,0.0,0.0,0.0,0.0
2010-02-26,9880,13.73,1.0,0.0,0.0,1.0
2010-03-05,10600,14.06,0.0,0.0,0.0,0.0
2010-03-07,9970,13.78,0.0,0.0,0.0,0.0
2010-03-08,9770,13.67,0.0,0.0,0.0,0.0
2010-03-11,7390,12.45,0.0,0.0,0.0,0.0
2010-03-16,7710,12.63,2.0,1.0,1.0,2.0
2010-03-17,8510,13.06,2.0,1.0,1.0,2.0
2010-03-23,10800,14.18,0.0,0.0,0.0,0.0
2010-03-24,10700,14.12,0.0,0.0,0.0,0.0
2010-03-28,11500,14.46,1.0,0.0,0.0,1.0
2010-03-29,12200,,1.0,1.0,1.0,1.0
2010-04-07,11900,14.63,0.0,0.0,0.0,0.0
2010-04-09,13500,15.29,0.0,0.0,0.0,0.0
2010-04-22,14500,15.69,0.0,0.0,0.0,0.0
2010-04-26,11400,14.43,1.0,0.0,0.0,1.0
2010-04-27,12800,15.01,1.0,0.0,0.0,1.0
2010-05-02,10900,14.21,1.0,1.0,1.0,1.0
2010-05-03,15300,15.93,1.0,1.0,1.0,1.0
2010-05-06,14400,15.63,0.0,0.0,0.0,0.0
2010-05-09,11200,14.33,0.0,0.0,0.0,0.0
2010-05-12,11700,14.54,0.0,0.0,0.0,0.0
2010-05-19,23300,18.48,1.0,0.0,0.0,1.0
2010-05-20,22800,18.34,1.0,0.0,0.0,1.0
2010-05-26,13300,15.22,0.0,0.0,0.0,0.0
2010-05-28,17200,16.6,0.0,0.0,0.0,0.0
2010-05-29,20100,17.54,0.0,0.0,0.0,0.0
2010-06-01,20600,17.71,1.0,0.0,0.0,1.0
2010-06-02,21400,17.95,1.0,0.0,0.0,1.0
2010-06-03,29800,20.11,0.0,0.0,0.0,0.0
2010-06-07,21600,18.0,0.0,0.0,0.0,0.0
2010-06-08,25600,19.09,0.0,0.0,0.0,0.0
2010-06-12,22100,18.15,0.0,0.0,0.0,0.0
2010-06-16,17600,16.77,0.0,0.0,0.0,0.0
2010-06-18,16100,16.27,0.0,0.0,0.0,0.0
2010-06-21,20100,17.57,0.0,0.0,0.0,0.0
2010-06-23,21100,17.85,0.0,0.0,0.0,0.0
2010-07-02,21000,17.84,0.0,0.0,0.0,0.0
2010-07-04,15800,16.14,1.0,0.0,0.0,1.0
2010-07-05,14500,15.64,1.0,0.0,0.0,1.0
2010-07-10,27300,19.53,1.0,0.0,0.0,1.0
2010-07-11,28000,19.72,1.0,0.0,0.0,1.0
2010-07-31,14900,15.83,0.0,0.0,0.0,0.0
2010-08-08,12500,14.9,0.0,0.0,0.0,0.0
2010-08-09,13300,15.22,0.0,0.0,0.0,0.0
2010-08-12,12000,14.7,0.0,0.0,0.0,0.0
2010-08-18,11700,14.57,0.0,0.0,0.0,0.0
2010-08-21,10100,13.85,0.0,0.0,0.0,0.0
2010-08-23,8580,13.08,0.0,0.0,0.0,0.0
2010-08-24,9450,13.54,0.0,0.0,0.0,0.0
2010-08-29,8270,12.92,0.0,0.0,0.0,0.0
2010-08-30,8040,12.8,0.0,0.0,0.0,0.0
2010-08-31,7650,12.59,2.0,0.0,0.0,2.0
2010-09-01,9380,13.49,2.0,0.0,0.0,2.0
2010-09-03,6410,11.85,0.0,0.0,0.0,0.0
2010-09-09,8880,13.25,0.0,0.0,0.0,0.0
2010-09-11,9880,13.74,1.0,1.0,1.0,1.0
2010-09-12,9550,13.59,1.0,1.0,1.0,1.0
2010-09-13,11400,14.45,0.0,1.0,1.0,1.0
2010-09-24,13800,15.4,4.0,4.0,4.0,4.0
2010-09-25,13700,15.38,4.0,4.0,4.0,4.0
2010-09-26,12400,14.88,4.0,4.0,4.0,4.0
2010-09-27,14900,15.84,3.0,2.0,2.0,3.0
2010-09-28,16400,16.35,3.0,2.0,2.0,3.0
2010-10-02,10400,13.98,0.0,0.0,0.0,0.0
2010-10-08,6540,11.94,4.0,4.0,4.0,4.0
2010-10-09,6480,11.9,4.0,4.0,4.0,4.0
2010-10-10,17400,16.02,4.0,4.0,4.0,4.0
2010-10-12,17000,16.74,0.0,0.0,0.0,0.0
2010-10-20,10800,14.55,0.0,0.0,0.0,0.0
2010-10-21,11200,14.75,0.0,0.0,0.0,0.0
2010-10-23,9880,14.14,2.0,1.0,1.0,2.0
2010-10-24,11600,14.91,2.0,1.0,1.0,2.0
2010-10-27,16100,16.67,0.0,0.0,0.0,0.0
2010-10-31,13700,15.8,3.0,3.0,3.0,3.0
2010-11-01,15700,16.5,3.0,3.0,3.0,3.0
2010-11-02,29000,20.33,3.0,3.0,3.0,3.0
2010-11-04,15600,16.44,0.0,0.0,1.0,1.0
2010-11-05,13900,15.87,0.0,0.0,1.0,1.0
2010-11-06,13600,15.74,1.0,0.0,0.0,1.0
2010-11-07,19400,17.72,1.0,0.0,0.0,1.0
2010-11-13,10700,14.53,3.0,3.0,3.0,3.0
2010-11-14,11200,14.76,3.0,3.0,3.0,3.0
2010-11-15,13000,15.51,3.0,3.0,3.0,3.0
2010-11-16,25500,19.41,3.0,3.0,3.0,3.0
2010-11-25,11500,14.87,0.0,0.0,0.0,0.0
2010-11-29,11000,14.68,1.0,1.0,1.0,1.0
2010-11-30,11400,14.86,1.0,1.0,1.0,1.0
2010-12-02,12800,15.43,0.0,0.0,0.0,0.0
2010-12-07,10000,14.22,2.0,2.0,2.0,2.0
2010-12-08,12100,15.11,2.0,2.0,2.0,2.0
2010-12-11,17900,17.28,3.0,3.0,2.0,3.0
2010-12-12,37500,21.68,3.0,3.0,2.0,3.0
2010-12-13,83500,29.25,3.0,0.0,0.0,3.0
2010-12-14,56700,26.76,0.0,0.0,0.0,0.0
2010-12-23,8890,15.06,3.0,3.0,3.0,3.0
2010-12-24,9210,15.22,3.0,3.0,3.0,3.0
2010-12-25,9970,15.59,3.0,3.0,3.0,3.0
2010-12-26,10300,15.72,3.0,3.0,3.0,3.0
2011-01-05,8700,14.95,2.0,2.0,2.0,2.0
2011-01-06,8440,14.82,2.0,2.0,2.0,2.0
2011-01-07,13200,16.95,2.0,2.0,2.0,2.0
2011-01-12,10100,15.65,1.0,1.0,0.0,1.0
2011-01-14,28700,21.59,1.0,1.0,1.0,1.0
2011-01-15,38600,23.82,2.0,2.0,2.0,2.0
2011-01-16,41000,24.23,2.0,2.0,2.0,2.0
2011-01-17,74700,29.21,2.0,2.0,2.0,2.0
2011-01-18,70300,28.59,0.0,0.0,0.0,0.0
2011-01-20,26000,20.99,1.0,0.0,0.0,1.0
2011-01-21,24800,20.69,1.0,0.0,0.0,1.0
2011-01-22,26100,21.02,0.0,0.0,0.0,0.0
2011-01-23,22200,19.96,0.0,0.0,0.0,0.0
2011-01-25,22200,19.99,0.0,0.0,0.0,0.0
2011-02-03,12800,16.8,1.0,1.0,1.0,1.0
2011-02-04,14900,17.61,1.0,1.0,1.0,1.0
2011-02-05,21600,19.8,1.0,1.0,1.0,1.0
2011-02-06,18600,18.9,1.0,1.0,1.0,1.0
2011-02-07,19400,19.14,0.0,0.0,1.0,1.0
2011-02-11,13700,17.18,0.0,2.0,2.0,2.0
2011-02-12,13300,17.03,1.0,2.0,2.0,2.0
2011-02-13,15200,17.76,1.0,2.0,2.0,2.0
2011-02-14,15100,17.71,1.0,0.0,0.0,1.0
2011-02-15,16800,18.3,1.0,0.0,0.0,1.0
2011-02-19,12800,16.82,0.0,0.0,0.0,0.0
2011-02-24,11600,16.31,0.0,0.0,0.0,0.0
2011-02-26,10800,15.98,0.0,0.0,0.0,0.0
2011-02-28,11000,16.06,0.0,0.0,0.0,0.0
2011-03-05,9080,15.14,0.0,0.0,0.0,0.0
2011-03-09,8560,14.88,1.0,1.0,0.0,1.0
2011-03-13,12200,16.58,2.0,2.0,0.0,2.0
2011-03-14,16000,18.03,2.0,2.0,0.0,2.0
2011-03-15,15600,17.84,1.0,0.0,0.0,1.0
2011-03-17,15100,17.69,0.0,0.0,0.0,0.0
2011-03-26,8740,14.97,0.0,0.0,0.0,0.0
2011-03-29,7850,14.5,3.0,2.0,2.0,3.0
2011-03-30,12000,16.22,3.0,2.0,2.0,3.0
2011-03-31,29700,21.42,3.0,2.0,2.0,3.0
2011-04-04,15600,17.39,1.0,0.0,0.0,1.0
2011-04-05,15900,17.5,1.0,0.0,0.0,1.0
2011-04-10,9690,14.95,0.0,0.0,0.0,0.0
2011-04-11,11000,15.55,0.0,0.0,0.0,0.0
2011-04-17,10100,15.14,0.0,0.0,0.0,0.0
2011-04-21,8110,14.14,0.0,0.0,0.0,0.0
2011-04-22,6710,13.34,0.0,0.0,0.0,0.0
2011-04-27,8750,14.48,0.0,0.0,0.0,0.0
2011-05-01,8100,14.13,0.0,0.0,0.0,0.0
2011-05-09,13500,16.59,0.0,0.0,0.0,0.0
2011-05-12,14300,16.91,0.0,0.0,0.0,0.0
2011-05-20,15100,17.23,0.0,0.0,0.0,0.0
2011-05-31,13400,16.57,0.0,0.0,0.0,0.0
2011-06-01,17400,18.01,0.0,0.0,0.0,0.0
2011-06-09,31100,20.63,0.0,0.0,0.0,0.0
2011-06-11,27000,19.68,0.0,0.0,0.0,0.0
2011-06-13,25600,19.29,0.0,0.0,0.0,0.0
2011-06-17,25800,19.34,0.0,0.0,0.0,0.0
2011-06-20,25900,19.38,0.0,0.0,0.0,0.0
2011-06-26,25400,19.24,0.0,0.0,0.0,0.0
2011-06-27,24200,18.91,1.0,1.0,1.0,1.0
2011-06-28,28200,19.81,1.0,1.0,1.0,1.0
2011-06-29,33700,20.95,0.0,0.0,0.0,0.0
2011-07-12,24500,18.62,0.0,0.0,0.0,0.0
2011-07-14,27300,19.33,0.0,0.0,0.0,0.0
2011-07-15,27300,19.34,0.0,0.0,0.0,0.0
2011-07-16,30100,20.0,0.0,0.0,0.0,0.0
2011-07-18,31600,20.36,0.0,0.0,0.0,0.0
2011-07-22,35800,21.28,0.0,0.0,0.0,0.0
2011-07-23,32000,20.45,0.0,0.0,0.0,0.0
2011-08-05,24800,18.69,0.0,0.0,0.0,0.0
2011-08-08,21900,17.91,0.0,0.0,0.0,0.0
2011-08-14,18800,16.98,0.0,0.0,0.0,0.0
2011-08-21,15400,15.83,0.0,3.0,2.0,3.0
2011-08-22,16000,16.05,2.0,3.0,2.0,3.0
2011-08-23,16900,16.35,2.0,3.0,2.0,3.0
2011-08-24,17500,16.54,0.0,0.0,0.0,0.0
2011-08-26,15900,15.99,0.0,0.0,0.0,0.0
2011-08-27,14400,15.44,0.0,0.0,0.0,0.0
2011-09-01,11100,14.09,0.0,0.0,0.0,0.0
2011-09-04,11300,14.2,0.0,0.0,0.0,0.0
2011-09-11,12100,14.53,0.0,0.0,0.0,0.0
2011-09-14,11300,14.19,0.0,0.0,0.0,0.0
2011-09-21,8230,12.71,4.0,4.0,4.0,4.0
2011-09-22,8060,12.62,4.0,4.0,4.0,4.0
2011-09-23,9090,13.14,4.0,4.0,4.0,4.0
2011-09-24,11900,14.44,4.0,4.0,4.0,4.0
2011-09-25,11000,14.04,3.0,3.0,3.0,3.0
2011-09-26,8950,13.08,4.0,4.0,3.0,4.0
2011-09-27,17300,16.42,4.0,4.0,3.0,4.0
2011-09-29,13300,15.04,0.0,0.0,0.0,0.0
2011-10-02,8370,12.83,2.0,2.0,0.0,2.0
2011-10-03,8250,12.78,2.0,2.0,0.0,2.0
2011-10-10,8350,12.87,1.0,1.0,0.0,1.0
2011-10-11,10800,13.92,1.0,1.0,0.0,1.0
2011-10-12,25600,19.0,1.0,1.0,0.0,1.0
2011-10-22,13000,14.99,1.0,0.0,0.0,1.0
2011-10-23,20300,17.5,1.0,0.0,0.0,1.0
2011-10-25,13500,15.21,0.0,0.0,0.0,0.0
2011-10-28,11300,14.3,1.0,1.0,1.0,1.0
2011-10-30,12300,14.73,1.0,1.0,0.0,1.0
2011-11-02,12900,14.96,1.0,1.0,0.0,1.0
2011-11-03,14300,15.53,0.0,0.0,0.0,0.0
2011-11-05,13100,15.06,0.0,0.0,0.0,0.0
2011-11-07,12100,14.64,0.0,0.0,0.0,0.0
2011-11-13,9820,13.62,0.0,0.0,0.0,0.0
2011-11-17,11800,14.5,0.0,0.0,0.0,0.0
2011-11-20,10300,13.86,0.0,0.0,0.0,0.0
2011-11-21,10800,14.08,1.0,1.0,1.0,1.0
2011-11-22,12900,14.96,1.0,1.0,1.0,1.0
2011-11-25,25900,19.05,0.0,0.0,0.0,0.0
2011-11-26,19400,17.24,3.0,3.0,3.0,3.0
2011-11-27,28300,19.36,3.0,3.0,3.0,3.0
2011-11-28,57200,25.17,0.0,0.0,0.0,0.0
2011-12-05,14000,15.39,0.0,0.0,0.0,0.0
2011-12-18,8450,12.92,0.0,0.0,0.0,0.0
2011-12-27,9710,13.56,3.0,3.0,2.0,3.0
2011-12-28,19600,17.14,3.0,3.0,2.0,3.0
2011-12-29,38400,21.9,3.0,3.0,2.0,3.0
2012-01-01,19200,17.17,0.0,0.0,0.0,0.0
2012-01-03,18200,16.86,3.0,3.0,3.0,3.0
2012-01-04,20200,17.46,3.0,3.0,3.0,3.0
2012-01-05,34500,21.09,3.0,3.0,3.0,3.0
2012-01-07,22000,18.01,0.0,0.0,1.0,1.0
2012-01-08,19100,17.17,0.0,0.0,1.0,1.0
2012-01-09,17900,16.78,0.0,0.0,1.0,1.0
2012-01-14,15800,16.07,0.0,0.0,0.0,0.0
2012-01-16,15100,15.81,0.0,0.0,0.0,0.0
2012-01-20,14200,15.49,1.0,1.0,0.0,1.0
2012-01-21,19500,17.24,1.0,1.0,0.0,1.0
2012-01-24,16700,16.38,1.0,2.0,1.0,2.0
2012-01-25,22800,18.21,1.0,2.0,1.0,2.0
2012-01-28,19400,17.24,2.0,2.0,2.0,2.0
2012-01-29,19800,17.34,2.0,2.0,2.0,2.0
2012-02-03,21600,17.9,0.0,0.0,0.0,0.0
2012-02-05,17900,16.76,0.0,0.0,0.0,0.0
2012-02-08,15900,16.09,0.0,0.0,0.0,0.0
2012-02-09,14800,15.68,1.0,1.0,0.0,1.0
2012-02-10,14800,15.68,1.0,1.0,0.0,1.0
2012-02-11,15500,15.95,0.0,1.0,0.0,1.0
2012-02-20,14200,15.46,2.0,2.0,0.0,2.0
2012-02-21,15500,15.94,2.0,2.0,2.0,2.0
2012-02-22,34800,21.13,2.0,2.0,2.0,2.0
2012-02-28,15600,15.96,0.0,0.0,0.0,0.0
2012-03-03,13100,15.03,0.0,0.0,0.0,0.0
2012-03-07,15900,16.05,0.0,0.0,0.0,0.0
2012-03-09,13400,15.17,0.0,1.0,0.0,1.0
2012-03-10,16900,16.43,0.0,1.0,0.0,1.0
2012-03-12,19200,17.18,1.0,0.0,0.0,1.0
2012-03-15,17400,16.59,1.0,1.0,0.0,1.0
2012-03-24,11900,14.4,0.0,0.0,0.0,0.0
2012-03-28,11900,14.34,0.0,0.0,0.0,0.0
2012-03-30,16100,15.96,0.0,0.0,0.0,0.0
2012-04-02,14700,15.45,1.0,1.0,0.0,1.0
2012-04-03,13900,15.15,1.0,1.0,0.0,1.0
2012-04-10,10600,13.77,0.0,0.0,0.0,0.0
2012-04-12,12600,14.65,0.0,0.0,0.0,0.0
2012-04-14,13000,14.79,0.0,0.0,0.0,0.0
2012-04-17,14400,15.36,0.0,0.0,0.0,0.0
2012-04-19,12500,14.59,1.0,1.0,0.0,1.0
2012-04-20,20600,17.13,1.0,1.0,0.0,1.0
2012-04-22,20500,17.09,0.0,0.0,0.0,0.0
2012-04-24,31000,19.81,1.0,1.0,1.0,1.0
2012-04-25,36000,20.92,1.0,1.0,1.0,1.0
2012-04-26,37400,21.21,1.0,1.0,1.0,1.0
2012-05-02,27400,18.97,0.0,0.0,0.0,0.0
2012-05-06,22400,17.63,0.0,0.0,0.0,0.0
2012-05-18,26400,18.71,0.0,0.0,0.0,0.0
2012-05-20,23300,17.89,1.0,1.0,0.0,1.0
2012-05-21,28200,19.14,1.0,1.0,0.0,1.0
2012-05-30,24600,18.2,3.0,0.0,0.0,3.0
2012-05-31,25200,18.37,3.0,0.0,0.0,3.0
2012-06-01,31900,20.02,3.0,2.0,1.0,3.0
2012-06-02,45400,22.71,3.0,2.0,1.0,3.0
2012-06-03,47300,23.05,0.0,0.0,0.0,0.0
2012-06-04,36800,21.05,0.0,0.0,0.0,0.0
2012-06-16,26500,19.0,2.0,2.0,2.0,2.0
2012-06-17,41600,23.31,2.0,2.0,2.0,2.0
2012-06-21,35000,21.74,0.0,0.0,0.0,0.0
2012-06-28,34900,21.71,2.0,2.0,1.0,2.0
2012-06-29,35100,21.78,2.0,2.0,1.0,2.0
2012-06-30,37100,22.35,2.0,2.0,0.0,2.0
2012-07-01,44600,24.15,0.0,0.0,0.0,0.0
2012-07-05,35000,21.74,0.0,0.0,0.0,0.0
2012-07-10,42400,23.78,0.0,0.0,0.0,0.0
2012-07-17,37700,22.51,0.0,0.0,0.0,0.0
2012-07-21,33200,21.22,0.0,0.0,0.0,0.0
2012-07-23,27800,19.46,0.0,0.0,0.0,0.0
2012-07-29,21000,17.24,0.0,0.0,0.0,0.0
2012-08-07,21400,17.35,0.0,0.0,0.0,0.0
2012-08-11,18000,16.29,0.0,0.0,0.0,0.0
2012-08-19,14200,14.96,0.0,0.0,0.0,0.0
2012-08-25,10900,13.59,0.0,0.0,0.0,0.0
2012-08-26,10600,13.47,1.0,0.0,0.0,1.0
2012-08-27,10400,13.36,1.0,0.0,0.0,1.0
2012-09-02,7560,11.94,0.0,0.0,0.0,0.0
2012-09-06,9320,12.88,0.0,0.0,0.0,0.0
2012-09-15,8400,12.39,0.0,0.0,0.0,0.0
2012-10-01,6810,11.5,0.0,0.0,0.0,0.0
2012-10-05,6750,11.47,0.0,0.0,0.0,0.0
2012-10-12,6580,11.37,0.0,1.0,1.0,1.0
2012-10-13,6690,11.43,3.0,3.0,3.0,3.0
2012-10-14,9220,12.73,3.0,3.0,3.0,3.0
2012-10-15,24700,18.42,3.0,3.0,1.0,3.0
2012-10-16,24500,18.33,2.0,1.0,1.0,2.0
2012-10-17,21600,17.41,0.0,2.0,2.0,2.0
2012-10-18,15800,15.57,3.0,2.0,2.0,3.0
2012-10-19,21600,17.44,3.0,2.0,2.0,3.0
2012-10-21,22100,17.56,0.0,0.0,0.0,0.0
2012-10-22,17600,16.18,0.0,0.0,0.0,0.0
2012-10-27,13100,14.55,1.0,0.0,0.0,1.0
2012-10-28,20200,16.99,1.0,0.0,0.0,1.0
2012-10-30,35800,21.97,2.0,2.0,0.0,2.0
2012-10-31,45100,,2.0,2.0,0.0,2.0
2012-11-01,40200,23.16,2.0,2.0,0.0,2.0
2012-11-02,32300,20.91,3.0,3.0,0.0,3.0
2012-11-03,30700,20.42,3.0,3.0,3.0,3.0
2012-11-04,38700,22.76,3.0,3.0,3.0,3.0
2012-11-05,40300,23.23,3.0,3.0,3.0,3.0
2012-11-06,34400,21.55,0.0,1.0,0.0,1.0
2012-11-14,26000,18.82,0.0,0.0,0.0,0.0
2012-11-17,17200,16.03,1.0,1.0,0.0,1.0
2012-11-18,18100,16.32,2.0,1.0,0.0,2.0
2012-11-19,24000,18.2,2.0,1.0,0.0,2.0
2012-11-22,27300,19.28,2.0,1.0,1.0,2.0
2012-11-23,25700,18.73,2.0,1.0,1.0,2.0
2012-11-26,23600,18.04,0.0,0.0,0.0,0.0
2012-11-28,18900,16.6,3.0,3.0,3.0,3.0
2012-11-29,18600,16.5,3.0,3.0,3.0,3.0
2012-11-30,20100,16.95,3.0,3.0,3.0,3.0
2012-12-01,27300,19.3,3.0,3.0,3.0,3.0
2012-12-04,27200,,1.0,1.0,0.0,1.0
2012-12-08,22000,17.52,0.0,0.0,0.0,0.0
2012-12-10,17500,16.15,0.0,0.0,0.0,0.0
2012-12-24,12800,14.39,0.0,0.0,0.0,0.0
2012-12-25,13000,14.51,0.0,0.0,0.0,0.0
2012-12-31,12000,14.11,0.0,0.0,0.0,0.0
2013-01-01,12300,14.2,0.0,0.0,0.0,0.0
2013-01-08,17500,16.14,1.0,1.0,1.0,1.0
2013-01-09,27700,19.39,1.0,1.0,1.0,1.0
2013-01-27,13900,14.84,0.0,0.0,0.0,0.0
2013-01-28,13900,14.85,2.0,2.0,1.0,2.0
2013-01-29,13200,14.6,2.0,2.0,1.0,2.0
2013-01-30,14100,14.93,0.0,0.0,1.0,1.0
2013-02-06,16000,15.62,0.0,0.0,0.0,0.0
2013-02-11,13900,14.85,0.0,0.0,0.0,0.0
2013-02-12,12800,14.44,0.0,0.0,0.0,0.0
2013-02-19,12300,14.21,0.0,0.0,0.0,0.0
2013-02-21,12000,14.09,0.0,0.0,0.0,0.0
2013-02-25,12400,14.25,0.0,0.0,0.0,0.0
2013-02-28,12600,14.34,1.0,2.0,2.0,2.0
2013-03-01,16400,15.75,1.0,2.0,2.0,2.0
2013-03-02,22300,17.62,1.0,2.0,2.0,2.0
2013-03-08,10900,13.63,0.0,0.0,0.0,0.0
2013-03-12,10400,13.4,2.0,1.0,1.0,2.0
2013-03-13,22400,17.66,2.0,1.0,1.0,2.0
2013-03-14,24700,18.35,2.0,0.0,1.0,2.0
2013-03-15,25200,18.57,0.0,0.0,1.0,1.0
2013-03-20,16300,15.74,0.0,0.0,0.0,0.0
2013-04-01,14900,15.24,0.0,0.0,0.0,0.0
2013-04-02,15900,15.6,0.0,0.0,0.0,0.0
2013-04-03,16500,15.81,0.0,0.0,0.0,0.0
2013-04-04,22500,17.69,1.0,0.0,0.0,1.0
2013-04-05,29600,20.05,1.0,0.0,0.0,1.0
2013-04-09,23400,17.99,0.0,0.0,0.0,0.0
2013-04-10,22800,17.78,1.0,1.0,1.0,1.0
2013-04-16,18000,16.29,0.0,0.0,0.0,0.0
2013-04-17,17200,16.04,0.0,0.0,0.0,0.0
2013-04-18,16600,15.82,0.0,0.0,0.0,0.0
2013-04-20,17800,16.24,0.0,0.0,0.0,0.0
2013-04-23,17900,16.27,0.0,0.0,0.0,0.0
2013-05-11,35000,21.75,2.0,2.0,2.0,2.0
2013-05-12,36800,22.26,2.0,2.0,2.0,2.0
2013-05-13,45400,24.48,2.0,2.0,0.0,2.0
2013-05-14,46800,24.62,0.0,0.0,0.0,0.0
2013-06-02,19800,16.86,0.0,0.0,0.0,0.0
2013-06-11,22300,17.61,0.0,0.0,0.0,0.0
2013-06-20,24800,18.46,0.0,0.0,0.0,0.0
2013-06-25,27700,19.43,3.0,2.0,0.0,3.0
2013-06-26,26700,19.11,3.0,2.0,0.0,3.0
2013-06-27,26500,19.04,3.0,2.0,0.0,3.0
2013-06-28,26700,19.1,3.0,2.0,2.0,3.0
2013-06-29,27800,19.46,2.0,2.0,2.0,2.0
2013-07-01,31500,20.67,0.0,0.0,1.0,1.0
2013-07-02,31900,20.79,0.0,0.0,1.0,1.0
2013-07-05,23500,18.03,0.0,0.0,0.0,0.0
2013-07-07,22300,17.64,0.0,0.0,0.0,0.0
2013-07-10,22700,17.78,0.0,0.0,0.0,0.0
2013-07-15,15200,15.38,0.0,0.0,0.0,0.0
2013-07-31,11300,13.85,0.0,0.0,0.0,0.0
2013-08-04,10700,13.59,0.0,0.0,0.0,0.0
2013-08-06,11300,13.86,0.0,0.0,0.0,0.0
2013-08-14,11600,13.89,1.0,1.0,0.0,1.0
2013-08-15,11700,13.91,1.0,1.0,0.0,1.0
2013-08-18,11900,13.97,1.0,1.0,1.0,1.0
2013-08-19,10800,13.44,1.0,1.0,1.0,1.0
2013-08-22,10000,12.99,0.0,0.0,0.0,0.0
2013-08-24,7910,11.83,0.0,0.0,0.0,0.0
2013-08-26,8170,11.94,3.0,0.0,0.0,3.0
2013-08-27,8680,12.2,3.0,3.0,0.0,3.0
2013-08-28,8610,12.14,3.0,3.0,3.0,3.0
2013-08-29,10100,12.91,3.0,3.0,3.0,3.0
2013-08-30,16900,15.8,3.0,3.0,3.0,3.0
2013-09-01,10800,13.17,1.0,0.0,0.0,1.0
2013-09-02,9740,12.65,1.0,0.0,0.0,1.0
2013-09-03,9860,12.7,1.0,0.0,0.0,1.0
2013-09-13,12700,13.94,0.0,0.0,0.0,0.0
2013-09-22,9980,12.64,1.0,1.0,1.0,1.0
2013-09-26,14800,14.79,0.0,0.0,0.0,0.0
2013-09-28,15600,15.09,2.0,2.0,1.0,2.0
2013-09-29,41100,22.69,3.0,2.0,2.0,3.0
2013-09-30,43200,23.31,3.0,2.0,2.0,3.0
2013-10-07,21400,17.16,1.0,1.0,1.0,1.0
2013-10-15,12700,13.91,0.0,0.0,0.0,0.0
2013-10-26,9890,12.59,0.0,0.0,0.0,0.0
2013-11-02,10700,12.99,1.0,0.0,0.0,1.0
2013-11-03,13200,14.13,0.0,0.0,0.0,0.0
2013-11-07,14000,14.43,2.0,1.0,1.0,2.0
2013-11-08,20200,16.75,2.0,0.0,0.0,2.0
2013-11-11,14100,14.5,1.0,1.0,0.0,1.0
2013-11-12,14000,14.47,1.0,1.0,1.0,1.0
2013-11-15,15400,15.02,0.0,0.0,0.0,0.0
2013-11-17,17600,15.86,0.0,0.0,0.0,0.0
2013-11-26,12800,14.4,0.0,0.0,0.0,0.0
2013-11-30,11800,13.96,0.0,0.0,1.0,1.0
2013-12-01,14100,14.87,2.0,2.0,1.0,2.0
2013-12-02,23100,18.15,2.0,0.0,0.0,2.0
2013-12-03,17200,16.12,0.0,0.0,0.0,0.0
2013-12-12,11800,13.95,0.0,0.0,0.0,0.0
2013-12-13,11700,13.91,0.0,0.0,0.0,0.0
2013-12-20,9910,13.05,2.0,2.0,1.0,2.0
2013-12-21,8630,12.38,2.0,2.0,1.0,2.0
2013-12-26,12400,14.21,0.0,0.0,0.0,0.0
2014-01-02,11800,13.93,1.0,1.0,0.0,1.0
2014-01-03,14300,15.03,1.0,1.0,0.0,1.0
2014-01-10,16600,15.93,3.0,3.0,2.0,3.0
2014-01-11,28300,19.53,3.0,3.0,2.0,3.0
2014-01-12,38400,22.28,0.0,0.0,1.0,1.0
2014-01-13,36400,21.8,0.0,0.0,1.0,1.0
2014-01-14,37300,22.02,0.0,0.0,0.0,0.0
2014-01-21,15100,15.36,0.0,0.0,0.0,0.0
2014-01-29,12300,14.18,0.0,0.0,0.0,0.0
2014-01-31,11700,13.9,0.0,0.0,0.0,0.0
2014-02-04,10700,13.45,0.0,0.0,0.0,0.0
2014-02-05,11300,13.73,0.0,0.0,0.0,0.0
2014-02-11,11100,13.62,1.0,1.0,0.0,1.0
2014-02-12,12600,14.33,1.0,1.0,0.0,1.0
2014-02-14,13500,14.69,1.0,0.0,0.0,1.0
2014-02-16,15700,15.6,1.0,0.0,0.0,1.0
2014-02-17,14500,15.11,1.0,0.0,0.0,1.0
2014-02-19,14100,14.98,0.0,0.0,0.0,0.0
2014-03-03,17200,16.08,0.0,0.0,0.0,0.0
2014-03-04,22900,18.03,0.0,0.0,0.0,0.0
2014-03-06,37600,22.03,0.0,0.0,0.0,0.0
2014-03-08,30200,20.07,1.0,1.0,1.0,1.0
2014-03-09,40300,22.49,1.0,1.0,1.0,1.0
2014-03-15,28500,19.54,2.0,2.0,2.0,2.0
2014-03-16,34800,21.22,2.0,2.0,2.0,2.0
2014-03-17,39300,22.4,0.0,0.0,0.0,0.0
2014-03-25,16100,15.51,1.0,0.0,0.0,1.0
2014-03-26,17000,15.82,1.0,0.0,0.0,1.0
2014-04-01,18300,16.26,0.0,0.0,0.0,0.0
2014-04-04,17500,16.01,0.0,0.0,0.0,0.0
2014-04-10,20800,17.16,0.0,0.0,0.0,0.0
2014-04-12,15700,15.33,0.0,0.0,0.0,0.0
2014-04-25,24000,18.16,0.0,0.0,0.0,0.0
2014-05-02,22800,17.79,0.0,0.0,0.0,0.0
2014-05-05,33900,21.06,0.0,0.0,0.0,0.0
2014-05-11,24400,18.31,0.0,0.0,0.0,0.0
2014-05-12,24100,18.21,0.0,0.0,0.0,0.0
2014-05-14,25200,18.54,0.0,0.0,0.0,0.0
2014-05-30,25400,18.62,0.0,0.0,0.0,0.0
2014-06-01,23600,18.04,0.0,0.0,0.0,0.0
2014-06-09,23900,18.14,0.0,0.0,0.0,0.0
2014-06-20,24500,18.33,0.0,0.0,0.0,0.0
2014-06-22,23200,17.92,0.0,0.0,0.0,0.0
2014-07-05,27200,19.18,1.0,1.0,0.0,1.0
2014-07-06,26500,18.95,1.0,1.0,0.0,1.0
2014-07-10,27400,19.23,0.0,0.0,0.0,0.0
2014-07-17,26800,19.04,0.0,0.0,0.0,0.0
2014-07-18,24400,18.31,2.0,2.0,3.0,3.0
2014-07-19,21500,17.38,2.0,2.0,3.0,3.0
2014-07-20,26600,18.98,2.0,2.0,3.0,3.0
2014-07-27,17900,16.17,0.0,0.0,0.0,0.0
2014-08-20,11100,13.38,0.0,0.0,0.0,0.0
2014-08-22,10100,12.86,0.0,0.0,0.0,0.0
2014-08-26,7980,11.76,0.0,0.0,0.0,0.0
2014-09-01,8100,11.83,0.0,0.0,0.0,0.0
2014-09-07,8470,12.03,0.0,0.0,0.0,0.0
2014-09-15,8440,12.03,0.0,0.0,0.0,0.0
2014-09-18,6990,11.18,0.0,0.0,0.0,0.0
2014-09-23,8220,11.89,4.0,3.0,2.0,4.0
2014-09-24,8760,12.17,4.0,3.0,2.0,4.0
2014-09-25,10700,13.19,4.0,3.0,0.0,4.0
2014-09-28,9430,12.55,0.0,0.0,0.0,0.0
2014-09-29,8790,12.2,0.0,0.0,0.0,0.0
2014-10-03,11500,13.55,0.0,0.0,1.0,1.0
2014-10-04,9740,12.7,0.0,0.0,1.0,1.0
2014-10-10,7950,11.74,0.0,0.0,0.0,0.0
2014-10-12,8060,11.81,3.0,3.0,3.0,3.0
2014-10-13,9630,12.66,3.0,3.0,3.0,3.0
2014-10-14,11600,13.6,3.0,3.0,3.0,3.0
2014-10-16,15700,15.3,3.0,0.0,0.0,3.0
2014-10-17,13500,14.46,3.0,3.0,2.0,3.0
2014-10-18,13500,14.45,3.0,3.0,3.0,3.0
2014-10-19,14400,14.84,2.0,3.0,3.0,3.0
2014-10-20,12600,14.06,2.0,3.0,3.0,3.0
2014-10-21,14400,14.82,2.0,2.0,2.0,2.0
2014-10-22,20300,16.99,2.0,2.0,2.0,2.0
2014-10-23,32800,20.77,0.0,0.0,0.0,0.0
2014-10-25,21300,17.33,1.0,1.0,1.0,1.0
2014-10-27,27000,19.09,2.0,2.0,0.0,2.0
2014-10-28,21400,17.37,2.0,2.0,1.0,2.0
2014-10-29,27800,19.31,2.0,2.0,1.0,2.0
2014-10-30,29900,19.93,1.0,1.0,1.0,1.0
2014-10-31,33300,20.88,1.0,1.0,1.0,1.0
2014-11-02,26800,19.06,0.0,0.0,0.0,0.0
2014-11-03,23500,18.02,1.0,1.0,1.0,1.0
2014-11-04,39600,22.36,1.0,1.0,1.0,1.0
2014-11-05,45300,23.8,3.0,2.0,2.0,3.0
2014-11-06,39100,22.37,3.0,2.0,2.0,3.0
2014-11-07,44700,23.69,3.0,2.0,2.0,3.0
2014-11-09,31500,20.41,1.0,1.0,1.0,1.0
2014-11-21,11600,13.62,1.0,1.0,0.0,1.0
2014-11-22,16800,15.77,1.0,1.0,0.0,1.0
2014-11-24,20100,16.9,3.0,3.0,3.0,3.0
2014-11-25,26100,18.8,3.0,3.0,3.0,3.0
2014-11-26,52100,25.1,3.0,3.0,3.0,3.0
2014-11-27,61000,26.87,3.0,3.0,3.0,3.0
2014-11-28,71500,28.61,3.0,3.0,3.0,3.0
2014-12-05,18600,16.46,1.0,0.0,0.0,1.0
2014-12-06,20800,17.24,1.0,0.0,0.0,1.0
2014-12-07,23200,18.08,4.0,4.0,0.0,4.0
2014-12-08,21800,17.6,4.0,4.0,4.0,4.0
2014-12-09,30900,20.36,4.0,4.0,4.0,4.0
2014-12-10,47400,24.61,4.0,4.0,4.0,4.0
2014-12-11,46500,24.4,3.0,4.0,2.0,4.0
2014-12-12,42600,23.48,1.0,0.0,0.0,1.0
2014-12-18,17600,16.06,1.0,1.0,0.0,1.0
2014-12-19,18100,16.27,1.0,1.0,0.0,1.0
2014-12-20,18000,16.22,3.0,2.0,2.0,3.0
2014-12-21,26300,19.02,3.0,2.0,2.0,3.0
2014-12-22,24700,18.56,3.0,2.0,2.0,3.0
2015-01-04,15900,15.37,3.0,3.0,3.0,3.0
2015-01-05,32100,20.52,3.0,3.0,3.0,3.0
2015-01-06,47100,24.53,3.0,3.0,3.0,3.0
2015-01-09,24500,18.48,0.0,0.0,0.0,0.0
2015-01-15,18200,16.29,1.0,1.0,0.0,1.0
2015-01-16,17400,16.0,1.0,1.0,0.0,1.0
2015-01-17,18300,16.33,1.0,0.0,0.0,1.0
2015-01-18,24300,18.37,1.0,1.0,0.0,1.0
2015-01-20,24300,18.43,0.0,0.0,0.0,0.0
2015-01-23,17700,16.11,3.0,3.0,3.0,3.0
2015-01-24,33100,20.93,3.0,3.0,3.0,3.0
2015-01-25,39000,22.61,3.0,3.0,3.0,3.0
2015-01-26,30500,20.3,0.0,0.0,3.0,3.0
2015-01-30,19800,16.88,0.0,0.0,0.0,0.0
2015-02-04,18400,16.38,4.0,0.0,0.0,4.0
2015-02-05,21700,17.54,4.0,3.0,3.0,4.0
2015-02-06,42400,23.34,4.0,3.0,3.0,4.0
2015-02-07,59700,27.23,4.0,3.0,3.0,4.0
2015-02-12,28500,19.74,1.0,0.0,0.0,1.0
2015-02-13,26000,18.98,1.0,0.0,0.0,1.0
2015-02-19,16800,15.76,0.0,0.0,0.0,0.0
2015-02-23,15300,15.12,0.0,0.0,0.0,0.0
2015-03-02,13600,14.4,0.0,0.0,0.0,0.0
2015-03-07,11800,13.58,0.0,0.0,0.0,0.0
2015-03-13,12100,13.74,1.0,0.0,0.0,1.0
2015-03-14,13800,14.45,1.0,1.0,1.0,1.0
2015-03-19,14600,14.83,2.0,2.0,0.0,2.0
2015-03-20,14600,14.86,2.0,2.0,1.0,2.0
2015-03-21,15200,15.1,2.0,2.0,1.0,2.0
2015-03-23,16900,15.77,0.0,0.0,0.0,0.0
2015-03-25,15600,15.27,0.0,1.0,1.0,1.0
2015-03-26,21300,17.43,0.0,1.0,1.0,1.0
2015-03-30,21100,17.34,0.0,1.0,0.0,1.0
2015-03-31,18300,16.32,0.0,1.0,0.0,1.0
2015-04-01,17700,16.09,0.0,0.0,0.0,0.0
2015-05-04,10300,12.83,0.0,0.0,0.0,0.0
2015-05-10,10200,12.77,0.0,0.0,0.0,0.0
2015-05-28,10400,12.9,0.0,0.0,0.0,0.0
2015-06-04,11500,13.42,0.0,0.0,0.0,0.0
2015-06-26,8300,11.74,0.0,0.0,0.0,0.0
2015-07-03,9850,12.59,0.0,0.0,0.0,0.0
2015-07-08,8060,11.6,0.0,0.0,0.0,0.0
2015-07-09,8030,11.58,0.0,0.0,0.0,0.0
2015-07-16,7660,11.36,1.0,0.0,0.0,1.0
2015-07-17,7950,11.53,1.0,1.0,0.0,1.0
2015-07-18,7340,11.17,1.0,1.0,0.0,1.0
2015-07-21,7650,11.35,0.0,0.0,0.0,0.0
2015-07-22,7430,11.22,0.0,0.0,0.0,0.0
2015-07-24,7590,11.31,0.0,0.0,0.0,0.0
2015-07-28,7190,11.07,0.0,0.0,0.0,0.0
2015-08-01,7010,10.96,0.0,0.0,0.0,0.0
2015-08-05,6270,10.48,0.0,0.0,0.0,0.0
2015-08-07,6230,10.44,0.0,0.0,0.0,0.0
2015-08-08,6000,10.29,1.0,1.0,0.0,1.0
2015-08-09,5960,10.26,1.0,1.0,0.0,1.0
2015-08-18,6040,10.31,0.0,0.0,0.0,0.0
2015-08-25,5850,10.18,0.0,0.0,0.0,0.0
2015-08-28,5750,10.11,3.0,1.0,0.0,3.0
2015-08-29,5890,10.21,3.0,3.0,3.0,3.0
2015-08-30,8240,11.64,3.0,3.0,3.0,3.0
2015-08-31,10600,12.99,2.0,2.0,2.0,2.0
2015-09-01,14000,14.6,2.0,2.0,2.0,2.0
2015-09-02,13900,14.55,0.0,0.0,0.0,0.0
2015-09-15,7820,11.45,0.0,0.0,0.0,0.0
2015-09-19,7780,11.43,2.0,2.0,2.0,2.0
2015-09-20,10200,12.79,2.0,2.0,2.0,2.0
2015-09-21,14400,14.75,2.0,2.0,2.0,2.0
2015-09-23,10100,12.71,2.0,2.0,2.0,2.0
2015-09-24,9780,12.55,2.0,2.0,2.0,2.0
2015-09-25,9160,12.22,2.0,2.0,2.0,2.0
2015-09-28,8760,12.0,0.0,0.0,0.0,0.0
2015-10-02,8920,12.09,0.0,0.0,0.0,0.0
2015-10-05,8870,12.07,0.0,0.0,0.0,0.0
2015-10-06,8190,11.67,4.0,4.0,0.0,4.0
2015-10-07,8320,11.75,4.0,4.0,4.0,4.0
2015-10-08,8680,11.96,4.0,4.0,4.0,4.0
2015-10-09,8960,12.11,4.0,4.0,4.0,4.0
2015-10-10,9350,12.32,4.0,4.0,4.0,4.0
2015-10-11,22500,17.76,4.0,4.0,4.0,4.0
2015-10-12,14800,14.88,0.0,1.0,1.0,1.0
2015-10-18,9930,12.64,0.0,0.0,0.0,0.0
2015-10-19,9930,12.64,0.0,0.0,0.0,0.0
2015-10-22,9490,12.41,0.0,0.0,0.0,0.0
2015-10-28,7440,11.23,0.0,0.0,0.0,0.0
2015-10-30,12700,13.92,3.0,3.0,3.0,3.0
2015-10-31,28200,19.59,3.0,3.0,3.0,3.0
2015-11-06,15100,15.04,2.0,2.0,2.0,2.0
2015-11-07,16000,15.43,2.0,2.0,2.0,2.0
2015-11-12,17100,15.85,3.0,2.0,2.0,3.0
2015-11-13,33500,20.83,3.0,2.0,2.0,3.0
2015-11-14,65600,28.38,0.0,0.0,0.0,0.0
2015-11-16,44300,23.87,3.0,3.0,3.0,3.0
2015-11-17,44400,23.86,3.0,3.0,3.0,3.0
2015-11-18,73100,29.76,3.0,0.0,0.0,3.0
2015-11-29,14400,14.74,0.0,0.0,0.0,0.0
2015-12-01,13600,14.41,1.0,1.0,0.0,1.0
2015-12-02,13800,14.48,3.0,3.0,2.0,3.0
2015-12-03,15200,15.11,3.0,3.0,2.0,3.0
2015-12-04,20400,17.1,0.0,0.0,0.0,0.0
2015-12-05,17700,16.1,2.0,2.0,1.0,2.0
2015-12-06,22500,17.79,2.0,2.0,1.0,2.0
2015-12-07,26300,19.06,1.0,1.0,1.0,1.0
2015-12-08,30400,20.22,3.0,3.0,2.0,3.0
2015-12-09,64300,28.09,3.0,3.0,0.0,3.0
2015-12-17,18500,16.42,0.0,0.0,0.0,0.0
2015-12-24,15400,15.16,0.0,0.0,0.0,0.0
2016-01-06,12200,13.76,0.0,0.0,0.0,0.0
2016-01-12,12100,13.72,1.0,0.0,0.0,1.0
2016-01-13,15200,15.08,1.0,0.0,0.0,1.0
2016-01-16,13800,14.5,1.0,0.0,0.0,1.0
2016-01-17,15700,15.3,1.0,1.0,0.0,1.0
2016-01-21,16200,15.48,2.0,2.0,2.0,2.0
2016-01-22,29900,20.13,2.0,2.0,2.0,2.0
2016-01-26,20700,17.21,1.0,1.0,1.0,1.0
2016-01-27,25000,18.67,3.0,3.0,3.0,3.0
2016-01-28,39900,22.64,3.0,3.0,3.0,3.0
2016-02-02,20100,16.98,0.0,0.0,0.0,0.0
2016-02-05,16200,15.5,2.0,1.0,1.0,2.0
2016-02-06,17600,16.07,2.0,1.0,1.0,2.0
2016-02-09,18300,16.34,0.0,0.0,0.0,0.0
2016-02-11,23400,18.14,2.0,1.0,0.0,2.0
2016-02-12,28400,19.64,2.0,1.0,0.0,2.0
2016-02-13,39800,22.8,0.0,0.0,0.0,0.0
2016-02-14,35800,21.77,2.0,2.0,2.0,2.0
2016-02-15,44600,23.89,2.0,2.0,2.0,2.0
2016-02-16,59300,27.15,2.0,2.0,2.0,2.0
2016-02-21,24300,18.44,0.0,0.0,0.0,0.0
2016-02-24,20800,17.25,0.0,0.0,0.0,0.0
2016-02-25,20100,17.01,0.0,0.0,0.0,0.0
2016-03-01,19100,16.64,1.0,1.0,1.0,1.0
2016-03-02,22800,17.92,1.0,1.0,1.0,1.0
2016-03-03,24800,18.61,1.0,1.0,0.0,1.0
2016-03-04,25100,18.68,2.0,2.0,0.0,2.0
2016-03-05,22500,17.83,2.0,2.0,0.0,2.0
2016-03-06,22100,17.69,1.0,1.0,0.0,1.0
2016-03-09,19300,16.7,2.0,2.0,1.0,2.0
2016-03-10,22700,17.91,2.0,2.0,1.0,2.0
2016-03-18,15100,15.06,0.0,0.0,0.0,0.0
2016-03-25,16900,15.77,0.0,0.0,0.0,0.0
2016-04-02,16000,15.43,0.0,0.0,0.0,0.0
2016-04-15,15900,15.4,0.0,0.0,0.0,0.0
2016-04-20,20300,16.86,0.0,0.0,0.0,0.0
2016-04-21,23900,18.03,0.0,0.0,0.0,0.0
2016-04-30,14800,14.55,0.0,0.0,0.0,0.0
2016-05-01,14300,14.34,0.0,0.0,0.0,0.0
2016-05-04,18600,16.03,0.0,0.0,0.0,0.0
2016-05-09,18900,16.14,0.0,0.0,0.0,0.0
2016-05-16,17000,15.44,0.0,0.0,0.0,0.0
2016-05-27,15700,14.89,0.0,0.0,0.0,0.0
2016-06-05,24300,18.05,0.0,0.0,0.0,0.0
2016-06-09,21200,17.0,0.0,0.0,0.0,0.0
2016-06-17,14500,14.41,0.0,0.0,0.0,0.0
2016-06-23,12800,13.63,0.0,0.0,0.0,0.0
2016-06-25,14800,14.52,0.0,0.0,0.0,0.0
2016-06-27,13700,14.05,0.0,0.0,0.0,0.0
2016-06-28,15800,14.97,0.0,0.0,0.0,0.0
2016-07-16,12900,13.69,0.0,0.0,0.0,0.0
2016-07-21,11800,13.18,0.0,0.0,0.0,0.0
2016-07-29,13300,13.89,0.0,0.0,0.0,0.0
2016-08-09,9070,11.78,0.0,0.0,0.0,0.0
2016-08-10,8140,11.25,0.0,0.0,0.0,0.0
2016-08-12,7660,10.96,0.0,0.0,0.0,0.0
2016-08-13,7990,11.16,0.0,0.0,0.0,0.0
2016-08-17,7820,11.05,0.0,0.0,0.0,0.0
2016-08-27,7210,10.68,1.0,1.0,0.0,1.0
2016-08-28,7010,10.55,1.0,0.0,0.0,1.0
2016-09-03,8010,11.17,0.0,0.0,0.0,0.0
2016-09-05,6930,10.51,0.0,0.0,0.0,0.0
2016-09-16,9440,11.98,2.0,2.0,2.0,2.0
2016-09-17,9130,11.81,2.0,2.0,2.0,2.0
2016-09-18,13300,13.81,2.0,2.0,2.0,2.0
2016-09-24,8470,11.44,0.0,0.0,1.0,1.0
2016-09-25,8460,11.43,0.0,0.0,1.0,1.0
2016-09-28,7960,11.14,0.0,0.0,0.0,0.0
2016-10-01,7520,10.87,0.0,0.0,0.0,0.0
2016-10-06,7710,10.99,1.0,1.0,1.0,1.0
2016-10-07,8230,11.3,1.0,1.0,1.0,1.0
2016-10-08,10100,12.32,2.0,1.0,1.0,2.0
2016-10-09,31000,20.1,2.0,1.0,1.0,2.0
2016-10-10,20100,16.57,0.0,0.0,0.0,0.0
2016-10-11,14900,14.58,0.0,0.0,0.0,0.0
2016-10-12,13200,13.81,2.0,1.0,0.0,2.0
2016-10-13,13300,13.88,3.0,2.0,1.0,3.0
2016-10-14,27900,19.13,3.0,2.0,2.0,3.0
2016-10-15,40700,22.91,3.0,2.0,2.0,3.0
2016-10-16,33700,21.0,1.0,1.0,0.0,1.0
2016-10-19,30500,20.05,1.0,1.0,1.0,1.0
2016-10-20,33000,20.71,1.0,1.0,1.0,1.0
2016-10-24,22400,17.38,2.0,1.0,1.0,2.0
2016-10-25,21200,16.97,2.0,1.0,1.0,2.0
2016-10-26,20800,16.84,2.0,1.0,0.0,2.0
2016-10-27,36700,21.8,2.0,1.0,0.0,2.0
2016-10-28,32900,20.77,0.0,0.0,0.0,0.0
2016-10-31,24200,18.01,0.0,0.0,0.0,0.0
2016-11-01,28400,19.4,3.0,3.0,3.0,3.0
2016-11-02,30400,20.01,3.0,3.0,3.0,3.0
2016-11-03,34000,21.1,3.0,3.0,3.0,3.0
2016-11-04,29700,19.82,3.0,3.0,3.0,3.0
2016-11-05,29300,19.69,3.0,3.0,3.0,3.0
2016-11-07,34600,21.24,4.0,4.0,4.0,4.0
2016-11-08,25700,18.5,4.0,4.0,4.0,4.0
2016-11-09,22900,17.56,4.0,4.0,4.0,4.0
2016-11-10,23000,17.62,3.0,3.0,2.0,3.0
2016-11-11,20800,16.84,3.0,3.0,2.0,3.0
2016-11-12,20700,16.8,3.0,3.0,2.0,3.0
2016-11-13,29300,19.67,1.0,1.0,1.0,1.0
2016-11-14,31700,20.38,1.0,1.0,1.0,1.0
2016-11-19,21100,16.94,1.0,1.0,0.0,1.0
2016-11-20,19700,16.47,1.0,1.0,0.0,1.0
2016-11-22,20900,16.89,0.0,0.0,0.0,0.0
2016-11-26,24200,17.99,1.0,0.0,0.0,1.0
2016-12-02,19500,16.37,0.0,0.0,0.0,0.0
2016-12-13,14400,14.36,0.0,0.0,0.0,0.0
2016-12-14,13900,14.16,0.0,0.0,0.0,0.0
2016-12-15,12500,13.48,0.0,0.0,0.0,0.0
2016-12-19,11000,12.78,1.0,1.0,1.0,1.0
2016-12-20,11400,12.98,1.0,0.0,0.0,1.0
2017-01-10,11800,13.2,0.0,0.0,0.0,0.0
2017-01-15,11600,13.09,0.0,0.0,0.0,0.0
2017-01-16,11500,13.06,4.0,4.0,3.0,4.0
2017-01-17,11400,13.01,4.0,4.0,3.0,4.0
2017-01-18,22500,17.31,4.0,4.0,3.0,4.0
2017-01-19,29000,19.57,4.0,4.0,3.0,4.0
2017-01-21,19000,16.17,0.0,0.0,0.0,0.0
2017-01-29,10000,12.28,0.0,0.0,0.0,0.0
2017-02-05,12300,13.4,0.0,0.0,0.0,0.0
2017-02-08,12500,13.52,2.0,2.0,0.0,2.0
2017-02-09,18800,15.95,2.0,2.0,2.0,2.0
2017-02-10,32900,20.76,2.0,2.0,2.0,2.0
2017-02-14,14900,14.54,4.0,4.0,4.0,4.0
2017-02-15,22400,17.32,4.0,4.0,4.0,4.0
2017-02-16,47500,24.55,4.0,4.0,4.0,4.0
2017-02-19,25000,18.65,0.0,0.0,0.0,0.0
2017-03-02,11400,13.36,0.0,0.0,0.0,0.0
2017-03-09,13200,14.22,1.0,0.0,0.0,1.0
2017-03-10,16600,15.65,1.0,0.0,0.0,1.0
2017-03-12,19500,16.78,2.0,2.0,0.0,2.0
2017-03-13,20100,17.0,2.0,2.0,0.0,2.0
2017-03-14,25900,18.91,1.0,1.0,0.0,1.0
2017-03-15,41900,23.32,1.0,1.0,0.0,1.0
2017-03-17,28200,19.63,1.0,0.0,0.0,1.0
2017-03-18,34600,21.37,1.0,0.0,0.0,1.0
2017-03-19,45000,24.05,0.0,0.0,0.0,0.0
2017-03-28,19200,16.66,1.0,1.0,0.0,1.0
2017-03-29,25000,18.63,1.0,1.0,0.0,1.0
2017-04-03,18000,16.2,0.0,0.0,0.0,0.0
2017-04-04,16800,15.73,1.0,1.0,1.0,1.0
2017-04-05,16500,15.64,1.0,1.0,1.0,1.0
2017-04-15,17300,15.95,0.0,0.0,0.0,0.0
2017-04-19,17800,16.13,0.0,0.0,0.0,0.0
2017-04-23,19000,16.61,0.0,0.0,0.0,0.0
2017-04-30,16700,15.71,0.0,0.0,0.0,0.0
2017-05-02,15700,15.3,0.0,1.0,0.0,1.0
2017-05-03,16200,15.51,0.0,1.0,2.0,2.0
2017-05-04,20500,17.12,0.0,0.0,2.0,2.0
2017-05-06,40500,,0.0,0.0,0.0,0.0
2017-05-12,26500,19.14,0.0,0.0,0.0,0.0
2017-05-17,19000,16.58,0.0,0.0,0.0,0.0
2017-05-18,17200,15.91,0.0,0.0,0.0,0.0
2017-06-06,25100,18.71,0.0,0.0,0.0,0.0
2017-06-07,28400,19.72,2.0,2.0,0.0,2.0
2017-06-08,33100,21.05,2.0,2.0,0.0,2.0
2017-06-11,25900,18.95,0.0,0.0,0.0,0.0
2017-06-12,24600,18.53,0.0,0.0,0.0,0.0
2017-06-15,20800,17.25,1.0,1.0,1.0,1.0
2017-06-16,27600,19.43,1.0,1.0,1.0,1.0
2017-06-17,26900,19.24,2.0,2.0,1.0,2.0
2017-06-18,22600,17.87,2.0,2.0,1.0,2.0
2017-06-28,22300,17.77,0.0,0.0,0.0,0.0
2017-07-01,21600,17.53,0.0,0.0,0.0,0.0
2017-07-02,21400,17.47,0.0,0.0,0.0,0.0
2017-07-05,18200,16.31,0.0,0.0,0.0,0.0
2017-07-11,17400,15.98,0.0,0.0,0.0,0.0
2017-07-15,15400,15.17,0.0,0.0,0.0,0.0
2017-07-19,11400,13.36,0.0,0.0,0.0,0.0
2017-07-21,10900,13.12,1.0,2.0,2.0,2.0
2017-07-22,10500,12.94,1.0,2.0,2.0,2.0
2017-07-23,10800,13.08,1.0,2.0,2.0,2.0
2017-07-26,10500,12.93,0.0,0.0,0.0,0.0
2017-08-13,9110,12.2,0.0,0.0,0.0,0.0
2017-08-17,8650,11.94,0.0,0.0,0.0,0.0
2017-08-21,6810,10.83,0.0,0.0,0.0,0.0
2017-08-22,7650,11.35,0.0,0.0,0.0,0.0
2017-09-09,8220,11.69,1.0,0.0,0.0,1.0
2017-09-12,7920,11.51,0.0,0.0,0.0,0.0
2017-09-17,7200,11.08,1.0,1.0,1.0,1.0
2017-09-24,6900,10.89,0.0,0.0,0.0,0.0
2017-10-04,6670,10.74,0.0,0.0,0.0,0.0
2017-10-06,6870,10.86,1.0,0.0,0.0,1.0
2017-10-07,6630,10.71,1.0,0.0,0.0,1.0
2017-10-15,6700,10.76,0.0,0.0,0.0,0.0
2017-10-16,6800,10.82,3.0,3.0,3.0,3.0
2017-10-17,8560,11.89,3.0,3.0,3.0,3.0
2017-10-18,12700,13.97,4.0,4.0,4.0,4.0
2017-10-19,36400,21.73,4.0,4.0,4.0,4.0
2017-10-21,22500,17.81,3.0,3.0,1.0,3.0
2017-10-22,37900,22.13,3.0,3.0,1.0,3.0
2017-10-25,16400,15.6,1.0,1.0,1.0,1.0
2017-10-31,11900,13.64,0.0,0.0,0.0,0.0
2017-11-03,12100,13.74,0.0,0.0,0.0,0.0
2017-11-05,11100,13.25,0.0,0.0,0.0,0.0
2017-11-08,8690,11.96,1.0,0.0,0.0,1.0
2017-11-09,8960,12.12,1.0,0.0,0.0,1.0
2017-11-12,9670,12.5,2.0,2.0,0.0,2.0
2017-11-13,11800,13.58,2.0,2.0,0.0,2.0
2017-11-14,14900,14.99,2.0,2.0,1.0,2.0
2017-11-15,15900,15.39,1.0,1.0,1.0,1.0
2017-11-19,13300,14.27,2.0,2.0,2.0,2.0
2017-11-20,15100,15.06,2.0,2.0,2.0,2.0
2017-11-21,19500,16.75,4.0,4.0,4.0,4.0
2017-11-22,50600,24.96,4.0,4.0,4.0,4.0
2017-11-23,76900,30.22,4.0,4.0,4.0,4.0
2017-11-25,55900,25.94,3.0,3.0,3.0,3.0
2017-11-26,40600,22.49,3.0,3.0,3.0,3.0
2017-11-28,38900,22.09,0.0,0.0,0.0,0.0
2017-12-07,16500,15.13,0.0,0.0,0.0,0.0
2017-12-11,15400,14.68,0.0,0.0,0.0,0.0
2017-12-15,12900,13.61,0.0,0.0,0.0,0.0
2017-12-17,12200,13.26,1.0,1.0,1.0,1.0
2017-12-18,18400,15.86,1.0,1.0,1.0,1.0
2017-12-19,19800,16.38,1.0,0.0,0.0,1.0
2017-12-20,20700,16.71,0.0,0.0,0.0,0.0
2017-12-29,14700,14.4,1.0,1.0,0.0,1.0
2017-12-30,23800,17.73,1.0,1.0,0.0,1.0
2018-01-03,16400,15.11,0.0,0.0,0.0,0.0
2018-01-04,15900,14.89,1.0,1.0,0.0,1.0
2018-01-05,15100,14.54,1.0,1.0,1.0,1.0
2018-01-07,17600,15.54,1.0,1.0,0.0,1.0
2018-01-08,18600,15.96,1.0,1.0,0.0,1.0
2018-01-15,24200,17.91,1.0,1.0,0.0,1.0
2018-01-16,22700,17.39,1.0,1.0,0.0,1.0
2018-01-17,24400,17.97,3.0,3.0,2.0,3.0
2018-01-18,28300,19.17,3.0,3.0,2.0,3.0
2018-01-20,23800,17.75,1.0,1.0,1.0,1.0
2018-01-21,24700,18.05,1.0,1.0,1.0,1.0
2018-01-28,22600,17.36,2.0,2.0,2.0,2.0
2018-01-29,28100,19.08,2.0,2.0,2.0,2.0
2018-01-30,39900,22.34,0.0,0.0,0.0,0.0
2018-02-02,26500,18.64,1.0,0.0,0.0,1.0
2018-02-03,34000,20.79,1.0,1.0,1.0,1.0
2018-02-04,44500,23.4,1.0,1.0,1.0,1.0
2018-02-06,46700,23.95,0.0,0.0,2.0,2.0
2018-02-07,36500,21.48,0.0,0.0,2.0,2.0
2018-02-08,33700,20.73,0.0,0.0,2.0,2.0
2018-02-12,24700,18.05,0.0,0.0,0.0,0.0
2018-02-13,22800,17.43,0.0,0.0,0.0,0.0
2018-02-19,18400,15.89,0.0,0.0,0.0,0.0
2018-03-01,19000,16.08,0.0,0.0,0.0,0.0
2018-03-08,18000,15.7,0.0,0.0,0.0,0.0
2018-03-17,13200,13.73,0.0,0.0,0.0,0.0
2018-03-26,11300,12.81,0.0,0.0,1.0,1.0
2018-03-27,12400,13.37,0.0,0.0,1.0,1.0
2018-04-04,13100,13.69,1.0,0.0,0.0,1.0
2018-04-05,12700,13.51,1.0,0.0,0.0,1.0
2018-04-06,14000,14.08,1.0,0.0,0.0,1.0
2018-04-07,16000,14.91,2.0,1.0,0.0,2.0
2018-04-08,22800,17.43,2.0,1.0,0.0,2.0
2018-04-10,19300,16.22,1.0,1.0,1.0,1.0
2018-04-16,22800,17.44,0.0,0.0,0.0,0.0
2018-04-19,18900,16.04,0.0,0.0,0.0,0.0
2018-04-22,15500,14.74,0.0,0.0,0.0,0.0
2018-05-04,20500,16.62,0.0,0.0,0.0,0.0
2018-05-12,22400,17.3,0.0,0.0,0.0,0.0
2018-05-14,27400,18.9,0.0,0.0,0.0,0.0
2018-05-16,35200,21.12,0.0,0.0,0.0,0.0
2018-05-20,26700,18.71,0.0,0.0,0.0,0.0
2018-05-22,26300,18.56,0.0,0.0,0.0,0.0
2018-05-29,22400,17.31,0.0,0.0,0.0,0.0
2018-05-30,21100,16.84,0.0,0.0,0.0,0.0
2018-06-07,17500,15.52,1.0,1.0,1.0,1.0
2018-06-08,18100,15.75,1.0,1.0,1.0,1.0
2018-06-15,15700,14.81,0.0,0.0,0.0,0.0
2018-06-20,24500,18.0,0.0,0.0,0.0,0.0
2018-06-22,24300,17.92,0.0,0.0,0.0,0.0
2018-06-29,14800,14.59,0.0,0.0,0.0,0.0
2018-06-30,13300,13.98,1.0,1.0,1.0,1.0
2018-07-01,14100,14.33,1.0,0.0,0.0,1.0
2018-07-04,14600,14.53,1.0,0.0,0.0,1.0
2018-07-05,15500,14.9,1.0,0.0,0.0,1.0
2018-07-06,17600,15.75,1.0,0.0,0.0,1.0
2018-07-07,17600,15.76,1.0,0.0,0.0,1.0
2018-07-21,11600,13.19,0.0,0.0,0.0,0.0
2018-08-07,11100,12.94,0.0,0.0,0.0,0.0
2018-08-14,9900,12.32,0.0,0.0,0.0,0.0
2018-08-19,7490,10.96,0.0,0.0,0.0,0.0
2018-08-26,6940,10.61,1.0,1.0,0.0,1.0
2018-08-27,7000,10.65,1.0,1.0,0.0,1.0
2018-09-09,8020,11.28,1.0,1.0,1.0,1.0
2018-09-10,8380,11.49,1.0,1.0,1.0,1.0
2018-09-12,8910,11.78,0.0,0.0,0.0,0.0
2018-09-17,8930,11.8,0.0,0.0,0.0,0.0
2018-09-20,8720,11.68,2.0,2.0,1.0,2.0
2018-09-21,9770,12.26,2.0,2.0,1.0,2.0
2018-09-22,9710,12.22,2.0,2.0,1.0,2.0
2018-09-29,8260,11.42,0.0,0.0,0.0,0.0
2018-09-30,8220,11.39,1.0,1.0,0.0,1.0
2018-10-01,8500,11.56,1.0,1.0,0.0,1.0
2018-10-02,14200,14.34,0.0,0.0,0.0,0.0
2018-10-07,10400,12.59,2.0,1.0,1.0,2.0
2018-10-08,10200,12.49,2.0,1.0,1.0,2.0
2018-10-13,10100,12.42,0.0,0.0,0.0,0.0
2018-10-14,9970,12.36,0.0,0.0,0.0,0.0
2018-10-17,9700,12.22,0.0,0.0,0.0,0.0
2018-10-25,8060,11.3,2.0,2.0,0.0,2.0
2018-10-26,8860,11.74,2.0,2.0,1.0,2.0
2018-10-27,12400,13.56,1.0,1.0,1.0,1.0
2018-10-28,13400,13.96,1.0,1.0,1.0,1.0
2018-10-31,14200,14.36,4.0,4.0,4.0,4.0
2018-11-01,21400,17.05,4.0,4.0,4.0,4.0
2018-11-02,44400,23.58,4.0,4.0,4.0,4.0
2018-11-03,39000,22.25,3.0,3.0,3.0,3.0
2018-11-04,38500,22.13,3.0,3.0,3.0,3.0
2018-11-08,20800,16.93,0.0,0.0,0.0,0.0
2018-11-13,14000,14.28,0.0,0.0,1.0,1.0
2018-11-14,13900,14.24,0.0,0.0,1.0,1.0
2018-11-17,14000,14.3,0.0,0.0,0.0,0.0
2018-11-21,10700,12.74,1.0,1.0,0.0,1.0
2018-11-22,11100,12.91,0.0,0.0,0.0,0.0
2018-11-25,11900,13.32,3.0,3.0,3.0,3.0
2018-11-26,14500,14.49,3.0,3.0,3.0,3.0
2018-11-27,47300,24.14,3.0,3.0,3.0,3.0
2018-12-06,14000,14.27,0.0,0.0,0.0,0.0
2018-12-09,13100,13.88,1.0,1.0,1.0,1.0
2018-12-10,13800,14.21,0.0,0.0,0.0,0.0
2018-12-11,15300,14.84,1.0,1.0,1.0,1.0
2018-12-12,21900,17.31,3.0,3.0,3.0,3.0
2018-12-13,21100,17.06,3.0,3.0,3.0,3.0
2018-12-14,22600,17.58,3.0,3.0,3.0,3.0
2018-12-15,19700,16.54,3.0,3.0,3.0,3.0
2018-12-16,18300,16.02,2.0,2.0,2.0,2.0
2018-12-17,21800,17.3,2.0,2.0,2.0,2.0
2018-12-18,26000,18.64,1.0,1.0,1.0,1.0
2018-12-20,27600,19.18,2.0,2.0,2.0,2.0
2018-12-21,30200,19.93,0.0,0.0,2.0,2.0
2018-12-28,13000,,2.0,2.0,2.0,2.0
2018-12-29,16100,,2.0,2.0,2.0,2.0
2018-12-30,22000,,2.0,0.0,0.0,2.0
2019-01-02,15500,,2.0,2.0,2.0,2.0
2019-01-03,17800,,2.0,2.0,2.0,2.0
2019-01-04,35800,21.47,2.0,2.0,2.0,2.0
2019-01-08,20900,16.97,2.0,2.0,1.0,2.0
2019-01-09,19200,16.36,2.0,2.0,1.0,2.0
2019-01-10,23400,17.85,2.0,2.0,1.0,2.0
2019-01-11,22900,17.66,0.0,0.0,0.0,0.0
2019-01-17,18000,15.92,1.0,0.0,0.0,1.0
2019-01-18,17100,15.56,1.0,1.0,0.0,1.0
2019-01-19,16700,15.4,1.0,1.0,0.0,1.0
2019-01-22,16900,15.51,1.0,1.0,0.0,1.0
2019-01-23,19000,16.29,1.0,1.0,0.0,1.0
2019-01-31,13900,14.25,0.0,1.0,1.0,1.0
2019-02-01,14000,14.28,1.0,1.0,1.0,1.0
2019-02-02,17600,15.74,1.0,0.0,0.0,1.0
2019-02-07,14000,14.28,0.0,0.0,0.0,0.0
2019-02-10,12500,13.6,0.0,0.0,0.0,0.0
2019-02-26,10000,12.4,0.0,0.0,0.0,0.0
2019-03-26,11600,13.19,0.0,0.0,0.0,0.0
2019-03-29,10800,12.79,0.0,0.0,0.0,0.0
2019-04-01,10700,12.72,0.0,0.0,0.0,0.0
2019-04-18,13500,14.04,2.0,2.0,1.0,2.0
2019-04-19,23700,17.54,2.0,2.0,1.0,2.0
2019-04-22,19300,16.31,0.0,1.0,0.0,1.0
2019-04-23,17100,15.49,0.0,1.0,0.0,1.0
2019-05-01,12200,13.46,0.0,0.0,0.0,0.0
2019-05-06,12300,13.52,0.0,0.0,0.0,0.0
2019-05-20,15900,15.03,0.0,0.0,0.0,0.0
2019-05-25,17100,15.5,0.0,0.0,0.0,0.0
2019-05-26,16200,15.14,0.0,0.0,0.0,0.0
2019-05-29,17000,15.46,0.0,0.0,0.0,0.0
2019-06-02,17700,15.74,0.0,0.0,0.0,0.0
2019-06-05,14800,14.58,0.0,0.0,0.0,0.0
2019-06-29,11000,12.92,0.0,0.0,0.0,0.0
2019-07-01,10700,12.75,0.0,0.0,0.0,0.0
2019-07-09,9570,12.2,1.0,1.0,1.0,1.0
2019-07-10,9930,12.39,1.0,1.0,1.0,1.0
2019-07-11,10300,12.55,0.0,0.0,0.0,0.0
2019-07-15,8850,11.82,0.0,0.0,0.0,0.0
2019-07-17,8510,11.64,0.0,1.0,1.0,1.0
2019-07-18,11300,,0.0,1.0,1.0,1.0
2019-07-31,10700,12.79,0.0,0.0,0.0,0.0
2019-08-01,9980,12.41,2.0,3.0,2.0,3.0
2019-08-02,9240,12.03,2.0,3.0,2.0,3.0
2019-08-05,7480,11.05,0.0,0.0,0.0,0.0
2019-08-10,8220,11.47,0.0,0.0,0.0,0.0
2019-08-20,6580,10.5,1.0,1.0,1.0,1.0
2019-08-21,6610,10.52,1.0,1.0,1.0,1.0
2019-08-29,6380,10.37,0.0,0.0,0.0,0.0
2019-09-08,7180,10.87,0.0,0.0,0.0,0.0
2019-09-12,7070,10.8,1.0,1.0,1.0,1.0
2019-09-13,7450,11.03,3.0,3.0,2.0,3.0
2019-09-14,8750,11.77,3.0,3.0,2.0,3.0
2019-09-15,11000,12.9,3.0,3.0,2.0,3.0
2019-09-17,10900,12.88,1.0,1.0,0.0,1.0
2019-09-23,10300,12.57,4.0,2.0,2.0,4.0
2019-09-24,11400,13.12,4.0,2.0,2.0,4.0
2019-09-25,10900,12.87,4.0,3.0,4.0,4.0
2019-09-26,11300,13.03,4.0,3.0,4.0,4.0
2019-09-30,10100,12.5,0.0,0.0,0.0,0.0
2019-10-04,9170,11.99,0.0,0.0,0.0,0.0
2019-10-07,9720,12.28,2.0,2.0,2.0,2.0
2019-10-08,18000,15.74,2.0,2.0,2.0,2.0
2019-10-15,9690,12.27,2.0,2.0,2.0,2.0
2019-10-16,9550,12.2,2.0,2.0,2.0,2.0
2019-10-17,10400,12.6,2.0,2.0,2.0,2.0
2019-10-20,17600,15.68,0.0,0.0,0.0,0.0
2019-10-21,17800,15.76,2.0,2.0,2.0,2.0
2019-10-22,38700,21.78,2.0,2.0,2.0,2.0
2019-10-25,16500,15.28,0.0,0.0,1.0,1.0
2019-10-30,12400,13.57,0.0,0.0,0.0,0.0
2019-11-02,11200,13.01,0.0,0.0,0.0,0.0
2019-11-04,9440,12.13,0.0,0.0,0.0,0.0
2019-11-06,8390,11.57,0.0,0.0,0.0,0.0
2019-11-12,7820,11.25,0.0,0.0,0.0,0.0
2019-11-16,8680,11.73,2.0,2.0,2.0,2.0
2019-11-17,11700,13.12,2.0,2.0,2.0,2.0
2019-11-23,10200,12.51,0.0,1.0,1.0,1.0
2019-11-24,10400,12.62,0.0,1.0,1.0,1.0
2019-11-26,10500,12.65,0.0,0.0,0.0,0.0
2019-12-02,8570,11.67,0.0,0.0,0.0,0.0
2019-12-11,10000,12.44,0.0,0.0,0.0,0.0
2019-12-18,11600,13.18,0.0,0.0,0.0,0.0
2019-12-19,11600,13.19,2.0,2.0,0.0,2.0
2019-12-20,21000,16.64,2.0,2.0,0.0,2.0
2019-12-30,11400,13.17,0.0,0.0,2.0,2.0
2019-12-31,12500,13.65,2.0,2.0,2.0,2.0
2020-01-01,23100,17.59,2.0,2.0,2.0,2.0
2020-01-02,27100,18.89,2.0,2.0,2.0,2.0
2020-01-03,21800,17.21,2.0,2.0,2.0,2.0
2020-01-04,22600,17.47,2.0,2.0,2.0,2.0
2020-01-06,19900,16.55,1.0,1.0,1.0,1.0
2020-01-07,37700,21.75,1.0,1.0,1.0,1.0
2020-01-08,44800,23.53,0.0,0.0,0.0,0.0
2020-01-09,30000,19.7,0.0,0.0,0.0,0.0
2020-01-17,14000,14.31,0.0,0.0,0.0,0.0
2020-01-18,13500,14.11,0.0,1.0,0.0,1.0
2020-01-19,12100,13.48,1.0,1.0,0.0,1.0
2020-01-20,13700,14.18,1.0,1.0,0.0,1.0
2020-01-21,13000,13.91,1.0,0.0,0.0,1.0
2020-01-22,15600,14.96,2.0,2.0,0.0,2.0
2020-01-23,25300,18.23,2.0,2.0,2.0,2.0
2020-01-24,44700,23.52,2.0,2.0,2.0,2.0
2020-01-28,24600,18.12,0.0,0.0,0.0,0.0
2020-01-29,26400,18.69,1.0,1.0,1.0,1.0
2020-01-30,26900,18.82,3.0,3.0,3.0,3.0
2020-01-31,29000,19.44,3.0,3.0,3.0,3.0
2020-02-01,56400,26.01,3.0,3.0,3.0,3.0
2020-02-03,43600,23.24,0.0,0.0,0.0,0.0
2020-02-04,32100,20.33,3.0,3.0,3.0,3.0
2020-02-05,28700,19.36,3.0,3.0,3.0,3.0
2020-02-06,31000,20.03,3.0,3.0,3.0,3.0
2020-02-07,32600,20.48,3.0,3.0,3.0,3.0
2020-02-08,33900,20.83,0.0,0.0,0.0,0.0
2020-02-12,21000,16.94,0.0,0.0,0.0,0.0
2020-02-13,22100,17.32,0.0,0.0,0.0,0.0
2020-02-24,15300,14.84,0.0,0.0,0.0,0.0
2020-03-02,13800,14.24,1.0,1.0,1.0,1.0
2020-03-03,15400,14.88,1.0,1.0,1.0,1.0
2020-03-11,13600,14.14,0.0,0.0,0.0,0.0
2020-03-15,11800,13.34,0.0,0.0,0.0,0.0
2020-03-20,10200,12.63,0.0,0.0,0.0,0.0
2020-03-23,10400,12.68,0.0,0.0,0.0,0.0
2020-03-26,10100,12.58,0.0,0.0,0.0,0.0
2020-04-14,10600,12.81,0.0,0.0,0.0,0.0
2020-04-17,11000,13.0,0.0,0.0,0.0,0.0
2020-04-25,15000,14.71,0.0,0.0,0.0,0.0
2020-05-03,19100,16.29,0.0,0.0,0.0,0.0
2020-05-04,17900,15.85,0.0,0.0,0.0,0.0
2020-05-16,18300,16.0,1.0,0.0,0.0,1.0
2020-05-17,19400,16.38,1.0,0.0,0.0,1.0
2020-05-19,20600,16.8,0.0,0.0,0.0,0.0
2020-05-20,19900,16.56,0.0,0.0,0.0,0.0
2020-05-28,23100,17.64,0.0,0.0,0.0,0.0
2020-05-30,30800,19.95,0.0,0.0,0.0,0.0
2020-06-16,23100,17.66,0.0,0.0,0.0,0.0
2020-06-20,25500,18.42,0.0,0.0,0.0,0.0
2020-06-22,25400,18.38,0.0,2.0,2.0,2.0
2020-06-23,26500,18.73,0.0,2.0,2.0,2.0
2020-06-24,30300,19.83,0.0,2.0,2.0,2.0
2020-06-25,32600,20.47,0.0,0.0,0.0,0.0
2020-06-26,31500,20.17,1.0,1.0,1.0,1.0
2020-06-27,29500,19.61,1.0,1.0,1.0,1.0
2020-07-12,15300,14.86,0.0,0.0,0.0,0.0
2020-07-14,16500,15.32,0.0,0.0,0.0,0.0
2020-07-15,16500,15.31,1.0,0.0,0.0,1.0
2020-07-16,17700,15.77,1.0,0.0,0.0,1.0
2020-07-20,17800,15.82,0.0,0.0,0.0,0.0
2020-07-25,15200,14.82,0.0,0.0,0.0,0.0
2020-08-02,11900,13.4,0.0,0.0,0.0,0.0
2020-08-08,10600,12.79,0.0,0.0,0.0,0.0
2020-08-15,8880,11.94,0.0,0.0,0.0,0.0
2020-08-19,9830,12.42,3.0,3.0,3.0,3.0
2020-08-20,9600,12.31,3.0,3.0,3.0,3.0
2020-08-21,9720,12.37,3.0,3.0,3.0,3.0
2020-08-22,10200,12.62,0.0,3.0,3.0,3.0
2020-08-28,8000,11.47,0.0,0.0,0.0,0.0
2020-08-30,6940,10.86,2.0,2.0,2.0,2.0
2020-08-31,6820,10.79,2.0,2.0,2.0,2.0
2020-09-01,6810,10.78,2.0,2.0,2.0,2.0
2020-09-02,6840,10.8,0.0,1.0,1.0,1.0
2020-09-03,7000,10.9,0.0,1.0,1.0,1.0
2020-09-05,7110,10.96,0.0,0.0,0.0,0.0
2020-09-06,6730,10.73,0.0,0.0,0.0,0.0
2020-09-08,7270,11.05,0.0,0.0,0.0,0.0
2020-09-09,7890,11.4,0.0,0.0,0.0,0.0
2020-09-10,7990,11.46,0.0,0.0,0.0,0.0
2020-09-13,8000,11.46,0.0,0.0,0.0,0.0
2020-09-14,7900,11.41,3.0,1.0,0.0,3.0
2020-09-15,7720,11.31,3.0,1.0,0.0,3.0
2020-09-16,8000,11.46,3.0,1.0,0.0,3.0
2020-09-17,8630,11.81,3.0,0.0,0.0,3.0
2020-09-22,9750,12.39,3.0,3.0,0.0,3.0
2020-09-23,9990,12.49,3.0,3.0,3.0,3.0
2020-09-24,19300,15.99,3.0,3.0,3.0,3.0
2020-09-25,22100,17.0,1.0,2.0,1.0,2.0
2020-09-27,19100,15.92,0.0,0.0,0.0,0.0
2020-10-09,11100,12.65,2.0,2.0,2.0,2.0
2020-10-10,13600,13.74,2.0,2.0,2.0,2.0
2020-10-11,19800,16.18,1.0,1.0,0.0,1.0
2020-10-12,27300,18.67,1.0,1.0,0.0,1.0
2020-10-13,25400,18.09,3.0,2.0,1.0,3.0
2020-10-14,33500,20.56,3.0,2.0,1.0,3.0
2020-10-15,27000,18.61,2.0,2.0,3.0,3.0
2020-10-16,21400,16.75,2.0,2.0,3.0,3.0
2020-10-17,35700,21.15,2.0,2.0,3.0,3.0
2020-10-18,27700,18.84,2.0,2.0,3.0,3.0
2020-10-19,29400,19.34,2.0,2.0,3.0,3.0
2020-10-20,24600,17.84,2.0,2.0,3.0,3.0
2020-10-23,17800,15.42,1.0,1.0,0.0,1.0
2020-10-24,18500,15.7,1.0,1.0,0.0,1.0
2020-10-27,15800,14.63,0.0,0.0,0.0,0.0
2020-10-30,20200,16.33,1.0,1.0,1.0,1.0
2020-11-03,15300,14.44,4.0,4.0,3.0,4.0
2020-11-04,22400,17.04,4.0,4.0,3.0,4.0
2020-11-05,46100,23.66,4.0,4.0,3.0,4.0
2020-11-16,20000,16.25,3.0,3.0,2.0,3.0
2020-11-17,24300,17.73,3.0,3.0,2.0,3.0
2020-11-18,29200,19.31,3.0,3.0,0.0,3.0
2020-11-24,18300,15.61,0.0,0.0,0.0,0.0
2020-11-27,18000,15.49,0.0,0.0,1.0,1.0
2020-11-28,16700,15.01,0.0,1.0,1.0,1.0
2020-11-30,17300,15.24,1.0,1.0,1.0,1.0
2020-12-07,15100,14.35,2.0,3.0,3.0,3.0
2020-12-08,15700,14.59,2.0,3.0,3.0,3.0
2020-12-11,17400,15.27,0.0,0.0,0.0,0.0
2020-12-13,15700,14.59,0.0,0.0,0.0,0.0
2020-12-18,18200,15.58,1.0,1.0,1.0,1.0
2020-12-19,19000,15.88,1.0,1.0,1.0,1.0
2020-12-20,23000,17.31,1.0,1.0,1.0,1.0
2020-12-21,25900,18.27,1.0,0.0,0.0,1.0
2020-12-30,16000,15.03,1.0,0.0,0.0,1.0
2020-12-31,20700,16.76,1.0,0.0,0.0,1.0
2021-01-01,21300,16.97,2.0,2.0,1.0,2.0
2021-01-02,29600,19.56,2.0,2.0,1.0,2.0
2021-01-03,40800,22.58,1.0,1.0,1.0,1.0
2021-01-04,35000,21.07,1.0,1.0,0.0,1.0
2021-01-05,35000,21.07,1.0,1.0,1.0,1.0
2021-01-06,35300,21.16,1.0,1.0,1.0,1.0
2021-01-11,20200,16.6,3.0,0.0,0.0,3.0
2021-01-12,28800,19.26,3.0,3.0,1.0,3.0
2021-01-13,49000,24.49,3.0,3.0,1.0,3.0
2021-01-16,25200,18.25,0.0,0.0,0.0,0.0
2021-01-25,16600,15.26,0.0,0.0,0.0,0.0
2021-01-28,15600,14.85,0.0,0.0,0.0,0.0
2021-02-04,17300,15.53,2.0,1.0,1.0,2.0
2021-02-05,20100,16.54,2.0,1.0,1.0,2.0
2021-02-13,16500,15.22,0.0,0.0,0.0,0.0
2021-02-15,17200,15.47,0.0,0.0,0.0,0.0
2021-02-16,16600,15.25,0.0,0.0,0.0,0.0
2021-02-21,13900,14.18,2.0,2.0,2.0,2.0
2021-02-22,22300,17.2,2.0,2.0,2.0,2.0
2021-02-23,27800,19.04,0.0,0.0,0.0,0.0
2021-03-04,14600,14.46,2.0,0.0,0.0,2.0
2021-03-05,14900,14.6,2.0,1.0,0.0,2.0
2021-03-10,13900,14.19,0.0,0.0,0.0,0.0
2021-03-13,13200,13.88,0.0,0.0,0.0,0.0
2021-03-18,11300,13.01,0.0,0.0,0.0,0.0
2021-03-20,12500,13.57,0.0,0.0,0.0,0.0
2021-03-29,12600,13.61,0.0,0.0,0.0,0.0
2021-04-04,11300,13.05,0.0,0.0,0.0,0.0
2021-04-08,11400,13.08,0.0,0.0,0.0,0.0
2021-04-11,10700,12.73,0.0,0.0,0.0,0.0
2021-04-22,17900,15.77,0.0,0.0,0.0,0.0
2021-04-24,17200,15.5,0.0,0.0,0.0,0.0
2021-04-26,16400,15.17,0.0,0.0,0.0,0.0
2021-04-29,14400,14.4,0.0,0.0,0.0,0.0
2021-05-08,16400,15.17,0.0,0.0,0.0,0.0
2021-05-09,14200,14.36,0.0,0.0,0.0,0.0
2021-05-15,18600,15.99,0.0,0.0,0.0,0.0
2021-05-21,15300,14.76,0.0,0.0,0.0,0.0
2021-05-22,14500,14.46,0.0,0.0,0.0,0.0
2021-05-25,17000,15.42,0.0,0.0,0.0,0.0
2021-05-26,17600,15.64,1.0,1.0,0.0,1.0
2021-05-27,18900,16.07,1.0,1.0,0.0,1.0
2021-06-08,19800,16.4,0.0,0.0,0.0,0.0
2021-06-12,15100,14.69,2.0,0.0,0.0,2.0
2021-06-13,17200,15.49,2.0,2.0,0.0,2.0
2021-06-14,22300,17.24,2.0,2.0,0.0,2.0
2021-06-19,27300,18.77,1.0,1.0,1.0,1.0
2021-06-20,26800,18.64,1.0,0.0,0.0,1.0
2021-06-22,31300,19.93,0.0,0.0,0.0,0.0
2021-06-25,31600,20.02,0.0,1.0,0.0,1.0
2021-06-26,34000,20.68,0.0,1.0,0.0,1.0
2021-07-07,19400,16.25,0.0,0.0,0.0,0.0
2021-07-09,18400,15.9,0.0,0.0,0.0,0.0
2021-07-13,15400,14.81,0.0,0.0,0.0,0.0
2021-08-01,9470,12.29,0.0,0.0,0.0,0.0
2021-08-06,9170,12.12,2.0,2.0,2.0,2.0
2021-08-07,9460,12.25,2.0,2.0,2.0,2.0
2021-08-08,10900,12.91,2.0,0.0,0.0,2.0
2021-08-09,10300,12.62,0.0,1.0,0.0,1.0
2021-08-10,11100,12.96,1.0,1.0,0.0,1.0
2021-08-11,10800,12.83,1.0,1.0,0.0,1.0
2021-08-15,11300,13.04,0.0,1.0,1.0,1.0
2021-08-16,10600,12.69,0.0,1.0,1.0,1.0
2021-08-18,8320,11.59,1.0,0.0,0.0,1.0
2021-08-19,8000,11.42,1.0,0.0,0.0,1.0
2021-08-23,7580,11.16,0.0,0.0,0.0,0.0
2021-08-27,6930,10.76,0.0,0.0,0.0,0.0
2021-09-04,6700,10.56,1.0,1.0,1.0,1.0
2021-09-05,6510,10.45,1.0,1.0,1.0,1.0
2021-09-08,8260,11.36,0.0,0.0,1.0,1.0
2021-09-09,8440,11.45,0.0,1.0,1.0,1.0
2021-09-10,8460,11.45,0.0,1.0,1.0,1.0
2021-09-13,8280,11.33,0.0,0.0,0.0,0.0
2021-09-15,8390,11.37,0.0,0.0,0.0,0.0
2021-09-17,8130,11.22,4.0,4.0,4.0,4.0
2021-09-18,19800,15.79,4.0,4.0,4.0,4.0
2021-09-26,11000,12.59,2.0,3.0,2.0,3.0
2021-09-27,14900,14.16,2.0,3.0,2.0,3.0
2021-09-29,19500,15.92,3.0,3.0,3.0,3.0
2021-09-30,20100,16.1,3.0,3.0,3.0,3.0
2021-10-02,20100,16.15,0.0,1.0,1.0,1.0
2021-10-03,15200,14.34,0.0,1.0,1.0,1.0
2021-10-05,13000,13.47,1.0,0.0,0.0,1.0
2021-10-07,13400,13.63,0.0,0.0,0.0,0.0
2021-10-09,12400,13.18,1.0,1.0,1.0,1.0
2021-10-10,13500,13.64,1.0,1.0,1.0,1.0
2021-10-15,13500,13.64,3.0,4.0,4.0,4.0
2021-10-16,16200,14.72,3.0,4.0,4.0,4.0
2021-10-17,17100,15.08,3.0,4.0,4.0,4.0
2021-10-20,12100,13.06,3.0,3.0,0.0,3.0
2021-10-21,13900,13.81,3.0,3.0,2.0,3.0
2021-10-22,14300,13.97,3.0,3.0,2.0,3.0
2021-10-24,15100,14.3,2.0,2.0,1.0,2.0
2021-10-25,16600,14.86,2.0,2.0,1.0,2.0
2021-10-26,23700,17.35,2.0,2.0,1.0,2.0
2021-10-27,28300,18.77,3.0,2.0,1.0,3.0
2021-10-28,30600,19.4,3.0,2.0,1.0,3.0
2021-10-29,64500,27.57,3.0,2.0,1.0,3.0
2021-11-01,25200,17.82,1.0,0.0,0.0,1.0
2021-11-02,20500,16.28,3.0,3.0,3.0,3.0
2021-11-03,21000,16.45,3.0,3.0,3.0,3.0
2021-11-04,22800,17.03,3.0,3.0,3.0,3.0
2021-11-08,22400,16.94,0.0,0.0,0.0,0.0
2021-11-09,21200,16.52,1.0,0.0,0.0,1.0
2021-11-11,25900,18.04,2.0,2.0,2.0,2.0
2021-11-12,44600,23.02,2.0,2.0,2.0,2.0
2021-11-13,65200,27.74,4.0,4.0,4.0,4.0
2021-11-14,62200,27.12,4.0,4.0,4.0,4.0
2021-11-15,94100,,4.0,4.0,4.0,4.0
2021-11-16,119000,,0.0,0.0,0.0,0.0
2021-11-19,65500,27.81,0.0,0.0,0.0,0.0
2021-11-23,38800,21.7,0.0,0.0,0.0,0.0
2021-11-24,32600,20.02,0.0,0.0,2.0,2.0
2021-11-25,28000,18.7,2.0,2.0,2.0,2.0
2021-11-26,38700,21.66,2.0,2.0,2.0,2.0
2021-11-27,40200,22.06,3.0,3.0,3.0,3.0
2021-11-28,55800,25.66,3.0,3.0,3.0,3.0
2021-11-29,71100,28.94,0.0,0.0,3.0,3.0
2021-11-30,62200,27.11,3.0,3.0,4.0,4.0
2021-12-01,64000,27.5,3.0,3.0,4.0,4.0
2021-12-02,62500,27.19,3.0,3.0,4.0,4.0
2021-12-03,60000,26.66,0.0,0.0,0.0,0.0
2021-12-10,20100,,1.0,1.0,1.0,1.0
2021-12-11,21300,,1.0,1.0,1.0,1.0
2021-12-18,16500,,1.0,1.0,1.0,1.0
2021-12-30,13800,13.77,0.0,0.0,0.0,0.0
2022-01-02,12700,13.33,1.0,1.0,1.0,1.0
2022-01-03,13900,13.83,1.0,1.0,1.0,1.0
2022-01-05,12600,13.28,3.0,0.0,0.0,3.0
2022-01-06,12800,13.37,3.0,2.0,2.0,3.0
2022-01-07,23900,17.31,3.0,2.0,2.0,3.0
2022-01-10,16900,14.98,1.0,0.0,0.0,1.0
2022-01-11,19100,15.8,2.0,2.0,2.0,2.0
2022-01-12,39900,,2.0,2.0,2.0,2.0
2022-01-13,46800,,2.0,2.0,2.0,2.0
2022-01-20,26500,18.19,1.0,1.0,1.0,1.0
2022-01-29,19900,16.09,0.0,2.0,2.0,2.0
2022-01-30,19400,15.92,1.0,2.0,2.0,2.0
2022-02-02,18400,15.55,0.0,0.0,0.0,0.0
2022-02-04,15500,14.47,0.0,0.0,0.0,0.0
2022-02-07,15600,14.49,0.0,0.0,0.0,0.0
2022-02-26,14100,13.89,1.0,1.0,0.0,1.0
2022-02-27,13700,13.76,2.0,2.0,0.0,2.0
2022-02-28,20800,16.3,2.0,2.0,0.0,2.0
2022-03-01,43700,22.91,2.0,2.0,0.0,2.0
2022-03-04,26400,18.2,0.0,0.0,0.0,0.0
2022-03-14,15700,14.54,1.0,1.0,0.0,1.0
2022-03-15,18000,15.39,1.0,1.0,0.0,1.0
2022-03-16,18400,15.55,0.0,0.0,0.0,0.0
2022-03-17,16400,14.83,0.0,0.0,0.0,0.0
2022-03-19,16400,14.8,0.0,0.0,0.0,0.0
2022-03-29,16700,14.92,0.0,0.0,0.0,0.0
2022-04-02,14300,13.98,0.0,0.0,0.0,0.0
2022-04-03,13900,13.83,1.0,0.0,0.0,1.0
2022-04-04,16600,14.87,1.0,0.0,0.0,1.0
2022-04-07,16000,14.64,1.0,1.0,1.0,1.0
2022-04-08,16100,14.69,1.0,1.0,1.0,1.0
2022-04-10,15700,14.54,0.0,0.0,0.0,0.0
2022-04-15,12900,13.39,0.0,0.0,0.0,0.0
2022-04-16,12500,13.25,0.0,0.0,0.0,0.0
2022-04-28,12600,13.29,0.0,0.0,0.0,0.0
2022-05-03,12500,13.23,0.0,1.0,1.0,1.0
2022-05-04,12900,13.39,1.0,1.0,1.0,1.0
2022-05-05,14300,13.99,1.0,1.0,1.0,1.0
2022-05-13,13800,13.78,0.0,0.0,0.0,0.0
2022-05-16,19600,15.94,0.0,0.0,0.0,0.0
2022-05-18,19500,15.95,1.0,1.0,1.0,1.0
2022-05-20,18100,15.43,0.0,0.0,0.0,0.0
2022-05-22,15900,14.6,0.0,0.0,0.0,0.0
2022-05-25,16200,14.73,0.0,0.0,0.0,0.0
2022-06-04,33200,20.18,1.0,1.0,1.0,1.0
2022-06-05,32000,19.85,1.0,1.0,1.0,1.0
2022-06-09,31800,19.8,2.0,1.0,1.0,2.0
2022-06-10,46500,23.57,2.0,1.0,1.0,2.0
2022-06-12,38200,21.53,0.0,0.0,0.0,0.0
2022-06-15,26900,18.37,0.0,0.0,0.0,0.0
2022-06-21,23900,17.45,0.0,0.0,1.0,1.0
2022-06-22,25800,18.03,0.0,0.0,1.0,1.0
2022-06-24,27700,18.64,0.0,0.0,0.0,0.0
2022-06-29,32500,20.03,0.0,0.0,0.0,0.0
2022-07-03,37800,21.49,0.0,0.0,0.0,0.0
2022-07-05,33800,20.44,0.0,0.0,0.0,0.0
2022-07-14,25700,18.12,0.0,0.0,0.0,0.0
2022-07-18,20800,16.58,0.0,0.0,0.0,0.0
2022-08-05,12600,13.77,0.0,0.0,0.0,0.0
2022-08-18,10900,13.01,0.0,0.0,0.0,0.0
2022-08-26,9420,12.27,0.0,0.0,0.0,0.0
2022-08-27,8860,12.0,1.0,1.0,0.0,1.0
2022-08-28,7900,11.51,1.0,1.0,0.0,1.0
2022-09-01,7490,11.27,0.0,0.0,0.0,0.0
2022-09-04,6880,10.93,1.0,1.0,1.0,1.0
2022-09-12,8210,11.63,0.0,0.0,0.0,0.0
2022-09-19,7910,11.45,0.0,0.0,0.0,0.0
2022-10-04,7150,11.03,0.0,0.0,0.0,0.0
2022-10-24,6650,10.76,1.0,1.0,0.0,1.0
2022-10-27,7440,11.2,2.0,1.0,1.0,2.0
2022-10-28,9180,12.07,2.0,1.0,1.0,2.0
2022-10-29,9320,12.15,0.0,0.0,2.0,2.0
2022-10-30,8220,11.6,2.0,2.0,2.0,2.0
2022-10-31,15900,14.83,2.0,2.0,2.0,2.0
2022-11-01,16400,15.09,0.0,0.0,0.0,0.0
2022-11-03,11000,12.93,3.0,3.0,2.0,3.0
2022-11-04,15300,14.56,3.0,3.0,2.0,3.0
2022-11-05,40000,22.17,3.0,3.0,2.0,3.0
2022-11-20,7920,11.45,0.0,0.0,0.0,0.0
2022-11-24,11000,12.97,0.0,0.0,1.0,1.0
2022-11-25,11300,13.06,0.0,0.0,1.0,1.0
2022-11-27,10900,12.91,0.0,0.0,0.0,0.0
2022-12-05,8280,11.64,0.0,0.0,0.0,0.0
2022-12-06,8790,11.89,0.0,0.0,0.0,0.0
2022-12-23,7220,11.07,4.0,0.0,0.0,4.0
2022-12-24,12400,13.39,4.0,3.0,2.0,4.0
2022-12-25,35900,21.09,4.0,3.0,3.0,4.0
2022-12-26,40500,22.22,3.0,3.0,3.0,3.0
2022-12-27,52300,24.97,2.0,1.0,1.0,2.0
2023-01-04,17200,15.12,2.0,1.0,0.0,2.0
2023-01-05,17300,15.15,2.0,1.0,1.0,2.0
2023-01-06,17200,15.11,2.0,1.0,1.0,2.0
2023-01-07,16700,14.92,1.0,0.0,0.0,1.0
2023-01-09,16300,14.77,0.0,0.0,0.0,0.0
2023-01-10,16500,14.87,0.0,0.0,0.0,0.0
2023-01-11,16500,14.86,3.0,0.0,0.0,3.0
2023-01-12,15800,14.59,3.0,3.0,2.0,3.0
2023-01-13,22200,16.88,3.0,3.0,2.0,3.0
2023-01-14,25900,18.07,3.0,3.0,0.0,3.0
2023-01-28,10500,12.39,0.0,0.0,0.0,0.0
2023-02-19,8900,11.65,1.0,1.0,1.0,1.0
2023-02-20,11400,12.81,1.0,1.0,1.0,1.0
2023-02-21,14700,14.22,1.0,1.0,1.0,1.0
2023-03-16,10500,12.47,0.0,0.0,0.0,0.0
2023-03-18,10100,12.27,0.0,0.0,0.0,0.0
2023-03-24,11000,12.68,0.0,0.0,0.0,0.0
2023-03-30,10100,12.24,0.0,0.0,0.0,0.0
2023-04-05,10000,12.22,0.0,0.0,0.0,0.0
2023-04-06,9990,12.21,1.0,1.0,0.0,1.0
2023-04-07,11200,12.76,1.0,1.0,0.0,1.0
2023-04-09,12400,13.31,1.0,1.0,1.0,1.0
2023-04-10,18200,15.58,1.0,1.0,1.0,1.0
2023-04-15,12200,13.22,0.0,0.0,0.0,0.0
2023-04-28,15200,14.46,0.0,0.0,0.0,0.0
2023-05-14,25300,17.95,0.0,0.0,0.0,0.0
2023-05-15,31400,19.78,0.0,0.0,0.0,0.0
2023-05-22,27900,18.78,0.0,0.0,0.0,0.0
2023-05-25,18000,15.54,0.0,0.0,0.0,0.0
2023-05-31,17700,15.48,0.0,0.0,0.0,0.0
2023-06-03,15000,14.47,0.0,0.0,0.0,0.0
2023-06-04,14300,14.19,0.0,0.0,0.0,0.0
2023-06-16,13200,13.81,0.0,0.0,0.0,0.0
2023-06-26,10200,12.51,0.0,0.0,0.0,0.0
2023-07-03,9300,12.1,0.0,0.0,0.0,0.0
2023-07-04,9600,12.24,0.0,0.0,0.0,0.0
2023-07-08,9160,12.03,0.0,0.0,0.0,0.0
2023-07-22,7800,11.34,0.0,0.0,0.0,0.0
2023-07-23,7690,11.28,0.0,2.0,2.0,2.0
2023-07-24,7570,11.21,2.0,2.0,2.0,2.0
2023-07-25,8110,11.49,2.0,2.0,2.0,2.0
2023-07-26,8740,11.81,0.0,0.0,0.0,0.0
2023-08-12,6680,10.72,1.0,0.0,0.0,1.0
2023-08-13,6690,10.73,1.0,0.0,0.0,1.0
2023-08-14,6850,10.82,0.0,0.0,0.0,0.0
2023-09-07,6480,10.61,0.0,0.0,0.0,0.0
2023-09-12,6400,10.56,0.0,0.0,0.0,0.0
2023-09-24,5940,10.3,4.0,4.0,3.0,4.0
2023-09-25,5830,10.23,4.0,4.0,3.0,4.0
2023-09-26,7310,11.06,4.0,4.0,3.0,4.0
2023-09-27,7370,11.11,4.0,4.0,3.0,4.0
2023-10-02,5970,10.31,1.0,0.0,0.0,1.0
2023-10-03,5920,10.28,1.0,1.0,1.0,1.0
2023-10-04,5780,10.2,1.0,1.0,1.0,1.0
2023-10-05,6460,10.59,1.0,0.0,0.0,1.0
2023-10-08,5650,10.12,2.0,2.0,0.0,2.0
2023-10-09,5630,10.11,2.0,2.0,1.0,2.0
2023-10-14,7770,11.32,0.0,0.0,0.0,0.0
2023-10-15,7010,10.9,3.0,3.0,2.0,3.0
2023-10-16,6190,10.44,3.0,3.0,2.0,3.0
2023-10-17,8610,11.71,2.0,3.0,4.0,4.0
2023-10-18,9680,12.28,2.0,3.0,4.0,4.0
2023-10-19,9230,12.06,2.0,3.0,4.0,4.0
2023-10-20,8630,11.76,1.0,3.0,0.0,3.0
2023-10-21,8380,11.64,0.0,0.0,0.0,0.0
2023-10-25,6950,10.88,0.0,0.0,0.0,0.0
2023-11-01,6250,10.48,2.0,2.0,0.0,2.0
2023-11-02,9240,11.9,2.0,2.0,1.0,2.0
2023-11-03,23500,17.44,3.0,3.0,0.0,3.0
2023-11-04,19000,15.96,3.0,3.0,2.0,3.0
2023-11-05,26600,18.41,0.0,3.0,0.0,3.0
2023-11-10,9920,12.4,1.0,1.0,1.0,1.0
2023-11-11,14200,14.19,1.0,1.0,1.0,1.0
2023-11-14,14900,14.52,0.0,0.0,0.0,0.0
2023-11-21,8970,11.93,1.0,1.0,0.0,1.0
2023-11-22,9060,11.98,1.0,1.0,0.0,1.0
2023-11-24,8690,11.8,0.0,0.0,0.0,0.0
2023-11-29,8350,11.62,0.0,0.0,0.0,0.0
2023-12-04,11200,13.0,3.0,3.0,3.0,3.0
2023-12-05,41300,22.07,3.0,3.0,3.0,3.0
2023-12-09,20300,16.48,1.0,1.0,0.0,1.0
2023-12-10,21300,16.8,1.0,1.0,0.0,1.0
2023-12-20,13900,14.29,0.0,0.0,0.0,0.0
2023-12-25,12000,13.49,3.0,3.0,1.0,3.0
2023-12-26,13000,13.92,3.0,3.0,1.0,3.0
2023-12-27,13100,13.98,3.0,3.0,3.0,3.0
2023-12-28,12800,13.83,3.0,3.0,3.0,3.0
2023-12-29,12700,13.79,3.0,3.0,3.0,3.0
2023-12-30,11300,13.2,3.0,3.0,3.0,3.0
2024-01-01,10300,12.74,0.0,0.0,0.0,0.0
2024-01-07,10200,12.69,0.0,0.0,0.0,0.0
2024-01-08,9420,12.32,1.0,1.0,1.0,1.0
2024-01-09,12400,13.6,1.0,1.0,1.0,1.0
2024-01-11,12600,13.76,0.0,0.0,0.0,0.0
2024-01-18,11200,13.14,1.0,1.0,0.0,1.0
2024-01-19,10600,12.85,1.0,1.0,0.0,1.0
2024-01-20,10900,12.99,1.0,1.0,0.0,1.0
2024-01-21,10500,12.85,1.0,0.0,0.0,1.0
2024-01-22,12600,13.74,1.0,0.0,0.0,1.0
2024-01-26,15800,14.97,2.0,2.0,2.0,2.0
2024-01-27,17000,15.37,2.0,2.0,2.0,2.0
2024-01-28,37300,21.31,2.0,3.0,3.0,3.0
2024-01-29,48300,24.21,2.0,3.0,3.0,3.0
2024-01-30,40200,22.24,4.0,3.0,3.0,4.0
2024-01-31,36000,21.15,4.0,3.0,2.0,4.0
2024-02-01,31400,19.89,4.0,3.0,2.0,4.0
2024-02-02,26900,18.55,4.0,3.0,0.0,4.0
2024-02-06,15800,14.95,0.0,0.0,0.0,0.0
2024-02-28,10500,12.69,1.0,1.0,0.0,1.0
2024-02-29,19500,16.14,1.0,1.0,0.0,1.0
2024-03-02,13600,14.03,0.0,0.0,0.0,0.0
2024-03-04,11400,13.05,0.0,0.0,0.0,0.0
2024-03-07,9740,12.28,0.0,0.0,0.0,0.0
2024-03-08,9420,12.11,1.0,1.0,1.0,1.0
2024-03-09,9370,12.08,1.0,1.0,1.0,1.0
2024-03-11,10600,12.65,0.0,0.0,0.0,0.0
2024-03-17,13200,13.75,0.0,0.0,0.0,0.0
2024-03-20,14900,14.42,0.0,0.0,0.0,0.0
2024-03-26,12700,13.51,0.0,0.0,0.0,0.0
2024-04-02,12500,13.43,0.0,0.0,0.0,0.0
2024-04-20,9820,12.23,0.0,0.0,0.0,0.0
2024-05-02,10000,12.32,0.0,0.0,0.0,0.0
2024-05-09,10300,12.44,0.0,0.0,0.0,0.0
2024-05-13,16400,15.01,0.0,0.0,0.0,0.0
2024-05-17,16900,15.2,0.0,0.0,0.0,0.0
2024-05-19,12800,13.55,0.0,0.0,0.0,0.0
2024-05-29,13700,13.96,0.0,0.0,0.0,0.0
2024-06-02,12700,13.51,1.0,0.0,0.0,1.0
2024-06-03,21400,16.72,2.0,1.0,0.0,2.0
2024-06-04,26700,18.49,2.0,1.0,0.0,2.0
2024-06-13,16600,15.07,0.0,0.0,0.0,0.0
2024-06-21,12500,13.46,0.0,0.0,0.0,0.0
2024-06-30,14900,14.42,0.0,0.0,0.0,0.0
2024-07-19,10200,12.42,0.0,0.0,0.0,0.0
2024-08-02,8560,11.61,0.0,0.0,0.0,0.0
2024-08-15,7280,10.93,0.0,0.0,0.0,0.0
2024-08-18,7530,11.07,1.0,0.0,0.0,1.0
2024-08-19,7920,11.28,1.0,0.0,0.0,1.0
2024-08-20,7120,10.85,1.0,0.0,0.0,1.0
2024-08-26,7960,11.3,0.0,1.0,1.0,1.0
2024-08-27,7610,11.11,0.0,1.0,1.0,1.0
2024-08-31,8610,11.63,0.0,0.0,0.0,0.0
2024-09-09,7070,10.82,0.0,0.0,0.0,0.0
2024-09-12,6810,10.68,0.0,0.0,0.0,0.0
2024-09-16,6700,10.61,0.0,0.0,0.0,0.0
2024-09-19,6560,10.54,0.0,0.0,0.0,0.0
2024-09-22,6400,10.44,2.0,2.0,2.0,2.0
2024-09-23,6440,10.47,2.0,2.0,2.0,2.0
2024-09-24,6640,10.58,2.0,2.0,2.0,2.0
2024-09-25,6770,10.65,2.0,2.0,2.0,2.0
2024-09-26,8010,11.32,2.0,2.0,1.0,2.0
2024-09-27,7860,11.25,2.0,2.0,1.0,2.0
2024-10-01,7200,10.89,1.0,1.0,1.0,1.0
2024-10-02,8160,11.4,1.0,0.0,0.0,1.0
2024-10-07,7030,10.8,0.0,0.0,0.0,0.0
2024-10-12,8260,11.46,0.0,0.0,0.0,0.0
2024-10-13,8130,11.39,0.0,2.0,2.0,2.0
2024-10-14,8120,11.39,1.0,2.0,2.0,2.0
2024-10-18,9420,12.04,4.0,4.0,4.0,4.0
2024-10-19,14500,14.13,4.0,4.0,4.0,4.0
2024-10-20,30200,19.54,4.0,4.0,4.0,4.0
2024-10-25,11500,13.02,2.0,2.0,0.0,2.0
2024-10-26,11000,12.79,2.0,2.0,2.0,2.0
2024-10-27,19300,15.83,1.0,1.0,0.0,1.0
2024-11-03,15400,14.62,0.0,0.0,0.0,0.0
2024-11-04,15300,14.6,1.0,1.0,1.0,1.0
2024-11-05,19100,16.01,1.0,0.0,0.0,1.0
2024-11-06,16400,15.0,1.0,0.0,0.0,1.0
2024-11-08,13900,14.04,0.0,1.0,1.0,1.0
2024-11-09,14100,14.13,0.0,1.0,1.0,1.0
2024-11-10,14500,14.27,1.0,0.0,0.0,1.0
2024-11-11,16200,14.93,1.0,0.0,0.0,1.0
2024-11-12,22900,17.28,2.0,2.0,1.0,2.0
2024-11-13,23700,17.54,2.0,2.0,1.0,2.0
2024-11-16,22000,17.0,1.0,1.0,1.0,1.0
2024-11-17,22400,17.14,1.0,1.0,1.0,1.0
2024-11-19,20900,16.61,2.0,2.0,0.0,2.0
2024-11-20,18700,15.87,2.0,2.0,0.0,2.0
2024-11-21,17300,15.36,2.0,2.0,0.0,2.0
2024-11-22,16400,15.03,1.0,0.0,0.0,1.0
2024-11-23,17300,15.33,1.0,0.0,0.0,1.0
2024-11-24,16200,14.93,0.0,0.0,0.0,0.0
2024-12-06,9980,12.31,2.0,3.0,3.0,3.0
2024-12-07,14300,14.03,2.0,3.0,3.0,3.0
2024-12-13,14300,14.19,1.0,1.0,0.0,1.0
2024-12-14,13200,13.72,1.0,1.0,0.0,1.0
2024-12-17,13500,13.87,2.0,2.0,2.0,2.0
2024-12-18,28000,18.66,2.0,2.0,2.0,2.0
2024-12-19,32800,20.24,1.0,1.0,1.0,1.0
2024-12-20,23500,17.49,1.0,1.0,1.0,1.0
2024-12-21,21300,16.76,1.0,1.0,1.0,1.0
2024-12-22,21500,16.81,1.0,1.0,0.0,1.0
2024-12-23,22700,17.2,1.0,1.0,0.0,1.0
2024-12-24,22300,17.08,1.0,1.0,1.0,1.0
2024-12-25,20600,16.5,2.0,1.0,0.0,2.0
2024-12-26,21600,16.83,2.0,1.0,0.0,2.0
2025-01-05,15600,14.56,0.0,0.0,0.0,0.0
2025-01-09,13000,13.48,0.0,0.0,0.0,0.0
2025-01-10,11800,12.97,1.0,1.0,1.0,1.0
2025-01-17,10300,12.32,0.0,0.0,0.0,0.0
2025-01-23,9170,11.77,0.0,0.0,0.0,0.0
2025-02-03,9580,11.96,0.0,0.0,0.0,0.0
2025-02-19,8720,11.54,1.0,1.0,0.0,1.0
2025-02-21,9240,11.8,3.0,3.0,0.0,3.0
2025-02-22,11700,12.93,3.0,3.0,2.0,3.0
2025-02-23,25600,18.02,3.0,3.0,2.0,3.0
2025-02-24,26500,18.43,2.0,0.0,0.0,2.0
2025-02-25,23500,17.49,2.0,0.0,0.0,2.0
2025-03-04,13100,13.56,0.0,0.0,0.0,0.0
2025-03-05,13000,,0.0,0.0,0.0,0.0
2025-03-07,11600,12.88,0.0,0.0,0.0,0.0
2025-03-08,11300,12.74,1.0,1.0,1.0,1.0
2025-03-09,11300,12.76,1.0,1.0,1.0,1.0
2025-03-21,11800,13.0,0.0,0.0,0.0,0.0
2025-03-23,12600,13.34,3.0,3.0,3.0,3.0
2025-03-24,27600,18.67,3.0,3.0,3.0,3.0
2025-03-25,36300,21.23,3.0,3.0,3.0,3.0
2025-03-26,34100,20.65,1.0,1.0,0.0,1.0
2025-03-27,35500,21.01,1.0,1.0,0.0,1.0
2025-03-28,32600,20.2,1.0,0.0,0.0,1.0
2025-04-02,16400,14.83,0.0,0.0,0.0,0.0
2025-04-04,14500,14.02,0.0,0.0,0.0,0.0
2025-04-08,21900,16.94,0.0,0.0,0.0,0.0
2025-04-10,19200,15.94,1.0,1.0,1.0,1.0
2025-04-19,13900,13.79,0.0,0.0,0.0,0.0
2025-04-20,13200,13.49,0.0,0.0,0.0,0.0
2025-04-22,12600,13.21,0.0,0.0,0.0,0.0
2025-04-25,12300,13.08,0.0,0.0,0.0,0.0
2025-05-05,14900,14.19,0.0,0.0,0.0,0.0
2025-05-16,12800,13.3,0.0,0.0,0.0,0.0
2025-05-17,12400,13.15,0.0,0.0,0.0,0.0
2025-05-19,13400,13.57,1.0,0.0,0.0,1.0
2025-05-20,14800,14.16,0.0,0.0,0.0,0.0
2025-05-22,13500,13.63,0.0,0.0,0.0,0.0
2025-05-30,20800,16.55,0.0,0.0,1.0,1.0
2025-05-31,19000,15.86,0.0,0.0,1.0,1.0
2025-06-05,16300,14.8,0.0,0.0,0.0,0.0
2025-06-06,17600,15.31,0.0,0.0,0.0,0.0
2025-06-09,21100,16.67,0.0,0.0,0.0,0.0
2025-06-22,10600,12.58,0.0,0.0,0.0,0.0
2025-06-24,10600,12.6,0.0,0.0,0.0,0.0
2025-06-30,11500,13.02,0.0,0.0,0.0,0.0
2025-07-08,11200,12.88,1.0,1.0,2.0,2.0
2025-07-09,10500,12.53,1.0,1.0,2.0,2.0
2025-07-10,10400,12.5,0.0,0.0,0.0,0.0
2025-07-13,9660,12.15,1.0,0.0,0.0,1.0
2025-07-14,10300,12.44,1.0,0.0,0.0,1.0
2025-07-21,8080,11.37,0.0,0.0,0.0,0.0
2025-07-31,8300,11.47,0.0,0.0,0.0,0.0
2025-08-09,6760,10.65,1.0,1.0,1.0,1.0
2025-08-10,6670,10.6,1.0,1.0,1.0,1.0
2025-08-14,7100,10.84,3.0,3.0,3.0,3.0
2025-08-15,8760,11.71,3.0,3.0,3.0,3.0
2025-08-16,15100,14.46,3.0,3.0,3.0,3.0
2025-08-22,7150,10.87,0.0,0.0,0.0,0.0
2025-08-23,6940,10.75,0.0,0.0,0.0,0.0
2025-08-31,6360,10.42,0.0,0.0,0.0,0.0
2025-09-01,6320,10.4,0.0,0.0,0.0,0.0
2025-09-02,6380,10.43,0.0,0.0,0.0,0.0
2025-09-16,8530,11.59,0.0,0.0,0.0,0.0
2025-09-18,6840,10.69,0.0,0.0,0.0,0.0
2025-09-20,6610,10.56,1.0,1.0,1.0,1.0
2025-09-21,6820,10.68,1.0,1.0,1.0,1.0
2025-09-26,6820,10.68,0.0,3.0,3.0,3.0
2025-09-27,6690,10.61,0.0,3.0,3.0,3.0
2025-09-28,7060,10.81,2.0,3.0,3.0,3.0
2025-09-29,8220,11.43,2.0,3.0,3.0,3.0
2025-09-30,8430,11.54,3.0,3.0,3.0,3.0
2025-10-01,8530,11.6,3.0,3.0,3.0,3.0
2025-10-02,8540,11.6,3.0,3.0,3.0,3.0
2025-10-10,8030,11.34,0.0,0.0,0.0,0.0
2025-10-11,8130,11.39,0.0,0.0,0.0,0.0
2025-10-13,7900,11.27,0.0,0.0,0.0,0.0
2025-10-18,6890,10.72,1.0,1.0,1.0,1.0
2025-10-19,8530,11.56,1.0,1.0,1.0,1.0
2025-10-23,8110,11.38,2.0,2.0,2.0,2.0
2025-10-24,8300,11.47,2.0,2.0,2.0,2.0
2025-10-28,12300,13.34,2.0,2.0,1.0,2.0
2025-10-29,16000,14.82,2.0,2.0,1.0,2.0
2025-10-31,13400,13.8,3.0,3.0,3.0,3.0
2025-11-01,23900,17.32,3.0,3.0,3.0,3.0
2025-11-04,17500,15.4,4.0,0.0,0.0,4.0
2025-11-05,15400,14.62,4.0,3.0,2.0,4.0
2025-11-06,23700,17.49,4.0,3.0,2.0,4.0
2025-11-07,32800,20.28,4.0,3.0,1.0,4.0
2025-11-09,19400,16.08,2.0,2.0,2.0,2.0
2025-11-10,18000,15.59,2.0,2.0,2.0,2.0
2025-11-12,17000,15.22,2.0,1.0,1.0,2.0
2025-11-13,17200,15.3,2.0,1.0,1.0,2.0
2025-11-14,39800,22.06,0.0,1.0,0.0,1.0
2025-11-22,17800,15.53,1.0,1.0,1.0,1.0
2025-11-23,17600,15.46,1.0,1.0,1.0,1.0
2025-12-04,13600,13.92,2.0,1.0,0.0,2.0
2025-12-05,14400,14.22,2.0,1.0,0.0,2.0
2025-12-06,26000,18.18,2.0,1.0,0.0,2.0
2025-12-08,34600,20.78,3.0,3.0,3.0,3.0
2025-12-09,54100,25.52,4.0,4.0,4.0,4.0
2025-12-10,62000,27.27,4.0,4.0,4.0,4.0
2025-12-11,102000,33.68,4.0,4.0,4.0,4.0
2025-12-12,112000,35.06,4.0,4.0,4.0,4.0
2025-12-13,82400,31.05,0.0,4.0,4.0,4.0
2025-12-14,69000,28.72,4.0,4.0,4.0,4.0
2025-12-15,62100,27.3,4.0,4.0,4.0,4.0
2025-12-16,73600,29.62,1.0,1.0,1.0,1.0
2025-12-17,78700,30.5,1.0,1.0,1.0,1.0
2025-12-18,68600,28.6,1.0,1.0,1.0,1.0
2025-12-19,59000,26.64,1.0,1.0,1.0,1.0
2025-12-21,45800,23.63,0.0,0.0,0.0,0.0
2025-12-30,21800,16.93,0.0,0.0,0.0,0.0
