date,discharge_cfs,gage_height_ft,ar_scale_47.5N_124.5W,ar_scale_48.0N_124.5W,ar_scale_48.5N_124.5W,prism_precip_mm,gridmet_precip_mm,snotel_precip_in,ar_scale,prism_3d_tot,prism_3d_max,pnnl_3d_tot,pnnl_3d_max,bias_tot,bias_max
1981-01-02,34200,,0.0,0.0,0.0,0.028783888,0.3141956976847518,,0.0,0.4816620945930481,0.4528782069683075,1.3314205408096313,0.9416795969009399,0.8497584462165833,0.48880138993263245
1981-01-08,17800,,1.0,1.0,0.0,0.0011611002,0.3769688289841055,,1.0,1.918887972831726,1.8667405843734741,2.4684882164001465,1.0339725017547607,0.5496002435684204,-0.8327680826187134
1981-01-09,17600,,1.0,1.0,0.0,1.8667407,0.089309104135538,,1.0,2.113677740097046,1.8667405843734741,2.3015503883361816,1.0339725017547607,0.18787264823913574,-0.8327680826187134
1981-01-11,15100,,0.0,0.0,0.0,0.0,0.4246466575321516,,0.0,0.2457760125398636,0.2457760125398636,2.395913600921631,1.3641877174377441,2.1501375883817673,1.1184117048978806
1981-01-18,12900,,3.0,2.0,2.0,6.130937,0.4436850948274259,,3.0,11.098590850830078,6.130937099456787,6.327259063720703,2.3254165649414062,-4.771331787109375,-3.805520534515381
1981-01-19,12600,,3.0,2.0,2.0,4.96723,1.4544993686438137,,3.0,11.588717460632324,6.130937099456787,5.315101146697998,2.3254165649414062,-6.273616313934326,-3.805520534515381
1981-01-20,13100,,3.0,2.0,2.0,0.4905501,1.478250761037367,,3.0,14.84577465057373,9.387994766235352,5.165075302124023,2.1955254077911377,-9.680699348449707,-7.192469358444214
1981-01-21,12300,,3.0,2.0,1.0,9.387995,1.0417176608201637,,3.0,17.153451919555664,9.387994766235352,6.6818318367004395,3.712282180786133,-10.471620082855225,-5.675712585449219
1981-01-22,14500,,2.0,2.0,1.0,7.274908,1.5312185484387626,,2.0,22.574609756469727,9.387994766235352,8.023360252380371,3.712282180786133,-14.551249504089355,-5.675712585449219
1981-01-26,13000,,0.0,0.0,0.0,1.4519057,1.3884475251044166,,0.0,20.566999435424805,17.57386016845703,7.552722454071045,3.5837535858154297,-13.01427698135376,-13.990106582641602
1981-02-07,8160,,0.0,0.0,0.0,0.0,0.875446340924074,,0.0,0.0,0.0,1.0957441329956055,0.5549939870834351,1.0957441329956055,0.5549939870834351
1981-02-12,9910,,1.0,1.0,0.0,29.385918,1.0029166382504715,,1.0,54.520721435546875,29.385913848876953,6.13224458694458,3.8247828483581543,-48.388476848602295,-25.5611310005188
1981-02-13,12700,,1.0,1.0,0.0,25.11032,1.6029709906815548,,1.0,84.51456451416016,30.01833152770996,9.02523422241211,3.8247828483581543,-75.48933029174805,-26.193548679351807
1981-02-15,22000,,3.0,3.0,3.0,26.86456,1.4725301160000746,,3.0,119.6805419921875,62.79764938354492,10.128609657287598,3.9722564220428467,-109.5519323348999,-58.825392961502075
1981-02-16,33800,,3.0,3.0,3.0,62.79765,2.837345286734907,,3.0,135.3967742919922,62.79764938354492,8.921915054321289,3.9722564220428467,-126.4748592376709,-58.825392961502075
1981-02-17,43700,,3.0,3.0,3.0,45.734573,1.17606447066312,,3.0,137.4425048828125,62.79764938354492,8.852771759033203,3.9722564220428467,-128.5897331237793,-58.825392961502075
1981-02-18,38900,,2.0,0.0,0.0,28.910295,2.981658224473474,,2.0,112.29718017578125,45.73456954956055,10.218957901000977,5.338441848754883,-102.07822227478027,-40.396127700805664
1981-02-19,37500,,2.0,2.0,1.0,37.65231,2.5357422000128134,,2.0,85.28492736816406,37.652313232421875,9.47411060333252,5.338441848754883,-75.81081676483154,-32.31387138366699
1981-02-20,39700,,0.0,0.0,0.0,18.722322,1.7171681350089592,,0.0,59.3836669921875,37.652313232421875,8.304204940795898,5.338441848754883,-51.0794620513916,-32.31387138366699
1981-03-06,10900,,0.0,0.0,0.0,0.0008565815,0.5118234103980541,,0.0,0.32593318819999695,0.324306458234787,5.285776138305664,1.9574999809265137,4.959842950105667,1.6331935226917267
1981-03-10,8930,,0.0,0.0,0.0,4.9115915e-05,0.5292837672227975,,0.0,0.02937917225062847,0.0293300561606884,1.670888900756836,0.7250710725784302,1.6415097285062075,0.6957410164177418
1981-03-13,11300,,0.0,0.0,0.0,0.02941847,0.7598381000208729,,0.0,0.4174872040748596,0.3880687355995178,1.3519059419631958,0.7185007333755493,0.9344187378883362,0.3304319977760315
1981-03-26,12200,,0.0,0.0,0.0,0.3407623,1.6088022005501377,,0.0,9.902974128723145,9.555526733398438,6.751129150390625,2.7164385318756104,-3.1518449783325195,-6.839088201522827
1981-04-01,17800,,0.0,0.0,0.0,11.33422,2.625539442711918,,0.0,40.935630798339844,25.44765853881836,6.236237525939941,3.1088647842407227,-34.6993932723999,-22.338793754577637
1981-04-07,15300,,0.0,0.0,0.0,5.582511,0.5124880393652133,,0.0,39.632835388183594,20.461360931396484,2.7484138011932373,1.3194310665130615,-36.884421586990356,-19.141929864883423
1981-04-10,16500,,0.0,0.0,0.0,11.488102,1.431233634854995,,0.0,56.64659118652344,33.82780456542969,4.175298690795898,1.9060271978378296,-52.47129249572754,-31.921777367591858
1981-04-18,15600,,0.0,0.0,0.0,0.0,3.0095199419689638,,0.0,2.3720333576202393,2.336549997329712,4.5990800857543945,2.4875593185424805,2.2270467281341553,0.15100932121276855
1981-04-21,18600,,0.0,0.0,0.0,6.0120015,1.5003397543600776,,0.0,29.420166015625,23.173046112060547,5.412335395812988,1.9089994430541992,-24.00783061981201,-21.264046669006348
1981-04-22,20800,,3.0,3.0,2.0,23.173046,3.562975041280981,,3.0,45.47108459472656,23.173046112060547,6.22598934173584,2.631472110748291,-39.24509525299072,-20.541574001312256
1981-04-23,24300,,3.0,3.0,2.0,16.286037,4.303247506091399,,3.0,59.54975128173828,23.173046112060547,6.601592063903809,2.631472110748291,-52.94815921783447,-20.541574001312256
1981-04-24,30200,,3.0,3.0,2.0,20.090672,1.074117496316228,,3.0,38.00706100463867,20.090669631958008,5.621102333068848,2.631472110748291,-32.385958671569824,-17.459197521209717
1981-04-27,18700,,3.0,3.0,3.0,0.20296268,1.357914478619655,,3.0,44.11196517944336,43.90900421142578,4.175014019012451,1.7044968605041504,-39.93695116043091,-42.20450735092163
1981-04-28,23200,,3.0,3.0,3.0,43.909008,2.616618410801048,,3.0,64.12117767333984,43.90900421142578,4.095707416534424,1.7044968605041504,-60.02547025680542,-42.20450735092163
1981-04-29,32400,,3.0,3.0,3.0,20.009212,1.7999547407513037,,3.0,63.957645416259766,43.90900421142578,4.0693039894104,1.7044968605041504,-59.888341426849365,-42.20450735092163
1981-05-08,13600,,0.0,0.0,0.0,3.5945756,1.9602235269561192,,0.0,12.24081802368164,5.100783348083496,4.908138275146484,2.3653576374053955,-7.332679748535156,-2.7354257106781006
1981-05-09,11500,,0.0,0.0,0.0,5.100784,3.973349742394276,,0.0,9.634586334228516,5.100783348083496,3.665759563446045,2.3653576374053955,-5.968826770782471,-2.7354257106781006
1981-05-27,17600,,0.0,0.0,0.0,0.0,3.243781399895429,,0.0,6.0602264404296875,5.9683146476745605,5.112269401550293,1.819145679473877,-0.9479570388793945,-4.149168968200684
1981-05-29,15000,,0.0,0.0,0.0,0.0,3.0969978031698004,,0.0,2.8048624992370605,2.7129509449005127,7.113485336303711,2.846334457397461,4.30862283706665,0.13338351249694824
1981-06-01,15700,,0.0,0.0,0.0,0.027491162,3.722689970013165,,0.0,4.03836727142334,2.3336069583892822,5.570912837982178,2.5119705200195312,1.532545566558838,0.17836356163024902
1981-06-03,14000,,0.0,1.0,0.0,2.8533006,4.130722763335462,,1.0,17.31912612915039,12.788556098937988,4.139069080352783,1.8951202630996704,-13.180057048797607,-10.893435835838318
1981-06-04,17400,,0.0,1.0,0.0,12.788556,3.5053364580814628,,1.0,18.142549514770508,12.788556098937988,5.244198322296143,1.8951202630996704,-12.898351192474365,-10.893435835838318
1981-06-05,17300,,1.0,1.0,0.0,2.5006914,3.564616774028218,,1.0,51.11920166015625,35.829952239990234,5.713296890258789,1.992667317390442,-45.40590476989746,-33.83728492259979
1981-06-17,22300,,2.0,0.0,0.0,12.044344,0.8384403952227727,,2.0,38.25015640258789,16.924428939819336,4.812535762786865,2.045337677001953,-33.437620639801025,-14.879091262817383
1981-06-18,23300,,2.0,1.0,0.0,9.281384,1.2926206758301146,,2.0,49.409759521484375,28.084030151367188,4.239049911499023,1.4718519449234009,-45.17070960998535,-26.612178206443787
1981-06-19,28400,,2.0,1.0,0.0,28.08403,2.451866272353212,,2.0,45.02466583251953,28.084030151367188,4.321519374847412,1.5284109115600586,-40.70314645767212,-26.55561923980713
1981-06-20,31400,,0.0,0.0,0.0,7.6592517,2.7547835305933925,,0.0,45.01801300048828,28.084030151367188,4.624554634094238,1.624292016029358,-40.39345836639404,-26.45973813533783
1981-06-21,29300,,2.0,1.0,0.0,9.274733,3.23996784320047,,2.0,22.541027069091797,9.27473258972168,4.439507484436035,1.624292016029358,-18.10151958465576,-7.650440573692322
1981-06-22,27500,,2.0,1.0,0.0,5.607043,2.135133163456153,,2.0,27.324481964111328,12.442707061767578,4.458329200744629,1.624292016029358,-22.8661527633667,-10.81841504573822
1981-06-25,24800,,0.0,0.0,0.0,0.07042043,2.652875822261351,,0.0,0.9152672290802002,0.797023594379425,2.1133875846862793,0.9386097192764282,1.198120355606079,0.14158612489700317
1981-06-30,22800,,0.0,0.0,0.0,0.6369588,2.672796504911352,,0.0,4.709216594696045,3.929713487625122,4.44340705871582,1.7859389781951904,-0.2658095359802246,-2.1437745094299316
1981-07-02,22600,,0.0,0.0,0.0,0.0,3.1880457717735218,,0.0,3.929713487625122,3.929713487625122,6.0914201736450195,2.5191638469696045,2.1617066860198975,-1.4105496406555176
1981-07-10,14000,,0.0,0.0,0.0,0.12685658,1.3049047385813397,,0.0,1.2337740659713745,1.1069175004959106,4.215665817260742,1.581350326538086,2.9818917512893677,0.4744328260421753
1981-07-13,15600,,0.0,0.0,0.0,4.0161023,2.3988373126339435,,0.0,20.422834396362305,10.780791282653809,6.428583145141602,2.5856566429138184,-13.994251251220703,-8.19513463973999
1981-07-18,19100,,0.0,0.0,0.0,5.024456,2.39050031102817,,0.0,18.307510375976562,7.195301055908203,4.44844913482666,1.819202184677124,-13.859061241149902,-5.376098871231079
1981-07-21,17900,,0.0,0.0,0.0,0.20456584,1.915579308050153,,0.0,4.754892349243164,4.388000011444092,4.4534196853637695,1.6444132328033447,-0.30147266387939453,-2.743586778640747
1981-07-24,15200,,0.0,0.0,0.0,0.002654224,2.965070193168127,,0.0,1.2535892724990845,1.2509350776672363,5.441895961761475,2.2110824584960938,4.18830668926239,0.9601473808288574
1981-08-01,12100,,0.0,0.0,0.0,0.000111984285,3.194722027614342,,0.0,0.005642435979098082,0.005530451890081167,4.3402862548828125,1.7070351839065552,4.334643818903714,1.701504732016474
1981-08-25,9220,,0.0,0.0,0.0,0.06359529,1.537068977988299,,0.0,0.07623182237148285,0.06359528005123138,3.882935047149658,1.4961559772491455,3.8067032247781754,1.4325606971979141
1981-08-31,6660,,1.0,2.0,2.0,0.1943222,3.2257082865757765,,2.0,38.22095489501953,35.87466812133789,5.60167121887207,2.8301525115966797,-32.61928367614746,-33.04451560974121
1981-09-01,11000,,1.0,2.0,2.0,35.874664,4.087108967324476,,2.0,47.964759826660156,35.87466812133789,6.049421310424805,2.8301525115966797,-41.91533851623535,-33.04451560974121
1981-09-03,12700,,0.0,0.0,0.0,0.43233594,2.696351153904179,,0.0,14.47159481048584,11.895770072937012,4.2765655517578125,1.609128475189209,-10.195029258728027,-10.286641597747803
1981-09-15,6120,,0.0,0.0,0.0,0.0,2.60095023755939,,0.0,0.0020726914517581463,0.0020726914517581463,3.406219482421875,1.4727122783660889,3.404146790970117,1.4706395869143307
1981-09-16,7540,,0.0,2.0,0.0,0.0,1.573953199043563,,2.0,0.05632612854242325,0.05632612854242325,2.915975570678711,1.4727122783660889,2.8596494421362877,1.4163861498236656
1981-09-17,7700,,2.0,2.0,0.0,0.05632613,0.728298603576514,,2.0,0.05632612854242325,0.05632612854242325,2.3913726806640625,0.94810950756073,2.3350465521216393,0.8917833790183067
1981-09-18,8660,,2.0,2.0,0.0,0.0,0.4385499267378828,,2.0,8.543968200683594,8.487642288208008,2.717966318130493,1.2634263038635254,-5.826001882553101,-7.224215984344482
1981-09-20,8140,,0.0,1.0,1.0,2.670733,0.4848185186792565,,1.0,26.176570892333984,15.018197059631348,3.87813401222229,1.7835190296173096,-22.298436880111694,-13.234678030014038
1981-09-21,7810,,0.0,1.0,1.0,15.018196,0.9587115787211266,,1.0,33.9603271484375,16.27139663696289,3.7079434394836426,1.7835190296173096,-30.252383708953857,-14.487877607345581
1981-09-23,8180,,0.0,0.0,0.0,5.603965,1.7657422620117842,,0.0,24.706268310546875,16.27139663696289,4.8130717277526855,1.969631314277649,-19.89319658279419,-14.301765322685242
1981-09-25,5720,,0.0,0.0,0.0,2.5520258,2.6818516612624235,,0.0,5.6076459884643555,2.8309054374694824,5.272835731506348,1.969631314277649,-0.3348102569580078,-0.8612741231918335
1981-09-26,7280,,1.0,1.0,0.0,0.22471511,2.145967483606438,,1.0,8.35312557220459,5.576385021209717,5.785214424133301,2.4820101261138916,-2.567911148071289,-3.094374895095825
1981-09-27,6760,,1.0,1.0,0.0,5.5763855,2.25767102932758,,1.0,33.437381744384766,27.636280059814453,5.661576747894287,2.4820101261138916,-27.77580499649048,-25.15426993370056
1981-09-30,13200,,2.0,2.0,2.0,4.728558,2.0169943312274348,,2.0,26.773359298706055,20.67934226989746,6.854867935180664,2.9340872764587402,-19.91849136352539,-17.74525499343872
1981-10-01,11500,,2.0,2.0,2.0,1.3654598,3.171297989786703,,2.0,49.54872131347656,43.45470428466797,7.9184064865112305,2.9340872764587402,-41.63031482696533,-40.52061700820923
1981-10-02,20300,,2.0,2.0,2.0,43.454704,2.286324887006876,,2.0,53.38399124145508,43.45470428466797,7.139614105224609,2.9340872764587402,-46.24437713623047,-40.52061700820923
1981-10-03,16600,,0.0,0.0,0.0,8.563829,2.568196387939961,,0.0,53.37575149536133,43.45470428466797,5.58982515335083,2.4445278644561768,-47.7859263420105,-41.01017642021179
1981-10-05,8640,,2.0,2.0,2.0,0.22052653,3.2888540316897403,,2.0,46.709144592285156,45.13140106201172,8.392172813415527,3.7141406536102295,-38.31697177886963,-41.41726040840149
1981-10-06,18000,,2.0,2.0,2.0,45.1314,5.348517914602618,,2.0,71.60758209228516,45.13140106201172,10.238595008850098,3.7141406536102295,-61.36898708343506,-41.41726040840149
1981-10-07,32900,,2.0,2.0,0.0,26.255651,2.875236991065949,,2.0,78.6256103515625,45.13140106201172,9.030908584594727,3.7141406536102295,-69.59470176696777,-41.41726040840149
1981-10-10,17600,,0.0,0.0,0.0,1.4587722,2.192231322293384,,0.0,17.43996238708496,15.638120651245117,6.022520542144775,3.171365261077881,-11.417441844940186,-12.466755390167236
1981-10-11,15000,,0.0,0.0,0.0,0.34306878,3.176358759111266,,0.0,1.801840901374817,1.4587721824645996,8.081756591796875,3.6296045780181885,6.279915690422058,2.170832395553589
1981-10-26,7640,,2.0,2.0,2.0,8.575468,4.070423804298182,,2.0,39.975563049316406,31.400094985961914,3.9681482315063477,2.6505625247955322,-36.00741481781006,-28.749532461166382
1981-10-27,10900,,2.0,2.0,2.0,31.400097,4.039627262187448,,2.0,65.29560089111328,31.400094985961914,7.728665351867676,4.245600700378418,-57.566935539245605,-27.154494285583496
1981-10-28,19300,,2.0,2.0,2.0,25.32004,2.492749633689414,,2.0,64.67854309082031,31.400094985961914,9.623381614685059,4.245600700378418,-55.055161476135254,-27.154494285583496
1981-10-29,18800,,0.0,0.0,0.0,7.9584107,1.2989524240564274,,0.0,38.45109939575195,25.320039749145508,8.85020923614502,4.245600700378418,-29.600890159606934,-21.07443904876709
1981-10-30,15300,,3.0,4.0,4.0,5.172649,0.973014327962156,,4.0,,,6.823901176452637,2.7272188663482666,,
1981-10-31,18200,,3.0,4.0,4.0,28.178623,2.953035366279586,,4.0,,,5.401028156280518,2.219292163848877,,
1981-11-01,18400,,3.0,4.0,4.0,2.0817702,2.1306578710793405,,4.0,,,4.89764404296875,2.219292163848877,,
1981-11-02,14900,,0.0,4.0,4.0,0.0,0.8936219592088104,,4.0,3.897613286972046,2.081770420074463,3.7866244316101074,1.3740060329437256,-0.11098885536193848,-0.7077643871307373
1981-11-03,13400,,1.0,1.0,1.0,1.8158429,0.6772180648467903,,1.0,4.163477420806885,2.3476345539093018,2.6750404834747314,1.3740060329437256,-1.4884369373321533,-0.9736285209655762
1981-11-10,9230,,4.0,3.0,3.0,0.0,0.9717104896058724,,4.0,4.98675012588501,4.781687259674072,3.701219081878662,2.7472457885742188,-1.2855310440063477,-2.0344414710998535
1981-11-11,9420,,4.0,3.0,3.0,4.7816877,1.1814747075198553,,4.0,51.37508010864258,46.59339141845703,5.839964866638184,2.7472457885742188,-45.535115242004395,-43.84614562988281
1981-11-12,16700,,4.0,3.0,3.0,46.593388,1.9913968161461852,,4.0,58.58325958251953,46.59339141845703,8.027731895446777,2.8802473545074463,-50.555527687072754,-43.713144063949585
1981-11-14,15300,,1.0,1.0,0.0,8.186571,2.382302187117028,,1.0,41.36286163330078,25.96811294555664,10.654616355895996,4.752337455749512,-30.708245277404785,-21.21577548980713
1981-11-15,17600,,1.0,1.0,0.0,25.968113,2.404326494846853,,1.0,45.40077590942383,25.96811294555664,11.072061538696289,4.752337455749512,-34.32871437072754,-21.21577548980713
1981-11-20,16700,,1.0,1.0,0.0,10.707094,1.6325719859716996,,1.0,30.004623413085938,17.068452835083008,5.861811637878418,3.0924205780029297,-24.14281177520752,-13.976032257080078
1981-11-21,16400,,1.0,1.0,0.0,17.068453,2.2824036587659315,,1.0,51.87781524658203,24.102270126342773,6.440850734710693,3.0924205780029297,-45.43696451187134,-21.009849548339844
1981-11-30,9180,,1.0,1.0,1.0,14.401484,6.013437863598131,,1.0,56.95561981201172,40.69232940673828,8.196891784667969,3.357919692993164,-48.75872802734375,-37.33440971374512
1981-12-01,14500,,1.0,1.0,1.0,40.692333,3.45438901047576,,1.0,106.28682708740234,51.193016052246094,8.278356552124023,3.357919692993164,-98.00847053527832,-47.83509635925293
1981-12-02,21300,,1.0,1.0,1.0,51.193016,1.9845645295621428,,1.0,93.53880310058594,51.193016052246094,7.284026622772217,3.357919692993164,-86.25477647781372,-47.83509635925293
1981-12-04,17700,,3.0,3.0,2.0,7.447849,0.7487805835756459,,3.0,44.24600601196289,35.14470291137695,5.61141300201416,3.7488296031951904,-38.63459300994873,-31.395873308181763
1981-12-05,22100,,3.0,3.0,2.0,35.144703,2.71389024942186,,3.0,75.69981384277344,35.14470291137695,7.938591957092285,3.7488296031951904,-67.76122188568115,-31.395873308181763
1981-12-08,22000,,3.0,0.0,0.0,22.515999,0.6144616732695571,,3.0,35.77412414550781,22.5159969329834,4.692773342132568,3.067061424255371,-31.081350803375244,-19.448935508728027
1981-12-09,19900,,3.0,2.0,1.0,4.513037,0.8559712242110115,,3.0,53.49314880371094,26.464113235473633,6.014777183532715,3.067061424255371,-47.47837162017822,-23.39705181121826
1981-12-10,24500,,3.0,0.0,0.0,26.464117,0.6543278381578865,,3.0,51.22857666015625,26.464113235473633,6.381507396697998,3.067061424255371,-44.84706926345825,-23.39705181121826
1981-12-16,16400,,0.0,0.0,0.0,7.390741,1.4955503338644578,,0.0,18.507221221923828,11.051492691040039,4.768671989440918,3.491811752319336,-13.73854923248291,-7.559680938720703
1981-12-17,15300,,3.0,3.0,0.0,0.064986244,1.1577867607397718,,3.0,10.054055213928223,7.390740394592285,4.861352920532227,3.5844926834106445,-5.192702293395996,-3.8062477111816406
1981-12-18,14400,,3.0,3.0,2.0,2.5983284,2.890027258880836,,3.0,34.743125915527344,32.079811096191406,10.751616477966309,6.669925689697266,-23.991509437561035,-25.40988540649414
1981-12-19,19100,,3.0,3.0,2.0,32.079807,3.637982429491671,,3.0,44.331787109375,32.079811096191406,13.397222518920898,6.669925689697266,-30.9345645904541,-25.40988540649414
1981-12-25,13700,,0.0,0.0,0.0,14.951345,1.7386681381089073,,0.0,29.529991149902344,14.951345443725586,4.0316314697265625,1.4765000343322754,-25.49835968017578,-13.47484540939331
1982-01-07,11600,,0.0,0.0,0.0,3.6533203,1.1686359606430534,,0.0,16.61962127685547,12.910319328308105,5.401266098022461,3.003527879714966,-11.218355178833008,-9.90679144859314
1982-01-10,9300,,0.0,0.0,0.0,0.23368369,0.3619078323299834,,0.0,21.18552589416504,17.996877670288086,4.618183135986328,1.637613296508789,-16.56734275817871,-16.359264373779297
1982-01-13,10600,,0.0,0.0,0.0,2.8436131,2.6387671297989788,,0.0,30.77648162841797,24.856843948364258,3.72421932220459,1.3197413682937622,-27.05226230621338,-23.537102580070496
1982-01-15,13100,,2.0,0.0,0.0,10.98078,1.400645822612678,,2.0,62.8658447265625,27.02821922302246,6.580299377441406,3.886986017227173,-56.285545349121094,-23.141233205795288
1982-01-16,15500,,2.0,1.0,0.0,27.02822,2.0029811171801213,,2.0,83.25469970703125,45.24570083618164,8.041938781738281,3.886986017227173,-75.21276092529297,-41.35871481895447
1982-01-22,12100,,3.0,3.0,3.0,3.4691515,6.5355111505149015,,3.0,65.36881256103516,61.227783203125,12.091468811035156,5.814195156097412,-53.27734375,-55.41358804702759
1982-01-23,17500,,3.0,3.0,3.0,61.227783,5.805822116686197,,3.0,145.780517578125,81.08357238769531,12.295340538024902,5.814195156097412,-133.4851770401001,-75.2693772315979
1982-01-24,36900,,3.0,3.0,3.0,81.08357,1.0365204937598038,,3.0,146.7736053466797,81.08357238769531,11.133075714111328,5.814195156097412,-135.64052963256836,-75.2693772315979
1982-01-25,28000,,2.0,2.0,2.0,4.4622455,0.6313962788217716,,2.0,114.55274200439453,81.08357238769531,9.465893745422363,4.147012710571289,-105.08684825897217,-76.93655967712402
1982-01-26,25400,,2.0,2.0,2.0,29.006922,1.2837389099340952,,2.0,52.66736602783203,29.006919860839844,7.393128395080566,4.147012710571289,-45.274237632751465,-24.859907150268555
1982-02-01,19700,,0.0,0.0,1.0,17.606236,2.052372597281552,,1.0,59.28460693359375,34.90041732788086,3.865964412689209,1.848760962486267,-55.41864252090454,-33.05165636539459
1982-02-02,20000,,0.0,0.0,1.0,6.7779527,5.415320979005083,,1.0,31.14961814880371,17.60623550415039,3.054396629333496,1.848760962486267,-28.095221519470215,-15.757474541664124
1982-02-04,17400,,0.0,0.0,0.0,0.3059037,0.4187042628425702,,0.0,7.071334362030029,6.765430450439453,1.4740384817123413,0.6404149532318115,-5.597295880317688,-6.125015497207642
1982-02-12,14800,,3.0,3.0,1.0,20.62355,2.2223405024809924,,3.0,84.15397644042969,52.10685729980469,8.02154541015625,4.407394886016846,-76.13243103027344,-47.69946241378784
1982-02-13,20200,,3.0,3.0,1.0,52.106853,4.0025837037771845,,3.0,145.13612365722656,72.40571594238281,10.977468490600586,5.204146862030029,-134.15865516662598,-67.20156908035278
1982-02-14,38100,,3.0,3.0,1.0,72.40571,3.0635861444700017,,3.0,179.63308715820312,72.40571594238281,14.06731128692627,5.204146862030029,-165.56577587127686,-67.20156908035278
1982-02-15,53900,,3.0,1.0,0.0,55.12051,4.347187830015356,,3.0,170.63560485839844,72.40571594238281,14.514729499816895,5.204146862030029,-156.12087535858154,-67.20156908035278
1982-02-16,53900,,3.0,1.0,0.0,43.10938,4.89652619766512,,3.0,122.85826110839844,55.12051010131836,11.91864013671875,4.854813575744629,-110.93962097167969,-50.26569652557373
1982-02-18,38300,,2.0,1.0,1.0,4.2021866,1.732481467474307,,2.0,65.87938690185547,37.048831939697266,7.528852462768555,3.060044050216675,-58.350534439086914,-33.98878788948059
1982-02-20,35000,,1.0,0.0,0.0,29.555227,2.04208262809504,,1.0,80.26158142089844,37.048831939697266,7.603421211242676,3.060044050216675,-72.65816020965576,-33.98878788948059
1982-02-24,24300,,0.0,0.0,0.0,4.6031375,0.6037348180020211,,0.0,17.290401458740234,6.703919410705566,4.573477745056152,2.429861545562744,-12.716923713684082,-4.274057865142822
1982-02-28,17700,,2.0,2.0,1.0,1.0010295,0.5466048330264384,,2.0,43.54210662841797,25.72490882873535,9.066835403442383,6.364538192749023,-34.475271224975586,-19.360370635986328
1982-03-01,18200,,2.0,2.0,1.0,25.724909,2.574818084686461,,2.0,34.711944580078125,25.72490882873535,11.66615104675293,6.364538192749023,-23.045793533325195,-19.360370635986328
1982-03-08,15100,,0.0,0.0,0.0,0.15939292,0.7711915582201336,,0.0,16.28466796875,16.125274658203125,2.700789213180542,1.1089410781860352,-13.583878755569458,-15.01633358001709
1982-03-14,17200,,0.0,0.0,0.0,8.529796,4.771339942423623,,0.0,38.57294845581055,29.394485473632812,7.230029106140137,2.821169376373291,-31.34291934967041,-26.57331609725952
1982-03-18,14800,,0.0,0.0,0.0,0.0,2.1491717970815016,,0.0,0.05391552299261093,0.03077603131532669,8.485424041748047,3.352475166320801,8.431508518755436,3.321699135005474
1982-04-06,10400,,0.0,0.0,0.0,0.03855993,2.168026924086394,,0.0,2.7494771480560303,2.49220609664917,3.7412264347076416,1.4845125675201416,0.9917492866516113,-1.0076935291290283
1982-04-13,17200,,0.0,0.0,0.0,15.963886,1.5461121478716786,,0.0,58.33806228637695,34.50730514526367,7.017092704772949,2.5820658206939697,-51.320969581604004,-31.925239324569702
1982-04-26,14300,,0.0,0.0,0.0,0.31018072,3.2003548407763103,,0.0,0.3348231911659241,0.31018075346946716,1.7685339450836182,1.1483083963394165,1.433710753917694,0.8381276428699493
1982-05-04,15100,,0.0,0.0,0.0,9.438903,2.2797873021974504,,0.0,19.757125854492188,9.781970977783203,5.396332740783691,2.399531364440918,-14.360793113708496,-7.382439613342285
1982-05-08,17400,,0.0,0.0,0.0,3.481827,1.7603049522711258,,0.0,6.865402698516846,3.4818270206451416,2.7962539196014404,1.5339932441711426,-4.069148778915405,-1.947833776473999
1982-05-14,19000,,0.0,0.0,0.0,3.0639548,2.8791115134155443,,0.0,4.347342014312744,3.0639548301696777,5.422907829284668,2.3786025047302246,1.0755658149719238,-0.6853523254394531
1982-05-20,22200,,0.0,0.0,0.0,0.51349896,3.430374535782706,,0.0,2.6974754333496094,2.1161532402038574,4.330676078796387,2.5599653720855713,1.6332006454467773,0.44381213188171387
1982-05-24,22900,,0.0,0.0,0.0,0.0,3.709648486501791,,0.0,0.026717092841863632,0.026717092841863632,4.2032999992370605,1.850833535194397,4.176582906395197,1.8241164423525333
1982-06-01,24700,,0.0,0.0,0.0,0.03298232,2.569473360075556,,0.0,6.657401084899902,6.537147521972656,2.691046714782715,1.358307957649231,-3.9663543701171875,-5.178839564323425
1982-06-04,24100,,0.0,0.0,0.0,0.21112771,2.976459610770461,,0.0,2.8016366958618164,1.3175619840621948,3.8155267238616943,1.641068458557129,1.013890027999878,0.3235064744949341
1982-06-05,22000,,0.0,0.0,0.0,1.2729471,2.904314921705633,,0.0,4.152544021606445,2.6684694290161133,4.092019081115723,1.641068458557129,-0.060524940490722656,-1.0274009704589844
1982-06-10,23900,,0.0,0.0,0.0,0.015143418,1.9095424682616933,,0.0,0.44201380014419556,0.410088449716568,1.933382272720337,0.9357472062110901,1.4913684725761414,0.5256587564945221
1982-06-13,32300,,0.0,0.0,0.0,0.86226326,3.046266731972249,,0.0,2.065194606781006,1.2029311656951904,4.398616313934326,2.0440473556518555,2.3334217071533203,0.841116189956665
1982-06-16,33800,,0.0,0.0,0.0,0.0,4.606736601505749,,0.0,0.24047936499118805,0.16066403687000275,4.893376350402832,1.937976360321045,4.652896985411644,1.7773123234510422
1982-06-18,40500,,0.0,0.0,0.0,0.07981532,2.993137747246729,,0.0,0.1923438161611557,0.0798153281211853,4.771648406982422,1.8879135847091675,4.579304590821266,1.8080982565879822
1982-06-25,36500,,2.0,0.0,0.0,0.2278134,2.5052320931472543,,2.0,3.251479387283325,2.8288114070892334,8.337336540222168,3.5451505184173584,5.085857152938843,0.716339111328125
1982-06-26,34100,,2.0,1.0,1.0,2.8288114,3.3406525185015266,,2.0,10.648941040039062,7.592316150665283,9.476787567138672,3.5451505184173584,-1.1721534729003906,-4.047165632247925
1982-06-27,33800,,1.0,0.0,0.0,7.592316,3.638771056400464,,1.0,13.789731979370117,7.592316150665283,8.161723136901855,3.5451505184173584,-5.628008842468262,-4.047165632247925
1982-06-28,31500,,1.0,0.0,0.0,3.368605,4.391322004054732,,1.0,13.373628616333008,7.592316150665283,6.509403705596924,3.112670660018921,-6.864224910736084,-4.479645490646362
1982-07-06,22100,,0.0,0.0,0.0,0.61263067,2.599362443916764,,0.0,13.452868461608887,11.541797637939453,4.609571933746338,1.9434219598770142,-8.843296527862549,-9.598375678062439
1982-07-07,23000,,0.0,0.0,0.0,11.541799,2.908179317556661,,0.0,13.839564323425293,11.541797637939453,5.056797027587891,2.1090309619903564,-8.782767295837402,-9.432766675949097
1982-07-15,31800,,0.0,0.0,0.0,15.746761,2.5013544708491176,,0.0,37.85725021362305,17.45391845703125,5.214247226715088,2.063910484313965,-32.64300298690796,-15.390007972717285
1982-07-19,20600,,0.0,1.0,1.0,0.0,2.0959952798116888,,1.0,3.3815343379974365,2.7978250980377197,2.1273036003112793,0.9640400409698486,-1.2542307376861572,-1.833785057067871
1982-07-20,22600,,0.0,1.0,1.0,2.797825,2.105978354092655,,1.0,17.83854103088379,15.040715217590332,2.557396411895752,1.0765366554260254,-15.281144618988037,-13.964178562164307
1982-08-09,15600,,0.0,0.0,0.0,0.7257073,3.2177304656742702,,0.0,8.686841011047363,7.9611334800720215,3.663364887237549,1.482500433921814,-5.0234761238098145,-6.4786330461502075
1982-08-12,16700,,2.0,2.0,2.0,9.367556,2.1624137439318507,,2.0,45.61255645751953,33.52549362182617,5.157564640045166,2.091015100479126,-40.454991817474365,-31.434478521347046
1982-08-13,20000,,2.0,2.0,2.0,33.525494,2.267512539291848,,2.0,47.38697052001953,33.52549362182617,4.596781253814697,2.091015100479126,-42.790189266204834,-31.434478521347046
1982-08-27,12200,,0.0,0.0,0.0,0.0,1.976636514500526,,0.0,0.9102790355682373,0.8933399319648743,3.5593185424804688,1.4292126893997192,2.6490395069122314,0.535872757434845
1982-09-02,10900,,0.0,0.0,0.0,0.6145776,2.4287997619239525,,0.0,0.7200078368186951,0.61457759141922,1.8803898096084595,0.7707012891769409,1.1603819727897644,0.15612369775772095
1982-09-06,9720,,0.0,0.0,1.0,0.01945383,1.007623806778141,,1.0,3.07775616645813,3.0462710857391357,2.483100414276123,1.0318995714187622,-0.5946557521820068,-2.0143715143203735
1982-09-07,9650,,0.0,0.0,1.0,0.012031434,0.5383891427402305,,1.0,0.779891848564148,0.7484065890312195,2.9028685092926025,1.4516677856445312,2.1229766607284546,0.7032611966133118
1982-09-08,10600,,1.0,1.0,1.0,0.74840665,0.7907022210097979,,1.0,18.11589241027832,17.355453491210938,3.9637036323547363,1.6396234035491943,-14.152188777923584,-15.715830087661743
1982-09-09,11300,,1.0,1.0,1.0,17.355453,2.056823090070038,,1.0,26.06787109375,17.355453491210938,5.255904197692871,2.1646127700805664,-20.81196689605713,-15.190840721130371
1982-09-11,14500,,2.0,0.0,0.0,12.887381,3.9302420646483935,,2.0,33.869014739990234,13.017624855041504,8.077138900756836,3.6304726600646973,-25.7918758392334,-9.387152194976807
1982-09-12,16200,,2.0,0.0,0.0,13.017625,4.052057849173037,,2.0,27.078960418701172,13.017624855041504,7.29187536239624,3.6304726600646973,-19.78708505630493,-9.387152194976807
1982-09-19,8180,,0.0,0.0,0.0,0.04221218,2.134882480950816,,0.0,0.3224518895149231,0.24418862164020538,4.616358757019043,1.8361097574234009,4.29390686750412,1.5919211357831955
1982-09-24,8370,,0.0,0.0,0.0,0.16708253,2.046608139638216,,0.0,6.196215629577637,6.023380756378174,4.052455425262451,1.897843360900879,-2.1437602043151855,-4.125537395477295
1982-09-27,8040,,0.0,0.0,0.0,0.42827702,4.5212565538078735,,0.0,11.119942665100098,6.1490254402160645,10.370227813720703,4.468491077423096,-0.7497148513793945,-1.6805343627929688
1982-09-30,9130,,0.0,0.0,0.0,0.06398428,2.231663494385993,,0.0,7.8674421310424805,7.799082279205322,5.436994552612305,2.235293388366699,-2.430447578430176,-5.563788890838623
1982-10-05,7500,,2.0,2.0,1.0,3.07212,2.3925993895168007,,2.0,4.918819427490234,3.07211971282959,4.714526176452637,2.8897924423217773,-0.20429325103759766,-0.1823272705078125
1982-10-06,7200,,2.0,2.0,1.0,1.8466995,5.172851477332143,,2.0,37.5416374206543,32.62281799316406,5.457077980041504,2.8897924423217773,-32.08455944061279,-29.733025550842285
1982-10-13,8970,,0.0,0.0,0.0,0.00019646366,1.9976847517664544,,0.0,0.00019646366126835346,0.00019646366126835346,0.5742313265800476,0.4458962082862854,0.5740348629187793,0.44569974462501705
1982-10-21,9400,,3.0,3.0,3.0,1.5818506,1.1512041233448858,,3.0,31.281513214111328,29.535022735595703,4.875553131103516,3.52927827835083,-26.405960083007812,-26.005744457244873
1982-10-22,13400,,3.0,3.0,3.0,29.535023,1.3013342178519838,,3.0,42.49449157714844,29.535022735595703,6.503233909606934,3.52927827835083,-35.991257667541504,-26.005744457244873
1982-10-23,19200,,3.0,3.0,3.0,11.377621,0.9671374455184044,,3.0,47.152099609375,29.535022735595703,7.1855878829956055,3.52927827835083,-39.966511726379395,-26.005744457244873
1982-10-24,13100,,3.0,3.0,3.0,6.2394576,1.673755422326656,,3.0,20.841962814331055,11.377620697021484,6.728126525878906,3.071817398071289,-14.113836288452148,-8.305803298950195
1982-10-25,11900,,3.0,3.0,3.0,3.2248862,3.416989164646534,,3.0,27.50102996826172,18.036685943603516,8.757074356079102,3.858884334564209,-18.743955612182617,-14.177801609039307
1982-10-26,13300,,3.0,3.0,3.0,18.036684,1.8457909932028465,,3.0,54.419334411621094,33.15776062011719,9.203140258789062,3.858884334564209,-45.21619415283203,-29.29887628555298
1982-10-27,18900,,0.0,3.0,3.0,33.15776,1.921527282647108,,3.0,60.58283233642578,33.15776062011719,9.614802360534668,3.858884334564209,-50.96802997589111,-29.29887628555298
1982-11-01,15600,,0.0,0.0,0.0,18.323248,2.8819049803773265,,0.0,20.611196517944336,18.3232479095459,3.143068313598633,1.4520206451416016,-17.468128204345703,-16.871227264404297
1982-11-03,12000,,1.0,1.0,1.0,0.032414537,2.850833162836164,,1.0,9.286176681518555,9.249985694885254,3.539567470550537,1.6050318479537964,-5.746609210968018,-7.6449538469314575
1982-11-04,11800,,1.0,1.0,1.0,9.249987,2.960007770537676,,1.0,23.940879821777344,14.658480644226074,3.864553451538086,1.6050318479537964,-20.076326370239258,-13.053448796272278
1982-11-09,15200,,0.0,0.0,0.0,0.0013713163,3.183856707978648,,0.0,5.783217906951904,5.781846523284912,6.878867149353027,2.653383255004883,1.095649242401123,-3.1284632682800293
1982-11-13,10900,,0.0,0.0,0.0,5.1687603,1.5922542619125857,,0.0,5.170605182647705,5.168760299682617,0.7365515828132629,0.33809980750083923,-4.434053599834442,-4.830660492181778
1982-11-16,10400,,0.0,0.0,0.0,23.471708,1.6083305950454554,,0.0,47.95585250854492,24.091651916503906,6.748652458190918,3.5727224349975586,-41.207200050354004,-20.518929481506348
1982-11-25,11900,,0.0,0.0,0.0,0.0030078583,0.9090371766495344,,0.0,7.272382736206055,7.033097743988037,3.130406141281128,1.8253276348114014,-4.141976594924927,-5.207770109176636
1982-12-02,13300,,3.0,3.0,3.0,3.4573853,7.530758722738536,,3.0,73.63640594482422,63.87131118774414,11.56346607208252,5.0760273933410645,-62.0729398727417,-58.795283794403076
1982-12-03,25000,,3.0,3.0,3.0,63.871307,6.998234062647893,,3.0,142.4412384033203,75.11254119873047,9.528396606445312,5.0760273933410645,-132.912841796875,-70.0365138053894
1982-12-08,20500,,0.0,0.0,0.0,0.0,1.2184668067843407,,0.0,0.12652651965618134,0.12652651965618134,3.54502534866333,1.5045216083526611,3.4184988290071487,1.3779950886964798
1982-12-13,14500,,0.0,0.0,0.0,17.33403,1.2500730554539463,,0.0,29.712772369384766,17.334030151367188,5.685230255126953,2.3508145809173584,-24.027542114257812,-14.983215570449829
1982-12-14,15000,,1.0,1.0,1.0,3.064786,2.172497256545542,,1.0,44.67378616333008,24.27497100830078,7.597315788269043,3.821828842163086,-37.076470375061035,-20.453142166137695
1982-12-15,17200,,2.0,1.0,1.0,24.27497,6.435888724247178,,2.0,63.620906829833984,36.281150817871094,10.683263778686523,4.510620594024658,-52.93764305114746,-31.770530223846436
1982-12-16,22900,,2.0,1.0,1.0,36.281147,3.878801518561459,,2.0,71.79264831542969,36.281150817871094,11.115525245666504,4.510620594024658,-60.677123069763184,-31.770530223846436
1982-12-18,21600,,0.0,0.0,0.0,31.718172,0.6768006051099552,,0.0,59.452239990234375,31.718172073364258,6.393678665161133,2.783076524734497,-53.05856132507324,-28.93509554862976
1982-12-23,14600,,0.0,0.0,0.0,4.59454,3.8556663959378272,,0.0,13.034272193908691,7.152288913726807,10.888765335083008,4.345412254333496,-2.1455068588256836,-2.8068766593933105
1982-12-24,13500,,0.0,0.0,0.0,1.2874421,5.229414998377694,,0.0,6.673892498016357,4.594540596008301,8.878567695617676,4.3197503089904785,2.2046751976013184,-0.27479028701782227
1982-12-30,11900,,0.0,0.0,0.0,0.0,0.7610545198283042,,0.0,0.18756188452243805,0.18748722970485687,0.967396080493927,0.43865475058555603,0.779834195971489,0.25116752088069916
1983-01-04,11800,,2.0,0.0,0.0,14.645318,1.8907512001967437,,2.0,88.51958465576172,49.749725341796875,7.089022159576416,2.96720027923584,-81.4305624961853,-46.782525062561035
1983-01-05,23000,,2.0,0.0,0.0,49.749725,2.069548172167009,,2.0,76.00654602050781,49.749725341796875,7.764016151428223,2.96720027923584,-68.24252986907959,-46.782525062561035
1983-01-06,29300,,2.0,0.0,0.0,11.611506,1.3841001572707226,,2.0,96.87066650390625,49.749725341796875,8.248573303222656,2.96720027923584,-88.6220932006836,-46.782525062561035
1983-01-07,22500,,2.0,2.0,2.0,35.509445,1.4180985328976874,,2.0,108.28440856933594,61.16345977783203,7.97773551940918,2.938218116760254,-100.30667304992676,-58.22524166107178
1983-01-08,42200,,2.0,2.0,2.0,61.163464,1.296145937310774,,2.0,111.00680541992188,61.16345977783203,7.654489994049072,2.938218116760254,-103.3523154258728,-58.22524166107178
1983-01-09,40000,,1.0,2.0,2.0,14.333902,1.529576195701818,,2.0,174.29669189453125,98.79933166503906,6.697492599487305,2.6963629722595215,-167.59919929504395,-96.10296869277954
1983-01-10,46600,,1.0,2.0,2.0,98.799324,1.675931999528808,,2.0,130.0375518798828,98.79933166503906,5.290719509124756,2.019908905029297,-124.74683237075806,-96.77942276000977
1983-01-13,28100,,0.0,0.0,0.0,8.791842,0.047057218850167,,0.0,8.816834449768066,8.79184341430664,1.9136580228805542,1.0029689073562622,-6.903176426887512,-7.788874506950378
1983-01-17,16100,,2.0,2.0,1.0,4.6854672,0.9692741367159972,,2.0,5.311864376068115,4.685467720031738,5.130331039428711,3.1069111824035645,-0.1815333366394043,-1.5785565376281738
1983-01-18,17100,,2.0,2.0,1.0,0.61198825,2.2402253455925965,,2.0,9.621953964233398,4.685467720031738,7.584173679351807,3.1069111824035645,-2.037780284881592,-1.5785565376281738
1983-01-19,16300,,2.0,2.0,1.0,4.3244987,2.0845422099326485,,2.0,7.382376670837402,4.324498653411865,8.309067726135254,3.1069111824035645,0.9266910552978516,-1.2175874710083008
1983-01-20,17200,,0.0,0.0,0.0,2.44589,4.165721182361706,,0.0,7.005465030670166,4.324498653411865,6.621291637420654,3.0830392837524414,-0.3841733932495117,-1.2414593696594238
1983-01-22,14400,,0.0,0.0,0.0,0.8151788,2.798875132006142,,0.0,22.254650115966797,21.204395294189453,6.7203850746154785,2.982863187789917,-15.534265041351318,-18.221532106399536
1983-01-25,13600,,2.0,2.0,0.0,7.0557685,1.1502305328398217,,2.0,24.135425567626953,11.692395210266113,11.822185516357422,4.981828689575195,-12.313240051269531,-6.710566520690918
1983-01-26,14600,,2.0,2.0,0.0,11.692394,3.319439777299697,,2.0,34.164615631103516,15.416451454162598,12.253732681274414,5.413376808166504,-21.9108829498291,-10.003074645996094
1983-01-27,16700,,1.0,1.0,0.0,15.4164505,2.2940249525191216,,1.0,42.200897216796875,15.416451454162598,11.32618522644043,5.413376808166504,-30.874711990356445,-10.003074645996094
1983-01-28,19600,,0.0,0.0,0.0,15.0920515,0.911797577493547,,0.0,30.568496704101562,15.416451454162598,10.17505168914795,5.413376808166504,-20.393445014953613,-10.003074645996094
1983-01-30,16100,,0.0,0.0,0.0,2.4721236,1.5158353637996276,,0.0,2.7936034202575684,2.472123861312866,5.554783344268799,3.057952404022217,2.7611799240112305,0.5858285427093506
1983-02-04,12200,,0.0,0.0,0.0,0.0,1.7610179404355224,,0.0,0.011612966656684875,0.011612966656684875,4.246299743652344,2.005542039871216,4.234686776995659,1.993929073214531
1983-02-10,12400,,4.0,3.0,2.0,9.324635,2.550993326844108,,4.0,49.53260803222656,31.686355590820312,7.525177955627441,2.9887218475341797,-42.00743007659912,-28.697633743286133
1983-02-11,13000,,4.0,3.0,2.0,31.686356,2.0827872257320528,,4.0,49.49003601074219,31.686355590820312,8.127662658691406,3.2698147296905518,-41.36237335205078,-28.41654086112976
1983-02-12,16600,,4.0,3.0,2.0,8.479047,2.644658478669254,,4.0,59.12486267089844,31.686355590820312,8.392019271850586,3.2698147296905518,-50.73284339904785,-28.41654086112976
1983-02-13,22400,,4.0,3.0,0.0,18.959463,2.655104065272517,,4.0,39.40317916870117,18.959463119506836,7.108452796936035,3.2698147296905518,-32.29472637176514,-15.689648389816284
1983-02-15,18900,,0.0,0.0,0.0,9.9469,1.2902134624565231,,0.0,34.76811218261719,12.85654354095459,5.236968994140625,2.07275128364563,-29.531143188476562,-10.78379225730896
1983-02-16,18400,,2.0,0.0,0.0,12.856543,1.8894039625608885,,2.0,33.73040008544922,12.85654354095459,6.931049346923828,3.399235248565674,-26.79935073852539,-9.457308292388916
1983-02-17,19600,,2.0,2.0,1.0,10.926957,2.775872893843296,,2.0,45.02105712890625,21.2375545501709,9.4480619430542,3.9760751724243164,-35.57299518585205,-17.261479377746582
1983-02-18,23900,,2.0,2.0,1.0,21.237555,1.407105082055638,,2.0,36.34534454345703,21.2375545501709,8.872803688049316,3.9760751724243164,-27.472540855407715,-17.261479377746582
1983-02-19,22700,,1.0,1.0,0.0,4.180833,1.0210017380378151,,1.0,40.504356384277344,21.2375545501709,7.88004207611084,3.9760751724243164,-32.624314308166504,-17.261479377746582
1983-02-20,20500,,1.0,1.0,0.0,15.085967,2.401287098634163,,1.0,29.770082473754883,15.085967063903809,5.419198036193848,2.4064741134643555,-24.350884437561035,-12.679492950439453
1983-02-22,19200,,2.0,2.0,1.0,12.779094,2.348186220108746,,2.0,34.247642517089844,12.779094696044922,7.345668792724609,3.48568058013916,-26.901973724365234,-9.293414115905762
1983-02-23,21300,,2.0,2.0,1.0,10.965268,1.1783873654364003,,2.0,31.999923706054688,12.779094696044922,7.269371032714844,3.48568058013916,-24.730552673339844,-9.293414115905762
1983-02-24,23900,,2.0,2.0,1.0,8.255562,1.1321255933818166,,2.0,33.07676315307617,13.85593318939209,7.059218406677246,3.48568058013916,-26.017544746398926,-10.37025260925293
1983-03-08,18100,,3.0,3.0,3.0,17.398691,1.8367839893857765,,3.0,62.77687072753906,41.08695983886719,9.144529342651367,3.6625795364379883,-53.632341384887695,-37.4243803024292
1983-03-09,24300,,3.0,3.0,3.0,41.08696,1.3003434742983266,,3.0,73.81851959228516,41.08695983886719,7.067916393280029,3.0986647605895996,-66.75060319900513,-37.98829507827759
1983-03-20,15300,,0.0,0.0,0.0,0.9870942,3.1495830569212555,,0.0,0.9874871373176575,0.9870942234992981,4.632242202758789,2.1490824222564697,3.6447550654411316,1.1619881987571716
1983-03-23,15400,,0.0,0.0,0.0,4.0194793,3.765536012102199,,0.0,8.56875228881836,4.019479274749756,8.022150039672852,3.8592915534973145,-0.5466022491455078,-0.1601877212524414
1983-03-30,20800,,0.0,0.0,0.0,35.842957,2.6798391746697003,,0.0,74.82319641113281,35.84295654296875,9.064066886901855,3.8074488639831543,-65.75912952423096,-32.035507678985596
1983-03-31,21600,,0.0,0.0,0.0,14.535641,2.721994548223833,,0.0,53.69076156616211,35.84295654296875,7.926571846008301,3.8074488639831543,-45.76418972015381,-32.035507678985596
1983-04-01,20300,,0.0,0.0,0.0,3.3121629,4.191563593377683,,0.0,31.874069213867188,14.535639762878418,5.986710548400879,2.2396481037139893,-25.88735866546631,-12.295991659164429
1983-04-15,12200,,0.0,0.0,0.0,0.3567819,2.773538839255268,,0.0,1.8061453104019165,1.3700019121170044,0.41400206089019775,0.2472493052482605,-1.3921432495117188,-1.122752606868744
1983-04-24,12700,,0.0,0.0,0.0,8.761414,3.6810932071860942,,0.0,13.341160774230957,8.761414527893066,5.151545524597168,1.8222651481628418,-8.189615249633789,-6.939149379730225
1983-04-28,11700,,0.0,0.0,0.0,0.0,2.389690191142827,,0.0,1.0662908554077148,1.0359705686569214,5.111220836639404,1.994531512260437,4.0449299812316895,0.9585609436035156
1983-05-02,13500,,0.0,0.0,0.0,1.4979371,3.2124591065121657,,0.0,3.2005090713500977,1.4979373216629028,2.395472764968872,1.5036253929138184,-0.8050363063812256,0.005688071250915527
1983-05-10,12000,,0.0,0.0,0.0,0.6127191,1.895601173020528,,0.0,8.638762474060059,5.205096244812012,5.19606876373291,2.0907297134399414,-3.4426937103271484,-3.1143665313720703
1983-05-14,12900,,0.0,0.0,0.0,9.107374,3.783835834991806,,0.0,20.752628326416016,11.63752269744873,2.915038585662842,1.272344946861267,-17.837589740753174,-10.365177750587463
1983-05-18,12500,,0.0,0.0,0.0,4.9250784,5.1755467792567975,,0.0,10.525167465209961,4.925078392028809,4.4136271476745605,1.8216822147369385,-6.1115403175354,-3.10339617729187
1983-05-26,23700,,0.0,0.0,0.0,0.0,1.109681139293088,,0.0,0.0,0.0,1.4340920448303223,0.5870512127876282,1.4340920448303223,0.5870512127876282
1983-05-27,23400,,0.0,0.0,0.0,0.0,1.4920506986250697,,0.0,0.0,0.0,1.6572602987289429,0.5870512127876282,1.6572602987289429,0.5870512127876282
1983-05-31,28600,,0.0,0.0,0.0,0.09749509,1.3504619956642054,,0.0,1.2601690292358398,1.156174898147583,3.010499954223633,1.0854487419128418,1.750330924987793,-0.07072615623474121
1983-06-04,19100,,0.0,0.0,0.0,0.0,3.682038071501346,,0.0,0.5726876258850098,0.5726876258850098,5.542661666870117,2.160308837890625,4.969974040985107,1.5876212120056152
1983-06-09,21900,,2.0,2.0,1.0,0.0019135559,0.7553233349659728,,2.0,25.88162612915039,22.59589958190918,5.517886161804199,3.4371399879455566,-20.36373996734619,-19.158759593963623
1983-06-10,22100,,2.0,2.0,1.0,22.5959,2.782951109678246,,2.0,36.732757568359375,22.59589958190918,6.570446491241455,3.4371399879455566,-30.16231107711792,-19.158759593963623
1983-06-16,20500,,1.0,1.0,0.0,2.7946484,1.6913172508003034,,1.0,26.17237091064453,16.446842193603516,4.886654853820801,2.66963791847229,-21.28571605682373,-13.777204275131226
1983-06-17,20100,,1.0,1.0,0.0,16.446842,3.043109744378244,,1.0,33.59379959106445,16.446842193603516,5.573864936828613,2.66963791847229,-28.01993465423584,-13.777204275131226
1983-06-26,16600,,0.0,0.0,0.0,1.1252711,4.007433263274497,,0.0,2.592284917831421,1.1252710819244385,6.8039231300354,3.1657536029815674,4.2116382122039795,2.040482521057129
1983-07-10,13000,,5.0,4.0,3.0,0.0010314343,1.379619284986536,,5.0,13.083419799804688,7.090603351593018,5.4507622718811035,2.4187750816345215,-7.632657527923584,-4.671828269958496
1983-07-11,13000,,5.0,4.0,3.0,7.0906024,0.6534722523606108,,5.0,66.52601623535156,59.434383392333984,5.524180889129639,2.4187750816345215,-61.001835346221924,-57.01560831069946
1983-07-12,35900,,5.0,4.0,3.0,59.434383,0.8044011002750688,,5.0,104.08377075195312,59.434383392333984,5.1993818283081055,2.0939760208129883,-98.88438892364502,-57.340407371520996
1983-07-13,48500,,5.0,4.0,1.0,37.558784,1.6709799350664114,,5.0,120.6355209350586,59.434383392333984,5.182740211486816,2.0939760208129883,-115.45278072357178,-57.340407371520996
1983-07-17,27700,,0.0,0.0,0.0,0.16311984,2.0116857726828403,,0.0,10.284995079040527,8.913169860839844,4.2282915115356445,1.709965705871582,-6.056703567504883,-7.203204154968262
1983-07-22,21800,,0.0,0.0,0.0,0.12889391,1.9387617565548412,,0.0,5.705683708190918,5.097072601318359,3.9848568439483643,2.1423046588897705,-1.7208268642425537,-2.954767942428589
1983-07-24,22000,,0.0,0.0,0.0,0.08405698,1.6620549765540558,,0.0,0.95856773853302,0.47971707582473755,3.2971856594085693,1.3098119497299194,2.3386179208755493,0.8300948739051819
1983-07-25,21800,,0.0,0.0,0.0,0.3947937,1.8590124803928256,,0.0,4.31397819519043,3.835127592086792,4.240787506103516,1.9343655109405518,-0.07319068908691406,-1.9007620811462402
1983-08-15,13900,,0.0,0.0,0.0,0.0,1.3939745266895238,,0.0,0.0,0.0,4.146404266357422,1.5997204780578613,4.146404266357422,1.5997204780578613
1983-08-19,9560,,0.0,0.0,0.0,0.0,2.0244104414533384,,0.0,0.5815697312355042,0.416642427444458,5.49360466003418,2.0586953163146973,4.9120349287986755,1.6420528888702393
1983-08-22,9560,,0.0,0.0,0.0,0.0,2.540086467897966,,0.0,0.00961296632885933,0.00961296632885933,3.833662271499634,1.421527624130249,3.8240493051707745,1.4119146578013897
1983-08-28,8160,,1.0,1.0,1.0,4.573253,2.482374312586411,,1.0,11.903681755065918,7.329936981201172,5.280961990356445,2.553159236907959,-6.622719764709473,-4.776777744293213
1983-08-29,8300,,0.0,1.0,1.0,7.329937,2.28683410522052,,1.0,21.357952117919922,9.45476245880127,6.028838157653809,2.553159236907959,-15.329113960266113,-6.9016032218933105
1983-08-31,10900,,0.0,0.0,0.0,0.82644403,1.912726735402859,,0.0,29.940311431884766,19.65910530090332,5.029031276702881,1.7832571268081665,-24.911280155181885,-17.875848174095154
1983-09-06,10900,,0.0,1.0,1.0,0.020589393,1.5421611601247422,,1.0,6.751412391662598,5.1552042961120605,4.549139976501465,2.0237021446228027,-2.202272415161133,-3.131502151489258
1983-09-10,10900,,1.0,1.0,0.0,8.995994,2.4349246402509714,,1.0,46.88850402832031,24.28099250793457,7.09315824508667,3.5119564533233643,-39.79534578323364,-20.769036054611206
1983-09-20,9200,,0.0,0.0,0.0,0.0,5.097699011529742,,0.0,1.381180763244629,1.381180763244629,3.854741096496582,1.6592079401016235,2.473560333251953,0.27802717685699463
1983-09-23,9000,,0.0,0.0,0.0,0.0,0.9558869056107,,0.0,1.7789115905761719,1.6612122058868408,2.46470308303833,1.148618459701538,0.6857914924621582,-0.5125937461853027
1983-10-02,7170,,1.0,1.0,1.0,0.19155206,2.0351649895945063,,1.0,3.1162829399108887,2.908261299133301,5.272616863250732,2.7643182277679443,2.1563339233398438,-0.14394307136535645
1983-10-03,5990,,1.0,1.0,1.0,2.908261,1.3608914625350554,,1.0,11.354825019836426,8.255011558532715,3.1350133419036865,1.5363209247589111,-8.21981167793274,-6.718690633773804
1983-10-04,8660,,1.0,1.0,1.0,8.2550125,2.2341021205714653,,1.0,11.163554191589355,8.255011558532715,2.3012242317199707,0.971977710723877,-8.862329959869385,-7.283033847808838
1983-10-07,8320,,0.0,0.0,0.0,0.60691947,1.5810192217475856,,0.0,0.6658998131752014,0.6069194674491882,2.8799643516540527,1.062972903251648,2.2140645384788513,0.4560534358024597
1983-10-11,6940,,0.0,0.0,0.0,0.0,4.750134434435056,,0.0,0.1909528374671936,0.1909528374671936,2.3622100353240967,1.2704229354858398,2.171257197856903,1.0794700980186462
1983-10-21,6050,,2.0,2.0,2.0,5.2562747,2.8758530541726337,,2.0,59.96327209472656,41.266300201416016,4.626641273498535,1.8032376766204834,-55.33663082122803,-39.46306252479553
1983-10-22,10500,,2.0,2.0,2.0,41.2663,4.178216661603418,,2.0,57.69773864746094,41.266300201416016,3.6281678676605225,1.560084581375122,-54.069570779800415,-39.706215620040894
1983-10-24,10600,,1.0,2.0,2.0,1.1291964,0.8988104464132564,,2.0,17.31002426147461,11.175163269042969,3.0300521850585938,1.1182384490966797,-14.279972076416016,-10.056924819946289
1983-10-25,10200,,1.0,2.0,2.0,5.005664,0.6066704692702101,,2.0,6.186550617218018,5.005664348602295,3.757505178451538,1.5322167873382568,-2.4290454387664795,-3.473447561264038
1983-10-26,9060,,1.0,2.0,2.0,0.05168959,0.1179749482825252,,2.0,6.9603657722473145,5.005664348602295,3.723966121673584,1.5322167873382568,-3.2363996505737305,-3.473447561264038
1983-10-27,9170,,0.0,2.0,2.0,1.9030118,0.1896319121102589,,2.0,2.011108160018921,1.9030117988586426,2.890618324279785,1.5322167873382568,0.8795101642608643,-0.37079501152038574
1983-10-29,8160,,1.0,1.0,0.0,0.15566601,0.3601881875427534,,1.0,3.8735992908477783,3.661526679992676,3.679377317428589,2.7375078201293945,-0.19422197341918945,-0.9240188598632812
1983-10-30,7740,,1.0,1.0,1.0,3.6615267,1.5771455260509342,,1.0,27.161413192749023,23.344221115112305,4.510605335235596,2.7375078201293945,-22.650807857513428,-20.60671329498291
1983-11-01,13400,,2.0,2.0,1.0,0.47659925,2.1215033097117257,,2.0,56.98227310180664,33.16145324707031,6.207108497619629,2.7993083000183105,-50.77516460418701,-30.362144947052002
1983-11-02,13800,,2.0,2.0,1.0,33.161453,2.5103726344809343,,2.0,76.92318725585938,43.28513717651367,9.770008087158203,4.679018020629883,-67.15317916870117,-38.60611915588379
1983-11-03,22700,,1.0,1.0,1.0,43.285137,4.020418121059191,,1.0,118.85179901123047,43.28513717651367,9.871087074279785,4.679018020629883,-108.98071193695068,-38.60611915588379
1983-11-05,28000,,1.0,1.0,0.0,26.112843,1.9247721021164383,,1.0,86.74725341796875,42.40520477294922,7.7225871086120605,3.3549671173095703,-79.02466630935669,-39.05023765563965
1983-11-06,23000,,1.0,1.0,0.0,18.229198,2.518209097728977,,1.0,62.21673583984375,26.112842559814453,6.676834583282471,3.3549671173095703,-55.53990125656128,-22.757875442504883
1983-11-10,20000,,3.0,2.0,2.0,5.20745,5.064366711512589,,3.0,37.315242767333984,25.180309295654297,10.949424743652344,4.3219451904296875,-26.36581802368164,-20.85836410522461
1983-11-11,21800,,3.0,2.0,2.0,25.18031,2.84472109762978,,3.0,35.71895217895508,25.180309295654297,11.873302459716797,4.3219451904296875,-23.84564971923828,-20.85836410522461
1983-11-13,20600,,0.0,0.0,0.0,12.768628,1.6279826154885828,,0.0,35.834800720214844,17.734981536865234,9.311656951904297,3.8675990104675293,-26.523143768310547,-13.867382526397705
1983-11-14,19900,,3.0,2.0,2.0,17.734982,2.4390824978972017,,3.0,92.27641296386719,61.77280044555664,9.210352897644043,3.8675990104675293,-83.06606006622314,-57.90520143508911
1983-11-15,30900,,3.0,2.0,2.0,61.7728,4.019250680438705,,3.0,129.81423950195312,61.77280044555664,8.039009094238281,3.302879571914673,-121.77523040771484,-58.46992087364197
1983-11-16,57900,,3.0,2.0,2.0,50.306446,3.252370530649192,,3.0,143.9115753173828,61.77280044555664,9.945005416870117,3.9458699226379395,-133.9665699005127,-57.8269305229187
1983-11-19,34000,,0.0,0.0,0.0,10.624134,8.44177077327183,,0.0,56.49039840698242,30.75922203063965,8.814399719238281,3.992619276046753,-47.67599868774414,-26.766602754592896
1983-11-23,20000,,0.0,0.0,0.0,1.6053555,7.758736171646217,,0.0,26.256572723388672,24.380226135253906,8.528495788574219,5.708545207977295,-17.728076934814453,-18.67168092727661
1983-12-01,16700,,0.0,0.0,0.0,0.01486051,1.3656755097865374,,0.0,0.42323970794677734,0.40819647908210754,5.932913780212402,2.509646415710449,5.509674072265625,2.1014499366283417
1983-12-08,11400,,0.0,0.0,0.0,20.914457,1.599487681837815,,0.0,32.785980224609375,20.914457321166992,9.116047859191895,3.2885591983795166,-23.66993236541748,-17.625898122787476
1983-12-10,13200,,0.0,0.0,0.0,21.626303,3.922292763273463,,0.0,40.201419830322266,21.62630271911621,9.310080528259277,3.271719217300415,-30.89133930206299,-18.354583501815796
1983-12-24,13000,,0.0,0.0,0.0,0.01837328,3.0753833086370763,,0.0,0.31141453981399536,0.24094107747077942,9.335186958312988,4.766960144042969,9.023772418498993,4.526019066572189
1983-12-28,11200,,0.0,0.0,0.0,0.033324167,6.718691243058699,,0.0,6.362200736999512,3.4856228828430176,4.694797992706299,1.9327175617218018,-1.667402744293213,-1.5529053211212158
1984-01-01,14900,,2.0,1.0,1.0,0.8667486,0.37627361385801,,2.0,,,,,,
1984-01-02,14400,,2.0,1.0,1.0,29.520721,1.4014135765346296,,2.0,64.39311981201172,34.00564956665039,5.60319185256958,2.22951078414917,-58.78992795944214,-31.77613878250122
1984-01-03,21200,,4.0,4.0,4.0,34.00565,0.9744555973704172,,4.0,126.20068359375,62.67430877685547,7.523229122161865,3.1805882453918457,-118.67745447158813,-59.49372053146362
1984-01-04,49600,,4.0,4.0,4.0,62.67431,0.3098072038670825,,4.0,133.9451904296875,62.67430877685547,6.643089771270752,3.1805882453918457,-127.30210065841675,-59.49372053146362
1984-01-05,81300,,4.0,4.0,4.0,37.265224,0.5366337452131629,,4.0,115.66410064697266,62.67430877685547,5.6661272048950195,3.1805882453918457,-109.99797344207764,-59.49372053146362
1984-01-10,26300,,0.0,0.0,0.0,5.980022,4.364738912000727,,0.0,17.70730972290039,9.031913757324219,5.099799156188965,2.2351465225219727,-12.607510566711426,-6.796767234802246
1984-01-11,24200,,0.0,0.0,0.0,9.031914,0.872895083274951,,0.0,17.079477310180664,9.031913757324219,3.9270005226135254,2.2351465225219727,-13.152476787567139,-6.796767234802246
1984-01-21,13500,,0.0,0.0,0.0,5.811566,0.9131007958601222,,0.0,32.708152770996094,26.50796890258789,4.591886520385742,2.314284563064575,-28.11626625061035,-24.193684339523315
1984-01-22,13600,,1.0,1.0,0.0,26.507969,1.5838746876801846,,1.0,45.12773895263672,26.50796890258789,6.020484924316406,2.314284563064575,-39.10725402832031,-24.193684339523315
1984-01-23,14100,,3.0,3.0,3.0,12.808207,3.711907109008657,,3.0,70.89391326904297,31.577733993530273,7.3883867263793945,3.097461700439453,-63.505526542663574,-28.48027229309082
1984-01-24,21600,,3.0,3.0,3.0,31.577736,3.4927440537820407,,3.0,125.15314483642578,80.76720428466797,8.184968948364258,3.1108665466308594,-116.96817588806152,-77.65633773803711
1984-01-25,45200,,3.0,3.0,3.0,80.76721,0.995474281793589,,3.0,133.373291015625,80.76720428466797,8.016247749328613,3.1108665466308594,-125.35704326629639,-77.65633773803711
1984-01-26,39100,,0.0,1.0,1.0,21.028357,0.7786915737198763,,1.0,117.32330322265625,80.76720428466797,7.249233245849609,3.1108665466308594,-110.07406997680664,-77.65633773803711
1984-01-27,30300,,0.0,1.0,1.0,15.5277405,0.6891377803128469,,1.0,49.466148376464844,21.028356552124023,5.448122024536133,2.33044695854187,-44.01802635192871,-18.697909593582153
1984-01-28,28600,,0.0,0.0,1.0,12.910049,0.280973549172417,,1.0,33.3770751953125,15.527740478515625,4.229618072509766,2.33044695854187,-29.147457122802734,-13.197293519973755
1984-01-29,28600,,0.0,0.0,0.0,4.939285,0.6934322423581103,,0.0,18.199966430664062,12.910049438476562,1.9355183839797974,1.3097553253173828,-16.264448046684265,-11.60029411315918
1984-02-07,15300,,1.0,1.0,0.0,1.0997367,0.0958396623949375,,1.0,8.376131057739258,3.7723753452301025,2.931805372238159,1.4076013565063477,-5.444325685501099,-2.364773988723755
1984-02-08,14700,,1.0,1.0,0.0,3.7723753,0.7733239094897691,,1.0,12.777752876281738,7.905640602111816,4.645216941833496,1.9758751392364502,-8.132535934448242,-5.929765462875366
1984-02-09,15600,,1.0,1.0,0.0,7.90564,1.985248791536728,,1.0,20.860279083251953,9.182262420654297,5.053534507751465,1.9758751392364502,-15.806744575500488,-7.206387281417847
1984-02-10,17200,,1.0,1.0,0.0,9.182263,2.2788184649468155,,1.0,25.05461311340332,9.182262420654297,6.339341163635254,2.5475473403930664,-18.715271949768066,-6.6347150802612305
1984-02-12,19400,,1.0,1.0,0.0,16.465143,5.835015158748365,,1.0,53.55950927734375,29.127655029296875,11.075847625732422,4.408873081207275,-42.48366165161133,-24.7187819480896
1984-02-13,23500,,0.0,0.0,0.0,29.127653,4.490915910795882,,0.0,65.448486328125,29.127655029296875,10.781902313232422,4.408873081207275,-54.66658401489258,-24.7187819480896
1984-02-19,16200,,2.0,2.0,2.0,0.16058743,0.94669700482972,,2.0,15.245311737060547,14.42479133605957,6.0562052726745605,2.805737018585205,-9.189106464385986,-11.619054317474365
1984-02-20,18100,,2.0,2.0,2.0,14.424792,1.3409744998233026,,2.0,35.29878234863281,20.713401794433594,6.836208343505859,2.805737018585205,-28.462574005126953,-17.90766477584839
1984-02-21,24500,,0.0,0.0,0.0,20.713404,1.550257812386981,,0.0,39.808616638183594,20.713401794433594,6.2694573402404785,2.805737018585205,-33.539159297943115,-17.90766477584839
1984-02-29,18600,,0.0,0.0,0.0,8.6837225,0.3500215963081679,,0.0,20.7805233001709,8.683723449707031,4.0930681228637695,1.5838291645050049,-16.68745517730713,-7.099894285202026
1984-03-09,16500,,0.0,0.0,0.0,0.5796758,0.5718408941078245,,0.0,3.8396778106689453,1.8337346315383911,2.06583309173584,1.3480730056762695,-1.7738447189331055,-0.4856616258621216
1984-03-20,17200,,1.0,1.0,1.0,15.197692,3.539611142455035,,1.0,48.98271560668945,27.407445907592773,5.899169445037842,2.3845090866088867,-43.08354616165161,-25.022936820983887
1984-03-21,24000,,1.0,1.0,1.0,27.407444,2.382293507261113,,1.0,50.24985885620117,27.407445907592773,6.567594051361084,2.3845090866088867,-43.68226480484009,-25.022936820983887
1984-04-07,15300,,0.0,0.0,0.0,12.512887,3.376489163613218,,0.0,38.482322692871094,18.780635833740234,7.554165363311768,3.0665621757507324,-30.928157329559326,-15.714073657989502
1984-04-13,15800,,2.0,2.0,2.0,11.573983,1.1533625141822643,,2.0,29.834197998046875,11.573983192443848,5.4823760986328125,2.5550293922424316,-24.351821899414062,-9.018953800201416
1984-04-14,11700,,2.0,2.0,2.0,8.010155,1.575797255098899,,2.0,20.44687843322754,11.573983192443848,4.28963565826416,1.6314771175384521,-16.15724277496338,-9.942506074905396
1984-04-15,12000,,2.0,2.0,2.0,0.8627407,1.5438392656015243,,2.0,11.0145263671875,8.010154724121094,3.6336746215820312,1.6314771175384521,-7.380851745605469,-6.378677606582642
1984-04-23,10900,,0.0,0.0,0.0,10.270705,1.592444392089758,,0.0,19.57465934753418,10.270705223083496,2.2246079444885254,0.9344116449356079,-17.350051403045654,-9.336293578147888
1984-04-28,9700,,0.0,0.0,0.0,0.3101257,1.9943481738203148,,0.0,3.965536117553711,3.454115867614746,5.182568550109863,2.201986789703369,1.2170324325561523,-1.252129077911377
1984-05-03,15900,,0.0,0.0,0.0,15.914193,4.690077064720725,,0.0,43.469825744628906,25.315074920654297,4.778680324554443,2.066556930541992,-38.69114542007446,-23.248517990112305
1984-05-06,10700,,0.0,0.0,0.0,3.6076682,4.518420307556228,,0.0,9.808135032653809,4.280783653259277,3.049196720123291,1.3327116966247559,-6.758938312530518,-2.9480719566345215
1984-05-07,10400,,1.0,1.0,0.0,1.9196837,4.260643259988551,,1.0,10.158100128173828,4.630748748779297,3.1107234954833984,1.3327116966247559,-7.04737663269043,-3.298037052154541
1984-05-08,10800,,1.0,1.0,0.0,4.6307487,2.2651532717890217,,1.0,14.709494590759277,8.159062385559082,2.6894493103027344,1.1415740251541138,-12.020045280456543,-7.017488360404968
1984-05-11,13500,,0.0,0.0,0.0,6.671841,1.5372717146228705,,0.0,58.51068878173828,35.4803466796875,3.2680625915527344,1.4643758535385132,-55.24262619018555,-34.01597082614899
1984-05-12,18700,,0.0,0.0,0.0,35.480347,1.17209219660287,,0.0,46.417572021484375,35.4803466796875,2.9145541191101074,1.4643758535385132,-43.50301790237427,-34.01597082614899
1984-05-13,17200,,0.0,0.0,0.0,4.2653832,1.9157043393079676,,0.0,46.60329818725586,35.4803466796875,3.0160176753997803,1.5658392906188965,-43.58728051185608,-33.9145073890686
1984-05-18,15400,,2.0,2.0,0.0,0.51546955,2.1364611814110552,,2.0,17.182056427001953,15.755097389221191,5.058414459228516,2.200079917907715,-12.123641967773438,-13.555017471313477
1984-05-19,16100,,2.0,2.0,1.0,15.7550955,3.315721285693324,,2.0,47.10041809082031,30.829849243164062,4.404349327087402,2.200079917907715,-42.69606876373291,-28.629769325256348
1984-06-02,18900,,0.0,0.0,0.0,0.15773675,0.9282853771294064,,0.0,4.004985809326172,2.5472984313964844,2.9119033813476562,1.264432430267334,-1.0930824279785156,-1.2828660011291504
1984-06-06,17200,,0.0,0.0,0.0,6.549817,4.45886078957756,,0.0,18.25436019897461,6.549817085266113,8.529463768005371,3.4710381031036377,-9.724896430969238,-3.0787789821624756
1984-06-07,16400,,0.0,0.0,0.0,5.833081,3.45819306066186,,0.0,20.16370391845703,7.780805587768555,8.52636432647705,3.4710381031036377,-11.63733959197998,-4.309767484664917
1984-06-11,15600,,0.0,0.0,0.0,0.012070727,2.675718516405961,,0.0,4.409110069274902,3.8244500160217285,4.914426803588867,2.2097952365875244,0.5053167343139648,-1.614654779434204
1984-06-14,22500,,0.0,0.0,0.0,0.05729077,2.270104302935238,,0.0,7.193172931671143,6.979603290557861,4.118626117706299,1.7258281707763672,-3.0745468139648438,-5.253775119781494
1984-06-24,26800,,0.0,0.0,0.0,0.18288998,1.837523430444388,,0.0,0.7494459748268127,0.5203772187232971,4.341978549957275,2.5022852420806885,3.5925325751304626,1.9819080233573914
1984-06-25,28400,,1.0,0.0,0.0,0.5203772,1.7850200153344122,,1.0,5.4076247215271,4.704357624053955,3.687152862548828,1.8474595546722412,-1.7204718589782715,-2.856898069381714
1984-06-26,28700,,1.0,1.0,1.0,4.7043576,2.567164725065564,,1.0,11.390864372253418,6.1661295890808105,4.705334663391113,1.8925683498382568,-6.685529708862305,-4.273561239242554
1984-06-27,30900,,2.0,2.0,2.0,6.166129,1.6884549649809149,,2.0,17.714927673339844,6.84443998336792,5.817253112792969,2.07722544670105,-11.897674560546875,-4.76721453666687
1984-06-28,29200,,2.0,2.0,2.0,6.8444405,1.94067173818248,,2.0,26.090511322021484,13.079940795898438,5.609649658203125,2.07722544670105,-20.48086166381836,-11.002715349197388
1984-06-29,31000,,2.0,2.0,2.0,13.079941,2.99609530481794,,2.0,30.090787887573242,13.079940795898438,4.971060752868652,2.07722544670105,-25.11972713470459,-11.002715349197388
1984-06-30,32600,,2.0,2.0,2.0,10.166407,1.872751452325892,,2.0,29.312410354614258,13.079940795898438,5.175148010253906,2.281312942504883,-24.13726234436035,-10.798627853393555
1984-07-01,28200,,2.0,2.0,2.0,6.066063,2.2558767791121337,,2.0,16.9420166015625,10.166406631469727,4.361022472381592,2.281312942504883,-12.580994129180908,-7.885093688964844
1984-07-03,25300,,1.0,1.0,1.0,0.66915524,1.4617898276221948,,1.0,1.5208899974822998,0.7095461487770081,2.1381423473358154,0.8659558892250061,0.6172523498535156,0.15640974044799805
1984-07-04,24000,,1.0,1.0,1.0,0.1421886,3.4680376705746685,,1.0,0.9514460563659668,0.6691552996635437,2.7205650806427,1.4081530570983887,1.7691190242767334,0.738997757434845
1984-07-05,24700,,1.0,1.0,1.0,0.14010215,3.3993835235668426,,1.0,0.2890039086341858,0.14218860864639282,2.9772539138793945,1.4081530570983887,2.6882500052452087,1.2659644484519958
1984-07-08,22700,,0.0,0.0,0.0,0.03966994,1.1184037744973434,,0.0,0.0396699383854866,0.0396699383854866,2.5420022010803223,1.015171766281128,2.5023322626948357,0.9755018278956413
1984-07-09,22500,,0.0,0.0,0.0,0.0,1.6234079180952263,,0.0,0.07665814459323883,0.0396699383854866,2.8767051696777344,1.34987473487854,2.8000470250844955,1.3102047964930534
1984-07-19,25400,,0.0,0.0,0.0,0.9315364,1.091482168062677,,0.0,0.9452356696128845,0.9315362572669983,3.6763274669647217,1.4084311723709106,2.731091797351837,0.47689491510391235
1984-07-21,19100,,0.0,0.0,0.0,0.35551277,3.0665895812796173,,0.0,0.36921221017837524,0.355512797832489,4.810746669769287,1.882398247718811,4.441534459590912,1.526885449886322
1984-07-25,21700,,1.0,1.0,0.0,0.0,1.9395483168312744,,1.0,0.024308450520038605,0.019194500520825386,5.366543769836426,2.020357131958008,5.342235319316387,2.0011626314371824
1984-07-26,24800,,1.0,1.0,0.0,0.005113949,3.769488446491788,,1.0,0.005113949067890644,0.005113949067890644,5.491123199462891,2.020357131958008,5.486009250395,2.015243182890117
1984-07-31,15800,,0.0,0.0,0.0,0.24187821,1.870264673606418,,0.0,1.812577486038208,1.5685480833053589,5.622122764587402,2.3922719955444336,3.8095452785491943,0.8237239122390747
1984-08-05,19400,,0.0,0.0,0.0,0.53092927,2.054271419094443,,0.0,5.346261024475098,4.037970542907715,5.765971660614014,2.3260974884033203,0.419710636138916,-1.7118730545043945
1984-08-09,14300,,0.0,0.0,0.0,0.0,2.129212055079886,,0.0,0.0008978387922979891,0.0008978387922979891,5.834074974060059,2.3735556602478027,5.833177135267761,2.3726578214555047
1984-08-15,12200,,1.0,1.0,0.0,0.0,1.0384098090638365,,1.0,0.0069037326611578465,0.0069037326611578465,5.529143333435059,2.1632373332977295,5.522239600773901,2.1563336006365716
1984-08-16,11500,,1.0,1.0,0.0,0.0069037327,1.377888480384559,,1.0,0.0069037326611578465,0.0069037326611578465,4.603509426116943,1.824981927871704,4.5966056934557855,1.8180781952105463
1984-08-17,10300,,1.0,1.0,0.0,0.0,1.288891437735467,,1.0,0.0069037326611578465,0.0069037326611578465,4.186141490936279,1.824981927871704,4.1792377582751215,1.8180781952105463
1984-08-18,10900,,0.0,0.0,0.0,0.0,2.1707027996668598,,0.0,0.0,0.0,3.887385606765747,1.5262258052825928,3.887385606765747,1.5262258052825928
1984-08-26,7600,,0.0,1.0,1.0,7.0215926,0.854050082768626,,1.0,29.888832092285156,19.829193115234375,3.711538314819336,1.5029633045196533,-26.17729377746582,-18.32622981071472
1984-08-27,8740,,1.0,1.0,1.0,19.829193,1.0971127079290486,,1.0,33.35873031616211,19.829193115234375,2.7514090538024902,1.2138372659683228,-30.60732126235962,-18.615355849266052
1984-08-30,10200,,0.0,0.0,0.0,0.5612986,2.803886095490815,,0.0,6.0674028396606445,5.4327898025512695,2.358076572418213,1.7241299152374268,-3.7093262672424316,-3.7086598873138428
1984-09-04,7080,,1.0,1.0,1.0,1.2466837,1.46045932970846,,1.0,14.96403694152832,13.315549850463867,4.226667404174805,1.6844184398651123,-10.737369537353516,-11.631131410598755
1984-09-05,9340,,1.0,1.0,1.0,13.315551,0.7426703783383862,,1.0,40.52283477783203,25.960601806640625,4.378168106079102,1.8359191417694092,-36.14466667175293,-24.124682664871216
1984-09-07,14300,,1.0,0.0,0.0,5.878395,1.191924840714311,,1.0,41.18180847167969,25.960601806640625,5.106696605682373,1.8359191417694092,-36.075111865997314,-24.124682664871216
1984-09-08,12900,,1.0,0.0,0.0,9.342811,2.3845223702619864,,1.0,19.11145782470703,9.342811584472656,3.987905979156494,1.7020490169525146,-15.123551845550537,-7.640762567520142
1984-09-15,9120,,0.0,2.0,3.0,0.14953439,1.1947606736394845,,3.0,0.7149783372879028,0.4675029516220093,3.000403642654419,1.2427220344543457,2.285425305366516,0.7752190828323364
1984-09-16,8070,,0.0,2.0,3.0,0.09794107,0.5404235356359751,,3.0,0.24747544527053833,0.14953437447547913,3.494976043701172,1.2427220344543457,3.2475005984306335,1.0931876599788666
1984-09-17,7070,,1.0,2.0,3.0,0.0,0.3910700815699793,,3.0,0.13839097321033478,0.0979410707950592,2.926938056945801,1.2427220344543457,2.788547083735466,1.1447809636592865
1984-09-18,7980,,1.0,2.0,3.0,0.040449895,0.3902004426726516,,3.0,0.17862868309020996,0.1381787806749344,2.143312692642212,1.0411432981491089,1.964684009552002,0.9029645174741745
1984-09-19,8750,,0.0,0.0,0.0,0.13817877,0.612092072604928,,0.0,3.4236698150634766,3.2450411319732666,2.573354721069336,1.471185326576233,-0.8503150939941406,-1.7738558053970337
1984-09-22,10400,,0.0,0.0,0.0,15.455714,2.734604312235084,,0.0,35.73734664916992,16.23381805419922,6.982089519500732,2.7703864574432373,-28.75525712966919,-13.463431596755981
1984-10-03,7160,,1.0,1.0,1.0,0.20886247,1.3456074762492278,,1.0,5.641944408416748,5.4290642738342285,5.670598030090332,2.8405041694641113,0.028653621673583984,-2.588560104370117
1984-10-04,6790,,1.0,1.0,1.0,5.4290643,2.005149014526359,,1.0,14.05640983581543,8.41848373413086,5.813557147979736,2.8405041694641113,-8.242852687835693,-5.577979564666748
1984-10-06,6550,,5.0,5.0,5.0,2.0127838,3.3350232186145714,,5.0,,,3.7598633766174316,1.3089085817337036,,
1984-10-07,6750,,5.0,5.0,5.0,2.8571532,3.451935917863764,,5.0,,,4.538343906402588,1.9857326745986938,,
1984-10-08,7500,,5.0,5.0,5.0,1.4494127,1.8736469241277265,,5.0,,,4.906989574432373,1.9857326745986938,,
1984-10-09,10300,,5.0,5.0,5.0,15.590155,2.036259064766192,,5.0,32.0770378112793,15.590154647827148,5.933236122131348,2.3351550102233887,-26.14380168914795,-13.25499963760376
1984-10-10,13300,,3.0,3.0,2.0,15.03747,2.820343308967737,,3.0,49.089141845703125,18.461519241333008,7.089077949523926,3.1415746212005615,-42.0000638961792,-15.319944620132446
1984-10-12,17200,,1.0,1.0,0.0,14.837238,2.3525387545233416,,1.0,63.69305419921875,30.39430046081543,8.761737823486328,3.1415746212005615,-54.93131637573242,-27.252725839614868
1984-10-13,18300,,1.0,1.0,0.0,30.3943,3.087500387493568,,1.0,60.96562576293945,30.39430046081543,7.087697982788086,2.856327533721924,-53.87792778015137,-27.537972927093506
1984-10-21,11000,,0.0,0.0,0.0,0.0,4.512862513148949,,0.0,0.036626722663640976,0.036626722663640976,4.10900354385376,1.3954038619995117,4.072376821190119,1.3587771393358707
1984-10-24,11400,,0.0,2.0,2.0,16.257782,2.267687583052788,,2.0,43.74226379394531,26.889055252075195,5.172003269195557,2.2146987915039062,-38.570260524749756,-24.67435646057129
1984-10-25,13600,,1.0,2.0,2.0,26.889055,3.34676727032998,,2.0,59.37743377685547,26.889055252075195,6.246999740600586,2.582240104675293,-53.13043403625488,-24.306815147399902
1984-10-27,15800,,0.0,0.0,0.0,11.387814,2.4005550974520493,,0.0,38.73964309692383,16.230594635009766,6.157334327697754,2.582240104675293,-32.582308769226074,-13.648354530334473
1984-11-01,12500,,2.0,1.0,1.0,21.851723,6.6787868454716985,,2.0,87.34419250488281,57.37050247192383,9.434375762939453,5.53093147277832,-77.90981674194336,-51.83957099914551
1984-11-02,16800,,2.0,2.0,2.0,57.3705,4.129293687058128,,2.0,129.5367889404297,57.37050247192383,11.824761390686035,5.53093147277832,-117.71202754974365,-51.83957099914551
1984-11-03,27400,,2.0,2.0,2.0,50.314564,1.181041334713844,,2.0,140.3115997314453,57.37050247192383,10.075660705566406,5.53093147277832,-130.2359390258789,-51.83957099914551
1984-11-12,18900,,0.0,0.0,0.0,6.465951,1.938499500908285,,0.0,39.68632507324219,24.463272094726562,8.630584716796875,3.5538148880004883,-31.055740356445312,-20.909457206726074
1984-11-17,14300,,1.0,1.0,0.0,0.642613,3.3725900483385303,,1.0,9.764715194702148,8.806201934814453,5.738303184509277,2.8043174743652344,-4.026412010192871,-6.001884460449219
1984-11-18,12200,,1.0,1.0,0.0,8.806202,4.924455907365271,,1.0,25.116655349731445,15.667840003967285,6.217491626739502,2.8043174743652344,-18.899163722991943,-12.86352252960205
1984-11-19,15200,,0.0,0.0,0.0,15.667841,1.0488715153995112,,0.0,39.20145797729492,15.667840003967285,5.304435729980469,2.072100877761841,-33.89702224731445,-13.595739126205444
1984-11-22,13300,,2.0,2.0,3.0,5.7887526,1.046462855383267,,3.0,16.513717651367188,9.407381057739258,8.854719161987305,4.361455917358398,-7.658998489379883,-5.045925140380859
1984-11-23,14000,,2.0,2.0,3.0,9.407382,2.1912802580810493,,3.0,29.767993927001953,14.571861267089844,11.338619232177734,4.361455917358398,-18.42937469482422,-10.210405349731445
1984-11-27,13800,,1.0,1.0,0.0,24.789106,7.783439868231522,,1.0,55.49261474609375,25.094539642333984,11.798372268676758,5.919690132141113,-43.69424247741699,-19.17484951019287
1984-11-29,17200,,0.0,0.0,0.0,18.292423,1.7129391852095257,,0.0,58.51038360595703,25.094539642333984,7.196843147277832,3.9554195404052734,-51.3135404586792,-21.13912010192871
1984-11-30,16100,,0.0,0.0,0.0,15.123422,0.9361429200275276,,0.0,37.78212356567383,18.292421340942383,3.773418426513672,1.7152785062789917,-34.008705139160156,-16.57714283466339
1984-12-05,11700,,0.0,0.0,0.0,0.38496464,2.746192333207269,,0.0,10.07184886932373,9.686883926391602,4.625356197357178,1.8556323051452637,-5.446492671966553,-7.831251621246338
1984-12-06,11200,,0.0,0.0,0.0,9.686884,1.289981999632139,,0.0,37.80235290527344,27.730504989624023,5.530033111572266,2.0947766304016113,-32.27231979370117,-25.635728359222412
1984-12-07,11000,,2.0,2.0,2.0,27.730505,0.5655715581788009,,2.0,62.40911865234375,27.730504989624023,6.241891860961914,2.291482925415039,-56.167226791381836,-25.439022064208984
1984-12-08,22700,,2.0,2.0,2.0,24.991732,0.8422043527410779,,2.0,60.38689041137695,27.730504989624023,6.520688533782959,2.291482925415039,-53.866201877593994,-25.439022064208984
1984-12-10,17600,,0.0,0.0,0.0,7.05613,2.33560662892996,,0.0,20.28128433227539,7.66465425491333,8.356359481811523,3.195992946624756,-11.924924850463867,-4.468661308288574
1984-12-12,15600,,0.0,0.0,0.0,6.5701137,1.9208959264609544,,0.0,24.759557723999023,12.628942489624023,7.448856353759766,3.025938034057617,-17.310701370239258,-9.603004455566406
1984-12-14,14700,,1.0,1.0,1.0,25.714476,2.723680920230058,,1.0,60.844146728515625,25.714475631713867,8.693220138549805,3.4667863845825195,-52.15092658996582,-22.247689247131348
1984-12-28,11100,,0.0,0.0,0.0,7.19927,2.0782633674947664,,0.0,34.32555389404297,17.13397216796875,8.036540031433105,3.781926155090332,-26.289013862609863,-13.352046012878418
1985-01-01,9420,,0.0,0.0,0.0,0.94604325,2.9173973245377463,,0.0,,,,,,
1985-01-05,11600,,0.0,0.0,0.0,0.0,0.1530843454665319,,0.0,0.0,0.0,1.3533852100372314,0.6728214025497437,1.3533852100372314,0.6728214025497437
1985-01-19,14900,,0.0,0.0,0.0,4.8788843,0.8269782321613461,,0.0,17.677412033081055,8.218168258666992,3.4875006675720215,1.378490924835205,-14.189911365509033,-6.839677333831787
1985-01-22,15900,,0.0,0.0,0.0,0.20486051,0.3243182696500571,,0.0,1.3605481386184692,1.0591297149658203,1.1709872484207153,0.46522411704063416,-0.1895608901977539,-0.5939055979251862
1985-01-23,15900,,0.0,0.0,0.0,0.09655796,0.2713134895294072,,0.0,0.3014184832572937,0.20486050844192505,0.9552814960479736,0.46522411704063416,0.6538630127906799,0.2603636085987091
1985-02-05,10800,,0.0,0.0,0.0,4.9810843,3.8947249208996464,,0.0,6.5310235023498535,4.98108434677124,2.5501160621643066,0.9585353136062622,-3.980907440185547,-4.022549033164978
1985-02-11,9570,,1.0,1.0,1.0,24.753296,4.145834392482419,,1.0,70.46965026855469,27.586532592773438,6.774299621582031,3.627324104309082,-63.695350646972656,-23.959208488464355
1985-02-14,9520,,1.0,1.0,1.0,0.14629863,0.2655785847288268,,1.0,15.36568546295166,14.073648452758789,3.094238758087158,1.8443493843078613,-12.271446704864502,-12.229299068450928
1985-02-22,11300,,0.0,0.0,0.0,10.516393,3.876514789854489,,0.0,17.70701789855957,10.516392707824707,5.5100016593933105,2.1494672298431396,-12.19701623916626,-8.366925477981567
1985-03-07,11500,,0.0,0.0,0.0,0.08065029,0.6250132781129167,,0.0,4.758031368255615,4.636876106262207,2.8635318279266357,1.4422919750213623,-1.8944995403289795,-3.1945841312408447
1985-03-11,8510,,0.0,0.0,0.0,0.21923575,2.32107489682338,,0.0,0.36605891585350037,0.21923576295375824,2.6804659366607666,1.167884111404419,2.3144070208072662,0.9486483484506607
1985-03-12,8930,,0.0,0.0,0.0,0.04050491,2.732765836087121,,0.0,0.3368251621723175,0.21923576295375824,1.8792296648025513,0.7715049386024475,1.5424045026302338,0.5522691756486893
1985-03-18,8030,,0.0,0.0,0.0,1.2545167,0.82951791666925,,0.0,1.327430248260498,1.2545167207717896,2.303802013397217,1.5718839168548584,0.9763717651367188,0.31736719608306885
1985-03-23,9910,,1.0,1.0,0.0,14.856793,2.396320981071714,,1.0,40.716346740722656,19.58131980895996,6.29828405380249,2.4231770038604736,-34.418062686920166,-17.158142805099487
1985-03-26,10800,,0.0,0.0,0.0,2.9643574,2.2689273558058938,,0.0,19.61421775817871,12.202994346618652,7.534265518188477,3.657327890396118,-12.079952239990234,-8.545666456222534
1985-03-31,12600,,0.0,0.0,0.0,23.829367,2.639918864013524,,0.0,53.838233947753906,23.829368591308594,6.989231109619141,3.254456043243408,-46.849002838134766,-20.574912548065186
1985-04-01,12000,,0.0,0.0,0.0,9.398982,0.511347878291887,,0.0,37.31104278564453,23.829368591308594,4.369961738586426,1.9948126077651978,-32.941081047058105,-21.834555983543396
1985-04-04,16300,,0.0,0.0,0.0,6.575973,1.8500005166580904,,0.0,28.302410125732422,16.860868453979492,1.7795264720916748,0.7024417519569397,-26.522883653640747,-16.158426702022552
1985-04-08,12900,,0.0,0.0,0.0,0.079387024,0.6598463665503154,,0.0,0.6342986822128296,0.30236151814460754,0.22205843031406403,0.11219508945941925,-0.41224025189876556,-0.1901664286851883
1985-04-13,23600,,0.0,0.0,0.0,0.12314931,1.8303480828884908,,0.0,16.68023109436035,16.040687561035156,2.969813346862793,1.5452861785888672,-13.710417747497559,-14.495401382446289
1985-04-19,14900,,0.0,0.0,0.0,4.561756,2.1468902349554333,,0.0,18.227991104125977,7.127805709838867,6.660641670227051,2.795558452606201,-11.567349433898926,-4.332247257232666
1985-04-23,11500,,0.0,0.0,0.0,25.911411,3.093777989952033,,0.0,44.39415740966797,25.91141128540039,4.780670642852783,2.058377265930176,-39.613486766815186,-23.853034019470215
1985-04-25,12600,,0.0,0.0,0.0,9.283871,2.1495229179195627,,0.0,30.477214813232422,16.946645736694336,5.503884315490723,2.996143341064453,-24.9733304977417,-13.950502395629883
1985-04-26,11300,,2.0,2.0,2.0,4.246699,3.5747949384040227,,2.0,65.61332702636719,52.082759857177734,6.324709892272949,2.996143341064453,-59.28861713409424,-49.08661651611328
1985-04-27,18100,,2.0,2.0,2.0,52.08276,2.0270985101647314,,2.0,76.99281311035156,52.082759857177734,6.733923435211182,2.996143341064453,-70.25888967514038,-49.08661651611328
1985-04-30,14200,,0.0,0.0,0.0,0.07309627,2.110088472531356,,0.0,1.5313968658447266,0.9184636473655701,2.7573275566101074,1.4811913967132568,1.2259306907653809,0.5627277493476868
1985-05-08,13900,,0.0,0.0,0.0,0.42749703,1.6975638537733606,,0.0,0.9759469032287598,0.5483614802360535,1.931378722190857,0.8394464254379272,0.9554318189620972,0.2910849452018738
1985-05-24,32200,,0.0,0.0,0.0,3.3552065,1.154426829847958,,0.0,6.284216403961182,3.3552064895629883,3.444575786590576,1.7050011157989502,-2.8396406173706055,-1.650205373764038
1985-05-29,21400,,0.0,0.0,0.0,3.07978,2.9382430318323385,,0.0,10.412243843078613,6.939098358154297,7.636214256286621,2.8764517307281494,-2.776029586791992,-4.0626466274261475
1985-06-02,21500,,0.0,0.0,0.0,3.069874,1.726161705715685,,0.0,3.6053926944732666,3.0698740482330322,4.463291645050049,2.1825308799743652,0.8578989505767822,-0.887343168258667
1985-06-05,26200,,0.0,0.0,0.0,5.4435434,4.311399957427374,,0.0,27.896995544433594,13.66373062133789,5.873446464538574,2.329505205154419,-22.02354907989502,-11.334225416183472
1985-06-08,41500,,0.0,0.0,0.0,17.276102,0.641014179164626,,0.0,61.169063568115234,43.881919860839844,3.97571063041687,2.198187828063965,-57.193352937698364,-41.68373203277588
1985-06-26,19300,,0.0,0.0,0.0,0.0,2.975892320187485,,0.0,0.00017092337657231838,0.00017092337657231838,5.756023406982422,2.9529213905334473,5.75585248360585,2.952750467156875
1985-06-27,18500,,0.0,0.0,0.0,0.0,2.4527770372345152,,0.0,0.0,0.0,2.9668405055999756,1.8805649280548096,2.9668405055999756,1.8805649280548096
1985-07-01,16600,,0.0,0.0,0.0,0.0,1.5298531244381344,,0.0,0.0,0.0,1.5531103610992432,0.6198519468307495,1.5531103610992432,0.6198519468307495
1985-07-10,22100,,0.0,0.0,0.0,0.0,1.6173444187493151,,0.0,0.0,0.0,1.6043226718902588,0.6260808706283569,1.6043226718902588,0.6260808706283569
1985-07-14,17100,,0.0,0.0,0.0,0.0,2.0039212282409444,,0.0,0.08472102135419846,0.08472102135419846,2.6404314041137695,0.9746559858322144,2.555710382759571,0.8899349644780159
1985-07-18,15700,,0.0,0.0,0.0,0.0,2.2363785161166327,,0.0,4.619699478149414,4.619699478149414,6.15922737121582,2.1867878437042236,1.5395278930664062,-2.4329116344451904
1985-07-26,11900,,0.0,0.0,0.0,0.0,3.3882873610964728,,0.0,0.0,0.0,3.604485511779785,1.2865046262741089,3.604485511779785,1.2865046262741089
1985-07-27,11500,,0.0,0.0,0.0,0.0,1.9372843210802704,,0.0,0.0,0.0,3.7573885917663574,1.4394075870513916,3.7573885917663574,1.4394075870513916
1985-08-02,13100,,0.0,0.0,0.0,1.4159961,1.854237732986966,,0.0,8.281354904174805,6.838632106781006,5.464155197143555,2.234748363494873,-2.81719970703125,-4.603883743286133
1985-08-04,10800,,0.0,0.0,0.0,0.0,2.140997026116033,,0.0,0.17653045058250427,0.1498035341501236,4.603506565093994,1.896942377090454,4.42697611451149,1.7471388429403305
1985-08-12,8920,,0.0,0.0,0.0,0.041917488,3.3616544632025773,,0.0,0.08383496105670929,0.041917480528354645,4.238119602203369,1.8566737174987793,4.15428464114666,1.8147562369704247
1985-08-21,7220,,0.0,0.0,0.0,0.19292928,1.580893157173591,,0.0,0.7241748571395874,0.5312455892562866,4.609997749328613,2.009791851043701,3.885822892189026,1.4785462617874146
1985-08-22,7460,,0.0,0.0,0.0,0.0,2.726282397045543,,0.0,0.19292928278446198,0.19292928278446198,4.477373123168945,2.009791851043701,4.284443840384483,1.8168625682592392
1985-08-25,6580,,0.0,0.0,0.0,0.0,3.1375941092711197,,0.0,0.0,0.0,2.217301845550537,1.309657096862793,2.217301845550537,1.309657096862793
1985-08-26,6530,,0.0,0.0,0.0,0.0,1.389199159293956,,0.0,0.1353379189968109,0.1353379189968109,1.8140004873275757,0.9063557982444763,1.6786625683307648,0.7710178792476654
1985-08-29,7810,,0.0,0.0,0.0,0.024632614,2.298271055367148,,0.0,1.5879056453704834,1.1273831129074097,3.8449606895446777,1.600745439529419,2.2570550441741943,0.4733623266220093
1985-08-30,8090,,0.0,0.0,0.0,1.1273831,2.858499335577697,,0.0,7.882216453552246,6.73020076751709,3.074782371520996,1.2843823432922363,-4.80743408203125,-5.4458184242248535
1985-09-04,6440,,2.0,2.0,2.0,0.29803142,2.3519476976682188,,2.0,8.791956901550293,8.450559616088867,5.674294471740723,2.300753355026245,-3.1176624298095703,-6.149806261062622
1985-09-05,5860,,2.0,2.0,2.0,8.45056,2.9470047263882084,,2.0,52.565040588378906,43.81644821166992,7.119770526885986,2.743704319000244,-45.44527006149292,-41.07274389266968
1985-09-06,16400,,2.0,2.0,2.0,43.816452,2.3318922705883085,,2.0,66.23377227783203,43.81644821166992,6.50056791305542,2.743704319000244,-59.73320436477661,-41.07274389266968
1985-09-12,8850,,1.0,0.0,0.0,5.8210335,3.2944928380855543,,1.0,9.134909629821777,5.821033477783203,11.062047004699707,5.657193660736084,1.9271373748779297,-0.16383981704711914
1985-09-13,8210,,1.0,0.0,0.0,2.6928213,1.843016952585254,,1.0,11.213387489318848,5.821033477783203,8.931516647338867,5.657193660736084,-2.2818708419799805,-0.16383981704711914
1985-09-22,6400,,0.0,0.0,0.0,0.0,3.927264460743285,,0.0,0.018502945080399513,0.018502945080399513,3.013032913208008,1.3193135261535645,2.9945299681276083,1.300810581073165
1985-09-24,6400,,0.0,0.0,0.0,0.9570962,1.3722226011048215,,0.0,0.9570962190628052,0.9570962190628052,1.4933193922042847,0.6415101289749146,0.5362231731414795,-0.3155860900878906
1985-09-25,5900,,0.0,0.0,0.0,0.0,2.17425575402115,,0.0,0.9570962190628052,0.9570962190628052,1.2277897596359253,0.5405728816986084,0.2706935405731201,-0.4165233373641968
1985-10-01,5760,,1.0,1.0,1.0,0.359055,1.88480839218069,,1.0,1.5690944194793701,1.1655796766281128,0.8976025581359863,0.457559734582901,-0.6714918613433838,-0.7080199420452118
1985-10-02,6060,,1.0,1.0,1.0,1.1655796,1.4298620109572848,,1.0,5.974909782409668,4.45027494430542,1.523380994796753,0.7426133155822754,-4.451528787612915,-3.7076616287231445
1985-10-03,5850,,1.0,1.0,1.0,4.4502754,2.320002727954716,,1.0,5.615854740142822,4.45027494430542,1.6096152067184448,0.7426133155822754,-4.006239533424377,-3.7076616287231445
1985-10-10,5440,,1.0,1.0,1.0,0.17604911,2.916749228629472,,1.0,28.771787643432617,27.85775375366211,9.751513481140137,3.890935182571411,-19.02027416229248,-23.9668185710907
1985-10-11,6020,,1.0,1.0,1.0,27.857754,2.42345545063952,,1.0,40.420066833496094,27.85775375366211,8.163379669189453,3.890935182571411,-32.25668716430664,-23.9668185710907
1985-10-14,9670,,1.0,2.0,2.0,18.985798,3.0174863963924867,,2.0,43.04484176635742,22.60658073425293,5.956300735473633,2.559706211090088,-37.08854103088379,-20.046874523162842
1985-10-15,18700,,1.0,2.0,2.0,22.606583,2.6434838048355065,,2.0,58.13883972167969,22.60658073425293,6.837096214294434,2.559706211090088,-51.301743507385254,-20.046874523162842
1985-10-16,20900,,1.0,1.0,1.0,16.546461,1.6191060161734647,,1.0,43.852054595947266,22.60658073425293,6.978763103485107,2.559706211090088,-36.87329149246216,-20.046874523162842
1985-10-17,17200,,0.0,0.0,0.0,4.6990075,2.4757984950783154,,0.0,31.5349063873291,16.546463012695312,5.363409519195557,2.2115492820739746,-26.171496868133545,-14.334913730621338
1985-10-18,14600,,2.0,2.0,2.0,10.289435,4.948086815092204,,2.0,21.185739517211914,10.289436340332031,5.136051654815674,2.2115492820739746,-16.04968786239624,-8.077887058258057
1985-10-19,13600,,2.0,2.0,2.0,6.1972966,3.643314754308412,,2.0,45.090232849121094,28.60350227355957,5.114053726196289,2.189551830291748,-39.976179122924805,-26.413950443267822
1985-10-20,17300,,1.0,1.0,0.0,28.603504,3.33586971122946,,1.0,40.676639556884766,28.60350227355957,7.401364803314209,3.231663227081299,-33.27527475357056,-25.37183904647827
1985-10-21,17400,,1.0,1.0,0.0,5.8758383,3.610102112304936,,1.0,53.807586669921875,28.60350227355957,8.730207443237305,3.308992862701416,-45.07737922668457,-25.294509410858154
1985-10-24,19000,,1.0,0.0,0.0,23.096682,1.6741704021046584,,1.0,120.43661499023438,68.79839324951172,4.43088436126709,1.6858954429626465,-116.00573062896729,-67.11249780654907
1985-10-25,40000,,1.0,0.0,0.0,68.79839,0.9284643474918316,,1.0,101.07820892333984,68.79839324951172,4.36952543258667,1.6245367527008057,-96.70868349075317,-67.17385649681091
1985-10-26,32400,,2.0,2.0,2.0,9.183137,1.0972776251914218,,2.0,136.28372192382812,68.79839324951172,4.604950904846191,1.7331509590148926,-131.67877101898193,-67.06524229049683
1985-10-27,51700,,2.0,2.0,2.0,58.302193,3.215956055129485,,2.0,101.91050720214844,58.30219650268555,5.009730815887451,1.7331509590148926,-96.90077638626099,-56.569045543670654
1985-10-31,23300,,3.0,2.0,2.0,7.511228,3.433513337011939,,3.0,60.08936309814453,43.538970947265625,5.814024448394775,2.8671646118164062,-54.275338649749756,-40.67180633544922
1985-11-01,26500,,3.0,2.0,2.0,43.53897,4.865368821544228,,3.0,118.46492004394531,67.41471862792969,5.784183502197266,2.8671646118164062,-112.68073654174805,-64.54755401611328
1985-11-02,50900,,3.0,2.0,2.0,67.41472,1.8916975111546483,,3.0,153.03695678710938,67.41471862792969,5.171507358551025,2.8671646118164062,-147.86544942855835,-64.54755401611328
1985-11-03,56200,,3.0,0.0,0.0,42.083267,2.9230855234469777,,3.0,124.91197204589844,67.41471862792969,3.380962371826172,1.2441978454589844,-121.53100967407227,-66.1705207824707
1985-11-05,35000,,1.0,0.0,0.0,8.862073,2.548300711541521,,1.0,51.66411590576172,27.3880558013916,4.536543369293213,2.481660842895508,-47.127572536468506,-24.906394958496094
1985-11-06,33100,,1.0,0.0,0.0,27.388054,1.4042103501081882,,1.0,59.4090461730957,27.3880558013916,4.40792989730835,2.481660842895508,-55.00111627578735,-24.906394958496094
1985-11-08,29000,,0.0,0.0,0.0,5.828338,1.5537111550614928,,0.0,36.82735061645508,23.158916473388672,4.6776442527771,2.228705883026123,-32.14970636367798,-20.93021059036255
1985-11-12,19600,,0.0,0.0,0.0,0.06336738,3.1949981296977144,,0.0,0.72117680311203,0.34643417596817017,6.825691223144531,3.0483686923980713,6.104514420032501,2.701934516429901
1985-11-16,19100,,0.0,0.0,0.0,26.665068,3.6923108876392656,,0.0,44.06142807006836,26.665067672729492,5.539645195007324,2.410613536834717,-38.521782875061035,-24.254454135894775
1985-11-24,14300,,0.0,0.0,0.0,0.09079961,3.4828461247543294,,0.0,0.40760117769241333,0.27394697070121765,7.08415412902832,3.4408223628997803,6.676552951335907,3.1668753921985626
1985-12-04,9340,,1.0,1.0,1.0,9.715142,0.558088695727651,,1.0,37.057865142822266,24.673398971557617,5.4809465408325195,2.470996379852295,-31.576918601989746,-22.202402591705322
1985-12-05,8630,,1.0,1.0,1.0,2.6693223,1.177130852961174,,1.0,19.915151596069336,9.715141296386719,4.391101837158203,1.5071078538894653,-15.524049758911133,-8.208033442497253
1986-01-02,9360,,0.0,0.0,0.0,12.547901,0.9852390783646324,,0.0,38.26263427734375,19.34133529663086,5.749744415283203,2.895944118499756,-32.51288986206055,-16.445391178131104
1986-01-07,12700,,3.0,3.0,3.0,1.3667742,0.8320813674493004,,3.0,40.89743423461914,30.138246536254883,7.053623676300049,2.955817222595215,-33.84381055831909,-27.182429313659668
1986-01-08,12900,,3.0,3.0,3.0,9.392415,0.8006530558259399,,3.0,14.577020645141602,9.392415046691895,6.669069290161133,2.955817222595215,-7.907951354980469,-6.43659782409668
1986-01-09,12800,,2.0,2.0,2.0,3.817831,1.0131373752529045,,2.0,21.152103424072266,9.392415046691895,7.055318355560303,2.955817222595215,-14.096785068511963,-6.43659782409668
1986-01-10,12200,,2.0,2.0,2.0,7.941859,1.4808937771632988,,2.0,23.9338321685791,12.174142837524414,4.796855449676514,2.6479029655456543,-19.136976718902588,-9.52623987197876
1986-01-11,16100,,2.0,2.0,2.0,12.174144,0.0668210441040012,,2.0,20.84453010559082,12.174142837524414,3.577529191970825,2.6479029655456543,-17.267000913619995,-9.52623987197876
1986-01-13,13700,,1.0,1.0,0.0,0.7129981,0.2777086833691894,,1.0,4.413363456726074,2.971837043762207,2.8508334159851074,1.682441234588623,-1.5625300407409668,-1.289395809173584
1986-01-14,13600,,1.0,1.0,0.0,2.971837,0.387991832668911,,1.0,7.509459972381592,3.824625015258789,4.318639755249023,1.7000789642333984,-3.1908202171325684,-2.1245460510253906
1986-01-18,25100,,4.0,4.0,3.0,59.106415,2.6358502848852705,,4.0,175.0537109375,73.73057556152344,9.947712898254395,4.481098175048828,-165.1059980392456,-69.24947738647461
1986-01-19,63400,,4.0,4.0,3.0,73.730576,2.354688465504806,,4.0,134.97674560546875,73.73057556152344,8.561010360717773,4.481098175048828,-126.41573524475098,-69.24947738647461
1986-01-27,20200,,1.0,1.0,0.0,9.2754,0.9702810000020666,,1.0,16.42129898071289,9.27540111541748,3.811044931411743,1.6189124584197998,-12.610254049301147,-7.656488656997681
1986-02-17,15400,,0.0,0.0,0.0,8.577211,5.678646107807944,,0.0,48.77878952026367,37.43877029418945,14.567668914794922,4.968453884124756,-34.21112060546875,-32.4703164100647
1986-02-23,15800,,4.0,4.0,4.0,28.07641,2.0259781887620667,,4.0,134.57257080078125,95.30180358886719,11.199139595031738,3.858484983444214,-123.37343120574951,-91.44331860542297
1986-02-24,43600,,4.0,4.0,4.0,95.30179,0.8127054490895452,,4.0,159.6932830810547,95.30180358886719,10.146541595458984,3.858484983444214,-149.5467414855957,-91.44331860542297
1986-02-25,60900,,4.0,4.0,4.0,36.31507,0.3279631891443936,,4.0,143.21603393554688,95.30180358886719,6.9154462814331055,3.858484983444214,-136.30058765411377,-91.44331860542297
1986-03-01,25700,,0.0,0.0,0.0,0.4419175,0.1161986777686157,,0.0,0.8701944947242737,0.4419175088405609,1.1720348596572876,0.45697981119155884,0.3018403649330139,0.015062302350997925
1986-03-06,18700,,1.0,2.0,0.0,0.12271316,1.3280570142535637,,2.0,10.717106819152832,10.594393730163574,5.145092487335205,3.593140125274658,-5.572014331817627,-7.001253604888916
1986-03-07,19600,,1.0,2.0,0.0,10.594393,2.940457635069925,,2.0,33.754356384277344,23.037250518798828,10.608196258544922,5.684668064117432,-23.146160125732422,-17.352582454681396
1986-03-25,16200,,2.0,2.0,2.0,5.1128054,0.2202910231690154,,2.0,39.67292785644531,18.64533233642578,5.816680908203125,2.3559932708740234,-33.85624694824219,-16.289339065551758
1986-03-26,16700,,2.0,2.0,2.0,15.91479,0.7055480812351849,,2.0,26.036190032958984,15.914789199829102,4.523209571838379,1.7317075729370117,-21.512980461120605,-14.18308162689209
1986-03-27,16800,,2.0,2.0,2.0,5.0085955,0.4072001471442241,,2.0,33.800506591796875,15.914789199829102,3.187933921813965,1.7317075729370117,-30.61257266998291,-14.18308162689209
1986-03-28,17900,,2.0,2.0,2.0,12.877122,0.0869632697430556,,2.0,22.273874282836914,12.877121925354004,2.018448829650879,1.0625216960906982,-20.255425453186035,-11.814600229263306
1986-04-08,12800,,0.0,0.0,0.0,0.06593517,1.7488795752657174,,0.0,0.8656443953514099,0.7858860492706299,3.2238144874572754,1.234217643737793,2.3581700921058655,0.4483315944671631
1986-04-10,11600,,0.0,0.0,0.0,0.58130455,0.6139985409575535,,0.0,3.59985089302063,2.2326602935791016,3.2389659881591797,1.3511369228363037,-0.3608849048614502,-0.8815233707427979
1986-04-19,10800,,2.0,2.0,2.0,0.13642238,2.805452809483363,,2.0,8.036767959594727,5.383610725402832,5.363989353179932,2.52801251411438,-2.672778606414795,-2.855598211288452
1986-04-20,10000,,2.0,2.0,2.0,5.383611,2.257238276511277,,2.0,12.197729110717773,6.6776957511901855,3.8326916694641113,2.52801251411438,-8.365037441253662,-4.149683237075806
1986-04-21,11000,,2.0,2.0,2.0,6.6776953,1.3094841892291258,,2.0,27.105113983154297,15.043807029724121,1.8326301574707031,0.9785128831863403,-25.272483825683594,-14.06529414653778
1986-04-22,15900,,2.0,0.0,0.0,15.043807,0.7686479471107447,,2.0,25.7266902923584,15.043807029724121,2.3610610961914062,1.506943941116333,-23.365629196166992,-13.536863088607788
1986-04-26,11700,,0.0,0.0,0.0,4.4690394,2.9906861012773858,,0.0,27.361202239990234,13.117002487182617,7.989965438842773,3.268383741378784,-19.37123680114746,-9.848618745803833
1986-05-01,12900,,1.0,0.0,0.0,0.19395876,2.098457258942835,,1.0,6.740966796875,4.827976703643799,4.200596809387207,1.6380913257598877,-2.540369987487793,-3.189885377883911
1986-05-02,12600,,1.0,0.0,0.0,4.827976,1.168724619171322,,1.0,12.599859237670898,7.577923774719238,4.410999298095703,1.6380913257598877,-8.188859939575195,-5.939832448959351
1986-05-07,11800,,0.0,0.0,0.0,0.12956385,2.8437694134277374,,0.0,2.8957700729370117,1.5436110496520996,6.909304618835449,2.986400604248047,4.0135345458984375,1.4427895545959473
1986-05-08,11700,,0.0,0.0,0.0,1.543611,4.911130881894027,,0.0,2.2835776805877686,1.5436110496520996,6.7174787521362305,2.986400604248047,4.433901071548462,1.4427895545959473
1986-05-12,11500,,1.0,1.0,1.0,9.085204,1.6946275825154635,,1.0,53.93646240234375,42.927242279052734,4.3255391120910645,1.6054953336715698,-49.610923290252686,-41.321746945381165
1986-05-13,20000,,1.0,1.0,1.0,42.927242,2.1924425321206336,,1.0,65.6408462524414,42.927242279052734,4.332422256469727,1.6054953336715698,-61.30842399597168,-41.321746945381165
1986-05-17,12600,,1.0,1.0,1.0,0.11717486,5.251482912050326,,1.0,14.211935043334961,13.212593078613281,5.039560317993164,2.390933036804199,-9.172374725341797,-10.821660041809082
1986-05-18,13100,,1.0,1.0,1.0,13.212592,2.683849474765386,,1.0,20.333782196044922,13.212593078613281,3.483687400817871,1.8920342922210693,-16.85009479522705,-11.320558786392212
1986-05-19,19200,,1.0,1.0,1.0,7.0040135,2.069262770238014,,1.0,34.68025588989258,14.463648796081543,3.2740445137023926,1.6823915243148804,-31.406211376190186,-12.781257271766663
1986-05-21,26600,,0.0,0.0,0.0,2.7655106,2.0375920426387597,,0.0,20.003334045410156,14.463648796081543,5.111109733581543,1.8366248607635498,-14.892224311828613,-12.627023935317993
1986-05-23,18700,,4.0,4.0,3.0,0.1298055,1.674781918620151,,4.0,3.7111196517944336,2.774174690246582,5.277319431304932,1.9405291080474854,1.566199779510498,-0.8336455821990967
1986-05-24,16800,,4.0,4.0,3.0,0.80713946,2.9212263809754093,,4.0,1.0410706996917725,0.8071394562721252,6.21079158782959,2.770097017288208,5.169720888137817,1.9629575610160828
1986-05-25,14600,,4.0,4.0,3.0,0.10412574,2.8661208690602407,,4.0,1.1444518566131592,0.8071394562721252,6.576023578643799,2.770097017288208,5.43157172203064,1.9629575610160828
1986-05-26,21900,,4.0,4.0,3.0,0.23318665,3.4342197119527813,,4.0,1.1270451545715332,0.789732813835144,5.665483474731445,2.770097017288208,4.538438320159912,1.980364203453064
1986-05-29,28000,,0.0,0.0,0.0,0.052760314,1.5134064507862506,,0.0,0.05276031419634819,0.05276031419634819,2.9065847396850586,1.387349247932434,2.8538244254887104,1.334588933736086
1986-06-03,30700,,0.0,0.0,0.0,0.15855205,2.755146844562381,,0.0,0.15858349204063416,0.15855205059051514,3.733867645263672,1.3659064769744873,3.5752841532230377,1.2073544263839722
1986-06-05,25100,,0.0,0.0,0.0,4.9115915e-05,4.542202699435189,,0.0,0.15623772144317627,0.15615716576576233,5.033868312835693,2.0677576065063477,4.877630591392517,1.9116004407405853
1986-06-06,23200,,0.0,0.0,0.0,0.15615717,3.505802690342007,,0.0,0.9187799692153931,0.7625736594200134,5.712062835693359,2.0677576065063477,4.793282866477966,1.3051839470863342
1986-06-15,21300,,1.0,0.0,0.0,7.072077,1.8402282388779012,,1.0,7.143697261810303,7.072076797485352,5.397412300109863,2.7977938652038574,-1.7462849617004395,-4.274282932281494
1986-06-16,19700,,1.0,1.0,0.0,0.03176228,1.934589639145324,,1.0,8.157349586486816,7.072076797485352,5.864009857177734,2.7977938652038574,-2.293339729309082,-4.274282932281494
1986-06-17,19200,,1.0,1.0,0.0,1.0535107,1.2062488762686538,,1.0,12.516799926757812,11.431527137756348,4.819469451904297,1.784048318862915,-7.697330474853516,-9.647478818893433
1986-06-18,18400,,1.0,1.0,0.0,11.431527,1.855885252304812,,1.0,25.57514762878418,13.090109825134277,4.764029026031494,1.784048318862915,-20.811118602752686,-11.306061506271362
1986-06-28,17400,,0.0,0.0,0.0,0.841947,2.5454417323339094,,0.0,10.959136962890625,9.622600555419922,5.8818793296813965,3.4110331535339355,-5.0772576332092285,-6.211567401885986
1986-06-29,18300,,0.0,0.0,0.0,9.6226015,3.229277773988952,,0.0,11.226020812988281,9.622600555419922,6.820796012878418,3.4110331535339355,-4.405224800109863,-6.211567401885986
1986-06-30,16800,,2.0,2.0,2.0,0.7614734,2.783099700544972,,2.0,11.66344165802002,9.622600555419922,7.834256172180176,3.4110331535339355,-3.8291854858398438,-6.211567401885986
1986-07-01,15500,,2.0,2.0,2.0,1.2793673,4.133494323994222,,2.0,24.183887481689453,22.143047332763672,6.611794948577881,2.3870761394500732,-17.572092533111572,-19.7559711933136
1986-07-02,18200,,2.0,2.0,2.0,22.14305,3.770007791204,,2.0,27.21657943725586,22.143047332763672,6.437909126281738,2.3870761394500732,-20.77867031097412,-19.7559711933136
1986-07-07,13500,,0.0,0.0,0.0,0.0,1.2579973505773137,,0.0,0.965084433555603,0.965084433555603,3.9855289459228516,1.528615951538086,3.0204445123672485,0.5635315179824829
1986-07-10,11500,,1.0,0.0,0.0,2.5552082,4.38518575924973,,1.0,12.214714050292969,9.339239120483398,7.432093143463135,3.50144100189209,-4.782620906829834,-5.837798118591309
1986-07-21,13600,,0.0,0.0,0.0,0.0,2.2944455122044976,,0.0,0.009078585542738438,0.009078585542738438,4.6226701736450195,1.8453491926193237,4.613591588102281,1.8362706070765853
1986-07-28,11200,,0.0,0.0,0.0,0.0,1.5435997429109345,,0.0,0.3957720994949341,0.3957720994949341,3.285414934158325,1.5353200435638428,2.889642834663391,1.1395479440689087
1986-07-31,7090,,0.0,0.0,0.0,0.0,1.4551842506081063,,0.0,0.0,0.0,1.922763466835022,0.8180067539215088,1.922763466835022,0.8180067539215088
1986-08-07,11200,,0.0,0.0,0.0,0.0,3.1192134810562147,,0.0,0.0,0.0,5.019239902496338,2.2485907077789307,5.019239902496338,2.2485907077789307
1986-08-08,11700,,0.0,0.0,0.0,0.0,2.268098016239597,,0.0,0.0,0.0,4.482316493988037,2.0962398052215576,4.482316493988037,2.0962398052215576
1986-08-09,11500,,0.0,0.0,0.0,0.0,2.93615697312758,,0.0,0.0,0.0,3.50894832611084,1.7116672992706299,3.50894832611084,1.7116672992706299
1986-08-22,7370,,0.0,0.0,0.0,0.0,1.8507172247607355,,0.0,0.0,0.0,5.847931861877441,2.360701560974121,5.847931861877441,2.360701560974121
1986-08-27,8150,,0.0,0.0,0.0,0.01846562,3.249777320363149,,0.0,0.028223969042301178,0.018465619534254074,5.6018452644348145,2.2893080711364746,5.573621295392513,2.2708424516022205
1986-09-01,7220,,2.0,1.0,1.0,0.028980352,3.770403964627521,,2.0,0.7424460053443909,0.6308448314666748,8.173332214355469,3.245142936706543,7.430886209011078,2.614298105239868
1986-09-02,7540,,2.0,1.0,1.0,0.08262082,3.0486404659016,,2.0,0.300416499376297,0.18881532549858093,6.619750499725342,3.245142936706543,6.319334000349045,3.056327611207962
1986-09-03,7400,,2.0,0.0,0.0,0.18881531,3.152066322365716,,2.0,0.2714361548423767,0.18881532549858093,4.370398998260498,1.9600481986999512,4.098962843418121,1.7712328732013702
1986-09-14,4600,,0.0,0.0,0.0,3.7998466,2.139321813924556,,0.0,3.9735465049743652,3.799846887588501,5.133242130279541,2.7014801502227783,1.1596956253051758,-1.0983667373657227
1986-09-23,6000,,1.0,1.0,1.0,10.520489,5.299844175920013,,1.0,45.413421630859375,34.8416862487793,9.500189781188965,4.3354597091674805,-35.91323184967041,-30.506226539611816
1986-09-28,7630,,0.0,0.0,0.0,10.131348,2.6644770696806432,,0.0,33.86119079589844,16.9521427154541,6.654674053192139,3.2966535091400146,-27.2065167427063,-13.655489206314087
1986-09-30,10500,,0.0,0.0,0.0,5.4430847,3.550131954476223,,0.0,23.312942504882812,16.9521427154541,5.427639961242676,3.2966535091400146,-17.885302543640137,-13.655489206314087
1986-10-02,8830,,1.0,1.0,0.0,0.0,5.836617005491043,,1.0,0.9218173027038574,0.9177151322364807,5.33785343170166,2.67110013961792,4.416036128997803,1.7533850073814392
1986-10-03,8120,,1.0,1.0,0.0,0.0041021607,5.16563397047609,,1.0,0.03539881855249405,0.031296659260988235,4.782249450683594,2.67110013961792,4.7468506321311,2.6398034803569317
1986-10-04,7460,,1.0,1.0,0.0,0.03129666,3.1292897604566434,,1.0,0.04627504572272301,0.031296659260988235,3.108999252319336,1.6536471843719482,3.062724206596613,1.62235052511096
1986-10-05,5700,,1.0,1.0,0.0,0.010876227,2.1883179472554093,,1.0,0.042172886431217194,0.031296659260988235,2.324976921081543,0.9978498220443726,2.2828040346503258,0.9665531627833843
1986-10-16,5590,,0.0,0.0,0.0,0.0,0.1413438070261367,,0.0,0.21032220125198364,0.21032220125198364,0.5777069330215454,0.5087184906005859,0.36738473176956177,0.2983962893486023
1986-10-20,5230,,0.0,0.0,0.0,0.0,1.1768082516496894,,0.0,0.0,0.0,4.089943885803223,1.91518235206604,4.089943885803223,1.91518235206604
1986-10-22,5270,,0.0,0.0,0.0,0.0097897835,2.206997823836124,,0.0,0.278530478477478,0.2687406837940216,2.6613690853118896,1.470113754272461,2.3828386068344116,1.2013730704784393
1986-10-24,3800,,3.0,3.0,0.0,0.0026836935,3.37353511931702,,3.0,9.371683120727539,9.100258827209473,2.4407389163970947,1.290391445159912,-6.930944204330444,-7.8098673820495605
1986-10-25,4100,,3.0,3.0,0.0,9.10026,3.9873708096445606,,3.0,37.07789993286133,27.974958419799805,3.9946846961975098,2.234642505645752,-33.08321523666382,-25.740315914154053
1986-10-26,6190,,3.0,3.0,2.0,27.97496,2.141487644638433,,3.0,92.18326568603516,55.10804748535156,5.362130165100098,2.234642505645752,-86.82113552093506,-52.87340497970581
1986-10-27,18500,,3.0,3.0,2.0,55.108047,0.801571260583741,,3.0,102.53446197509766,55.10804748535156,4.635478496551514,2.234642505645752,-97.89898347854614,-52.87340497970581
1986-10-29,13700,,2.0,1.0,0.0,0.9020747,1.3183242091514615,,2.0,41.77703857421875,21.42350959777832,3.813498020172119,2.355269193649292,-37.96354055404663,-19.06824040412903
1986-10-30,12700,,2.0,1.0,0.0,21.423512,1.310596244102348,,2.0,29.68576431274414,21.42350959777832,4.77396821975708,2.355269193649292,-24.91179609298706,-19.06824040412903
1986-11-05,11000,,0.0,0.0,0.0,17.781296,3.065155545084618,,0.0,29.99974822998047,17.781295776367188,3.4620554447174072,1.4661681652069092,-26.53769278526306,-16.31512761116028
1986-11-09,10600,,0.0,0.0,0.0,0.4592436,1.4926144759330329,,0.0,5.024683952331543,4.085353851318359,4.146388530731201,2.514491319656372,-0.8782954216003418,-1.5708625316619873
1986-11-10,10400,,1.0,1.0,1.0,0.48008648,1.048163900479252,,1.0,9.153468132019043,8.21413803100586,2.4464144706726074,0.9749581813812256,-6.7070536613464355,-7.239179849624634
1986-11-11,10600,,1.0,1.0,1.0,8.214138,2.92977004581724,,1.0,12.224064826965332,8.21413803100586,2.556820869445801,1.085364580154419,-9.667243957519531,-7.12877345085144
1986-11-12,9890,,1.0,0.0,0.0,3.5298407,0.489160306605577,,1.0,12.465009689331055,8.21413803100586,2.896876811981201,1.085364580154419,-9.568132877349854,-7.12877345085144
1986-11-18,11900,,2.0,2.0,2.0,20.948711,3.4721765152031807,,2.0,85.0020751953125,36.333885192871094,9.284467697143555,4.481414794921875,-75.71760749816895,-31.85247039794922
1986-11-19,19900,,3.0,3.0,2.0,36.333885,2.470733592489032,,3.0,139.71237182617188,82.42977905273438,10.803234100341797,4.481414794921875,-128.90913772583008,-77.9483642578125
1986-11-20,30100,,3.0,3.0,2.0,82.42978,4.854133368052757,,3.0,151.7882843017578,82.42977905273438,8.21763801574707,3.1715919971466064,-143.57064628601074,-79.25818705558777
1986-11-23,31300,,3.0,3.0,3.0,47.547596,4.565442600319502,,3.0,164.73617553710938,91.4464340209961,7.43918514251709,3.423219680786133,-157.29699039459229,-88.02321434020996
1986-11-24,65100,,3.0,3.0,3.0,91.44642,3.940552700158511,,3.0,142.24339294433594,91.4464340209961,6.99984073638916,3.423219680786133,-135.24355220794678,-88.02321434020996
1986-11-25,49000,,1.0,0.0,0.0,3.2493634,4.467157905178775,,1.0,116.70759582519531,91.4464340209961,5.238988876342773,2.2242350578308105,-111.46860694885254,-89.22219896316528
1986-11-26,33000,,1.0,0.0,0.0,22.011791,4.647541637475484,,1.0,51.849002838134766,26.587848663330078,6.494002819061279,3.4792490005493164,-45.355000019073486,-23.10859966278076
1986-11-27,28500,,1.0,1.0,0.0,26.587849,1.5464845550230533,,1.0,51.973297119140625,26.587848663330078,6.82589054107666,3.4792490005493164,-45.147406578063965,-23.10859966278076
1986-11-30,19100,,0.0,0.0,0.0,0.55524755,1.6304040886254625,,0.0,13.464630126953125,12.517790794372559,4.311053276062012,1.7483257055282593,-9.153576850891113,-10.7694650888443
1986-12-08,13500,,0.0,0.0,0.0,0.19277407,3.0991923600734896,,0.0,1.224239706993103,0.7901886105537415,2.985374927520752,1.8145849704742432,1.761135220527649,1.0243963599205017
1986-12-10,12200,,0.0,0.0,0.0,0.18205501,1.481637764813104,,0.0,0.4254342019557953,0.24127700924873352,1.4006474018096924,0.6981381177902222,0.9752131998538971,0.45686110854148865
1986-12-13,10200,,0.0,0.0,0.0,1.9531296,0.6578411131708547,,0.0,21.096763610839844,13.044336318969727,3.5027270317077637,1.677836298942566,-17.59403657913208,-11.36650002002716
1986-12-15,13200,,0.0,0.0,0.0,15.575915,1.4997830036021405,,0.0,29.96722412109375,15.575916290283203,3.1852946281433105,1.1561765670776367,-26.78192949295044,-14.419739723205566
1986-12-19,12000,,0.0,0.0,0.0,0.76982516,0.6464994347760495,,0.0,1.3470020294189453,0.7698251605033875,3.3864285945892334,1.2102265357971191,2.039426565170288,0.4404013752937317
1986-12-21,10900,,2.0,2.0,2.0,14.284807,1.7176839664461572,,2.0,34.029579162597656,19.1679744720459,6.677894115447998,3.575399875640869,-27.351685047149658,-15.59257459640503
1986-12-22,15300,,2.0,2.0,2.0,19.167974,3.43083084820792,,2.0,66.04721069335938,32.59442901611328,6.781245231628418,3.575399875640869,-59.26596546173096,-29.019029140472412
1986-12-26,14900,,0.0,0.0,0.0,10.350306,0.3360875342802643,,0.0,16.481922149658203,10.350306510925293,4.466991901397705,1.8385518789291382,-12.014930248260498,-8.511754631996155
1986-12-28,10700,,2.0,2.0,1.0,0.9241277,0.4614684662901263,,2.0,45.81375503540039,43.08878707885742,4.918588638305664,2.364527702331543,-40.89516639709473,-40.72425937652588
1986-12-29,20700,,2.0,2.0,0.0,43.088787,1.0098725094496763,,2.0,78.30194854736328,43.08878707885742,4.546113967895508,2.364527702331543,-73.75583457946777,-40.72425937652588
1987-01-02,18500,,2.0,2.0,1.0,23.25516,2.2615184787932523,,2.0,72.96513366699219,36.569705963134766,9.354917526245117,4.253175258636475,-63.61021614074707,-32.31653070449829
1987-01-03,20700,,2.0,2.0,1.0,36.569706,3.5515418110726027,,2.0,79.92687225341797,36.569705963134766,9.770901679992676,4.253175258636475,-70.1559705734253,-32.31653070449829
1987-01-06,19300,,0.0,0.0,0.0,0.032683693,0.7674635601049022,,0.0,3.065603017807007,2.807145357131958,3.9364442825317383,2.3176138401031494,0.8708412647247314,-0.4895315170288086
1987-01-10,16000,,3.0,3.0,3.0,1.3324165,1.2872728512706688,,3.0,8.282258987426758,5.149646282196045,5.266579627990723,2.409538507461548,-3.015679359436035,-2.740107774734497
1987-01-11,13200,,3.0,3.0,3.0,5.1496468,0.6796399513101415,,3.0,32.945152282714844,26.463090896606445,6.783282279968262,2.409538507461548,-26.161870002746582,-24.053552389144897
1987-01-12,22400,,3.0,3.0,3.0,26.46309,0.6604229569789142,,3.0,51.559207916259766,26.463090896606445,5.922482490539551,2.409538507461548,-45.636725425720215,-24.053552389144897
1987-01-13,27000,,0.0,0.0,0.0,19.946472,0.576179582085604,,0.0,50.56855773925781,26.463090896606445,4.346869945526123,2.3921360969543457,-46.22168779373169,-24.0709547996521
1987-01-14,22000,,0.0,0.0,0.0,4.158996,0.970895409802864,,0.0,24.551427841186523,19.946470260620117,2.777968168258667,1.1208078861236572,-21.773459672927856,-18.82566237449646
1987-01-19,17300,,0.0,0.0,0.0,0.6443929,2.4862101889108645,,0.0,7.120105743408203,5.795993804931641,2.4570305347442627,0.9107872843742371,-4.66307520866394,-4.885206520557404
1987-01-26,14100,,0.0,0.0,0.0,12.985177,0.955538264731472,,0.0,53.583160400390625,25.18931770324707,5.846433162689209,1.9877713918685913,-47.736727237701416,-23.20154631137848
1987-01-27,15700,,1.0,0.0,0.0,25.189316,1.0045213782784537,,1.0,50.489986419677734,25.18931770324707,7.80379581451416,3.9397335052490234,-42.686190605163574,-21.249584197998047
1987-01-28,17300,,1.0,0.0,0.0,12.315495,1.238719803917922,,1.0,50.30043029785156,25.18931770324707,8.027631759643555,3.9397335052490234,-42.27279853820801,-21.249584197998047
1987-01-29,17800,,1.0,1.0,1.0,12.795617,0.9535943903331204,,1.0,32.57971954345703,12.795616149902344,8.81469440460205,3.9397335052490234,-23.76502513885498,-8.85588264465332
1987-01-30,18000,,1.0,1.0,1.0,7.4686074,1.229866350885242,,1.0,38.44066619873047,18.176441192626953,7.971423149108887,3.0964622497558594,-30.469243049621582,-15.079978942871094
1987-02-01,22800,,1.0,0.0,0.0,57.741302,3.0913459769901155,,1.0,93.90174865722656,57.74130630493164,10.01522159576416,4.222698211669922,-83.8865270614624,-53.51860809326172
1987-02-03,21400,,2.0,0.0,0.0,3.7733164,0.2907757931218342,,2.0,24.62142562866211,17.9840030670166,5.839489936828613,2.696061134338379,-18.781935691833496,-15.287941932678223
1987-02-04,18800,,2.0,1.0,1.0,2.864106,0.5254268112482666,,2.0,13.224069595336914,6.586646556854248,5.131670951843262,1.98824143409729,-8.092398643493652,-4.598405122756958
1987-02-10,17100,,1.0,1.0,1.0,1.3482357,0.2883669264423544,,1.0,4.544000148773193,2.5254147052764893,4.723593711853027,1.9647380113601685,0.17959356307983398,-0.5606766939163208
1987-02-11,17200,,1.0,1.0,1.0,2.5254145,0.854782703940448,,1.0,9.085952758789062,5.2123026847839355,4.963208198547363,1.9647380113601685,-4.122744560241699,-3.247564673423767
1987-02-14,18800,,0.0,0.0,0.0,10.329577,2.1724457973997637,,0.0,19.761777877807617,10.329577445983887,9.870742797851562,3.958479881286621,-9.891035079956055,-6.371097564697266
1987-03-02,14400,,4.0,4.0,4.0,24.785788,1.3283099700544974,,4.0,,,7.086097717285156,3.880558490753174,,
1987-03-03,24500,,4.0,4.0,4.0,70.005745,1.1551112984857783,,4.0,,,9.851720809936523,4.253605842590332,,
1987-03-04,39500,,4.0,4.0,4.0,42.98982,0.3691546853655562,,4.0,,,13.695955276489258,5.561790466308594,,
1987-03-05,32900,,4.0,4.0,4.0,4.381876,1.8802128218004917,,4.0,,,11.891839027404785,5.561790466308594,,
1987-03-06,30900,,4.0,4.0,4.0,13.206549,0.8566333732193379,,4.0,23.792695999145508,13.206548690795898,8.162753105163574,5.561790466308594,-15.629942893981934,-7.644758224487305
1987-03-07,27200,,0.0,0.0,0.0,6.204271,2.0833222768502044,,0.0,23.06386947631836,13.206548690795898,3.630311965942383,2.0764424800872803,-19.433557510375977,-11.130106210708618
1987-03-08,24100,,0.0,0.0,0.0,3.653049,1.951403966694153,,0.0,13.329446792602539,6.20427131652832,2.6995530128479004,1.145683765411377,-10.629893779754639,-5.058587551116943
1987-03-11,21800,,1.0,0.0,0.0,5.591984,1.4814056819990122,,1.0,23.912330627441406,10.23234748840332,6.959001541137695,2.7702550888061523,-16.95332908630371,-7.462092399597168
1987-03-12,20900,,1.0,0.0,0.0,8.087998,1.8422820581178356,,1.0,26.17763900756836,12.49765682220459,7.262545585632324,2.7702550888061523,-18.915093421936035,-9.727401733398438
1987-03-15,19000,,0.0,0.0,0.0,0.17066602,2.169459306975504,,0.0,10.431129455566406,8.069560050964355,6.923314094543457,2.447855234146118,-3.507815361022949,-5.621704816818237
1987-03-27,14900,,0.0,0.0,0.0,1.4072456,1.5287762023150415,,0.0,10.594075202941895,9.126432418823242,2.3450827598571777,0.8629222512245178,-8.248992443084717,-8.263510167598724
1987-04-10,11800,,0.0,0.0,0.0,3.9119942,1.295750383876961,,0.0,36.39874267578125,25.9072208404541,4.876237392425537,1.9229406118392944,-31.522505283355713,-23.984280228614807
1987-04-15,12400,,2.0,2.0,1.0,9.427906,2.598513884669515,,2.0,36.60676956176758,17.615219116210938,3.332221269607544,1.5474216938018799,-33.274548292160034,-16.067797422409058
1987-04-16,16500,,2.0,2.0,1.0,17.61522,1.3808586444131694,,2.0,41.46677017211914,17.615219116210938,2.765935182571411,1.1792032718658447,-38.70083498954773,-16.436015844345093
1987-04-24,10900,,0.0,0.0,0.0,0.12567781,1.70183599618913,,0.0,1.2737936973571777,1.148115873336792,1.2990398406982422,0.7119725942611694,0.025246143341064453,-0.43614327907562256
1987-04-29,22900,,0.0,0.0,0.0,3.4237428,1.0663920112259468,,0.0,12.458094596862793,9.033778190612793,3.2364325523376465,2.0467772483825684,-9.221662044525146,-6.987000942230225
1987-05-03,22200,,0.0,0.0,0.0,13.999118,3.969166671833248,,0.0,26.101736068725586,13.999117851257324,6.824021339416504,2.8582921028137207,-19.277714729309082,-11.140825748443604
1987-05-11,25800,,2.0,2.0,1.0,0.18015718,1.6768235447291573,,2.0,49.10846710205078,48.18832778930664,2.8032689094543457,1.2518213987350464,-46.305198192596436,-46.936506390571594
1987-05-12,35900,,2.0,2.0,1.0,48.188328,1.8325095736744104,,2.0,50.53900146484375,48.18832778930664,3.2759175300598145,1.2518213987350464,-47.263083934783936,-46.936506390571594
1987-05-13,37200,,1.0,1.0,0.0,2.1705167,1.4716263776687974,,1.0,70.09575653076172,48.18832778930664,3.4589338302612305,1.3633700609207153,-66.63682270050049,-46.824957728385925
1987-05-14,28400,,1.0,1.0,1.0,19.736914,2.2939610935791803,,1.0,27.562278747558594,19.736913681030273,3.2400922775268555,1.3633700609207153,-24.32218647003174,-18.373543620109558
1987-05-25,13100,,0.0,0.0,0.0,0.0,4.486672287906687,,0.0,0.07848723977804184,0.06314539164304733,5.887546539306641,2.0774388313293457,5.809059299528599,2.0142934396862984
1987-05-29,16000,,2.0,2.0,1.0,2.5374658,2.730454101128588,,2.0,28.372331619262695,23.90668487548828,8.559769630432129,3.7713139057159424,-19.812561988830566,-20.13537096977234
1987-05-30,16400,,2.0,2.0,1.0,23.906685,3.0161395720831035,,2.0,48.72201919555664,23.90668487548828,7.712074279785156,3.7713139057159424,-41.009944915771484,-20.13537096977234
1987-06-10,20400,,0.0,0.0,4.0,0.27480745,2.782131483284044,,4.0,,,6.539742946624756,2.52871036529541,,
1987-06-11,17900,,3.0,4.0,4.0,0.0019155206,2.403023276480277,,4.0,,,7.022925853729248,2.52871036529541,,
1987-06-12,19500,,3.0,4.0,4.0,0.45021415,3.3640637432085296,,4.0,,,5.098087787628174,2.52871036529541,,
1987-06-13,20900,,3.0,4.0,4.0,0.00011984283,2.581911593600879,,4.0,0.45033398270606995,0.450214147567749,2.802677869796753,2.1505117416381836,2.352343887090683,1.7002975940704346
1987-06-16,20300,,0.0,0.0,0.0,0.033434182,1.8314946505221348,,0.0,0.16712574660778046,0.13369156420230865,3.692782163619995,1.693227767944336,3.5256564170122147,1.5595362037420273
1987-06-17,17800,,0.0,0.0,0.0,0.0,2.6158692565703414,,0.0,0.0334341824054718,0.0334341824054718,4.518470287322998,1.7037636041641235,4.485036104917526,1.6703294217586517
1987-07-17,11300,,0.0,0.0,0.0,0.26114148,4.975265303929288,,0.0,1.3394439220428467,0.7945048809051514,7.09501838684082,3.1793313026428223,5.755574464797974,2.384826421737671
1987-07-26,9910,,0.0,0.0,0.0,0.118781924,1.660178681033895,,0.0,3.960017442703247,2.9661943912506104,4.217023849487305,1.7287776470184326,0.2570064067840576,-1.2374167442321777
1987-08-04,8350,,0.0,0.0,0.0,0.0,2.2700764033983702,,0.0,0.05225736275315285,0.05225736275315285,4.723156929016113,2.020460605621338,4.67089956626296,1.968203242868185
1987-08-08,8770,,0.0,0.0,0.0,0.0,2.886417678799865,,0.0,0.0,0.0,4.9157843589782715,2.570016622543335,4.9157843589782715,2.570016622543335
1987-08-10,8130,,0.0,0.0,0.0,0.0,2.11942861748495,,0.0,0.41068172454833984,0.41068172454833984,7.194186210632324,3.1817641258239746,6.783504486083984,2.7710824012756348
1987-08-19,7950,,0.0,0.0,0.0,0.0,1.2792770506676256,,0.0,0.0,0.0,2.4920458793640137,0.9793955087661743,2.4920458793640137,0.9793955087661743
1987-08-22,6050,,0.0,0.0,0.0,0.0,2.331100543730974,,0.0,0.0,0.0,4.637357234954834,2.228041887283325,4.637357234954834,2.228041887283325
1987-08-29,7090,,0.0,0.0,0.0,0.0,1.34284996869052,,0.0,0.021905696019530296,0.021905696019530296,2.043797731399536,0.8965550661087036,2.021892035380006,0.8746493700891733
1987-09-02,8310,,0.0,0.0,0.0,2.537599,0.6446419456103697,,0.0,4.00883674621582,2.5375990867614746,2.0398154258728027,0.8407882452011108,-1.9690213203430176,-1.6968108415603638
1987-09-05,7430,,0.0,0.0,0.0,0.0,2.7715029997168714,,0.0,0.0,0.0,3.127101182937622,1.1842842102050781,3.127101182937622,1.1842842102050781
1987-09-11,7950,,0.0,0.0,0.0,0.0,2.921509302945571,,0.0,0.15000982582569122,0.14674656093120575,2.6795730590820312,1.1043126583099365,2.52956323325634,0.9575660973787308
1987-09-14,6080,,1.0,1.0,1.0,0.06618664,1.9900464785617893,,1.0,29.209518432617188,27.864973068237305,4.770316123962402,2.5395748615264893,-24.439202308654785,-25.325398206710815
1987-09-15,8060,,0.0,0.0,0.0,27.864971,2.702611603314052,,0.0,30.6761531829834,27.864973068237305,5.201720714569092,2.5395748615264893,-25.474432468414307,-25.325398206710815
1987-09-19,6440,,0.0,1.0,1.0,0.0,1.712108192337341,,1.0,0.07244008034467697,0.06131238117814064,2.7557432651519775,1.297505497932434,2.6833031848073006,1.2361931167542934
1987-09-20,5370,,0.0,1.0,1.0,0.011127701,1.6875491600172772,,1.0,0.033155206590890884,0.022027505561709404,1.8755736351013184,0.8083207607269287,1.8424184285104275,0.7862932551652193
1987-09-23,6260,,0.0,0.0,0.0,0.0005913556,0.3130472700819833,,0.0,0.04248723015189171,0.022027505561709404,1.2101447582244873,0.5210206508636475,1.1676575280725956,0.49899314530193806
1987-10-15,7290,,0.0,0.0,0.0,3.4781904,1.1858379884227257,,0.0,3.6277897357940674,3.4781904220581055,2.7377138137817383,1.2810124158859253,-0.8900759220123291,-2.19717800617218
1987-10-27,5260,,0.0,0.0,0.0,0.0,2.41923104743128,,0.0,1.4799644947052002,1.4799644947052002,3.1476693153381348,1.8233298063278198,1.6677048206329346,0.34336531162261963
1987-10-28,5330,,0.0,0.0,1.0,0.0,1.4072772325312737,,1.0,0.06217878311872482,0.06217878311872482,6.099308967590332,3.205812931060791,6.037130184471607,3.143634147942066
1987-10-29,5540,,0.0,0.0,1.0,0.06217878,0.893878014958285,,1.0,0.2833516597747803,0.22117288410663605,7.6378912925720215,3.205812931060791,7.354539632797241,2.984640046954155
1987-10-30,5350,,1.0,1.0,1.0,0.2211729,0.8923850797410097,,1.0,4.181220054626465,3.8978683948516846,9.149864196777344,3.3353028297424316,4.968644142150879,-0.5625655651092529
1987-10-31,5240,,1.0,1.0,1.0,3.8978682,1.9488806085818973,,1.0,14.332830429077148,10.213788986206055,9.264601707458496,3.3353028297424316,-5.068228721618652,-6.878486156463623
1987-11-05,6620,,0.0,0.0,0.0,0.0,1.458459242909901,,0.0,0.3863104581832886,0.3035304844379425,4.259590148925781,2.0575666427612305,3.8732796907424927,1.754036158323288
1987-11-06,6720,,0.0,0.0,0.0,0.08277997,1.4118988424792147,,0.0,0.48246562480926514,0.39968565106391907,4.727709770202637,2.0575666427612305,4.245244145393372,1.6578809916973114
1987-11-08,7180,,2.0,1.0,1.0,0.00021218075,2.649284428545153,,2.0,1.0983752012252808,0.6984773874282837,2.9233016967773438,1.0324275493621826,1.824926495552063,0.3339501619338989
1987-11-09,7320,,2.0,1.0,1.0,0.69847745,3.660727578588863,,2.0,10.661809921264648,9.963120460510254,3.005666971206665,1.114792823791504,-7.656142950057983,-8.84832763671875
1987-11-10,8240,,2.0,2.0,2.0,9.963119,2.3478092663661787,,2.0,29.75872230529785,19.097124099731445,3.6842598915100098,1.56682288646698,-26.074462413787842,-17.530301213264465
1987-11-11,8830,,2.0,2.0,2.0,19.097122,0.934090754093482,,2.0,50.160194396972656,21.09994888305664,3.6957035064697266,1.56682288646698,-46.46449089050293,-19.53312599658966
1987-11-16,11300,,0.0,0.0,0.0,14.739389,6.899431469437608,,0.0,23.506378173828125,14.739387512207031,5.2515950202941895,2.361438512802124,-18.254783153533936,-12.377948999404907
1987-11-18,7320,,3.0,3.0,3.0,0.74391556,0.6534055001353645,,3.0,1.9292652606964111,0.9013791680335999,4.006644248962402,1.5680266618728638,2.077378988265991,0.6666474938392639
1987-11-19,7000,,3.0,3.0,3.0,0.90137917,0.4859156937994829,,3.0,1.6478230953216553,0.9013791680335999,5.113079071044922,2.674462080001831,3.4652559757232666,1.7730829119682312
1987-11-20,8460,,3.0,3.0,3.0,0.002528487,0.4400994876818379,,3.0,12.002470016479492,11.098562240600586,5.138697624206543,2.674462080001831,-6.863772392272949,-8.424100160598755
1987-11-21,8510,,3.0,3.0,3.0,11.098562,0.4427360972474524,,3.0,27.16564178466797,16.064552307128906,5.169421195983887,2.674462080001831,-21.996220588684082,-13.390090227127075
1987-11-23,12100,,1.0,1.0,1.0,29.657227,1.3795457128744997,,1.0,66.3361587524414,29.657224655151367,5.953811168670654,3.274627208709717,-60.38234758377075,-26.38259744644165
1987-11-24,12200,,1.0,1.0,1.0,20.614382,3.338835122003642,,1.0,69.3453369140625,29.657224655151367,5.636277675628662,3.274627208709717,-63.70905923843384,-26.38259744644165
1987-11-27,9670,,0.0,0.0,0.0,0.0,2.8948334190985765,,0.0,0.1460864543914795,0.11894302815198898,2.7911338806152344,1.4760499000549316,2.645047426223755,1.3571068719029427
1987-11-30,7720,,2.0,2.0,2.0,0.85392535,2.159508265496126,,2.0,21.820314407348633,20.396480560302734,6.652230739593506,4.154589653015137,-15.168083667755127,-16.241890907287598
1987-12-01,8760,,2.0,2.0,2.0,20.39648,3.390608395900629,,2.0,51.86151885986328,30.611114501953125,9.74235725402832,4.154589653015137,-42.11916160583496,-26.45652484893799
1987-12-02,11500,,0.0,0.0,0.0,30.611116,1.961040260065016,,0.0,98.95419311523438,47.94660186767578,11.705328941345215,4.154589653015137,-87.24886417388916,-43.792012214660645
1987-12-03,14400,,3.0,1.0,1.0,47.946598,1.8383587632445304,,3.0,95.62227630615234,47.94660186767578,11.260322570800781,4.029192924499512,-84.36195373535156,-43.91740894317627
1987-12-04,17700,,3.0,0.0,0.0,17.06456,1.2376437084477732,,3.0,68.41597747802734,47.94660186767578,10.464029312133789,4.029192924499512,-57.951948165893555,-43.91740894317627
1987-12-05,12500,,2.0,2.0,2.0,3.4048154,2.015236660404771,,2.0,47.295799255371094,26.82642364501953,11.403095245361328,4.968260288238525,-35.892704010009766,-21.858163356781006
1987-12-06,14100,,2.0,2.0,2.0,26.826422,3.5331483697370625,,2.0,57.07671356201172,26.84547233581543,10.114982604980469,4.968260288238525,-46.96173095703125,-21.877212047576904
1987-12-09,16000,,2.0,2.0,1.0,27.98913,3.8801785157033057,,2.0,115.85771179199219,82.08631896972656,12.074342727661133,4.6768927574157715,-103.78336906433105,-77.40942621231079
1987-12-10,32100,,2.0,2.0,1.0,82.08632,1.833811345398333,,2.0,134.2514190673828,82.08631896972656,10.507509231567383,4.6768927574157715,-123.74390983581543,-77.40942621231079
1987-12-13,15300,,0.0,0.0,0.0,0.34923774,1.899161773914553,,0.0,10.895734786987305,6.943839073181152,4.018642425537109,2.2800774574279785,-6.877092361450195,-4.663761615753174
1987-12-23,8950,,0.0,0.0,0.0,1.8512161,1.122837320900473,,0.0,19.787569046020508,17.78557014465332,3.573474884033203,1.7304798364639282,-16.214094161987305,-16.055090308189392
1987-12-27,8600,,0.0,0.0,0.0,1.9646366e-06,3.679812928438721,,0.0,0.6347917914390564,0.5324263572692871,4.363485336303711,2.0707530975341797,3.7286935448646545,1.5383267402648926
1987-12-30,6880,,0.0,0.0,0.0,4.092529,0.8126899493468409,,0.0,9.669210433959961,4.245781898498535,3.9970593452453613,1.7428598403930664,-5.6721510887146,-2.5029220581054688
1988-01-01,6850,,0.0,0.0,0.0,0.04610609,1.0258149248055817,,0.0,,,,,,
1988-01-05,8940,,0.0,0.0,0.0,0.0,1.3551193583519847,,0.0,0.0,0.0,7.591142654418945,2.6945443153381348,7.591142654418945,2.6945443153381348
1988-01-09,9070,,0.0,0.0,0.0,8.219439,1.5578735592989157,,0.0,25.09130859375,16.366928100585938,7.769896507263184,3.7299766540527344,-17.321412086486816,-12.636951446533203
1988-01-10,6910,,0.0,0.0,0.0,16.366928,1.849586776859504,,0.0,35.18767166137695,16.366928100585938,9.341002464294434,3.7299766540527344,-25.84666919708252,-12.636951446533203
1988-01-12,7640,,0.0,0.0,0.0,10.276815,0.8607503115448283,,0.0,33.92790222167969,13.04977798461914,6.394715309143066,3.169877290725708,-27.53318691253662,-9.879900693893433
1988-01-13,6940,,3.0,3.0,2.0,13.049778,1.3357969657703683,,3.0,59.641204833984375,36.31460952758789,7.317065715789795,4.092227935791016,-52.32413911819458,-32.222381591796875
1988-01-14,9380,,3.0,3.0,2.0,36.314606,2.281305863655997,,3.0,101.07024383544922,51.70585632324219,10.839361190795898,4.797755241394043,-90.23088264465332,-46.908101081848145
1988-01-15,26300,,3.0,3.0,2.0,51.705864,1.4839443331907356,,3.0,98.94378662109375,51.70585632324219,11.905569076538086,4.797755241394043,-87.03821754455566,-46.908101081848145
1988-01-20,11200,,1.0,1.0,0.0,9.498467,2.2160060676326108,,1.0,19.782695770263672,10.153778076171875,3.7598087787628174,1.8411973714828491,-16.022886991500854,-8.312580704689026
1988-01-22,10800,,1.0,1.0,1.0,1.3981023,0.3096073605178154,,1.0,33.02006912231445,21.468189239501953,3.0235331058502197,1.834648847579956,-29.996536016464233,-19.633540391921997
1988-01-27,10900,,2.0,2.0,1.0,0.4528703,0.093054255299362,,2.0,4.15250301361084,3.342165231704712,4.424457550048828,2.343812942504883,0.2719545364379883,-0.9983522891998291
1988-01-28,9370,,2.0,2.0,1.0,3.3421652,0.4849706228209945,,2.0,29.675458908081055,25.880422592163086,6.458931922912598,2.645699977874756,-23.216526985168457,-23.23472261428833
1988-02-03,13100,,0.0,0.0,0.0,11.831398,2.394452332091288,,0.0,12.44129467010498,11.831398963928223,2.846534490585327,1.4289095401763916,-9.594760179519653,-10.402489423751831
1988-02-04,10000,,0.0,0.0,0.0,0.14224951,2.422217124529066,,0.0,12.068526268005371,11.831398963928223,2.3352763652801514,1.0075671672821045,-9.73324990272522,-10.823831796646118
1988-02-06,8410,,0.0,0.0,0.0,2.8007977,0.4013805104168604,,0.0,22.358312606811523,19.462636947631836,2.8870410919189453,1.3718509674072266,-19.471271514892578,-18.09078598022461
1988-02-11,14300,,0.0,0.0,0.0,10.677888,1.4401937261174798,,0.0,28.88400650024414,15.38287353515625,5.331760406494141,2.2034173011779785,-23.55224609375,-13.179456233978271
1988-02-14,15300,,1.0,1.0,0.0,9.402029,1.4879453334407982,,1.0,49.27988815307617,20.684240341186523,6.508062362670898,2.5228376388549805,-42.77182579040527,-18.161402702331543
1988-02-15,16400,,1.0,1.0,0.0,19.19362,2.457949198043313,,1.0,37.128395080566406,19.193618774414062,4.984215259552002,2.5228376388549805,-32.144179821014404,-16.670781135559082
1988-02-20,11800,,0.0,0.0,0.0,0.022848723,1.2085909907228871,,0.0,0.5826168656349182,0.4360235631465912,0.8405982255935669,0.2881946563720703,0.2579813599586487,-0.14782890677452087
1988-02-22,13400,,0.0,0.0,0.0,0.0118389,0.1674674867063873,,0.0,0.13558350503444672,0.12374459952116013,0.5898078680038452,0.2874666452407837,0.4542243629693985,0.16372204571962357
1988-03-13,16700,,0.0,0.0,0.0,0.0,0.6594441998929484,,0.0,0.5524341464042664,0.49236539006233215,0.8558537364006042,0.418160080909729,0.3034195899963379,-0.07420530915260315
1988-03-18,13100,,0.0,0.0,0.0,0.1761611,1.3166853696895302,,0.0,0.265646368265152,0.17616109549999237,1.5245646238327026,1.0674537420272827,1.2589182555675507,0.8912926465272903
1988-03-22,14600,,1.0,1.0,0.0,15.693063,0.9167789881354635,,1.0,68.04489135742188,38.96234893798828,6.303534030914307,3.2297749519348145,-61.74135732650757,-35.73257398605347
1988-03-23,16400,,1.0,1.0,0.0,38.96235,1.3722316942872084,,1.0,74.09557342529297,38.96234893798828,6.753990173339844,3.2297749519348145,-67.34158325195312,-35.73257398605347
1988-03-25,17600,,2.0,1.0,1.0,22.273817,3.621281560059437,,2.0,107.32560729980469,65.61162567138672,5.491544723510742,2.152686357498169,-101.83406257629395,-63.45893931388855
1988-03-26,25300,,2.0,1.0,1.0,65.611626,2.747006379694097,,2.0,112.78292846679688,65.61162567138672,5.557799339294434,2.152686357498169,-107.22512912750244,-63.45893931388855
1988-04-02,15500,,1.0,1.0,0.0,24.559406,4.440048235199296,,1.0,57.19157791137695,32.16952896118164,6.885972023010254,2.42688250541687,-50.3056058883667,-29.74264645576477
1988-04-03,21100,,1.0,1.0,0.0,32.16953,2.1482850051355817,,1.0,76.14585876464844,32.16952896118164,5.830965042114258,2.42688250541687,-70.31489372253418,-29.74264645576477
1988-04-05,18700,,2.0,2.0,2.0,11.390953,1.479909233506724,,2.0,141.46913146972656,110.6612548828125,5.232405185699463,2.2947182655334473,-136.2367262840271,-108.36653661727905
1988-04-06,30700,,2.0,2.0,2.0,110.66126,3.20966481289744,,2.0,144.37738037109375,110.6612548828125,5.667513847351074,2.2947182655334473,-138.70986652374268,-108.36653661727905
1988-04-08,27200,,0.0,0.0,0.0,3.460884,0.477986852084922,,0.0,26.748641967773438,22.325164794921875,2.580162525177002,1.4753050804138184,-24.168479442596436,-20.849859714508057
1988-04-14,25300,231.5,0.0,0.0,0.0,0.06724558,1.8011469809601164,,0.0,0.3235127627849579,0.22491943836212158,3.8655474185943604,1.836935043334961,3.5420346558094025,1.6120156049728394
1988-04-17,25900,118.66,0.0,0.0,0.0,2.823216,3.84950783150333,,0.0,11.076136589050293,8.236875534057617,5.110874176025391,2.151914119720459,-5.965262413024902,-6.084961414337158
1988-04-19,22300,25.53,0.0,0.0,0.0,0.15383497,3.1638700997563447,,0.0,9.437190055847168,8.236875534057617,5.17314338684082,2.1543829441070557,-4.264046669006348,-6.0824925899505615
1988-04-27,16700,,1.0,1.0,1.0,0.26086444,1.0853184370472784,,1.0,0.7912102341651917,0.3005913496017456,2.7034149169921875,1.7312135696411133,1.9122046828269958,1.4306222200393677
1988-04-28,15700,,1.0,1.0,1.0,0.30059138,1.9966353158537569,,1.0,7.987656116485596,7.4262003898620605,4.275773048400879,2.093780994415283,-3.711883068084717,-5.332419395446777
1988-04-29,18200,,1.0,1.0,1.0,7.4262,2.6009198580636896,,1.0,20.444686889648438,12.717894554138184,5.323874473571777,2.093780994415283,-15.12081241607666,-10.6241135597229
1988-05-09,16400,,1.0,0.0,0.0,0.46656778,1.2893440302224315,,1.0,0.5987170934677124,0.4665677547454834,1.78472101688385,1.2000348567962646,1.1860039234161377,0.7334671020507812
1988-05-10,16100,,1.0,0.0,0.0,0.13153437,1.3228850601080022,,1.0,1.278029441833496,0.6799273490905762,0.8925057053565979,0.4044816792011261,-0.3855237364768982,-0.2754456698894501
1988-05-12,26600,,1.0,1.0,0.0,4.376646,1.1355373967458808,,1.0,22.65784454345703,17.60127067565918,2.0843749046325684,1.2701373100280762,-20.573469638824463,-16.331133365631104
1988-05-13,35600,,1.0,1.0,0.0,17.60127,0.8255861486032665,,1.0,30.176347732543945,17.60127067565918,2.5699892044067383,1.2701373100280762,-27.606358528137207,-16.331133365631104
1988-05-14,36300,,0.0,0.0,0.0,8.19843,0.4813643493518008,,0.0,30.628108978271484,17.60127067565918,3.2256414890289307,1.2701373100280762,-27.402467489242554,-16.331133365631104
1988-05-15,26300,,2.0,2.0,1.0,4.8284082,0.6980420725015966,,2.0,22.242145538330078,9.215306282043457,3.40035080909729,1.4448466300964355,-18.841794729232788,-7.7704596519470215
1988-05-16,24300,,2.0,2.0,1.0,9.215306,2.0305772724172777,,2.0,21.266334533691406,9.215306282043457,3.988401174545288,1.4448466300964355,-17.277933359146118,-7.7704596519470215
1988-05-26,20900,,0.0,1.0,0.0,3.4351904,0.5997046782356746,,1.0,13.420811653137207,9.928171157836914,3.682393789291382,1.6024353504180908,-9.738417863845825,-8.325735807418823
1988-05-27,21400,,0.0,1.0,0.0,9.928171,0.9565651743514392,,1.0,30.80714225769043,17.44378089904785,4.992635726928711,2.051008701324463,-25.81450653076172,-15.392772197723389
1988-06-02,19700,,2.0,2.0,1.0,10.761657,1.6586204402340254,,2.0,32.47318649291992,14.051200866699219,5.730659484863281,2.23091459274292,-26.74252700805664,-11.820286273956299
1988-06-03,22400,,2.0,2.0,1.0,14.0512,1.536001769037301,,2.0,27.78652572631836,14.051200866699219,4.202597141265869,1.9897980690002441,-23.58392858505249,-12.061402797698975
1988-06-20,24500,,0.0,0.0,0.0,0.06346562,0.5894523217581255,,0.0,0.24407269060611725,0.11051473021507263,1.8205652236938477,0.8418340086936951,1.5764925330877304,0.7313192784786224
1988-06-21,25100,,2.0,2.0,1.0,0.11051473,0.7728520973218511,,2.0,0.21042239665985107,0.11051473021507263,2.33559513092041,0.9019879698753357,2.125172734260559,0.7914732396602631
1988-06-22,26400,,2.0,2.0,1.0,0.03644204,1.0906745281361665,,2.0,0.15810608863830566,0.11051473021507263,2.5637519359588623,0.9019879698753357,2.4056458473205566,0.7914732396602631
1988-06-26,24700,,0.0,0.0,0.0,0.0,2.9181712783567795,,0.0,0.16992534697055817,0.16992534697055817,5.088780879974365,1.8931541442871094,4.918855533003807,1.7232287973165512
1988-07-01,15500,,1.0,1.0,0.0,14.9391,2.1650842462681785,,1.0,35.8038215637207,20.319307327270508,6.21112060546875,2.7276101112365723,-29.592700958251953,-17.591697216033936
1988-07-02,16800,13.72,1.0,1.0,0.0,20.31931,1.4880195255425428,,1.0,39.87528991699219,20.319307327270508,4.731577396392822,1.940673828125,-35.143712520599365,-18.378633499145508
1988-07-04,19300,14.69,0.0,0.0,0.0,0.5515265,1.9233310393714127,,0.0,6.927955150604248,4.616884231567383,5.060803413391113,2.503418207168579,-1.8671517372131348,-2.1134660243988037
1988-07-12,19800,14.87,1.0,0.0,0.0,8.7672415,2.634021315246167,,1.0,24.235198974609375,10.334894180297852,4.989467620849609,1.976078748703003,-19.245731353759766,-8.358815431594849
1988-07-13,22600,15.87,1.0,0.0,0.0,10.334895,2.0772128982658886,,1.0,20.515151977539062,10.334894180297852,4.309288024902344,1.976078748703003,-16.20586395263672,-8.358815431594849
1988-07-20,20600,15.16,0.0,0.0,0.0,0.0,4.51868855643663,,0.0,0.0,0.0,3.98881459236145,1.7269930839538574,3.98881459236145,1.7269930839538574
1988-07-22,19400,14.72,0.0,0.0,0.0,0.0,1.882746306411314,,0.0,0.0,0.0,1.4210649728775024,0.6840987801551819,1.4210649728775024,0.6840987801551819
1988-07-26,17300,13.95,0.0,0.0,0.0,0.0,1.7300930604551965,,0.0,0.0,0.0,2.7744150161743164,1.0373561382293701,2.7744150161743164,1.0373561382293701
1988-07-30,15100,13.1,0.0,0.0,0.0,0.0028978384,1.75528365562465,,0.0,0.600267231464386,0.597369372844696,2.8116960525512695,1.115655779838562,2.2114288210868835,0.518286406993866
1988-08-06,11700,11.73,0.0,0.0,0.0,0.9505718,2.18225382791979,,0.0,1.1899980306625366,0.9505716562271118,4.691682815551758,1.6097501516342163,3.501684784889221,0.6591784954071045
1988-08-08,11100,11.49,0.0,0.0,1.0,0.010021611,1.873783941853232,,1.0,0.08020038902759552,0.07017877697944641,4.971041679382324,2.0551624298095703,4.890841290354729,1.984983652830124
1988-08-09,11100,11.49,0.0,0.0,1.0,0.070178784,1.9830480347359565,,1.0,0.10356974601745605,0.07017877697944641,4.358786106109619,2.0551624298095703,4.255216360092163,1.984983652830124
1988-08-10,10300,11.13,0.0,0.0,0.0,0.023369353,1.5805759291062438,,0.0,0.09354813396930695,0.07017877697944641,3.5067291259765625,1.3627128601074219,3.4131809920072556,1.2925340831279755
1988-08-13,10500,11.24,0.0,0.0,0.0,0.0,2.2311158368104427,,0.0,0.0,0.0,3.994520902633667,1.9501909017562866,3.994520902633667,1.9501909017562866
1988-09-06,7820,10.03,0.0,0.0,0.0,0.87750685,0.4943409406070527,,0.0,4.333502769470215,3.427182674407959,0.7427784204483032,0.3592223525047302,-3.5907243490219116,-3.0679603219032288
1988-09-13,7670,9.96,0.0,0.0,0.0,0.021693517,1.4081150452902482,,0.0,0.02169351652264595,0.02169351652264595,4.199746608734131,2.4008374214172363,4.178053092211485,2.3791439048945904
1988-09-15,6800,9.53,0.0,0.0,0.0,0.048332024,3.008516591957907,,0.0,1.2889546155929565,1.240622639656067,1.3235324621200562,0.6485498547554016,0.03457784652709961,-0.5920727849006653
1988-09-18,7430,9.83,1.0,1.0,0.0,1.4493005,6.283055887938927,,1.0,40.18745040893555,29.77090835571289,8.290943145751953,5.036761283874512,-31.896507263183594,-24.73414707183838
1988-09-19,8740,10.45,1.0,1.0,0.0,29.770908,4.839989749503492,,1.0,38.521888732910156,29.77090835571289,8.414288520812988,5.036761283874512,-30.107600212097168,-24.73414707183838
1988-09-24,7720,9.98,1.0,0.0,0.0,4.54144,2.077417081543113,,1.0,57.28461837768555,43.43717956542969,2.53887939453125,1.3545334339141846,-54.7457389831543,-42.0826461315155
1988-09-25,14500,12.69,1.0,0.0,0.0,43.43718,0.7871350068922188,,1.0,56.44438934326172,43.43717956542969,3.1989285945892334,1.3545334339141846,-53.245460748672485,-42.0826461315155
1988-09-28,16700,13.73,0.0,1.0,1.0,1.8439077,2.308088385732797,,1.0,34.43204116821289,31.981624603271484,6.120955944061279,3.3319201469421387,-28.31108522415161,-28.649704456329346
1988-09-29,12600,12.13,0.0,1.0,1.0,0.6065088,2.169841427298974,,1.0,2.4721100330352783,1.8439077138900757,4.510422229766846,3.3319201469421387,2.0383121967315674,1.488012433052063
1988-10-03,9900,11.0,0.0,0.0,0.0,0.059777997,1.4286875437867734,,0.0,0.7028289437294006,0.6430509686470032,0.6578953266143799,0.5237640142440796,-0.04493361711502075,-0.11928695440292358
1988-10-04,9850,10.98,0.0,0.0,0.0,0.643051,0.6983138346570114,,0.0,2.9974398612976074,2.2946109771728516,1.0647510290145874,0.5237640142440796,-1.93268883228302,-1.770846962928772
1988-10-05,10200,11.14,0.0,0.0,0.0,2.2946107,0.6723027864404119,,0.0,3.346909523010254,2.2946109771728516,1.3486194610595703,0.5237640142440796,-1.9982900619506836,-1.770846962928772
1988-10-12,7100,,2.0,2.0,1.0,0.13613556,0.1943436272291213,,2.0,5.246222496032715,4.020892143249512,2.3911499977111816,1.6398532390594482,-2.855072498321533,-2.3810389041900635
1988-10-13,6820,9.54,2.0,2.0,1.0,4.020892,0.7129340186286242,,2.0,31.7734375,27.616409301757812,3.5968329906463623,1.6398532390594482,-28.176604509353638,-25.976556062698364
1988-10-14,9370,10.73,4.0,4.0,3.0,27.616411,0.8678741999549474,,4.0,91.75530242919922,60.11800003051758,4.730670928955078,1.6490366458892822,-87.02463150024414,-58.468963384628296
1988-10-15,25000,16.97,4.0,4.0,3.0,60.117996,1.1187015762205017,,4.0,163.37515258789062,75.64073944091797,4.947055339813232,1.8562376499176025,-158.4280972480774,-73.78450179100037
1988-10-16,42200,22.14,4.0,4.0,3.0,75.64074,2.330877347436033,,4.0,155.74832153320312,75.64073944091797,3.962388515472412,1.8562376499176025,-151.7859330177307,-73.78450179100037
1988-10-17,43700,22.5,4.0,4.0,0.0,19.989582,1.9946087761609823,,4.0,96.51351165771484,75.64073944091797,3.130533218383789,1.8562376499176025,-93.38297843933105,-73.78450179100037
1988-10-21,16400,13.77,1.0,1.0,1.0,0.0084282905,2.3040551460179097,,1.0,12.483616828918457,9.545320510864258,2.906827211380005,1.4307352304458618,-9.576789617538452,-8.114585280418396
1988-10-22,17300,14.12,0.0,1.0,1.0,9.5453205,1.6027190681968015,,1.0,10.538822174072266,9.545320510864258,2.8426263332366943,1.4307352304458618,-7.696195840835571,-8.114585280418396
1988-10-23,16500,13.78,0.0,1.0,1.0,0.9850728,2.678145569450213,,1.0,13.09274673461914,9.545320510864258,1.5177154541015625,0.7281749248504639,-11.575031280517578,-8.817145586013794
1988-10-24,15800,13.51,0.0,1.0,1.0,2.5623536,0.6060151401486735,,1.0,3.5621707439422607,2.5623536109924316,1.3913935422897339,0.6837159991264343,-2.170777201652527,-1.8786376118659973
1988-10-29,14500,12.99,0.0,0.0,0.0,0.013656188,0.6549507211513622,,0.0,7.083595275878906,6.7771100997924805,2.0016262531280518,1.3226429224014282,-5.0819690227508545,-5.454467177391052
1988-10-31,14800,13.12,2.0,2.0,2.0,8.251399,1.5028645591149854,,2.0,18.634376525878906,8.251399040222168,4.476686477661133,1.7444056272506714,-14.157690048217773,-6.506993412971497
1988-11-01,15600,13.44,2.0,2.0,2.0,3.6058664,2.845368366885109,,2.0,31.80569839477539,19.94843292236328,5.816464424133301,2.6624209880828857,-25.98923397064209,-17.286011934280396
1988-11-02,19200,14.84,2.0,2.0,1.0,19.948433,2.504970044163934,,2.0,64.96793365478516,41.413631439208984,7.807957172393799,3.4011306762695312,-57.15997648239136,-38.01250076293945
1988-11-03,24500,16.81,2.0,2.0,1.0,41.41363,2.2010688622568866,,2.0,74.21918487548828,41.413631439208984,8.14708137512207,3.4011306762695312,-66.07210350036621,-38.01250076293945
1988-11-05,23600,16.49,4.0,4.0,3.0,19.839094,4.254851316134819,,4.0,98.63520050048828,65.9389877319336,7.016884803771973,2.6031200885772705,-91.61831569671631,-63.33586764335632
1988-11-06,47200,23.46,4.0,4.0,3.0,65.938995,1.3897275971885534,,4.0,95.96099090576172,65.9389877319336,5.54957389831543,2.6031200885772705,-90.41141700744629,-63.33586764335632
1988-11-13,23200,16.35,0.0,0.0,0.0,6.9737663,2.775152259139165,,0.0,32.4356803894043,25.182113647460938,6.46006441116333,2.7852354049682617,-25.975615978240967,-22.396878242492676
1988-11-16,18700,14.67,0.0,0.0,0.0,2.4767325,3.0238768369778395,,0.0,9.206868171691895,6.1388349533081055,5.098875522613525,2.288844108581543,-4.107992649078369,-3.8499908447265625
1988-11-21,20900,15.49,1.0,1.0,0.0,11.446801,2.5419232907400406,,1.0,72.80290222167969,37.68325424194336,7.904882907867432,4.388451099395752,-64.89801931381226,-33.29480314254761
1988-11-22,23200,16.36,1.0,1.0,0.0,23.672848,3.479536826355349,,1.0,77.13252258300781,42.012874603271484,11.199979782104492,4.388451099395752,-65.93254280090332,-37.62442350387573
1988-11-27,16700,13.89,1.0,1.0,0.0,9.741205,3.0690277941386177,,1.0,49.861778259277344,25.849987030029297,4.678870677947998,1.8567872047424316,-45.182907581329346,-23.993199825286865
1988-11-29,19300,14.9,0.0,0.0,0.0,10.542137,0.3357641063158352,,0.0,37.91142654418945,25.849987030029297,2.6274807453155518,1.7701411247253418,-35.2839457988739,-24.079845905303955
1988-11-30,17600,14.23,0.0,0.0,0.0,1.5193006,0.1219763618590598,,0.0,14.434877395629883,10.54213809967041,1.8643718957901,1.0070322751998901,-12.570505499839783,-9.53510582447052
1988-12-01,17100,14.03,0.0,1.0,1.0,2.3734381,0.1151186556969821,,1.0,9.793400764465332,5.900661945343018,2.1873879432678223,1.0070322751998901,-7.60601282119751,-4.893629670143127
1988-12-02,17500,14.21,0.0,1.0,1.0,5.900662,0.0425777932086327,,1.0,10.606927871704102,5.900661945343018,1.9365180730819702,1.0070322751998901,-8.670409798622131,-4.893629670143127
1988-12-11,16700,13.86,2.0,2.0,0.0,0.007823182,1.1646922061093787,,2.0,13.754890441894531,12.711180686950684,3.1763200759887695,1.3754962682724,-10.578570365905762,-11.335684418678284
1988-12-12,18600,14.63,2.0,2.0,1.0,12.711181,0.5949975097080055,,2.0,59.41808319091797,46.69908142089844,4.36335563659668,2.087796449661255,-55.05472755432129,-44.61128497123718
1988-12-13,34000,19.9,2.0,2.0,1.0,46.699085,0.63607203453756,,2.0,65.03340911865234,46.69908142089844,3.8379077911376953,2.087796449661255,-61.19550132751465,-44.61128497123718
1988-12-29,11600,11.76,2.0,2.0,0.0,10.779301,1.57601259819087,,2.0,58.75672149658203,47.95466613769531,6.3650970458984375,3.4722635746002197,-52.391624450683594,-44.48240256309509
1988-12-30,16100,13.62,2.0,2.0,0.0,47.954666,2.8871581531746577,,2.0,63.93668746948242,47.95466613769531,7.355744361877441,3.4722635746002197,-56.58094310760498,-44.48240256309509
1989-01-02,12900,12.31,1.0,0.0,0.0,8.482489,0.6080518063400148,,1.0,23.559635162353516,12.84802532196045,3.6581056118011475,1.823068380355835,-19.901529550552368,-11.024956941604614
1989-01-03,14100,12.78,1.0,2.0,2.0,12.848026,1.489748056848923,,2.0,59.061058044433594,37.73054504394531,5.6652421951293945,2.7936360836029053,-53.3958158493042,-34.93690896034241
1989-01-04,26100,17.38,1.0,2.0,0.0,37.730545,2.471558592127371,,2.0,57.9097900390625,37.73054504394531,7.167166709899902,2.7936360836029053,-50.7426233291626,-34.93690896034241
1989-01-15,15400,13.35,0.0,0.0,0.0,19.973303,1.365298969370442,,0.0,62.845611572265625,27.78841781616211,4.944099426269531,2.5579686164855957,-57.901512145996094,-25.230449199676514
1989-01-16,19300,14.9,1.0,1.0,1.0,27.788416,0.6204482938916548,,1.0,65.48143768310547,27.78841781616211,5.160089492797852,2.5579686164855957,-60.32134819030762,-25.230449199676514
1989-01-17,25100,17.04,1.0,1.0,1.0,17.719719,0.4126566765658357,,1.0,68.03593444824219,27.78841781616211,5.0342512130737305,2.5579686164855957,-63.00168323516846,-25.230449199676514
1989-01-26,15500,13.38,0.0,0.0,0.0,0.26607072,1.7422684183442556,,0.0,9.200892448425293,8.58348560333252,3.636751651763916,1.6210174560546875,-5.564140796661377,-6.962468147277832
1989-01-28,15300,13.3,1.0,1.0,3.0,0.25841847,2.3961368441283875,,3.0,11.945229530334473,8.58348560333252,3.8377225399017334,1.3565984964370728,-8.10750699043274,-7.226887106895447
1989-01-29,14800,13.1,1.0,2.0,3.0,3.103326,1.244599372983742,,3.0,21.391883850097656,18.030139923095703,4.595009803771973,2.1138861179351807,-16.796874046325684,-15.916253805160522
1989-01-30,16500,13.78,2.0,2.0,3.0,18.03014,1.1880711913515567,,3.0,46.81206512451172,25.67860221862793,5.04840087890625,2.1138861179351807,-41.76366424560547,-23.56471610069275
1989-01-31,24900,16.96,2.0,2.0,3.0,25.678602,0.6665569284883205,,3.0,47.678123474121094,25.67860221862793,5.400607585906982,2.1138861179351807,-42.27751588821411,-23.56471610069275
1989-02-05,18000,15.15,0.0,0.0,0.0,0.1123006,1.8131634148206477,,0.0,1.2637308835983276,1.0684970617294312,3.7721781730651855,2.0699799060821533,2.508447289466858,1.0014828443527222
1989-02-08,15800,13.51,0.0,0.0,0.0,0.03761886,0.4405927928263057,,0.0,0.2214459776878357,0.11046168953180313,2.7472448348999023,1.568672776222229,2.5257988572120667,1.4582110866904259
1989-02-10,14800,13.09,0.0,0.0,0.0,0.0085402755,0.1827888790379413,,0.0,0.14297641813755035,0.11046168953180313,2.2039504051208496,1.568672776222229,2.0609739869832993,1.4582110866904259
1989-02-16,13500,12.57,0.0,0.0,0.0,1.8724831,3.633964069529779,,0.0,12.162796020507812,10.289923667907715,4.877785682678223,2.511021614074707,-7.28501033782959,-7.778902053833008
1989-02-21,13500,12.57,2.0,0.0,0.0,1.6774695,4.413859043273216,,2.0,12.754643440246582,10.08015251159668,5.3639302253723145,2.910172939300537,-7.390713214874268,-7.169979572296143
1989-02-22,13500,,2.0,0.0,0.0,10.0801525,1.3899458335658297,,2.0,26.770082473754883,15.012460708618164,5.940310001373291,2.910172939300537,-20.829772472381592,-12.102287769317627
1989-03-04,11200,11.59,2.0,2.0,0.0,0.0695442,3.955583937306641,,2.0,6.161919593811035,5.440892219543457,6.274832725524902,2.918788433074951,0.11291313171386719,-2.522103786468506
1989-03-05,12200,12.03,2.0,2.0,0.0,5.440892,5.344992859785194,,2.0,31.217384338378906,25.706947326660156,6.538517951965332,2.918788433074951,-24.678866386413574,-22.788158893585205
1989-03-06,14400,12.94,2.0,2.0,0.0,25.706947,2.389874741412626,,2.0,40.77109909057617,25.706947326660156,7.733016490936279,2.918788433074951,-33.03808259963989,-22.788158893585205
1989-03-07,14500,12.98,0.0,0.0,0.0,9.623261,0.79523889236772,,0.0,38.864688873291016,25.706947326660156,7.303009510040283,2.6361663341522217,-31.561679363250732,-23.070780992507935
1989-03-11,14400,12.95,1.0,1.0,0.0,11.826951,0.847368660346905,,1.0,49.363155364990234,24.40439796447754,5.706675052642822,2.2584047317504883,-43.65648031234741,-22.14599323272705
1989-03-13,15400,13.35,0.0,0.0,0.0,11.417756,1.5841319834090752,,0.0,29.69188690185547,13.131806373596191,4.916451930999756,1.755225419998169,-24.775434970855713,-11.376580953598022
1989-03-15,12900,12.33,0.0,0.0,0.0,1.5817072,1.17774794938404,,0.0,8.678485870361328,5.142322063446045,4.912568092346191,2.2787060737609863,-3.7659177780151367,-2.8636159896850586
1989-03-19,9660,10.89,0.0,0.0,0.0,6.8059216,1.2237925183775282,,0.0,12.572035789489746,6.80592155456543,4.129197120666504,1.6885168552398682,-8.442838668823242,-5.1174046993255615
1989-03-22,11000,11.51,0.0,0.0,0.0,10.04299,1.5175364088956125,,0.0,20.825599670410156,10.042989730834961,3.231888771057129,1.8527756929397583,-17.593710899353027,-8.190214037895203
1989-03-24,9630,10.88,0.0,0.0,0.0,0.013982318,2.6004525924869646,,0.0,8.175186157226562,6.597653865814209,4.478557586669922,2.889341354370117,-3.6966285705566406,-3.708312511444092
1989-04-04,10000,11.06,0.0,0.0,0.0,15.182765,3.324576598695128,,0.0,71.78713989257812,46.270668029785156,3.768983840942383,1.7259633541107178,-68.01815605163574,-44.54470467567444
1989-04-05,16100,13.54,4.0,3.0,2.0,46.270668,2.028933886364153,,4.0,99.07022094726562,46.270668029785156,3.992283821105957,1.9492632150650024,-95.07793712615967,-44.321404814720154
1989-04-06,29000,18.38,4.0,3.0,2.0,37.616787,1.61619950442156,,4.0,90.85405731201172,46.270668029785156,4.3827290534973145,1.9492632150650024,-86.4713282585144,-44.321404814720154
1989-04-07,25100,17.06,4.0,3.0,0.0,6.9666033,1.4724511706439003,,4.0,44.66059112548828,37.61678695678711,3.3624820709228516,1.9492632150650024,-41.29810905456543,-35.66752374172211
1989-04-09,18300,14.51,0.0,0.0,0.0,0.0,1.1498229929383177,,0.0,0.07720235735177994,0.07720235735177994,1.146353006362915,0.550337553024292,1.069150649011135,0.47313519567251205
1989-04-19,19700,15.05,1.0,1.0,1.0,1.5040648,0.8745442558986853,,1.0,6.315506935119629,4.8109354972839355,2.192564010620117,1.3205509185791016,-4.122942924499512,-3.490384578704834
1989-04-20,22300,16.02,1.0,1.0,1.0,4.8109355,0.4840069521512609,,1.0,15.004095077514648,8.689094543457031,3.1851837635040283,1.3205509185791016,-11.81891131401062,-7.36854362487793
1989-05-09,28500,18.23,0.0,0.0,0.0,0.007626719,4.240695297791389,,0.0,4.717787742614746,4.684593200683594,3.3444392681121826,2.1161153316497803,-1.3733484745025635,-2.5684778690338135
1989-05-17,17500,14.17,0.0,0.0,0.0,5.419709,4.852063842406882,,0.0,33.47834014892578,27.485395431518555,7.510129928588867,3.3686623573303223,-25.968210220336914,-24.116733074188232
1989-05-26,12900,12.32,0.0,0.0,0.0,1.5309805,2.315004577590679,,0.0,25.01650619506836,17.45000457763672,3.6761555671691895,1.8211383819580078,-21.34035062789917,-15.628866195678711
1989-06-06,29900,18.7,0.0,0.0,0.0,0.0,2.4764484509557145,,0.0,0.0,0.0,2.673957347869873,1.517469048500061,2.673957347869873,1.517469048500061
1989-06-13,26300,17.46,2.0,2.0,2.0,0.056196462,4.369300796273449,,2.0,8.791152954101562,8.2607421875,4.1682305335998535,1.5667113065719604,-4.622922420501709,-6.6940308809280396
1989-06-14,27600,17.92,2.0,2.0,2.0,8.260742,4.826495880168389,,2.0,13.419519424438477,8.2607421875,4.517927169799805,1.5667113065719604,-8.901592254638672,-6.6940308809280396
1989-06-16,24400,16.78,0.0,0.0,0.0,0.033463657,2.481477187478688,,0.0,5.145893573760986,5.10258150100708,4.289634704589844,1.5962774753570557,-0.8562588691711426,-3.5063040256500244
1989-06-21,18600,14.62,1.0,1.0,0.0,0.62587035,3.059190210775834,,1.0,11.687843322753906,10.572449684143066,2.8623623847961426,1.3373935222625732,-8.825480937957764,-9.235056161880493
1989-06-22,17800,14.3,1.0,1.0,0.0,0.4895226,3.100039679341323,,1.0,1.1261061429977417,0.6258703470230103,3.2651119232177734,1.3373935222625732,2.1390057802200317,0.711523175239563
1989-06-28,18000,14.4,0.0,0.0,0.0,5.2589216,3.134755176397405,,0.0,10.502116203308105,5.2589216232299805,5.267938613891602,2.319063186645508,-5.234177589416504,-2.9398584365844727
1989-06-29,17200,14.08,2.0,0.0,0.0,4.109992,2.47259376827678,,2.0,15.386931419372559,6.018017768859863,6.192378997802734,2.319063186645508,-9.194552421569824,-3.6989545822143555
1989-06-30,17600,14.25,2.0,1.0,0.0,6.0180173,1.8961432506887053,,2.0,25.7908935546875,15.662884712219238,6.047306060791016,2.319063186645508,-19.743587493896484,-13.34382152557373
1989-07-01,18800,14.68,2.0,1.0,0.0,15.662885,3.1556362231053634,,2.0,24.98599624633789,15.662884712219238,4.924747943878174,2.3053131103515625,-20.061248302459717,-13.357571601867676
1989-07-02,19700,15.04,2.0,1.0,0.0,3.3050942,3.415139942010296,,2.0,19.771743774414062,15.662884712219238,3.244321584701538,1.4229295253753662,-16.527422189712524,-14.239955186843872
1989-07-08,16900,13.94,0.0,0.0,0.0,0.53198624,0.8060789990886151,,0.0,0.5987603068351746,0.5319862365722656,3.2273507118225098,1.4544976949691772,2.628590404987335,0.9225114583969116
1989-07-17,17700,14.28,1.0,0.0,0.0,12.119242,2.983166452770217,,1.0,13.476615905761719,12.119242668151855,4.977312088012695,2.1180226802825928,-8.499303817749023,-10.001219987869263
1989-07-18,17300,14.1,1.0,0.0,0.0,0.023605108,2.64010362094656,,1.0,12.161378860473633,12.119242668151855,3.191502094268799,1.8573238849639893,-8.969876766204834,-10.261918783187866
1989-07-19,17600,14.22,1.0,0.0,0.0,0.018530453,3.289228505473476,,1.0,0.042135559022426605,0.02360510639846325,2.14669132232666,1.0019657611846924,2.1045557633042336,0.9783606547862291
1989-07-20,18000,14.37,0.0,0.0,0.0,0.0,2.8418790648075243,,0.0,0.21106287837028503,0.19253242015838623,2.2751808166503906,1.1304553747177124,2.0641179382801056,0.9379229545593262
1989-07-21,17200,14.07,0.0,0.0,0.0,0.19253242,1.619299452962414,,0.0,0.19383104145526886,0.19253242015838623,3.2505598068237305,1.3075913190841675,3.0567287653684616,1.1150588989257812
1989-07-24,15300,13.33,0.0,0.0,0.0,0.0022612964,1.6025194315107705,,0.0,0.14288212358951569,0.13938310742378235,4.836278915405273,1.77535879611969,4.693396791815758,1.6359756886959076
1989-07-30,11500,11.7,0.0,0.0,0.0,0.4044224,2.7780079317350004,,0.0,0.4061238169670105,0.40442243218421936,4.17271614074707,1.9630028009414673,3.76659232378006,1.558580368757248
1989-08-15,9870,10.98,0.0,0.0,0.0,7.7320113,1.68945996829786,,0.0,11.609489440917969,7.732011795043945,4.60267448425293,1.9768126010894775,-7.006814956665039,-5.755199193954468
1989-08-20,9680,10.89,1.0,1.0,1.0,0.2897819,2.347902678148876,,1.0,20.44597816467285,17.988170623779297,6.885351181030273,2.7746129035949707,-13.560626983642578,-15.213557720184326
1989-08-21,11000,11.5,1.0,1.0,1.0,17.988169,3.013129935376406,,1.0,40.05080795288086,21.772855758666992,6.281928539276123,2.7230443954467773,-33.768879413604736,-19.049811363220215
1989-09-03,8790,10.49,0.0,0.0,0.0,1.2173616,2.0848067388748013,,0.0,6.418100357055664,5.200738906860352,5.608079433441162,2.639744758605957,-0.810020923614502,-2.5609941482543945
1989-09-05,8250,10.23,0.0,0.0,0.0,0.12798427,1.6438417455603571,,0.0,0.13827897608280182,0.12798428535461426,3.825047254562378,1.5732512474060059,3.686768278479576,1.4452669620513916
1989-09-08,7600,9.94,0.0,0.0,0.0,0.020752456,4.342656945228043,,0.0,0.0892062857747078,0.05359331890940666,5.345747947692871,2.4920544624328613,5.256541661918163,2.4384611435234547
1989-09-19,7200,9.8,0.0,0.0,0.0,0.0,2.5712787701057502,,0.0,0.3020392954349518,0.3020392954349518,5.9009246826171875,2.0808157920837402,5.598885387182236,1.7787764966487885
1989-10-05,6130,9.19,0.0,0.0,0.0,0.4413163,1.584540349963524,,0.0,0.4425697326660156,0.44131630659103394,3.231388807296753,1.5930430889129639,2.7888190746307373,1.15172678232193
1989-10-09,6660,9.45,0.0,0.0,0.0,0.022909628,0.3529994068765125,,0.0,2.240510940551758,1.91938316822052,1.0524072647094727,0.4837389588356018,-1.1881036758422852,-1.4356442093849182
1989-10-10,6800,9.52,1.0,1.0,1.0,1.919383,0.8286997369177006,,1.0,17.288532257080078,15.346240043640137,1.7637192010879517,0.8520270586013794,-15.524813055992126,-14.494212985038757
1989-10-11,8140,10.18,2.0,2.0,2.0,15.34624,0.4935572736159247,,2.0,47.24371337890625,29.978090286254883,2.0278396606445312,0.8520270586013794,-45.21587371826172,-29.126063227653503
1989-10-12,10400,11.24,2.0,2.0,2.0,29.97809,0.2350469848867175,,2.0,61.68617248535156,29.978090286254883,2.172203779220581,0.8520270586013794,-59.51396870613098,-29.126063227653503
1989-10-15,10500,11.28,0.0,0.0,0.0,0.6804794,1.8212536605225689,,0.0,9.612439155578613,8.786121368408203,1.5602039098739624,0.5942670702934265,-8.05223524570465,-8.191854298114777
1989-10-16,9640,10.88,0.0,0.0,0.0,0.1458389,3.4641457885132443,,0.0,1.4055087566375732,0.6804793477058411,1.8700237274169922,0.7244724631309509,0.46451497077941895,0.04399311542510986
1989-10-17,9300,10.73,2.0,2.0,2.0,0.5791906,3.5099865875559795,,2.0,1.0618643760681152,0.5791905522346497,2.476339340209961,1.1575998067855835,1.4144749641418457,0.5784092545509338
1989-10-18,9170,10.66,2.0,2.0,2.0,0.33683497,2.686249248262479,,2.0,10.872146606445312,9.956121444702148,2.38663387298584,1.1575998067855835,-8.485512733459473,-8.798521637916565
1989-10-19,9560,10.85,0.0,0.0,0.0,9.9561205,2.516472506556392,,0.0,10.82935905456543,9.956121444702148,3.091205596923828,1.4290441274642944,-7.738153457641602,-8.527077317237854
1989-10-20,9300,10.73,1.0,0.0,0.0,0.53640276,2.2918287423095443,,1.0,33.08072280883789,22.588197708129883,5.769993782043457,3.836387872695923,-27.310729026794434,-18.75180983543396
1989-10-21,10900,11.43,1.0,0.0,0.0,22.588198,2.1535557443079782,,1.0,32.50505828857422,22.588197708129883,7.887598037719727,3.836387872695923,-24.617460250854492,-18.75180983543396
1989-10-22,11500,11.71,2.0,2.0,1.0,9.380459,1.4578115603280988,,2.0,40.58642578125,22.588197708129883,10.092353820800781,3.836387872695923,-30.49407196044922,-18.75180983543396
1989-10-23,11000,11.51,2.0,2.0,1.0,8.617771,1.7846887341670126,,2.0,43.34484100341797,25.34661102294922,8.085623741149902,3.6337995529174805,-35.259217262268066,-21.71281147003174
1989-10-25,13100,12.42,0.0,0.0,0.0,1.3995363,1.1027647407719698,,0.0,39.07006072998047,25.34661102294922,7.326555252075195,3.872380018234253,-31.743505477905273,-21.474231004714966
1989-10-26,12400,12.12,0.0,0.0,0.0,12.323914,1.950732931166676,,0.0,32.089900970458984,18.366451263427734,8.19750690460205,3.872380018234253,-23.892394065856934,-14.494071245193481
1989-10-28,12400,12.1,0.0,0.0,0.0,2.0542083,1.524064487196179,,0.0,21.165470123291016,18.366451263427734,4.66636323928833,2.7006094455718994,-16.499106884002686,-15.665841817855835
1989-11-02,12100,11.97,2.0,2.0,2.0,0.038958743,0.879332436414889,,2.0,9.7167387008667,9.645668029785156,2.6646852493286133,2.0247130393981934,-7.052053451538086,-7.620954990386963
1989-11-03,13300,12.49,2.0,2.0,2.0,9.645669,1.5339024838854345,,2.0,70.39999389648438,60.71536636352539,4.636635780334473,2.2391932010650635,-65.7633581161499,-58.47617316246033
1989-11-04,29800,18.54,2.0,2.0,2.0,60.715366,1.3109783644258173,,2.0,78.14242553710938,60.71536636352539,4.838441371917725,2.2391932010650635,-73.30398416519165,-58.47617316246033
1989-11-08,25500,17.16,3.0,3.0,4.0,13.739313,3.208931158409437,,4.0,151.24945068359375,99.05694580078125,5.89307165145874,3.1628470420837402,-145.356379032135,-95.89409875869751
1989-11-09,50600,24.25,3.0,3.0,4.0,99.056946,1.7843285201465655,,4.0,,,6.4671454429626465,3.1628470420837402,,
1989-11-10,72200,28.73,3.0,3.0,4.0,64.231255,0.7691813449230076,,4.0,,,5.184188365936279,3.1628470420837402,,
1989-11-11,84000,30.54,3.0,3.0,4.0,25.924698,0.8768989768103184,,4.0,,,3.4859066009521484,1.5589982271194458,,
1989-11-12,61900,26.71,3.0,0.0,0.0,22.763365,1.2079842274618242,,3.0,,,2.897432804107666,1.4645651578903198,,
1989-11-19,22700,16.16,3.0,2.0,1.0,6.9218135,0.3010537758406544,,3.0,26.125877380371094,19.001678466796875,3.537567377090454,1.3891880512237549,-22.58831000328064,-17.61249041557312
1989-11-20,27300,17.82,3.0,2.0,0.0,19.001677,0.8047342414115927,,3.0,43.23222351074219,19.001678466796875,3.6321702003479004,1.3891880512237549,-39.60005331039429,-17.61249041557312
1989-11-21,28100,18.11,3.0,0.0,0.0,17.308735,0.9772133115923608,,3.0,36.617496490478516,19.001678466796875,2.4360783100128174,1.2583119869232178,-34.1814181804657,-17.743366479873657
1989-11-23,24000,16.64,1.0,1.0,0.0,11.68946,1.7786702874065623,,1.0,34.85591506958008,22.859373092651367,4.745556831359863,2.3365490436553955,-30.110358238220215,-20.52282404899597
1989-11-24,25900,17.31,0.0,0.0,0.0,22.859371,1.635578109403384,,0.0,50.75962829589844,22.859373092651367,6.7633256912231445,2.3365490436553955,-43.99630260467529,-20.52282404899597
1989-11-25,24800,16.94,0.0,0.0,0.0,16.210796,1.7648808896438983,,0.0,43.51532745361328,22.859373092651367,7.369091987609863,2.942315101623535,-36.14623546600342,-19.917057991027832
1989-11-26,23300,16.39,0.0,0.0,0.0,4.445159,2.655426873247237,,0.0,25.43378448486328,16.210796356201172,6.72420597076416,2.942315101623535,-18.70957851409912,-13.268481254577637
1989-12-01,16700,13.86,2.0,2.0,2.0,0.570334,0.328632571365982,,2.0,0.6685951948165894,0.5703338980674744,1.8992923498153687,1.4590587615966797,1.2306971549987793,0.8887248635292053
1989-12-02,16400,13.77,2.0,2.0,2.0,0.0982613,0.8653696481971733,,2.0,40.89165115356445,40.22305679321289,3.450699806213379,1.6804466247558594,-37.440951347351074,-38.54261016845703
1989-12-03,26100,17.32,3.0,3.0,2.0,40.223057,1.4273169532052437,,3.0,112.52766418457031,72.20634460449219,6.175971984863281,3.036466360092163,-106.35169219970703,-69.16987824440002
1989-12-04,47600,23.37,3.0,3.0,2.0,72.206345,1.3842607346051388,,3.0,160.5146942138672,72.20634460449219,6.960933685302734,3.036466360092163,-153.55376052856445,-69.16987824440002
1989-12-07,46600,23.4,1.0,1.0,1.0,2.2698622,2.9472814484612884,,1.0,42.184486389160156,26.74196434020996,4.968814849853516,2.4109156131744385,-37.21567153930664,-24.331048727035522
1989-12-08,40500,21.83,1.0,1.0,1.0,26.741964,3.498474205328192,,1.0,53.48973846435547,26.74196434020996,5.024765491485596,2.4109156131744385,-48.46497297286987,-24.331048727035522
1989-12-11,27300,17.83,0.0,0.0,0.0,0.27085266,0.5262020050467163,,0.0,3.49334979057312,3.062575578689575,1.1033668518066406,0.517217755317688,-2.3899829387664795,-2.545357823371887
1989-12-12,24900,16.97,0.0,0.0,0.0,0.15992142,1.4205665052626797,,0.0,0.6299194693565369,0.2708526849746704,0.8367045521736145,0.372533917427063,0.20678508281707764,0.10168123245239258
1989-12-18,16100,13.65,0.0,0.0,0.0,0.013693517,1.158987474141263,,0.0,1.5571316480636597,1.5434303283691406,1.1365958452224731,0.4750504493713379,-0.4205358028411865,-1.0683798789978027
1989-12-24,15200,13.26,0.0,0.0,0.0,0.5844892,0.2334804775574059,,0.0,4.428591251373291,3.8172123432159424,3.2748937606811523,1.414523959159851,-1.1536974906921387,-2.4026883840560913
1989-12-30,11100,11.54,0.0,0.0,0.0,1.8877013,2.622323142769164,,0.0,2.7648682594299316,1.8877012729644775,3.5300023555755615,1.6833510398864746,0.7651340961456299,-0.20435023307800293
1990-01-01,11400,11.66,0.0,0.0,0.0,25.457617,1.0949607236519874,,0.0,,,,,,
1990-01-05,14700,13.07,1.0,1.0,1.0,10.48402,1.893647998776553,,1.0,79.95146179199219,40.64675521850586,6.280506610870361,2.327756404876709,-73.67095518112183,-38.31899881362915
1990-01-06,22900,16.24,2.0,1.0,1.0,40.646755,3.4502259862486286,,2.0,84.36212158203125,40.64675521850586,9.053552627563477,4.46051025390625,-75.30856895446777,-36.18624496459961
1990-01-07,27300,17.81,2.0,1.0,1.0,33.23135,5.581272590874992,,2.0,95.40428161621094,40.64675521850586,11.080110549926758,4.46051025390625,-84.32417106628418,-36.18624496459961
1990-01-09,30900,18.93,1.0,0.0,0.0,41.867466,1.570049537177683,,1.0,120.06703186035156,56.67338943481445,8.484607696533203,4.291843414306641,-111.58242416381836,-52.38154602050781
1990-01-10,47400,23.6,1.0,0.0,0.0,56.673386,0.486112023873737,,1.0,99.03912353515625,56.67338943481445,4.752908706665039,2.868574619293213,-94.28621482849121,-53.80481481552124
1990-01-19,18900,14.73,0.0,0.0,0.0,0.025341846,4.59330907106942,,0.0,0.857168972492218,0.7656699419021606,4.2895894050598145,1.9619665145874023,3.4324204325675964,1.1962965726852417
1990-01-20,18200,14.48,0.0,0.0,0.0,0.7656699,4.093651098725094,,0.0,0.9880176782608032,0.7656699419021606,4.096353054046631,1.9619665145874023,3.1083353757858276,1.1962965726852417
1990-01-21,17900,14.34,0.0,0.0,0.0,0.19700588,1.3305003936934643,,0.0,27.890626907348633,26.92795181274414,3.6830601692199707,1.548673391342163,-24.207566738128662,-25.379278421401978
1990-01-24,19100,14.82,0.0,0.0,0.0,10.190458,3.4229557389347343,,0.0,62.41716766357422,26.331295013427734,5.796084880828857,3.0047407150268555,-56.62108278274536,-23.32655429840088
1990-01-26,19100,14.81,0.0,0.0,0.0,23.107445,1.2858003757137633,,0.0,69.5738525390625,26.331295013427734,6.936967372894287,3.0047407150268555,-62.63688516616821,-23.32655429840088
1990-01-31,16200,13.68,0.0,0.0,0.0,5.91221,1.865144178606635,,0.0,30.64814567565918,14.108724594116211,8.85136604309082,3.4713845252990723,-21.79677963256836,-10.637340068817139
1990-02-02,15100,13.21,1.0,0.0,0.0,19.48833,2.801870922276024,,1.0,48.53224182128906,19.488330841064453,7.6920485496521,2.964947462081909,-40.84019327163696,-16.523383378982544
1990-02-03,16800,13.9,1.0,0.0,0.0,18.416698,4.707124095073355,,1.0,51.740604400634766,19.488330841064453,6.614067077636719,2.7287912368774414,-45.12653732299805,-16.75953960418701
1990-02-08,18700,14.68,0.0,0.0,0.0,21.071981,2.021728365975792,,0.0,38.54914093017578,21.07198143005371,5.973977088928223,2.263570785522461,-32.57516384124756,-18.80841064453125
1990-02-09,18600,14.62,3.0,3.0,3.0,10.162149,5.231946416356156,,3.0,82.66632080078125,51.432193756103516,6.753211498260498,2.5778956413269043,-75.91310930252075,-48.85429811477661
1990-02-10,29200,18.38,3.0,3.0,3.0,51.432194,3.482677694216943,,3.0,124.82227325439453,63.227928161621094,6.245229721069336,2.5778956413269043,-118.5770435333252,-60.65003252029419
1990-02-11,39900,21.68,3.0,3.0,3.0,63.227924,0.6642927260740806,,3.0,128.2827911376953,63.227928161621094,5.507343292236328,2.5778956413269043,-122.77544784545898,-60.65003252029419
1990-02-25,16500,13.81,0.0,0.0,0.0,3.0640943,0.1475705703285325,,0.0,18.438398361206055,15.37430477142334,1.1126281023025513,0.7060518264770508,-17.325770258903503,-14.668252944946289
1990-03-05,14700,13.07,0.0,0.0,0.0,0.6409921,1.2057160984460993,,0.0,8.946038246154785,7.728330612182617,5.684347629547119,2.8239645957946777,-3.261690616607666,-4.9043660163879395
1990-03-08,21300,15.66,0.0,0.0,0.0,13.622866,2.837438285191133,,0.0,40.056907653808594,13.784753799438477,5.0133771896362305,2.770418167114258,-35.04353046417236,-11.014335632324219
1990-03-12,18900,14.73,0.0,0.0,0.0,0.3167269,1.9443108711062065,,0.0,3.9507601261138916,3.5460705757141113,9.158296585083008,3.6610631942749023,5.207536458969116,0.11499261856079102
1990-03-14,18400,14.53,0.0,0.0,0.0,15.202249,5.267798354547314,,0.0,23.972408294677734,15.202248573303223,6.0865044593811035,2.601830005645752,-17.88590383529663,-12.60041856765747
1990-03-18,14000,12.77,0.0,0.0,0.0,6.4968114,0.5806474345859192,,0.0,8.456695556640625,6.496811389923096,1.857103705406189,1.1214888095855713,-6.599591851234436,-5.375322580337524
1990-03-23,19200,14.86,0.0,0.0,0.0,10.812905,1.0040801522694724,,0.0,13.360233306884766,10.812905311584473,2.789362907409668,1.3955433368682861,-10.570870399475098,-9.417361974716187
1990-03-27,14500,12.97,0.0,0.0,0.0,0.06584283,0.9878401418536452,,0.0,0.07441257685422897,0.06584282964468002,3.3740062713623047,1.9450974464416504,3.2995936945080757,1.8792546167969704
1990-04-07,18300,14.52,0.0,0.0,0.0,0.0016011788,0.7131772612574632,,0.0,0.0016011787811294198,0.0016011787811294198,1.6754202842712402,1.1793310642242432,1.6738191054901108,1.1777298854431137
1990-04-19,21200,15.62,0.0,0.0,0.0,0.6177957,1.3116797794489945,,0.0,8.307612419128418,5.402321815490723,4.751667022705078,2.0661678314208984,-3.55594539642334,-3.336153984069824
1990-04-22,20500,15.34,0.0,0.0,0.0,0.7432986,1.8184178275973952,,0.0,13.665791511535645,11.683940887451172,5.672210693359375,2.7269396781921387,-7.9935808181762695,-8.957001209259033
1990-05-01,15700,13.48,1.0,0.0,0.0,0.6127269,3.128432728016715,,1.0,7.975537300109863,7.097456455230713,2.7822928428649902,1.4587904214859009,-5.193244457244873,-5.638666033744812
1990-05-02,16900,13.97,1.0,0.0,0.0,7.097456,4.549114344701879,,1.0,8.260621070861816,7.097456455230713,3.4486005306243896,1.4587904214859009,-4.812020540237427,-5.638666033744812
1990-05-21,16400,13.77,1.0,1.0,0.0,8.996201,2.8623116522932386,,1.0,16.017589569091797,8.996199607849121,5.686300277709961,2.545675039291382,-10.331289291381836,-6.450524568557739
1990-05-22,16000,13.61,1.0,1.0,0.0,4.074187,2.4265998317761257,,1.0,17.6861572265625,8.996199607849121,4.841878890991211,1.7562966346740723,-12.844278335571289,-7.239902973175049
1990-05-26,15500,13.37,1.0,1.0,1.0,0.6674224,3.893781916553519,,1.0,3.6998860836029053,1.6179882287979126,8.022432327270508,3.5772697925567627,4.3225462436676025,1.95928156375885
1990-05-27,13400,12.51,1.0,1.0,1.0,1.4144754,4.533222355175572,,1.0,6.884553909301758,4.802656173706055,7.353804588317871,3.333402156829834,0.4692506790161133,-1.4692540168762207
1990-06-02,21000,15.53,2.0,2.0,1.0,3.832949,3.716702729401359,,2.0,24.364225387573242,11.6634521484375,7.883519649505615,3.011093854904175,-16.480705738067627,-8.652358293533325
1990-06-03,20000,15.17,2.0,2.0,1.0,11.663452,3.76421729399292,,2.0,35.574031829833984,20.0776309967041,6.71619987487793,3.011093854904175,-28.857831954956055,-17.066537141799927
1990-06-07,25500,17.18,0.0,0.0,0.0,28.750566,2.217780271514159,,0.0,35.438926696777344,28.75056266784668,5.124609470367432,2.1619906425476074,-30.314317226409912,-26.588572025299072
1990-06-10,24800,16.93,0.0,0.0,0.0,16.912287,2.569049287115168,,0.0,38.40996551513672,17.94117546081543,6.688564300537109,2.9414730072021484,-31.72140121459961,-14.999702453613281
1990-06-18,22600,16.13,1.0,1.0,1.0,0.022860512,1.6367259170164443,,1.0,0.2970353662967682,0.22120825946331024,2.336749315261841,1.0942416191101074,2.0397139489650726,0.8730333596467972
1990-06-19,22300,16.04,1.0,1.0,1.0,0.0529666,2.220045093918108,,1.0,0.1784086525440216,0.10258153080940247,2.408578872680664,1.1660710573196411,2.2301702201366425,1.0634895265102386
1990-06-20,23200,16.36,1.0,0.0,0.0,0.10258152,2.395861155371488,,1.0,0.34150099754333496,0.18595285713672638,3.034705400466919,1.1660710573196411,2.693204402923584,0.9801182001829147
1990-06-29,23900,16.62,1.0,1.0,1.0,0.10009627,1.71487189979313,,1.0,3.6335599422454834,2.6174380779266357,4.3026814460754395,1.7604875564575195,0.669121503829956,-0.8569505214691162
1990-06-30,25000,17.01,1.0,1.0,1.0,0.9160255,0.972412111292286,,1.0,1.3404165506362915,0.9160255789756775,3.233736753463745,1.3816074132919312,1.8933202028274536,0.46558183431625366
1990-07-02,21600,15.76,0.0,0.0,0.0,1.6833359,1.283585979139413,,0.0,9.216562271118164,7.2089314460754395,4.9686384201049805,2.455667734146118,-4.247923851013184,-4.753263711929321
1990-07-05,23300,16.39,0.0,0.0,0.0,0.30943617,1.7374806511545242,,0.0,10.638398170471191,10.172172546386719,7.0141143798828125,3.085026502609253,-3.624283790588379,-7.087146043777466
1990-07-06,24200,16.73,0.0,0.0,0.0,10.172173,1.3690412272489612,,0.0,15.273594856262207,10.172172546386719,7.605618476867676,3.085026502609253,-7.667976379394531,-7.087146043777466
1990-07-08,25100,17.05,0.0,0.0,0.0,0.22984283,2.014532352096289,,0.0,5.021829128265381,4.791986465454102,5.253714561462402,2.2561228275299072,0.23188543319702148,-2.5358636379241943
1990-07-12,30200,18.79,0.0,0.0,0.0,0.18229274,5.304239696287708,,0.0,0.18379567563533783,0.18229272961616516,4.214242935180664,1.6106663942337036,4.030447259545326,1.4283736646175385
1990-07-19,19700,15.05,0.0,0.0,0.0,0.053320233,3.381311030236898,,0.0,0.07148723304271698,0.05332023650407791,4.877745151519775,2.453882932662964,4.806257918477058,2.400562696158886
1990-08-18,9840,11.13,0.0,0.0,0.0,13.4264555,4.047825592761827,,0.0,20.89483642578125,13.4264554977417,6.474536895751953,2.434191942214966,-14.420299530029297,-10.992263555526733
1990-08-23,11600,11.85,0.0,0.0,0.0,0.2934381,2.1278472510689657,,0.0,8.144699096679688,7.761701583862305,4.749769687652588,1.724735975265503,-3.3949294090270996,-6.036965608596802
1990-09-11,8430,10.5,0.0,0.0,0.0,0.0,1.6266700972763852,,0.0,0.12066797912120819,0.07927504926919937,1.17302405834198,0.4361109733581543,1.0523560792207718,0.3568359240889549
1990-09-24,8120,10.36,0.0,0.0,0.0,0.007031434,0.2496400959744068,,0.0,0.13701178133487701,0.1277131587266922,2.2374467849731445,1.3497729301452637,2.1004350036382675,1.2220597714185715
1990-09-25,8290,10.44,0.0,0.0,0.0,0.12771316,0.2857261836120187,,0.0,0.256548136472702,0.1277131587266922,1.1482653617858887,0.5793675184249878,0.8917172253131866,0.4516543596982956
1990-10-01,7810,10.21,1.0,1.0,1.0,0.66968375,1.2071152085542045,,1.0,10.947652816772461,10.237560272216797,5.055078506469727,2.344121217727661,-5.892574310302734,-7.893439054489136
1990-10-02,7540,10.08,4.0,4.0,4.0,10.23756,2.4892125924043,,4.0,26.320842742919922,15.41359806060791,5.260861396789551,2.344121217727661,-21.05998134613037,-13.069476842880249
1990-10-03,8860,10.7,4.0,4.0,4.0,15.4136,5.334842388283022,,4.0,105.32270812988281,79.67155456542969,5.533679008483887,2.616938352584839,-99.78902912139893,-77.05461621284485
1990-10-04,30400,18.53,4.0,4.0,4.0,79.67157,4.309441409939262,,4.0,140.00746154785156,79.67155456542969,5.877902030944824,2.616938352584839,-134.12955951690674,-77.05461621284485
1990-10-05,40800,21.81,4.0,4.0,0.0,44.922314,0.5383050308031554,,4.0,128.00253295898438,79.67155456542969,5.119600772857666,2.616938352584839,-122.88293218612671,-77.05461621284485
1990-10-06,21800,15.82,0.0,0.0,0.0,3.408666,1.002729401358604,,0.0,48.353424072265625,44.92231369018555,3.4967308044433594,1.6450661420822144,-44.856693267822266,-43.27724754810333
1990-10-09,12700,12.32,1.0,1.0,1.0,0.093155205,5.147869818694344,,1.0,23.874649047851562,22.995859146118164,3.7761073112487793,2.1053812503814697,-20.098541736602783,-20.890477895736694
1990-10-10,15200,13.32,1.0,0.0,0.0,22.99586,4.356575714176478,,1.0,23.656015396118164,22.995859146118164,3.2241249084472656,2.1053812503814697,-20.4318904876709,-20.890477895736694
1990-10-11,14100,12.89,1.0,2.0,1.0,0.567002,3.294091291417896,,2.0,45.67747497558594,22.995859146118164,2.507613182067871,1.3888695240020752,-43.169861793518066,-21.60698962211609
1990-10-12,14800,13.16,1.0,2.0,1.0,22.114614,2.84494801386297,,2.0,38.397159576416016,22.114614486694336,2.7073311805725098,1.3888695240020752,-35.689828395843506,-20.72574496269226
1990-10-14,15800,13.55,0.0,0.0,0.0,6.875613,1.309379410968445,,0.0,40.59040069580078,17.999244689941406,1.9458653926849365,0.7195227146148682,-38.644535303115845,-17.279721975326538
1990-10-17,18500,14.58,1.0,1.0,1.0,2.8669784,3.562653266622441,,1.0,36.39037322998047,20.992931365966797,5.870635032653809,2.5802974700927734,-30.51973819732666,-18.412633895874023
1990-10-18,18100,14.41,1.0,1.0,1.0,20.992931,4.712673209624721,,1.0,34.91569137573242,20.992931365966797,6.437534809112549,2.5802974700927734,-28.478156566619873,-18.412633895874023
1990-10-20,16500,13.8,2.0,2.0,2.0,2.1851788,1.6042915687599588,,2.0,40.074363708496094,26.833404541015625,4.702871322631836,2.1168861389160156,-35.37149238586426,-24.71651840209961
1990-10-21,17700,14.28,2.0,2.0,2.0,26.833405,4.469723009264713,,2.0,41.266422271728516,26.833404541015625,4.137242794036865,2.1168861389160156,-37.12917947769165,-24.71651840209961
1990-10-23,19200,14.85,0.0,4.0,4.0,0.6449529,2.738001649172624,,4.0,14.104004859924316,12.24783992767334,3.1034207344055176,1.6193666458129883,-11.000584125518799,-10.628473281860352
1990-10-24,17600,14.24,3.0,4.0,4.0,1.211212,1.2634478867650798,,4.0,2.068382978439331,1.2112120389938354,4.182775497436523,2.1165640354156494,2.1143925189971924,0.905351996421814
1990-10-25,17200,14.06,3.0,4.0,4.0,0.21221809,0.6964834183752551,,4.0,34.31560134887695,32.89216995239258,4.626481533050537,2.1165640354156494,-29.689119815826416,-30.77560591697693
1990-10-26,28000,18.04,3.0,4.0,4.0,32.89217,0.3412609350684779,,4.0,35.18876647949219,32.89216995239258,4.3603515625,2.1165640354156494,-30.828414916992188,-30.77560591697693
1990-10-27,22200,15.97,2.0,2.0,2.0,2.0843773,0.2825793225165796,,2.0,54.80476379394531,32.89216995239258,3.9178643226623535,1.674077033996582,-50.88689947128296,-31.218092918395996
1990-10-28,22200,15.96,2.0,2.0,2.0,19.828217,0.6310641710014281,,2.0,35.15178680419922,19.828216552734375,3.8739914894104004,1.674077033996582,-31.27779531478882,-18.154139518737793
1990-10-29,22900,16.24,1.0,1.0,1.0,13.239193,0.622110899625733,,1.0,48.7692985534668,19.828216552734375,4.6602935791015625,2.139538288116455,-44.109004974365234,-17.68867826461792
1990-10-30,22500,16.11,1.0,1.0,1.0,15.701889,1.324589205152528,,1.0,38.505340576171875,15.701889038085938,5.198796272277832,2.2125802040100098,-33.30654430389404,-13.489308834075928
1990-11-03,19700,15.05,0.0,0.0,0.0,3.6219134,3.841425232341144,,0.0,28.750030517578125,24.162872314453125,6.578567028045654,3.011460781097412,-22.17146348953247,-21.151411533355713
1990-11-08,21600,15.78,4.0,4.0,4.0,15.968781,3.0849778560342567,,4.0,104.29801940917969,72.70045471191406,5.932109355926514,2.3406167030334473,-98.36591005325317,-70.35983800888062
1990-11-09,36700,20.39,4.0,4.0,4.0,72.700455,6.980981609038624,,4.0,,,5.9886322021484375,2.397139549255371,,
1990-11-10,88700,30.94,4.0,4.0,4.0,121.607285,3.0129356719345126,,4.0,,,7.12772274017334,2.4133412837982178,,
1990-11-11,130000,35.63,4.0,4.0,4.0,33.089577,0.3019866536882154,,4.0,,,7.412762641906738,2.602281332015991,,
1990-11-12,86800,30.89,4.0,4.0,4.0,0.035638507,0.3182837031571943,,4.0,,,7.834790229797363,2.8191678524017334,,
1990-11-13,75000,29.18,4.0,4.0,4.0,45.94698,1.235069717842684,,4.0,,,7.222400665283203,2.8191678524017334,,
1990-11-14,77200,29.5,0.0,0.0,0.0,37.49771,0.4377048807656459,,0.0,,,5.355795860290527,2.8191678524017334,,
1990-11-17,44500,22.46,0.0,0.0,0.0,16.253254,0.5012186931030278,,0.0,21.51908302307129,16.253252029418945,2.187143087387085,0.8804956674575806,-19.331939935684204,-15.372756361961365
1990-11-21,33600,19.42,5.0,5.0,5.0,6.636548,2.065655050126168,,5.0,85.08800506591797,66.22370147705078,6.636020660400391,2.610158681869507,-78.45198440551758,-63.613542795181274
1990-11-22,42600,21.95,5.0,5.0,5.0,66.2237,2.6604634629731816,,5.0,132.489013671875,66.22370147705078,7.266264915466309,3.240403175354004,-125.22274875640869,-62.98329830169678
1990-11-23,64100,27.25,5.0,5.0,5.0,59.628757,1.4159618417000943,,5.0,240.41360473632812,114.56114196777344,8.58056640625,3.240403175354004,-231.83303833007812,-111.32073879241943
1990-11-24,97200,32.05,5.0,5.0,5.0,114.56115,2.320186244908335,,5.0,233.88296508789062,114.56114196777344,9.374311447143555,3.240403175354004,-224.50865364074707,-111.32073879241943
1990-11-25,142000,36.62,5.0,5.0,0.0,59.693066,1.851508744954834,,5.0,182.33953857421875,114.56114196777344,8.596841812133789,3.150599718093872,-173.74269676208496,-111.41054224967957
1990-11-28,51100,24.28,1.0,1.0,1.0,5.3533735,2.4166082843024808,,1.0,40.333763122558594,18.671541213989258,5.869150161743164,2.919802188873291,-34.46461296081543,-15.751739025115967
1990-11-29,42600,21.96,1.0,1.0,1.0,18.67154,1.0031278480777222,,1.0,46.607421875,22.58250617980957,5.177290916442871,2.919802188873291,-41.43013095855713,-19.66270399093628
1990-12-01,36100,20.17,0.0,0.0,0.0,24.99994,1.1055840406382589,,0.0,69.56778717041016,24.99993896484375,3.023057222366333,1.2244863510131836,-66.54472994804382,-23.775452613830566
1990-12-02,34300,19.65,0.0,0.0,0.0,21.985344,2.5104057005987035,,0.0,69.250732421875,24.99993896484375,4.649747848510742,2.6342625617980957,-64.60098457336426,-22.365676403045654
1990-12-03,33400,19.35,3.0,2.0,3.0,22.265451,6.862196540870756,,3.0,103.1927490234375,58.941951751708984,6.664157867431641,3.238895893096924,-96.52859115600586,-55.70305585861206
1990-12-04,41900,21.77,3.0,2.0,3.0,58.94195,2.221369598597996,,3.0,114.0980224609375,58.941951751708984,6.745646953582764,3.238895893096924,-107.35237550735474,-55.70305585861206
1990-12-08,25300,16.69,2.0,1.0,1.0,13.388001,0.7966413090876024,,2.0,54.10863494873047,40.55537796020508,3.7375190258026123,1.7810949087142944,-50.371115922927856,-38.774283051490784
1990-12-09,35200,19.89,2.0,0.0,0.0,40.555378,0.7755178464037498,,2.0,73.05780792236328,40.55537796020508,5.33150577545166,1.9096797704696655,-67.72630214691162,-38.64569818973541
1990-12-11,32100,18.96,0.0,0.0,0.0,11.571763,0.4968928182458837,,0.0,32.083106994628906,19.114429473876953,5.529080867767334,1.9096797704696655,-26.554026126861572,-17.204749703407288
1990-12-17,20500,14.93,1.0,1.0,1.0,13.079748,4.68874450017463,,1.0,60.84438705444336,41.555747985839844,6.248701572418213,2.32893443107605,-54.59568548202515,-39.226813554763794
1990-12-18,24300,16.32,1.0,1.0,1.0,41.55575,4.683049894705081,,1.0,62.242374420166016,41.555747985839844,6.174368858337402,2.32893443107605,-56.06800556182861,-39.226813554763794
1990-12-19,21000,15.1,0.0,0.0,0.0,7.6068754,1.460501489008616,,0.0,50.12624740600586,41.555747985839844,6.05111026763916,2.32893443107605,-44.0751371383667,-39.226813554763794
1991-01-05,14300,12.46,0.0,0.0,0.0,1.1622612,2.338416008960918,,0.0,1.922398567199707,1.1622611284255981,3.682790756225586,1.7483506202697754,1.760392189025879,0.5860894918441772
1991-01-09,16500,13.37,0.0,0.0,0.0,20.714056,3.527685433755133,,0.0,64.32427978515625,22.069101333618164,5.9042863845825195,2.361445188522339,-58.41999340057373,-19.707656145095825
1991-01-11,17800,13.87,1.0,1.0,1.0,11.713994,5.460883196005613,,1.0,75.25689697265625,42.00178527832031,9.520206451416016,3.9985251426696777,-65.73669052124023,-38.003260135650635
1991-01-12,29200,17.98,1.0,1.0,1.0,42.001785,2.388660388237556,,1.0,115.3232192993164,61.60744094848633,9.944769859313965,3.9985251426696777,-105.37844944000244,-57.60891580581665
1991-01-27,17000,13.55,0.0,0.0,0.0,0.16306677,0.8966838817142302,,0.0,1.9257386922836304,1.44855797290802,0.8707566261291504,0.5305185914039612,-1.05498206615448,-0.9180393815040588
1991-02-01,17800,13.87,4.0,4.0,3.0,15.216793,0.6912422320456146,,4.0,56.27678680419922,37.713905334472656,10.300333976745605,4.983569145202637,-45.97645282745361,-32.73033618927002
1991-02-02,24700,16.44,4.0,4.0,3.0,37.713905,1.5622046007369608,,4.0,77.82417297363281,37.713905334472656,9.598871231079102,4.983569145202637,-68.22530174255371,-32.73033618927002
1991-02-03,32800,19.2,3.0,4.0,3.0,24.893476,0.9665662283339428,,4.0,86.57728576660156,37.713905334472656,10.160499572753906,4.983569145202637,-76.41678619384766,-32.73033618927002
1991-02-04,34900,19.8,3.0,3.0,2.0,23.969908,2.9164656866696013,,3.0,89.126953125,40.26356887817383,7.123065948486328,3.553262233734131,-82.00388717651367,-36.7103066444397
1991-02-05,48800,23.65,3.0,3.0,2.0,40.26357,2.620044267265164,,3.0,65.68240356445312,40.26356887817383,6.001645565032959,3.553262233734131,-59.680757999420166,-36.7103066444397
1991-02-06,42000,21.78,1.0,1.0,2.0,1.4489292,1.3121776311846556,,2.0,41.77426528930664,40.26356887817383,3.7631311416625977,1.9461355209350586,-38.01113414764404,-38.31743335723877
1991-02-07,30400,18.41,1.0,1.0,2.0,0.061766207,0.8767937852231654,,2.0,16.549455642700195,15.038759231567383,2.3132903575897217,1.314747929573059,-14.236165285110474,-13.724011301994324
1991-02-08,28400,17.76,1.0,1.0,2.0,15.038761,0.067676836564513,,2.0,18.907257080078125,15.038759231567383,2.169529914855957,1.314747929573059,-16.737727165222168,-13.724011301994324
1991-02-11,31900,18.9,0.0,0.0,0.0,0.8393497,0.4204923131609348,,0.0,23.17825698852539,21.798809051513672,3.7752091884613037,2.2048754692077637,-19.403047800064087,-19.593933582305908
1991-02-18,27100,17.32,2.0,2.0,2.0,3.8036482,5.452443689434755,,2.0,54.48456573486328,47.130271911621094,7.003498554229736,2.6531224250793457,-47.481067180633545,-44.47714948654175
1991-02-19,34200,19.5,2.0,2.0,2.0,47.13027,4.2222853233969655,,2.0,93.16610717773438,47.130271911621094,6.340906620025635,2.6531224250793457,-86.82520055770874,-44.47714948654175
1991-02-20,44100,22.38,2.0,2.0,2.0,42.232193,1.268831050737891,,2.0,91.90450286865234,47.130271911621094,4.462291240692139,2.6531224250793457,-87.4422116279602,-44.47714948654175
1991-03-01,20500,14.91,0.0,0.0,0.0,6.428017,10.07792092651262,,0.0,39.47801208496094,32.91242599487305,12.47020435333252,4.913032531738281,-27.007807731628418,-27.999393463134766
1991-03-12,18900,14.32,0.0,0.0,0.0,10.247308,3.135039751673456,,0.0,25.48626708984375,11.808873176574707,6.579887866973877,2.8438239097595215,-18.906379222869873,-8.965049266815186
1991-03-13,18600,14.18,0.0,0.0,0.0,3.4300864,2.601049022586225,,0.0,14.446464538574219,10.247307777404785,5.318326473236084,2.8438239097595215,-9.128138065338135,-7.403483867645264
1991-03-17,16600,13.4,0.0,0.0,0.0,0.03488212,4.296684501703939,,0.0,0.4491218328475952,0.41342437267303467,5.821713447570801,2.23024845123291,5.372591614723206,1.8168240785598755
1991-03-19,11500,11.63,0.0,0.0,0.0,6.26758,1.6761432093560582,,0.0,8.152647972106934,6.267579555511475,7.540574550628662,3.4052553176879883,-0.6120734214782715,-2.8623242378234863
1991-03-26,16200,13.26,0.0,0.0,0.0,0.67855203,2.660144994926417,,0.0,2.020504951477051,1.341952919960022,8.116612434387207,3.7261672019958496,6.096107482910156,2.3842142820358276
1991-03-30,12600,11.76,0.0,0.0,0.0,0.77136934,0.5187272024617725,,0.0,11.293183326721191,5.663104057312012,1.8187315464019775,0.8998792767524719,-9.474451780319214,-4.76322478055954
1991-04-01,13100,11.98,0.0,0.0,0.0,1.4562397,0.477569185684851,,0.0,12.394613265991211,6.0796637535095215,1.4766703844070435,0.9669727087020874,-10.917942881584167,-5.112691044807434
1991-04-03,12300,11.65,2.0,2.0,2.0,10.851593,1.8828333116336935,,2.0,79.80765533447266,62.87639617919922,4.842898368835449,2.2860472202301025,-74.9647569656372,-60.590348958969116
1991-04-04,20300,14.78,2.0,2.0,2.0,62.876396,3.194443445572137,,2.0,135.40963745117188,62.87639617919922,6.9173688888549805,3.0414435863494873,-128.4922685623169,-59.83495259284973
1991-04-05,30700,18.48,2.0,0.0,0.0,61.681656,2.677111839943457,,2.0,143.7704315185547,62.87639617919922,6.919418811798096,3.0414435863494873,-136.8510127067566,-59.83495259284973
1991-04-09,17800,13.89,0.0,0.0,0.0,12.690021,2.9965398374386982,,0.0,25.80777359008789,12.690020561218262,4.198740482330322,1.7205421924591064,-21.60903310775757,-10.969478368759155
1991-04-13,13900,12.32,0.0,0.0,0.0,0.8984204,6.02801320164752,,0.0,2.8098349571228027,1.0916560888290405,4.219475269317627,2.110380172729492,1.4096403121948242,1.0187240839004517
1991-04-21,18800,14.28,0.0,0.0,0.0,0.07448134,3.277566292399546,,0.0,0.46463853120803833,0.39015719294548035,2.603691339492798,1.2580931186676025,2.1390528082847595,0.8679359257221222
1991-04-27,19100,14.4,0.0,0.0,0.0,2.052326,4.401960200794,,0.0,6.489764213562012,2.370388984680176,6.669305801391602,2.6164557933807373,0.17954158782958984,0.24606680870056152
1991-04-29,16300,13.28,0.0,0.0,0.0,4.840929,5.052873548965755,,0.0,7.8097052574157715,4.84092903137207,3.8709378242492676,1.8689467906951904,-3.938767433166504,-2.97198224067688
1991-05-05,18900,14.31,0.0,0.0,0.0,1.3288094,4.545077178385506,,0.0,14.772730827331543,12.60175609588623,3.296618938446045,1.4001230001449585,-11.476111888885498,-11.201633095741272
1991-05-11,19300,14.45,0.0,0.0,0.0,0.3313654,2.4202418373188337,,0.0,2.86619234085083,2.3324499130249023,4.1870832443237305,2.034160614013672,1.3208909034729004,-0.29828929901123047
1991-05-13,21000,15.1,0.0,0.0,0.0,1.3656857,2.2982632021641773,,0.0,2.7770743370056152,1.3656855821609497,5.2106547355651855,2.034160614013672,2.4335803985595703,0.6684750318527222
1991-05-15,20000,14.72,0.0,0.0,0.0,0.026968567,3.4586326333649526,,0.0,2.2443575859069824,1.2090116739273071,5.923983573913574,2.9101505279541016,3.679625988006592,1.7011388540267944
1991-05-17,20900,15.05,0.0,0.0,0.0,2.0799606,4.811284639341654,,0.0,19.517810821533203,16.429471969604492,6.65229606628418,2.9101505279541016,-12.865514755249023,-13.51932144165039
1991-05-19,24100,16.25,0.0,0.0,0.0,4.220096,2.67188098677562,,0.0,21.9973087310791,16.429471969604492,4.113428115844727,1.5817859172821045,-17.883880615234375,-14.847686052322388
1991-05-24,23000,15.84,0.0,0.0,0.0,3.6229212,3.4444501621273087,,0.0,16.356117248535156,12.696657180786133,6.869676113128662,2.8704445362091064,-9.486441135406494,-9.826212644577026
1991-06-01,20500,14.93,0.0,0.0,0.0,0.056927312,4.727651540984419,,0.0,0.7922317981719971,0.4935383200645447,5.1467084884643555,2.002023220062256,4.354476690292358,1.5084848999977112
1991-06-04,20700,14.99,0.0,0.0,0.0,1.2376208,2.6899210339775026,,0.0,1.9266071319580078,1.2376209497451782,6.269166469573975,2.4163427352905273,4.342559337615967,1.1787217855453491
1991-06-06,16800,13.49,0.0,0.0,0.0,0.30759722,2.4589170019777677,,0.0,1.9670963287353516,1.6594990491867065,8.003615379333496,3.147815227508545,6.0365190505981445,1.4883161783218384
1991-06-07,18800,14.26,0.0,0.0,0.0,1.659499,1.51230948232926,,0.0,4.8040690422058105,2.836972713470459,7.8429460525512695,3.147815227508545,3.038877010345459,0.31084251403808594
1991-06-10,24400,16.36,0.0,0.0,1.0,0.21420628,1.9733896283988352,,1.0,6.5349626541137695,6.262726783752441,4.387381553649902,1.6468539237976074,-2.147581100463867,-4.615872859954834
1991-06-11,26800,17.21,0.0,0.0,1.0,6.262727,2.063695882648348,,1.0,13.657477378845215,7.180544376373291,4.068881511688232,1.514516830444336,-9.588595867156982,-5.666027545928955
1991-06-16,21000,15.11,0.0,0.0,0.0,7.821713,2.2791389996259395,,0.0,17.034120559692383,7.961326599121094,3.671051502227783,1.9156440496444702,-13.3630690574646,-6.0456825494766235
1991-06-22,23000,15.84,0.0,0.0,0.0,4.227982,2.890262648306705,,0.0,15.826330184936523,9.259836196899414,6.185842990875244,2.5466954708099365,-9.64048719406128,-6.7131407260894775
1991-06-29,25600,16.79,0.0,0.0,0.0,1.4662161,2.1728636704630704,,0.0,3.2469546794891357,1.692011833190918,7.13556432723999,2.887744426727295,3.8886096477508545,1.195732593536377
1991-06-30,24600,16.43,0.0,0.0,0.0,1.6920118,2.665168151542018,,0.0,3.232003927230835,1.692011833190918,7.872481346130371,2.887744426727295,4.640477418899536,1.195732593536377
1991-07-10,24800,16.94,0.0,0.0,0.0,1.5717093e-05,3.430108766861137,,0.0,0.031078588217496872,0.03106287121772766,4.979214668273926,2.2474334239959717,4.948136080056429,2.216370552778244
1991-07-11,24000,16.66,1.0,1.0,0.0,0.03106287,2.626213578187936,,1.0,0.16600197553634644,0.13492338359355927,5.474832534790039,2.2474334239959717,5.308830559253693,2.1125100404024124
1991-07-12,24200,16.73,1.0,1.0,1.0,0.13492338,2.8295135767412924,,1.0,0.19624361395835876,0.13492338359355927,6.212225914001465,2.2474334239959717,6.015982300043106,2.1125100404024124
1991-07-13,31300,19.15,0.0,0.0,1.0,0.030257367,2.429916983378076,,1.0,2.0782649517059326,1.9130842685699463,5.703433990478516,2.1147429943084717,3.625169038772583,0.2016587257385254
1991-07-16,24000,16.64,0.0,0.0,0.0,1.6371591,1.554031483077381,,0.0,15.041593551635742,8.64438533782959,3.3522353172302246,1.294230580329895,-11.689358234405518,-7.350154757499695
1991-07-20,23000,16.27,0.0,0.0,0.0,0.077428296,1.7782123216754604,,0.0,1.3757073879241943,1.0909548997879028,3.352952718734741,1.3867275714874268,1.9772453308105469,0.2957726716995239
1991-07-21,22600,16.12,0.0,0.0,0.0,1.0909549,2.0762246346710644,,0.0,1.168383240699768,1.0909548997879028,4.708599090576172,2.135404109954834,3.540215849876404,1.0444492101669312
1991-07-26,26800,17.63,0.0,0.0,0.0,0.19755992,3.226047214282909,,0.0,11.994691848754883,11.77210807800293,6.371935844421387,2.1892619132995605,-5.622756004333496,-9.58284616470337
1991-08-06,19100,14.83,5.0,5.0,5.0,0.43400592,2.075968785584826,,5.0,,,6.490138530731201,2.522536277770996,,
1991-08-07,19600,15.0,5.0,5.0,5.0,4.649925,2.915276753072566,,5.0,,,5.712708950042725,2.102381706237793,,
1991-08-08,18900,14.72,5.0,5.0,5.0,1.10333,3.2318819374265053,,5.0,,,5.451435089111328,2.102381706237793,,
1991-08-09,18300,14.5,5.0,5.0,5.0,1.2697486,4.11867388334687,,5.0,12.273392677307129,9.900314331054688,5.04371976852417,1.74510657787323,-7.229672908782959,-8.155207753181458
1991-08-13,15900,13.57,0.0,0.0,0.0,3.104778,2.401235846151621,,0.0,3.866624593734741,3.1047778129577637,7.363112449645996,3.011117696762085,3.496487855911255,-0.09366011619567871
1991-08-26,11000,11.65,2.0,2.0,2.0,0.012709235,1.460410970511223,,2.0,28.7113037109375,24.398479461669922,5.3270063400268555,2.4132328033447266,-23.384297370910645,-21.985246658325195
1991-08-27,11500,11.78,2.0,2.0,2.0,24.39848,2.209190107444216,,2.0,46.64707946777344,24.398479461669922,6.445361614227295,2.4132328033447266,-40.20171785354614,-21.985246658325195
1991-08-28,15100,13.25,5.0,5.0,5.0,22.235891,1.4960390924177325,,5.0,79.2420654296875,32.607696533203125,6.948960304260254,2.4132328033447266,-72.29310512542725,-30.1944637298584
1991-08-29,17600,14.23,5.0,5.0,5.0,32.607697,1.8862194887564867,,5.0,69.0263442993164,32.607696533203125,6.441063404083252,2.2941994667053223,-62.585280895233154,-30.313497066497803
1991-08-30,22900,16.24,5.0,5.0,5.0,14.182755,2.75660919362072,,5.0,49.28142547607422,32.607696533203125,5.208587646484375,2.241528034210205,-44.072837829589844,-30.36616849899292
1991-08-31,19000,14.78,5.0,5.0,5.0,2.4909763,1.501008516591958,,5.0,31.196712493896484,14.522980690002441,3.9584221839904785,1.9053359031677246,-27.238290309906006,-12.617644786834717
1991-09-01,20500,15.33,0.0,0.0,0.0,14.522981,1.8137443451772035,,0.0,17.353076934814453,14.522980690002441,2.853703498840332,1.0617235898971558,-14.499373435974121,-13.461257100105286
1991-09-04,13200,12.59,0.0,0.0,0.0,0.018367387,2.643756806970337,,0.0,0.3766719102859497,0.33262476325035095,3.244436740875244,1.6408672332763672,2.8677648305892944,1.3082424700260162
1991-09-05,12000,12.1,0.0,0.0,0.0,0.025679765,2.1299114034707025,,0.0,0.08932416141033173,0.04527701437473297,4.758374214172363,2.032956123352051,4.6690500527620316,1.9876791089773178
1991-09-13,8600,11.63,0.0,0.0,0.0,3.4296837,2.5459918698682937,,0.0,4.655524730682373,3.4296836853027344,4.809170722961426,1.6645095348358154,0.15364599227905273,-1.765174150466919
1991-09-22,6200,11.6,1.0,1.0,1.0,0.0,1.2962643553450346,,1.0,0.0,0.0,1.5866975784301758,0.6597535014152527,1.5866975784301758,0.6597535014152527
1991-09-23,7600,11.6,1.0,1.0,1.0,0.0,1.529216601671079,,1.0,0.0,0.0,1.3956021070480347,0.6597535014152527,1.3956021070480347,0.6597535014152527
1991-10-03,9170,10.94,0.0,0.0,0.0,0.0,1.730104840259652,,0.0,0.0,0.0,1.0769505500793457,0.6900246143341064,1.0769505500793457,0.6900246143341064
1991-10-06,8890,10.82,0.0,0.0,0.0,0.0,1.1685644551633778,,0.0,0.0,0.0,0.19628183543682098,0.09884744137525558,0.19628183543682098,0.09884744137525558
1991-10-13,6930,9.92,0.0,0.0,0.0,0.0,0.2624443300907872,,0.0,0.11043811589479446,0.10094498842954636,0.9068905711174011,0.43532395362854004,0.7964524552226067,0.3343789651989937
1991-10-15,5520,9.25,0.0,0.0,1.0,0.0009862474,1.431830064954255,,1.0,3.9317643642425537,3.8298330307006836,2.121217966079712,1.8032644987106323,-1.8105463981628418,-2.0265685319900513
1991-10-16,5690,9.33,2.0,2.0,1.0,3.829833,1.0072617327885691,,2.0,16.55495262145996,12.724133491516113,2.508334159851074,1.8032644987106323,-14.046618461608887,-10.920868992805481
1991-10-17,6030,9.5,0.0,0.0,0.0,12.724134,0.726472940549187,,0.0,17.457063674926758,12.724133491516113,2.5249319076538086,1.8032644987106323,-14.93213176727295,-10.920868992805481
1991-10-19,5760,9.36,1.0,0.0,0.0,2.3091848,0.2770397144740731,,1.0,3.8357350826263428,2.3091847896575928,0.9366785287857056,0.5649170875549316,-2.899056553840637,-1.7442677021026611
1991-10-20,5260,9.11,1.0,1.0,2.0,0.62345386,0.1527284713740418,,2.0,17.881372451782227,14.94873332977295,2.528836727142334,1.8405823707580566,-15.352535724639893,-13.108150959014893
1991-10-21,6110,9.53,1.0,1.0,2.0,14.948733,0.5614982257961185,,2.0,23.888195037841797,14.94873332977295,4.203428745269775,1.8405823707580566,-19.68476629257202,-13.108150959014893
1991-10-31,7810,10.34,1.0,1.0,0.0,3.8476505,3.9691993246245456,,1.0,8.043100357055664,3.9934637546539307,4.09010648727417,1.900223731994629,-3.952993869781494,-2.0932400226593018
1991-11-01,6730,9.83,1.0,1.0,0.0,3.9934635,4.002391713630887,,1.0,7.944839000701904,3.9934637546539307,3.6790578365325928,1.900223731994629,-4.2657811641693115,-2.0932400226593018
1991-11-03,5520,9.24,1.0,1.0,1.0,0.064027496,0.2519326112519865,,1.0,26.00155258178711,25.833799362182617,3.6291511058807373,1.8083972930908203,-22.372401475906372,-24.025402069091797
1991-11-04,6690,9.81,1.0,1.0,1.0,25.8338,1.7929722099946477,,1.0,52.61193084716797,26.714101791381836,5.787039756774902,3.0527703762054443,-46.824891090393066,-23.66133141517639
1991-11-05,12200,12.23,1.0,1.0,1.0,26.7141,1.345685594952457,,1.0,60.538429260253906,26.714101791381836,6.442320823669434,3.0527703762054443,-54.09610843658447,-23.66133141517639
1991-11-06,15600,13.58,0.0,0.0,0.0,7.9905286,0.9163418953912033,,0.0,35.49127960205078,26.714101791381836,5.793222427368164,3.0527703762054443,-29.698057174682617,-23.66133141517639
1991-11-09,12200,12.22,0.0,0.0,0.0,8.351363,1.7635917243773755,,0.0,28.933015823364258,15.3384428024292,4.0299458503723145,1.5914736986160278,-24.903069972991943,-13.746969103813171
1991-11-10,8600,10.69,0.0,0.0,0.0,5.243211,1.6284352079755475,,0.0,26.840938568115234,13.24636459350586,4.998936653137207,2.5604641437530518,-21.842001914978027,-10.685900449752808
1991-11-11,9150,10.93,3.0,3.0,2.0,13.246365,2.661652396570217,,3.0,71.32247161865234,52.8328971862793,5.212323188781738,2.5604641437530518,-66.1101484298706,-50.272433042526245
1991-11-12,28800,18.24,3.0,3.0,2.0,52.8329,1.3064867456533555,,3.0,97.58245086669922,52.8328971862793,5.762298583984375,2.5604641437530518,-91.82015228271484,-50.272433042526245
1991-11-15,17200,14.17,2.0,3.0,3.0,1.0187957,2.4364157154991224,,3.0,23.4104061126709,21.8558292388916,8.825581550598145,4.366279602050781,-14.584824562072754,-17.48954963684082
1991-11-16,15000,13.34,2.0,3.0,3.0,0.535782,5.0068734125680185,,3.0,33.036006927490234,31.481428146362305,12.004554748535156,4.489108085632324,-21.031452178955078,-26.99232006072998
1991-11-17,17200,14.18,1.0,1.0,0.0,31.481432,5.215412324155419,,1.0,53.12604522705078,31.481428146362305,10.70743179321289,4.489108085632324,-42.41861343383789,-26.99232006072998
1991-11-19,18200,14.56,2.0,2.0,2.0,12.200706,4.5847069205317865,,2.0,94.27458190917969,60.96504211425781,7.265009880065918,3.1776552200317383,-87.00957202911377,-57.787386894226074
1991-11-20,32000,19.3,2.0,2.0,2.0,60.965034,4.134953159777548,,2.0,90.57166290283203,60.96504211425781,6.750790596008301,3.1776552200317383,-83.82087230682373,-57.787386894226074
1991-11-23,17100,14.15,0.0,0.0,0.0,0.2617819,1.636477301143468,,0.0,16.837909698486328,8.75717830657959,3.665078639984131,2.126286268234253,-13.172831058502197,-6.630892038345337
1991-12-05,16700,13.97,2.0,2.0,1.0,12.92432,2.032268191014696,,2.0,87.35736846923828,66.40923309326172,7.45445442199707,3.6959283351898193,-79.90291404724121,-62.7133047580719
1991-12-06,36500,20.69,2.0,2.0,1.0,66.40924,2.1739996982716754,,2.0,100.68187713623047,66.40923309326172,8.598362922668457,3.6959283351898193,-92.08351421356201,-62.7133047580719
1991-12-07,28100,18.07,0.0,0.0,0.0,21.34832,0.9924485253544792,,0.0,123.47152709960938,66.40923309326172,7.991339683532715,3.6959283351898193,-115.48018741607666,-62.7133047580719
1991-12-09,28400,18.21,1.0,1.0,1.0,40.459183,3.4185676584435365,,1.0,88.1998519897461,40.45918273925781,4.817221641540527,1.760927677154541,-83.38263034820557,-38.69825506210327
1991-12-16,16700,14.0,0.0,0.0,0.0,0.0045343814,0.2687239991816136,,0.0,1.57059907913208,1.5020352602005005,1.0843260288238525,0.8531852960586548,-0.48627305030822754,-0.6488499641418457
1991-12-19,15000,13.35,0.0,0.0,0.0,7.0583005,4.057412286956037,,0.0,9.257856369018555,7.058300495147705,9.961709976196289,4.057168006896973,0.7038536071777344,-3.0011324882507324
1991-12-21,11200,11.79,1.0,1.0,1.0,7.5288057,3.300923784665175,,1.0,10.229623794555664,7.528805732727051,6.561368942260742,2.953502893447876,-3.668254852294922,-4.575302839279175
1991-12-25,9460,11.07,2.0,2.0,1.0,3.3181868,0.5865627563915773,,2.0,4.700721263885498,3.3181867599487305,3.74045991897583,2.036865711212158,-0.960261344909668,-1.2813210487365723
1991-12-26,9070,10.9,2.0,2.0,1.0,0.50684863,1.1654915795064469,,2.0,6.148004055023193,3.3181867599487305,5.38480281829834,2.6681041717529297,-0.7632012367248535,-0.6500825881958008
1991-12-27,9290,11.0,2.0,2.0,1.0,2.3229685,1.7147580283500627,,2.0,3.1002869606018066,2.3229684829711914,6.9163312911987305,2.6681041717529297,3.816044330596924,0.3451356887817383
1991-12-28,10300,11.45,0.0,0.0,0.0,0.27046955,3.5738940933580507,,0.0,4.660968780517578,2.3229684829711914,7.136843204498291,2.6681041717529297,2.475874423980713,0.3451356887817383
1991-12-29,10300,11.41,0.0,0.0,0.0,2.0675306,2.234328210151712,,0.0,3.1880552768707275,2.067530632019043,5.839234352111816,2.2573776245117188,2.651179075241089,0.18984699249267578
1991-12-31,8990,10.86,2.0,2.0,1.0,0.7844558,0.7076556329164936,,2.0,,,,,,
1992-01-01,9090,10.9,2.0,2.0,1.0,0.85771114,0.9726506006666956,,2.0,,,,,,
1992-01-02,10500,11.5,2.0,2.0,1.0,31.764534,2.3660993760836906,,2.0,35.530975341796875,31.764535903930664,6.5016961097717285,2.412142753601074,-29.029279232025146,-29.35239315032959
1992-01-05,12600,12.38,0.0,0.0,0.0,6.2840295,2.7497120147805543,,0.0,15.319596290588379,8.178393363952637,8.810937881469727,3.1304855346679688,-6.508658409118652,-5.047907829284668
1992-01-09,13300,12.66,2.0,1.0,1.0,9.474383,0.6233866317819124,,2.0,28.265972137451172,18.705976486206055,5.628285884857178,2.578691005706787,-22.637686252593994,-16.127285480499268
1992-01-10,16000,13.71,2.0,1.0,1.0,18.705978,0.8071910539618375,,2.0,55.18207550048828,27.0017147064209,5.87271785736084,2.578691005706787,-49.30935764312744,-24.42302370071411
1992-01-19,15500,13.53,0.0,0.0,0.0,0.7085069,0.5505998400426553,,0.0,0.7323399186134338,0.7085068821907043,2.147860050201416,1.2354081869125366,1.4155201315879822,0.5269013047218323
1992-01-22,16000,13.71,2.0,2.0,2.0,12.979122,2.3091243885351505,,2.0,73.00837707519531,49.90141677856445,5.476308822631836,3.1602675914764404,-67.53206825256348,-46.74114918708801
1992-01-23,21600,15.77,2.0,2.0,2.0,49.901417,4.867803727791452,,2.0,121.80400085449219,58.923458099365234,6.971000671386719,3.1602675914764404,-114.83300018310547,-55.763190507888794
1992-01-24,36200,20.61,2.0,2.0,2.0,58.923454,0.5516614690862798,,2.0,118.71623992919922,58.923458099365234,8.135225296020508,3.1602675914764404,-110.58101463317871,-55.763190507888794
1992-01-25,31000,19.04,1.0,1.0,0.0,9.891366,1.1324260817270435,,1.0,81.07289123535156,58.923458099365234,6.152194499969482,2.8522703647613525,-74.92069673538208,-56.07118773460388
1992-01-26,26900,17.67,3.0,2.0,0.0,12.25806,2.2551507711638656,,3.0,30.832632064819336,12.258060455322266,5.659902572631836,2.359978199005127,-25.1727294921875,-9.898082256317139
1992-01-27,24300,16.74,3.0,2.0,0.0,8.683207,2.912738515207314,,3.0,70.09909057617188,49.15782165527344,7.206514835357666,3.669299602508545,-62.89257574081421,-45.48852205276489
1992-01-28,31200,19.06,3.0,1.0,0.0,49.15782,1.7294304981203978,,3.0,95.12031555175781,49.15782165527344,7.598702430725098,3.669299602508545,-87.52161312103271,-45.48852205276489
1992-01-29,37800,21.1,3.0,3.0,3.0,37.279293,0.7820043853938692,,3.0,115.25003051757812,49.15782165527344,7.843644142150879,3.669299602508545,-107.40638637542725,-45.48852205276489
1992-01-30,36500,20.73,3.0,3.0,3.0,28.812906,0.8015968868250121,,3.0,92.3485107421875,37.279293060302734,8.435079574584961,4.260735511779785,-83.91343116760254,-33.01855754852295
1992-01-31,38000,21.14,3.0,3.0,1.0,26.256308,0.4844421849263969,,3.0,73.46104431152344,28.812908172607422,9.34522533416748,4.260735511779785,-64.11581897735596,-24.552172660827637
1992-02-01,40100,21.72,3.0,3.0,1.0,18.391834,0.780595562113669,,3.0,52.34101104736328,26.25630760192871,7.869160175323486,4.260735511779785,-44.471850872039795,-21.995572090148926
1992-02-02,33500,19.83,1.0,1.0,1.0,7.692872,1.080689387222839,,1.0,35.433494567871094,18.391834259033203,4.913058280944824,2.4795706272125244,-30.52043628692627,-15.912263631820679
1992-02-03,29500,18.57,1.0,1.0,1.0,9.34879,1.5900541251015234,,1.0,17.795738220214844,9.348790168762207,3.7665586471557617,1.3330707550048828,-14.029179573059082,-8.015719413757324
1992-02-11,19300,14.96,0.0,0.0,0.0,1.6226385,2.55280927669934,,0.0,3.2405264377593994,1.6226387023925781,7.490262508392334,2.9709014892578125,4.249736070632935,1.3482627868652344
1992-02-21,18000,14.46,1.0,1.0,1.0,11.042077,1.125603094988623,,1.0,60.258052825927734,42.57625961303711,9.221468925476074,3.7354366779327393,-51.03658390045166,-38.84082293510437
1992-02-22,25100,17.04,1.0,1.0,1.0,42.57626,3.016158791764057,,1.0,58.117095947265625,42.57625961303711,7.352202415466309,3.7354366779327393,-50.764893531799316,-38.84082293510437
1992-02-27,21900,15.89,0.0,0.0,0.0,0.0057799607,0.1668956495322178,,0.0,12.051587104797363,11.972441673278809,0.10963127017021179,0.04421207681298256,-11.941955834627151,-11.928229596465826
1992-03-09,16100,13.77,0.0,0.0,0.0,0.0,4.126103220019881,,0.0,0.025825148448348045,0.025823183357715607,3.4625840187072754,2.014932632446289,3.4367588702589273,1.9891094490885735
1992-03-13,12500,12.34,0.0,0.0,0.0,3.929273e-05,0.1086649761613957,,0.0,0.07865815609693527,0.06972495466470718,0.651871383190155,0.30402126908302307,0.5732132270932198,0.2342963144183159
1992-03-16,12000,12.14,0.0,0.0,0.0,5.21434,0.8333238268244748,,0.0,10.197683334350586,5.214339733123779,3.2492125034332275,1.6440393924713135,-6.948470830917358,-3.570300340652466
1992-03-23,9340,11.02,0.0,0.0,0.0,0.0049115913,0.8946292358213521,,0.0,0.004911591298878193,0.004911591298878193,2.6124589443206787,1.085561990737915,2.6075473530218005,1.0806503994390368
1992-03-30,9420,11.05,0.0,0.0,0.0,0.044302553,2.202102385100408,,0.0,0.044302552938461304,0.044302552938461304,2.7722387313842773,1.0944074392318726,2.727936178445816,1.0501048862934113
1992-04-03,12900,12.49,0.0,0.0,0.0,4.223892,0.3992403059442547,,0.0,9.408001899719238,5.182738304138184,2.2163987159729004,0.9313423037528992,-7.191603183746338,-4.251396000385284
1992-04-15,9460,11.07,2.0,2.0,2.0,2.8480198,2.563222003848069,,2.0,13.677987098693848,6.458410739898682,6.555365562438965,3.131143093109131,-7.122621536254883,-3.327267646789551
1992-04-16,9860,11.24,2.0,2.0,2.0,4.371556,4.443566056803458,,2.0,39.16851043701172,31.94893455505371,9.21914005279541,4.035336494445801,-29.94937038421631,-27.91359806060791
1992-04-17,16400,13.83,2.0,2.0,2.0,31.948933,4.730469187544821,,2.0,56.78414535522461,31.94893455505371,9.813196182250977,4.035336494445801,-46.97094917297363,-27.91359806060791
1992-04-23,9320,11.01,0.0,0.0,0.0,4.3319116,0.899637099357484,,0.0,9.461886405944824,4.7017388343811035,2.3350770473480225,1.2723934650421143,-7.126809358596802,-3.4293453693389893
1992-04-26,8080,10.46,1.0,1.0,1.0,0.003355599,0.3658747331460965,,1.0,7.761346340179443,7.670853137969971,2.4745090007781982,1.1523914337158203,-5.286837339401245,-6.51846170425415
1992-04-27,9500,11.08,1.0,1.0,1.0,7.6708527,0.4145877378435518,,1.0,18.03848648071289,10.364276885986328,2.290750503540039,1.1523914337158203,-15.747735977172852,-9.211885452270508
1992-04-28,14500,13.14,2.0,2.0,1.0,10.364277,0.5766077883107141,,2.0,37.843441009521484,19.808311462402344,3.9000802040100098,2.761721134185791,-33.943360805511475,-17.046590328216553
1992-04-29,20600,15.32,2.0,2.0,1.0,19.808313,1.7206413173541322,,2.0,55.032196044921875,24.859607696533203,5.250809192657471,2.761721134185791,-49.781386852264404,-22.097886562347412
1992-04-30,41000,22.38,2.0,2.0,1.0,24.85961,0.564396471018581,,2.0,47.007694244384766,24.859607696533203,5.773251056671143,2.761721134185791,-41.23444318771362,-22.097886562347412
1992-05-05,20000,18.41,0.0,0.0,0.0,0.083654225,0.920292676474904,,0.0,0.45975440740585327,0.37085461616516113,1.1913096904754639,0.4216288626194,0.7315552830696106,0.05077424645423889
1992-05-08,21400,15.7,0.0,0.0,0.0,0.21798624,2.152508375027641,,0.0,6.69328498840332,6.46024751663208,2.698192596435547,1.6135520935058594,-3.9950923919677734,-4.846695423126221
1992-05-26,16700,13.89,0.0,0.0,0.0,2.4517562,2.0953424306489845,,0.0,2.623155117034912,2.451756238937378,5.554628372192383,2.468052864074707,2.9314732551574707,0.0162966251373291
1992-05-29,14800,13.13,0.0,0.0,0.0,1.1716934,3.0997350577313747,,0.0,1.1716934442520142,1.1716934442520142,3.6955974102020264,1.451195478439331,2.523903965950012,0.2795020341873169
1992-06-02,16700,13.89,0.0,0.0,0.0,0.0017799606,2.6694305807856926,,0.0,0.0017799605848267674,0.0017799605848267674,4.6013288497924805,1.815669298171997,4.599548889207654,1.8138893375871703
1992-06-03,14300,12.92,0.0,0.0,0.0,0.0,3.526836254518175,,0.0,0.0017799605848267674,0.0017799605848267674,4.067121505737305,1.815669298171997,4.065341545152478,1.8138893375871703
1992-06-07,11000,11.58,0.0,0.0,0.0,0.007367387,3.118071873340236,,0.0,0.032233793288469315,0.024866405874490738,3.9585421085357666,1.6453502178192139,3.9263083152472973,1.6204838119447231
1992-06-16,11900,11.95,0.0,0.0,0.0,0.08619254,3.1121015791137867,,0.0,1.054062843322754,0.6875736713409424,6.271388530731201,2.8662829399108887,5.217325687408447,2.1787092685699463
1992-06-20,12900,12.37,0.0,0.0,0.0,0.0022082513,1.449959390674115,,0.0,0.3933340311050415,0.26848137378692627,3.1616718769073486,1.6159119606018066,2.768337845802307,1.3474305868148804
1992-06-26,13600,12.65,0.0,0.0,0.0,0.033913553,2.725269127199155,,0.0,0.10848721861839294,0.07386836409568787,4.286319732666016,1.7072300910949707,4.177832514047623,1.6333617269992828
1992-07-05,15000,13.22,0.0,0.0,0.0,26.990698,2.461311815557196,,0.0,36.99612045288086,26.990699768066406,4.456233978271484,1.628478765487671,-32.539886474609375,-25.362221002578735
1992-07-13,11400,11.77,0.0,0.0,0.0,0.022536347,4.050701931681267,,0.0,0.10980746895074844,0.08208448439836502,5.284739971160889,2.2274813652038574,5.17493250221014,2.1453968808054924
1992-07-14,11800,11.93,0.0,0.0,0.0,0.00518664,3.3356675945845966,,0.0,0.12485461682081223,0.0971316322684288,4.258481025695801,1.642112374305725,4.1336264088749886,1.5449807420372963
1992-07-25,11800,11.9,0.0,0.0,0.0,0.14249508,2.833382312520279,,0.0,4.689950466156006,4.532439708709717,5.8617329597473145,2.321657657623291,1.1717824935913086,-2.210782051086426
1992-07-26,10200,11.24,0.0,0.0,0.0,0.015015718,3.0447115911209206,,0.0,0.15751080214977264,0.1424950808286667,5.5977864265441895,2.321657657623291,5.440275624394417,2.1791625767946243
1992-07-29,11500,11.8,0.0,0.0,0.0,0.0011119843,2.388872631380986,,0.0,0.0011119842529296875,0.0011119842529296875,3.8058032989501953,1.4048361778259277,3.8046913146972656,1.403724193572998
1992-08-05,9740,11.03,0.0,0.0,0.0,4.634678,2.0522233864251187,,0.0,5.007084846496582,4.634677886962891,4.8733015060424805,2.3010923862457275,-0.13378334045410156,-2.333585500717163
1992-08-06,9830,11.07,1.0,1.0,0.0,0.3616208,2.127903256805937,,1.0,24.741886138916016,19.745586395263672,6.00779914855957,2.328099489212036,-18.734086990356445,-17.417486906051636
1992-08-08,12700,12.28,0.0,0.0,0.0,7.2848883,2.147094418232657,,0.0,31.009180068969727,19.745586395263672,4.185765743255615,2.328099489212036,-26.82341432571411,-17.417486906051636
1992-08-17,8180,10.33,0.0,0.0,0.0,0.0,2.6224405274872438,,0.0,0.0,0.0,3.566478729248047,1.311623454093933,3.566478729248047,1.311623454093933
1992-08-21,8660,10.55,0.0,0.0,0.0,0.12024361,1.5961252709871685,,0.0,16.578758239746094,16.264036178588867,5.159562110900879,2.7822203636169434,-11.419196128845215,-13.481815814971924
1992-09-07,5000,10.26,1.0,1.0,1.0,1.4139704,2.705185800582377,,1.0,45.57962417602539,41.24571990966797,4.339086055755615,2.269674777984619,-41.240538120269775,-38.97604513168335
1992-09-08,5000,10.54,1.0,1.0,1.0,41.24572,1.831686847331668,,1.0,47.091346740722656,41.24571990966797,4.224917888641357,2.269674777984619,-42.8664288520813,-38.97604513168335
1992-09-19,6000,10.28,2.0,2.0,2.0,0.24074854,1.927053664242507,,2.0,10.287613868713379,9.855876922607422,5.602907180786133,2.2448925971984863,-4.684706687927246,-7.6109843254089355
1992-09-20,5700,10.28,2.0,2.0,2.0,9.855877,2.653255669289223,,2.0,15.156181335449219,9.855876922607422,4.7440266609191895,2.2448925971984863,-10.41215467453003,-7.6109843254089355
1992-09-21,6000,10.28,2.0,2.0,2.0,5.059556,3.376739639455318,,2.0,14.99975872039795,9.855876922607422,2.649334669113159,1.9479901790618896,-12.35042405128479,-7.907886743545532
1992-09-22,7000,10.28,0.0,0.0,0.0,0.08432614,2.669696763033734,,0.0,5.1514105796813965,5.059556007385254,1.97565758228302,1.27431321144104,-3.1757529973983765,-3.785242795944214
1992-09-23,6500,10.27,2.0,2.0,2.0,0.007528487,1.2437032811921989,,2.0,38.7580680847168,38.66621398925781,3.8042757511138916,2.3797621726989746,-34.953792333602905,-36.28645181655884
1992-09-24,10800,11.54,2.0,2.0,2.0,38.666218,1.84972958115562,,2.0,62.2969970703125,38.66621398925781,5.173232555389404,2.3797621726989746,-57.123764514923096,-36.28645181655884
1992-09-25,15700,13.49,0.0,1.0,1.0,23.623251,1.6678752332711275,,1.0,68.6136703491211,38.66621398925781,5.322965145111084,2.3797621726989746,-63.29070520401001,-36.28645181655884
1992-09-26,12800,12.32,1.0,1.0,1.0,6.324207,3.227917516569225,,1.0,49.95968246459961,23.62325096130371,3.342061758041382,1.5191572904586792,-46.61762070655823,-22.10409367084503
1992-09-29,9220,10.8,2.0,2.0,1.0,0.2203831,0.0688560569894539,,2.0,0.4700353741645813,0.22038310766220093,2.3269662857055664,0.9256256818771362,1.856930911540985,0.7052425742149353
1992-09-30,9370,10.87,2.0,2.0,1.0,0.15993713,0.1033963036213598,,2.0,0.38825738430023193,0.22038310766220093,2.7395310401916504,0.9959752559661865,2.3512736558914185,0.7755921483039856
1992-10-01,8990,10.7,2.0,2.0,1.0,0.007937131,0.4014627623848111,,2.0,0.25317683815956116,0.15993714332580566,2.7869367599487305,0.9959752559661865,2.5337599217891693,0.8360381126403809
1992-10-02,8600,10.53,0.0,0.0,0.0,0.085302554,0.6792576243234363,,0.0,1.6803712844848633,1.5871316194534302,3.155850887298584,1.2945395708084106,1.4754796028137207,-0.29259204864501953
1992-10-04,8500,10.48,0.0,0.0,0.0,0.8771296,2.9240322477313545,,0.0,2.5240745544433594,1.5871316194534302,2.6286468505859375,1.2945395708084106,0.10457229614257812,-0.29259204864501953
1992-10-08,7500,10.02,1.0,0.0,0.0,0.12970726,2.0541676741499426,,1.0,0.12975244224071503,0.12970726191997528,2.3292646408081055,1.4075853824615479,2.1995121985673904,1.2778781205415726
1992-10-09,7300,9.95,1.0,0.0,0.0,4.518664e-05,1.904030346429583,,1.0,0.12975244224071503,0.12970726191997528,2.241144895553589,1.3194656372070312,2.111392453312874,1.189758375287056
1992-10-10,7760,10.14,0.0,0.0,1.0,0.0,1.118118992558057,,1.0,0.6038271188735962,0.6037819385528564,1.9854636192321777,1.3194656372070312,1.3816365003585815,0.7156836986541748
1992-10-11,7440,9.99,0.0,0.0,1.0,0.60378194,0.4472802084818725,,1.0,0.6112023591995239,0.6037819385528564,2.084196090698242,1.3194656372070312,1.4729937314987183,0.7156836986541748
1992-10-18,7100,9.84,2.0,2.0,2.0,1.4975541,0.4137265721389024,,2.0,24.63387680053711,19.552019119262695,4.501859664916992,2.4986188411712646,-20.132017135620117,-17.05340027809143
1992-10-19,7900,10.22,3.0,3.0,3.0,19.552017,0.5257601590480265,,3.0,40.575626373291016,19.552019119262695,6.690080642700195,2.4986188411712646,-33.88554573059082,-17.05340027809143
1992-10-20,12400,12.15,3.0,3.0,3.0,19.526054,1.110361268002951,,3.0,56.89076232910156,19.552019119262695,6.112437725067139,2.496832847595215,-50.778324604034424,-17.05518627166748
1992-10-22,12400,12.15,3.0,3.0,3.0,11.84887,0.307454136261338,,3.0,35.33723449707031,17.81268882751465,5.952498912811279,2.3532395362854004,-29.384735584259033,-15.459449291229248
1992-10-23,11600,11.84,3.0,3.0,3.0,5.675676,0.2808013986967816,,3.0,17.639785766601562,11.848870277404785,5.766514778137207,2.3532395362854004,-11.873270988464355,-9.495630741119385
1992-10-24,10500,11.35,3.0,3.0,3.0,0.11523969,1.7391203172694,,3.0,9.053471565246582,5.675675868988037,5.072789669036865,2.3532395362854004,-3.980681896209717,-3.3224363327026367
1992-10-25,9710,11.02,0.0,0.0,0.0,3.2625558,0.5876328586278803,,0.0,3.9790964126586914,3.2625560760498047,3.2099711894989014,1.7349917888641357,-0.76912522315979,-1.527564287185669
1992-11-01,14500,13.04,0.0,0.0,0.0,33.375168,8.959129038457963,,0.0,58.55759811401367,33.37517166137695,7.426799774169922,2.8905787467956543,-51.13079833984375,-30.4845929145813
1992-11-02,14800,13.12,0.0,0.0,0.0,18.098055,5.058289779056334,,0.0,53.88618469238281,33.37517166137695,6.416393756866455,2.52618408203125,-47.46979093551636,-30.848987579345703
1992-11-04,13500,12.62,1.0,1.0,0.0,17.986443,4.679816235050498,,1.0,25.87669563293457,17.98644256591797,4.882551670074463,2.6119775772094727,-20.994143962860107,-15.374464988708496
1992-11-05,14300,12.95,0.0,0.0,0.0,5.4772944,1.286144056675326,,0.0,24.108417510986328,17.98644256591797,4.324699401855469,2.6119775772094727,-19.78371810913086,-15.374464988708496
1992-11-06,12500,12.19,2.0,2.0,1.0,0.6446798,0.4084002405560068,,2.0,36.901214599609375,30.77924156188965,3.72599196434021,2.0132699012756348,-33.175222635269165,-28.765971660614014
1992-11-07,19900,15.07,2.0,2.0,1.0,30.779243,1.3813093769310096,,2.0,49.248878479003906,30.77924156188965,4.64393424987793,2.0132699012756348,-44.60494422912598,-28.765971660614014
1992-11-21,14200,12.91,1.0,1.0,0.0,15.121581,7.494756333711527,,1.0,72.16497802734375,46.651119232177734,8.954109191894531,4.895133018493652,-63.21086883544922,-41.75598621368408
1992-11-26,12700,12.27,2.0,2.0,2.0,0.024064831,1.472636547566644,,2.0,13.428762435913086,13.147007942199707,4.222712516784668,2.2462358474731445,-9.206049919128418,-10.900772094726562
1992-11-27,14400,12.96,2.0,2.0,2.0,13.147008,1.112696149243923,,2.0,28.39838409423828,15.227311134338379,4.195928573608398,2.2462358474731445,-24.202455520629883,-12.981075286865234
1992-11-29,15400,13.36,1.0,1.0,0.0,1.8504224,0.2762134748563173,,1.0,50.121055603027344,33.04331970214844,3.8581480979919434,2.1765971183776855,-46.2629075050354,-30.866722583770752
1992-11-30,15900,13.56,1.0,1.0,0.0,33.043316,0.9307643026459096,,1.0,43.6529426574707,33.04331970214844,4.095284461975098,2.1765971183776855,-39.557658195495605,-30.866722583770752
1992-12-08,11100,11.63,0.0,0.0,0.0,5.8169155,2.5728855767660925,,0.0,34.0051383972168,27.806760787963867,10.407923698425293,4.025964736938477,-23.597214698791504,-23.78079605102539
1992-12-11,11500,11.79,0.0,0.0,0.0,27.723055,2.268034570626128,,0.0,35.18534851074219,27.723058700561523,8.050758361816406,3.073585033416748,-27.13459014892578,-24.649473667144775
1992-12-12,11300,11.7,0.0,0.0,0.0,0.94663453,0.9945399573033756,,0.0,29.68613052368164,27.723058700561523,8.136344909667969,3.159170627593994,-21.549785614013672,-24.56388807296753
1992-12-13,10800,11.5,0.0,0.0,1.0,1.0164381,3.520972391858295,,1.0,20.157346725463867,18.19427490234375,6.637018203735352,3.159170627593994,-13.520328521728516,-15.035104274749756
1992-12-14,11000,11.57,0.0,1.0,1.0,18.194275,3.97014770221481,,1.0,26.894744873046875,18.19427490234375,5.276845932006836,3.159170627593994,-21.61789894104004,-15.035104274749756
1992-12-16,11800,11.93,0.0,0.0,0.0,2.2819312,3.110121331985889,,0.0,13.720352172851562,7.6840314865112305,4.951757907867432,2.6522655487060547,-8.76859426498413,-5.031765937805176
1992-12-22,9120,10.76,0.0,0.0,0.0,21.862513,0.7071902273088934,,0.0,58.657859802246094,21.86251449584961,3.2408151626586914,1.1865147352218628,-55.4170446395874,-20.675999760627747
1992-12-26,10600,11.43,0.0,0.0,0.0,14.054626,1.0676448037629245,,0.0,33.95038986206055,17.066659927368164,3.15407133102417,1.7324182987213135,-30.796318531036377,-15.33424162864685
1992-12-27,10200,11.24,0.0,0.0,0.0,17.06666,2.092254881902293,,0.0,34.230140686035156,17.066659927368164,7.9113874435424805,4.9532647132873535,-26.318753242492676,-12.11339521408081
1993-01-16,7780,10.15,0.0,0.0,0.0,0.03827308,1.9787444795083071,,0.0,0.10440471023321152,0.06542042642831802,5.560133934020996,2.488229751586914,5.455729223787785,2.422809325158596
1993-01-19,6820,9.69,1.0,1.0,0.0,0.1150668,4.672578681860548,,1.0,24.810287475585938,24.478269577026367,10.609630584716797,4.348217964172363,-14.20065689086914,-20.130051612854004
1993-01-24,8780,10.61,2.0,2.0,2.0,11.61393,3.196562777057901,,2.0,90.3515396118164,77.09259033203125,4.545185089111328,2.196542978286743,-85.80635452270508,-74.8960473537445
1993-01-25,23300,16.25,2.0,2.0,2.0,77.09258,0.9799524261230598,,2.0,107.99669647216797,77.09259033203125,4.988093376159668,2.196542978286743,-103.0086030960083,-74.8960473537445
1993-01-26,27600,17.92,0.0,1.0,1.0,19.290176,0.5439425972195528,,1.0,105.85086822509766,77.09259033203125,5.456765174865723,2.196542978286743,-100.39410305023193,-74.8960473537445
1993-01-27,23500,16.54,0.0,1.0,1.0,9.468099,0.2308205150461169,,1.0,30.141698837280273,19.290176391601562,4.315178871154785,1.7969825267791748,-25.82651996612549,-17.493193864822388
1993-01-30,15500,13.6,0.0,0.0,0.0,0.0,0.5661386420985413,,0.0,0.9976738691329956,0.8836365342140198,1.7376879453659058,0.6803891062736511,0.7400140762329102,-0.20324742794036865
1993-02-03,13600,12.84,0.0,0.0,0.0,0.0,0.6214956631719913,,0.0,0.00028094302979297936,0.00028094302979297936,2.382554769515991,1.247212529182434,2.3822738264861982,1.246931586152641
1993-02-04,13300,12.7,1.0,1.0,0.0,0.00028094303,0.50341097671112,,1.0,0.00028094302979297936,0.00028094302979297936,3.993802070617676,2.0417070388793945,3.993521127587883,2.0414260958496016
1993-02-05,12600,12.45,1.0,1.0,0.0,0.0,0.6807342331450631,,1.0,0.20226521790027618,0.20198427140712738,3.1774535179138184,2.0417070388793945,2.975188300013542,1.8397227674722672
1993-02-06,12500,12.38,1.0,0.0,0.0,0.20198429,0.705755571124186,,1.0,0.22930647432804108,0.20198427140712738,3.224182605743408,2.0417070388793945,2.994876131415367,1.8397227674722672
1993-02-07,11300,11.88,0.0,0.0,0.0,0.0273222,1.587011215613821,,0.0,0.270363450050354,0.20198427140712738,4.467341899871826,3.2848663330078125,4.196978449821472,3.082882061600685
1993-02-09,12400,12.35,0.0,0.0,0.0,0.6952554,1.7307680225841586,,0.0,4.883481025695801,4.1471686363220215,8.717405319213867,3.2848663330078125,3.8339242935180664,-0.862302303314209
1993-02-13,12800,12.5,0.0,0.0,0.0,0.0904499,1.0846649678948663,,0.0,1.1832356452941895,1.0919665098190308,1.5757659673690796,0.8637750148773193,0.39253032207489014,-0.22819149494171143
1993-02-21,11200,11.87,0.0,0.0,0.0,3.650173,4.265591604512699,,0.0,8.250882148742676,3.6501729488372803,7.1953125,4.306612491607666,-1.0555696487426758,0.6564395427703857
1993-02-22,11300,11.89,0.0,0.0,0.0,1.6932693,1.7355260302678976,,0.0,5.445775985717773,3.6501729488372803,4.883563995361328,1.994863748550415,-0.5622119903564453,-1.6553092002868652
1993-02-28,6100,,0.0,0.0,0.0,0.0030903735,1.145829639227989,,0.0,0.32258152961730957,0.24298037588596344,6.650978088378906,2.377462148666382,6.328396558761597,2.1344817727804184
1993-03-02,6190,9.58,0.0,0.0,0.0,2.7676246,2.81641650081942,,0.0,5.252889633178711,2.767624616622925,4.800243377685547,2.292006015777588,-0.45264625549316406,-0.4756186008453369
1993-03-03,6040,9.5,2.0,2.0,1.0,2.4087546,3.0826452480888817,,2.0,14.45363998413086,9.277260780334473,4.767882347106934,2.2596449851989746,-9.685757637023926,-7.017615795135498
1993-03-04,6420,9.69,2.0,2.0,1.0,9.277261,3.8672885163439625,,2.0,31.051170349121094,19.365154266357422,5.304310321807861,2.2596449851989746,-25.746860027313232,-17.105509281158447
1993-03-05,9330,11.03,0.0,0.0,0.0,19.365154,0.566359565097886,,0.0,35.14869689941406,19.365154266357422,4.647010803222656,2.2596449851989746,-30.501686096191406,-17.105509281158447
1993-03-07,9310,11.03,0.0,0.0,0.0,0.12472299,0.2334403848896108,,0.0,7.2793378829956055,6.506284713745117,1.8778547048568726,0.9257464408874512,-5.401483178138733,-5.580538272857666
1993-03-21,9520,11.12,0.0,4.0,2.0,8.689108,1.5636828628644766,,4.0,19.34164047241211,8.689107894897461,5.998579502105713,3.378330707550049,-13.343060970306396,-5.310777187347412
1993-03-22,10500,11.53,3.0,4.0,2.0,6.3506675,3.853722108213004,,4.0,75.77189636230469,60.73212432861328,8.281940460205078,3.61716628074646,-67.48995590209961,-57.11495804786682
1993-03-23,27200,17.74,3.0,4.0,2.0,60.73213,4.324577425348073,,4.0,79.07344818115234,60.73212432861328,8.340385437011719,3.61716628074646,-70.73306274414062,-57.11495804786682
1993-03-24,25700,17.28,0.0,0.0,0.0,11.99065,1.5416988544656829,,0.0,72.85247039794922,60.73212432861328,6.529086589813232,3.61716628074646,-66.32338380813599,-57.11495804786682
1993-03-26,16900,14.14,0.0,0.0,0.0,0.021451866,2.7081962639420185,,0.0,0.1538192480802536,0.12969352304935455,5.989322662353516,2.4522271156311035,5.835503414273262,2.322533592581749
1993-03-30,12700,12.46,0.0,0.0,0.0,0.70881736,3.6830521680006783,,0.0,2.7123360633850098,1.2638624906539917,4.804390907287598,2.0790796279907227,2.092054843902588,0.815217137336731
1993-04-04,13800,12.91,0.0,0.0,0.0,10.643672,2.856208680269241,,0.0,17.65312385559082,10.643672943115234,5.558277606964111,2.2206878662109375,-12.094846248626709,-8.422985076904297
1993-04-07,9750,11.22,1.0,0.0,0.0,10.084174,3.414051033419512,,1.0,17.484416961669922,10.084174156188965,5.665780067443848,2.3479530811309814,-11.818636894226074,-7.736221075057983
1993-04-08,9380,11.06,1.0,0.0,0.0,5.4913692,3.4566561061753047,,1.0,29.37960433959961,13.804060935974121,5.675692081451416,2.3479530811309814,-23.703912258148193,-11.45610785484314
1993-04-23,11200,11.86,0.0,0.0,0.0,5.1892376,1.6014069633110757,,0.0,12.01290512084961,5.189237594604492,5.361266136169434,2.5331149101257324,-6.651638984680176,-2.6561226844787598
1993-04-25,12200,12.27,1.0,0.0,0.0,9.384364,3.46725400358354,,1.0,28.93671417236328,16.45340347290039,5.942070484161377,2.2256669998168945,-22.994643688201904,-14.227736473083496
1993-05-01,16400,13.94,0.0,0.0,0.0,7.497489,4.523035924270325,,0.0,42.48349380493164,24.71025848388672,5.249233245849609,2.6140975952148438,-37.23426055908203,-22.096160888671875
1993-05-09,18000,14.55,2.0,2.0,2.0,5.607792,3.390390366186588,,2.0,24.114408493041992,12.169322967529297,5.5948896408081055,2.3295512199401855,-18.519518852233887,-9.839771747589111
1993-05-10,15400,13.56,2.0,2.0,2.0,6.3372927,2.287737430225325,,2.0,12.226709365844727,6.3372931480407715,3.82234263420105,2.1545803546905518,-8.404366731643677,-4.18271279335022
1993-05-11,23200,16.43,2.0,2.0,2.0,0.28162476,1.6323053903971865,,2.0,6.690595626831055,6.3372931480407715,2.2681403160095215,1.11075758934021,-4.422455310821533,-5.2265355587005615
1993-05-14,31700,19.27,0.0,0.0,0.0,0.10201965,0.5218883233204995,,0.0,0.30268174409866333,0.10897839069366455,1.8808624744415283,0.7163608074188232,1.578180730342865,0.6073824167251587
1993-05-17,24400,16.85,0.0,0.0,0.0,0.039316308,1.577009334978373,,0.0,0.13309627771377563,0.05446365475654602,3.5054855346679688,1.4408506155014038,3.372389256954193,1.3863869607448578
1993-05-19,27400,17.89,2.0,1.0,1.0,0.35475245,1.5323975622004675,,2.0,8.399645805358887,7.990429878234863,3.7434701919555664,1.434946060180664,-4.65617561340332,-6.555483818054199
1993-05-20,30100,18.75,2.0,1.0,1.0,7.99043,0.9414580917956764,,2.0,14.707976341247559,7.990429878234863,4.326588153839111,1.9883631467819214,-10.381388187408447,-6.002066731452942
1993-05-21,28200,18.14,2.0,0.0,0.0,6.362794,1.3488291494361195,,2.0,26.841400146484375,12.488177299499512,5.261726379394531,1.9883631467819214,-21.579673767089844,-10.49981415271759
1993-05-30,23100,16.38,1.0,0.0,0.0,1.6117995,4.529947362873777,,1.0,15.67786693572998,9.042828559875488,7.12870454788208,2.827233076095581,-8.5491623878479,-6.215595483779907
1993-06-02,21900,15.97,0.0,0.0,0.0,5.5258436,1.9335953823166532,,0.0,30.45388412475586,14.927239418029785,6.289228439331055,2.7179951667785645,-24.164655685424805,-12.20924425125122
1993-06-06,18300,14.67,0.0,0.0,0.0,1.1209489,3.691211025896971,,0.0,7.290021896362305,4.929125785827637,8.614278793334961,3.7150001525878906,1.3242568969726562,-1.214125633239746
1993-06-07,18600,14.78,0.0,0.0,0.0,4.929126,5.388345846792277,,0.0,8.30007266998291,4.929125785827637,8.501273155212402,3.7150001525878906,0.2012004852294922,-1.214125633239746
1993-06-09,16900,14.11,1.0,1.0,1.0,3.9748702,2.8834142419902498,,1.0,41.701324462890625,35.47645568847656,5.9899163246154785,2.4181933403015137,-35.71140813827515,-33.05826234817505
1993-06-10,24200,16.79,0.0,0.0,0.0,35.476456,2.279058194300641,,0.0,46.60801315307617,35.47645568847656,5.685128211975098,2.4181933403015137,-40.922884941101074,-33.05826234817505
1993-06-14,17300,14.3,0.0,0.0,0.0,1.1267682,2.371585665011294,,0.0,22.372129440307617,20.359785079956055,5.367610931396484,2.0455098152160645,-17.004518508911133,-18.31427526473999
1993-06-16,22700,16.25,0.0,0.0,0.0,3.654552,3.0500346160920397,,0.0,24.01433753967285,20.359785079956055,7.030271530151367,2.51052188873291,-16.984066009521484,-17.849263191223145
1993-06-18,19300,15.05,0.0,0.0,0.0,0.05529666,3.900400513351478,,0.0,0.05529665946960449,0.05529665946960449,6.181204319000244,2.5065369606018066,6.12590765953064,2.451240301132202
1993-06-20,18000,14.56,0.0,0.0,0.0,0.44331634,4.427504396760347,,0.0,3.509273052215576,3.0659568309783936,2.327078342437744,1.200427532196045,-1.182194709777832,-1.8655292987823486
1993-06-25,14000,13.0,0.0,0.0,0.0,0.27092138,2.939612589097688,,0.0,1.6324087381362915,1.210284948348999,3.0382328033447266,1.7310899496078491,1.405824065208435,0.5208050012588501
1993-07-03,10700,11.63,0.0,0.0,0.0,1.2323477,4.387343943423873,,0.0,2.491516590118408,1.2323477268218994,8.522065162658691,3.6457345485687256,6.030548572540283,2.413386821746826
1993-07-06,9990,11.32,0.0,0.0,0.0,0.29794893,2.361132018541826,,0.0,0.9823615550994873,0.3470982313156128,4.490644454956055,1.5737628936767578,3.5082828998565674,1.226664662361145
1993-07-07,10100,11.38,0.0,0.0,0.0,0.34709823,2.783592385699731,,0.0,0.7235265970230103,0.3470982313156128,4.706775665283203,1.7898939847946167,3.983249068260193,1.442795753479004
1993-07-09,9350,11.05,0.0,0.0,0.0,0.11182318,2.133519950235493,,0.0,1.8598134517669678,1.6695109605789185,5.323897361755371,1.9179561138153076,3.4640839099884033,0.24844515323638916
1993-07-11,8860,10.83,0.0,0.0,0.0,0.84804523,2.8984033198382244,,0.0,4.2311811447143555,1.7136247158050537,5.671816825866699,2.1183812618255615,1.4406356811523438,0.4047565460205078
1993-07-13,9470,11.09,0.0,0.0,0.0,2.0386937,4.096566290332914,,0.0,10.054342269897461,6.302023410797119,6.575641632080078,2.6472549438476562,-3.478700637817383,-3.654768466949463
1993-07-23,18300,14.66,0.0,0.0,0.0,9.191226,3.5036788122650497,,0.0,12.313373565673828,9.1912260055542,7.729780197143555,3.3202738761901855,-4.583593368530273,-5.870952129364014
1993-07-31,16500,13.97,0.0,0.0,0.0,0.0005029469,1.527325839724394,,0.0,11.812919616699219,11.802194595336914,1.8186213970184326,0.7154595255851746,-9.994298219680786,-11.08673506975174
1993-08-02,12600,12.41,0.0,0.0,0.0,0.0,2.2633563349515065,,0.0,0.010222002863883972,0.010222002863883972,3.0942299365997314,1.4566705226898193,3.0840079337358475,1.4464485198259354
1993-08-15,7010,9.97,0.0,0.0,0.0,5.1110706,2.823454623986576,,0.0,10.578237533569336,5.425483226776123,6.339283466339111,2.500969409942627,-4.238954067230225,-2.924513816833496
1993-08-21,8300,10.57,0.0,0.0,0.0,0.09134577,1.7693716817634162,,0.0,1.4556405544281006,1.2733458280563354,5.724853992462158,2.322356700897217,4.269213438034058,1.0490108728408813
1993-08-22,6610,9.78,1.0,2.0,2.0,1.2733457,1.974426664517369,,2.0,14.068496704101562,12.703804969787598,6.1826677322387695,2.322356700897217,-7.885828971862793,-10.38144826889038
1993-08-23,7350,10.12,1.0,2.0,2.0,12.703806,1.5062902089158654,,2.0,20.893749237060547,12.703804969787598,5.432438850402832,2.322356700897217,-15.461310386657715,-10.38144826889038
1993-08-25,10400,11.51,0.0,0.0,0.0,2.3858526,1.1431688500637556,,0.0,9.55483341217041,6.916599273681641,4.217378616333008,1.8080639839172363,-5.337454795837402,-5.108535289764404
1993-09-08,7240,10.08,0.0,0.0,0.0,0.009667977,1.7577625811411532,,0.0,0.019335953518748283,0.009667976759374142,2.1655585765838623,0.8912096619606018,2.146222623065114,0.8815416852012277
1993-09-17,7850,10.37,0.0,0.0,0.0,0.13378783,1.6524447227509358,,0.0,0.40865427255630493,0.25873085856437683,2.332461357116699,0.8715408444404602,1.9238070845603943,0.6128099858760834
1993-09-18,7690,10.3,0.0,0.0,0.0,0.01613556,2.211445010012834,,0.0,0.16622593998908997,0.1337878257036209,2.7078096866607666,0.9814622402191162,2.5415837466716766,0.8476744145154953
1993-09-25,6600,9.77,0.0,0.0,0.0,0.0,4.199599693311758,,0.0,0.0,0.0,3.374656915664673,1.3005695343017578,3.374656915664673,1.3005695343017578
1993-10-11,5780,9.37,0.0,0.0,0.0,0.2083497,1.1695033262447845,,0.0,1.316473364830017,0.7018957734107971,3.9991931915283203,1.802274227142334,2.6827198266983032,1.1003784537315369
1993-10-13,6100,9.53,0.0,0.0,0.0,6.1046796,1.6421117676113244,,0.0,9.74393081665039,6.104679107666016,3.2775917053222656,1.3199880123138428,-6.466339111328125,-4.784691095352173
1993-10-20,6100,9.53,0.0,0.0,0.0,0.5827151,4.281782842404816,,0.0,10.270020484924316,9.129877090454102,1.907331943511963,1.1135393381118774,-8.362688541412354,-8.016337752342224
1993-10-22,6610,9.78,2.0,2.0,2.0,0.3769568,0.683756682972396,,2.0,38.9224967956543,37.98811340332031,3.229046583175659,1.6454720497131348,-35.69345021247864,-36.34264135360718
1993-10-23,9250,10.98,2.0,2.0,2.0,37.988113,0.2483170379371702,,2.0,68.70226287841797,37.98811340332031,3.917452335357666,1.6454720497131348,-64.7848105430603,-36.34264135360718
1993-10-24,17400,14.31,2.0,2.0,1.0,30.33719,0.0853963490872718,,2.0,68.9424057006836,37.98811340332031,3.111388683319092,1.6454720497131348,-65.8310170173645,-36.34264135360718
1993-10-27,8390,10.61,0.0,2.0,2.0,0.04825344,0.4134951093145187,,2.0,8.076428413391113,8.003500938415527,1.9513988494873047,1.056624412536621,-6.125029563903809,-6.946876525878906
1993-10-28,8550,10.68,2.0,2.0,2.0,8.003501,0.6633034291630758,,2.0,9.622650146484375,8.003500938415527,2.6770706176757812,1.056624412536621,-6.945579528808594,-6.946876525878906
1993-10-29,8960,10.87,2.0,2.0,2.0,1.5708959,4.197652305638393,,2.0,10.153509140014648,8.003500938415527,2.6073460578918457,1.056624412536621,-7.546163082122803,-6.946876525878906
1993-10-31,8000,10.44,0.0,0.0,0.0,7.0997725,1.1087594212602738,,0.0,10.5178861618042,7.0997724533081055,2.398838520050049,0.8996391892433167,-8.11904764175415,-6.200133264064789
1993-11-02,8350,10.59,2.0,2.0,2.0,1.1601651,0.4051585210352175,,2.0,28.578744888305664,24.579578399658203,4.833425521850586,2.0851640701293945,-23.745319366455078,-22.49441432952881
1993-11-03,8790,10.8,2.0,2.0,2.0,24.579578,1.274023877870294,,2.0,35.48383712768555,24.579578399658203,4.865466117858887,2.0851640701293945,-30.61837100982666,-22.49441432952881
1993-11-04,10900,11.73,0.0,0.0,0.0,9.744095,1.4054315231700487,,0.0,34.5206298828125,24.579578399658203,3.3984436988830566,2.0851640701293945,-31.122186183929443,-22.49441432952881
1993-11-16,9530,11.12,0.0,0.0,0.0,20.622074,3.466140502067666,,0.0,39.03900146484375,20.6220760345459,4.558730125427246,2.3403878211975098,-34.480271339416504,-18.28168821334839
1993-11-17,9440,11.08,0.0,0.0,0.0,6.578072,3.373435920963712,,0.0,36.986778259277344,20.6220760345459,2.912992000579834,1.4130737781524658,-34.07378625869751,-19.209002256393433
1993-11-20,6500,9.73,0.0,0.0,1.0,2.3471887,0.2786237881784495,,1.0,41.82759094238281,36.177154541015625,2.963711738586426,1.6054606437683105,-38.86387920379639,-34.571693897247314
1993-11-21,7890,10.38,0.0,0.0,1.0,36.177155,0.6534495194046446,,1.0,51.99967575073242,36.177154541015625,5.088511943817139,2.3989484310150146,-46.91116380691528,-33.77820611000061
1993-11-23,9980,11.32,0.0,0.0,0.0,2.7413082,0.8076198801766559,,0.0,16.277631759643555,13.475334167480469,4.9441328048706055,2.3989484310150146,-11.33349895477295,-11.076385736465454
1993-12-02,18600,14.77,0.0,0.0,2.0,27.509045,2.35828109920042,,2.0,70.2482681274414,27.509044647216797,7.328095436096191,2.693437099456787,-62.920172691345215,-24.81560754776001
1993-12-03,17700,14.43,1.0,1.0,2.0,20.569239,3.664073043054152,,2.0,70.25450134277344,27.509044647216797,7.157962799072266,2.546454429626465,-63.09653854370117,-24.962590217590332
1993-12-04,23500,16.54,1.0,1.0,2.0,22.176214,5.477301763457393,,2.0,48.88310623168945,22.17621612548828,6.00346565246582,2.546454429626465,-42.87964057922363,-19.629761695861816
1993-12-09,14400,13.17,3.0,3.0,3.0,20.218924,1.5978364425817198,,3.0,98.88949584960938,62.771087646484375,10.268166542053223,4.089877128601074,-88.62132930755615,-58.6812105178833
1993-12-10,26800,17.56,3.0,3.0,3.0,62.771084,3.4513167548085373,,3.0,106.83761596679688,62.771087646484375,11.13671875,4.226645469665527,-95.70089721679688,-58.54444217681885
1993-12-12,26400,17.77,2.0,2.0,2.0,22.359463,1.759746961533772,,2.0,53.5144157409668,23.847606658935547,10.972553253173828,4.226645469665527,-42.54186248779297,-19.62096118927002
1993-12-13,21600,16.09,2.0,2.0,2.0,7.307346,3.870154728764836,,2.0,36.5330696105957,22.35946273803711,8.966754913330078,3.8859152793884277,-27.566314697265625,-18.47354745864868
1993-12-14,19600,15.39,2.0,2.0,0.0,6.8662596,1.9865780494710452,,2.0,16.497241973876953,7.307346343994141,7.04567813873291,3.8859152793884277,-9.451563835144043,-3.421431064605713
1993-12-16,15400,13.79,0.0,0.0,0.0,0.0014479371,0.6503665172491472,,0.0,2.3250844478607178,2.323636531829834,2.6940317153930664,0.9798483848571777,0.36894726753234863,-1.3437881469726562
1993-12-20,12500,12.59,0.0,0.0,0.0,0.013654224,2.4872556982220764,,0.0,0.11718270927667618,0.10352848470211029,1.5714771747589111,0.662157416343689,1.454294465482235,0.5586289316415787
1993-12-25,10200,11.65,0.0,0.0,0.0,0.0,0.4771835520863687,,0.0,0.02266404777765274,0.02266404777765274,0.9098305702209473,0.41961660981178284,0.8871665224432945,0.3969525620341301
1993-12-31,11500,12.19,1.0,1.0,0.0,21.375452,1.0156950394623447,,1.0,,,,,,
1994-01-01,11800,12.29,1.0,1.0,0.0,23.153416,2.7001171780548443,,1.0,,,,,,
1994-01-03,13900,13.16,1.0,1.0,1.0,10.322298,2.3622740395842765,,1.0,48.34294891357422,27.243776321411133,8.473810195922852,3.993854284286499,-39.86913871765137,-23.249922037124634
1994-01-04,19400,15.29,1.0,1.0,1.0,27.243776,3.2455680035711407,,1.0,68.40697479248047,30.840900421142578,9.597497940063477,3.993854284286499,-58.80947685241699,-26.84704613685608
1994-01-12,17700,14.67,0.0,0.0,0.0,14.56006,2.15687124260404,,0.0,40.28760528564453,16.771991729736328,4.226728439331055,1.5316917896270752,-36.06087684631348,-15.240299940109253
1994-01-19,17100,14.44,0.0,0.0,0.0,0.2485226,0.2199651152457536,,0.0,0.9860668182373047,0.6621474027633667,2.1139492988586426,1.4661941528320312,1.127882480621338,0.8040467500686646
1994-01-21,15600,13.86,1.0,1.0,0.0,0.48375642,1.0088939590269468,,1.0,14.845832824707031,14.2866792678833,2.5946807861328125,1.4146618843078613,-12.251152038574219,-12.87201738357544
1994-01-22,15600,13.85,1.0,1.0,0.0,14.286677,0.9963846333484196,,1.0,24.85051727294922,14.2866792678833,5.095217227935791,2.5458712577819824,-19.755300045013428,-11.740808010101318
1994-01-25,17600,14.64,0.0,0.0,0.0,1.1640254,2.1992535323913627,,0.0,9.844874382019043,6.769296646118164,6.052041053771973,2.550020456314087,-3.7928333282470703,-4.219276189804077
1994-01-29,12100,12.45,0.0,0.0,0.0,0.029155206,1.4088825925489636,,0.0,0.14278388023376465,0.11362867802381516,1.1334177255630493,0.5529199838638306,0.9906338453292847,0.4392913058400154
1994-02-10,9220,11.19,0.0,0.0,0.0,11.215145,4.403769744088915,,0.0,21.912179946899414,11.215145111083984,4.608352184295654,1.906940221786499,-17.30382776260376,-9.308204889297485
1994-02-16,14300,13.32,1.0,1.0,0.0,31.054235,0.6932040861455033,,1.0,59.71574401855469,31.054235458374023,9.269659042358398,5.227143287658691,-50.44608497619629,-25.827092170715332
1994-02-17,15100,13.65,1.0,1.0,0.0,12.418567,2.7104036339663438,,1.0,53.94451141357422,31.054235458374023,11.178098678588867,5.227143287658691,-42.76641273498535,-25.827092170715332
1994-02-22,11800,12.32,0.0,0.0,0.0,15.589006,6.102517571541646,,0.0,42.69538116455078,24.57569122314453,6.959753513336182,2.5358335971832275,-35.7356276512146,-22.039857625961304
1994-02-25,12400,12.58,0.0,0.0,0.0,12.095339,1.1645008359527895,,0.0,45.90354919433594,19.50994300842285,6.092078685760498,2.3321385383605957,-39.81147050857544,-17.177804470062256
1994-02-26,11900,12.37,0.0,0.0,0.0,19.509943,0.7453588603762512,,0.0,44.280059814453125,19.50994300842285,5.855380058288574,2.3321385383605957,-38.42467975616455,-17.177804470062256
1994-02-27,13000,12.82,3.0,3.0,2.0,12.674776,1.0734220745268963,,3.0,55.644935607910156,23.460216522216797,6.571054458618164,3.0478127002716064,-49.07388114929199,-20.41240382194519
1994-02-28,13400,12.96,3.0,3.0,2.0,23.460217,1.2131694080544928,,3.0,72.74832916259766,36.61333465576172,7.481618881225586,3.0478127002716064,-65.26671028137207,-33.56552195549011
1994-03-01,29700,18.85,3.0,3.0,2.0,36.613335,5.9156373804194855,,3.0,91.92963409423828,36.61333465576172,7.997299671173096,3.0478127002716064,-83.93233442306519,-33.56552195549011
1994-03-02,35200,20.51,3.0,3.0,1.0,31.85608,4.261802227416358,,3.0,87.8464584350586,36.61333465576172,6.433917999267578,2.5647478103637695,-81.41254043579102,-34.04858684539795
1994-03-09,16300,14.14,0.0,0.0,0.0,0.04397446,5.471538545793473,,0.0,10.22787094116211,6.116116046905518,2.179405450820923,0.8304012417793274,-8.048465490341187,-5.28571480512619
1994-03-10,15300,13.72,0.0,0.0,0.0,4.06778,2.282496450558921,,0.0,10.943944931030273,6.83219051361084,2.4820122718811035,0.8574034571647644,-8.46193265914917,-5.974787056446075
1994-03-11,15400,13.77,0.0,0.0,0.0,6.832191,0.4293255131964809,,0.0,10.908169746398926,6.83219051361084,3.5013346672058105,1.8135300874710083,-7.406835079193115,-5.0186604261398315
1994-03-12,15400,13.76,0.0,0.0,0.0,0.008198428,0.4647105991373876,,0.0,9.468603134155273,6.83219051361084,4.232919692993164,1.8135300874710083,-5.235683441162109,-5.0186604261398315
1994-03-15,16400,14.16,0.0,0.0,0.0,0.47532806,1.2421954662219274,,0.0,11.369190216064453,8.752699851989746,3.20835280418396,1.951432466506958,-8.160837411880493,-6.801267385482788
1994-03-25,13400,12.99,0.0,0.0,0.0,0.022502948,2.1733580089237186,,0.0,0.6593261361122131,0.6143202185630798,4.907184600830078,1.9883629083633423,4.247858464717865,1.3740426898002625
1994-03-26,13600,13.05,0.0,0.0,0.0,0.022502948,3.1105251519491444,,0.0,0.04500589519739151,0.022502947598695755,3.6437606811523438,1.9883629083633423,3.5987547859549522,1.9658599607646465
1994-03-28,13400,12.99,0.0,0.0,0.0,0.022502948,2.4887668198041246,,0.0,0.022502947598695755,0.022502947598695755,1.4200057983398438,0.5648090839385986,1.397502850741148,0.5423061363399029
1994-04-16,11900,12.34,0.0,0.0,0.0,0.045811396,1.2795988253261663,,0.0,2.304591178894043,2.2135891914367676,1.0088666677474976,0.492900550365448,-1.2957245111465454,-1.7206886410713196
1994-04-29,17700,14.66,0.0,0.0,0.0,0.61483306,4.138703064195801,,0.0,7.611513137817383,6.890336036682129,3.777297258377075,1.6213037967681885,-3.8342158794403076,-5.26903223991394
1994-05-06,16200,14.09,0.0,0.0,0.0,0.0,2.27203453756001,,0.0,2.229271411895752,2.229271411895752,3.3405025005340576,1.4078316688537598,1.1112310886383057,-0.8214397430419922
1994-05-07,18700,15.04,0.0,0.0,0.0,0.0,3.391288731273728,,0.0,0.0,0.0,3.405064105987549,1.4078316688537598,3.405064105987549,1.4078316688537598
1994-05-15,16100,14.06,0.0,0.0,0.0,3.9321592,3.1747449259008964,,0.0,12.888643264770508,8.346223831176758,4.827822208404541,2.154855728149414,-8.060821056365967,-6.191368103027344
1994-05-16,16100,14.06,0.0,0.0,0.0,8.346224,1.8873393968326797,,0.0,15.082962989807129,8.346223831176758,5.244290351867676,2.154855728149414,-9.838672637939453,-6.191368103027344
1994-05-22,15100,13.64,0.0,0.0,0.0,0.00042829075,0.8172638200872533,,0.0,2.0167622566223145,1.9280039072036743,3.3113441467285156,1.7248742580413818,1.2945818901062012,-0.20312964916229248
1994-05-23,15100,13.65,0.0,0.0,0.0,0.08833006,1.2024229197795318,,0.0,0.10055599361658096,0.08833006024360657,2.7979681491851807,1.211498498916626,2.6974121555685997,1.1231684386730194
1994-05-24,16200,14.08,0.0,0.0,0.0,0.011797642,1.561681329423265,,0.0,0.1231316328048706,0.08833006024360657,3.7601358890533447,1.9628510475158691,3.637004256248474,1.8745209872722626
1994-05-26,18900,15.13,0.0,0.0,0.0,0.0,3.674228267810755,,0.0,0.34201961755752563,0.3190156817436218,4.490636348724365,1.9628510475158691,4.14861673116684,1.6438353657722473
1994-06-12,13800,13.14,1.0,1.0,1.0,3.644959,2.776426544652692,,1.0,18.677024841308594,14.869145393371582,5.9585700035095215,3.2108073234558105,-12.718454837799072,-11.658338069915771
1994-06-13,16900,14.33,1.0,1.0,1.0,14.869146,3.5611049456579025,,1.0,36.59956359863281,18.08545684814453,7.528703212738037,3.2108073234558105,-29.070860385894775,-14.87464952468872
1994-06-24,16500,14.22,0.0,0.0,0.0,2.914391,3.5516631223921684,,0.0,2.917222023010254,2.914391040802002,4.024321556091309,1.594348669052124,1.1070995330810547,-1.320042371749878
1994-06-25,13800,13.15,0.0,0.0,0.0,0.0,1.6925508236563274,,0.0,4.914630889892578,2.914391040802002,3.9762630462646484,1.594348669052124,-0.9383678436279297,-1.320042371749878
1994-06-30,14400,13.37,0.0,1.0,0.0,0.05472102,0.990391192839532,,1.0,3.1056501865386963,2.888019561767578,4.091124534606934,1.862244725227356,0.9854743480682373,-1.0257748365402222
1994-07-01,14800,13.52,0.0,1.0,0.0,2.8880196,1.85242984299794,,1.0,26.972736358642578,24.02999496459961,4.840526103973389,1.862244725227356,-22.13221025466919,-22.167750239372253
1994-07-02,18100,14.8,0.0,0.0,0.0,24.029997,2.3254377643997777,,0.0,30.934791564941406,24.02999496459961,5.0973639488220215,2.1190826892852783,-25.837427616119385,-21.91091227531433
1994-07-05,13600,13.04,0.0,0.0,0.0,5.9896126,3.2546682125076725,,0.0,6.810920715332031,5.989612579345703,4.681914806365967,2.1517457962036133,-2.1290059089660645,-3.83786678314209
1994-07-10,14200,13.32,0.0,0.0,0.0,0.0,1.7400118624697498,,0.0,0.0,0.0,2.5600576400756836,1.2890880107879639,2.5600576400756836,1.2890880107879639
1994-07-12,12800,12.72,0.0,0.0,0.0,0.0,3.282497483875101,,0.0,0.0,0.0,3.983873128890991,1.722351312637329,3.983873128890991,1.722351312637329
1994-07-17,13500,13.03,0.0,0.0,1.0,0.0,1.834017801971154,,1.0,0.05587426573038101,0.04455992206931114,4.076785087585449,1.9551169872283936,4.020910821855068,1.9105570651590824
1994-07-18,13000,12.82,0.0,0.0,1.0,0.044559922,1.776218434773983,,1.0,0.04580942913889885,0.04455992206931114,3.1695637702941895,1.1437046527862549,3.1237543411552906,1.0991447307169437
1994-07-19,13000,12.82,0.0,0.0,0.0,0.0012495088,2.124609044823189,,0.0,0.06464636325836182,0.04455992206931114,3.0562379360198975,1.1437046527862549,2.9915915727615356,1.0991447307169437
1994-07-21,12800,12.73,0.0,0.0,0.0,0.0,3.372680153509452,,0.0,0.018836935982108116,0.018836935982108116,2.0513906478881836,0.8646376132965088,2.0325537119060755,0.8458006773144007
1994-08-10,9630,11.38,0.0,0.0,0.0,0.03988998,2.040644045308848,,0.0,2.8486859798431396,2.1763734817504883,5.126605987548828,2.3254144191741943,2.2779200077056885,0.14904093742370605
1994-08-28,5770,9.57,0.0,0.0,0.0,0.0,1.5009541641608748,,0.0,4.471369743347168,3.4703598022460938,3.0944738388061523,1.2291505336761475,-1.3768959045410156,-2.2412092685699463
1994-08-30,5720,9.55,0.0,0.0,0.0,0.0,2.957794407279506,,0.0,3.486823558807373,3.4703598022460938,4.297671318054199,1.605424165725708,0.8108477592468262,-1.8649356365203857
1994-09-04,8060,10.67,0.0,0.0,0.0,21.359003,1.9189348990140096,,0.0,34.52446746826172,21.3590030670166,5.9919328689575195,2.815552234649658,-28.5325345993042,-18.543450832366943
1994-09-07,6920,10.14,0.0,1.0,1.0,0.0999391,1.1309858456349626,,1.0,1.0458232164382935,0.7615854740142822,3.4569735527038574,1.8174982070922852,2.411150336265564,1.055912733078003
1994-09-08,7840,10.57,0.0,1.0,1.0,0.76158553,2.0016642590399667,,1.0,13.57755184173584,12.71602725982666,4.0730485916137695,1.8174982070922852,-9.50450325012207,-10.898529052734375
1994-09-13,7290,10.31,1.0,1.0,0.0,0.18698429,2.227972695653252,,1.0,6.825441360473633,6.553981781005859,3.878206729888916,1.6988447904586792,-2.947234630584717,-4.85513699054718
1994-09-14,8300,10.79,1.0,1.0,0.0,6.5539827,2.18757313295266,,1.0,21.8118839263916,15.070918083190918,5.030643463134766,2.0757293701171875,-16.781240463256836,-12.99518871307373
1994-09-15,11000,11.95,1.0,1.0,0.0,15.070917,3.568050483695304,,1.0,22.09761619567871,15.070918083190918,4.222908020019531,2.0757293701171875,-17.87470817565918,-12.99518871307373
1994-09-26,7310,10.32,0.0,0.0,0.0,0.0,1.8267808687709115,,0.0,0.0015952849062159657,0.0015952849062159657,0.4523072838783264,0.1868191957473755,0.45071199897211045,0.18522391084115952
1994-09-27,7560,10.44,0.0,0.0,0.0,0.0015952849,1.335093070788358,,0.0,0.0015952849062159657,0.0015952849062159657,0.7190753221511841,0.411465585231781,0.7174800372449681,0.40987030032556504
1994-10-01,7610,10.46,0.0,1.0,0.0,6.9252024,1.992821552495562,,1.0,9.582854270935059,6.925201892852783,5.110228538513184,2.236666202545166,-4.472625732421875,-4.688535690307617
1994-10-04,6990,10.16,0.0,0.0,0.0,0.0,1.5143137023925404,,0.0,0.0,0.0,4.065245628356934,1.8959667682647705,4.065245628356934,1.8959667682647705
1994-10-20,4530,8.93,1.0,1.0,1.0,13.167945,1.8008617856943576,,1.0,58.725677490234375,45.47553253173828,3.3617615699768066,1.6478687524795532,-55.36391592025757,-43.82766377925873
1994-10-21,11000,11.93,1.0,1.0,1.0,45.475533,2.2893343170503364,,1.0,64.70411682128906,45.47553253173828,3.47715425491333,1.6478687524795532,-61.22696256637573,-43.82766377925873
1994-10-25,6670,10.01,2.0,2.0,1.0,0.30688015,1.394965890232889,,2.0,26.05231475830078,25.28754997253418,5.302974224090576,2.6036019325256348,-20.749340534210205,-22.683948040008545
1994-10-26,8970,11.03,3.0,2.0,1.0,25.287554,1.6727557922538487,,3.0,88.02230072021484,62.4278678894043,7.698534965515137,3.038957357406616,-80.3237657546997,-59.38891053199768
1994-10-27,26000,17.64,3.0,1.0,1.0,62.427864,2.098842892541317,,3.0,114.69129943847656,62.4278678894043,7.202823638916016,3.038957357406616,-107.48847579956055,-59.38891053199768
1994-10-29,15800,13.92,0.0,0.0,0.0,15.761632,0.394378553316015,,0.0,50.5476188659668,26.97588539123535,2.9897913932800293,1.5602645874023438,-47.55782747268677,-25.415620803833008
1994-10-31,14400,13.35,4.0,3.0,2.0,36.74847,4.538090101037656,,4.0,90.30548095703125,45.746917724609375,6.778156280517578,3.5255208015441895,-83.52732467651367,-42.221396923065186
1994-11-01,22400,16.4,4.0,3.0,2.0,45.74692,3.948983320210218,,4.0,97.72843933105469,45.746917724609375,7.702263832092285,3.5255208015441895,-90.0261754989624,-42.221396923065186
1994-11-03,15300,13.72,0.0,1.0,1.0,1.276562,2.4746318811107737,,1.0,41.300270080566406,24.7906551361084,7.367770671844482,3.934223175048828,-33.932499408721924,-20.85643196105957
1994-11-04,14300,13.32,1.0,1.0,1.0,24.790655,5.581665044360266,,1.0,34.36559295654297,24.7906551361084,8.099492073059082,3.934223175048828,-26.266100883483887,-20.85643196105957
1994-11-05,14000,13.21,0.0,0.0,0.0,8.298377,5.857978957549305,,0.0,33.817508697509766,24.7906551361084,8.795909881591797,3.934223175048828,-25.02159881591797,-20.85643196105957
1994-11-08,12300,12.53,1.0,1.0,0.0,11.539341,1.3864949708501506,,1.0,38.63908386230469,15.071135520935059,7.1489667892456055,3.446312189102173,-31.490117073059082,-11.624823331832886
1994-11-09,11700,12.27,1.0,1.0,0.0,12.028609,5.232466174394839,,1.0,28.694141387939453,12.028608322143555,7.352008819580078,3.446312189102173,-21.342132568359375,-8.582296133041382
1994-11-19,11200,12.06,1.0,1.0,1.0,5.8987055,2.59478815984988,,1.0,39.805267333984375,33.164306640625,7.425108909606934,3.119396448135376,-32.38015842437744,-30.044910192489624
1994-11-23,10400,11.72,1.0,1.0,0.0,14.711554,0.9239892617782546,,1.0,19.43124771118164,14.711555480957031,4.29642915725708,1.5955710411071777,-15.13481855392456,-13.115984439849854
1994-11-29,10600,11.79,3.0,3.0,3.0,27.277504,2.782710553671476,,3.0,119.26887512207031,77.89946746826172,7.372458457946777,4.060420036315918,-111.89641666412354,-73.8390474319458
1994-11-30,25500,17.22,3.0,3.0,3.0,77.89947,1.4185918380421552,,3.0,149.1661834716797,77.89946746826172,8.964070320129395,4.060420036315918,-140.2021131515503,-73.8390474319458
1994-12-01,37300,21.05,3.0,0.0,0.0,43.989216,0.6876345119337686,,3.0,142.9879608154297,77.89946746826172,7.963775634765625,4.060420036315918,-135.02418518066406,-73.8390474319458
1994-12-17,16000,13.94,3.0,2.0,1.0,31.473995,1.479539099650946,,3.0,108.15213775634766,52.320526123046875,7.264034271240234,2.732776641845703,-100.88810348510742,-49.58774948120117
1994-12-18,33700,20.08,3.0,2.0,0.0,52.32052,0.988702340874475,,3.0,101.09303283691406,52.320526123046875,7.668678283691406,2.7882606983184814,-93.42435455322266,-49.532265424728394
1994-12-19,28600,18.48,3.0,3.0,3.0,17.298513,0.8864259453293077,,3.0,132.85650634765625,63.23747253417969,7.478809356689453,2.7882606983184814,-125.3776969909668,-60.449211835861206
1994-12-20,43900,22.68,3.0,3.0,3.0,63.237473,0.9011327211968284,,3.0,108.94764709472656,63.23747253417969,6.785895824432373,2.7882606983184814,-102.16175127029419,-60.449211835861206
1994-12-25,21800,16.16,1.0,1.0,1.0,3.5044854,1.2088038538560262,,1.0,45.91419982910156,42.35246658325195,7.176497936248779,2.776456356048584,-38.73770189285278,-39.57601022720337
1994-12-26,25200,17.33,1.0,1.0,1.0,42.352467,2.09539719640654,,1.0,82.69425201416016,42.35246658325195,8.17599868774414,3.4908981323242188,-74.51825332641602,-38.861568450927734
1994-12-27,39000,21.5,1.0,0.0,0.0,36.8373,1.7406853779560594,,1.0,122.85653686523438,43.666770935058594,9.098905563354492,3.4908981323242188,-113.75763130187988,-40.175872802734375
1994-12-28,55700,25.54,1.0,0.0,0.0,43.66677,1.970169608517832,,1.0,82.04408264160156,43.666770935058594,7.40784215927124,3.4908981323242188,-74.63624048233032,-40.175872802734375
1995-01-03,19500,15.32,0.0,0.0,0.0,0.0,1.5446805916355124,,0.0,0.021068762987852097,0.021068762987852097,5.497824192047119,2.569441795349121,5.476755429059267,2.548373032361269
1995-01-07,16700,14.29,2.0,1.0,1.0,0.063320234,3.82183066427764,,2.0,4.145293235778809,4.047992706298828,8.304070472717285,3.699528694152832,4.158777236938477,-0.3484640121459961
1995-01-08,15100,13.64,2.0,1.0,1.0,4.047992,2.3816003587673777,,2.0,17.669355392456055,13.558042526245117,11.909819602966309,4.918269157409668,-5.759535789489746,-8.63977336883545
1995-01-09,14100,13.25,2.0,1.0,0.0,13.5580435,3.0015623740645907,,2.0,28.566505432128906,13.558042526245117,14.36711597442627,6.156825065612793,-14.199389457702637,-7.401217460632324
1995-01-10,16200,14.09,1.0,0.0,0.0,10.960469,3.1477464407424174,,1.0,35.44937515258789,13.558042526245117,14.85731029510498,6.156825065612793,-20.59206485748291,-7.401217460632324
1995-01-15,19800,15.43,0.0,0.0,0.0,13.815357,3.9254356977674174,,0.0,29.451969146728516,13.81535816192627,9.1984224319458,4.404420375823975,-20.253546714782715,-9.410937786102295
1995-01-16,18400,14.92,0.0,0.0,0.0,4.5713735,1.6010376561082422,,0.0,24.49785804748535,13.81535816192627,6.408919334411621,2.832331657409668,-18.08893871307373,-10.983026504516602
1995-01-17,18000,14.79,1.0,0.0,0.0,6.111126,1.9469545072218464,,1.0,32.02645492553711,21.34395408630371,6.313292980194092,2.7367053031921387,-25.713161945343018,-18.607248783111572
1995-01-18,19600,15.37,1.0,0.0,0.0,21.343954,3.7652663165791447,,1.0,54.04136276245117,26.58628273010254,4.95911979675293,2.7367053031921387,-49.08224296569824,-23.8495774269104
1995-01-23,16000,14.01,0.0,0.0,0.0,0.0,1.8899340537613745,,0.0,0.0,0.0,5.495725631713867,2.356050491333008,5.495725631713867,2.356050491333008
1995-01-26,13700,13.11,0.0,0.0,0.0,2.9200509,3.2267757021900105,,0.0,4.477200508117676,2.920050859451294,6.4719390869140625,2.7592339515686035,1.9947385787963867,-0.16081690788269043
1995-01-27,13000,12.83,0.0,0.0,0.0,1.3867329,3.1732493040615526,,0.0,4.674471378326416,2.920050859451294,6.379322052001953,2.6666171550750732,1.704850673675537,-0.2534337043762207
1995-01-28,12000,12.38,3.0,3.0,3.0,0.36768764,2.9433060744524973,,3.0,33.413639068603516,31.65921974182129,8.125630378723145,3.885413408279419,-25.28800868988037,-27.77380633354187
1995-01-29,16300,14.1,3.0,3.0,3.0,31.659218,1.341736673837881,,3.0,58.496803283691406,31.65921974182129,9.527735710144043,3.885413408279419,-48.96906757354736,-27.77380633354187
1995-01-30,26100,17.69,2.0,2.0,0.0,26.469894,2.1186910363954627,,2.0,94.09123229980469,35.962120056152344,11.573464393615723,4.712346076965332,-82.51776790618896,-31.24977397918701
1995-01-31,32000,19.52,2.0,2.0,2.0,35.962116,1.7855253069465715,,2.0,103.9835205078125,41.551509857177734,10.715312957763672,4.712346076965332,-93.26820755004883,-36.8391637802124
1995-02-01,52800,24.89,2.0,2.0,2.0,41.551517,1.4330359449366474,,2.0,90.3953857421875,41.551509857177734,9.001371383666992,4.712346076965332,-81.39401435852051,-36.8391637802124
1995-02-03,32100,19.6,1.0,1.0,1.0,5.89834,0.9054922821614494,,1.0,23.059368133544922,12.881763458251953,3.054576873779297,1.3951117992401123,-20.004791259765625,-11.48665165901184
1995-02-04,27600,18.17,1.0,0.0,0.0,4.2792635,1.433851644729364,,1.0,10.227046966552734,5.898339748382568,3.0625410079956055,1.3951117992401123,-7.164505958557129,-4.503227949142456
1995-02-05,26500,17.82,1.0,0.0,0.0,0.04944401,0.2884648848162454,,1.0,5.133603572845459,4.279263496398926,2.933028221130371,1.2697278261184692,-2.200575351715088,-3.0095356702804565
1995-02-06,26500,17.81,1.0,0.0,0.0,0.8048958,0.1795672058510495,,1.0,4.980581283569336,4.126241683959961,3.0608744621276855,1.2697278261184692,-1.9197068214416504,-2.8565138578414917
1995-02-16,17400,14.56,2.0,1.0,0.0,19.101036,3.1558387530766985,,2.0,69.80976867675781,35.45797348022461,6.421741008758545,3.2591910362243652,-63.38802766799927,-32.198782444000244
1995-02-17,19000,15.13,2.0,1.0,0.0,35.45797,3.089908840846576,,2.0,80.68497467041016,35.45797348022461,6.625192642211914,3.2591910362243652,-74.05978202819824,-32.198782444000244
1995-02-18,21600,16.1,4.0,2.0,1.0,26.125967,1.7573709543088252,,4.0,150.51023864746094,88.92630004882812,8.86766529083252,3.2591910362243652,-141.64257335662842,-85.66710901260376
1995-02-19,46200,23.23,4.0,2.0,1.0,88.9263,1.4423200841532695,,4.0,150.58999633789062,88.92630004882812,7.649013042449951,3.1707398891448975,-142.94098329544067,-85.75556015968323
1995-02-20,53500,25.06,4.0,2.0,1.0,35.53773,0.5564273299729892,,4.0,144.9627685546875,88.92630004882812,5.806756496429443,3.1707398891448975,-139.15601205825806,-85.75556015968323
1995-02-21,47300,23.67,0.0,0.0,0.0,20.498734,0.1939592336100554,,0.0,56.55226516723633,35.53773498535156,3.004507064819336,2.0405383110046387,-53.54775810241699,-33.497196674346924
1995-02-22,39200,21.63,0.0,0.0,0.0,0.5157977,0.1600340167686549,,0.0,21.108064651489258,20.498733520507812,1.710280179977417,0.746311366558075,-19.39778447151184,-19.752422153949738
1995-02-27,23100,16.79,0.0,0.0,0.0,0.060748525,2.980163222623838,,0.0,1.3564066886901855,1.1881945133209229,1.5973883867263794,0.6541643738746643,0.24098169803619385,-0.5340301394462585
1995-03-07,17200,14.7,0.0,0.0,0.0,0.6235461,6.175597825076105,,0.0,7.081986427307129,5.046300888061523,4.783168792724609,2.617191791534424,-2.2988176345825195,-2.4291090965270996
1995-03-08,17100,14.65,2.0,0.0,0.0,1.4121394,6.181194265508525,,2.0,35.15010070800781,33.11441421508789,9.501285552978516,6.351229667663574,-25.648815155029297,-26.763184547424316
1995-03-09,19000,15.35,2.0,1.0,1.0,33.11441,4.056492428892348,,2.0,60.300689697265625,33.11441421508789,14.905681610107422,6.351229667663574,-45.3950080871582,-26.763184547424316
1995-03-10,22400,16.55,2.0,1.0,1.0,25.774137,3.3335211902149093,,2.0,73.61503601074219,33.11441421508789,18.233144760131836,6.351229667663574,-55.38189125061035,-26.763184547424316
1995-03-14,23600,16.98,1.0,1.0,0.0,12.127112,2.4716823834057693,,1.0,30.544750213623047,12.29906177520752,8.612259864807129,3.749051094055176,-21.932490348815918,-8.550010681152344
1995-03-20,22900,16.74,1.0,0.0,0.0,10.2599,3.810204203943549,,1.0,41.47986602783203,20.93170928955078,9.277685165405273,4.079424858093262,-32.20218086242676,-16.85228443145752
1995-03-22,20900,16.04,0.0,0.0,0.0,5.554151,2.052481922133426,,0.0,20.003137588500977,10.28825569152832,10.30548095703125,3.7210214138031006,-9.697656631469727,-6.56723427772522
1995-04-01,16900,14.58,0.0,0.0,0.0,6.131214,0.3672940962513355,,0.0,9.138200759887695,6.131214141845703,2.641458511352539,0.9775422215461731,-6.496742248535156,-5.15367192029953
1995-04-02,17000,14.62,0.0,0.0,0.0,2.8874028,0.1992665521752338,,0.0,9.542359352111816,6.131214141845703,2.319694757461548,0.8636459112167358,-7.2226645946502686,-5.267568230628967
1995-04-05,15000,13.86,0.0,0.0,0.0,5.806188,1.4142649298688308,,0.0,9.674036979675293,5.806188106536865,3.5574893951416016,1.392116904258728,-6.116547584533691,-4.414071202278137
1995-04-10,12300,12.77,0.0,0.0,0.0,2.402599,5.322364888742847,,0.0,23.11336326599121,14.703449249267578,5.3631486892700195,2.2166523933410645,-17.75021457672119,-12.486796855926514
1995-04-17,9900,11.79,0.0,0.0,0.0,0.21224362,3.740743863651864,,0.0,6.837703704833984,6.4767584800720215,6.908881187438965,2.928861141204834,0.07117748260498047,-3.5478973388671875
1995-04-22,10600,12.07,0.0,0.0,0.0,0.18317878,3.308101405516669,,0.0,2.082082509994507,1.898903727531433,2.222804069519043,0.9882967472076416,0.14072155952453613,-0.9106069803237915
1995-04-26,11700,12.54,0.0,0.0,0.0,0.0,1.5077674377272006,,0.0,1.2180883884429932,1.161070704460144,2.135430335998535,0.7496657371520996,0.917341947555542,-0.41140496730804443
1995-04-30,14400,13.63,0.0,0.0,0.0,0.21189979,2.9851086738626806,,0.0,2.7040059566497803,1.7096129655838013,7.912794589996338,3.191437244415283,5.208788633346558,1.481824278831482
1995-05-03,16200,14.3,0.0,0.0,0.0,8.281888,1.968768845103838,,0.0,14.807608604431152,8.281888008117676,5.248476505279541,2.752157211303711,-9.559132099151611,-5.529730796813965
1995-05-09,18800,15.28,0.0,0.0,0.0,1.8650609,4.104022286563377,,0.0,13.852496147155762,11.860335350036621,5.980908393859863,2.526379108428955,-7.871587753295898,-9.333956241607666
1995-05-13,18000,14.99,0.0,0.0,0.0,0.3847839,4.111023003684806,,0.0,5.244683742523193,4.793501377105713,6.730932235717773,3.27467942237854,1.48624849319458,-1.5188219547271729
1995-05-24,17700,14.87,0.0,0.0,0.0,0.0,3.693709791084135,,0.0,0.040251474827528,0.040251474827528,6.996219158172607,2.6211514472961426,6.955967683345079,2.5808999724686146
1995-05-30,25600,17.65,0.0,0.0,0.0,0.0,2.8219108496132304,,0.0,0.0,0.0,2.742570638656616,1.0793614387512207,2.742570638656616,1.0793614387512207
1995-06-16,16400,14.39,0.0,0.0,0.0,0.26631436,1.0133055991270543,,0.0,2.7999589443206787,2.1549746990203857,6.663846492767334,2.414865016937256,3.8638875484466553,0.2598903179168701
1995-06-27,15900,14.18,0.0,0.0,0.0,0.036911592,3.0553601210219914,,0.0,0.03691159188747406,0.03691159188747406,4.109785556793213,1.9328055381774902,4.072873964905739,1.8958939462900162
1995-07-01,17300,14.74,0.0,0.0,0.0,0.0,1.90187112893926,,0.0,3.0194458961486816,2.9238760471343994,3.761899471282959,1.6667264699935913,0.7424535751342773,-1.257149577140808
1995-07-02,17800,14.93,2.0,0.0,0.0,2.923876,1.952735497924068,,2.0,8.571513175964355,5.647637367248535,4.308750152587891,2.2135770320892334,-4.262763023376465,-3.4340603351593018
1995-07-03,19900,15.69,2.0,0.0,0.0,5.6476364,3.3968289593059424,,2.0,11.390000343322754,5.647637367248535,6.137810707092285,2.4041149616241455,-5.252189636230469,-3.2435224056243896
1995-07-16,11700,12.56,0.0,0.0,0.0,0.0049548135,2.529720446640586,,0.0,0.007294695824384689,0.00495481351390481,4.728224754333496,1.7515594959259033,4.720930058509111,1.7466046824119985
1995-07-21,13500,13.29,0.0,0.0,0.0,0.0,2.422636444235025,,0.0,0.1301237791776657,0.06510412693023682,6.4407196044921875,2.5342931747436523,6.310595825314522,2.4691890478134155
1995-07-25,9600,11.66,1.0,2.0,2.0,0.27504912,2.247978936882981,,2.0,22.699403762817383,17.520008087158203,4.022631645202637,1.562680721282959,-18.676772117614746,-15.957327365875244
1995-07-26,11300,12.33,1.0,2.0,2.0,17.52001,2.493212352674946,,2.0,30.00722312927246,17.520008087158203,3.8652753829956055,1.562680721282959,-26.141947746276855,-15.957327365875244
1995-08-03,9830,11.76,0.0,0.0,0.0,0.0,3.425064737258696,,0.0,0.46895676851272583,0.46895676851272583,1.9525595903396606,0.7992998361587524,1.4836028218269348,0.3303430676460266
1995-08-05,8920,11.36,2.0,1.0,0.0,1.1942849,4.130621911676268,,2.0,5.157013893127441,3.493772268295288,2.5878794193267822,1.0531651973724365,-2.569134473800659,-2.4406070709228516
1995-08-06,8600,11.23,2.0,1.0,0.0,3.493772,3.08739333593729,,2.0,26.108524322509766,21.420467376708984,3.6144957542419434,1.8259159326553345,-22.494028568267822,-19.59455144405365
1995-08-07,12800,12.95,2.0,1.0,0.0,21.420467,2.693391529700607,,2.0,41.75760269165039,21.420467376708984,4.054614543914795,1.8259159326553345,-37.702988147735596,-19.59455144405365
1995-08-08,18700,15.25,0.0,0.0,0.0,16.843363,1.6441728200645205,,0.0,39.374420166015625,21.420467376708984,4.343007564544678,1.8259159326553345,-35.03141260147095,-19.59455144405365
1995-08-14,10600,12.09,1.0,1.0,1.0,0.00440668,2.482357779527526,,1.0,7.502679824829102,5.38612174987793,6.460158348083496,2.3898091316223145,-1.0425214767456055,-2.9963126182556152
1995-08-15,10800,12.18,0.0,0.0,0.0,5.386122,2.274505816536779,,0.0,9.24936294555664,5.38612174987793,5.739153861999512,2.3898091316223145,-3.510209083557129,-2.9963126182556152
1995-08-26,8490,11.17,0.0,0.0,0.0,0.0,3.0191184159676285,,0.0,0.4607190191745758,0.4607190191745758,3.815762519836426,1.5247700214385986,3.35504350066185,1.0640510022640228
1995-09-07,7890,10.91,0.0,0.0,0.0,0.9921905,2.6953688835432,,0.0,1.6397621631622314,0.9921905398368835,5.127119064331055,1.8991670608520508,3.4873569011688232,0.9069765210151672
1995-09-09,9140,11.47,0.0,0.0,0.0,0.03979175,1.5200107878209224,,0.0,0.5134499073028564,0.4648094177246094,4.098295211791992,1.772628903388977,3.5848453044891357,1.3078194856643677
1995-09-21,6250,10.14,0.0,0.0,0.0,0.0,3.078787672124643,,0.0,0.04954027384519577,0.04954027384519577,3.978074550628662,1.9576267004013062,3.9285342767834663,1.9080864265561104
1995-09-22,5860,9.95,0.0,0.0,0.0,0.049540274,3.0886019025417517,,0.0,0.04954027384519577,0.04954027384519577,2.5364065170288086,1.9576267004013062,2.486866243183613,1.9080864265561104
1995-09-23,5530,9.79,0.0,0.0,0.0,0.0,0.8223934082694228,,0.0,0.05594891682267189,0.04954027384519577,1.2703771591186523,0.6915974617004395,1.2144282422959805,0.6420571878552437
1995-10-01,11800,,1.0,0.0,0.0,8.712902,1.2537934070294434,,1.0,26.456127166748047,10.96268367767334,5.062273025512695,3.273728370666504,-21.39385414123535,-7.688955307006836
1995-10-02,10600,12.07,1.0,0.0,0.0,6.780542,3.566656126841628,,1.0,36.912288665771484,21.41884422302246,2.846312999725342,1.252157211303711,-34.06597566604614,-20.16668701171875
1995-10-07,9550,11.64,0.0,0.0,0.0,7.759609,0.6167463353441667,,0.0,16.374797821044922,7.759608745574951,2.435516119003296,1.0904539823532104,-13.939281702041626,-6.669154763221741
1995-10-09,7570,10.76,2.0,2.0,2.0,5.34256,0.7905596233769187,,2.0,60.7574462890625,48.51668167114258,3.690690755844116,1.8861562013626099,-57.066755533218384,-46.63052546977997
1995-10-10,19100,15.23,2.0,2.0,2.0,48.516685,1.379423161575518,,2.0,106.58384704589844,52.724605560302734,4.789273738861084,2.1890368461608887,-101.79457330703735,-50.535568714141846
1995-10-13,20800,16.0,0.0,1.0,2.0,2.942957,0.8618249603723245,,2.0,24.92610740661621,17.294082641601562,3.996764659881592,1.947823405265808,-20.92934274673462,-15.346259236335754
1995-10-14,17400,14.75,0.0,1.0,2.0,4.6890683,3.983997445642402,,2.0,8.702661514282227,4.68906831741333,3.8130548000335693,1.947823405265808,-4.889606714248657,-2.741244912147522
1995-10-15,17700,14.87,0.0,1.0,2.0,1.0706366,1.0564727958849216,,2.0,28.16212272644043,22.40241813659668,3.4992618560791016,1.6340302228927612,-24.662860870361328,-20.76838791370392
1995-10-17,26300,17.9,1.0,1.0,1.0,18.992722,0.949499151647416,,1.0,67.50163269042969,26.10649299621582,4.462911605834961,1.8194622993469238,-63.03872108459473,-24.287030696868896
1995-10-20,18400,15.14,1.0,1.0,1.0,5.2923517,3.310917192107944,,1.0,15.312881469726562,9.55164623260498,2.3936450481414795,1.0773876905441284,-12.919236421585083,-8.474258542060852
1995-10-23,15400,14.02,0.0,0.0,0.0,0.098235756,1.9624263503892505,,0.0,8.572013854980469,6.243958950042725,3.0734052658081055,1.5576032400131226,-5.498608589172363,-4.686355710029602
1995-10-25,14300,13.59,2.0,2.0,2.0,1.7875109,1.0918934279024302,,2.0,42.39510726928711,38.377777099609375,4.049935340881348,2.0121262073516846,-38.34517192840576,-36.36565089225769
1995-10-26,19200,15.41,2.0,2.0,2.0,38.377777,1.3692272241614123,,2.0,48.939788818359375,38.377777099609375,4.264011859893799,2.0121262073516846,-44.675776958465576,-36.36565089225769
1995-11-06,12200,12.74,0.0,0.0,0.0,20.762705,2.7509009483775904,,0.0,48.175071716308594,20.762704849243164,4.472512722015381,2.3211007118225098,-43.70255899429321,-18.441604137420654
1995-11-07,13200,13.12,3.0,3.0,3.0,12.454176,6.402191663618384,,3.0,170.27206420898438,137.05517578125,8.07058048248291,4.633995056152344,-162.20148372650146,-132.42118072509766
1995-11-08,48400,23.67,3.0,3.0,3.0,137.05518,1.8572721692819905,,3.0,202.85816955566406,137.05517578125,9.477842330932617,4.633995056152344,-193.38032722473145,-132.42118072509766
1995-11-10,48800,23.93,2.0,2.0,2.0,11.059475,4.043958096962257,,2.0,113.73002624511719,53.348819732666016,7.744101047515869,3.704287528991699,-105.98592519760132,-49.644532203674316
1995-11-11,48500,23.85,2.0,2.0,2.0,49.321728,7.468716972631588,,2.0,87.61829376220703,49.32173156738281,6.620922565460205,3.704287528991699,-80.99737119674683,-45.61744403839111
1995-11-12,57100,25.87,1.0,2.0,2.0,27.237087,1.8637318420514224,,2.0,82.7022705078125,49.32173156738281,6.337339401245117,3.704287528991699,-76.36493110656738,-45.61744403839111
1995-11-13,45300,23.18,1.0,2.0,2.0,6.14345,1.483843274868304,,2.0,63.7073974609375,30.32685661315918,3.8683881759643555,1.3995674848556519,-59.839009284973145,-28.927289128303528
1995-11-14,52800,24.89,1.0,2.0,2.0,30.32686,1.9011087482614453,,2.0,40.08851623535156,30.32685661315918,3.4454731941223145,1.2353366613388062,-36.64304304122925,-29.091519951820374
1995-11-15,48600,23.96,1.0,1.0,1.0,3.6182103,1.435849458232327,,1.0,53.01914596557617,30.32685661315918,3.185065269470215,1.2353366613388062,-49.83408069610596,-29.091519951820374
1995-11-16,47700,23.77,4.0,3.0,3.0,19.074078,0.8554938321357198,,4.0,33.7795524597168,19.074077606201172,4.391112327575684,2.4413838386535645,-29.388440132141113,-16.632693767547607
1995-11-17,47100,23.61,4.0,3.0,3.0,11.087265,1.4368972408391352,,4.0,50.952571868896484,20.791229248046875,5.4650559425354,2.4413838386535645,-45.487515926361084,-18.34984540939331
1995-11-18,50400,24.36,4.0,3.0,3.0,20.79123,0.5007386144056675,,4.0,42.205623626708984,20.791229248046875,4.729452133178711,2.4413838386535645,-37.47617149353027,-18.34984540939331
1995-11-22,30400,19.21,3.0,0.0,0.0,7.073611,0.6390754713471757,,3.0,30.09832000732422,22.950305938720703,4.689726829528809,1.7955209016799927,-25.40859317779541,-21.15478503704071
1995-11-23,36100,20.81,3.0,2.0,2.0,22.950306,1.6234455308041886,,3.0,75.73551940917969,45.711605072021484,5.851272106170654,2.5062880516052246,-69.88424730300903,-43.20531702041626
1995-11-26,57300,25.91,0.0,0.0,0.0,24.16085,2.1835787459261518,,0.0,,,7.202671051025391,3.0360074043273926,,
1995-11-27,51900,24.71,4.0,4.0,4.0,16.348326,2.4556597827142737,,4.0,,,8.098556518554688,3.9318933486938477,,
1995-11-28,59300,26.3,4.0,4.0,4.0,44.730637,2.889349816793041,,4.0,,,10.097164154052734,4.225832939147949,,
1995-11-29,91600,31.7,4.0,4.0,4.0,115.31755,2.143113877642965,,4.0,,,11.29476547241211,4.225832939147949,,
1995-11-30,132000,36.48,4.0,4.0,4.0,64.439926,1.2716055046819554,,4.0,196.40245056152344,115.31754302978516,9.637983322143555,4.225832939147949,-186.76446723937988,-111.0917100906372
1995-12-02,78700,29.91,0.0,0.0,0.0,16.275227,0.5005708038579894,,0.0,46.237274169921875,16.64497184753418,5.202238082885742,2.275111198425293,-41.03503608703613,-14.369860649108887
1995-12-04,48300,24.17,0.0,0.0,0.0,21.173965,1.8305144467935168,,0.0,41.9667854309082,21.17396354675293,4.94395112991333,2.4858596324920654,-37.02283430099487,-18.688103914260864
1995-12-07,27100,18.37,0.0,0.0,0.0,0.68269944,1.1347392633282287,,0.0,5.261763572692871,4.027663707733154,2.263667106628418,0.8966217041015625,-2.998096466064453,-3.131042003631592
1995-12-08,23800,17.23,0.0,0.0,0.0,0.5514008,2.8840261718322147,,0.0,2.571493148803711,1.3373929262161255,2.7864625453948975,1.3359965085983276,0.21496939659118652,-0.0013964176177978516
1995-12-09,23100,16.96,3.0,3.0,3.0,1.3373929,2.7617443617102624,,3.0,33.841922760009766,31.9531307220459,7.54966402053833,5.31704568862915,-26.292258739471436,-26.636085033416748
1995-12-10,27600,18.48,3.0,3.0,3.0,31.95313,1.8911575001188317,,3.0,67.32119750976562,34.03067398071289,11.839813232421875,5.31704568862915,-55.48138427734375,-28.71362829208374
1995-12-11,42100,22.67,1.0,1.0,0.0,34.03067,3.871579671777449,,1.0,85.98017883300781,34.03067398071289,17.21845245361328,6.714634895324707,-68.76172637939453,-27.316039085388184
1995-12-12,45300,23.5,2.0,1.0,0.0,19.996378,4.678705626819928,,2.0,93.92945861816406,39.902400970458984,17.230945587158203,6.714634895324707,-76.69851303100586,-33.18776607513428
1995-12-13,51000,24.74,2.0,1.0,0.0,39.902397,2.4755240463008312,,2.0,77.29702758789062,39.902400970458984,14.386266708374023,6.714634895324707,-62.9107608795166,-33.18776607513428
1995-12-14,48400,24.17,1.0,1.0,0.0,17.398243,2.4366916109192585,,1.0,80.1568832397461,39.902400970458984,10.383062362670898,5.3295392990112305,-69.7738208770752,-34.572861671447754
1995-12-17,27100,18.36,1.0,1.0,0.0,1.4409353,4.862455283242298,,1.0,21.444679260253906,10.404047012329102,6.589277744293213,2.88162899017334,-14.855401515960693,-7.522418022155762
1995-12-18,24700,17.53,1.0,1.0,0.0,9.599695,5.55995300478012,,1.0,19.569461822509766,9.599696159362793,6.449212551116943,2.88162899017334,-13.120249271392822,-6.718067169189453
1995-12-19,24400,17.42,0.0,0.0,0.0,8.528831,2.96099396750014,,0.0,19.07640838623047,9.599696159362793,3.985053062438965,2.872490406036377,-15.091355323791504,-6.727205753326416
1995-12-22,20600,16.02,0.0,0.0,0.0,0.92344993,0.3429694200409607,,0.0,1.4622966051101685,0.9234499931335449,3.363522529602051,1.5715250968933105,1.9012259244918823,0.6480751037597656
1995-12-23,19000,15.44,0.0,0.0,0.0,0.022294696,0.335015778738073,,0.0,1.0451807975769043,0.9234499931335449,2.55222225189209,1.5715250968933105,1.5070414543151855,0.6480751037597656
1995-12-28,13500,13.19,0.0,0.0,0.0,2.037336,1.0498494458325325,,0.0,19.573261260986328,17.31380844116211,4.781091213226318,3.015385389328003,-14.79217004776001,-14.298423051834106
1996-01-01,16200,14.33,0.0,0.0,1.0,6.1817956,3.2007909002043897,,1.0,,,,,,
1996-01-02,16800,14.57,0.0,1.0,1.0,13.131451,3.258682852531315,,1.0,52.20215606689453,32.888912200927734,8.230144500732422,3.084993839263916,-43.97201156616211,-29.80391836166382
1996-01-03,26700,18.18,0.0,1.0,1.0,32.88891,2.023206214776835,,1.0,63.64118194580078,32.888912200927734,7.202698230743408,3.084993839263916,-56.43848371505737,-29.80391836166382
1996-01-05,21700,16.44,3.0,0.0,0.0,7.918057,0.8833541029885571,,3.0,35.811187744140625,17.620817184448242,5.044073104858398,3.027968645095825,-30.767114639282227,-14.592848539352417
1996-01-06,20200,15.88,3.0,3.0,3.0,10.272316,2.695274231781086,,3.0,54.944393157958984,36.75402069091797,7.103820323944092,3.1187362670898438,-47.84057283401489,-33.635284423828125
1996-01-07,33600,20.3,3.0,3.0,3.0,36.75402,2.95433341806526,,3.0,74.22611999511719,36.75402069091797,8.186514854431152,3.1187362670898438,-66.03960514068604,-33.635284423828125
1996-01-10,24400,17.45,0.0,1.0,1.0,11.864808,0.8263326162119043,,1.0,18.56713104248047,11.864809036254883,6.78984260559082,2.5795910358428955,-11.777288436889648,-9.285218000411987
1996-01-11,23100,16.97,0.0,1.0,1.0,4.9176483,1.3228441407872629,,1.0,17.143054962158203,11.864809036254883,6.059514045715332,2.5795910358428955,-11.083540916442871,-9.285218000411987
1996-01-13,20700,16.06,3.0,1.0,0.0,1.9478997,0.5802134417901995,,3.0,32.851932525634766,30.543434143066406,4.710104465484619,2.0344114303588867,-28.141828060150146,-28.50902271270752
1996-01-14,22800,16.87,3.0,2.0,2.0,30.543434,1.167023574075337,,3.0,73.61886596679688,41.127532958984375,7.674894332885742,4.437399387359619,-65.94397163391113,-36.690133571624756
1996-01-15,30200,19.36,3.0,2.0,2.0,41.127533,2.633944849848826,,3.0,97.22370147705078,41.127532958984375,9.63278865814209,4.437399387359619,-87.59091281890869,-36.690133571624756
1996-01-19,22400,16.72,0.0,0.0,0.0,2.7171495,4.660744111647747,,0.0,10.475534439086914,4.451119422912598,7.571780204772949,2.8010213375091553,-2.903754234313965,-1.6500980854034424
1996-01-21,19700,15.72,0.0,0.0,0.0,14.410336,1.4234726036881125,,0.0,22.672090530395508,14.4103364944458,6.293208599090576,2.747352361679077,-16.37888193130493,-11.662984132766724
1996-02-05,16800,,2.0,1.0,1.0,9.760384,2.024397421669468,,2.0,65.90625,44.06706619262695,12.881962776184082,4.976984977722168,-53.02428722381592,-39.090081214904785
1996-02-06,26500,18.15,2.0,1.0,1.0,44.067066,2.29404024559859,,2.0,108.50979614257812,54.682342529296875,12.472258567810059,4.976984977722168,-96.03753757476807,-49.70535755157471
1996-02-07,35800,20.92,2.0,1.0,0.0,54.682343,2.3915429270540773,,2.0,140.59219360351562,54.682342529296875,10.98058032989502,4.022346496582031,-129.6116132736206,-50.659996032714844
1996-02-08,46400,23.31,2.0,1.0,0.0,41.842793,2.4784491577439813,,2.0,159.80892944335938,63.283790588378906,8.915084838867188,3.48530650138855,-150.8938446044922,-59.798484086990356
1996-02-12,26100,17.39,0.0,0.0,0.0,1.5588744,0.2104519931635801,,0.0,1.6582574844360352,1.5588743686676025,0.9120250940322876,0.6332405805587769,-0.7462323904037476,-0.9256337881088257
1996-02-14,22200,16.0,0.0,0.0,0.0,0.0,0.3569762275279564,,0.0,0.09436541795730591,0.056893907487392426,1.1382830142974854,0.6332405805587769,1.0439175963401794,0.5763466730713844
1996-02-17,22400,16.06,1.0,1.0,1.0,4.6784225,1.4310616910425953,,1.0,33.801631927490234,29.07366371154785,4.685851097106934,2.8073132038116455,-29.1157808303833,-26.266350507736206
1996-02-18,27300,17.79,1.0,1.0,1.0,29.073664,1.8484381425935,,1.0,49.148826599121094,29.07366371154785,7.680272579193115,3.2203845977783203,-41.46855401992798,-25.85327911376953
1996-03-08,14200,13.51,1.0,1.0,1.0,2.4519587,0.3853924224857867,,1.0,8.253917694091797,4.910655975341797,3.6413207054138184,1.9020987749099731,-4.6125969886779785,-3.0085572004318237
1996-03-09,13500,13.19,1.0,1.0,1.0,4.910656,0.2515482176329206,,1.0,26.913604736328125,19.55099105834961,3.9892659187316895,1.9020987749099731,-22.924338817596436,-17.648892283439636
1996-03-10,18500,15.24,1.0,1.0,1.0,19.550991,0.6233884917510368,,1.0,32.36484909057617,19.55099105834961,4.703788757324219,1.9020987749099731,-27.661060333251953,-17.648892283439636
1996-03-14,15800,14.16,0.0,0.0,0.0,0.38540864,0.8209420123625949,,0.0,7.874467849731445,6.8416900634765625,3.615673542022705,1.502303123474121,-4.25879430770874,-5.339386940002441
1996-03-19,15300,13.97,0.0,0.0,0.0,2.190348,2.5948952114061576,,0.0,6.1230268478393555,3.8535380363464355,1.5693814754486084,0.7094008326530457,-4.553645372390747,-3.14413720369339
1996-03-21,14400,13.58,0.0,0.0,0.0,1.3071964,0.2378580182235641,,0.0,9.074174880981445,3.913440227508545,2.42586088180542,1.4586119651794434,-6.648313999176025,-2.4548282623291016
1996-03-30,10800,12.01,0.0,0.0,0.0,9.544154,2.724924412921412,,0.0,17.53180503845215,9.54415512084961,3.4055986404418945,1.4612895250320435,-14.126206398010254,-8.082865595817566
1996-04-01,12200,12.64,0.0,0.0,0.0,14.052595,2.948049409046477,,0.0,37.77709197998047,21.16036033630371,6.037500381469727,3.374514102935791,-31.739591598510742,-17.78584623336792
1996-04-05,11200,12.18,3.0,3.0,2.0,0.20313555,1.7349052139067824,,3.0,6.890650272369385,6.0526838302612305,3.7427053451538086,2.146056652069092,-3.147944927215576,-3.9066271781921387
1996-04-06,11600,12.4,3.0,3.0,2.0,6.052684,1.106761194430839,,3.0,21.931697845458984,15.67587947845459,4.307530403137207,2.146056652069092,-17.624167442321777,-13.529822826385498
1996-04-07,15100,13.86,3.0,3.0,0.0,15.67588,0.5594526730856269,,3.0,21.799169540405273,15.67587947845459,2.75566029548645,1.18680739402771,-19.043509244918823,-14.48907208442688
1996-04-11,16400,14.4,0.0,0.0,0.0,3.9665895,1.900376127089624,,0.0,16.037084579467773,7.9578328132629395,4.857177734375,2.3462655544281006,-11.179906845092773,-5.611567258834839
1996-04-13,14700,13.72,0.0,0.0,0.0,4.862517,2.720688436571953,,0.0,13.60612678527832,7.9578328132629395,5.466549873352051,2.3462655544281006,-8.13957691192627,-5.611567258834839
1996-04-14,13600,13.23,2.0,1.0,0.0,0.785778,2.190419712366108,,2.0,6.424773693084717,4.862516403198242,4.264637470245361,1.6817067861557007,-2.1601362228393555,-3.1808096170425415
1996-04-15,12000,12.53,2.0,1.0,0.0,0.7764793,3.32162152108275,,2.0,8.658676147460938,7.096418380737305,5.3023881912231445,2.4763283729553223,-3.356287956237793,-4.620090007781982
1996-04-16,12600,12.84,0.0,1.0,0.0,7.096419,3.3013947701801487,,1.0,18.734514236450195,10.861617088317871,6.401910305023193,2.781229019165039,-12.332603931427002,-8.080388069152832
1996-04-17,14000,13.42,0.0,1.0,0.0,10.861616,1.5319015704339307,,1.0,24.408370971679688,10.861617088317871,7.935214996337891,2.781229019165039,-16.473155975341797,-8.080388069152832
1996-04-22,14000,13.42,2.0,2.0,0.0,0.081571706,5.5732034248231495,,2.0,30.655961990356445,30.312503814697266,7.0017991065979,4.023047924041748,-23.654162883758545,-26.289455890655518
1996-04-23,18400,15.16,2.0,2.0,0.0,30.312504,4.486897757497226,,2.0,83.33296203613281,52.93888473510742,9.81479263305664,4.023047924041748,-73.51816940307617,-48.915836811065674
1996-04-24,32000,19.95,2.0,2.0,0.0,52.93889,1.6043796072985188,,2.0,95.57870483398438,52.93888473510742,9.290351867675781,4.023047924041748,-86.2883529663086,-48.915836811065674
1996-04-25,26700,18.23,1.0,1.0,0.0,12.327315,1.346233252528008,,1.0,83.57901763916016,52.93888473510742,6.530637264251709,3.7176384925842285,-77.04838037490845,-49.22124624252319
1996-04-28,20600,16.04,0.0,0.0,0.0,1.1043164,4.453754967667536,,0.0,21.66671371459961,17.10982322692871,1.595994234085083,0.6416817307472229,-20.070719480514526,-16.468141496181488
1996-05-02,16600,14.51,0.0,0.0,0.0,7.8997526,1.1326633311220369,,0.0,17.487146377563477,7.899753093719482,2.723073959350586,1.4797616004943848,-14.76407241821289,-6.419991493225098
1996-05-08,15000,13.91,0.0,0.0,0.0,10.280109,2.683853608030107,,0.0,16.146121978759766,10.280110359191895,4.69038724899292,1.6411762237548828,-11.455734729766846,-8.638934135437012
1996-05-23,21000,16.19,0.0,0.0,0.0,18.415352,3.6051740207779215,,0.0,27.975767135620117,18.41535186767578,6.62258243560791,2.710561752319336,-21.353184700012207,-15.704790115356445
1996-05-30,19700,15.7,0.0,0.0,0.0,9.904029,1.7419348638812595,,0.0,23.383621215820312,12.574517250061035,4.571075439453125,2.4165265560150146,-18.812545776367188,-10.15799069404602
1996-06-01,17000,14.68,0.0,0.0,0.0,0.023188606,4.653725208161545,,0.0,0.9282631874084473,0.9050745964050293,4.580381870269775,2.4165265560150146,3.652118682861328,1.5114519596099854
1996-06-05,22800,16.84,0.0,0.0,0.0,1.5298684,1.52329817991688,,0.0,2.025129556655884,1.5298683643341064,3.496781587600708,1.3053256273269653,1.4716520309448242,-0.2245427370071411
1996-06-14,18500,15.22,0.0,0.0,0.0,0.0,2.0108376267620627,,0.0,0.2700235843658447,0.2700235843658447,3.4324018955230713,1.432363748550415,3.1623783111572266,1.1623401641845703
1996-06-18,17000,14.67,0.0,0.0,0.0,4.612819,2.618307262766105,,0.0,6.521746635437012,4.612819194793701,3.9080677032470703,1.691504955291748,-2.6136789321899414,-2.921314239501953
1996-06-20,15300,14.02,0.0,0.0,0.0,0.0,2.4083911473736204,,0.0,1.2442750930786133,1.133901834487915,1.8095465898513794,0.8753293752670288,0.5652714967727661,-0.25857245922088623
1996-06-21,15500,14.13,0.0,0.0,0.0,0.11037328,2.6053033919636936,,0.0,2.215773820877075,2.105400562286377,2.7390384674072266,1.8048211336135864,0.5232646465301514,-0.3005794286727905
1996-06-24,15000,13.93,0.0,0.0,0.0,9.499992,2.8029689240491944,,0.0,12.398681640625,9.499992370605469,6.333192348480225,2.7757456302642822,-6.065489292144775,-6.7242467403411865
1996-06-28,14700,13.82,0.0,0.0,0.0,2.7741592,1.1516796554510529,,0.0,3.758549928665161,2.7741589546203613,5.541167736053467,2.556433916091919,1.7826178073883057,-0.21772503852844238
1996-06-30,12400,12.91,0.0,0.0,0.0,0.109644406,1.195462915315606,,0.0,0.1704302579164505,0.10964439809322357,3.1754679679870605,1.5637332201004028,3.00503771007061,1.4540888220071793
1996-07-06,14100,13.57,0.0,0.0,0.0,0.0,1.5021856703845382,,0.0,0.5560373067855835,0.49891942739486694,3.857107639312744,1.673336386680603,3.3010703325271606,1.174416959285736
1996-07-14,19000,15.45,0.0,0.0,0.0,0.0,4.383196005612973,,0.0,0.0017622788436710835,0.0017622788436710835,4.968400001525879,2.300471782684326,4.966637722682208,2.298709503840655
1996-07-18,18300,15.15,0.0,0.0,0.0,11.122391,3.0666896062858693,,0.0,26.28281021118164,12.946843147277832,6.543305397033691,2.596804618835449,-19.73950481414795,-10.350038528442383
1996-07-26,15600,14.15,0.0,0.0,0.0,0.0,2.38840019922336,,0.0,0.0,0.0,5.8308024406433105,2.3682103157043457,5.8308024406433105,2.3682103157043457
1996-08-01,13100,13.19,0.0,0.0,0.0,0.0028015717,2.591214332508747,,0.0,1.0943046808242798,1.0902633666992188,3.6149959564208984,1.5050538778305054,2.5206912755966187,0.4147905111312866
1996-08-07,11800,12.67,0.0,0.0,0.0,0.0,2.2977953165977447,,0.0,1.0064715147018433,0.941053032875061,2.9010326862335205,1.249178409576416,1.8945611715316772,0.308125376701355
1996-08-23,8590,11.22,0.0,0.0,0.0,0.0,2.509991960800117,,0.0,0.03774656355381012,0.03774656355381012,5.249790668487549,2.108837604522705,5.212044104933739,2.071091040968895
1996-08-29,9350,11.59,2.0,2.0,2.0,0.013738703,3.059208603803844,,2.0,0.4828074872493744,0.4679725170135498,3.0929360389709473,1.2187798023223877,2.610128551721573,0.7508072853088379
1996-08-30,9640,11.73,2.0,2.0,2.0,0.4679725,1.9431237974782951,,2.0,14.662727355957031,14.181015968322754,3.457500696182251,1.3503732681274414,-11.20522665977478,-12.830642700195312
1996-09-25,7620,10.74,0.0,0.0,0.0,0.0,3.198272295346564,,0.0,0.11442239582538605,0.11442239582538605,2.741392135620117,1.197974443435669,2.626969739794731,1.083552047610283
1996-09-26,6870,10.36,0.0,0.0,0.0,0.0,6.491275918153092,,0.0,0.23649509251117706,0.23649509251117706,2.6961278915405273,1.197974443435669,2.4596327990293503,0.9614793509244919
1996-10-02,9100,11.47,3.0,4.0,3.0,0.09391749,1.0018932419055178,,4.0,1.534335970878601,1.4387328624725342,1.8258954286575317,0.8489681482315063,0.29155945777893066,-0.5897647142410278
1996-10-03,9000,11.42,3.0,4.0,3.0,1.4387329,1.0860748244912468,,4.0,6.923605442047119,5.390954971313477,2.455948829650879,1.2364795207977295,-4.46765661239624,-4.154475450515747
1996-10-04,9250,11.54,3.0,4.0,3.0,5.390955,0.9079743076264936,,4.0,46.64500427246094,39.81531524658203,2.66405987739563,1.2364795207977295,-43.98094439506531,-38.5788357257843
1996-10-10,9580,11.7,1.0,0.0,0.0,0.06849509,0.5640755230129846,,1.0,8.881216049194336,6.671043395996094,0.5896317958831787,0.31319814920425415,-8.291584253311157,-6.35784524679184
1996-10-11,10200,11.97,1.0,0.0,0.0,6.6710434,0.1729378625648147,,1.0,17.0568790435791,10.317340850830078,1.495821237564087,0.9658023118972778,-15.561057806015015,-9.3515385389328
1996-10-14,17800,14.97,1.0,1.0,1.0,26.417313,0.8961234110180437,,1.0,73.607666015625,34.08488464355469,4.750961780548096,2.15226411819458,-68.8567042350769,-31.932620525360107
1996-10-17,14300,13.64,2.0,2.0,1.0,1.0824537,3.3131332419881825,,2.0,58.455902099609375,41.59326171875,6.333603858947754,3.5095324516296387,-52.12229824066162,-38.08372926712036
1996-10-18,16100,14.32,2.0,2.0,1.0,41.59326,4.454337344666745,,2.0,55.11603927612305,41.59326171875,7.101881980895996,3.5095324516296387,-48.01415729522705,-38.08372926712036
1996-10-21,12800,13.08,1.0,1.0,1.0,1.3290924,4.121186701634087,,1.0,43.807247161865234,37.40153121948242,6.414276123046875,2.9900906085968018,-37.39297103881836,-34.41144061088562
1996-10-22,20000,15.81,1.0,1.0,1.0,37.40153,3.9947922931146014,,1.0,43.497314453125,37.40153121948242,5.828329086303711,2.9900906085968018,-37.66898536682129,-34.41144061088562
1996-10-23,20400,15.97,1.0,1.0,1.0,4.76669,2.4327519896503054,,1.0,70.41146087646484,37.40153121948242,6.026131629943848,3.1878929138183594,-64.385329246521,-34.21363830566406
1996-10-24,21000,16.18,1.0,1.0,1.0,28.243237,2.9478098863558877,,1.0,47.80057144165039,28.24323844909668,7.3100080490112305,3.1878929138183594,-40.49056339263916,-25.05534553527832
1996-10-27,15000,13.92,0.0,1.0,2.0,0.16339488,2.6871153738847937,,2.0,18.55607795715332,16.350170135498047,9.616253852844238,3.909052610397339,-8.939824104309082,-12.441117525100708
1996-10-28,16000,14.28,1.0,1.0,2.0,16.35017,3.207181340789744,,2.0,46.23227310180664,29.718708038330078,9.489675521850586,3.909052610397339,-36.742597579956055,-25.80965542793274
1996-10-31,17900,14.99,0.0,0.0,0.0,0.0,0.8815168668200107,,0.0,0.3151944875717163,0.2951886057853699,2.7798612117767334,1.3118538856506348,2.464666724205017,1.016665279865265
1996-11-01,15600,14.15,0.0,0.0,0.0,0.2951886,1.3892917444237092,,0.0,0.35526522994041443,0.2951886057853699,1.8653063774108887,1.3118538856506348,1.5100411474704742,1.016665279865265
1996-11-05,15200,13.99,0.0,0.0,0.0,6.8100553,1.0622651530651257,,0.0,46.665435791015625,23.553558349609375,3.5070693492889404,1.4968781471252441,-43.158366441726685,-22.05668020248413
1996-11-07,17800,14.99,2.0,2.0,2.0,20.491817,5.124237257661523,,2.0,65.75218963623047,28.95855140686035,4.774518013000488,2.0802001953125,-60.97767162322998,-26.87835121154785
1996-11-08,19100,15.47,2.0,2.0,2.0,28.958551,4.448587146786697,,2.0,62.12163543701172,28.95855140686035,4.697772026062012,2.0802001953125,-57.42386341094971,-26.87835121154785
1996-11-09,24100,17.32,0.0,0.0,2.0,12.671263,0.8770729872550782,,2.0,41.819740295410156,28.95855140686035,4.27940034866333,2.0802001953125,-37.540339946746826,-26.87835121154785
1996-11-11,20200,15.89,2.0,1.0,1.0,0.09375049,0.3714482339593162,,2.0,2.181281089782715,1.8976051807403564,3.202239513397217,1.3093926906585693,1.020958423614502,-0.5882124900817871
1996-11-12,20800,16.11,2.0,1.0,1.0,1.8976052,0.508840226585572,,2.0,20.861305236816406,18.869949340820312,4.257439613342285,1.83426833152771,-16.60386562347412,-17.035681009292603
1996-11-13,25500,17.82,2.0,1.0,0.0,18.869951,0.9201924448054164,,2.0,31.553977966308594,18.869949340820312,4.85324239730835,1.83426833152771,-26.700735569000244,-17.035681009292603
1996-11-20,15400,14.07,0.0,0.0,0.0,13.889413,1.2240591139520418,,0.0,20.70375633239746,13.889413833618164,10.009769439697266,6.210102558135986,-10.693986892700195,-7.679311275482178
1996-11-24,13900,13.51,0.0,0.0,0.0,10.004087,5.708263016167265,,0.0,28.23334503173828,18.18983268737793,4.871960639953613,2.0287296772003174,-23.361384391784668,-16.161103010177612
1996-11-28,38000,21.61,0.0,0.0,0.0,67.19364,2.097167887013076,,0.0,99.65947723388672,67.19363403320312,7.466636657714844,2.8740148544311523,-92.19284057617188,-64.31961917877197
1996-11-29,29300,19.04,0.0,0.0,0.0,11.078291,4.504531504777021,,0.0,83.1044692993164,67.19363403320312,7.277321815490723,2.7796828746795654,-75.82714748382568,-64.41395115852356
1996-11-30,23000,16.91,1.0,1.0,1.0,4.8325424,5.254746331210901,,1.0,44.78550720214844,28.87467384338379,7.7521891593933105,3.2545504570007324,-37.03331804275513,-25.620123386383057
1996-12-01,25600,17.87,1.0,1.0,1.0,28.874678,6.5361212203877415,,1.0,51.749107360839844,28.87467384338379,7.85194206237793,3.2545504570007324,-43.897165298461914,-25.620123386383057
1996-12-04,19300,15.55,1.0,1.0,1.0,1.897051,3.2882518150198705,,1.0,62.43125915527344,43.117618560791016,8.483357429504395,4.6307053565979,-53.94790172576904,-38.486913204193115
1996-12-09,17900,15.0,0.0,0.0,0.0,14.962532,2.674160688932564,,0.0,54.835662841796875,34.584007263183594,13.250322341918945,5.686825752258301,-41.58534049987793,-28.897181510925293
1996-12-10,17300,14.75,1.0,0.0,0.0,5.289124,3.0623800578243734,,1.0,34.7126350402832,14.962532043457031,13.745586395263672,5.686825752258301,-20.96704864501953,-9.27570629119873
1996-12-15,14600,13.65,1.0,1.0,1.0,0.5495933,2.902043899404604,,1.0,31.11581039428711,16.9281063079834,4.008701324462891,1.8044830560684204,-27.10710906982422,-15.123623251914978
1996-12-16,14400,13.59,1.0,1.0,1.0,13.638112,4.160212573804608,,1.0,14.236858367919922,13.63811206817627,3.3293213844299316,1.8044830560684204,-10.90753698348999,-11.83362901210785
1996-12-17,13800,13.32,0.0,0.0,0.0,0.049153242,1.1617071623277722,,0.0,13.730958938598633,13.63811206817627,1.9624269008636475,1.0763719081878662,-11.768532037734985,-12.561740159988403
1996-12-26,12300,12.69,0.0,0.0,0.0,2.5593948,4.407426650050943,,0.0,34.79356384277344,23.619670867919922,10.28175163269043,3.9214835166931152,-24.511812210083008,-19.698187351226807
1996-12-27,12400,12.72,0.0,0.0,0.0,23.61967,2.174843710927732,,0.0,44.76884460449219,23.619670867919922,9.198198318481445,3.9214835166931152,-35.57064628601074,-19.698187351226807
1996-12-29,10300,,3.0,2.0,1.0,18.729237,5.090853291835356,,3.0,96.24795532226562,58.9289436340332,11.755664825439453,6.2913618087768555,-84.49229049682617,-52.63758182525635
1996-12-30,14200,13.5,3.0,2.0,1.0,58.928944,3.330384868944509,,3.0,109.49089050292969,58.9289436340332,14.864862442016602,6.2913618087768555,-94.62602806091309,-52.63758182525635
1996-12-31,22400,16.69,4.0,3.0,1.0,31.832708,3.775841687694651,,4.0,,,,,,
1997-01-01,38300,21.64,4.0,3.0,1.0,50.400143,4.728309143401553,,4.0,,,,,,
1997-01-06,19500,15.64,1.0,1.0,1.0,4.2321763,1.8314070253100465,,1.0,58.9785270690918,52.19509506225586,5.300203800201416,2.513625144958496,-53.67832326889038,-49.68146991729736
1997-01-07,23400,17.08,1.0,1.0,1.0,52.1951,2.2692288774673006,,1.0,73.52981567382812,52.19509506225586,5.664397239685059,2.513625144958496,-67.86541843414307,-49.68146991729736
1997-01-11,20700,16.09,0.0,0.0,0.0,1.1971847,0.6754205080195669,,0.0,3.4022536277770996,2.205068826675415,3.888861656188965,1.6909798383712769,0.48660802841186523,-0.5140889883041382
1997-01-16,14900,13.81,2.0,2.0,2.0,0.0019194499,1.822830914340155,,2.0,23.947982788085938,23.946041107177734,5.259300708770752,2.9358625411987305,-18.688682079315186,-21.010178565979004
1997-01-17,19700,15.68,2.0,2.0,2.0,23.946041,1.325427844564447,,2.0,60.75768280029297,36.809722900390625,6.267984390258789,2.9358625411987305,-54.48969841003418,-33.873860359191895
1997-01-18,27300,18.43,3.0,2.0,2.0,36.809723,0.6389890861145039,,3.0,119.23493957519531,58.47917556762695,8.697463989257812,3.188594341278076,-110.5374755859375,-55.29058122634888
1997-01-19,40400,22.21,3.0,2.0,2.0,58.47917,0.5619780978302428,,3.0,129.4718475341797,58.47917556762695,8.625587463378906,3.188594341278076,-120.84626007080078,-55.29058122634888
1997-01-20,47600,24.01,3.0,2.0,2.0,34.182953,1.7325980255394426,,3.0,101.78933715820312,58.47917556762695,9.160167694091797,3.188594341278076,-92.62916946411133,-55.29058122634888
1997-01-23,26100,18.03,0.0,0.0,0.0,17.483143,2.8764918502352863,,0.0,33.95275115966797,17.483142852783203,6.032158374786377,2.6617398262023926,-27.920592784881592,-14.82140302658081
1997-01-27,19800,15.72,1.0,1.0,0.0,0.0012671906,3.2938499087581814,,1.0,20.063520431518555,19.592588424682617,7.830477714538574,3.4741504192352295,-12.23304271697998,-16.118438005447388
1997-01-28,20000,15.83,1.0,1.0,0.0,19.592588,3.301362944041796,,1.0,28.9084529876709,19.592588424682617,5.742033004760742,3.0510025024414062,-23.166419982910156,-16.54158592224121
1997-01-29,20100,15.86,4.0,4.0,3.0,9.314597,0.8956639986442892,,4.0,81.90546417236328,52.9982795715332,9.061002731323242,4.624295234680176,-72.84446144104004,-48.37398433685303
1997-01-30,30300,19.16,4.0,4.0,3.0,52.99828,1.9550966253960185,,4.0,83.96369934082031,52.9982795715332,9.28762435913086,4.624295234680176,-74.67607498168945,-48.37398433685303
1997-01-31,43900,23.1,0.0,0.0,0.0,21.65082,1.668090576363099,,0.0,88.45936584472656,52.9982795715332,9.502960205078125,4.624295234680176,-78.95640563964844,-48.37398433685303
1997-02-01,31600,19.82,0.0,0.0,0.0,13.8102665,0.7867409001010585,,0.0,51.41786193847656,21.650819778442383,5.753390312194824,3.2776241302490234,-45.66447162628174,-18.37319564819336
1997-02-08,19000,15.44,0.0,0.0,0.0,0.004031434,0.9652615633247156,,0.0,0.012094302102923393,0.004031434189528227,1.5424926280975342,1.135871171951294,1.5303983259946108,1.1318397377617657
1997-02-09,18600,15.28,0.0,0.0,0.0,0.004031434,0.2724625371218838,,0.0,0.008062868379056454,0.004031434189528227,0.9893265962600708,0.5827051401138306,0.9812637278810143,0.5786737059243023
1997-03-02,18600,15.26,0.0,0.0,0.0,33.26269,5.292130057307715,,0.0,58.219322204589844,33.262691497802734,8.151594161987305,3.2921268939971924,-50.06772804260254,-29.970564603805542
1997-03-06,17800,14.98,0.0,0.0,0.0,18.8775,1.0740877368102355,,0.0,53.125465393066406,30.21919822692871,3.81840181350708,1.5092737674713135,-49.307063579559326,-28.709924459457397
1997-03-17,16700,14.55,4.0,4.0,4.0,15.018522,1.192773606624797,,4.0,77.68255615234375,39.76829528808594,8.018464088439941,3.230640172958374,-69.66409206390381,-36.53765511512756
1997-03-18,19400,15.58,4.0,4.0,4.0,22.895739,3.7136513467209777,,4.0,,,8.551605224609375,3.230640172958374,,
1997-03-19,47300,23.68,4.0,4.0,4.0,93.82285,2.643971530072601,,4.0,,,8.414928436279297,3.230640172958374,,
1997-03-20,73800,29.11,4.0,4.0,4.0,62.35414,0.7032456461222744,,4.0,,,6.17917537689209,3.223379611968994,,
1997-03-24,22900,16.89,0.0,0.0,0.0,0.15129863,1.3614680529636545,,0.0,2.254544258117676,2.0807604789733887,2.5222930908203125,1.1371301412582397,0.2677488327026367,-0.9436303377151489
1997-03-27,23900,17.26,0.0,0.0,0.0,10.870938,1.0018967551805305,,0.0,41.03639221191406,15.257652282714844,3.1151978969573975,1.2727121114730835,-37.921194314956665,-13.98494017124176
1997-04-06,15800,14.16,0.0,0.0,0.0,0.20285068,1.4956141928043996,,0.0,0.2531866431236267,0.20285068452358246,4.028843402862549,2.198953628540039,3.775656759738922,1.9961029440164566
1997-04-08,14800,13.76,0.0,0.0,0.0,0.5396208,1.29169007127815,,0.0,1.612074613571167,1.0221178531646729,2.580413818359375,1.296078085899353,0.968339204788208,0.2739602327346802
1997-04-11,16100,14.3,0.0,0.0,0.0,1.8285736,3.291286457978131,,0.0,2.404618978500366,1.8285737037658691,2.739980936050415,1.2551263570785522,0.33536195755004883,-0.5734473466873169
1997-04-13,17800,14.96,0.0,0.0,0.0,3.2526698,0.8931553136217939,,0.0,18.53205680847168,15.076972007751465,2.4765219688415527,1.2004530429840088,-16.055534839630127,-13.876518964767456
1997-04-15,17300,14.74,2.0,2.0,2.0,7.630413,0.3695696651435586,,2.0,37.51075744628906,15.076972007751465,4.652549743652344,2.280089855194092,-32.85820770263672,-12.796882152557373
1997-04-16,20600,16.04,2.0,2.0,2.0,14.803371,0.4798734807668859,,2.0,37.756675720214844,15.322893142700195,4.497714519500732,2.280089855194092,-33.25896120071411,-13.042803287506104
1997-04-17,22800,16.84,0.0,0.0,0.0,15.322892,0.7006170964228661,,0.0,32.830291748046875,15.322893142700195,4.039388656616211,2.280089855194092,-28.790903091430664,-13.042803287506104
1997-04-25,23700,17.19,0.0,0.0,0.0,2.0252807,4.085937393439269,,0.0,11.033257484436035,6.428654193878174,8.415584564208984,3.337231159210205,-2.617672920227051,-3.0914230346679688
1997-05-04,23200,16.98,1.0,1.0,0.0,6.707672,0.4488411359038106,,1.0,13.296784400939941,6.707672119140625,3.4618327617645264,1.400669813156128,-9.834951639175415,-5.307002305984497
1997-05-05,22100,16.6,1.0,1.0,0.0,3.6298468,0.7003779870587482,,1.0,26.728925704956055,16.391407012939453,3.925868511199951,1.541613221168518,-22.803057193756104,-14.849793791770935
1997-05-06,23900,17.25,1.0,1.0,0.0,16.391405,1.039250101781644,,1.0,29.61017417907715,16.391407012939453,4.5160956382751465,1.573812484741211,-25.094078540802002,-14.817594528198242
1997-05-10,26600,18.22,0.0,0.0,0.0,0.0,0.3306510511925502,,0.0,2.719057083129883,2.680844783782959,1.5148272514343262,0.5849111676216125,-1.2042298316955566,-2.0959336161613464
1997-05-28,25700,17.88,0.0,0.0,0.0,2.6144931,2.511511968901316,,0.0,7.739327907562256,4.503748416900635,2.716310977935791,1.1809005737304688,-5.023016929626465,-3.322847843170166
1997-05-30,33700,20.46,2.0,2.0,2.0,5.214676,3.1635824245317528,,2.0,30.52401351928711,20.80558967590332,4.842223644256592,2.333761215209961,-25.681789875030518,-18.47182846069336
1997-05-31,40300,22.18,2.0,2.0,2.0,20.805588,4.23106148437936,,2.0,53.99901580810547,27.978748321533203,5.022581100463867,2.333761215209961,-48.9764347076416,-25.644987106323242
1997-06-08,27600,18.54,0.0,0.0,0.0,0.093563855,3.920528065900773,,0.0,0.8925834894180298,0.7990196347236633,7.744369983673096,3.248434066772461,6.851786494255066,2.4494144320487976
1997-06-12,32400,20.07,0.0,0.0,0.0,6.01698,3.966438923780532,,0.0,11.366924285888672,6.01698112487793,5.6560587882995605,1.9799091815948486,-5.710865497589111,-4.037071943283081
1997-06-16,37900,21.64,2.0,2.0,2.0,0.021137524,3.831485144013276,,2.0,9.97158145904541,9.867345809936523,6.830739974975586,2.578028917312622,-3.140841484069824,-7.289316892623901
1997-06-17,42700,22.85,2.0,2.0,2.0,9.867346,4.721285486660922,,2.0,32.49080276489258,22.602319717407227,5.655572414398193,2.578028917312622,-26.835230350494385,-20.024290800094604
1997-07-01,27700,18.58,0.0,0.0,0.0,0.8276836,4.543008686055812,,0.0,5.130982398986816,3.96238112449646,7.318383693695068,3.4767932891845703,2.187401294708252,-0.48558783531188965
1997-07-05,30900,19.59,0.0,0.0,0.0,0.030096268,1.7724079780275648,,0.0,7.207366943359375,7.073842525482178,3.6647047996520996,1.5298314094543457,-3.5426621437072754,-5.544011116027832
1997-07-06,34900,20.81,0.0,0.0,0.0,7.0738425,1.5779444861215304,,0.0,14.749842643737793,7.645904064178467,4.743625164031982,1.979087471961975,-10.00621747970581,-5.666816592216492
1997-07-07,35500,20.96,2.0,2.0,2.0,7.645904,2.041812105919042,,2.0,24.19738006591797,9.477632522583008,5.833782196044922,2.3248636722564697,-18.363597869873047,-7.152768850326538
1997-07-08,33300,20.32,2.0,2.0,2.0,9.477633,3.2205658852729715,,2.0,72.51387023925781,55.39033508300781,6.127500057220459,2.3248636722564697,-66.38637018203735,-53.06547141075134
1997-07-09,62200,26.95,2.0,2.0,2.0,55.390335,3.211058343098172,,2.0,74.16844177246094,55.39033508300781,6.284380912780762,2.3248636722564697,-67.88406085968018,-53.06547141075134
1997-07-11,44900,23.32,0.0,0.0,0.0,8.515902,1.8532368629347424,,0.0,19.752351760864258,9.3004789352417,7.222930908203125,2.6239616870880127,-12.529420852661133,-6.6765172481536865
1997-07-21,27300,18.45,0.0,0.0,0.0,0.13915914,3.088275994618489,,0.0,0.3474145531654358,0.14349901676177979,5.174065589904785,2.0770082473754883,4.826651036739349,1.9335092306137085
1997-07-29,18600,15.27,0.0,0.0,0.0,0.038532417,3.333836351649896,,0.0,0.10180353373289108,0.03853241354227066,7.77625036239624,2.990103244781494,7.674446828663349,2.9515708312392235
1997-07-30,19300,15.56,0.0,0.0,0.0,0.034396857,2.6907115208554204,,0.0,0.0729292705655098,0.03853241354227066,7.066388130187988,2.990103244781494,6.9934588596224785,2.9515708312392235
1997-08-01,17400,14.79,0.0,0.0,0.0,0.0,1.0373595464981948,,0.0,0.08625147491693497,0.08625147491693497,3.744414806365967,1.603351354598999,3.658163331449032,1.517099879682064
1997-08-03,16800,14.58,0.0,0.0,0.0,0.04236542,1.8648957693968944,,0.0,0.19147741794586182,0.08625147491693497,4.138946056365967,1.5292387008666992,3.947468638420105,1.4429872259497643
1997-08-04,17200,14.72,0.0,0.0,0.0,0.06286051,2.719871083473348,,0.0,0.21114538609981537,0.10591945052146912,5.108365058898926,2.1559369564056396,4.89721967279911,2.0500175058841705
1997-08-05,17800,14.95,0.0,0.0,0.0,0.10591944,2.603811076736126,,0.0,0.2485363483428955,0.10591945052146912,6.684009552001953,3.1048829555511475,6.435473203659058,2.9989635050296783
1997-08-08,19100,15.46,0.0,0.0,0.0,0.0,1.989276038017769,,0.0,2.359618663787842,2.317253351211548,4.178359031677246,2.4392004013061523,1.8187403678894043,0.12194705009460449
1997-08-15,14400,13.59,0.0,0.0,0.0,0.025577603,2.741266514975851,,0.0,0.02557760290801525,0.02557760290801525,4.815561294555664,2.2555205821990967,4.789983691647649,2.2299429792910814
1997-08-16,14700,13.72,0.0,0.0,0.0,0.0,2.922269616991025,,0.0,0.10211395472288132,0.07653634995222092,4.598763942718506,2.2555205821990967,4.4966499879956245,2.1789842322468758
1997-08-22,12000,12.57,0.0,0.0,0.0,0.013143419,1.7557321148468936,,0.0,2.4307384490966797,2.2403299808502197,3.3363864421844482,1.3709404468536377,0.9056479930877686,-0.869389533996582
1997-08-24,11600,12.39,4.0,4.0,3.0,0.41724166,1.469022627557716,,4.0,2.917546272277832,2.3230392932891846,6.40675687789917,2.6698451042175293,3.489210605621338,0.3468058109283447
1997-08-25,11400,12.29,4.0,4.0,3.0,2.3230393,0.713456669952612,,4.0,6.538966178894043,3.7986855506896973,6.556658744812012,2.6698451042175293,0.01769256591796875,-1.128840446472168
1997-08-26,11300,12.26,4.0,4.0,3.0,3.798686,0.915459650036476,,4.0,21.020336151123047,14.898611068725586,5.541736602783203,2.365971088409424,-15.478599548339844,-12.532639980316162
1997-08-27,11400,12.27,4.0,4.0,3.0,14.898611,1.035773612824694,,4.0,20.435428619384766,14.898611068725586,4.595301151275635,1.6549232006072998,-15.84012746810913,-13.243687868118286
1997-08-28,10400,11.82,0.0,0.0,0.0,1.7381316,1.2026320629744214,,0.0,20.838621139526367,14.898611068725586,4.6873250007629395,1.6549232006072998,-16.151296138763428,-13.243687868118286
1997-08-30,8440,10.9,0.0,0.0,0.0,3.0323968,1.8439785566226268,,0.0,7.3587541580200195,4.201878070831299,3.993523597717285,1.6128664016723633,-3.3652305603027344,-2.5890116691589355
1997-09-03,9640,11.47,0.0,0.0,0.0,0.02922593,2.035476431091244,,0.0,6.550355434417725,4.360842704772949,5.531118392944336,1.8802874088287354,-1.0192370414733887,-2.480555295944214
1997-09-04,9460,11.38,0.0,0.0,0.0,4.3608427,0.7325742592672962,,0.0,4.514630317687988,4.360842704772949,5.745379447937012,2.065077304840088,1.2307491302490234,-2.2957653999328613
1997-09-10,7820,10.59,0.0,0.0,0.0,0.19106288,2.636287170966295,,0.0,3.3859763145446777,3.126722812652588,5.4179887771606445,2.201110363006592,2.032012462615967,-0.9256124496459961
1997-09-14,7600,10.48,2.0,2.0,0.0,9.729379,2.043133717313626,,2.0,39.105743408203125,21.915449142456055,7.970401763916016,3.705925226211548,-31.13534164428711,-18.209523916244507
1997-09-15,9630,11.46,2.0,2.0,0.0,21.915447,2.3685814015487345,,2.0,43.767608642578125,21.915449142456055,9.525424003601074,3.705925226211548,-34.24218463897705,-18.209523916244507
1997-09-16,12900,12.96,1.0,1.0,0.0,12.122782,2.913347345100738,,1.0,82.50369262695312,48.4654655456543,9.763175010681152,3.705925226211548,-72.74051761627197,-44.75954031944275
1997-09-17,20300,15.86,1.0,1.0,0.0,48.465473,2.341917710832667,,1.0,100.58621215820312,48.4654655456543,7.843860626220703,3.2916147708892822,-92.74235153198242,-45.173850774765015
1997-09-21,12300,12.68,0.0,0.0,0.0,0.09069155,2.1817014170898097,,0.0,0.1200137585401535,0.09069155901670456,5.490406036376953,2.280233383178711,5.3703922778368,2.1895418241620064
1997-09-25,10600,11.94,2.0,3.0,3.0,0.028151277,3.495930800882039,,3.0,13.924079895019531,13.43595027923584,4.015622138977051,2.24127197265625,-9.90845775604248,-11.19467830657959
1997-09-26,11100,12.16,2.0,3.0,3.0,13.43595,2.1429871930792617,,3.0,55.13487243652344,41.67076873779297,4.480413436889648,2.24127197265625,-50.65445899963379,-39.42949676513672
1997-09-27,20000,15.75,1.0,3.0,3.0,41.670773,1.537440145160257,,3.0,70.8266372680664,41.67076873779297,4.130695343017578,2.24127197265625,-66.69594192504883,-39.42949676513672
1997-09-28,22200,16.62,1.0,1.0,3.0,15.719915,2.5193085461448006,,3.0,59.79473876953125,41.67076873779297,2.1268937587738037,1.1062886714935303,-57.667845010757446,-40.56448006629944
1997-09-29,17700,14.91,3.0,3.0,3.0,2.404051,1.0882869477700006,,3.0,19.396324157714844,15.719915390014648,2.8579516410827637,1.8373467922210693,-16.53837251663208,-13.882568597793579
1997-09-30,15200,13.92,3.0,3.0,3.0,1.2723576,0.7435588235901951,,3.0,18.82723617553711,15.15082836151123,4.8597002029418945,2.7848832607269287,-13.967535972595215,-12.365945100784302
1997-10-01,16200,14.34,4.0,4.0,3.0,15.150828,0.8982456357891125,,4.0,37.82672882080078,21.403541564941406,7.14442777633667,2.7848832607269287,-30.68230104446411,-18.618658304214478
1997-10-02,19400,15.57,4.0,4.0,3.0,21.403542,1.1003469875733398,,4.0,58.96078109741211,22.406410217285156,7.2750139236450195,2.7848832607269287,-51.68576717376709,-19.621526956558228
1997-10-03,25500,17.83,1.0,1.0,1.0,22.406408,0.9317083403082176,,1.0,86.99395751953125,43.18400955200195,6.527130126953125,2.522197723388672,-80.46682739257812,-40.66181182861328
1997-10-04,35600,20.85,1.0,1.0,1.0,43.184013,1.1371158905428838,,1.0,112.1655502319336,46.57512664794922,5.062650203704834,2.0369997024536133,-107.10290002822876,-44.538126945495605
1997-10-06,46700,23.72,0.0,0.0,0.0,6.7416444,1.174175362022324,,0.0,54.51639938354492,46.57512664794922,3.4356470108032227,1.984143853187561,-51.0807523727417,-44.59098279476166
1997-10-08,25100,17.68,1.0,0.0,0.0,1.0650353,4.68282979835868,,1.0,9.68929672241211,7.4246344566345215,10.522676467895508,4.348373889923096,0.8333797454833984,-3.076260566711426
1997-10-09,21300,16.28,1.0,1.0,0.0,7.424635,2.9661981611105257,,1.0,20.835941314697266,12.346270561218262,10.394332885742188,4.348373889923096,-10.441608428955078,-7.997896671295166
1997-10-10,19900,15.79,1.0,1.0,0.0,12.346271,1.827845804426313,,1.0,31.995325088500977,12.346270561218262,8.449956893920898,4.190159320831299,-23.545368194580078,-8.156111240386963
1997-10-15,16000,14.23,0.0,1.0,2.0,1.7354537,0.4444276358345785,,2.0,6.619108200073242,4.249754428863525,3.226973056793213,1.2083392143249512,-3.3921351432800293,-3.041415214538574
1997-10-16,16200,14.33,0.0,1.0,2.0,0.6338998,0.1761293629192422,,2.0,4.235775947570801,1.8664222955703735,2.5994224548339844,1.13689124584198,-1.6363534927368164,-0.7295310497283936
1997-10-21,13200,13.08,0.0,0.0,0.0,0.088779956,0.869966045230316,,0.0,0.5307367444038391,0.438980370759964,1.8858833312988281,0.8507550954818726,1.355146586894989,0.41177472472190857
1997-10-28,14200,13.49,1.0,1.0,1.0,1.5637249,0.5626049074252034,,1.0,54.18956756591797,34.77399826049805,4.282378196716309,3.126162528991699,-49.90718936920166,-31.647835731506348
1997-10-29,18700,15.25,2.0,3.0,3.0,34.774,2.1914261623257056,,3.0,97.65145111083984,61.31372833251953,7.191051006317139,3.4915783405303955,-90.4604001045227,-57.822149991989136
1997-10-30,36600,21.06,2.0,3.0,3.0,61.313732,2.492000066132236,,3.0,144.169189453125,61.31372833251953,9.022453308105469,3.4915783405303955,-135.14673614501953,-57.822149991989136
1997-10-31,46500,23.73,0.0,3.0,3.0,48.081463,2.5703258459242915,,3.0,137.74075317382812,61.31372833251953,6.434727668762207,3.4915783405303955,-131.30602550506592,-57.822149991989136
1997-11-03,24500,17.46,1.0,1.0,1.0,3.3302908,0.5012108399000577,,1.0,33.5246467590332,28.247520446777344,4.188052654266357,2.004331588745117,-29.336594104766846,-26.243188858032227
1997-11-05,26400,18.14,1.0,1.0,0.0,0.8606424,1.8160852196520203,,1.0,35.430442810058594,28.247520446777344,3.7148587703704834,1.450286626815796,-31.71558403968811,-26.797233819961548
1997-11-06,27300,18.44,1.0,1.0,0.0,6.322277,1.6282510710322209,,1.0,14.182756423950195,6.9998369216918945,4.014843463897705,1.450286626815796,-10.16791296005249,-5.549550294876099
1997-11-22,16800,14.57,2.0,2.0,2.0,1.2697486,1.400144870928476,,2.0,35.998016357421875,25.450363159179688,5.24198055267334,3.1534221172332764,-30.756035804748535,-22.29694104194641
1997-11-23,15000,13.83,2.0,2.0,2.0,9.277904,1.1168740532240498,,2.0,36.96434020996094,26.41668701171875,6.042031288146973,3.1534221172332764,-30.922308921813965,-23.263264894485474
1997-11-24,19700,15.69,2.0,2.0,2.0,26.416687,1.0609573881073575,,2.0,47.09400177001953,26.41668701171875,6.359374523162842,3.1534221172332764,-40.73462724685669,-23.263264894485474
1997-11-25,19200,15.5,0.0,0.0,0.0,11.39941,0.8020416261090066,,0.0,40.54503631591797,26.41668701171875,7.018404006958008,3.8124516010284424,-33.52663230895996,-22.604235410690308
1997-11-27,14700,13.7,2.0,2.0,2.0,2.6407545,1.4396018426094128,,2.0,18.100261688232422,12.730568885803223,8.919883728027344,3.8124516010284424,-9.180377960205078,-8.91811728477478
1997-11-28,15800,14.14,2.0,2.0,2.0,12.730568,3.643247175430221,,2.0,35.18339538574219,19.812070846557617,7.071522235870361,3.1383485794067383,-28.111873149871826,-16.67372226715088
1997-11-29,21700,16.45,1.0,1.0,0.0,19.81207,4.768456783617391,,1.0,46.06980895996094,19.812070846557617,5.841489791870117,1.969083309173584,-40.22831916809082,-17.842987537384033
1997-12-10,11700,12.43,0.0,0.0,0.0,4.494002,2.1208345474798453,,0.0,13.28034782409668,8.059937477111816,3.0790719985961914,1.3641166687011719,-10.201275825500488,-6.6958208084106445
1997-12-12,11200,12.19,0.0,0.0,0.0,0.08401965,0.634569179484954,,0.0,0.8135893940925598,0.7264086604118347,2.331231117248535,1.15943443775177,1.5176417231559753,0.4330257773399353
1997-12-13,10700,11.97,1.0,1.0,1.0,0.0031611002,0.8976384592015773,,1.0,0.15090766549110413,0.08401964604854584,4.6352643966674805,3.1603055000305176,4.484356731176376,3.0762858539819717
1997-12-14,10100,11.7,1.0,1.0,1.0,0.06372692,1.840429735533057,,1.0,16.46710968017578,16.40022087097168,6.332340240478516,3.1603055000305176,-10.134769439697266,-13.239915370941162
1997-12-15,11400,12.28,2.0,2.0,2.0,16.40022,0.8034531360112755,,2.0,47.63642883300781,31.172481536865234,9.063441276550293,3.890535593032837,-38.57298755645752,-27.281945943832397
1997-12-16,15900,14.11,2.0,2.0,2.0,31.172483,1.822695136594066,,2.0,112.53558349609375,64.96288299560547,8.41401195526123,3.890535593032837,-104.12157154083252,-61.07234740257263
1997-12-19,20800,,0.0,2.0,0.0,1.5175835,0.5942092961256844,,2.0,35.591590881347656,21.4158935546875,6.887304306030273,3.2015304565429688,-28.704286575317383,-18.21436309814453
1997-12-20,16600,14.71,1.0,2.0,1.0,12.658111,3.238826648810963,,2.0,38.19099426269531,24.01529884338379,7.427074432373047,3.2015304565429688,-30.763919830322266,-20.81376838684082
1997-12-27,12200,12.99,2.0,2.0,3.0,15.3039,1.8362873776295316,,3.0,30.180023193359375,15.303899765014648,3.7367537021636963,2.1632871627807617,-26.44326949119568,-13.140612602233887
1997-12-28,13300,13.43,2.0,2.0,3.0,14.770481,0.9966266359978426,,3.0,80.53981018066406,50.46542739868164,5.004181861877441,2.1632871627807617,-75.53562831878662,-48.30214023590088
1997-12-29,24800,17.6,2.0,2.0,3.0,50.46543,1.6733960349591532,,3.0,71.83440399169922,50.46542739868164,5.303774833679199,2.1632871627807617,-66.53062915802002,-48.30214023590088
1997-12-31,21400,16.44,0.0,0.0,0.0,0.043681726,0.2756228313276666,,0.0,,,,,,
1998-01-04,19800,15.88,0.0,0.0,0.0,4.065016,4.8562803924121525,,0.0,18.556934356689453,12.436935424804688,8.189552307128906,3.64923357963562,-10.367382049560547,-8.787701845169067
1998-01-05,18900,15.57,0.0,0.0,0.0,12.436936,5.337834045288181,,0.0,43.007957458496094,26.506004333496094,7.824460029602051,3.64923357963562,-35.18349742889404,-22.856770753860474
1998-01-13,16400,14.62,1.0,0.0,0.0,19.290375,2.525094496764688,,1.0,50.085670471191406,30.410877227783203,10.371652603149414,4.150187969207764,-39.71401786804199,-26.26068925857544
1998-01-14,18000,15.23,1.0,0.0,0.0,30.410875,3.312316715542522,,1.0,89.3359375,39.63468551635742,10.651963233947754,4.150187969207764,-78.68397426605225,-35.48449754714966
1998-01-18,22800,16.94,1.0,1.0,0.0,18.49263,2.142970453357141,,1.0,47.3509635925293,19.230249404907227,9.308308601379395,3.533730983734131,-38.0426549911499,-15.696518421173096
1998-01-19,21600,16.52,1.0,1.0,0.0,9.628083,2.0368645880478384,,1.0,34.29158401489258,18.492631912231445,7.858388900756836,2.9341158866882324,-26.433195114135742,-15.558516025543213
1998-01-22,17000,14.87,3.0,0.0,0.0,11.406609,4.282881464167696,,3.0,28.079448699951172,14.732319831848145,6.958316326141357,4.186968803405762,-21.121132373809814,-10.545351028442383
1998-01-23,18100,15.26,3.0,2.0,2.0,14.732318,3.926221224727669,,3.0,62.38859939575195,36.249671936035156,8.757671356201172,4.186968803405762,-53.63092803955078,-32.062703132629395
1998-01-24,24300,17.42,3.0,2.0,2.0,36.249672,1.4354262119248822,,3.0,70.80131530761719,36.249671936035156,9.40074348449707,4.186968803405762,-61.40057182312012,-32.062703132629395
1998-01-25,24700,17.57,1.0,1.0,0.0,19.819328,1.2075998338427585,,1.0,69.1788101196289,36.249671936035156,8.420392036437988,3.206617593765259,-60.75841808319092,-33.0430543422699
1998-01-26,21700,16.54,1.0,1.0,0.0,13.109807,2.011398924111193,,1.0,36.97437286376953,19.81932830810547,7.129692077636719,3.206617593765259,-29.844680786132812,-16.61271071434021
1998-01-28,18000,15.22,2.0,2.0,1.0,2.3377876,0.9527518243197164,,2.0,9.79007625579834,4.045233726501465,8.056340217590332,3.8230857849121094,-1.7337360382080078,-0.22214794158935547
1998-01-29,17000,14.84,2.0,2.0,1.0,3.4070551,1.371784061717909,,2.0,17.757373809814453,12.012530326843262,7.084526062011719,3.8230857849121094,-10.672847747802734,-8.189444541931152
1998-02-02,15100,14.15,0.0,0.0,0.0,2.3638644,4.032544293098068,,0.0,4.741693496704102,2.3638644218444824,9.040730476379395,4.56229305267334,4.299036979675293,2.1984286308288574
1998-02-04,14100,13.76,0.0,0.0,0.0,2.0124576,3.786381719396792,,0.0,8.93481159210205,4.706960678100586,9.612152099609375,4.56229305267334,0.6773405075073242,-0.1446676254272461
1998-02-05,14100,13.76,0.0,0.0,0.0,4.7069607,1.9150545900938043,,0.0,9.124128341674805,4.706960678100586,9.648345947265625,4.59848690032959,0.5242176055908203,-0.1084737777709961
1998-02-06,14200,13.77,1.0,1.0,0.0,2.4047093,2.015702892665315,,1.0,8.720000267028809,4.706960678100586,9.755183219909668,4.59848690032959,1.0351829528808594,-0.1084737777709961
1998-02-07,14100,13.74,1.0,1.0,0.0,1.6083301,1.8030166632567235,,1.0,4.944179058074951,2.4047093391418457,10.889769554138184,4.59848690032959,5.945590496063232,2.193777561187744
1998-02-12,13500,13.51,2.0,1.0,1.0,8.585437,2.110092812459313,,2.0,48.98380661010742,33.726844787597656,8.407720565795898,4.919068336486816,-40.57608604431152,-28.80777645111084
1998-02-13,18100,15.26,2.0,1.0,0.0,33.726845,1.0622657730548342,,2.0,50.23072052001953,33.726844787597656,11.40597915649414,4.919068336486816,-38.82474136352539,-28.80777645111084
1998-02-18,11600,12.75,2.0,1.0,1.0,1.5695206,2.808851799726792,,2.0,14.251572608947754,12.230218887329102,8.878729820251465,3.9943296909332275,-5.372842788696289,-8.235889196395874
1998-02-19,12900,13.28,2.0,1.0,1.0,12.230218,2.391803942721217,,2.0,17.657588958740234,12.230218887329102,9.203167915344238,3.9943296909332275,-8.454421043395996,-8.235889196395874
1998-03-01,12900,13.24,0.0,0.0,0.0,19.807259,1.2962234360242957,,0.0,40.02168655395508,19.8072566986084,5.242104530334473,1.882672667503357,-34.779582023620605,-17.92458403110504
1998-03-11,12300,13.02,1.0,0.0,0.0,5.8711905,0.2715920715716119,,1.0,22.16680335998535,15.851484298706055,4.187346458435059,2.3549487590789795,-17.979456901550293,-13.496535539627075
1998-03-12,12700,13.18,1.0,1.0,0.0,0.44412768,0.4902225556389097,,1.0,6.390426158905029,5.871190547943115,4.576745510101318,2.3549487590789795,-1.813680648803711,-3.5162417888641357
1998-03-13,13500,13.49,1.0,1.0,0.0,0.07510806,0.841130530566526,,1.0,3.5822219848632812,3.062986373901367,5.144641876220703,2.3549487590789795,1.5624198913574219,-0.7080376148223877
1998-03-23,19400,15.73,1.0,0.0,0.0,22.437243,1.834470601121355,,1.0,54.816959381103516,22.510761260986328,9.78044319152832,3.7044806480407715,-45.036516189575195,-18.806280612945557
1998-03-24,21000,16.31,1.0,0.0,0.0,22.51076,1.636275804488312,,1.0,54.304141998291016,22.510761260986328,8.405672073364258,3.7044806480407715,-45.89846992492676,-18.806280612945557
1998-03-27,18300,15.35,0.0,0.0,0.0,9.957325,3.3283752756370912,,0.0,21.536699295043945,9.95732307434082,7.6020708084106445,2.600741386413574,-13.9346284866333,-7.356581687927246
1998-03-28,16700,14.74,0.0,0.0,0.0,2.9152772,2.5658883729196766,,0.0,13.262354850769043,9.95732307434082,7.347820281982422,2.600741386413574,-5.914534568786621,-7.356581687927246
1998-04-06,13200,13.36,0.0,0.0,0.0,4.2633085,2.0014968618187607,,0.0,16.83902359008789,10.160298347473145,3.938901901245117,1.5718955993652344,-12.900121688842773,-8.58840274810791
1998-04-07,13500,13.49,0.0,0.0,0.0,2.4154165,2.6892249921984632,,0.0,9.867501258850098,4.263308525085449,4.231372833251953,1.5718955993652344,-5.6361284255981445,-2.691412925720215
1998-04-09,12700,13.16,0.0,0.0,0.0,0.2585835,3.2137408319021903,,0.0,4.221405029296875,3.1887762546539307,3.0527467727661133,1.2477003335952759,-1.1686582565307617,-1.9410759210586548
1998-05-18,12900,13.25,0.0,0.0,0.0,5.514725,0.4334066987821336,,0.0,6.5990447998046875,5.5147247314453125,4.683565139770508,1.7967473268508911,-1.9154796600341797,-3.7179774045944214
1998-05-21,14100,13.72,0.0,0.0,0.0,0.21061492,2.680389105540848,,0.0,0.580430269241333,0.3112494945526123,6.249067306518555,2.46162748336792,5.668637037277222,2.1503779888153076
1998-05-22,13800,13.6,0.0,0.0,0.0,0.31124946,2.158646686465005,,0.0,0.6837799549102783,0.3112494945526123,6.796639442443848,2.46162748336792,6.112859487533569,2.1503779888153076
1998-05-26,15200,14.16,0.0,0.0,0.0,10.074791,2.999294451712102,,0.0,49.002532958984375,24.4022216796875,6.423437595367432,2.491248607635498,-42.57909536361694,-21.910973072052002
1998-05-27,15800,14.39,0.0,0.0,0.0,24.402222,2.702355134238105,,0.0,46.39191818237305,24.4022216796875,6.392490863800049,2.491248607635498,-39.999427318573,-21.910973072052002
1998-06-09,19800,15.86,0.0,0.0,0.0,0.5095383,3.5776113449850064,,0.0,3.719984531402588,2.629267454147339,5.946291923522949,2.6386749744415283,2.2263073921203613,0.009407520294189453
1998-06-14,18000,15.21,1.0,1.0,0.0,0.016677799,4.527294426912514,,1.0,5.579115867614746,5.561276912689209,6.539267539978027,2.3332982063293457,0.9601516723632812,-3.2279787063598633
1998-06-15,17200,14.91,1.0,1.0,0.0,5.561277,3.1736485774336143,,1.0,13.688970565795898,8.111015319824219,6.63752555847168,2.3332982063293457,-7.051445007324219,-5.777717113494873
1998-06-23,17800,15.13,0.0,0.0,0.0,4.4013143,2.336171852880576,,0.0,7.631929397583008,4.4013142585754395,4.007216453552246,1.9469234943389893,-3.6247129440307617,-2.45439076423645
1998-07-05,14400,13.85,0.0,0.0,0.0,1.7572476,3.179262997567574,,0.0,11.303975105285645,9.524218559265137,7.528314590454102,2.913588762283325,-3.775660514831543,-6.6106297969818115
1998-07-07,13200,13.36,0.0,0.0,0.0,0.0,3.176638994459359,,0.0,0.02250884287059307,0.02250884287059307,5.151928901672363,1.7514251470565796,5.12942005880177,1.7289163041859865
1998-07-08,13100,13.31,0.0,0.0,0.0,0.0,3.0991690071278155,,0.0,0.0,0.0,5.109994888305664,1.7514251470565796,5.109994888305664,1.7514251470565796
1998-07-14,13000,13.28,3.0,3.0,3.0,0.3900157,2.641532903887129,,3.0,14.626455307006836,9.943194389343262,2.9800636768341064,1.1427326202392578,-11.64639163017273,-8.800461769104004
1998-07-15,14500,13.9,3.0,3.0,3.0,9.943194,1.7473229877717364,,3.0,16.67158317565918,9.943194389343262,3.084691286087036,1.2473602294921875,-13.586891889572144,-8.695834159851074
1998-07-16,14900,14.03,3.0,3.0,3.0,6.3383737,1.4882042824755777,,3.0,16.282669067382812,9.943194389343262,2.836858034133911,1.2473602294921875,-13.445811033248901,-8.695834159851074
1998-07-17,15200,14.17,3.0,3.0,3.0,0.0011021611,1.0987680804498647,,3.0,6.339475154876709,6.338373184204102,2.6599159240722656,1.2473602294921875,-3.6795592308044434,-5.091012954711914
1998-08-05,12000,12.86,0.0,0.0,0.0,0.0,2.3349566730525613,,0.0,0.0,0.0,3.2737605571746826,1.4276319742202759,3.2737605571746826,1.4276319742202759
1998-08-14,10700,12.32,0.0,0.0,0.0,0.0019764241,2.582653101291852,,0.0,0.3178369700908661,0.3158605396747589,4.472228527069092,1.8085614442825317,4.154391556978226,1.4927009046077728
1998-09-02,6950,10.61,0.0,0.0,0.0,0.040520627,1.8289650925127976,,0.0,0.04052062705159187,0.04052062705159187,1.7268757820129395,0.9116513133049011,1.6863551549613476,0.8711306862533092
1998-09-10,5600,9.93,0.0,0.0,0.0,0.0,2.1036021402044724,,0.0,6.876228144392371e-05,6.876228144392371e-05,4.651456356048584,1.8301340341567993,4.65138759376714,1.8300652718753554
1998-09-11,5670,9.97,0.0,0.0,0.0,0.0,4.423788178449572,,0.0,0.10301178693771362,0.10301178693771362,4.465417385101318,1.8301340341567993,4.362405598163605,1.7271222472190857
1998-09-21,4810,9.5,0.0,0.0,0.0,0.04030845,3.16079061087586,,0.0,2.34043025970459,2.149104118347168,2.2897608280181885,1.1704473495483398,-0.05066943168640137,-0.9786567687988281
1998-10-09,5210,9.77,0.0,0.0,0.0,13.488904,0.9736843301734524,,0.0,26.471698760986328,13.48890495300293,3.24320650100708,1.3573049306869507,-23.228492259979248,-12.131600022315979
1998-10-11,5860,10.1,2.0,2.0,2.0,1.0344342,1.1485780536043102,,2.0,14.882246017456055,7.46800422668457,6.086339950561523,2.892094135284424,-8.795906066894531,-4.5759100914001465
1998-10-12,5490,9.92,2.0,2.0,2.0,6.379807,0.6442852448649353,,2.0,27.41314125061035,19.998899459838867,6.950916767120361,2.892094135284424,-20.46222448348999,-17.106805324554443
1998-10-13,5900,10.12,2.0,2.0,2.0,19.9989,0.7541271681556753,,2.0,52.83845138549805,26.45974349975586,4.914658546447754,2.1836185455322266,-47.92379283905029,-24.276124954223633
1998-10-15,10500,12.27,0.0,0.0,0.0,13.282069,2.064250980100397,,0.0,43.76067352294922,26.45974349975586,6.618786811828613,3.985625743865967,-37.141886711120605,-22.474117755889893
1998-10-16,8060,11.17,0.0,0.0,0.0,4.0188584,4.003817896622917,,0.0,24.18299102783203,13.28207015991211,8.890518188476562,3.985625743865967,-15.292472839355469,-9.296444416046143
1998-11-02,5810,10.08,0.0,0.0,0.0,3.129204,2.911297659125525,,0.0,11.12285041809082,4.487699508666992,4.967421531677246,2.555004596710205,-6.155428886413574,-1.932694911956787
1998-11-05,8460,11.36,0.0,0.0,0.0,8.597688,1.3159854013090049,,0.0,18.258346557617188,8.597687721252441,4.04298210144043,1.7920384407043457,-14.215364456176758,-6.805649280548096
1998-11-06,9320,11.75,0.0,0.0,0.0,4.7302613,1.5091483614705328,,0.0,13.635465621948242,8.597687721252441,4.88455867767334,1.9132626056671143,-8.750906944274902,-6.684425115585327
1998-11-12,6280,10.31,4.0,4.0,3.0,22.07984,2.324028321129869,,4.0,74.94515991210938,50.05406951904297,6.203609466552734,3.8936216831207275,-68.74155044555664,-46.16044783592224
1998-11-13,17000,14.73,4.0,4.0,3.0,50.054066,2.763096765927019,,4.0,135.6425323486328,63.50862503051758,8.002979278564453,3.8936216831207275,-127.63955307006836,-59.61500334739685
1998-11-14,31300,19.73,4.0,4.0,3.0,63.508633,2.968357378600849,,4.0,152.2245330810547,63.50862503051758,10.043501853942871,3.8936216831207275,-142.18103122711182,-59.61500334739685
1998-11-15,33900,20.38,4.0,4.0,3.0,38.66184,1.4033535243314963,,4.0,146.50210571289062,63.50862503051758,7.777171611785889,3.60196852684021,-138.72493410110474,-59.90665650367737
1998-11-16,46100,23.67,4.0,4.0,3.0,44.331642,1.1429318073319985,,4.0,89.63323211669922,44.331642150878906,7.226615905761719,3.60196852684021,-82.4066162109375,-40.729673624038696
1998-11-20,19400,15.69,2.0,2.0,2.0,28.970737,3.29519383978226,,2.0,104.42723083496094,64.57495880126953,8.928449630737305,4.97122859954834,-95.49878120422363,-59.60373020172119
1998-11-21,35500,20.95,2.0,2.0,2.0,64.57495,2.853592530363996,,2.0,118.97531127929688,64.57495880126953,11.560696601867676,4.97122859954834,-107.4146146774292,-59.60373020172119
1998-11-23,24000,17.33,2.0,0.0,0.0,19.369022,2.4331768892636387,,2.0,65.79403686523438,25.429622650146484,9.710752487182617,3.503894805908203,-56.08328437805176,-21.92572784423828
1998-11-24,22400,16.79,3.0,2.0,2.0,20.995388,1.4792109184320876,,3.0,87.71098327636719,47.3465690612793,10.183481216430664,3.97662353515625,-77.52750205993652,-43.36994552612305
1998-11-25,26400,18.08,3.0,2.0,2.0,47.346573,2.153573517346279,,3.0,127.94288635253906,59.60093307495117,10.627031326293945,3.97662353515625,-117.31585502624512,-55.62430953979492
1998-11-26,41500,22.56,3.0,2.0,2.0,59.600933,1.975426501253413,,3.0,117.11187744140625,59.60093307495117,8.978304862976074,3.97662353515625,-108.13357257843018,-55.62430953979492
1998-12-01,15900,14.44,1.0,0.0,0.0,12.669714,1.6650825929622903,,1.0,66.11152648925781,42.88275909423828,10.396093368530273,4.202577590942383,-55.71543312072754,-38.6801815032959
1998-12-02,19500,15.79,1.0,0.0,0.0,42.88276,2.377680163842613,,1.0,82.89662170410156,42.88275909423828,9.443675994873047,4.202577590942383,-73.45294570922852,-38.6801815032959
1998-12-11,16200,14.56,3.0,3.0,0.0,20.589506,2.816446466988648,,3.0,62.70587921142578,35.50276565551758,6.0544753074646,2.5681653022766113,-56.65140390396118,-32.93460035324097
1998-12-12,22200,16.69,3.0,3.0,3.0,35.502766,3.39087664478103,,3.0,107.84440612792969,51.75213623046875,8.232897758483887,3.9413137435913086,-99.6115083694458,-47.81082248687744
1998-12-13,43600,22.93,3.0,3.0,3.0,51.752136,2.2438588986089503,,3.0,118.96978759765625,51.75213623046875,7.534448623657227,3.9413137435913086,-111.43533897399902,-47.81082248687744
1998-12-15,31200,19.67,1.0,1.0,1.0,8.313655,0.5651499651772449,,1.0,53.57319259643555,31.714889526367188,2.815850257873535,1.2511662244796753,-50.75734233856201,-30.463723301887512
1998-12-16,25300,17.76,1.0,1.0,1.0,13.544645,0.4905920695049796,,1.0,26.529325485229492,13.544646263122559,2.918991804122925,1.2511662244796753,-23.610333681106567,-12.293480038642883
1998-12-20,17600,15.12,0.0,0.0,0.0,0.9111277,0.9670318406047792,,0.0,3.279526472091675,1.7282965183258057,1.9913833141326904,1.0698987245559692,-1.2881431579589844,-0.6583977937698364
1998-12-26,15300,14.27,0.0,0.0,0.0,32.35661,1.7811899255805688,,0.0,88.60414123535156,32.35661315917969,7.35355806350708,2.9302725791931152,-81.25058317184448,-29.426340579986572
1998-12-27,16500,14.71,2.0,2.0,1.0,31.470781,2.57707340058155,,2.0,128.13351440429688,64.30612182617188,9.286200523376465,4.8629150390625,-118.84731388092041,-59.443206787109375
1998-12-28,25900,17.97,3.0,3.0,2.0,64.30612,3.20208233876651,,3.0,128.49868774414062,64.30612182617188,10.310568809509277,4.8629150390625,-118.18811893463135,-59.443206787109375
1998-12-29,31800,19.84,3.0,3.0,2.0,32.721783,1.5374690780133051,,3.0,144.64364624023438,64.30612182617188,9.483733177185059,4.8629150390625,-135.15991306304932,-59.443206787109375
1998-12-30,46200,23.69,3.0,3.0,2.0,47.61574,0.9727621988141664,,3.0,83.93236541748047,47.61573791503906,7.136981010437012,3.049974203109741,-76.79538440704346,-44.56576371192932
1999-01-03,21000,16.31,0.0,0.0,0.0,1.4103025,2.924075027021219,,0.0,2.1005303859710693,1.4103025197982788,1.545564889907837,0.9543166756629944,-0.5549654960632324,-0.4559858441352844
1999-01-10,19400,15.75,0.0,0.0,1.0,16.92001,0.7004740854635145,,1.0,55.71990203857422,28.386924743652344,5.242519855499268,2.5329980850219727,-50.47738218307495,-25.85392665863037
1999-01-11,27100,18.39,0.0,0.0,1.0,28.386923,0.6490074998088365,,1.0,49.357608795166016,28.386924743652344,5.053346157073975,2.5329980850219727,-44.30426263809204,-25.85392665863037
1999-01-13,18800,15.55,3.0,3.0,2.0,16.784727,1.5391436702150745,,3.0,47.05224609375,26.216842651367188,6.828744888305664,4.477136135101318,-40.223501205444336,-21.73970651626587
1999-01-14,24800,17.52,3.0,3.0,2.0,26.216843,3.375301469995598,,3.0,90.1932373046875,47.19166946411133,8.66102123260498,4.477136135101318,-81.53221607208252,-42.71453332901001
1999-01-17,26900,18.3,1.0,0.0,0.0,24.954845,3.886542296731208,,1.0,62.36372756958008,29.19591522216797,8.202901840209961,3.5793700218200684,-54.16082572937012,-25.6165452003479
1999-01-18,27200,18.41,1.0,0.0,0.0,29.195913,3.8271197964780455,,1.0,80.56135559082031,29.19591522216797,8.272615432739258,3.5793700218200684,-72.28874015808105,-25.6165452003479
1999-01-26,16800,14.81,0.0,0.0,0.0,0.47854027,0.8151244422675916,,0.0,11.744462966918945,8.446478843688965,6.434203147888184,2.3820996284484863,-5.310259819030762,-6.0643792152404785
1999-01-27,16800,14.82,0.0,0.0,0.0,8.446479,0.8504948551187383,,0.0,41.09404373168945,32.16902542114258,6.772344589233398,2.5655596256256104,-34.321699142456055,-29.603465795516968
1999-01-28,16600,14.75,2.0,1.0,1.0,32.169025,2.545055892072192,,2.0,86.75088500976562,46.1353759765625,8.60466194152832,4.21441650390625,-78.1462230682373,-41.92095947265625
1999-01-29,20600,16.19,2.0,1.0,1.0,46.135376,5.530458441056545,,2.0,103.12391662597656,46.1353759765625,9.29037857055664,4.21441650390625,-93.83353805541992,-41.92095947265625
1999-02-01,18900,15.6,2.0,2.0,2.0,20.397266,2.2538082867824394,,2.0,59.69112777709961,23.42066192626953,8.137641906738281,3.991008758544922,-51.55348587036133,-19.42965316772461
1999-02-02,19700,15.87,2.0,2.0,2.0,23.420662,2.221057743774787,,2.0,78.95337677001953,35.13544464111328,7.321192741394043,3.991008758544922,-71.63218402862549,-31.14443588256836
1999-02-05,21100,16.35,1.0,1.0,0.0,17.064028,1.0042498227862753,,1.0,57.076332092285156,21.52358055114746,9.899946212768555,4.9209675788879395,-47.1763858795166,-16.60261297225952
1999-02-06,20600,16.19,0.0,1.0,0.0,21.52358,4.002642396136224,,1.0,66.91975402832031,28.332141876220703,12.462347984313965,4.9209675788879395,-54.45740604400635,-23.411174297332764
1999-02-08,21200,16.4,0.0,0.0,0.0,18.64374,1.3300976070463897,,0.0,59.155006408691406,28.332141876220703,10.74520492553711,4.7537078857421875,-48.4098014831543,-23.578433990478516
1999-02-12,16300,14.65,1.0,1.0,1.0,1.2183083,1.2889154106708498,,1.0,6.538765907287598,3.8202574253082275,6.384172439575195,2.354853391647339,-0.15459346771240234,-1.4654040336608887
1999-02-13,15400,14.31,1.0,1.0,1.0,1.5002004,0.4508360561214684,,1.0,6.338339805603027,3.619830846786499,4.752119541168213,2.2313809394836426,-1.5862202644348145,-1.3884499073028564
1999-02-15,14300,13.87,1.0,0.0,0.0,0.70968765,0.4321621727745986,,1.0,12.789989471435547,8.460471153259277,4.882538795471191,3.2037289142608643,-7.9074506759643555,-5.256742238998413
1999-02-16,14700,14.02,1.0,0.0,0.0,8.460471,1.96185141326654,,1.0,22.444250106811523,13.274091720581055,7.880546569824219,3.7208080291748047,-14.563703536987305,-9.55328369140625
1999-02-17,14900,14.11,0.0,0.0,0.0,13.274091,3.196807053002921,,0.0,31.442243576049805,13.274091720581055,9.147514343261719,3.7208080291748047,-22.294729232788086,-9.55328369140625
1999-02-18,14400,13.93,0.0,0.0,0.0,9.707682,2.7610667129592312,,0.0,34.1903190612793,13.274091720581055,7.537542819976807,3.7208080291748047,-26.65277624130249,-9.55328369140625
1999-02-21,12700,13.24,0.0,0.0,0.0,9.390334,1.0676580302100318,,0.0,30.58416175842285,13.271188735961914,6.183824062347412,3.136753797531128,-24.40033769607544,-10.134434938430786
1999-02-22,12900,13.33,1.0,0.0,0.0,13.271188,1.7074006104831994,,1.0,64.87548828125,42.213966369628906,8.226754188537598,3.136753797531128,-56.6487340927124,-39.07721257209778
1999-02-23,16100,14.57,1.0,1.0,0.0,42.21397,1.5904709648486504,,1.0,90.99710083007812,42.213966369628906,10.591388702392578,4.751157760620117,-80.40571212768555,-37.46280860900879
1999-02-24,18900,15.54,1.0,1.0,1.0,35.511944,1.93997672971962,,1.0,108.75475311279297,42.213966369628906,10.336075782775879,4.751157760620117,-98.41867733001709,-37.46280860900879
1999-03-02,22000,16.65,1.0,0.0,0.0,12.198424,1.895223392625016,,1.0,48.40376281738281,19.589832305908203,4.798587799072266,2.564882516860962,-43.60517501831055,-17.02494978904724
1999-03-03,21900,16.63,1.0,0.0,0.0,19.589832,3.363042000169464,,1.0,46.170379638671875,19.589832305908203,4.794368267059326,2.564882516860962,-41.37601137161255,-17.02494978904724
1999-03-05,19600,15.82,0.0,0.0,0.0,8.200872,1.5027459344174887,,0.0,24.78302001953125,14.382122039794922,2.757317304611206,1.4355090856552124,-22.025702714920044,-12.94661295413971
1999-03-12,14100,13.79,2.0,1.0,0.0,10.077004,3.9248700604903295,,2.0,29.954681396484375,17.446720123291016,7.095868110656738,3.6536192893981934,-22.858813285827637,-13.793100833892822
1999-03-13,15400,14.29,2.0,1.0,0.0,17.44672,4.248798563277183,,2.0,48.09461975097656,20.57089614868164,7.7212724685668945,3.6536192893981934,-40.37334728240967,-16.917276859283447
1999-03-20,15000,14.15,0.0,0.0,0.0,0.5865933,0.6686276941136111,,0.0,4.88395881652832,3.338392734527588,2.5149521827697754,1.0561670064926147,-2.369006633758545,-2.282225728034973
1999-03-23,18000,15.24,0.0,0.0,0.0,1.7105069,0.7638649331754428,,0.0,15.328763961791992,8.75226879119873,4.490715026855469,2.200948715209961,-10.838048934936523,-6.5513200759887695
1999-03-25,18400,15.39,0.0,0.0,0.0,11.601238,1.4600677028761324,,0.0,31.823667526245117,11.601237297058105,5.9511637687683105,2.200948715209961,-25.872503757476807,-9.400288581848145
1999-04-07,10700,12.41,0.0,0.0,0.0,2.8098958,0.8361766061350049,,0.0,14.444131851196289,11.169519424438477,5.184615135192871,2.7033348083496094,-9.259516716003418,-8.466184616088867
1999-04-22,15700,14.41,0.0,0.0,0.0,3.3493145,3.7514403394236986,,0.0,9.644691467285156,5.210860252380371,6.03752326965332,2.308488368988037,-3.607168197631836,-2.902371883392334
1999-04-28,17100,14.95,0.0,0.0,0.0,1.510601,2.5526462194060917,,0.0,4.9774651527404785,3.0226187705993652,5.078271865844727,2.3701353073120117,0.10080671310424805,-0.6524834632873535
1999-05-01,17100,14.93,0.0,0.0,0.0,6.173131,2.573007921401838,,0.0,23.901676177978516,15.88557243347168,10.381301879882812,3.7906084060668945,-13.520374298095703,-12.094964027404785
1999-05-07,19200,15.69,0.0,0.0,0.0,13.915772,2.000895678465071,,0.0,31.325725555419922,13.91577434539795,4.731926918029785,2.920586585998535,-26.593798637390137,-10.995187759399414
1999-05-10,16600,14.77,0.0,0.0,0.0,0.5796169,4.035743853318702,,0.0,3.2600607872009277,2.1024301052093506,5.560181617736816,2.3921663761138916,2.3001208305358887,0.289736270904541
1999-05-16,12600,13.19,0.0,0.0,0.0,2.825837,2.116900299455029,,0.0,16.18777084350586,10.388667106628418,5.35906982421875,2.4177029132843018,-10.82870101928711,-7.970964193344116
1999-05-25,36000,21.1,0.0,0.0,0.0,0.065557964,1.8062073369582063,,0.0,0.06555796414613724,0.06555796414613724,2.6961405277252197,0.9772777557373047,2.6305825635790825,0.9117197915911674
1999-05-29,27700,18.6,0.0,0.0,0.0,0.07606091,1.9970445090611495,,0.0,0.8789470195770264,0.8011336326599121,3.843743324279785,2.2297253608703613,2.964796304702759,1.4285917282104492
1999-05-30,26500,18.16,2.0,2.0,2.0,0.80113363,3.060889395902695,,2.0,3.5576815605163574,2.6804871559143066,5.273384094238281,2.2297253608703613,1.7157025337219238,-0.4507617950439453
1999-05-31,26100,18.03,2.0,2.0,2.0,2.6804874,3.074949315841357,,2.0,12.961710929870605,9.480090141296387,6.051579475402832,2.2297253608703613,-6.910131454467773,-7.250364780426025
1999-06-04,23500,17.17,0.0,1.0,1.0,2.391619,2.2147627816044926,,1.0,11.482431411743164,8.523195266723633,7.258859634399414,2.7521214485168457,-4.22357177734375,-5.771073818206787
1999-06-05,27100,18.36,0.0,1.0,1.0,8.523194,2.692504531091451,,1.0,18.222396850585938,8.523195266723633,7.2843451499938965,2.777606964111328,-10.938051700592041,-5.745588302612305
1999-06-06,31800,19.89,0.0,0.0,0.0,7.3075833,2.8019697073028595,,0.0,19.253063201904297,8.523195266723633,6.295767784118652,2.777606964111328,-12.957295417785645,-5.745588302612305
1999-06-07,28300,18.78,0.0,0.0,0.0,3.4222848,1.2221127595948575,,0.0,13.580678939819336,7.307583808898926,5.034328937530518,2.777606964111328,-8.546350002288818,-4.529976844787598
1999-06-12,22500,16.82,1.0,1.0,0.0,0.030679762,2.8431461171077896,,1.0,0.15466994047164917,0.12399017810821533,5.484763145446777,2.2400155067443848,5.330093204975128,2.1160253286361694
1999-06-13,26900,18.32,1.0,1.0,0.0,0.0,3.191140140407003,,1.0,0.06973673403263092,0.03905697539448738,4.904847145080566,2.2400155067443848,4.8351104110479355,2.2009585313498974
1999-06-14,32200,20.0,0.0,0.0,0.0,0.039056975,2.79562989921034,,0.0,0.3823811709880829,0.3433241844177246,3.667789936065674,1.7903954982757568,3.285408765077591,1.4470713138580322
1999-06-22,28500,18.85,1.0,0.0,0.0,4.8399825,2.7989885901227374,,1.0,12.733295440673828,4.839982509613037,4.699666976928711,1.8801623582839966,-8.033628463745117,-2.9598201513290405
1999-06-23,29000,19.03,1.0,0.0,0.0,3.212843,3.013034663624584,,1.0,15.754922866821289,7.702097415924072,3.9369447231292725,1.469170093536377,-11.817978143692017,-6.232927322387695
1999-06-29,24200,17.42,0.0,0.0,0.0,3.2540317,2.844750650472536,,0.0,8.980157852172852,4.769899845123291,5.667568683624268,2.093790054321289,-3.312589168548584,-2.676109790802002
1999-07-04,26300,18.12,0.0,0.0,0.0,1.8403536,1.9440494421125945,,0.0,8.037131309509277,6.112807273864746,3.969461441040039,1.8523383140563965,-4.067669868469238,-4.26046895980835
1999-07-13,33300,20.34,0.0,0.0,0.0,0.23545973,1.4853089305384195,,0.0,1.8880176544189453,1.648699402809143,2.6203904151916504,1.2874640226364136,0.7323727607727051,-0.3612353801727295
1999-08-05,35100,20.87,0.0,0.0,0.0,0.8335992,2.0698581670210943,,0.0,6.300836563110352,4.171380996704102,5.752074241638184,2.0397613048553467,-0.548762321472168,-2.131619691848755
1999-08-10,26500,18.18,0.0,0.0,0.0,0.0,1.6634454068062472,,0.0,1.387237787246704,1.3858959674835205,4.086795330047607,2.0122427940368652,2.6995575428009033,0.6263468265533447
1999-08-11,24200,17.4,0.0,0.0,0.0,0.0013418467,2.6000936184459342,,0.0,0.7839390635490417,0.7825972437858582,4.797231674194336,2.0122427940368652,4.013292610645294,1.229645550251007
1999-08-14,20500,16.16,0.0,0.0,0.0,5.565827,2.25583606645463,,0.0,12.396936416625977,5.991944313049316,3.9776577949523926,1.9997614622116089,-8.419278621673584,-3.9921828508377075
1999-08-24,14600,14.0,3.0,3.0,3.0,0.19199018,2.853668582434865,,3.0,0.7208035588264465,0.3675265312194824,3.3211450576782227,1.3247349262237549,2.600341498851776,0.9572083950042725
1999-08-25,14800,14.08,3.0,3.0,3.0,0.16128685,2.1226203245026136,,3.0,0.42684873938560486,0.1919901818037033,2.770148515701294,1.3247349262237549,2.343299776315689,1.1327447444200516
1999-08-26,17100,14.95,0.0,0.0,3.0,0.073571704,1.605021296646476,,3.0,0.3762514591217041,0.1612868458032608,2.592141628265381,1.3247349262237549,2.2158901691436768,1.163448080420494
1999-09-01,13700,13.66,0.0,0.0,0.0,0.31616306,1.474944355923692,,0.0,11.707104682922363,11.281336784362793,4.542484283447266,1.826949119567871,-7.164620399475098,-9.454387664794922
1999-09-04,10000,12.13,1.0,1.0,1.0,0.2960747,3.605063869273104,,1.0,4.339135646820068,3.9268527030944824,8.19381046295166,3.515160083770752,3.854674816131592,-0.41169261932373047
1999-09-05,9220,11.78,1.0,1.0,1.0,3.9268525,2.5824549112484734,,1.0,19.738332748413086,15.51540470123291,5.597943305969238,2.520995616912842,-14.140389442443848,-12.994409084320068
1999-09-17,9350,11.83,0.0,0.0,0.0,0.0013752455,1.201154007510142,,0.0,0.0013752456288784742,0.0013752456288784742,2.3739094734191895,0.8149398565292358,2.372534227790311,0.8135646109003574
1999-09-19,7540,11.0,0.0,0.0,0.0,0.0010314342,2.0523897503301445,,0.0,0.0010314341634511948,0.0010314341634511948,3.3531596660614014,1.667123556137085,3.35212823189795,1.6660921219736338
1999-09-23,11400,12.71,1.0,1.0,1.0,0.10427504,0.7195584019971936,,1.0,1.4553418159484863,1.3510668277740479,3.775428295135498,1.9004390239715576,2.3200864791870117,0.5493721961975098
1999-09-24,11200,12.61,1.0,1.0,1.0,1.3510668,0.3172908929711767,,1.0,9.284134864807129,7.828793048858643,3.7486915588378906,1.9004390239715576,-5.535443305969238,-5.928354024887085
1999-09-25,8790,11.58,1.0,1.0,1.0,7.828794,1.0687039528477162,,1.0,19.98021125793457,10.8003511428833,2.611961841583252,1.131422996520996,-17.36824941635132,-9.668928146362305
1999-10-02,8330,,0.0,0.0,0.0,0.0,0.4297241665788348,,0.0,0.22245576977729797,0.2101571410894394,0.5891563892364502,0.3587472140789032,0.3667006194591522,0.1485900729894638
1999-10-06,9750,,0.0,0.0,0.0,3.0020099,0.4001986033698507,,0.0,20.80831527709961,16.645980834960938,2.849351644515991,1.7515461444854736,-17.958963632583618,-14.894434690475464
1999-10-07,9590,,2.0,2.0,1.0,16.64598,1.784777599358517,,2.0,63.43659973144531,43.78860855102539,4.262606620788574,1.7599983215332031,-59.17399311065674,-42.02861022949219
1999-10-08,19000,,2.0,2.0,1.0,43.788612,4.452531107983608,,2.0,89.2339096069336,43.78860855102539,3.900757074356079,1.7599983215332031,-85.33315253257751,-42.02861022949219
1999-10-12,12700,,2.0,2.0,2.0,8.351344,0.6857234969899498,,2.0,24.041627883911133,12.744379997253418,1.416682481765747,0.8732044100761414,-22.624945402145386,-11.871175587177277
1999-10-13,13700,,2.0,2.0,2.0,12.744381,1.4645578750059418,,2.0,29.751432418823242,12.744379997253418,1.6137869358062744,0.8732044100761414,-28.137645483016968,-11.871175587177277
1999-10-19,10900,,0.0,0.0,0.0,0.1431945,0.4743646655465519,,0.0,0.325284868478775,0.14319449663162231,0.3599167466163635,0.2516871392726898,0.0346318781375885,0.1084926426410675
1999-10-20,10700,,0.0,0.0,0.0,0.13670334,1.477467507372711,,0.0,0.2846837043762207,0.14319449663162231,0.1220717802643776,0.07338639348745346,-0.1626119241118431,-0.06980810314416885
1999-10-23,10600,,1.0,1.0,1.0,3.5939016,1.1535113117122255,,1.0,10.837591171264648,7.24368953704834,0.9303971529006958,0.465732604265213,-9.907194018363953,-6.777956932783127
1999-10-24,10800,,1.0,1.0,1.0,7.2436895,0.124488560156568,,1.0,17.072948455810547,7.24368953704834,1.532008409500122,0.60349440574646,-15.540940046310425,-6.64019513130188
1999-10-25,10800,,1.0,0.0,0.0,6.2353578,0.2871009074582695,,1.0,21.08434295654297,7.605296611785889,1.8228076696395874,0.7535806894302368,-19.26153528690338,-6.851715922355652
1999-10-27,11300,,2.0,2.0,2.0,6.86167,1.6872011391277573,,2.0,35.51411437988281,21.047147750854492,6.38444709777832,4.069560527801514,-29.129667282104492,-16.97758722305298
1999-10-28,12500,,2.0,2.0,2.0,21.04715,2.048450129061191,,2.0,68.07606506347656,40.16724395751953,7.333885192871094,4.069560527801514,-60.74217987060547,-36.09768342971802
1999-10-29,18600,,2.0,2.0,2.0,40.167244,1.3453601003556674,,2.0,89.09288787841797,40.16724395751953,7.652599334716797,4.069560527801514,-81.44028854370117,-36.09768342971802
1999-10-30,19000,,2.0,2.0,2.0,27.878496,2.166528408961745,,2.0,98.6930160522461,40.16724395751953,4.808603763580322,1.8800199031829834,-93.88441228866577,-38.28722405433655
1999-10-31,26300,,2.0,2.0,2.0,30.647278,1.3305611526848655,,2.0,71.33824157714844,30.647275924682617,3.4180352687835693,1.8800199031829834,-67.92020630836487,-28.767256021499634
1999-11-03,14700,,1.0,1.0,1.0,5.27959,0.6965567838240552,,1.0,23.331275939941406,17.34813117980957,1.8812828063964844,1.0722332000732422,-21.449993133544922,-16.275897979736328
1999-11-04,15800,,1.0,1.0,1.0,17.34813,0.2795417862730145,,1.0,29.627187728881836,17.34813117980957,2.151949882507324,1.0722332000732422,-27.47523784637451,-16.275897979736328
1999-11-05,15200,,4.0,0.0,0.0,6.9994674,0.6640209639186657,,4.0,39.23662567138672,17.34813117980957,3.0914478302001953,2.0117311477661133,-36.14517784118652,-15.336400032043457
1999-11-06,16300,,4.0,4.0,3.0,14.889028,0.5699505454876115,,4.0,36.02667999267578,14.88902759552002,4.988590240478516,2.65574049949646,-31.038089752197266,-12.23328709602356
1999-11-07,22600,,4.0,4.0,3.0,14.138186,0.4097131720946766,,4.0,35.011962890625,14.88902759552002,7.151405334472656,2.65574049949646,-27.860557556152344,-12.23328709602356
1999-11-08,17800,,4.0,4.0,3.0,5.9847507,0.7401129207921816,,4.0,36.71659851074219,16.59366226196289,8.060710906982422,2.921036958694458,-28.655887603759766,-13.672625303268433
1999-11-09,18100,,2.0,2.0,2.0,16.593662,0.6299581093620512,,2.0,53.760284423828125,31.18187141418457,7.786324977874756,2.921036958694458,-45.97395944595337,-28.260834455490112
1999-11-10,24800,,2.0,2.0,2.0,31.181871,1.1784210515438776,,2.0,69.77400970458984,31.18187141418457,6.5824360847473145,2.921036958694458,-63.19157361984253,-28.260834455490112
1999-11-11,23600,,3.0,3.0,2.0,21.998472,0.8571347382300121,,3.0,119.89665985107422,66.71631622314453,6.190342426300049,2.5289435386657715,-113.70631742477417,-64.18737268447876
1999-11-12,51900,,3.0,3.0,2.0,66.71632,0.9772027717673222,,3.0,138.06344604492188,66.71631622314453,4.580384254455566,2.5289435386657715,-133.4830617904663,-64.18737268447876
1999-11-13,76800,,3.0,1.0,1.0,49.348663,0.5809229166795832,,3.0,133.30540466308594,66.71631622314453,4.409667491912842,2.5289435386657715,-128.8957371711731,-64.18737268447876
1999-11-14,74400,,1.0,1.0,1.0,17.240423,0.3534086000839053,,1.0,70.09233856201172,49.348663330078125,2.8364429473876953,1.1093275547027588,-67.25589561462402,-48.239335775375366
1999-11-15,55900,,2.0,2.0,2.0,3.5032513,0.2188336340283418,,2.0,24.269174575805664,17.24042320251465,4.037315368652344,1.9722689390182495,-20.23185920715332,-15.268154263496399
1999-11-16,36600,,2.0,2.0,2.0,3.525499,0.8231944349723794,,2.0,13.367071151733398,6.338320255279541,4.4323954582214355,1.9722689390182495,-8.934675693511963,-4.3660513162612915
1999-11-18,33000,,2.0,2.0,0.0,3.386827,0.4308945004846253,,2.0,16.96420669555664,7.2390594482421875,5.385004997253418,2.458620309829712,-11.579201698303223,-4.780439138412476
1999-11-19,29500,,2.0,2.0,0.0,7.239059,1.872041150783564,,2.0,32.94319152832031,22.317304611206055,6.114116668701172,2.458620309829712,-26.82907485961914,-19.858684301376343
1999-11-20,29700,,2.0,2.0,0.0,22.317305,1.714822920606185,,2.0,51.03791809082031,22.317304611206055,6.250175952911377,2.458620309829712,-44.787742137908936,-19.858684301376343
1999-11-24,23400,,2.0,2.0,2.0,13.931686,1.667143852078722,,2.0,60.4085578918457,38.12056350708008,6.366644382476807,3.1192855834960938,-54.0419135093689,-35.001277923583984
1999-11-25,29000,,2.0,2.0,2.0,38.120564,4.549816586377999,,2.0,72.32200622558594,38.12056350708008,7.7543134689331055,3.1192855834960938,-64.56769275665283,-35.001277923583984
1999-11-29,19000,,2.0,1.0,1.0,6.2076387,0.544063081886174,,2.0,28.711214065551758,16.36330223083496,6.388248920440674,3.1796741485595703,-22.322965145111084,-13.18362808227539
1999-11-30,22700,,2.0,1.0,1.0,16.363302,0.8540889354570049,,2.0,45.07990264892578,22.508960723876953,6.766606330871582,3.1796741485595703,-38.3132963180542,-19.329286575317383
1999-12-01,23600,,1.0,1.0,0.0,22.508963,0.6810202550637658,,1.0,65.25914764404297,26.386884689331055,8.452361106872559,3.6873905658721924,-56.80678653717041,-22.699494123458862
1999-12-02,27900,,1.0,1.0,0.0,26.386883,2.106043866338485,,1.0,67.26142120361328,26.386884689331055,6.457365036010742,3.6873905658721924,-60.80405616760254,-22.699494123458862
1999-12-08,18900,,1.0,0.0,0.0,3.3291414,0.5635942043362081,,1.0,34.978187561035156,20.519760131835938,5.831424713134766,2.8579204082489014,-29.14676284790039,-17.661839723587036
1999-12-09,19200,,1.0,0.0,0.0,11.129286,3.703823063203818,,1.0,35.08969497680664,20.63126564025879,5.208001136779785,2.8579204082489014,-29.881693840026855,-17.773345232009888
1999-12-10,19100,,0.0,0.0,0.0,20.631264,2.2901892828579045,,0.0,58.19841766357422,26.437864303588867,5.468619346618652,2.8579204082489014,-52.729798316955566,-23.579943895339966
1999-12-13,32100,,0.0,0.0,0.0,33.06237,3.25555831106537,,0.0,96.67291259765625,36.720027923583984,6.812236785888672,2.7589831352233887,-89.86067581176758,-33.961044788360596
1999-12-14,25500,,3.0,2.0,2.0,26.89051,3.435228641871212,,3.0,106.02560424804688,46.07271957397461,8.062244415283203,4.008990287780762,-97.96335983276367,-42.06372928619385
1999-12-15,30800,,3.0,2.0,2.0,46.07272,2.119644373903393,,3.0,120.58609008789062,47.622867584228516,8.439589500427246,4.008990287780762,-112.14650058746338,-43.613877296447754
1999-12-16,49000,,3.0,2.0,2.0,47.62287,0.8974431624435034,,3.0,105.70912170410156,47.622867584228516,8.10904598236084,4.008990287780762,-97.60007572174072,-43.613877296447754
1999-12-17,37200,,1.0,1.0,1.0,12.0135355,1.2292724007448144,,1.0,89.8578109741211,47.622867584228516,6.526843070983887,2.5891940593719482,-83.3309679031372,-45.03367352485657
1999-12-18,40900,,1.0,1.0,1.0,30.221405,2.154311305099002,,1.0,53.96337127685547,30.221406936645508,5.031757354736328,2.4267873764038086,-48.93161392211914,-27.7946195602417
1999-12-27,18300,,0.0,0.0,0.0,0.0,0.1639372653080625,,0.0,0.0013948918785899878,0.0011493123602122068,0.07818467915058136,0.058163832873106,0.07678978727199137,0.057014520512893796
1999-12-29,19500,,0.0,0.0,0.0,0.04031434,0.1082892623982441,,0.0,0.6513831615447998,0.6108232140541077,0.19248196482658386,0.09998352080583572,-0.45890119671821594,-0.5108396932482719
2000-01-03,17500,,1.0,1.0,1.0,16.66664,4.8622062540428495,,1.0,58.63603591918945,23.96603012084961,7.310727119445801,3.9176855087280273,-51.32530879974365,-20.048344612121582
2000-01-04,19100,,1.0,1.0,1.0,23.96603,3.609233920050261,,1.0,55.863868713378906,23.96603012084961,6.782657623291016,3.9176855087280273,-49.08121109008789,-20.048344612121582
2000-01-21,14900,,0.0,0.0,0.0,5.5948896,0.7580246301244733,,0.0,14.599862098693848,6.471055030822754,3.578385353088379,1.439635157585144,-11.021476745605469,-5.03141987323761
2000-01-31,11000,,2.0,2.0,0.0,10.599095,1.438543106851093,,2.0,39.530059814453125,28.5450439453125,6.624767303466797,3.0066702365875244,-32.90529251098633,-25.538373708724976
2000-02-01,13600,,2.0,2.0,0.0,28.54504,1.7056177267457362,,2.0,80.43260192871094,41.28845977783203,6.443014621734619,3.0066702365875244,-73.98958730697632,-38.28178954124451
2000-02-07,12100,,1.0,1.0,1.0,5.363102,0.3024518526325795,,1.0,14.73366928100586,7.9210357666015625,4.42765998840332,2.017254590988159,-10.306009292602539,-5.903781175613403
2000-02-22,11800,,1.0,1.0,0.0,9.0056925,2.6815693592819696,,1.0,25.329851150512695,12.118095397949219,9.943279266357422,3.920393943786621,-15.386571884155273,-8.197701454162598
2000-02-23,13100,,0.0,0.0,0.0,12.118094,2.8491279844754582,,0.0,24.078779220581055,12.118095397949219,9.230098724365234,3.920393943786621,-14.84868049621582,-8.197701454162598
2000-02-28,11400,,0.0,0.0,0.0,5.8550916,1.022924119459617,,0.0,15.148534774780273,5.8550920486450195,8.960100173950195,4.0986552238464355,-6.188434600830078,-1.756436824798584
2000-03-02,12600,,0.0,0.0,0.0,6.3912716,2.44753977750636,,0.0,26.405925750732422,11.617817878723145,6.076248645782471,3.3206825256347656,-20.32967710494995,-8.297135353088379
2000-03-06,12500,,0.0,0.0,0.0,0.008394892,1.1497599606513198,,0.0,6.500427722930908,6.483331680297852,7.569641590118408,2.7647972106933594,1.0692138671875,-3.718534469604492
2000-03-14,11100,,0.0,0.0,0.0,13.876533,1.5527708373374336,,0.0,28.51569938659668,13.876532554626465,4.392980575561523,2.731738805770874,-24.122718811035156,-11.14479374885559
2000-03-23,18200,,0.0,0.0,0.0,24.468494,2.8832024121732918,,0.0,41.0775032043457,24.468494415283203,7.145174503326416,3.4315271377563477,-33.93232870101929,-21.036967277526855
2000-03-26,14100,,0.0,0.0,0.0,0.15264833,1.6848546847455663,,0.0,3.9998860359191895,3.5536837577819824,2.0053272247314453,1.0614310503005981,-1.9945588111877441,-2.4922527074813843
2000-04-07,13300,,0.0,0.0,0.0,6.6463656,2.134227978482224,,0.0,17.913846969604492,10.013143539428711,1.500016212463379,0.7082938551902771,-16.413830757141113,-9.304849684238434
2000-04-09,10600,,0.0,0.0,0.0,0.13000785,1.127950376023758,,0.0,1.3843457698822021,1.2543379068374634,0.6938329935073853,0.28772321343421936,-0.6905127763748169,-0.966614693403244
2000-04-17,19600,,0.0,0.0,0.0,1.0365796,3.0535082117636847,,0.0,4.182891845703125,3.111316442489624,6.500313758850098,2.451014280319214,2.3174219131469727,-0.6603021621704102
2000-04-22,18800,,0.0,0.0,0.0,7.1590433,1.577330902973677,,0.0,15.644072532653809,7.159042835235596,3.7085654735565186,1.241141676902771,-11.93550705909729,-5.917901158332825
2000-04-24,17400,,0.0,0.0,0.0,5.5932927,3.0147851012339864,,0.0,15.503129959106445,5.593292713165283,3.250335454940796,1.235891580581665,-12.25279450416565,-4.357401132583618
2000-04-26,15300,,2.0,0.0,0.0,6.007238,0.750097648379037,,2.0,12.259125709533691,6.007237911224365,3.230954170227051,1.3869731426239014,-9.02817153930664,-4.620264768600464
2000-04-27,14900,,2.0,2.0,0.0,1.6443084,1.1227951616003171,,2.0,15.444478034973145,7.79293155670166,3.4431748390197754,1.3869731426239014,-12.00130319595337,-6.405958414077759
2000-04-30,14400,,1.0,1.0,1.0,3.9405696,2.360949328241152,,1.0,10.392623901367188,3.9405698776245117,5.649421691894531,3.5422654151916504,-4.743202209472656,-0.39830446243286133
2000-05-01,15500,,1.0,1.0,1.0,2.8123791,2.6034060167934547,,1.0,12.616416931152344,5.863467216491699,5.002785682678223,3.5422654151916504,-7.613631248474121,-2.321201801300049
2000-05-13,14500,,0.0,0.0,0.0,0.16638507,1.765713535821972,,0.0,10.022543907165527,9.8172025680542,1.741064429283142,0.8691262006759644,-8.281479477882385,-8.948076367378235
2000-05-18,16500,,0.0,0.0,0.0,1.3247426,3.707627940042863,,0.0,8.56322193145752,7.196806907653809,5.7852864265441895,2.334139347076416,-2.77793550491333,-4.862667560577393
2000-05-19,16600,,0.0,0.0,0.0,7.1968074,3.564775284730273,,0.0,12.785133361816406,7.196806907653809,4.222702980041504,2.334139347076416,-8.562430381774902,-4.862667560577393
2000-05-20,18500,,2.0,2.0,2.0,4.2635837,1.8803996453658869,,2.0,17.067760467529297,7.196806907653809,4.38613748550415,2.4975738525390625,-12.681622982025146,-4.699233055114746
2000-05-21,19600,,2.0,2.0,2.0,5.607371,1.1903118341568864,,2.0,16.173709869384766,6.302755832672119,3.7355520725250244,2.4975738525390625,-12.438157796859741,-3.8051819801330566
2000-05-22,26700,,2.0,2.0,0.0,6.3027563,1.4649526017868104,,2.0,11.953539848327637,6.302755832672119,3.378138303756714,2.4975738525390625,-8.575401544570923,-3.8051819801330566
2000-05-23,25700,,0.0,0.0,0.0,0.04341257,1.6700691701851085,,0.0,6.42385196685791,6.302755832672119,1.0770677328109741,0.6276071071624756,-5.346784234046936,-5.6751487255096436
2000-05-31,20600,,0.0,0.0,0.0,9.709896,1.92819031204082,,0.0,16.128873825073242,9.709896087646484,3.5112228393554688,1.5924934148788452,-12.617650985717773,-8.11740267276764
2000-06-10,22000,,0.0,0.0,0.0,3.9119508,2.436494454192061,,0.0,15.726533889770508,9.267443656921387,6.346508502960205,2.168093204498291,-9.380025386810303,-7.099350452423096
2000-06-11,20500,,2.0,1.0,0.0,9.267444,3.549178410305056,,2.0,46.69073486328125,33.5113410949707,8.071941375732422,3.764791965484619,-38.61879348754883,-29.746549129486084
2000-06-12,27100,,2.0,1.0,0.0,33.51134,3.625482816985238,,2.0,64.11076354980469,33.5113410949707,8.205548286437988,3.764791965484619,-55.9052152633667,-29.746549129486084
2000-06-13,36500,,3.0,3.0,2.0,21.331984,4.527962569154686,,3.0,62.370887756347656,33.5113410949707,8.253473281860352,3.764791965484619,-54.117414474487305,-29.746549129486084
2000-06-14,30100,,3.0,3.0,2.0,7.527566,4.261725555355781,,3.0,43.63435363769531,21.331981658935547,5.925637245178223,2.3017008304595947,-37.70871639251709,-19.030280828475952
2000-06-15,36300,,3.0,3.0,0.0,14.774809,3.533995895668132,,3.0,22.35574722290039,14.774808883666992,4.553157806396484,2.1869804859161377,-17.802589416503906,-12.587828397750854
2000-06-18,26900,,0.0,0.0,0.0,0.44140276,3.828736316310483,,0.0,6.393488883972168,5.862249374389648,5.528951168060303,1.960561752319336,-0.8645377159118652,-3.9016876220703125
2000-07-26,19200,,3.0,3.0,3.0,0.07678193,1.7932404588750497,,3.0,0.9926286935806274,0.6570215821266174,3.854064464569092,1.5008630752563477,2.8614357709884644,0.8438414931297302
2000-07-27,17300,,3.0,3.0,3.0,0.6570216,1.7192275341562666,,3.0,1.6885757446289062,0.9547721743583679,3.9523775577545166,1.5008630752563477,2.2638018131256104,0.5460909008979797
2000-07-28,15000,,3.0,3.0,3.0,0.9547721,2.503994180363273,,3.0,9.44855785369873,7.836764335632324,3.934617519378662,1.5008630752563477,-5.513940334320068,-6.335901260375977
2000-08-04,16800,,0.0,0.0,0.0,0.0,1.6786099417416338,,0.0,0.0008408644353039563,0.0008408644353039563,4.388389587402344,1.8780171871185303,4.38754872296704,1.8771763226832263
2000-08-24,10400,,0.0,0.0,0.0,0.08490571,1.5065913172508003,,0.0,0.46070337295532227,0.34113362431526184,2.1105034351348877,0.8908491730690002,1.6498000621795654,0.5497155487537384
2000-08-28,9590,,0.0,0.0,1.0,0.66993916,1.1702686002079032,,1.0,1.7435284852981567,0.9353713393211365,3.1944503784179688,1.3531482219696045,1.450921893119812,0.417776882648468
2000-08-29,9910,,0.0,0.0,1.0,0.13821809,1.5482120530132537,,1.0,7.713230133056641,6.9050726890563965,4.207955360412598,1.823074221611023,-3.505274772644043,-5.0819984674453735
2000-09-05,6660,,0.0,0.0,0.0,0.15622593,1.501865962358358,,0.0,3.9673519134521484,2.4529097080230713,2.211503505706787,0.816681981086731,-1.7558484077453613,-1.6362277269363403
2000-09-09,11600,,0.0,2.0,2.0,23.17639,1.232642664798431,,2.0,49.83638000488281,23.176389694213867,3.8765900135040283,1.6668572425842285,-45.959789991378784,-21.50953245162964
2000-09-10,14000,,0.0,2.0,2.0,19.008167,2.338798129284388,,2.0,46.82004928588867,23.176389694213867,2.5102717876434326,1.1506390571594238,-44.30977749824524,-22.025750637054443
2000-09-14,10600,,1.0,1.0,0.0,0.26727113,1.4452617286553044,,1.0,0.27005699276924133,0.26727113127708435,1.6215440034866333,0.6910737752914429,1.351487010717392,0.4238026440143585
2000-09-15,10600,,1.0,1.0,0.0,0.0,1.0217938782216216,,1.0,0.3337976634502411,0.26727113127708435,1.431514024734497,0.6910737752914429,1.097716361284256,0.4238026440143585
2000-09-17,8920,,3.0,3.0,3.0,0.033640474,1.080809458562988,,3.0,1.268937110900879,1.1687700748443604,1.18711519241333,0.552998423576355,-0.08182191848754883,-0.6157716512680054
2000-09-18,10600,,3.0,3.0,3.0,1.1687701,1.3374463450573386,,3.0,7.551033020019531,6.3486223220825195,1.656043529510498,0.7345263957977295,-5.894989490509033,-5.61409592628479
2000-09-19,12600,,3.0,3.0,3.0,6.3486223,2.2285025801905025,,3.0,7.62109375,6.3486223220825195,1.7963298559188843,0.7345263957977295,-5.824763894081116,-5.61409592628479
2000-09-20,12300,,1.0,1.0,0.0,0.10370138,2.3935169742848936,,1.0,7.9477620124816895,6.3486223220825195,2.4966249465942383,1.0688139200210571,-5.451137065887451,-5.279808402061462
2000-09-21,11200,,0.0,0.0,0.0,1.4954381,2.6861446766650343,,0.0,1.6515264511108398,1.4954380989074707,3.604979991912842,1.842881441116333,1.953453540802002,0.3474433422088623
2000-09-23,7340,,0.0,0.0,0.0,0.16256385,4.281550759590724,,0.0,0.2856345772743225,0.16256386041641235,4.400774002075195,1.842881441116333,4.115139424800873,1.6803175806999207
2000-09-27,8120,,0.0,0.0,0.0,0.0034774067,0.2364289419462303,,0.0,1.9463260173797607,1.942848563194275,0.5973014831542969,0.38248932361602783,-1.3490245342254639,-1.560359239578247
2000-09-28,8000,,0.0,3.0,2.0,1.9428488,0.1567453846932807,,3.0,11.159393310546875,9.213067054748535,2.279473304748535,1.7690707445144653,-8.87992000579834,-7.44399631023407
2000-09-29,8160,,3.0,3.0,2.0,9.213066,0.4309643526584126,,3.0,37.847923278808594,26.69200897216797,3.9943854808807373,1.8428254127502441,-33.853537797927856,-24.849183559417725
2000-09-30,12100,,3.0,3.0,2.0,26.692007,0.947750574007138,,3.0,71.10900115966797,35.20392608642578,5.015974998474121,1.8428254127502441,-66.09302616119385,-33.36110067367554
2000-10-01,21000,,3.0,3.0,0.0,35.20393,1.09511572107903,,3.0,62.17002487182617,35.20392608642578,3.511645555496216,1.8428254127502441,-58.658379316329956,-33.36110067367554
2000-10-16,7420,,3.0,3.0,3.0,1.0350746,1.898258035583276,,3.0,28.15308380126953,26.677335739135742,3.665100336074829,1.6489944458007812,-24.487983465194702,-25.02834129333496
2000-10-17,10100,,3.0,3.0,3.0,26.677336,1.6704541837938824,,3.0,45.93152618408203,26.677335739135742,4.027623176574707,1.6489944458007812,-41.903903007507324,-25.02834129333496
2000-10-18,12500,,3.0,3.0,3.0,18.219114,1.1939937463704768,,3.0,60.343467712402344,26.677335739135742,3.798872709274292,1.6489944458007812,-56.54459500312805,-25.02834129333496
2000-10-19,14600,,3.0,3.0,2.0,15.44702,0.5093360116888727,,3.0,53.07343292236328,19.407299041748047,5.390508651733398,3.2406303882598877,-47.68292427062988,-16.16666865348816
2000-10-20,15600,,3.0,3.0,2.0,19.4073,1.763691336057155,,3.0,73.64909362792969,38.79478073120117,6.82407808303833,3.2406303882598877,-66.82501554489136,-35.554150342941284
2000-10-26,12000,,0.0,0.0,0.0,0.0074616894,2.0686140543400318,,0.0,8.089288711547852,7.913387298583984,6.606257438659668,2.9259519577026367,-1.4830312728881836,-4.987435340881348
2000-10-27,11500,,1.0,1.0,1.0,7.913387,1.6302001120114742,,1.0,13.75631046295166,7.913387298583984,10.318330764770508,5.531693935394287,-3.4379796981811523,-2.3816933631896973
2000-10-28,11400,,1.0,1.0,1.0,5.8354616,4.241724067380482,,1.0,23.829174041748047,10.080324172973633,12.2344388961792,5.531693935394287,-11.594735145568848,-4.548630237579346
2000-11-02,9920,,0.0,0.0,0.0,0.22786249,1.7534356729678289,,0.0,6.452347755432129,3.7915124893188477,7.122857093811035,4.41128396987915,0.6705093383789062,0.6197714805603027
2000-11-03,9840,,0.0,0.0,1.0,2.4329727,2.676922949745701,,1.0,8.197261810302734,5.536426544189453,5.080286026000977,2.368712902069092,-3.116975784301758,-3.1677136421203613
2000-11-04,10400,,1.0,1.0,1.0,5.5364265,2.3434127126823032,,1.0,26.333301544189453,18.363903045654297,4.979486465454102,2.368712902069092,-21.35381507873535,-15.995190143585205
2000-11-05,12900,,0.0,0.0,0.0,18.363903,3.9939365006540894,,0.0,26.341323852539062,18.363903045654297,5.012326240539551,2.368712902069092,-21.32899761199951,-15.995190143585205
2000-11-17,10400,,0.0,0.0,0.0,1.4177662,0.8288960669919546,,0.0,3.8315775394439697,2.3360352516174316,1.2508738040924072,0.5868114829063416,-2.5807037353515625,-1.74922376871109
2000-11-20,10000,,0.0,0.0,0.0,3.1109743,0.2731639521450611,,0.0,4.312832355499268,3.110974073410034,1.2583211660385132,0.5569362640380859,-3.0545111894607544,-2.5540378093719482
2000-11-23,7780,,1.0,1.0,1.0,0.29634577,2.771466006997617,,1.0,15.750048637390137,15.356221199035645,4.306368827819824,2.6708364486694336,-11.443679809570312,-12.685384750366211
2000-11-24,7140,,0.0,0.0,0.0,15.356221,4.9843111604347365,,0.0,18.28191375732422,15.356221199035645,6.195042610168457,2.6708364486694336,-12.086871147155762,-12.685384750366211
2000-12-02,8980,,0.0,0.0,0.0,4.226405,0.4430640718030748,,0.0,16.895366668701172,7.883091449737549,2.575629949569702,1.087871789932251,-14.31973671913147,-6.795219659805298
2000-12-03,8920,,0.0,0.0,0.0,4.78587,0.4191306090985557,,0.0,9.273279190063477,4.785870552062988,1.664372205734253,1.0259793996810913,-7.608906984329224,-3.759891152381897
2000-12-16,7940,,2.0,2.0,2.0,22.324238,5.810925251974151,,2.0,78.2448501586914,41.7741813659668,8.744874000549316,3.714191436767578,-69.49997615814209,-38.05998992919922
2000-12-24,8530,,0.0,0.0,0.0,9.044174,0.7817694092944725,,0.0,26.046977996826172,12.981404304504395,4.73685884475708,2.512052059173584,-21.310119152069092,-10.46935224533081
2001-01-04,8320,,2.0,3.0,1.0,15.171929,0.4575900173390455,,3.0,44.97761917114258,28.137348175048828,5.759726524353027,2.5515246391296387,-39.21789264678955,-25.58582353591919
2001-01-05,15100,,2.0,3.0,1.0,28.137348,0.6975495940100728,,3.0,59.4500846862793,28.137348175048828,4.003087520599365,2.5515246391296387,-55.44699716567993,-25.58582353591919
2001-01-07,13200,,1.0,0.0,0.0,0.38809627,0.6859229270127449,,1.0,17.831636428833008,16.14080810546875,5.126156330108643,3.8168721199035645,-12.705480098724365,-12.323935985565186
2001-01-08,11000,,1.0,0.0,0.0,1.3027327,1.3774478743652858,,1.0,7.301952362060547,5.611123561859131,7.691889762878418,3.8168721199035645,0.3899374008178711,-1.7942514419555664
2001-01-14,8680,,0.0,0.0,0.0,2.9353774,1.1892607449383008,,0.0,4.269834995269775,2.935377359390259,3.446021795272827,1.9826159477233887,-0.8238131999969482,-0.9527614116668701
2001-01-21,9030,,0.0,0.0,0.0,8.6459055,0.6467356508548626,,0.0,33.76491165161133,17.48619842529297,4.462818145751953,2.0827724933624268,-29.302093505859375,-15.403425931930542
2001-01-22,9370,,0.0,0.0,0.0,17.486198,0.1803085068787858,,0.0,26.83530044555664,17.48619842529297,4.238819122314453,2.0827724933624268,-22.596481323242188,-15.403425931930542
2001-01-23,8960,,0.0,0.0,0.0,0.7031984,0.5742981199845417,,0.0,18.45060920715332,17.48619842529297,3.570655107498169,1.4146082401275635,-14.879954099655151,-16.071590185165405
2001-02-01,9300,,1.0,1.0,0.0,6.12646,0.3333517263613424,,1.0,35.985687255859375,21.980567932128906,5.412497520446777,3.1147894859313965,-30.573189735412598,-18.86577844619751
2001-02-02,9180,,1.0,1.0,0.0,7.8786616,0.8738719803917923,,1.0,31.80575942993164,17.80063819885254,5.4373650550842285,3.1147894859313965,-26.368394374847412,-14.685848712921143
2001-02-06,9710,,0.0,0.0,0.0,3.8016443,0.6144017409311007,,0.0,24.33548355102539,19.980045318603516,2.9117865562438965,1.358194351196289,-21.423696994781494,-18.621850967407227
2001-02-12,8660,,0.0,0.0,0.0,0.064312376,1.8116706862666083,,0.0,0.26762473583221436,0.14950096607208252,5.0952935218811035,2.386654853820801,4.827668786048889,2.2371538877487183
2001-02-22,8250,,0.0,0.0,0.0,2.6464303,2.2068122402501453,,0.0,4.632433891296387,2.646430253982544,4.153168678283691,1.505936622619629,-0.4792652130126953,-1.140493631362915
2001-02-25,7380,,0.0,0.0,0.0,1.3075266,3.224777682023812,,0.0,4.229836940765381,2.9182944297790527,6.6193366050720215,3.3134891986846924,2.3894996643066406,0.39519476890563965
2001-02-28,6200,,0.0,0.0,0.0,0.043750495,1.858503675505653,,0.0,4.086575508117676,3.972184419631958,4.71849250793457,1.719753384590149,0.6319169998168945,-2.252431035041809
2001-03-01,5750,,0.0,0.0,0.0,3.9721847,1.772481756802837,,0.0,20.279251098632812,16.263317108154297,5.785317897796631,2.765106201171875,-14.493933200836182,-13.498210906982422
2001-03-04,5610,,0.0,0.0,0.0,0.06821218,3.277669417354339,,0.0,5.424923896789551,3.6972692012786865,6.790514945983887,3.1983425617218018,1.365591049194336,-0.49892663955688477
2001-03-15,6690,,0.0,0.0,0.0,3.8024952,4.034436295024169,,0.0,24.52187156677246,11.890266418457031,3.3762307167053223,1.4617221355438232,-21.14564085006714,-10.428544282913208
2001-03-18,6960,,1.0,1.0,1.0,10.369841,1.249146170840231,,1.0,43.56061553955078,29.938213348388672,5.588468551635742,2.169426918029785,-37.97214698791504,-27.768786430358887
2001-03-19,13400,,1.0,1.0,1.0,29.938215,1.6383945159843678,,1.0,42.92610168457031,29.938213348388672,4.806465148925781,2.169426918029785,-38.11963653564453,-27.768786430358887
2001-03-24,7670,,1.0,1.0,0.0,1.2327014,1.304136571332916,,1.0,4.786088466644287,3.1419548988342285,2.5453221797943115,1.7043527364730835,-2.2407662868499756,-1.437602162361145
2001-03-25,8470,,1.0,1.0,0.0,3.1419547,1.077308170017711,,1.0,11.984518051147461,7.609862327575684,3.1447207927703857,1.7043527364730835,-8.839797258377075,-5.9055095911026
2001-03-27,9230,,1.0,0.0,0.0,10.441252,2.106360681079361,,1.0,35.975067138671875,17.923952102661133,3.9393105506896973,1.5972977876663208,-32.03575658798218,-16.326654314994812
2001-03-28,9150,,1.0,0.0,0.0,17.92395,1.9660547368247023,,1.0,36.28368377685547,17.923952102661133,3.84763240814209,1.5972977876663208,-32.43605136871338,-16.326654314994812
2001-04-02,10200,,0.0,0.0,0.0,2.4957957,1.5033754306345182,,0.0,22.795305252075195,19.408817291259766,3.124051094055176,1.3038275241851807,-19.67125415802002,-18.104989767074585
2001-04-14,6860,,0.0,0.0,0.0,2.041112,1.3685650751530858,,0.0,9.275944709777832,6.764711380004883,1.6917376518249512,0.7938656210899353,-7.584207057952881,-5.9708457589149475
2001-04-15,6430,,0.0,0.0,0.0,0.47012183,2.5059969537839004,,0.0,2.8150746822357178,2.041111946105957,1.7074987888336182,0.8096268177032471,-1.1075758934020996,-1.23148512840271
2001-04-16,6340,,1.0,0.0,0.0,0.30384088,0.5268544408829481,,1.0,7.556309700012207,6.782347202301025,2.9108362197875977,1.7592177391052246,-4.645473480224609,-5.023129463195801
2001-04-17,7350,,1.0,0.0,0.0,6.782347,0.6584962356291553,,1.0,16.901283264160156,9.815093994140625,3.513317108154297,1.7592177391052246,-13.38796615600586,-8.0558762550354
2001-04-22,7600,,0.0,0.0,0.0,2.1067193,4.423783425195142,,0.0,9.550053596496582,7.4056525230407715,7.434341907501221,3.880657196044922,-2.1157116889953613,-3.5249953269958496
2001-05-10,12200,,0.0,0.0,0.0,0.0008506876,1.4188865398167725,,0.0,0.24018466472625732,0.13530057668685913,1.578997015953064,0.7162853479385376,1.3388123512268066,0.5809847712516785
2001-05-11,12200,,0.0,0.0,0.0,0.1040334,1.6139189756116714,,0.0,1.1816011667251587,1.0767171382904053,2.0713062286376953,0.9492695331573486,0.8897050619125366,-0.12744760513305664
2001-05-19,12600,,1.0,0.0,0.0,2.1045303,2.520229024198198,,1.0,10.113800048828125,4.649782180786133,3.5837106704711914,1.4689092636108398,-6.530089378356934,-3.180872917175293
2001-05-20,12400,,1.0,1.0,0.0,4.649782,3.988670721399358,,1.0,6.988108158111572,4.649782180786133,3.4786696434020996,1.4689092636108398,-3.5094385147094727,-3.180872917175293
2001-05-21,11300,,1.0,1.0,0.0,0.23379567,4.202100938457755,,1.0,5.212636947631836,4.649782180786133,2.392306327819824,1.4689092636108398,-2.8203306198120117,-3.180872917175293
2001-06-11,17300,,0.0,0.0,0.0,12.190025,3.688439258574975,,0.0,41.842254638671875,19.64261817932129,4.45791482925415,2.297696113586426,-37.384339809417725,-17.344922065734863
2001-06-12,19300,,0.0,0.0,0.0,19.64262,3.630738676404639,,0.0,40.13193893432617,19.64261817932129,6.77653694152832,3.542679786682129,-33.35540199279785,-16.09993839263916
2001-06-17,13100,,0.0,0.0,0.0,0.027469547,1.6310294515777708,,0.0,1.1997228860855103,1.1496856212615967,2.3578267097473145,1.1783117055892944,1.1581038236618042,0.028626084327697754
2001-06-19,13100,,0.0,0.0,0.0,0.044373278,1.0731585789009237,,0.0,0.11979568004608154,0.052854616194963455,2.7767605781555176,1.1783117055892944,2.656964898109436,1.125457089394331
2001-06-23,17000,,0.0,0.0,0.0,5.8939095e-05,1.5663283589492414,,0.0,0.08198035508394241,0.08192141354084015,1.7913928031921387,0.8767351508140564,1.7094124481081963,0.7948137372732162
2001-06-27,12100,,2.0,1.0,0.0,2.610603,2.986394325854191,,2.0,12.65330982208252,9.658530235290527,6.445472240447998,2.897163152694702,-6.2078375816345215,-6.761367082595825
2001-06-28,15700,,2.0,1.0,0.0,9.65853,1.8328766075816476,,2.0,13.667247772216797,9.658530235290527,5.93332576751709,2.897163152694702,-7.733922004699707,-6.761367082595825
2001-07-28,9340,,0.0,0.0,0.0,5.6297407,2.7313237400259154,,0.0,15.606908798217773,9.095508575439453,6.546602249145508,2.459012985229492,-9.060306549072266,-6.636495590209961
2001-07-29,11300,,0.0,0.0,0.0,9.095509,3.2939575803041667,,0.0,14.752679824829102,9.095508575439453,5.208887100219727,2.2301056385040283,-9.543792724609375,-6.865402936935425
2001-07-30,9350,,0.0,0.0,0.0,0.027430255,1.3786268881269903,,0.0,9.139778137207031,9.095508575439453,4.985370635986328,2.00658917427063,-4.154407501220703,-7.088919401168823
2001-08-01,9470,,2.0,2.0,1.0,0.17758153,1.9475455640769697,,2.0,0.36403143405914307,0.1775815188884735,6.962615013122559,3.5357542037963867,6.5985835790634155,3.358172684907913
2001-08-02,10100,,2.0,2.0,1.0,0.169611,1.5626844727710851,,2.0,1.146885871887207,0.7996934056282043,6.32675838470459,3.5357542037963867,5.179872512817383,2.7360607981681824
2001-08-03,9640,,2.0,2.0,1.0,0.7996935,1.9210182710967,,2.0,4.1219801902771,3.1526756286621094,4.4228010177612305,1.6317968368530273,0.30082082748413086,-1.520878791809082
2001-08-05,7970,,1.0,1.0,1.0,0.37643224,1.1122933625968476,,1.0,6.641665458679199,3.1526756286621094,4.81937837600708,2.2417678833007812,-1.8222870826721191,-0.9109077453613281
2001-08-06,8870,,1.0,1.0,1.0,3.112558,1.0655959444406555,,1.0,3.488990068435669,3.112557888031006,3.90891695022583,2.2417678833007812,0.41992688179016113,-0.8707900047302246
2001-08-08,11000,,0.0,0.0,0.0,0.0,1.8321681660084443,,0.0,0.024051081389188766,0.024051081389188766,3.759326457977295,1.8576781749725342,3.735275376588106,1.8336270935833454
2001-08-13,8960,,0.0,0.0,0.0,0.0,2.4987449341674264,,0.0,0.0,0.0,4.702232837677002,2.203740119934082,4.702232837677002,2.203740119934082
2001-08-18,9310,,0.0,0.0,0.0,0.0,2.3821978221828184,,0.0,0.07981336116790771,0.06923183053731918,1.7451794147491455,0.6417884826660156,1.6653660535812378,0.5725566521286964
2001-08-21,9120,,2.0,2.0,2.0,6.00444,0.9191810349281536,,2.0,37.762447357177734,31.06020164489746,4.9637980461120605,2.3978803157806396,-32.798649311065674,-28.66232132911682
2001-08-22,11500,,2.0,2.0,2.0,31.0602,2.4248006216430142,,2.0,82.37025451660156,45.30561447143555,6.8020920753479,2.3978803157806396,-75.56816244125366,-42.90773415565491
2001-08-27,12300,,0.0,0.0,0.0,0.024051081,1.456863182737833,,0.0,0.03639685735106468,0.024051081389188766,1.8832342624664307,0.8823620676994324,1.846837405115366,0.8583109863102436
2001-08-31,10700,,1.0,1.0,1.0,1.0767957,4.539152143407753,,1.0,4.9231767654418945,3.843837022781372,3.9450583457946777,1.520358681678772,-0.9781184196472168,-2.3234783411026
2001-09-01,10600,,1.0,1.0,1.0,3.8438368,2.77210004980584,,1.0,11.340279579162598,6.419646739959717,3.159327268600464,1.520358681678772,-8.180952310562134,-4.899288058280945
2001-09-02,11000,,1.0,1.0,0.0,6.4196467,2.292607036056535,,1.0,10.816568374633789,6.419646739959717,3.1356472969055176,1.520358681678772,-7.6809210777282715,-4.899288058280945
2001-09-03,9650,,1.0,1.0,1.0,0.5530845,2.8089208252476343,,1.0,7.92406702041626,6.419646739959717,2.137698173522949,1.0250763893127441,-5.7863688468933105,-5.394570350646973
2001-09-16,6840,,0.0,0.0,0.0,0.0,1.2664781897953827,,0.0,0.00013752456288784742,6.876228144392371e-05,4.582545280456543,1.639564037322998,4.582407755893655,1.6394952750415541
2001-09-21,6370,,1.0,1.0,1.0,1.4281454,1.5012656056576128,,1.0,4.020884037017822,2.3958723545074463,3.0240235328674316,1.4423893690109253,-0.9968605041503906,-0.953482985496521
2001-09-22,6030,,1.0,1.0,1.0,2.3958724,1.8298070385364935,,1.0,3.877976417541504,2.3958723545074463,2.9382920265197754,1.4423893690109253,-0.9396843910217285,-0.953482985496521
2001-09-25,7080,,0.0,0.0,0.0,0.39189783,2.302650042675958,,0.0,8.773573875427246,8.36540699005127,2.661980628967285,1.2811579704284668,-6.111593246459961,-7.084249019622803
2001-10-04,6980,10.15,0.0,0.0,0.0,0.0,1.5142634832261783,,0.0,0.052614931017160416,0.052614931017160416,1.1136499643325806,0.5896643400192261,1.0610350333154202,0.5370494090020657
2001-10-10,6510,9.91,1.0,1.0,1.0,7.1639037,4.049811006470626,,1.0,36.62544250488281,25.953542709350586,5.425493240356445,2.540780544281006,-31.199949264526367,-23.41276216506958
2001-10-12,8350,10.85,3.0,3.0,3.0,11.291647,3.173411741365094,,3.0,57.411705017089844,25.953542709350586,4.163640022277832,1.8144171237945557,-53.24806499481201,-24.13912558555603
2001-10-13,9720,11.51,3.0,3.0,3.0,20.166513,7.473518172931663,,3.0,41.0716667175293,20.166513442993164,2.920065402984619,1.6328675746917725,-38.15160131454468,-18.53364586830139
2001-10-14,9140,11.24,2.0,1.0,1.0,9.613506,3.4997563440446893,,2.0,32.695945739746094,20.166513442993164,1.7031681537628174,0.7163550853729248,-30.992777585983276,-19.45015835762024
2001-10-18,9940,11.62,1.0,1.0,2.0,6.5674267,0.2048499728237844,,2.0,31.09868812561035,15.533796310424805,3.1772027015686035,1.5242431163787842,-27.921485424041748,-14.00955319404602
2001-10-19,10900,12.03,1.0,1.0,2.0,15.533796,0.3498312594677595,,2.0,31.721031188964844,15.533796310424805,2.33872652053833,1.5242431163787842,-29.382304668426514,-14.00955319404602
2001-10-22,11400,12.24,2.0,1.0,1.0,28.98282,2.2361197737450893,,2.0,71.33061981201172,36.416961669921875,5.254751205444336,2.5792343616485596,-66.07586860656738,-33.837727308273315
2001-10-23,21500,16.36,2.0,0.0,0.0,36.41696,2.739362939908531,,2.0,97.82644653320312,36.416961669921875,5.922306060791016,2.5792343616485596,-91.90414047241211,-33.837727308273315
2001-10-25,18600,15.29,2.0,2.0,2.0,23.2548,0.8509912602117472,,2.0,68.13787078857422,32.42666244506836,3.642768383026123,1.6481432914733887,-64.4951024055481,-30.77851915359497
2001-10-26,17600,14.88,2.0,2.0,2.0,12.456405,0.4120478466724119,,2.0,52.684288024902344,23.254802703857422,3.4459381103515625,1.6481432914733887,-49.23834991455078,-21.606659412384033
2001-10-27,20400,15.95,2.0,2.0,0.0,16.973085,0.4430363789294431,,2.0,34.68626022338867,16.973085403442383,3.9251439571380615,1.6481432914733887,-30.76111626625061,-15.324942111968994
2001-11-04,15500,14.04,0.0,1.0,1.0,4.199625,0.3744004182863897,,1.0,14.411884307861328,8.39844799041748,3.3100788593292236,1.4773231744766235,-11.101805448532104,-6.921124815940857
2001-11-11,11300,12.23,2.0,2.0,1.0,0.6651532,0.4705645419619368,,2.0,5.407749176025391,4.73844051361084,4.260437965393066,2.1095430850982666,-1.1473112106323242,-2.6288974285125732
2001-11-12,9840,11.56,2.0,2.0,1.0,4.73844,1.5835122003641406,,2.0,24.766225814819336,19.362632751464844,5.637297630310059,2.1508944034576416,-19.128928184509277,-17.211738348007202
2001-11-13,12600,12.82,4.0,4.0,2.0,19.362635,1.6105286652241573,,4.0,77.85870361328125,53.75762939453125,7.203671932220459,2.943234443664551,-70.65503168106079,-50.8143949508667
2001-11-14,28000,18.29,4.0,4.0,3.0,53.75763,2.690729293893721,,4.0,135.80084228515625,62.680572509765625,8.28508186340332,3.1909537315368652,-127.51576042175293,-59.48961877822876
2001-11-15,63800,26.96,4.0,4.0,3.0,62.680576,2.6789974353092405,,4.0,141.74566650390625,62.680572509765625,8.167101860046387,3.1909537315368652,-133.57856464385986,-59.48961877822876
2001-11-19,20800,15.67,4.0,4.0,3.0,10.378178,1.8703806116818464,,4.0,46.422611236572266,35.785682678222656,5.790188789367676,2.695620059967041,-40.63242244720459,-33.090062618255615
2001-11-20,27800,18.15,4.0,4.0,3.0,35.78568,1.021563035386946,,4.0,67.56953430175781,35.785682678222656,7.765766143798828,2.695620059967041,-59.803768157958984,-33.090062618255615
2001-11-21,28100,18.26,4.0,4.0,0.0,21.405678,1.948336257618124,,4.0,68.87641906738281,35.785682678222656,9.066061973571777,3.9959158897399902,-59.810357093811035,-31.789766788482666
2001-11-25,18300,14.78,0.0,0.0,0.0,0.9569842,3.168033123983475,,0.0,13.851451873779297,6.624598979949951,8.350866317749023,3.741379737854004,-5.500585556030273,-2.8832192420959473
2001-11-27,16700,14.19,0.0,0.0,0.0,3.5814183,3.774870990474892,,0.0,22.400497436523438,12.549210548400879,6.965561866760254,4.33361291885376,-15.434935569763184,-8.21559762954712
2001-11-28,15900,13.88,1.0,0.0,0.0,12.549211,7.186703907381804,,1.0,44.847938537597656,28.717309951782227,10.35722541809082,5.256816864013672,-34.490713119506836,-23.460493087768555
2001-12-01,17400,14.46,1.0,1.0,0.0,22.555403,2.494376486683654,,1.0,74.97236633300781,32.265380859375,9.98487663269043,4.429050445556641,-64.98748970031738,-27.83633041381836
2001-12-03,18500,14.86,0.0,0.0,0.0,11.346352,0.933973782701874,,0.0,53.597991943359375,32.265380859375,7.3752360343933105,3.3527369499206543,-46.222755908966064,-28.912643909454346
2001-12-08,15500,13.75,1.0,1.0,0.0,7.953711,2.2974431624435034,,1.0,55.19944381713867,25.148338317871094,4.805698871612549,2.4778201580047607,-50.39374494552612,-22.670518159866333
2001-12-11,14800,13.48,0.0,0.0,0.0,4.46321,2.0463431973695902,,0.0,9.352294921875,4.463210582733154,4.193081855773926,1.667280912399292,-5.159213066101074,-2.7959296703338623
2001-12-12,13800,13.05,0.0,0.0,1.0,1.2161808,4.066663980044598,,1.0,34.633121490478516,28.9537296295166,5.801570892333984,3.2757697105407715,-28.83155059814453,-25.67795991897583
2001-12-13,17800,14.58,1.0,1.0,1.0,28.953728,6.856957834499947,,1.0,87.16215515136719,56.99224853515625,9.255252838134766,4.444714069366455,-77.90690231323242,-52.547534465789795
2001-12-14,32300,19.57,1.0,1.0,1.0,56.99225,3.5728485840468385,,1.0,97.5260238647461,56.99224853515625,9.779577255249023,4.444714069366455,-87.74644660949707,-52.547534465789795
2001-12-15,25600,17.38,2.0,2.0,2.0,11.580048,1.9976436257824788,,2.0,110.74055480957031,56.99224853515625,10.890388488769531,4.444714069366455,-99.85016632080078,-52.547534465789795
2001-12-16,29700,18.64,2.0,2.0,2.0,42.168255,6.901384023691873,,2.0,120.72239685058594,66.97409057617188,9.957250595092773,4.386580467224121,-110.76514625549316,-62.587510108947754
2001-12-17,48400,23.75,2.0,2.0,2.0,66.97409,5.057389140673598,,2.0,113.02983093261719,66.97409057617188,10.073123931884766,4.386580467224121,-102.95670700073242,-62.587510108947754
2001-12-19,25200,17.26,0.0,0.0,0.0,18.4717,0.7536909020643592,,0.0,27.606578826904297,18.47170066833496,5.064966201782227,2.174967050552368,-22.54161262512207,-16.296733617782593
2001-12-25,11000,11.9,0.0,0.0,0.0,0.05021611,0.1398126391101908,,0.0,0.11479764431715012,0.050216108560562134,0.5442348122596741,0.2757788598537445,0.42943716794252396,0.22556275129318237
2001-12-27,12100,12.38,1.0,1.0,1.0,0.6944322,0.437664994761087,,1.0,3.3844122886657715,2.646768093109131,4.19271183013916,2.0821690559387207,0.8082995414733887,-0.5645990371704102
2001-12-28,12000,12.33,1.0,1.0,1.0,2.646768,1.218354795310398,,1.0,7.8777995109558105,4.536599159240723,6.330451488494873,2.196667194366455,-1.5473480224609375,-2.3399319648742676
2001-12-30,10700,11.79,0.0,0.0,0.0,0.12037919,1.2446454588853826,,0.0,5.692200183868408,4.536599159240723,5.966080665588379,2.4501121044158936,0.2738804817199707,-2.086487054824829
2002-01-01,10300,11.59,2.0,2.0,2.0,2.766228,1.1698337807592394,,2.0,,,,,,
2002-01-02,10900,11.89,2.0,2.0,2.0,12.928312,2.175583151986344,,2.0,24.91677474975586,12.928312301635742,7.153115272521973,3.0917325019836426,-17.763659477233887,-9.8365797996521
2002-01-03,12200,12.4,2.0,2.0,0.0,9.222236,0.9656275639157724,,2.0,27.306028366088867,12.928312301635742,6.077496528625488,3.0917325019836426,-21.22853183746338,-9.8365797996521
2002-01-05,15800,13.86,1.0,1.0,0.0,0.37527505,2.728063420813881,,1.0,13.858928680419922,8.32817268371582,5.128751277923584,2.647280216217041,-8.730177402496338,-5.680892467498779
2002-01-06,16000,13.94,3.0,3.0,3.0,8.328173,4.267673943279208,,3.0,64.55182647705078,55.8483772277832,8.710722923278809,4.613046646118164,-55.84110355377197,-51.23533058166504
2002-01-07,35700,20.14,3.0,3.0,3.0,55.848377,2.0636260304745613,,3.0,142.14559936523438,77.96903991699219,10.51166820526123,4.613046646118164,-131.63393115997314,-73.35599327087402
2002-01-08,73700,28.6,3.0,3.0,3.0,77.96904,0.8099545547543912,,3.0,157.30039978027344,77.96903991699219,8.64098834991455,4.613046646118164,-148.6594114303589,-73.35599327087402
2002-01-12,27200,17.97,1.0,1.0,0.0,5.5062513,1.6981540839755396,,1.0,36.12728500366211,28.766212463378906,5.682590484619141,2.99285888671875,-30.44469451904297,-25.773353576660156
2002-01-23,18600,14.89,1.0,1.0,1.0,13.481046,2.901574360532282,,1.0,58.605690002441406,33.180973052978516,5.1845173835754395,2.7985663414001465,-53.42117261886597,-30.38240671157837
2002-01-24,20000,15.4,1.0,1.0,1.0,33.18097,5.507189813982421,,1.0,95.0478286743164,48.38581085205078,6.999233722686768,3.227043390274048,-88.04859495162964,-45.15876746177673
2002-01-25,26100,17.59,1.0,1.0,1.0,48.385807,1.871239090764427,,1.0,101.59015655517578,48.38581085205078,8.366257667541504,3.227043390274048,-93.22389888763428,-45.15876746177673
2002-02-14,12500,12.55,0.0,0.0,0.0,1.9646366e-06,0.131278067450747,,0.0,0.7251060605049133,0.6386522054672241,0.8060732483863831,0.4368196129798889,0.08096718788146973,-0.2018325924873352
2002-02-21,18000,14.65,2.0,2.0,2.0,38.50416,1.3833704293842055,,2.0,148.34552001953125,93.13420867919922,7.058974742889404,3.29713773727417,-141.28654527664185,-89.83707094192505
2002-02-22,49700,23.81,2.0,2.0,2.0,93.134224,1.1279435561369682,,2.0,173.30087280273438,93.13420867919922,8.676961898803711,3.29713773727417,-164.62391090393066,-89.83707094192505
2002-03-03,18900,15.02,0.0,0.0,0.0,0.015442043,1.441938790482745,,0.0,0.41147348284721375,0.2916070818901062,1.1284326314926147,0.7456350922584534,0.716959148645401,0.45402801036834717
2002-03-06,16500,14.11,0.0,0.0,0.0,4.8400044,1.802640742830336,,0.0,10.070140838623047,4.840003967285156,4.74466609954834,2.0812790393829346,-5.325474739074707,-2.7587249279022217
2002-03-11,14800,13.45,1.0,1.0,1.0,27.011707,2.8131518416794283,,1.0,89.01012420654297,54.51628494262695,8.940423965454102,3.406668186187744,-80.06970024108887,-51.10961675643921
2002-03-26,13400,12.89,0.0,0.0,0.0,0.40785465,4.146730897600433,,0.0,6.319394588470459,5.477076530456543,2.3033394813537598,0.9082183241844177,-4.016055107116699,-4.568858206272125
2002-04-12,25500,17.36,2.0,2.0,2.0,20.378159,2.003352904341788,,2.0,57.874237060546875,20.37816047668457,6.17748498916626,3.048046588897705,-51.696752071380615,-17.330113887786865
2002-04-13,31100,19.22,2.0,2.0,2.0,19.941027,3.665056966721019,,2.0,95.95339965820312,55.634212493896484,8.005151748657227,3.5711326599121094,-87.9482479095459,-52.063079833984375
2002-04-14,45400,22.99,2.0,2.0,2.0,55.634212,3.398071212017881,,2.0,93.98554992675781,55.634212493896484,8.406444549560547,3.5711326599121094,-85.57910537719727,-52.063079833984375
2002-04-22,20400,15.53,0.0,0.0,0.0,2.0221534,0.7492261495125848,,0.0,12.70305061340332,9.517430305480957,1.279420018196106,0.6464951634407043,-11.423630595207214,-8.870935142040253
2002-05-08,17500,14.5,0.0,0.0,0.0,0.96858346,3.752920874846811,,0.0,6.0318193435668945,4.792858600616455,3.0952200889587402,1.5568761825561523,-2.9365992546081543,-3.2359824180603027
2002-05-12,14700,13.43,0.0,0.0,0.0,0.44288802,4.409587314183918,,0.0,2.2732455730438232,1.6890844106674194,1.9435791969299316,1.291901707649231,-0.3296663761138916,-0.3971827030181885
2002-05-14,19500,15.24,0.0,0.0,0.0,9.080966,0.68231934016562,,0.0,14.37004280090332,9.08096694946289,1.8490662574768066,0.9377009868621826,-12.520976543426514,-8.143265962600708
2002-05-15,19000,15.04,0.0,0.0,0.0,3.5999918,0.390971089879908,,0.0,15.246137619018555,9.08096694946289,2.1271610260009766,0.9377009868621826,-13.118976593017578,-8.143265962600708
2002-05-24,22400,16.28,0.0,0.0,0.0,0.21699998,1.898403939827932,,0.0,4.288868427276611,3.590489387512207,3.835294723510742,1.388892412185669,-0.45357370376586914,-2.201596975326538
2002-05-25,22700,16.36,0.0,0.0,0.0,0.48137918,1.352326718043147,,0.0,5.431188583374023,4.732809543609619,3.291306257247925,1.388892412185669,-2.1398823261260986,-3.34391713142395
2002-05-28,29200,18.61,1.0,1.0,1.0,10.047433,2.778086257101465,,1.0,23.151691436767578,12.809048652648926,5.203577041625977,2.265552520751953,-17.9481143951416,-10.543496131896973
2002-05-29,37100,20.97,1.0,1.0,1.0,12.80905,2.313552148367671,,1.0,25.290451049804688,12.809048652648926,4.7140960693359375,2.265552520751953,-20.57635498046875,-10.543496131896973
2002-06-01,29100,18.57,0.0,0.0,0.0,0.32603145,0.957917991894668,,0.0,1.3421865701675415,1.0093870162963867,3.0194602012634277,1.9881161451339722,1.6772736310958862,0.9787291288375854
2002-06-03,26900,17.86,0.0,0.0,0.0,0.3629843,1.783875307669893,,0.0,2.4792966842651367,1.106925368309021,6.267724990844727,2.3287346363067627,3.78842830657959,1.2218092679977417
2002-06-05,25800,17.49,0.0,0.0,0.0,4.0762906,3.2958884349186475,,0.0,17.09198760986328,11.908770561218262,5.376097679138184,2.3287346363067627,-11.715889930725098,-9.580035924911499
2002-06-17,32800,19.72,0.0,0.0,0.0,2.095177,1.0100822726342744,,0.0,17.658836364746094,14.367227554321289,5.029135704040527,2.668489694595337,-12.629700660705566,-11.698737859725952
2002-06-21,29000,18.56,0.0,0.0,0.0,0.022982318,1.8606626863327405,,0.0,0.07122789323329926,0.04824557900428772,4.1786699295043945,1.5679539442062378,4.107442036271095,1.51970836520195
2002-06-25,32300,19.59,0.0,1.0,1.0,0.0,2.086301534061201,,1.0,0.6794341802597046,0.6794341802597046,3.557105302810669,1.365811824798584,2.8776711225509644,0.6863776445388794
2002-06-26,33400,19.92,0.0,1.0,1.0,0.6794341,2.938559639909978,,1.0,2.090860366821289,1.4114261865615845,3.0928092002868652,1.365811824798584,1.0019488334655762,-0.04561436176300049
2002-06-27,38300,21.27,3.0,0.0,0.0,1.4114262,3.2184882997608906,,3.0,14.446493148803711,12.355632781982422,3.71621036529541,1.7373554706573486,-10.7302827835083,-10.618277311325073
2002-06-28,40700,21.92,3.0,1.0,1.0,12.355634,2.102148057675576,,3.0,39.39954376220703,25.63248634338379,4.606695175170898,2.2562968730926514,-34.79284858703613,-23.376189470291138
2002-06-29,51300,24.33,3.0,1.0,1.0,25.632483,1.695990526557259,,3.0,44.68742370605469,25.63248634338379,4.629249095916748,2.2562968730926514,-40.05817461013794,-23.376189470291138
2002-07-01,34600,20.27,0.0,0.0,0.0,5.454024,1.9045025719239728,,0.0,12.97530460357666,6.699304103851318,1.4235424995422363,0.6355966329574585,-11.551762104034424,-6.06370747089386
2002-07-03,27700,18.14,0.0,0.0,0.0,0.4550963,2.3120232537473213,,0.0,1.8987741470336914,0.8219764828681946,2.3185226917266846,1.3742518424987793,0.41974854469299316,0.5522753596305847
2002-07-06,23500,16.68,0.0,0.0,0.0,0.15987033,1.9237067531345649,,0.0,3.535727024078369,2.1184794902801514,4.505383014678955,1.891674280166626,0.9696559906005859,-0.2268052101135254
2002-07-12,35700,20.58,0.0,0.0,0.0,0.11727898,2.0117014790887806,,0.0,0.19498036801815033,0.11727897822856903,1.427004098892212,0.585898220539093,1.2320237308740616,0.468619242310524
2002-07-13,35800,20.62,0.0,0.0,0.0,0.0072888015,2.3674503336577946,,0.0,0.1247367337346077,0.11727897822856903,1.5469286441802979,0.7058228254318237,1.4221919104456902,0.5885438472032547
2002-07-16,29100,18.58,0.0,0.0,0.0,0.0,1.6798118951225414,,0.0,0.09890961647033691,0.0813673809170723,2.5368638038635254,1.1789416074752808,2.4379541873931885,1.0975742265582085
2002-07-17,27300,17.99,1.0,1.0,1.0,0.01754224,1.493969360108622,,1.0,0.017542239278554916,0.017542239278554916,3.0972180366516113,1.1789416074752808,3.0796757973730564,1.1613993681967258
2002-07-18,25400,17.34,1.0,1.0,1.0,0.0,1.9185273591125056,,1.0,0.017542239278554916,0.017542239278554916,3.885864496231079,1.5310847759246826,3.868322256952524,1.5135425366461277
2002-07-26,23200,16.55,0.0,0.0,0.0,0.13578193,2.299697858348885,,0.0,0.3612121641635895,0.22093318402767181,3.5440638065338135,1.4261119365692139,3.182851642370224,1.205178752541542
2002-07-28,20900,15.73,3.0,3.0,3.0,0.5040452,2.331545283014969,,3.0,2.631286859512329,1.9063084125518799,3.510777235031128,1.3466978073120117,0.8794903755187988,-0.5596106052398682
2002-07-29,20800,15.7,3.0,3.0,3.0,1.9063085,2.3853686562136405,,3.0,3.7406797409057617,1.9063084125518799,3.009232997894287,1.3466978073120117,-0.7314467430114746,-0.5596106052398682
2002-07-30,20100,15.42,3.0,3.0,3.0,1.3303261,1.514820440647352,,3.0,3.677004098892212,1.9063084125518799,2.183255672454834,0.9673404693603516,-1.493748426437378,-0.9389679431915283
2002-07-31,17900,14.62,0.0,0.0,0.0,0.44036937,1.2486218662103543,,0.0,1.7706955671310425,1.3303261995315552,1.6674613952636719,0.6951947808265686,-0.1032341718673706,-0.6351314187049866
2002-08-06,13800,13.06,0.0,0.0,0.0,7.9351964,1.6074880290320512,,0.0,20.160301208496094,9.558892250061035,6.3934454917907715,2.3364193439483643,-13.766855716705322,-7.222472906112671
2002-08-12,12100,12.37,0.0,0.0,0.0,0.0,2.2804849972823784,,0.0,0.0,0.0,3.6237802505493164,1.7549517154693604,3.6237802505493164,1.7549517154693604
2002-08-13,12400,12.51,0.0,0.0,0.0,0.0,3.640232992132331,,0.0,0.06648330390453339,0.06648330390453339,3.4925670623779297,1.7549517154693604,3.4260837584733963,1.688468411564827
2002-08-19,10700,11.78,0.0,0.0,0.0,0.0,2.2665145625249288,,0.0,0.0,0.0,1.5796499252319336,1.0129904747009277,1.5796499252319336,1.0129904747009277
2002-08-26,10700,11.76,0.0,0.0,0.0,1.3344203,1.7777483627105126,,0.0,2.6997995376586914,1.3344203233718872,3.377239227294922,1.6804571151733398,0.6774396896362305,0.34603679180145264
2002-08-31,9350,11.19,3.0,3.0,3.0,0.0007976424,1.307761857819827,,3.0,0.3184715211391449,0.3170825242996216,4.1864094734191895,1.6889824867248535,3.8679379522800446,1.371899962425232
2002-09-01,8310,10.71,3.0,3.0,3.0,0.31708252,1.5579491980433124,,3.0,2.965437889099121,2.6475577354431152,3.6000170707702637,1.6889824867248535,0.6345791816711426,-0.9585752487182617
2002-09-02,9370,11.2,3.0,3.0,3.0,2.6475582,1.356673259223897,,3.0,11.309240341186523,8.344599723815918,2.719501495361328,1.0557783842086792,-8.589738845825195,-7.288821339607239
2002-09-07,8110,10.62,0.0,0.0,0.0,2.5435147,2.7587146786696675,,0.0,3.878903388977051,2.5435144901275635,9.070928573608398,3.494065761566162,5.192025184631348,0.9505512714385986
2002-09-08,7050,10.11,0.0,0.0,0.0,1.3062457,2.5649542550926987,,0.0,6.176243305206299,2.5435144901275635,7.880011081695557,3.298129081726074,1.7037677764892578,0.7546145915985107
2002-09-19,9530,11.28,0.0,1.0,1.0,0.87918276,4.233445758133748,,1.0,5.0461297035217285,3.974752426147461,4.912720203399658,2.8505334854125977,-0.1334095001220703,-1.1242189407348633
2002-09-28,6870,10.01,0.0,0.0,0.0,0.36331633,0.7233738186612769,,0.0,3.139512777328491,2.495337963104248,3.0487661361694336,1.2765259742736816,-0.09074664115905762,-1.2188119888305664
2002-09-29,5400,9.28,0.0,0.0,0.0,2.4953377,0.9161496985816704,,0.0,11.1530122756958,8.294358253479004,5.071450233459473,2.534179210662842,-6.081562042236328,-5.760179042816162
2002-10-01,5120,9.14,0.0,0.0,0.0,2.6890512,1.7917865830093884,,0.0,12.58032512664795,8.294358253479004,6.561912536621094,2.6331591606140137,-6.0184125900268555,-5.66119909286499
2002-10-04,5310,9.25,2.0,2.0,1.0,7.246532,4.779787302197451,,2.0,13.67636775970459,7.246531963348389,3.869255781173706,2.3759841918945312,-9.807111978530884,-4.870547771453857
2002-10-05,5050,9.11,2.0,2.0,1.0,1.0397956,0.9304739407992496,,2.0,9.070961952209473,7.246531963348389,2.2424228191375732,1.0089648962020874,-6.828539133071899,-6.237567067146301
2002-10-06,4900,9.03,2.0,0.0,0.0,0.78463465,2.118829914090093,,2.0,1.8248270750045776,1.0397956371307373,2.100921154022217,0.8674631714820862,0.27609407901763916,-0.17233246564865112
2002-10-07,4860,9.0,0.0,0.0,0.0,0.0003968566,2.260667026260697,,0.0,1.833730697631836,1.0486993789672852,2.4967875480651855,0.8801729679107666,0.6630568504333496,-0.16852641105651855
2002-10-14,5000,9.08,0.0,0.0,0.0,0.0028703338,0.6627904910111826,,0.0,0.06770727038383484,0.04614931344985962,0.3137390613555908,0.12456364929676056,0.24603179097175598,0.07841433584690094
2002-10-20,4540,8.81,0.0,0.0,0.0,0.17653045,1.1607356384550682,,0.0,0.42079368233680725,0.24317483603954315,1.7672522068023682,0.6935524940490723,1.346458524465561,0.4503776580095291
2002-11-05,5120,9.14,4.0,3.0,3.0,1.8694617,4.950890408552552,,4.0,6.992383003234863,5.118921279907227,1.9375145435333252,0.9713571667671204,-5.054868459701538,-4.147564113140106
2002-11-06,5230,9.2,4.0,3.0,3.0,5.118921,1.3246708371307705,,4.0,,,4.0792236328125,2.838067054748535,,
2002-11-07,5290,9.23,4.0,3.0,3.0,15.3438,1.8639914110759093,,4.0,,,9.060701370239258,5.251277446746826,,
2002-11-08,5440,9.31,4.0,3.0,3.0,14.56815,3.910886812612244,,4.0,,,12.55640697479248,5.251277446746826,,
2002-11-11,7560,10.37,3.0,3.0,0.0,13.402866,2.995770636874095,,3.0,46.42754364013672,17.318275451660156,6.191845417022705,2.940563678741455,-40.235698223114014,-14.377711772918701
2002-11-12,9200,11.12,3.0,3.0,2.0,15.706402,3.613007384077425,,3.0,61.976470947265625,32.86720275878906,5.547872066497803,2.940563678741455,-56.42859888076782,-29.926639080047607
2002-11-13,12700,12.63,3.0,3.0,2.0,32.867203,0.9762564608094172,,3.0,57.70039749145508,32.86720275878906,5.531927108764648,2.940563678741455,-52.16847038269043,-29.926639080047607
2002-11-15,8650,10.88,2.0,2.0,0.0,5.134717,1.7018773288363414,,2.0,22.125686645507812,9.126791954040527,4.708876609802246,2.394423246383667,-17.416810035705566,-6.73236870765686
2002-11-16,8730,10.91,2.0,2.0,1.0,7.864178,3.5078552696025245,,2.0,38.09089660644531,25.09200096130371,4.937084674835205,2.394423246383667,-33.15381193161011,-22.697577714920044
2002-11-17,10800,11.83,0.0,0.0,3.0,25.092001,2.315005610906859,,3.0,50.3202018737793,25.09200096130371,5.814569473266602,2.394423246383667,-44.505632400512695,-22.697577714920044
2002-11-18,12000,12.36,3.0,3.0,3.0,17.364021,0.8286774172882064,,3.0,,,5.838339805603027,2.4181935787200928,,
2002-11-19,21100,15.76,3.0,3.0,3.0,37.149197,0.8732631504983683,,3.0,,,4.933767318725586,2.4181935787200928,,
2002-11-20,28800,18.51,3.0,3.0,3.0,33.524628,0.6093281584859025,,3.0,,,3.144681930541992,2.4181935787200928,,
2002-11-22,16400,14.08,0.0,0.0,0.0,0.0016876227,0.9475633371152706,,0.0,0.013033397495746613,0.011345774866640568,1.3510737419128418,0.7722200751304626,1.3380403444170952,0.7608743002638221
2002-12-05,7670,10.16,0.0,0.0,0.0,2.4763656,1.9070131169155928,,0.0,2.9961609840393066,2.476365327835083,1.2256866693496704,0.8087866306304932,-1.7704743146896362,-1.6675786972045898
2002-12-11,8190,10.43,3.0,3.0,2.0,23.146852,2.598184670134476,,3.0,62.100120544433594,31.31296730041504,6.547145843505859,3.0133986473083496,-55.552974700927734,-28.29956865310669
2002-12-12,10800,11.68,3.0,3.0,2.0,31.31297,3.0683920980245065,,3.0,81.07112121582031,31.31296730041504,7.59646463394165,3.0133986473083496,-73.47465658187866,-28.29956865310669
2002-12-13,16000,13.91,1.0,1.0,0.0,26.611301,5.125421438004128,,1.0,80.48712158203125,31.31296730041504,11.365053176879883,5.373396873474121,-69.12206840515137,-25.939570426940918
2002-12-14,15700,13.79,2.0,2.0,1.0,22.562853,3.982694020612592,,2.0,90.1539306640625,40.97978210449219,12.218899726867676,5.373396873474121,-77.93503093719482,-35.606385231018066
2002-12-15,25700,17.54,2.0,2.0,1.0,40.97978,1.902452265959052,,2.0,82.11470031738281,40.97978210449219,14.899126052856445,5.658483505249023,-67.21557426452637,-35.321298599243164
2002-12-16,22700,16.46,1.0,1.0,0.0,18.572065,3.546949133977709,,1.0,83.11491394042969,40.97978210449219,12.944798469543457,5.658483505249023,-70.17011547088623,-35.321298599243164
2002-12-21,10100,11.33,0.0,0.0,0.0,0.195444,0.8496291428228957,,0.0,1.5169528722763062,1.3210314512252808,5.084301948547363,2.5906996726989746,3.567349076271057,1.2696682214736938
2002-12-25,7450,10.06,2.0,2.0,1.0,10.222236,2.1296867605331085,,2.0,32.28858947753906,21.49399757385254,5.670663833618164,2.190553903579712,-26.6179256439209,-19.303443670272827
2002-12-26,8290,10.48,2.0,2.0,0.0,21.494,1.011248886601816,,2.0,44.24165725708008,21.49399757385254,7.692529201507568,3.5473904609680176,-36.54912805557251,-17.94660711288452
2003-01-01,10100,11.33,3.0,4.0,0.0,11.723637,3.855177637384553,,4.0,,,,,,
2003-01-02,14400,13.23,3.0,4.0,2.0,36.570465,2.0354935841398367,,4.0,82.15998077392578,36.570465087890625,8.860498428344727,4.254148483276367,-73.29948234558105,-32.31631660461426
2003-01-03,23600,16.8,3.0,4.0,2.0,33.865875,1.642252918601551,,4.0,82.80670166015625,36.570465087890625,10.10306453704834,4.254148483276367,-72.70363712310791,-32.31631660461426
2003-01-04,22400,16.35,1.0,1.0,1.0,12.370362,1.5813424430487788,,1.0,75.01660919189453,33.86587905883789,6.733868598937988,3.3066625595092773,-68.28274059295654,-30.559216499328613
2003-01-07,17100,14.33,0.0,0.0,0.0,0.007876229,0.0668305506128598,,0.0,0.8581395149230957,0.6835638880729675,0.7185897827148438,0.46852853894233704,-0.13954973220825195,-0.2150353491306305
2003-01-08,15100,13.53,0.0,0.0,0.0,0.16669941,0.289664978228028,,0.0,0.17963851988315582,0.16669942438602448,0.5607454180717468,0.3106842041015625,0.381106898188591,0.14398477971553802
2003-01-10,16900,14.25,0.0,0.0,0.0,0.03924951,0.9998828219451557,,0.0,5.109487056732178,5.065174579620361,2.3463549613952637,1.2806775569915771,-2.763132095336914,-3.784497022628784
2003-01-11,15900,13.85,1.0,0.0,0.0,5.0651746,0.8407510968651255,,1.0,19.787778854370117,14.683354377746582,4.831026554107666,2.795355796813965,-14.956752300262451,-11.887998580932617
2003-01-12,16900,14.25,1.0,0.0,0.0,14.683354,1.9745384693280763,,1.0,35.45136642456055,15.702836990356445,5.503110408782959,2.795355796813965,-29.948256015777588,-12.90748119354248
2003-01-19,13500,12.86,0.0,0.0,0.0,0.17579961,0.128255410960178,,0.0,0.6306601762771606,0.45486053824424744,0.6454259157180786,0.4349997639656067,0.014765739440917969,-0.019860774278640747
2003-01-22,16000,13.9,2.0,2.0,2.0,27.245426,2.106550397930061,,2.0,66.45940399169922,36.874366760253906,6.346487998962402,2.81925368309021,-60.112915992736816,-34.055113077163696
2003-01-23,22200,16.29,2.0,2.0,2.0,36.87437,0.9821261100399068,,2.0,78.8576889038086,36.874366760253906,7.071738243103027,2.81925368309021,-71.78595066070557,-34.055113077163696
2003-01-25,21600,16.08,2.0,1.0,1.0,19.551613,0.6587378249521059,,2.0,64.62222290039062,30.332717895507812,7.3294477462768555,4.187451362609863,-57.29277515411377,-26.14526653289795
2003-01-26,32200,19.33,2.0,1.0,1.0,30.332716,2.057199423822898,,2.0,85.6514892578125,35.76715850830078,8.131847381591797,4.187451362609863,-77.5196418762207,-31.579707145690918
2003-01-28,33600,20.06,0.0,0.0,0.0,11.033827,0.7192632868961042,,0.0,51.59095764160156,35.76715850830078,4.766930103302002,2.3607120513916016,-46.82402753829956,-33.40644645690918
2003-01-30,27200,18.09,1.0,1.0,1.0,28.57641,2.903291112034207,,1.0,66.50819396972656,33.14181137084961,6.894323348999023,2.997692108154297,-59.61387062072754,-30.144119262695312
2003-01-31,32500,19.72,1.0,1.0,1.0,33.14181,2.258253199663552,,1.0,80.6028823852539,33.14181137084961,7.57570219039917,2.997692108154297,-73.02718019485474,-30.144119262695312
2003-02-10,16500,14.11,0.0,0.0,0.0,0.097383104,1.130052141134457,,0.0,0.10470923036336899,0.09738310426473618,1.1320117712020874,0.46025002002716064,1.0273025408387184,0.36286691576242447
2003-02-13,14700,13.37,0.0,0.0,0.0,0.15048721,3.0462051463279045,,0.0,0.18240667879581451,0.15048722922801971,5.768328666687012,3.238800525665283,5.585921987891197,3.0883132964372635
2003-02-17,11500,11.98,0.0,0.0,0.0,16.077276,2.2263923418871245,,0.0,29.29918098449707,16.0772762298584,5.025753974914551,2.6520068645477295,-24.27342700958252,-13.425269365310669
2003-02-20,13100,12.7,0.0,0.0,0.0,11.930315,3.189716644037043,,0.0,38.546871185302734,23.216428756713867,5.323232650756836,2.0990757942199707,-33.2236385345459,-21.117352962493896
2003-03-01,9770,11.19,0.0,0.0,0.0,1.6640078,1.4076370332252484,,0.0,3.1542179584503174,1.6640077829360962,2.1387274265289307,0.8010377883911133,-1.0154905319213867,-0.8629699945449829
2003-03-04,10900,11.72,0.0,0.0,0.0,1.0050296,1.0832908640383236,,0.0,12.00341796875,7.593804836273193,2.497880697250366,1.000891923904419,-9.505537271499634,-6.592912912368774
2003-03-08,11600,12.04,0.0,0.0,0.0,10.686817,1.0972848584046837,,0.0,45.936744689941406,18.67328643798828,4.676295757293701,2.290290355682373,-41.260448932647705,-16.382996082305908
2003-03-12,23100,16.63,4.0,4.0,3.0,38.17396,1.591404256022683,,4.0,105.12431335449219,56.16975402832031,7.385887145996094,4.032892227172852,-97.7384262084961,-52.13686180114746
2003-03-13,41000,21.88,4.0,4.0,3.0,56.169758,3.2973032514326928,,4.0,130.467041015625,56.16975402832031,8.672916412353516,4.032892227172852,-121.79412460327148,-52.13686180114746
2003-03-14,45200,23.09,4.0,4.0,3.0,36.123333,1.3747089664978227,,4.0,102.62161254882812,56.16975402832031,10.33732795715332,4.032892227172852,-92.2842845916748,-52.13686180114746
2003-03-17,20900,15.79,0.0,0.0,0.0,4.5293403,3.776837597829209,,0.0,13.565739631652832,6.477440357208252,8.451750755310059,3.296794891357422,-5.113988876342773,-3.18064546585083
2003-03-21,18900,15.03,1.0,1.0,1.0,18.702518,2.206714281876254,,1.0,57.738128662109375,32.39657974243164,6.678014278411865,3.141937255859375,-51.06011438369751,-29.254642486572266
2003-03-22,25000,17.28,1.0,1.0,1.0,32.39658,1.978185455454773,,1.0,82.35617065429688,32.39657974243164,6.218057155609131,3.141937255859375,-76.13811349868774,-29.254642486572266
2003-03-29,13200,12.72,1.0,1.0,1.0,0.124367386,1.7009934301757257,,1.0,4.767807960510254,2.6939234733581543,4.306491851806641,2.266650438308716,-0.4613161087036133,-0.4272730350494385
2003-03-30,12100,12.24,1.0,1.0,1.0,2.6939232,1.8251872885576768,,1.0,24.500247955322266,21.681957244873047,5.688669681549072,2.266650438308716,-18.811578273773193,-19.41530680656433
2003-03-31,19300,15.11,1.0,1.0,1.0,21.681957,0.584181582585729,,1.0,32.69165802001953,21.681957244873047,5.857674598693848,2.266650438308716,-26.833983421325684,-19.41530680656433
2003-04-06,16200,13.97,0.0,0.0,0.0,6.832743,4.9823823724526175,,0.0,17.357032775878906,6.832743167877197,4.4022216796875,1.8819719552993774,-12.954811096191406,-4.95077121257782
2003-04-07,14600,13.33,2.0,2.0,2.0,6.7484555,4.407675885913627,,2.0,30.364442825317383,16.78324317932129,5.379188060760498,2.075026273727417,-24.985254764556885,-14.708216905593872
2003-04-08,17200,14.39,2.0,2.0,2.0,16.783243,2.586478851117738,,2.0,33.431888580322266,16.78324317932129,5.030392169952393,2.075026273727417,-28.401496410369873,-14.708216905593872
2003-04-09,19900,15.43,2.0,2.0,2.0,9.900189,1.8506192663868448,,2.0,31.440088272094727,16.78324317932129,3.3270654678344727,2.075026273727417,-28.113022804260254,-14.708216905593872
2003-04-10,19800,15.39,0.0,0.0,0.0,4.7566566,1.8901500168430536,,0.0,18.660236358642578,9.900188446044922,1.9675195217132568,1.0733939409255981,-16.69271683692932,-8.826794505119324
2003-04-13,18000,14.69,0.0,0.0,0.0,6.2850194,1.4386048991586742,,0.0,18.7728271484375,10.175019264221191,4.977355003356934,2.3201944828033447,-13.795472145080566,-7.854824781417847
2003-04-18,17100,14.33,0.0,0.0,0.0,7.133126,2.487154846562881,,0.0,14.828289031982422,7.1331257820129395,5.281990051269531,1.9540200233459473,-9.54629898071289,-5.179105758666992
2003-04-25,17500,14.5,0.0,0.0,0.0,17.190199,3.616437373806262,,0.0,24.052888870239258,17.19019889831543,6.006708145141602,2.3760344982147217,-18.046180725097656,-14.814164400100708
2003-04-27,15700,13.78,0.0,0.0,0.0,0.12442829,0.3879484333893391,,0.0,0.5827053189277649,0.40953636169433594,4.866285800933838,1.9237477779388428,4.283580482006073,1.5142114162445068
2003-05-08,12200,12.3,0.0,0.0,0.0,0.09081533,4.351751780920437,,0.0,2.5348291397094727,2.397909641265869,5.590175628662109,2.2440741062164307,3.0553464889526367,-0.15383553504943848
2003-05-20,10800,11.69,0.0,0.0,0.0,1.1500903,2.092863505132481,,0.0,6.182243347167969,2.9713690280914307,1.8435781002044678,1.1531647443771362,-4.338665246963501,-1.8182042837142944
2003-05-22,11300,11.89,3.0,1.0,1.0,2.363163,2.4586384199355624,,3.0,9.1558837890625,3.8213515281677246,1.7207615375518799,0.6254968047142029,-7.43512225151062,-3.1958547234535217
2003-05-23,13800,12.97,3.0,2.0,2.0,3.8213515,1.5993488041431847,,3.0,7.559502601623535,3.8213515281677246,2.4490163326263428,1.199580192565918,-5.110486268997192,-2.6217713356018066
2003-05-24,18500,14.89,3.0,2.0,2.0,1.3749882,2.30323799958254,,3.0,7.515219688415527,3.8213515281677246,2.974766969680786,1.199580192565918,-4.540452718734741,-2.6217713356018066
2003-05-25,24700,17.2,3.0,2.0,2.0,2.3188803,2.589883834595012,,3.0,4.54306697845459,2.318880081176758,3.5166707038879395,1.199580192565918,-1.0263962745666504,-1.1192998886108398
2003-05-28,20100,15.51,0.0,0.0,0.0,0.03811984,0.9469414874379752,,0.0,0.25624558329582214,0.21812574565410614,1.805716633796692,0.9194002151489258,1.5494710505008698,0.7012744694948196
2003-05-31,21500,16.04,0.0,0.0,0.0,1.1656247,2.1721676286840306,,0.0,1.4075011014938354,1.1656248569488525,2.374732255935669,1.2745826244354248,0.9672311544418335,0.10895776748657227
2003-06-03,19100,15.14,0.0,0.0,0.0,0.003774067,3.372655973910833,,0.0,0.039390966296195984,0.0178094319999218,4.499073505401611,1.636993169784546,4.459682539105415,1.619183737784624
2003-06-10,23500,16.79,0.0,0.0,0.0,0.21947348,3.5002769287363167,,0.0,3.8692851066589355,3.6498117446899414,4.1489996910095215,2.0011234283447266,0.27971458435058594,-1.6486883163452148
2003-07-04,12800,12.56,0.0,0.0,0.0,0.22002554,2.6207589087354486,,0.0,0.28898823261260986,0.22002555429935455,2.2234864234924316,0.8174606561660767,1.9344981908798218,0.5974351018667221
2003-07-07,12000,12.21,0.0,0.0,0.0,0.0,1.9149775047067552,,0.0,0.2440274953842163,0.17946365475654602,3.4790756702423096,1.9418869018554688,3.2350481748580933,1.7624232470989227
2003-07-11,12600,12.48,0.0,0.0,0.0,0.009222005,1.98238588572763,,0.0,0.009222004562616348,0.009222004562616348,0.9436090588569641,0.458505779504776,0.9343870542943478,0.44928377494215965
2003-07-19,11200,11.86,0.0,0.0,0.0,0.0,1.6219790484811287,,0.0,0.0,0.0,2.8815903663635254,1.3969078063964844,2.8815903663635254,1.3969078063964844
2003-07-31,9830,11.22,0.0,0.0,0.0,0.0,2.6739374926376227,,0.0,0.0,0.0,2.96506404876709,1.327317714691162,2.96506404876709,1.327317714691162
2003-08-10,9400,11.01,0.0,0.0,0.0,0.85043615,2.1036591792576247,,0.0,3.7739133834838867,2.880455732345581,3.8731136322021484,1.501569151878357,0.09920024871826172,-1.3788865804672241
2003-08-16,7800,10.24,0.0,0.0,0.0,0.026669942,2.198707734784936,,0.0,0.06761100888252258,0.040941063314676285,2.1472578048706055,0.7950126528739929,2.079646795988083,0.7540715895593166
2003-08-19,8220,10.45,0.0,0.0,0.0,0.0,1.1770667873579963,,0.0,0.0,0.0,1.8768537044525146,1.024537205696106,1.8768537044525146,1.024537205696106
2003-08-28,8610,,0.0,0.0,0.0,0.0009253438,2.056259726088547,,0.0,0.04193713143467903,0.041011787950992584,3.6915793418884277,1.38475501537323,3.6496422104537487,1.3437432274222374
2003-09-10,7240,9.93,2.0,2.0,2.0,0.11543811,3.9097454115595016,,2.0,14.877776145935059,11.847206115722656,7.656538963317871,2.746220827102661,-7.2212371826171875,-9.100985288619995
2003-09-11,7240,9.93,2.0,2.0,2.0,11.847207,4.474733146096442,,2.0,19.788068771362305,11.847206115722656,5.753801345825195,2.746220827102661,-14.03426742553711,-9.100985288619995
2003-09-12,7790,10.23,2.0,0.0,0.0,7.825424,4.102202203443424,,2.0,19.746004104614258,11.847206115722656,3.4431002140045166,2.18288516998291,-16.30290389060974,-9.664320945739746
2003-09-18,7690,10.16,0.0,1.0,1.0,1.782507,5.37241872451584,,1.0,19.63677406311035,10.564798355102539,5.536095142364502,2.861969470977783,-14.10067892074585,-7.702828884124756
2003-09-19,8430,,0.0,1.0,1.0,10.564798,1.6297590926657284,,1.0,13.816668510437012,10.564798355102539,3.5539016723632812,2.861969470977783,-10.26276683807373,-7.702828884124756
2003-09-21,8690,10.67,0.0,0.0,0.0,0.0,4.43586289134267,,0.0,1.5487778186798096,1.4693633317947388,1.2789294719696045,0.5705492496490479,-0.2698483467102051,-0.8988140821456909
2003-09-24,7540,10.1,0.0,0.0,0.0,0.0,0.7596465232010482,,0.0,0.02046365477144718,0.02046365477144718,0.9754725694656372,0.42902815341949463,0.95500891469419,0.40856449864804745
2003-09-29,7510,10.09,0.0,0.0,0.0,0.0,0.7333446998113164,,0.0,0.042768169194459915,0.04104321822524071,0.791487455368042,0.3400270938873291,0.7487192861735821,0.2989838756620884
2003-10-02,6390,9.51,0.0,0.0,0.0,0.0006502947,0.6070796624776029,,0.0,0.0006502947071567178,0.0006502947071567178,1.5346956253051758,0.9552565217018127,1.534045330598019,0.954606226994656
2003-10-06,5790,9.19,1.0,1.0,1.0,1.9532748,0.9347913424637152,,1.0,16.548128128051758,14.589167594909668,3.9261391162872314,1.7086024284362793,-12.621989011764526,-12.880565166473389
2003-10-07,6670,9.65,1.0,1.0,1.0,14.589167,1.1349603929908096,,1.0,26.251995086669922,14.589167594909668,4.844043254852295,1.8176734447479248,-21.407951831817627,-12.771494150161743
2003-10-08,8290,10.49,1.0,1.0,1.0,9.709552,2.550613479816235,,1.0,48.487274169921875,24.188556671142578,4.873456001281738,1.8176734447479248,-43.61381816864014,-22.370883226394653
2003-10-11,7660,10.17,0.0,1.0,0.0,8.111808,3.2834026688490305,,1.0,34.387046813964844,17.98479652404785,5.557803630828857,2.711421489715576,-28.829243183135986,-15.273375034332275
2003-10-12,8510,10.56,0.0,1.0,0.0,17.984797,1.658458416256957,,1.0,60.66811752319336,34.57151412963867,4.816976070404053,2.711421489715576,-55.85114145278931,-31.860092639923096
2003-10-13,18400,14.84,0.0,1.0,0.0,34.571514,1.1731536189832583,,1.0,53.58771896362305,34.57151412963867,2.2282989025115967,1.602517008781433,-51.35942006111145,-32.96899712085724
2003-10-15,12100,12.24,5.0,5.0,5.0,5.353348,1.968949468772152,,5.0,51.37275695800781,44.98800277709961,3.444164752960205,2.7052080631256104,-47.92859220504761,-42.282794713974
2003-10-16,13700,12.93,5.0,5.0,5.0,44.988007,1.608927231807952,,5.0,,,5.665674209594727,2.7052080631256104,,
2003-10-17,53300,24.53,5.0,5.0,5.0,109.56663,1.0334224051880738,,5.0,,,6.56577205657959,2.7052080631256104,,
2003-10-18,67900,27.39,5.0,5.0,5.0,33.41935,0.0922402088125337,,5.0,,,5.044397354125977,2.3442540168762207,,
2003-10-19,34800,20.16,5.0,5.0,5.0,11.6176405,0.339954823416598,,5.0,,,3.9327900409698486,1.5163094997406006,,
2003-10-20,47300,23.28,5.0,4.0,4.0,47.98195,1.5212412607284052,,5.0,,,2.878594398498535,1.2326467037200928,,
2003-10-21,98000,,5.0,4.0,4.0,129.59087,0.9085320917006112,,5.0,,,3.5944530963897705,1.8996925354003906,,
2003-10-22,115000,34.07,3.0,2.0,1.0,13.037894,0.3580543896304655,,3.0,,,3.4149551391601562,1.8996925354003906,,
2003-10-23,78800,29.27,0.0,0.0,1.0,16.09593,0.2130753762820871,,1.0,34.09453582763672,16.095930099487305,3.910007953643799,1.8996925354003906,-30.18452787399292,-14.196237564086914
2003-10-27,24800,16.98,3.0,3.0,3.0,2.7794187,3.553155850946208,,3.0,14.348224639892578,11.50406551361084,2.7898812294006348,1.7001010179519653,-11.558343410491943,-9.803964495658875
2003-10-28,24100,16.71,3.0,3.0,3.0,11.504065,3.261671822914406,,3.0,42.70725631713867,28.42377281188965,4.7972412109375,2.1637473106384277,-37.91001510620117,-26.26002550125122
2003-10-29,31100,19.03,3.0,3.0,3.0,28.42377,3.6730029614841726,,3.0,40.68801498413086,28.42377281188965,4.938643932342529,2.1637473106384277,-35.74937105178833,-26.26002550125122
2003-11-06,12700,12.24,0.0,0.0,0.0,0.20975047,1.813365738128747,,0.0,0.27378779649734497,0.2097504734992981,1.9478719234466553,1.0635379552841187,1.6740841269493103,0.8537874817848206
2003-11-10,12700,12.28,1.0,0.0,0.0,9.030419,1.01468321625861,,1.0,50.03144836425781,40.45323181152344,3.4554824829101562,1.4351344108581543,-46.575965881347656,-39.01809740066528
2003-11-11,18700,14.7,1.0,0.0,0.0,40.45323,1.723346332450881,,1.0,58.293113708496094,40.45323181152344,3.429795265197754,1.4351344108581543,-54.86331844329834,-39.01809740066528
2003-11-16,16800,13.94,4.0,4.0,0.0,19.322044,2.702803800123585,,4.0,73.81369018554688,52.148468017578125,5.422832489013672,2.307826519012451,-68.3908576965332,-49.840641498565674
2003-11-17,24300,16.81,4.0,4.0,3.0,52.14847,4.720631397518801,,4.0,130.9429168701172,59.47240447998047,6.540182113647461,2.4250402450561523,-124.40273475646973,-57.047364234924316
2003-11-18,35400,20.14,4.0,4.0,3.0,59.472404,7.672045077385049,,4.0,205.6785430908203,94.05767059326172,7.3796281814575195,2.646761655807495,-198.2989149093628,-91.41090893745422
2003-11-19,64500,26.82,4.0,4.0,3.0,94.057686,5.465766234947168,,4.0,174.91558837890625,94.05767059326172,6.352443218231201,2.646761655807495,-168.56314516067505,-91.41090893745422
2003-11-27,19600,15.05,0.0,0.0,0.0,14.019658,3.6572289766656536,,0.0,59.95751953125,23.136474609375,5.254045486450195,3.4581990242004395,-54.703474044799805,-19.67827558517456
2003-11-28,20800,15.5,3.0,3.0,2.0,23.136475,3.9039034552026446,,3.0,92.91459655761719,55.75846481323242,7.412641525268555,3.4581990242004395,-85.50195503234863,-52.30026578903198
2003-11-29,33400,19.75,3.0,3.0,2.0,55.758465,1.932112780261181,,3.0,82.6912841796875,55.75846481323242,9.187021255493164,3.4581990242004395,-73.50426292419434,-52.30026578903198
2003-12-02,20700,15.48,1.0,1.0,0.0,5.8555484,0.6784638308337414,,1.0,23.110809326171875,16.183183670043945,3.7567033767700195,1.4624295234680176,-19.354105949401855,-14.720754146575928
2003-12-03,22300,16.07,1.0,1.0,0.0,16.183186,1.236851568263967,,1.0,26.19048309326172,16.183183670043945,4.0845232009887695,1.7902493476867676,-22.10595989227295,-14.392934322357178
2003-12-04,19400,15.0,2.0,2.0,2.0,4.151753,1.9408017293579596,,2.0,34.421207427978516,16.183183670043945,5.7242231369018555,2.574509859085083,-28.69698429107666,-13.608673810958862
2003-12-05,19900,15.17,2.0,2.0,2.0,14.08627,2.313312212350608,,2.0,39.51576232910156,21.277738571166992,7.378688335418701,3.0139288902282715,-32.13707399368286,-18.26380968093872
2003-12-06,23100,16.38,2.0,2.0,0.0,21.277739,2.6419181241591394,,2.0,43.643798828125,21.277738571166992,7.74811315536499,3.0139288902282715,-35.89568567276001,-18.26380968093872
2003-12-15,16600,13.89,2.0,2.0,2.0,12.937336,1.46384778012685,,2.0,46.625022888183594,22.246944427490234,7.424773216247559,3.6776797771453857,-39.200249671936035,-18.56926465034485
2003-12-16,15400,13.4,2.0,2.0,2.0,11.440741,1.4411398304121483,,2.0,45.414947509765625,21.036867141723633,4.468183517456055,2.1827454566955566,-40.94676399230957,-18.854121685028076
2003-12-19,14500,13.04,1.0,1.0,0.0,1.1364048,0.6138788829438764,,1.0,9.14582633972168,5.4264326095581055,2.435941219329834,1.456918716430664,-6.709885120391846,-3.9695138931274414
2003-12-20,13700,12.69,1.0,1.0,0.0,5.4264326,0.5597502681455488,,1.0,13.123346328735352,6.560509204864502,3.2955634593963623,1.456918716430664,-9.82778286933899,-5.103590488433838
2003-12-23,14300,12.93,2.0,2.0,1.0,0.56733006,2.7550792656841896,,2.0,7.127172946929932,5.952394962310791,6.062168121337891,2.809136390686035,-1.065004825592041,-3.143258571624756
2003-12-24,13700,12.7,2.0,2.0,1.0,5.952395,3.5795558393730667,,2.0,20.039318084716797,13.51959228515625,7.765137672424316,2.809136390686035,-12.27418041229248,-10.710455894470215
2003-12-26,13200,12.46,0.0,0.0,0.0,10.480247,1.2339828758842604,,0.0,31.658910751342773,13.51959228515625,7.0068464279174805,2.5720643997192383,-24.652064323425293,-10.947527885437012
2003-12-28,12000,11.95,0.0,0.0,0.0,13.377187,2.189497994333294,,0.0,27.920820236206055,13.37718677520752,8.384541511535645,3.8014731407165527,-19.53627872467041,-9.575713634490967
2003-12-29,12900,12.34,0.0,0.0,0.0,6.8845625,4.876884923710267,,0.0,24.19680404663086,13.37718677520752,8.954062461853027,3.8014731407165527,-15.242741584777832,-9.575713634490967
2004-01-02,10800,11.38,0.0,0.0,0.0,2.0974736,2.2745182163309425,,0.0,9.932013511657715,4.797119617462158,7.25462532043457,3.2439026832580566,-2.6773881912231445,-1.5532169342041016
2004-01-07,13500,12.59,1.0,1.0,0.0,12.355773,1.1598821192901532,,1.0,41.580047607421875,27.177753448486328,8.352739334106445,3.559468984603882,-33.22730827331543,-23.618284463882446
2004-01-08,17800,14.37,1.0,1.0,0.0,27.177753,2.068458023596808,,1.0,51.41494369506836,27.177753448486328,7.792563438415527,3.559468984603882,-43.62238025665283,-23.618284463882446
2004-01-09,18600,14.66,2.0,2.0,1.0,11.881419,1.006706015346812,,2.0,46.1922492980957,27.177753448486328,5.168099403381348,2.1747429370880127,-41.024149894714355,-25.003010511398315
2004-01-10,18800,14.73,2.0,2.0,1.0,7.1330767,0.2750115214754101,,2.0,24.66706085205078,11.88141918182373,3.7182159423828125,2.1747429370880127,-20.94884490966797,-9.706676244735718
2004-01-13,18600,14.66,2.0,2.0,2.0,5.579002,0.2170807164601068,,2.0,16.24274444580078,9.79280948638916,4.81226921081543,1.8961862325668335,-11.430475234985352,-7.896623253822327
2004-01-14,19900,15.18,2.0,2.0,2.0,9.7928095,1.2009901235639486,,2.0,42.09873962402344,26.726930618286133,5.0506086349487305,1.8961862325668335,-37.04813098907471,-24.8307443857193
2004-01-15,27900,18.01,2.0,2.0,2.0,26.726929,0.9372888676714634,,2.0,52.449031829833984,26.726930618286133,4.299935340881348,1.8961862325668335,-48.14909648895264,-24.8307443857193
2004-01-28,18200,14.52,2.0,0.0,0.0,16.74782,1.501549354280719,,2.0,65.90754699707031,25.382152557373047,6.70477294921875,2.570040702819824,-59.20277404785156,-22.812111854553223
2004-01-29,23000,16.31,2.0,1.0,1.0,25.382153,2.176132876194256,,2.0,87.26068115234375,45.13070297241211,7.847300052642822,3.008087635040283,-79.41338109970093,-42.122615337371826
2004-01-30,34400,20.02,2.0,1.0,1.0,45.1307,1.6632672630967662,,2.0,95.88761901855469,45.13070297241211,6.765775203704834,3.008087635040283,-89.12184381484985,-42.122615337371826
2004-02-02,22000,15.95,0.0,0.0,0.0,2.807118,3.488424378821979,,0.0,17.276050567626953,10.65194320678711,6.435182571411133,2.9473838806152344,-10.84086799621582,-7.704559326171875
2004-02-10,16200,13.71,0.0,0.0,0.0,0.09128486,1.4225054197433655,,0.0,0.53924560546875,0.35353830456733704,1.1898248195648193,0.6481015682220459,0.6505792140960693,0.29456326365470886
2004-02-16,15700,13.52,1.0,0.0,0.0,7.4299564,2.2127337619528853,,1.0,28.374155044555664,12.797709465026855,7.621903419494629,3.440481185913086,-20.752251625061035,-9.35722827911377
2004-02-28,12200,12.03,0.0,0.0,0.0,3.2089157,1.0812692842632146,,0.0,8.64527702331543,3.2089154720306396,5.761129379272461,2.8908298015594482,-2.8841476440429688,-0.3180856704711914
2004-02-29,11600,11.77,0.0,0.0,0.0,2.769183,2.6891737397159208,,0.0,6.068288326263428,3.2089154720306396,7.251846790313721,3.0202317237854004,1.183558464050293,-0.18868374824523926
2004-03-03,12100,11.99,0.0,0.0,0.0,2.6132927,2.854684125576849,,0.0,20.579010009765625,17.717802047729492,7.281759738922119,3.5449390411376953,-13.297250270843506,-14.172863006591797
2004-03-04,10300,11.2,0.0,0.0,0.0,17.717804,7.989693911081075,,0.0,33.3182373046875,17.717802047729492,8.089212417602539,3.5449390411376953,-25.22902488708496,-14.172863006591797
2004-03-07,10400,11.25,1.0,2.0,1.0,15.130691,0.8431500437092746,,2.0,63.490516662597656,27.279481887817383,3.4834952354431152,1.77913236618042,-60.00702142715454,-25.500349521636963
2004-03-08,12800,12.31,1.0,2.0,1.0,27.279482,0.2744186046511628,,2.0,44.405029296875,27.279481887817383,3.2293522357940674,1.77913236618042,-41.17567706108093,-25.500349521636963
2004-03-19,13000,12.4,0.0,0.0,0.0,19.414408,0.235516937085511,,0.0,30.05048942565918,19.41440773010254,2.9843339920043945,1.660071611404419,-27.066155433654785,-17.75433611869812
2004-03-21,12000,11.99,0.0,0.0,0.0,0.5489882,0.38430103393617,,0.0,4.3304362297058105,3.637878179550171,0.571259617805481,0.21734802424907684,-3.7591766119003296,-3.420530155301094
2004-03-28,14700,13.17,0.0,0.0,0.0,10.866764,1.9232237811519,,0.0,24.380645751953125,12.017308235168457,3.9100451469421387,3.167605400085449,-20.470600605010986,-8.849702835083008
2004-03-29,13800,12.81,0.0,0.0,0.0,1.4965737,1.4114082239568158,,0.0,12.702078819274902,10.8667631149292,1.7184761762619019,0.9760364294052124,-10.983602643013,-9.890726685523987
2004-04-13,17300,14.29,0.0,0.0,0.0,1.7027583,4.346229945916231,,0.0,4.832528591156006,3.126540422439575,1.5432064533233643,1.0955252647399902,-3.2893221378326416,-2.031015157699585
2004-04-18,11400,11.86,0.0,0.0,0.0,1.471446,2.083711010397228,,0.0,5.715129852294922,2.561025857925415,3.4596095085144043,1.7601211071014404,-2.2555203437805176,-0.8009047508239746
2004-04-21,13000,12.56,0.0,0.0,0.0,4.5565896,3.0422212991264344,,0.0,8.111726760864258,4.556589126586914,4.228094100952148,1.6200731992721558,-3.8836326599121094,-2.9365159273147583
2004-04-25,12800,12.5,0.0,0.0,0.0,0.02061886,3.5589136953659906,,0.0,4.89652681350708,4.860182762145996,1.0580694675445557,0.6945275068283081,-3.8384573459625244,-4.165655255317688
2004-04-28,16100,13.9,0.0,0.0,0.0,5.579595,0.8597707278059185,,0.0,5.80757999420166,5.579595565795898,2.5579891204833984,1.2527885437011719,-3.2495908737182617,-4.326807022094727
2004-05-01,13200,12.67,0.0,0.0,0.0,0.011351671,4.8581893407236105,,0.0,0.020166993141174316,0.011351671069860458,1.5963376760482788,1.107877254486084,1.5761706829071045,1.0965255834162235
2004-05-03,16600,14.09,0.0,0.0,0.0,0.08179961,1.291581159752748,,0.0,1.8678840398788452,1.7846698760986328,1.0312775373458862,0.5039649605751038,-0.836606502532959,-1.280704915523529
2004-05-06,14000,13.04,0.0,0.0,0.0,0.57331437,0.1641307020970119,,0.0,11.360589027404785,10.452630043029785,1.4628705978393555,0.9173041582107544,-9.89771842956543,-9.53532588481903
2004-05-09,13200,12.74,0.0,0.0,0.0,2.7548034,1.5493491141380389,,0.0,7.158066749572754,3.3980941772460938,2.4557852745056152,0.8667983412742615,-4.702281475067139,-2.5312958359718323
2004-05-16,11600,12.02,0.0,0.0,0.0,0.55038506,2.7308909872096123,,0.0,1.91031813621521,1.2980746030807495,2.1314451694488525,0.9377857446670532,0.22112703323364258,-0.3602888584136963
2004-05-22,15500,13.7,0.0,0.0,0.0,6.9222574,4.104458759317929,,0.0,15.838516235351562,7.819294452667236,6.1948442459106445,2.3624749183654785,-9.643671989440918,-5.456819534301758
2004-05-25,13100,12.71,2.0,2.0,2.0,0.06607662,1.7278129449717805,,2.0,10.529746055603027,9.266958236694336,3.871269464492798,1.6979103088378906,-6.6584765911102295,-7.569047927856445
2004-05-26,13700,12.94,2.0,2.0,2.0,9.266958,3.104589370483117,,2.0,23.331356048583984,13.998321533203125,3.4013781547546387,1.601546049118042,-19.929977893829346,-12.396775484085083
2004-06-09,18200,14.8,0.0,0.0,0.0,6.201271,4.946018529425745,,0.0,13.019430160522461,6.201271057128906,3.9521548748016357,2.361898899078369,-9.067275285720825,-3.839372158050537
2004-06-15,18300,14.82,0.0,0.0,0.0,1.8701887,3.840424155625684,,0.0,13.238014221191406,11.367825508117676,3.0416908264160156,1.060485601425171,-10.19632339477539,-10.307339906692505
2004-06-26,25600,17.52,0.0,0.0,0.0,0.0364833,2.4660032776789245,,0.0,0.8153654336929321,0.574717104434967,4.70551872253418,2.0068888664245605,3.8901532888412476,1.4321717619895935
2004-06-27,22700,16.47,0.0,0.0,0.0,0.20416504,3.2679680250641177,,0.0,0.2406483292579651,0.2041650265455246,5.022549629211426,2.0068888664245605,4.781901299953461,1.802723839879036
2004-07-05,13700,12.93,0.0,0.0,1.0,0.09105107,3.2660413037143585,,1.0,0.4288153350353241,0.2816522717475891,5.547982692718506,2.3104379177093506,5.119167357683182,2.0287856459617615
2004-07-06,14600,13.31,1.0,1.0,1.0,0.056111984,2.8742576139902742,,1.0,7.648083686828613,7.50092077255249,4.60689640045166,2.3104379177093506,-3.041187286376953,-5.19048285484314
2004-07-18,13700,12.94,1.0,1.0,1.0,0.007673871,2.2305795457128745,,1.0,1.9050372838974,1.8973634243011475,3.7929725646972656,1.7850013971328735,1.8879352807998657,-0.11236202716827393
2004-07-19,13700,12.93,1.0,1.0,1.0,1.8973635,1.6504793553760342,,1.0,2.4028408527374268,1.8973634243011475,5.154722213745117,2.1908345222473145,2.7518813610076904,0.293471097946167
2004-07-21,12400,12.39,0.0,0.0,0.0,0.03495285,1.5863877126306372,,0.0,0.5327563285827637,0.4978035092353821,4.996307373046875,2.1908345222473145,4.463551044464111,1.6930310130119324
2004-07-29,11100,11.82,0.0,0.0,0.0,0.0,2.532245871385202,,0.0,0.0,0.0,2.6912097930908203,0.9917063117027283,2.6912097930908203,0.9917063117027283
2004-08-03,9550,11.08,0.0,0.0,0.0,0.0,3.0472868217054265,,0.0,0.8675598502159119,0.8675598502159119,2.6313257217407227,0.9520987272262573,1.7637658715248108,0.08453887701034546
2004-08-06,9340,10.98,1.0,0.0,0.0,2.773181,1.9131634148206476,,1.0,19.363014221191406,15.297855377197266,5.85307502746582,2.5688838958740234,-13.509939193725586,-12.728971481323242
2004-08-11,11600,12.03,0.0,0.0,0.0,0.0,2.6405923794998336,,0.0,0.009292731061577797,0.00480157183483243,1.7562439441680908,0.6305826902389526,1.746951213106513,0.6257811184041202
2004-08-19,9760,11.19,0.0,0.0,0.0,9.823182e-06,3.355054672759099,,0.0,0.393463671207428,0.33198821544647217,3.6823902130126953,1.516118049621582,3.2889265418052673,1.1841298341751099
2004-08-21,9750,11.17,1.0,0.0,0.0,1.2378291,3.982781852487916,,1.0,29.56842803955078,28.269132614135742,4.680058479309082,2.546234607696533,-24.8883695602417,-25.72289800643921
2004-08-22,11000,11.76,1.0,0.0,0.0,28.269133,2.90163263956485,,1.0,40.88161087036133,28.269132614135742,6.885202884674072,2.9892776012420654,-33.996407985687256,-25.279855012893677
2004-08-24,9680,11.14,1.0,1.0,0.0,5.3410897,3.0977676237241134,,1.0,62.13591384887695,45.42017364501953,8.12005615234375,2.9892776012420654,-54.0158576965332,-42.430896043777466
2004-08-25,21500,16.01,1.0,1.0,0.0,45.420174,4.072353005606774,,1.0,86.74358367919922,45.42017364501953,7.140307426452637,2.833899974822998,-79.60327625274658,-42.58627367019653
2004-08-26,29200,18.72,1.0,1.0,0.0,35.98232,2.366174601501616,,1.0,83.93772888183594,45.42017364501953,5.990691661834717,2.833899974822998,-77.94703722000122,-42.58627367019653
2004-08-28,12600,12.46,0.0,0.0,1.0,1.7193754,3.266581108086939,,1.0,12.267780303955078,8.013171195983887,2.897887706756592,1.147263526916504,-9.369892597198486,-6.865907669067383
2004-08-29,12900,12.59,0.0,0.0,1.0,8.01317,2.397911048009936,,1.0,9.736583709716797,8.013171195983887,2.6291561126708984,1.1082736253738403,-7.107427597045898,-6.904897570610046
2004-08-30,11500,11.98,0.0,0.0,1.0,0.004037328,2.566377131472951,,1.0,8.017208099365234,8.013171195983887,2.748286008834839,1.1082736253738403,-5.2689220905303955,-6.904897570610046
2004-09-01,12300,12.34,0.0,0.0,0.0,2.1800983,1.117186321373732,,0.0,26.539093017578125,24.35899543762207,2.458167791366577,1.1118102073669434,-24.080925226211548,-23.247185230255127
2004-09-02,15400,13.65,0.0,0.0,0.0,24.358995,0.941965450040196,,0.0,31.77174186706543,24.35899543762207,3.0832042694091797,1.386516809463501,-28.68853759765625,-22.97247862815857
2004-09-03,16000,13.91,0.0,0.0,0.0,5.2326484,1.4384914410420788,,0.0,29.95013427734375,24.35899543762207,4.578310012817383,2.0799829959869385,-25.371824264526367,-22.279012441635132
2004-09-08,11400,11.93,0.0,0.0,0.0,0.01535167,4.969368581814876,,0.0,10.285075187683105,10.264644622802734,1.950927495956421,1.044278621673584,-8.334147691726685,-9.22036600112915
2004-09-10,13500,,3.0,3.0,2.0,9.587323,0.6810279016035,,3.0,56.006935119628906,36.15496826171875,3.6586756706237793,1.5167598724365234,-52.34825944900513,-34.63820838928223
2004-09-11,21000,,3.0,3.0,2.0,36.15497,0.8564103835876324,,3.0,59.16566848754883,36.15496826171875,3.2714667320251465,1.5167598724365234,-55.89420175552368,-34.63820838928223
2004-09-16,27500,,0.0,0.0,0.0,23.01678,5.111578927789799,,0.0,62.14270782470703,23.88444709777832,3.5388152599334717,1.662076473236084,-58.60389256477356,-22.222370624542236
2004-10-05,9500,11.07,1.0,1.0,1.0,0.11843812,1.538302964170795,,1.0,5.495924949645996,5.376316070556641,4.127629280090332,1.8775129318237305,-1.368295669555664,-3.49880313873291
2004-10-06,8770,10.72,1.0,1.0,1.0,5.376316,1.822215264559942,,1.0,9.563958168029785,5.376316070556641,4.3447265625,1.8775129318237305,-5.219231605529785,-3.49880313873291
2004-10-07,8980,10.82,3.0,3.0,3.0,4.069204,2.6003106148437936,,3.0,12.545982360839844,5.376316070556641,4.469154357910156,1.8775129318237305,-8.076828002929688,-3.49880313873291
2004-10-08,8710,10.69,3.0,3.0,3.0,3.1004617,3.630958566087803,,3.0,40.342960357666016,33.17329406738281,3.814500331878662,1.6859323978424072,-36.52846002578735,-31.487361669540405
2004-10-09,12100,12.21,3.0,3.0,3.0,33.173294,1.9014327962155824,,3.0,48.125,33.17329406738281,3.878702163696289,1.6859323978424072,-44.24629783630371,-31.487361669540405
2004-10-11,11200,11.87,1.0,1.0,1.0,0.5099921,2.212684369439468,,1.0,12.410823822021484,11.85124683380127,3.1820552349090576,1.5148367881774902,-9.228768587112427,-10.33641004562378
2004-10-12,9910,11.26,1.0,1.0,1.0,0.049585458,1.5196350740577709,,1.0,0.5595775246620178,0.5099920630455017,2.7547783851623535,1.5148367881774902,2.1952008605003357,1.0048447251319885
2004-10-13,9070,10.87,1.0,1.0,1.0,0.0,1.935534090134104,,1.0,0.08126325905323029,0.049585457891225815,1.724439024925232,0.6973073482513428,1.6431757658720016,0.647721890360117
2004-10-15,8480,10.58,1.0,0.0,0.0,0.04618664,2.311375571165519,,1.0,8.823689460754395,8.745824813842773,2.6978414058685303,1.3486835956573486,-6.125848054885864,-7.397141218185425
2004-10-16,10700,11.6,1.0,0.0,0.0,8.745825,1.4949297241665789,,1.0,22.139556884765625,13.347546577453613,5.448080539703369,3.234736442565918,-16.691476345062256,-10.112810134887695
2004-10-26,12500,12.41,0.0,0.0,0.0,0.62415713,3.644651038792756,,0.0,2.5573461055755615,1.9185326099395752,7.731260299682617,2.9337210655212402,5.173914194107056,1.015188455581665
2004-10-28,9340,11.0,0.0,0.0,0.0,0.27248526,3.333361232870201,,0.0,4.971597194671631,4.684455871582031,6.864200592041016,2.9337210655212402,1.8926033973693848,-1.750734806060791
2004-10-29,10700,11.62,1.0,1.0,1.0,4.6844563,3.1121660580434365,,1.0,20.925065994262695,15.968124389648438,5.855795383453369,2.580416679382324,-15.069270610809326,-13.387707710266113
2004-10-30,11600,12.04,1.0,1.0,1.0,15.968125,1.974378511983368,,1.0,40.663902282714844,20.011320114135742,4.288913249969482,1.9253162145614624,-36.37498903274536,-18.08600389957428
2004-11-01,15700,13.76,2.0,2.0,1.0,9.409087,6.222392374953243,,2.0,81.58700561523438,52.166595458984375,4.5260515213012695,1.9687330722808838,-77.0609540939331,-50.19786238670349
2004-11-02,30900,18.98,2.0,2.0,1.0,52.166595,5.359703768917436,,2.0,84.86540222167969,52.166595458984375,4.9560322761535645,1.9687330722808838,-79.90936994552612,-50.19786238670349
2004-11-05,21800,16.15,0.0,0.0,3.0,0.26822397,0.2994141097257786,,3.0,3.524548292160034,3.0770630836486816,3.3035826683044434,1.4820910692214966,-0.22096562385559082,-1.594972014427185
2004-11-06,19800,15.38,1.0,2.0,3.0,3.077063,0.1519297179666817,,3.0,18.37839126586914,15.033103942871094,5.413663387298584,2.600144863128662,-12.964727878570557,-12.432959079742432
2004-11-07,22700,16.46,1.0,2.0,3.0,15.033103,0.6773156098942091,,3.0,22.09379768371582,15.033103942871094,5.871024131774902,2.600144863128662,-16.222773551940918,-12.432959079742432
2004-11-08,23700,16.82,0.0,2.0,3.0,3.983631,0.985331663494386,,3.0,19.063343048095703,15.033103942871094,5.98228645324707,2.600144863128662,-13.081056594848633,-12.432959079742432
2004-11-14,16400,14.07,3.0,3.0,3.0,2.1191,1.6408678615934975,,3.0,13.274170875549316,10.455911636352539,6.811362266540527,3.421383857727051,-6.462808609008789,-7.034527778625488
2004-11-15,17000,14.32,3.0,3.0,3.0,10.455912,2.372760545508278,,3.0,27.792692184448242,15.217679977416992,7.278365612030029,3.421383857727051,-20.514326572418213,-11.796296119689941
2004-11-23,15500,13.69,2.0,2.0,2.0,7.9108963,5.028382922176826,,2.0,36.26475524902344,25.383567810058594,5.293875694274902,2.2635738849639893,-30.970879554748535,-23.119993925094604
2004-11-24,23600,16.72,2.0,2.0,2.0,25.383568,6.32462681786149,,2.0,115.29886627197266,82.00440216064453,5.935091018676758,2.3266146183013916,-109.3637752532959,-79.67778754234314
2004-11-25,51100,24.42,2.0,2.0,2.0,82.0044,2.3435918897079646,,2.0,117.28722381591797,82.00440216064453,5.42897367477417,2.3266146183013916,-111.8582501411438,-79.67778754234314
2004-11-30,18800,15.02,0.0,0.0,0.0,11.285611,3.5776929769632493,,0.0,14.78135871887207,11.28561019897461,1.8454252481460571,0.9175928831100464,-12.935933470726013,-10.368017315864563
2004-12-03,16300,14.01,0.0,1.0,1.0,2.3918784,0.244193693051362,,1.0,11.529646873474121,8.75875473022461,3.2052459716796875,1.9355554580688477,-8.324400901794434,-6.823199272155762
2004-12-04,17300,14.42,0.0,1.0,1.0,8.758755,0.5756164247673489,,1.0,30.30120849609375,19.150575637817383,5.798128128051758,2.875668525695801,-24.503080368041992,-16.274907112121582
2004-12-09,19500,15.28,3.0,3.0,2.0,25.81438,5.253300308548212,,3.0,85.40469360351562,36.439998626708984,8.464673042297363,4.435849666595459,-76.94002056121826,-32.004148960113525
2004-12-10,29400,18.49,3.0,3.0,2.0,36.44,3.474494036732324,,3.0,144.13258361816406,81.87820434570312,6.113602638244629,2.1515209674835205,-138.01898097991943,-79.7266833782196
2004-12-11,66800,27.48,3.0,3.0,2.0,81.878204,1.204169844113921,,3.0,121.50177001953125,81.87820434570312,4.858138561248779,2.1515209674835205,-116.64363145828247,-79.7266833782196
2004-12-12,52700,24.63,0.0,0.0,0.0,3.1835659,0.4571103519681574,,0.0,87.48632049560547,81.87820434570312,3.214235782623291,2.0847795009613037,-84.27208471298218,-79.79342484474182
2004-12-13,30800,19.26,2.0,2.0,1.0,2.42455,0.5150769097232986,,2.0,25.306974411010742,19.6988582611084,2.305716037750244,1.176259994506836,-23.001258373260498,-18.522598266601562
2004-12-14,29700,18.92,2.0,2.0,1.0,19.698858,0.498247289095001,,2.0,45.826202392578125,23.702795028686523,2.222390651702881,1.176259994506836,-43.603811740875244,-22.526535034179688
2004-12-22,20000,15.49,0.0,0.0,0.0,3.149053,4.503998726954466,,0.0,5.133037567138672,3.149052858352661,1.428621530532837,0.5636498332023621,-3.704416036605835,-2.585403025150299
2004-12-26,20600,15.69,0.0,0.0,0.0,17.103785,1.409620793628159,,0.0,23.4361629486084,17.103784561157227,5.282127857208252,1.8772170543670654,-18.154035091400146,-15.226567506790161
2004-12-29,18100,14.74,0.0,0.0,0.0,0.690334,3.542817315899223,,0.0,7.410621643066406,6.573847770690918,8.201141357421875,3.2295141220092773,0.7905197143554688,-3.3443336486816406
2005-01-06,14400,13.23,0.0,0.0,0.0,0.29934773,2.168098842892541,,0.0,5.137023448944092,4.727748394012451,5.776327610015869,3.5614278316497803,0.6393041610717773,-1.166320562362671
2005-01-09,12900,12.61,0.0,0.0,0.0,3.124491,2.284442391589633,,0.0,11.27889633178711,6.725255489349365,8.926633834838867,3.6957030296325684,-2.352262496948242,-3.029552459716797
2005-01-11,13800,12.99,0.0,0.0,0.0,0.33149704,3.579302883572133,,0.0,9.5264310836792,7.76578426361084,6.258354187011719,2.5110933780670166,-3.2680768966674805,-5.254690885543823
2005-01-13,12200,12.29,0.0,0.0,0.0,9.445257,5.495551367180638,,0.0,18.24556541442871,9.445257186889648,1.7897834777832031,1.361846685409546,-16.455781936645508,-8.083410501480103
2005-01-14,11700,12.05,0.0,0.0,0.0,1.0345246,3.047491418309123,,0.0,14.360297203063965,9.445257186889648,1.29922616481781,0.8712893724441528,-13.061071038246155,-8.573967814445496
2005-01-17,16400,14.04,4.0,4.0,4.0,21.777056,1.4543201916181523,,4.0,108.84056854248047,77.11823272705078,7.83234977722168,3.3322744369506836,-101.00821876525879,-73.7859582901001
2005-01-18,44500,22.95,4.0,4.0,4.0,77.11823,1.5924894446752185,,4.0,,,8.914307594299316,3.3322744369506836,,
2005-01-19,62700,26.96,4.0,4.0,4.0,62.03697,0.4956185327323566,,4.0,,,8.689248085021973,3.3322744369506836,,
2005-01-20,58500,26.15,4.0,4.0,4.0,10.082265,0.4881457967797736,,4.0,,,6.990274906158447,2.908971071243286,,
2005-01-21,51300,24.65,0.0,0.0,0.0,17.278254,0.8988304927471538,,0.0,,,6.240130424499512,2.448002815246582,,
2005-01-22,38600,21.51,3.0,3.0,3.0,4.374847,1.5051721608087971,,3.0,51.33261489868164,29.679515838623047,6.335616111755371,2.543488025665283,-44.99699878692627,-27.136027812957764
2005-01-23,41400,22.24,3.0,3.0,3.0,29.679514,0.2300201083328683,,3.0,36.79397964477539,29.679515838623047,6.356884479522705,2.543488025665283,-30.437095165252686,-27.136027812957764
2005-01-24,34100,20.28,3.0,3.0,3.0,2.7396147,0.1357411666966328,,3.0,33.11899185180664,29.679515838623047,5.142871856689453,2.543488025665283,-27.976119995117188,-27.136027812957764
2005-02-04,18400,14.98,0.0,0.0,0.0,3.190022,0.4291996552857223,,0.0,30.414512634277344,25.56584930419922,4.325648307800293,1.6665263175964355,-26.08886432647705,-23.899322986602783
2005-02-14,13200,13.14,0.0,0.0,0.0,7.0947137,2.3783549193083395,,0.0,18.187524795532227,8.659634590148926,3.0020089149475098,1.149613380432129,-15.185515880584717,-7.510021209716797
2005-02-15,12600,12.91,0.0,0.0,0.0,2.4331768,1.1049419379638297,,0.0,9.637479782104492,7.09471321105957,2.539198160171509,1.122418999671936,-7.098281621932983,-5.972294211387634
2005-03-16,7030,10.59,0.0,0.0,0.0,1.0558624,2.408375234304444,,0.0,22.562353134155273,21.46345329284668,2.8756542205810547,1.0809499025344849,-19.68669891357422,-20.382503390312195
2005-03-19,7050,10.6,1.0,0.0,0.0,3.4597998,2.6171371355235507,,1.0,25.55242919921875,18.05221176147461,7.435802459716797,3.6293814182281494,-18.116626739501953,-14.42283034324646
2005-03-20,9440,11.66,1.0,0.0,0.0,18.052212,2.916352228553006,,1.0,40.699432373046875,19.18741798400879,7.91914701461792,3.6293814182281494,-32.780285358428955,-15.55803656578064
2005-03-26,8000,11.01,1.0,1.0,1.0,6.341414,3.5170362838643547,,1.0,51.599029541015625,43.82851791381836,8.239248275756836,4.100969314575195,-43.35978126525879,-39.727548599243164
2005-03-31,13600,13.25,1.0,2.0,0.0,10.82538,2.5846707544654763,,2.0,50.57207489013672,21.873821258544922,4.39007568359375,1.978870153427124,-46.18199920654297,-19.894951105117798
2005-04-01,16500,14.42,1.0,2.0,0.0,21.873821,3.8401846329350935,,2.0,56.045188903808594,23.345983505249023,4.228377342224121,1.978870153427124,-51.81681156158447,-21.3671133518219
2005-04-05,14700,13.71,1.0,1.0,1.0,1.6473104,1.524480913616834,,1.0,13.370696067810059,8.949138641357422,5.600485324859619,2.036280632019043,-7.7702107429504395,-6.912858009338379
2005-04-06,13800,13.33,1.0,1.0,1.0,2.7742476,3.92397954860616,,1.0,4.912681579589844,2.774247407913208,5.762670516967773,2.036280632019043,0.8499889373779297,-0.737966775894165
2005-04-15,13000,,2.0,1.0,0.0,6.6957135,0.4768995968000264,,2.0,27.922828674316406,18.465110778808594,4.669406890869141,2.3971898555755615,-23.253421783447266,-16.067920923233032
2005-04-16,17500,,2.0,1.0,0.0,18.46511,1.1090547430245992,,2.0,47.237144470214844,22.076318740844727,5.42291259765625,2.3971898555755615,-41.814231872558594,-19.679128885269165
2005-04-28,19600,15.67,0.0,0.0,0.0,0.056833006,2.614151678415472,,0.0,0.0829174816608429,0.05683300644159317,3.3236799240112305,1.702397108078003,3.2407624423503876,1.6455641016364098
2005-04-29,17700,14.92,0.0,0.0,0.0,0.025259333,2.046991086614629,,0.0,0.6368644833564758,0.554772138595581,3.175612688064575,1.702397108078003,2.5387482047080994,1.1476249694824219
2005-05-03,14800,13.73,0.0,0.0,0.0,2.8170414,0.7054220166611901,,0.0,3.2929842472076416,2.8170413970947266,2.9047794342041016,1.5796092748641968,-0.38820481300354004,-1.2374321222305298
2005-05-06,14100,13.44,0.0,0.0,0.0,0.19871119,2.2695343257301928,,0.0,2.1675679683685303,1.9487427473068237,5.032835960388184,1.7570334672927856,2.8652679920196533,-0.19170928001403809
2005-05-07,13100,13.01,0.0,0.0,0.0,0.020113949,2.47709386024192,,0.0,0.2696384787559509,0.19871118664741516,6.485722064971924,3.1181280612945557,6.216083586215973,2.9194168746471405
2005-05-17,17900,15.01,1.0,0.0,0.0,6.276039,1.6067190351306837,,1.0,26.621816635131836,17.845979690551758,8.613056182861328,3.5601658821105957,-18.008760452270508,-14.285813808441162
2005-05-18,15900,14.21,1.0,0.0,0.0,2.4997976,2.817884429785132,,1.0,24.56644058227539,15.790604591369629,7.820557117462158,3.5601658821105957,-16.745883464813232,-12.230438709259033
2005-05-22,15400,13.98,0.0,0.0,0.0,5.8750415,1.1402931311340232,,0.0,21.373632431030273,10.697845458984375,3.7225637435913086,1.5664072036743164,-17.651068687438965,-9.131438255310059
2005-05-26,12400,12.74,0.0,0.0,0.0,0.05268959,1.4749458025663442,,0.0,0.14157171547412872,0.053023576736450195,2.4890573024749756,1.0104976892471313,2.347485587000847,0.9574741125106812
2005-05-28,13300,13.13,0.0,0.0,0.0,0.22728291,2.5627824311449765,,0.0,0.3261708915233612,0.22728289663791656,3.035909414291382,1.3715696334838867,2.7097385227680206,1.1442867368459702
2005-05-30,16100,14.29,0.0,0.0,0.0,0.4999548,3.1213524455494044,,0.0,1.664406657218933,1.1185873746871948,3.917184352874756,1.8127094507217407,2.2527776956558228,0.6941220760345459
2005-06-14,12400,12.71,0.0,0.0,0.0,2.73022,2.0059977804368447,,0.0,7.690758228302002,3.557988405227661,5.124444961547852,3.2439849376678467,-2.5663132667541504,-0.31400346755981445
2005-06-15,11400,12.28,0.0,0.0,0.0,1.4025501,1.0274188381806195,,0.0,4.232850551605225,2.730219841003418,3.2679684162139893,1.3875081539154053,-0.9648821353912354,-1.3427116870880127
2005-06-19,11100,12.16,0.0,0.0,0.0,1.6812809,0.5470987581606145,,0.0,7.730626583099365,6.005062580108643,4.208478927612305,2.7670271396636963,-3.5221476554870605,-3.2380354404449463
2005-06-20,11600,12.37,0.0,0.0,0.0,0.044282906,1.4566811124268673,,0.0,1.8233791589736938,1.6812809705734253,2.3383421897888184,1.005974531173706,0.5149630308151245,-0.6753064393997192
2005-06-23,12100,12.6,0.0,0.0,0.0,4.861784,0.7400354220786601,,0.0,9.533595085144043,4.861783981323242,2.252058506011963,1.2001478672027588,-7.28153657913208,-3.6616361141204834
2005-07-05,10500,11.89,1.0,2.0,2.0,0.46994305,2.904626569865607,,2.0,9.249860763549805,8.769719123840332,5.249757766723633,1.924659013748169,-4.000102996826172,-6.845060110092163
2005-07-06,11900,12.48,1.0,2.0,2.0,8.769719,2.146005302978637,,2.0,15.60520076751709,8.769719123840332,4.218581199645996,1.924659013748169,-11.386619567871094,-6.845060110092163
2005-07-07,13300,13.09,1.0,1.0,1.0,6.365538,2.7509240946600286,,1.0,18.0372314453125,8.769719123840332,3.628229856491089,1.924659013748169,-14.409001588821411,-6.845060110092163
2005-07-08,12000,12.56,1.0,1.0,1.0,2.9019725,2.5221216461140084,,1.0,34.23588943481445,24.9683780670166,2.5416460037231445,1.2994649410247803,-31.69424343109131,-23.66891312599182
2005-07-18,10400,11.84,0.0,0.0,0.0,0.03774067,2.109743551590377,,0.0,2.9973673820495605,2.9596266746520996,2.792994976043701,1.246785044670105,-0.20437240600585938,-1.7128416299819946
2005-07-23,9360,11.35,0.0,0.0,0.0,5.687652,1.627180762132682,,0.0,5.714766502380371,5.687652587890625,2.272557497024536,0.8566240072250366,-3.442209005355835,-4.831028580665588
2005-07-25,7870,10.62,0.0,0.0,0.0,0.013235756,3.686140956726785,,0.0,0.013235757127404213,0.013235757127404213,3.67488694190979,1.835986852645874,3.661651184782386,1.8227510955184698
2005-07-26,7590,10.48,0.0,0.0,0.0,0.0,3.5529181882247425,,0.0,0.026471514254808426,0.013235757127404213,5.893799304962158,2.9520280361175537,5.86732779070735,2.9387922789901495
2005-07-30,7890,10.63,0.0,1.0,2.0,0.0,1.2137805112435134,,2.0,0.09746169298887253,0.09746169298887253,1.8674994707107544,0.8450582027435303,1.7700377777218819,0.7475965097546577
2005-07-31,9390,11.36,0.0,1.0,2.0,0.0,1.675648664232174,,2.0,0.07626129686832428,0.07626129686832428,2.068054676055908,0.8450582027435303,1.991793379187584,0.768796905875206
2005-08-01,9970,11.63,0.0,1.0,2.0,0.0762613,1.2854015156681733,,2.0,0.5929528474807739,0.5166915655136108,2.246572494506836,0.8450582027435303,1.653619647026062,0.32836663722991943
2005-08-12,7900,10.62,0.0,0.0,0.0,0.2997387,3.4677838881207905,,0.0,0.3156758248806,0.29973870515823364,6.858877182006836,2.7736053466796875,6.543201357126236,2.473866641521454
2005-08-16,7710,10.52,0.0,0.0,0.0,0.019345777,2.616696116177805,,0.0,8.555583953857422,8.536237716674805,5.006573677062988,1.827043056488037,-3.5490102767944336,-6.709194660186768
2005-08-17,7680,10.51,1.0,0.0,0.0,8.536239,2.796929397638665,,1.0,17.943260192871094,9.387676239013672,4.4879865646362305,1.827043056488037,-13.455273628234863,-7.560633182525635
2005-08-19,8180,10.76,0.0,0.0,0.0,0.04075246,2.558014710289142,,0.0,9.5302734375,9.387676239013672,3.784857749938965,1.369385004043579,-5.745415687561035,-8.018291234970093
2005-08-25,7010,10.16,0.0,0.0,0.0,0.0,1.8935163542951852,,0.0,0.516870379447937,0.37754422426223755,5.627150058746338,2.4920339584350586,5.110279679298401,2.114489734172821
2005-08-27,6710,10.01,0.0,1.0,0.0,0.0,1.904604250236113,,1.0,0.16599410772323608,0.13932612538337708,2.0358521938323975,0.7263694405555725,1.8698580861091614,0.5870433151721954
2005-08-28,5480,9.36,0.0,1.0,0.0,0.026667977,1.9141105524314963,,1.0,4.633567810058594,4.606899738311768,2.1702263355255127,0.860743522644043,-2.463341474533081,-3.7461562156677246
2005-09-04,6490,9.9,0.0,0.0,0.0,0.27004716,0.6182704767100866,,0.0,2.923722982406616,2.6470413208007812,3.272468090057373,1.2571020126342773,0.34874510765075684,-1.389939308166504
2005-09-07,8300,10.83,0.0,0.0,0.0,0.0,0.8161995044215601,,0.0,0.04543222114443779,0.04384086653590202,1.9952832460403442,0.86989426612854,1.9498510248959064,0.826053399592638
2005-09-09,9680,11.49,0.0,0.0,0.0,1.2771355,0.8198316107952609,,0.0,13.007268905639648,11.68629264831543,3.789605140686035,2.367372512817383,-9.217663764953613,-9.318920135498047
2005-09-15,7770,10.55,0.0,0.0,0.0,0.03349116,3.3267060566794595,,0.0,0.7696679830551147,0.7361611127853394,1.5115792751312256,0.7254493236541748,0.7419112920761108,-0.01071178913116455
2005-09-20,5820,9.54,0.0,0.0,0.0,0.042149313,1.1725881883694065,,0.0,0.053758345544338226,0.04214930906891823,1.8354835510253906,1.1013349294662476,1.7817252054810524,1.0591856203973293
2005-09-23,5640,9.44,0.0,0.0,0.0,0.0,2.351167337288868,,0.0,0.08410806208848953,0.08409234136343002,1.9731547832489014,0.8464813828468323,1.8890467211604118,0.7623890414834023
2005-09-28,5460,9.35,4.0,3.0,3.0,0.22704124,2.806468972615055,,4.0,10.757088661193848,10.398942947387695,4.327946662902832,1.9819220304489136,-6.429141998291016,-8.417020916938782
2005-09-29,5750,9.5,4.0,3.0,3.0,10.398944,2.6232192345607066,,4.0,87.38251495361328,76.75653076171875,4.520252227783203,1.9819220304489136,-82.86226272583008,-74.77460873126984
2005-09-30,17500,14.69,4.0,3.0,3.0,76.75654,1.3319253367060773,,4.0,91.93661499023438,76.75653076171875,5.065394401550293,1.9819220304489136,-86.87122058868408,-74.77460873126984
2005-10-09,8900,11.12,0.0,0.0,1.0,0.5215402,2.920815121135656,,1.0,7.982317924499512,6.819665908813477,5.381802558898926,3.2357704639434814,-2.600515365600586,-3.583895444869995
2005-10-10,7900,10.63,1.0,1.0,1.0,0.64111197,2.828029321379932,,1.0,10.143614768981934,8.980962753295898,5.590445518493652,3.2357704639434814,-4.553169250488281,-5.745192289352417
2005-10-12,8450,10.9,1.0,1.0,1.0,0.53775245,1.1673213757984953,,1.0,22.170501708984375,12.651786804199219,3.5602238178253174,1.370924949645996,-18.610277891159058,-11.280861854553223
2005-10-13,8310,10.83,1.0,1.0,1.0,12.651788,1.7099371950425624,,1.0,16.045682907104492,12.651786804199219,3.7128117084503174,1.370924949645996,-12.332871198654175,-11.280861854553223
2005-10-14,8950,11.15,3.0,3.0,2.0,2.8561435,1.457467879366536,,3.0,19.515846252441406,12.651786804199219,3.9065725803375244,1.5646858215332031,-15.609273672103882,-11.087100982666016
2005-10-15,8390,10.87,3.0,3.0,2.0,4.0079155,2.10371497833136,,3.0,12.669790267944336,5.805731296539307,3.5889644622802734,1.5646858215332031,-9.080825805664062,-4.2410454750061035
2005-10-16,8780,11.06,2.0,3.0,3.0,5.8057313,0.7563607844109789,,3.0,33.62335205078125,23.80970573425293,3.500354290008545,1.5646858215332031,-30.122997760772705,-22.245019912719727
2005-10-17,15600,14.05,2.0,3.0,3.0,23.809706,0.9838104154137708,,3.0,52.124446868896484,23.80970573425293,3.394925594329834,1.4592570066452026,-48.72952127456665,-22.350448727607727
2005-10-18,20700,16.09,0.0,3.0,3.0,22.50901,1.5718470940049063,,3.0,50.140899658203125,23.80970573425293,4.537124156951904,2.1910300254821777,-45.60377550125122,-21.618675708770752
2005-10-25,12600,12.81,1.0,1.0,1.0,0.35856187,2.7816210250909834,,1.0,16.279544830322266,8.800803184509277,3.06437611579895,1.4078373908996582,-13.215168714523315,-7.392965793609619
2005-10-26,12300,12.68,1.0,1.0,1.0,8.800804,0.7602510131665149,,1.0,11.074355125427246,8.800803184509277,3.4802017211914062,1.4078373908996582,-7.59415340423584,-7.392965793609619
2005-10-30,14200,13.51,3.0,3.0,1.0,13.852827,0.8811240000082666,,3.0,51.43230438232422,24.64910888671875,3.7366905212402344,1.9525398015975952,-47.695613861083984,-22.696569085121155
2005-10-31,17300,14.77,3.0,3.0,1.0,24.649109,2.756735258194714,,3.0,65.10635375976562,26.60441780090332,3.8258962631225586,1.9525398015975952,-61.280457496643066,-24.651877999305725
2005-11-01,21500,16.39,3.0,3.0,0.0,26.604416,2.270160721998681,,3.0,72.05663299560547,26.60441780090332,4.462891101837158,1.9525398015975952,-67.59374189376831,-24.651877999305725
2005-11-05,21200,16.27,0.0,0.0,0.0,21.164942,2.5145637649081696,,0.0,66.75390625,24.258708953857422,6.939988136291504,2.6328020095825195,-59.813918113708496,-21.625906944274902
2005-11-09,17600,14.86,0.0,2.0,2.0,7.822468,1.5737558356531285,,2.0,21.21011734008789,9.515528678894043,6.352182388305664,2.88688325881958,-14.857934951782227,-6.628645420074463
2005-11-10,18600,15.28,1.0,2.0,2.0,3.87212,0.472735332593479,,2.0,29.351470947265625,17.656883239746094,5.873708724975586,2.88688325881958,-23.47776222229004,-14.769999980926514
2005-11-15,17900,14.97,0.0,0.0,0.0,0.9935225,5.765880726379942,,0.0,23.86644172668457,19.544713973999023,3.8155031204223633,1.76905357837677,-20.050938606262207,-17.775660395622253
2005-11-16,16000,14.25,0.0,0.0,0.0,3.3282044,2.228150426036261,,0.0,5.640827178955078,3.328204393386841,2.4774258136749268,1.76905357837677,-3.1634013652801514,-1.5591508150100708
2005-11-24,16100,14.28,1.0,1.0,0.0,0.01499607,0.6712955098278703,,1.0,3.786369562149048,3.643862724304199,2.5800609588623047,1.90511155128479,-1.2063086032867432,-1.7387511730194092
2005-11-30,12600,12.78,0.0,0.0,0.0,10.407937,1.7269986918217155,,0.0,20.81877326965332,10.407937049865723,6.4065632820129395,3.042168617248535,-14.41220998764038,-7.3657684326171875
2005-12-11,10100,11.7,0.0,0.0,0.0,0.0,0.2867006007700273,,0.0,0.044944990426301956,0.03484872356057167,0.6010183095932007,0.25574782490730286,0.5560733191668987,0.22089910134673119
2005-12-12,10600,11.93,0.0,0.0,0.0,0.03484872,0.1110599964040597,,0.0,1.1537563800811768,1.1189076900482178,0.6399877071380615,0.29471731185913086,-0.5137686729431152,-0.8241903781890869
2005-12-16,11600,12.35,0.0,0.0,0.0,0.0,1.2309598060672196,,0.0,0.11953241378068924,0.11587229371070862,1.2797906398773193,0.5212833285331726,1.16025822609663,0.405411034822464
2005-12-20,10100,11.69,4.0,4.0,3.0,10.603625,1.0028761322562043,,4.0,40.35803985595703,28.975130081176758,6.777556419372559,2.6639246940612793,-33.58048343658447,-26.31120538711548
2005-12-21,16400,14.39,4.0,4.0,3.0,28.975132,1.5858121555182183,,4.0,63.237457275390625,28.975130081176758,7.507695198059082,3.3940629959106445,-55.72976207733154,-25.581067085266113
2005-12-22,23100,16.98,4.0,4.0,3.0,23.6587,2.3103705678485738,,4.0,90.97212219238281,38.338287353515625,7.281530380249023,3.3940629959106445,-83.69059181213379,-34.94422435760498
2005-12-23,28700,18.8,4.0,4.0,3.0,38.338287,1.1215927948929385,,4.0,92.38186645507812,38.338287353515625,8.515661239624023,3.3940629959106445,-83.8662052154541,-34.94422435760498
2005-12-24,31000,19.39,3.0,3.0,3.0,30.384876,2.0815117002391093,,3.0,99.88133239746094,38.338287353515625,7.5068769454956055,3.1355910301208496,-92.37445545196533,-35.202696323394775
2005-12-25,43900,22.79,3.0,3.0,3.0,31.158175,3.089461414940512,,3.0,83.81391906738281,31.15817642211914,8.255975723266602,3.1355910301208496,-75.55794334411621,-28.02258539199829
2005-12-27,31700,19.65,1.0,1.0,0.0,16.215954,2.090782199682152,,1.0,55.97761154174805,22.27086639404297,11.182783126831055,4.942500591278076,-44.79482841491699,-17.328365802764893
2005-12-28,27600,18.47,1.0,0.0,0.0,17.490786,3.958154414636717,,1.0,58.21065139770508,24.503910064697266,11.0232572555542,4.942500591278076,-47.18739414215088,-19.56140947341919
2006-01-04,17700,15.24,2.0,2.0,0.0,12.257334,0.5250455175777416,,2.0,28.75203514099121,12.257332801818848,4.844449996948242,2.2262473106384277,-23.90758514404297,-10.03108549118042
2006-01-05,18900,15.65,2.0,2.0,2.0,7.9346914,0.7261176864464051,,2.0,62.226322174072266,42.034297943115234,4.107726573944092,1.53790283203125,-58.118595600128174,-40.496395111083984
2006-01-06,31000,19.44,1.0,0.0,0.0,42.034298,0.7379708563504512,,1.0,72.00496673583984,42.034297943115234,4.301178455352783,1.53790283203125,-67.70378828048706,-40.496395111083984
2006-01-08,33300,20.06,0.0,0.0,0.0,17.033276,0.5359817227034032,,0.0,56.973907470703125,22.035974502563477,4.947758674621582,2.3025894165039062,-52.02614879608154,-19.73338508605957
2006-01-12,49300,23.82,1.0,1.0,1.0,29.965485,0.96273035200949,,1.0,109.4293212890625,46.594783782958984,7.879092216491699,3.31848406791687,-101.5502290725708,-43.276299715042114
2006-01-13,39900,21.79,1.0,1.0,1.0,32.869053,4.0198179710216815,,1.0,83.85321807861328,32.86905288696289,6.685539245605469,3.0084967613220215,-77.16767883300781,-29.86055612564087
2006-01-16,27200,18.36,1.0,1.0,1.0,7.297902,2.1262416843880394,,1.0,52.39925003051758,38.258243560791016,7.659615993499756,3.1320934295654297,-44.73963403701782,-35.126150131225586
2006-01-17,34200,20.31,1.0,1.0,1.0,38.258244,6.435648374903644,,1.0,53.574188232421875,38.258243560791016,8.38031005859375,3.1320934295654297,-45.193878173828125,-35.126150131225586
2006-01-23,20900,16.35,0.0,0.0,0.0,5.831845,2.112941251841886,,0.0,10.464689254760742,5.831844806671143,1.3505635261535645,0.6659921407699585,-9.114125728607178,-5.165852665901184
2006-01-28,19900,16.02,1.0,0.0,0.0,12.041269,5.656073935839332,,1.0,51.75100326538086,25.59939956665039,6.805150508880615,3.538604259490967,-44.945852756500244,-22.060795307159424
2006-01-29,20200,16.11,1.0,1.0,0.0,25.599401,3.3353708261776185,,1.0,88.12449645996094,50.483829498291016,9.429361343383789,4.113577842712402,-78.69513511657715,-46.37025165557861
2006-01-30,30200,19.16,1.0,1.0,0.0,50.48383,2.7413293405996124,,1.0,108.01415252685547,50.483829498291016,8.164825439453125,4.113577842712402,-99.84932708740234,-46.37025165557861
2006-01-31,31500,19.57,1.0,1.0,0.0,31.930922,1.5852024989718505,,1.0,109.2370834350586,50.483829498291016,10.506458282470703,4.118812561035156,-98.73062515258789,-46.36501693725586
2006-02-01,27700,18.51,1.0,1.0,0.0,26.822338,2.3199368023824136,,1.0,86.39674377441406,31.93092155456543,8.449569702148438,4.118812561035156,-77.94717407226562,-27.812108993530273
2006-02-03,27100,18.34,3.0,2.0,1.0,18.311405,3.065666003277679,,3.0,64.91163635253906,27.643482208251953,6.521176815032959,3.495823621749878,-58.3904595375061,-24.147658586502075
2006-02-04,28100,18.61,3.0,2.0,1.0,18.956747,3.415989741236962,,3.0,59.079124450683594,21.81097412109375,5.476201057434082,3.495823621749878,-53.60292339324951,-18.315150499343872
2006-02-16,17000,14.98,0.0,0.0,0.0,0.031559918,1.8042105567714244,,0.0,2.1347742080688477,1.882300615310669,1.7220549583435059,0.6510847210884094,-0.4127192497253418,-1.2312158942222595
2006-02-17,16700,14.85,0.0,0.0,0.0,0.22091356,0.8895478001731839,,0.0,0.2563949227333069,0.2209135740995407,1.9431451559066772,0.872174859046936,1.6867502331733704,0.6512612849473953
2006-02-20,14800,14.14,0.0,0.0,0.0,0.16502553,0.420238737370293,,0.0,0.5470668077468872,0.3650510609149933,1.4110134840011597,0.7688517570495605,0.8639466762542725,0.40380069613456726
2006-02-25,16300,14.73,0.0,0.0,0.0,4.0916195,3.713549875072074,,0.0,36.53202438354492,24.404523849487305,2.8743910789489746,1.7398021221160889,-33.65763330459595,-22.664721727371216
2006-02-26,13600,13.65,1.0,1.0,0.0,8.035882,0.7465810667542919,,1.0,23.374298095703125,11.246797561645508,6.237987518310547,3.965552806854248,-17.136310577392578,-7.28124475479126
2006-02-27,14200,13.9,1.0,1.0,0.0,11.246798,2.885670177875048,,1.0,29.469642639160156,11.246797561645508,9.498626708984375,3.965552806854248,-19.97101593017578,-7.28124475479126
2006-03-02,15200,14.3,0.0,0.0,0.0,4.712888,0.9738397409269672,,0.0,24.29595184326172,10.527430534362793,5.602893829345703,2.1561341285705566,-18.693058013916016,-8.371296405792236
2006-03-08,14700,14.09,1.0,0.0,0.0,9.385088,3.012954064962522,,1.0,46.86640930175781,30.881832122802734,8.242927551269531,3.4684019088745117,-38.62348175048828,-27.413430213928223
2006-03-10,15500,14.41,0.0,0.0,0.0,12.638204,1.332061321115403,,0.0,45.91439437866211,30.881832122802734,7.181660175323486,2.5478458404541016,-38.73273420333862,-28.333986282348633
2006-03-13,12700,13.32,0.0,0.0,0.0,0.77589196,3.2720347442232462,,0.0,3.9032413959503174,2.703549861907959,4.151048183441162,1.7290438413619995,0.24780678749084473,-0.9745060205459595
2006-03-15,12300,13.14,0.0,0.0,0.0,2.4125698,0.602917671566652,,0.0,8.3992919921875,3.283172845840454,4.41835355758667,1.6601920127868652,-3.98093843460083,-1.6229808330535889
2006-03-22,10800,12.52,2.0,0.0,0.0,1.9554498,0.527790212015814,,2.0,7.617058277130127,5.470144748687744,4.6569085121154785,1.684661626815796,-2.9601497650146484,-3.7854831218719482
2006-03-23,9880,12.11,2.0,2.0,1.0,5.4701457,0.6374975975398809,,2.0,11.467103004455566,5.470144748687744,5.236273765563965,1.9981019496917725,-6.230829238891602,-3.4720427989959717
2006-03-24,11000,12.62,2.0,2.0,1.0,4.0415087,0.8214863633263688,,2.0,19.197368621826172,9.685715675354004,5.0298943519592285,1.9981019496917725,-14.167474269866943,-7.6876137256622314
2006-04-04,8890,11.66,0.0,0.0,0.0,5.2847624,2.462761144831662,,0.0,8.672956466674805,5.284762382507324,6.221243858337402,3.0792737007141113,-2.4517126083374023,-2.205488681793213
2006-04-12,9600,11.99,0.0,0.0,0.0,2.8547666,1.098871205404657,,0.0,18.700531005859375,14.027227401733398,4.40679931640625,1.8478381633758545,-14.293731689453125,-12.179389238357544
2006-05-08,16000,14.62,0.0,0.0,0.0,8.985393,1.7157557984537457,,0.0,15.202874183654785,8.985392570495605,2.881997585296631,1.049560308456421,-12.320876598358154,-7.935832262039185
2006-05-09,15300,14.34,0.0,0.0,0.0,2.4743319,3.049372880410185,,0.0,11.52294635772705,8.985392570495605,2.5879433155059814,0.9288018941879272,-8.93500304222107,-8.056590676307678
2006-05-16,21600,16.55,0.0,0.0,0.0,0.0,1.5146546967320345,,0.0,0.041245583444833755,0.041245583444833755,0.9527291655540466,0.49780362844467163,0.9114835821092129,0.4565580449998379
2006-05-20,33600,20.17,0.0,0.0,0.0,2.3430157,1.6589300217616387,,0.0,8.466925621032715,5.944935321807861,3.050309896469116,1.3775231838226318,-5.416615724563599,-4.5674121379852295
2006-05-22,26300,18.21,0.0,0.0,0.0,3.0932417,1.5507641373153205,,0.0,18.431732177734375,9.393553733825684,5.722429275512695,2.316384792327881,-12.70930290222168,-7.077168941497803
2006-05-23,26800,18.4,1.0,1.0,0.0,9.393555,1.851012339861825,,1.0,18.745574951171875,9.393553733825684,6.556832790374756,2.316384792327881,-12.18874216079712,-7.077168941497803
2006-05-24,24100,17.62,1.0,1.0,0.0,6.25878,1.8885055974737488,,1.0,21.35326385498047,9.393553733825684,5.654682159423828,2.288088321685791,-15.69858169555664,-7.105465412139893
2006-05-31,18200,15.96,2.0,1.0,0.0,0.13792534,2.194970850150554,,2.0,2.6323142051696777,1.4839940071105957,3.1264052391052246,1.3842790126800537,0.4940910339355469,-0.09971499443054199
2006-06-01,20100,16.61,2.0,1.0,0.0,1.483994,3.254170360772012,,2.0,13.543960571289062,11.922040939331055,3.9415273666381836,1.3842790126800537,-9.602433204650879,-10.537761926651001
2006-06-02,26100,18.39,2.0,1.0,0.0,11.922042,3.3047218416174293,,2.0,21.03359603881836,11.922040939331055,3.3602938652038574,1.3842790126800537,-17.673302173614502,-10.537761926651001
2006-06-14,27300,18.72,0.0,0.0,0.0,5.9397955,2.735045331580829,,0.0,15.134055137634277,7.035705089569092,5.144820213317871,2.1983232498168945,-9.989234924316406,-4.837381839752197
2006-06-25,15800,15.07,0.0,0.0,0.0,0.0299666,3.934654738064682,,0.0,0.07711787521839142,0.031019646674394608,3.57964825630188,1.4132232666015625,3.5025303810834885,1.382203619927168
2006-07-02,19200,16.32,0.0,0.0,0.0,0.0033654226,1.8754771337462464,,0.0,0.015477406792342663,0.012111984193325043,2.638082504272461,0.9264541864395142,2.6226050974801183,0.9143422022461891
2006-07-03,18800,16.19,0.0,0.0,0.0,0.0,2.153726654804197,,0.0,0.04191552475094795,0.03855010122060776,3.1538045406341553,1.442176103591919,3.1118890158832073,1.4036260023713112
2006-07-09,17600,15.77,0.0,0.0,0.0,0.0,1.4980856784444043,,0.0,0.01572888158261776,0.01572888158261776,5.588088035583496,2.090512275695801,5.572359154000878,2.074783394113183
2006-07-11,18000,15.88,0.0,0.0,0.0,0.44578588,2.9477532606292067,,0.0,1.3629724979400635,0.9171866178512573,4.885756969451904,2.090512275695801,3.522784471511841,1.1733256578445435
2006-07-17,12000,13.6,0.0,0.0,0.0,0.0,0.8345247468892016,,0.0,0.0,0.0,0.7724282741546631,0.2593104839324951,0.7724282741546631,0.2593104839324951
2006-07-22,12600,13.86,0.0,0.0,0.0,0.015728882,3.7225752719171528,,0.0,0.053229864686727524,0.034141454845666885,1.8668491840362549,0.7869953513145447,1.8136193193495274,0.7528538964688778
2006-07-26,11900,13.52,0.0,0.0,0.0,0.029899804,2.668880649914545,,0.0,0.029899803921580315,0.029899803921580315,4.072061061859131,1.6607321500778198,4.0421612579375505,1.6308323461562395
2006-08-01,8640,12.09,0.0,0.0,0.0,0.37945184,2.950630426201592,,0.0,7.457555294036865,6.687144756317139,3.7928848266601562,1.3496893644332886,-3.664670467376709,-5.33745539188385
2006-08-03,8240,11.9,0.0,0.0,0.0,0.69809425,2.0545045352247158,,0.0,1.0890529155731201,0.6980942487716675,4.478533744812012,1.9611833095550537,3.3894808292388916,1.2630890607833862
2006-08-14,7670,11.63,0.0,0.0,0.0,0.03195678,2.2747529857671034,,0.0,0.11322593688964844,0.04931237921118736,6.088973045349121,2.470259666442871,5.975747108459473,2.4209472872316837
2006-08-18,7720,11.65,0.0,0.0,0.0,0.0024774065,2.620806647942977,,0.0,0.0024774065241217613,0.0024774065241217613,4.0120086669921875,1.4073718786239624,4.009531260468066,1.4048944720998406
2006-08-24,8420,12.0,0.0,0.0,0.0,0.055719055,2.754823003271479,,0.0,0.4700314998626709,0.38104525208473206,4.341394901275635,2.173574447631836,3.871363401412964,1.7925291955471039
2006-08-28,8410,12.0,0.0,0.0,0.0,0.0,3.3452530487993903,,0.0,0.003106090473011136,0.003106090473011136,3.389378547668457,1.9458123445510864,3.386272457195446,1.9427062540780753
2006-09-01,5950,10.73,0.0,0.0,0.0,0.0014990177,4.581229604921893,,0.0,6.49652624130249,6.464424133300781,3.4089136123657227,1.9917864799499512,-3.0876126289367676,-4.47263765335083
2006-09-13,7650,11.62,0.0,0.0,0.0,0.026051082,2.9964154261705924,,0.0,4.391363143920898,4.365312099456787,3.3585610389709473,1.842827558517456,-1.0328021049499512,-2.522484540939331
2006-09-15,6810,11.17,0.0,0.0,0.0,6.6424737,2.7769744088914794,,0.0,13.845773696899414,6.6424736976623535,6.731612205505371,2.72833514213562,-7.114161491394043,-3.9141385555267334
2006-09-17,5650,10.58,1.0,1.0,1.0,1.2741984,4.310760128048541,,1.0,7.819370746612549,3.707184314727783,7.256839752197266,3.320077419281006,-0.5625309944152832,-0.38710689544677734
2006-09-18,5510,10.5,1.0,1.0,1.0,3.7071848,3.479919979994999,,1.0,16.84233283996582,11.860949516296387,4.995429039001465,3.320077419281006,-11.846903800964355,-8.54087209701538
2006-09-19,6510,11.05,0.0,0.0,0.0,11.8609495,1.9020116599397785,,0.0,19.591983795166016,11.860949516296387,3.5993289947509766,1.9239773750305176,-15.992654800415039,-9.93697214126587
2006-09-20,6550,11.07,1.0,1.0,0.0,4.023849,1.259969537839005,,1.0,28.7681827545166,12.883384704589844,4.945700168609619,2.5547983646392822,-23.822482585906982,-10.328586339950562
2006-09-21,7420,11.51,1.0,0.0,0.0,12.883386,3.650280752006184,,1.0,21.365938186645508,12.883384704589844,6.8166399002075195,2.5547983646392822,-14.549298286437988,-10.328586339950562
2006-09-25,5440,10.47,0.0,0.0,0.0,0.1529961,0.1896918444487154,,0.0,0.5475481748580933,0.299390971660614,0.4334847927093506,0.29191628098487854,-0.11406338214874268,-0.007474690675735474
2006-09-29,5240,10.35,0.0,0.0,0.0,0.0,0.793561820207118,,0.0,0.0,0.0,0.2577289938926697,0.09898623824119568,0.2577289938926697,0.09898623824119568
2006-10-14,3600,9.35,0.0,0.0,0.0,0.30781338,1.4862542081801442,,0.0,4.1386399269104,3.830826759338379,5.325565814971924,3.3021469116210938,1.1869258880615234,-0.5286798477172852
2006-10-18,3930,9.57,1.0,1.0,0.0,1.4075205,2.0034746289878256,,1.0,11.589004516601562,6.652043342590332,4.778110980987549,1.6316618919372559,-6.810893535614014,-5.020381450653076
2006-10-19,3920,9.56,1.0,1.0,0.0,6.652043,3.335389012542392,,1.0,15.991207122802734,7.931643962860107,4.30865478515625,1.6316618919372559,-11.682552337646484,-6.299982070922852
2006-10-20,4600,9.97,0.0,0.0,0.0,7.9316444,2.6817313832590384,,0.0,14.6332368850708,7.931643962860107,3.1724562644958496,1.6316618919372559,-11.460780620574951,-6.299982070922852
2006-10-25,5030,10.22,0.0,0.0,0.0,12.882735,2.4578409065076188,,0.0,19.7181396484375,12.882735252380371,4.400758743286133,1.9535781145095825,-15.317380905151367,-10.929157137870789
2006-10-26,4280,9.79,0.0,1.0,1.0,5.208297,3.61047348614013,,1.0,32.61429977416992,14.52326774597168,4.465485572814941,1.9535781145095825,-28.14881420135498,-12.569689631462097
2006-10-27,6130,10.82,0.0,1.0,1.0,14.523268,6.97221164795331,,1.0,26.27307891845703,14.52326774597168,4.336726188659668,1.9535781145095825,-21.936352729797363,-12.569689631462097
2006-11-02,7080,11.33,4.0,4.0,3.0,5.1377916,1.7023456277292464,,4.0,40.942665100097656,34.920494079589844,4.29349422454834,2.653627395629883,-36.649170875549316,-32.26686668395996
2006-11-03,11600,13.35,4.0,4.0,3.0,34.920494,1.3901179840414648,,4.0,94.5771484375,54.51885986328125,6.418224811553955,2.653627395629883,-88.15892362594604,-51.86523246765137
2006-11-04,38100,21.24,4.0,4.0,3.0,54.51886,1.1634294937370706,,4.0,,,6.994133472442627,2.653627395629883,,
2006-11-05,52500,23.94,5.0,4.0,4.0,57.847694,2.1671548052302336,,5.0,,,10.321697235107422,5.981191635131836,,
2006-11-06,60200,24.96,5.0,4.0,4.0,57.771835,5.578344379483301,,5.0,,,12.732370376586914,5.981191635131836,,
2006-11-07,116000,31.76,5.0,4.0,4.0,125.272934,5.413345898458085,,5.0,,,12.352845191955566,5.981191635131836,,
2006-11-10,49500,23.38,1.0,0.0,0.0,6.7115464,2.56751295261832,,1.0,49.615577697753906,37.58992385864258,5.3726959228515625,2.410604238510132,-44.242881774902344,-35.179319620132446
2006-11-15,28300,19.18,4.0,4.0,3.0,9.835232,6.686982902750481,,4.0,94.91020202636719,62.072776794433594,9.6055908203125,4.237541198730469,-85.30461120605469,-57.835235595703125
2006-11-16,54000,24.07,4.0,4.0,3.0,62.07278,4.3011339611762445,,4.0,74.79335021972656,62.072776794433594,7.966217517852783,4.237541198730469,-66.82713270187378,-57.835235595703125
2006-11-17,41200,21.92,0.0,0.0,0.0,2.88534,0.5629981875634198,,0.0,66.1820297241211,62.072776794433594,4.508551120758057,2.756056785583496,-61.67347860336304,-59.3167200088501
2006-11-19,25500,18.48,2.0,2.0,2.0,3.434517,0.7793506227796618,,2.0,27.532554626464844,22.87412452697754,4.688873767852783,1.9851406812667847,-22.84368085861206,-20.888983845710754
2006-11-27,20800,17.19,0.0,0.0,0.0,16.45567,1.7530905453636136,,0.0,34.61809539794922,16.455669403076172,7.424839019775391,2.6680009365081787,-27.193256378173828,-13.787668466567993
2006-11-30,12300,14.2,1.0,0.0,0.0,12.607468,4.669107979474207,,1.0,33.98746871948242,13.553767204284668,4.5385541915893555,2.1785941123962402,-29.448914527893066,-11.375173091888428
2006-12-05,11200,13.76,0.0,0.0,0.0,8.810626,0.1764525842204353,,0.0,10.82131576538086,8.810626029968262,2.555069923400879,0.9683552980422974,-8.26624584197998,-7.842270731925964
2006-12-11,14600,15.12,2.0,2.0,1.0,12.480175,2.458663012860653,,2.0,58.34527587890625,42.08061981201172,7.087055206298828,2.629255533218384,-51.25822067260742,-39.451364278793335
2006-12-12,25100,18.38,2.0,2.0,1.0,42.08062,3.443515630973859,,2.0,77.38748168945312,42.08061981201172,9.098965644836426,4.110507965087891,-68.2885160446167,-37.97011184692383
2006-12-13,23900,18.05,2.0,1.0,1.0,22.826689,2.6781172565868743,,2.0,98.69522094726562,42.08061981201172,9.331113815307617,4.110507965087891,-89.36410713195801,-37.97011184692383
2006-12-14,26300,18.67,2.0,1.0,1.0,33.78791,2.43895312671143,,2.0,107.91326904296875,51.29867172241211,10.62129020690918,4.110507965087891,-97.29197883605957,-47.18816375732422
2006-12-15,34000,20.48,2.0,1.0,1.0,51.29867,1.1470470923516003,,2.0,102.00399780273438,51.29867172241211,8.4771728515625,3.649379253387451,-93.52682495117188,-47.64929246902466
2006-12-20,13200,14.56,1.0,1.0,1.0,6.1071277,4.663111232353543,,1.0,22.981727600097656,14.615959167480469,9.75164794921875,3.5336556434631348,-13.230079650878906,-11.082303524017334
2006-12-21,14800,15.17,1.0,1.0,1.0,14.615957,4.501191206892633,,1.0,40.00346755981445,19.280380249023438,7.931792259216309,3.5336556434631348,-32.071675300598145,-15.746724605560303
2006-12-22,16900,15.93,0.0,0.0,0.0,19.280378,5.185323190301708,,0.0,40.63486099243164,19.280380249023438,7.329535484313965,3.5336556434631348,-33.305325508117676,-15.746724605560303
2006-12-24,14300,15.01,2.0,2.0,1.0,21.77381,2.680119410017794,,2.0,55.344818115234375,26.83248519897461,7.618849754333496,3.445096254348755,-47.72596836090088,-23.387388944625854
2006-12-25,17000,15.98,2.0,2.0,1.0,26.832483,5.794536857354835,,2.0,59.04317092895508,26.83248519897461,8.878057479858398,3.657639503479004,-50.16511344909668,-23.174845695495605
2006-12-26,14800,15.19,0.0,0.0,0.0,10.436876,2.767702876132257,,0.0,47.19792938232422,26.83248519897461,10.58036994934082,3.657639503479004,-36.6175594329834,-23.174845695495605
2007-01-01,12600,14.33,3.0,3.0,2.0,6.5176644,1.985545559943705,,3.0,,,,,,
2007-01-02,23700,17.64,3.0,3.0,2.0,39.101746,1.3067944672118443,,3.0,104.27268981933594,58.65327835083008,9.10744857788086,4.2951226234436035,-95.16524124145508,-54.358155727386475
2007-01-03,49900,23.51,3.0,3.0,0.0,58.65328,3.1753787620458835,,3.0,119.64036560058594,58.65327835083008,9.68981647491455,4.2951226234436035,-109.95054912567139,-54.358155727386475
2007-01-05,25800,18.55,1.0,1.0,0.0,14.46413,4.428538539593576,,1.0,76.490478515625,40.14101028442383,6.29076623916626,2.2419075965881348,-70.19971227645874,-37.89910268783569
2007-01-06,25200,18.39,1.0,1.0,0.0,40.14101,1.8007642406469386,,1.0,75.16083526611328,40.14101028442383,6.493375778198242,2.2597711086273193,-68.66745948791504,-37.88123917579651
2007-01-07,24700,18.27,2.0,1.0,1.0,20.555693,4.74224506539858,,2.0,96.7774658203125,40.14101028442383,5.119760990142822,2.2597711086273193,-91.65770483016968,-37.88123917579651
2007-01-08,28900,19.32,2.0,2.0,2.0,36.080765,1.809873956092329,,2.0,64.66219329833984,36.08076477050781,5.149479866027832,2.2716259956359863,-59.51271343231201,-33.809138774871826
2007-01-09,24100,18.1,1.0,2.0,2.0,8.025733,0.4106032706523739,,2.0,58.28556442260742,36.08076477050781,4.653844833374023,2.2716259956359863,-53.6317195892334,-33.809138774871826
2007-01-11,19700,16.79,0.0,0.0,0.0,7.314949,0.3684202042246098,,0.0,21.518590927124023,14.179065704345703,4.321000576019287,1.7641361951828003,-17.197590351104736,-12.414929509162903
2007-01-22,13800,14.83,1.0,1.0,0.0,7.356155,1.3084758793004037,,1.0,29.14435577392578,16.281396865844727,6.0042643547058105,2.3210537433624268,-23.14009141921997,-13.9603431224823
2007-01-23,17900,16.24,1.0,1.0,0.0,16.281399,0.5460460156361406,,1.0,34.6901969909668,16.281396865844727,4.824665069580078,2.3210537433624268,-29.86553192138672,-13.9603431224823
2007-01-25,14100,14.92,0.0,0.0,0.0,0.0505167,0.2216791801256099,,0.0,11.45604133605957,11.052645683288574,1.5332272052764893,0.892094612121582,-9.922814130783081,-10.160551071166992
2007-02-01,13800,14.82,0.0,0.0,0.0,0.14883891,2.937613535615309,,0.0,0.17041648924350739,0.14883889257907867,1.9544988870620728,1.177099347114563,1.7840823978185654,1.0282604545354843
2007-02-11,12200,14.17,0.0,0.0,0.0,2.012951,2.075247324227751,,0.0,13.672412872314453,9.750216484069824,7.917386054992676,3.0679073333740234,-5.755026817321777,-6.682309150695801
2007-02-15,18800,16.56,1.0,0.0,0.0,17.895172,1.5730523539975905,,1.0,52.95436096191406,30.29051971435547,6.207224369049072,2.589859962463379,-46.74713659286499,-27.70065975189209
2007-02-16,23900,18.07,0.0,0.0,0.0,30.290518,0.7941441972063265,,0.0,52.051387786865234,30.29051971435547,5.779464244842529,2.589859962463379,-46.271923542022705,-27.70065975189209
2007-02-20,25600,18.5,0.0,0.0,0.0,34.842186,1.519230014115099,,0.0,76.23759460449219,34.84218215942383,6.5286054611206055,2.578155994415283,-69.70898914337158,-32.264026165008545
2007-02-21,24400,18.19,0.0,0.0,0.0,21.476145,1.442661491819236,,0.0,60.565399169921875,34.84218215942383,6.372389793395996,2.421940326690674,-54.19300937652588,-32.420241832733154
2007-02-25,17700,16.2,0.0,0.0,0.0,9.860515,3.876868597314618,,0.0,21.078535079956055,9.860514640808105,8.166738510131836,3.3651700019836426,-12.911796569824219,-6.495344638824463
2007-02-27,16400,15.78,0.0,0.0,0.0,5.197493,1.287905654099475,,0.0,12.47806453704834,5.197493076324463,5.73258113861084,2.0499227046966553,-6.7454833984375,-3.1475703716278076
2007-03-05,14200,14.96,0.0,0.0,0.0,2.317173,0.1652659032526727,,0.0,13.320066452026367,6.294206142425537,2.499913215637207,1.1633409261703491,-10.82015323638916,-5.130865216255188
2007-03-09,19800,16.87,0.0,0.0,0.0,13.060393,0.8073505979800736,,0.0,30.864639282226562,13.060393333435059,4.1436686515808105,1.7508597373962402,-26.720970630645752,-11.309533596038818
2007-03-10,19900,16.91,3.0,3.0,3.0,6.1815047,0.9199423822897874,,3.0,47.04923629760742,27.80733871459961,6.114320755004883,3.318084239959717,-40.93491554260254,-24.489254474639893
2007-03-11,27300,18.88,3.0,3.0,3.0,27.807339,2.230764922635618,,3.0,93.53462219238281,59.54578399658203,6.8208327293396,3.318084239959717,-86.71378946304321,-56.227699756622314
2007-03-12,60000,24.99,3.0,3.0,3.0,59.545788,1.6124212871399668,,3.0,96.58402252197266,59.54578399658203,6.375711917877197,3.318084239959717,-90.20831060409546,-56.227699756622314
2007-03-13,61100,25.19,0.0,0.0,0.0,9.230905,1.0615523715639652,,0.0,78.14378356933594,59.54578399658203,3.658743143081665,2.457371711730957,-74.48504042625427,-57.088412284851074
2007-03-14,36700,21.05,0.0,0.0,0.0,9.367091,1.9378408651749717,,0.0,24.21649742126465,9.36709213256836,1.387285828590393,0.6011155247688293,-22.829211592674255,-8.76597660779953
2007-03-15,28400,19.2,1.0,1.0,0.0,5.6185007,2.0267521425811,,1.0,26.894596099853516,11.909002304077148,2.5599262714385986,1.772896409034729,-24.334669828414917,-10.13610589504242
2007-03-16,25800,18.56,1.0,1.0,1.0,11.909002,3.153706195143828,,1.0,30.21884536743164,12.691341400146484,3.3979079723358154,1.772896409034729,-26.820937395095825,-10.918444991111755
2007-03-23,26100,18.64,1.0,1.0,1.0,17.955853,2.901297845122438,,1.0,62.724422454833984,39.92449188232422,9.976414680480957,4.391880989074707,-52.74800777435303,-35.53261089324951
2007-03-24,42600,22.02,1.0,1.0,1.0,39.92449,3.1203340091221152,,1.0,119.53008270263672,61.64973831176758,9.783377647399902,4.391880989074707,-109.74670505523682,-57.25785732269287
2007-03-25,74200,27.1,1.0,0.0,0.0,61.649742,1.921225760985701,,1.0,105.005859375,61.64973831176758,8.561736106872559,4.391880989074707,-96.44412326812744,-57.25785732269287
2007-04-08,20200,17.01,0.0,0.0,0.0,1.5714774,0.9121007524608424,,0.0,11.074026107788086,9.142374038696289,5.737054824829102,2.322902202606201,-5.336971282958984,-6.819471836090088
2007-04-13,15200,15.34,0.0,1.0,0.0,2.1456916,3.796308581277551,,1.0,18.02971839904785,14.929177284240723,6.6085004806518555,3.2136664390563965,-11.421217918395996,-11.715510845184326
2007-04-14,16100,15.67,0.0,1.0,0.0,14.929176,4.6398140857528425,,1.0,23.54787826538086,14.929177284240723,6.464780807495117,3.2136664390563965,-17.083097457885742,-11.715510845184326
2007-04-16,15800,15.55,0.0,0.0,0.0,1.8145069,2.138145900111392,,0.0,14.56334114074707,6.4730095863342285,2.8079161643981934,1.082486629486084,-11.755424976348877,-5.3905229568481445
2007-04-20,13300,14.65,0.0,0.0,0.0,0.40332416,0.6902769080699928,,0.0,2.1642377376556396,1.7204400300979614,5.575669288635254,2.268942356109619,3.4114315509796143,0.5485023260116577
2007-04-27,20000,16.95,1.0,0.0,0.0,12.24619,1.1765267763221796,,1.0,45.32028579711914,27.411218643188477,2.7004077434539795,1.3630719184875488,-42.61987805366516,-26.048146724700928
2007-04-28,28400,19.16,1.0,0.0,0.0,27.41122,0.4009990100830993,,1.0,42.57992172241211,27.411218643188477,2.0242056846618652,0.8739831447601318,-40.555716037750244,-26.537235498428345
2007-04-29,28900,19.32,0.0,0.0,0.0,2.922513,0.9565480213028464,,0.0,31.357772827148438,27.411218643188477,2.216949462890625,1.0667269229888916,-29.140823364257812,-26.344491720199585
2007-05-02,19600,16.81,0.0,0.0,0.0,4.131415,3.591627658980861,,0.0,18.660024642944336,11.371112823486328,6.276834487915039,2.8123087882995605,-12.383190155029297,-8.558804035186768
2007-05-09,19700,16.85,0.0,0.0,0.0,0.053776033,2.034157712981965,,0.0,0.09193909168243408,0.053776029497385025,4.607138156890869,2.4579215049743652,4.515199065208435,2.40414547547698
2007-05-16,21800,17.45,0.0,0.0,0.0,0.0,2.508461619537116,,0.0,0.003848722670227289,0.003848722670227289,2.5825257301330566,1.2910034656524658,2.5786770074628294,1.2871547429822385
2007-05-20,17300,16.08,0.0,0.0,0.0,4.675943,1.3610373667797115,,0.0,24.576995849609375,17.17426300048828,4.755377769470215,2.482816219329834,-19.82161808013916,-14.691446781158447
2007-05-23,14200,14.99,0.0,0.0,0.0,0.01324951,2.722458920515253,,0.0,2.414088249206543,2.400838851928711,9.544767379760742,3.702552318572998,7.130679130554199,1.301713466644287
2007-05-26,17300,16.09,0.0,0.0,0.0,0.0,2.172482583455781,,0.0,0.10350490361452103,0.10350490361452103,3.1200437545776367,1.4005337953567505,3.0165388509631157,1.2970288917422295
2007-05-29,16400,15.78,0.0,0.0,0.0,0.0,2.858857896292255,,0.0,3.2686269283294678,3.2686269283294678,3.9243950843811035,1.5085471868515015,0.6557681560516357,-1.7600797414779663
2007-06-03,35500,20.79,2.0,2.0,1.0,0.018363457,3.747775166932229,,2.0,2.069167137145996,2.0508036613464355,4.758626937866211,1.9341371059417725,2.689459800720215,-0.11666655540466309
2007-06-04,42400,22.18,2.0,2.0,1.0,2.0508037,2.628000801853356,,2.0,6.970972537994385,4.901805400848389,4.455916404724121,1.9341371059417725,-2.5150561332702637,-2.967668294906616
2007-06-05,41200,21.95,2.0,2.0,1.0,4.9018054,2.291223425691133,,2.0,17.903953552246094,10.951343536376953,6.452423095703125,2.896355390548706,-11.451530456542969,-8.054988145828247
2007-06-09,22700,17.71,0.0,0.0,0.0,0.3326267,1.1540149500184966,,0.0,14.057761192321777,12.729484558105469,4.134530544281006,2.3664305210113525,-9.923230648040771,-10.363054037094116
2007-06-16,22000,17.5,0.0,0.0,0.0,3.2797055,1.9678049677708689,,0.0,15.499330520629883,11.204436302185059,6.2835893630981445,3.16148042678833,-9.215741157531738,-8.042955875396729
2007-06-19,22400,17.63,0.0,0.0,0.0,1.9646366e-06,3.768904622849928,,0.0,7.309858798980713,7.297450065612793,3.8083250522613525,1.919951319694519,-3.5015337467193604,-5.377498745918274
2007-06-28,18500,16.45,0.0,0.0,0.0,0.16376227,3.4141646981993428,,0.0,3.8569531440734863,3.621241807937622,3.2423901557922363,1.2844370603561401,-0.61456298828125,-2.336804747581482
2007-07-02,22300,17.61,1.0,0.0,0.0,0.041100193,2.079731709786951,,1.0,0.04110019654035568,0.04110019654035568,2.765422821044922,1.2523274421691895,2.724322624504566,1.2112272456288338
2007-07-03,22200,17.57,1.0,0.0,0.0,0.0,2.542429822331616,,1.0,0.04110019654035568,0.04110019654035568,2.5771689414978027,1.2523274421691895,2.536068744957447,1.2112272456288338
2007-07-11,24700,18.27,0.0,0.0,0.0,0.0,2.625627687913714,,0.0,0.07939685136079788,0.07939685136079788,3.969266891479492,1.876530408859253,3.8898700401186943,1.797133557498455
2007-07-14,29000,19.35,1.0,1.0,0.0,1.0603693,1.729637368019691,,1.0,1.096361517906189,1.0603693723678589,4.150687217712402,1.7495994567871094,3.0543256998062134,0.6892300844192505
2007-07-15,26900,18.85,1.0,1.0,0.0,0.0,1.879837314700576,,1.0,1.0777406692504883,1.0603693723678589,3.9652693271636963,1.7495994567871094,2.887528657913208,0.6892300844192505
2007-07-20,20000,16.94,5.0,4.0,4.0,3.458888,2.4600414566451527,,5.0,25.06302833557129,13.0549955368042,4.5605316162109375,1.7748394012451172,-20.50249671936035,-11.280156135559082
2007-07-21,20000,16.93,5.0,4.0,4.0,13.0549965,1.7437966929748967,,5.0,,,4.414996147155762,1.6293038129806519,,
2007-07-22,22400,17.62,5.0,4.0,4.0,23.594955,1.0656567034320563,,5.0,,,4.127830505371094,1.6293038129806519,,
2007-07-23,24300,18.16,5.0,4.0,4.0,9.259838,1.926433261207864,,5.0,,,4.303412914276123,1.6293038129806519,,
2007-07-24,23100,17.86,0.0,0.0,0.0,5.1388702,1.7614901659299125,,0.0,,,3.728325366973877,1.478440761566162,,
2007-08-08,10500,13.79,0.0,0.0,0.0,2.2410157,2.08968585121487,,0.0,3.3813791275024414,2.241015672683716,3.1204750537872314,1.3045072555541992,-0.26090407371520996,-0.9365084171295166
2007-08-10,9620,13.38,0.0,0.0,0.0,0.0075304518,1.224310623110323,,0.0,1.2998015880584717,1.0427426099777222,4.075980186462402,1.5216797590255737,2.7761785984039307,0.47893714904785156
2007-09-02,7000,12.1,2.0,1.0,0.0,0.2443556,0.8226742636072242,,2.0,0.8898683786392212,0.3247288763523102,2.5240252017974854,1.1939804553985596,1.6341568231582642,0.8692515790462494
2007-09-03,6730,11.94,2.0,1.0,0.0,0.3207839,1.042197739517524,,2.0,2.05230450630188,1.4871649742126465,2.407682418823242,1.0776375532150269,0.3553779125213623,-0.40952742099761963
2007-09-06,7050,12.12,0.0,0.0,0.0,0.0,2.543441438872115,,0.0,0.8075953125953674,0.8075953125953674,4.180283546447754,1.6230403184890747,3.3726882338523865,0.8154450058937073
2007-09-20,5720,11.35,0.0,1.0,1.0,0.20938505,1.654810810140552,,1.0,5.134555816650391,2.5323829650878906,4.0228142738342285,1.5793745517730713,-1.111741542816162,-0.9530084133148193
2007-09-29,6200,11.65,2.0,2.0,2.0,5.716794,1.3971937199175828,,2.0,33.75395202636719,16.705001831054688,8.167652130126953,3.790938377380371,-25.586299896240234,-12.914063453674316
2007-09-30,6470,11.79,2.0,2.0,2.0,11.332159,2.725793225165796,,2.0,59.956993103027344,42.90803909301758,8.93979263305664,3.790938377380371,-51.0172004699707,-39.11710071563721
2007-10-02,12800,14.55,1.0,0.0,0.0,24.693844,3.496098404766481,,1.0,109.53028869628906,42.90803909301758,6.120391368865967,2.3604745864868164,-103.4098973274231,-40.54756450653076
2007-10-06,13600,14.75,1.0,2.0,2.0,1.5295974,2.4369338202319177,,2.0,16.9122314453125,11.685005187988281,8.017265319824219,3.541599750518799,-8.894966125488281,-8.143405437469482
2007-10-07,13400,14.68,1.0,2.0,2.0,11.685004,2.098306601443749,,2.0,37.87459945678711,24.659997940063477,7.229221343994141,3.541599750518799,-30.64537811279297,-21.118398189544678
2007-10-09,18700,16.52,3.0,2.0,2.0,0.24294302,1.3712812500645823,,3.0,25.616235733032227,24.659997940063477,3.5276594161987305,1.5439282655715942,-22.088576316833496,-23.116069674491882
2007-10-10,15800,15.56,3.0,2.0,2.0,0.7132947,1.047455872232521,,3.0,8.077964782714844,7.121726989746094,3.0732343196868896,1.5439282655715942,-5.004730463027954,-5.5777987241744995
2007-10-13,13700,14.8,0.0,0.0,0.0,0.08792338,1.367033080584196,,0.0,0.2474970519542694,0.12262672185897827,3.983137845993042,2.377061128616333,3.7356407940387726,2.2544344067573547
2007-10-17,12300,14.24,0.0,0.0,0.0,5.572591,5.312932985312443,,0.0,19.25065040588379,8.5255126953125,6.476421356201172,2.8538730144500732,-12.774229049682617,-5.671639680862427
2007-10-19,15800,15.55,0.0,0.0,0.0,28.100903,5.825109583180919,,0.0,59.90319061279297,28.100902557373047,8.104791641235352,2.9664034843444824,-51.79839897155762,-25.134499073028564
2007-10-21,14100,14.92,2.0,2.0,2.0,8.430501,0.9114423233907653,,2.0,52.546775817871094,23.276775360107422,5.164608478546143,2.284514904022217,-47.38216733932495,-20.992260456085205
2007-10-22,15900,15.58,2.0,2.0,2.0,20.839502,5.112319815491063,,2.0,43.89570617675781,20.839502334594727,3.4408276081085205,1.7455312013626099,-40.45487856864929,-19.093971133232117
2007-10-23,18200,16.37,1.0,1.0,2.0,14.625702,4.24609272152749,,2.0,36.1170654296875,20.839502334594727,2.6290886402130127,1.7455312013626099,-33.48797678947449,-19.093971133232117
2007-10-24,17900,16.28,1.0,1.0,1.0,0.6518585,2.618950398756714,,1.0,28.06984519958496,14.625703811645508,1.0999557971954346,0.5607340931892395,-26.969889402389526,-14.064969718456268
2007-10-29,16800,15.91,0.0,0.0,0.0,0.002962672,0.4093653578683927,,0.0,0.8806620836257935,0.8631454110145569,2.6596386432647705,1.019906997680664,1.778976559638977,0.15676158666610718
2007-10-30,16300,15.73,0.0,0.0,0.0,0.86314535,0.4615478249727721,,0.0,0.879149317741394,0.8631454110145569,2.408198118209839,1.019906997680664,1.5290488004684448,0.15676158666610718
2007-11-03,9140,12.79,0.0,0.0,1.0,3.357711,0.3519737372359618,,1.0,18.208663940429688,14.25892448425293,1.7822415828704834,0.9126337766647339,-16.426422357559204,-13.346290707588196
2007-11-04,9670,13.05,0.0,0.0,1.0,14.258925,0.1933987629138689,,1.0,20.890642166137695,14.25892448425293,1.8986611366271973,0.9126337766647339,-18.991981029510498,-13.346290707588196
2007-11-06,9860,13.14,1.0,1.0,1.0,0.14259332,0.0572696893231572,,1.0,5.411650657653809,3.274005889892578,1.8070323467254639,0.7209653258323669,-3.6046183109283447,-2.553040564060211
2007-11-07,9130,12.78,1.0,1.0,1.0,1.995051,0.7278435311307165,,1.0,7.188473701477051,5.0508294105529785,2.1935505867004395,0.7843389511108398,-4.994923114776611,-4.266490459442139
2007-11-08,9010,12.71,2.0,2.0,1.0,5.0508294,0.1899855129071524,,2.0,13.838271141052246,6.792390823364258,3.585359573364258,2.11277437210083,-10.252911567687988,-4.679616451263428
2007-11-09,9820,13.11,2.0,2.0,1.0,6.7923913,1.1095972340192488,,2.0,24.315322875976562,12.472103118896484,4.8404974937438965,2.11277437210083,-19.474825382232666,-10.359328746795654
2007-11-11,16200,15.69,3.0,3.0,2.0,13.32303,0.2558509462076263,,3.0,33.563316345214844,13.323030471801758,7.681116104125977,3.775674819946289,-25.882200241088867,-9.547355651855469
2007-11-12,14200,14.96,3.0,3.0,2.0,7.7681847,0.1729151296088485,,3.0,48.983642578125,27.89242935180664,7.083736419677734,3.775674819946289,-41.899906158447266,-24.11675453186035
2007-11-14,14300,15.03,2.0,2.0,2.0,6.219334,0.8675952045862706,,2.0,47.54350662231445,27.89242935180664,3.92269229888916,1.970998764038086,-43.62081432342529,-25.921430587768555
2007-11-15,14400,15.04,2.0,2.0,2.0,13.431744,1.1591094054505364,,2.0,50.21800994873047,30.566932678222656,4.395031929016113,1.970998764038086,-45.822978019714355,-28.59593391418457
2007-11-16,28700,19.21,2.0,2.0,2.0,30.56693,2.5434556986354027,,2.0,58.99127960205078,30.566932678222656,5.7066874504089355,1.970998764038086,-53.284592151641846,-28.59593391418457
2007-11-21,15500,15.45,0.0,0.0,0.0,0.088717096,2.130209825183569,,0.0,3.6169471740722656,3.4467151165008545,0.8208853006362915,0.5286165475845337,-2.796061873435974,-2.918098568916321
2007-11-28,9560,12.99,0.0,0.0,0.0,5.0767465,1.751462039063485,,0.0,25.650657653808594,17.467195510864258,3.5254693031311035,1.4595081806182861,-22.12518835067749,-16.00768733024597
2007-12-02,12200,14.18,5.0,5.0,4.0,10.188787,0.5556312631876977,,5.0,62.96637725830078,52.43348693847656,13.469704627990723,6.7650933265686035,-49.49667263031006,-45.66839361190796
2007-12-03,23900,17.55,5.0,5.0,4.0,52.43349,0.9475577572078973,,5.0,155.68612670898438,93.06385040283203,13.866181373596191,6.7650933265686035,-141.81994533538818,-86.29875707626343
2007-12-04,71300,26.68,5.0,5.0,4.0,93.06385,2.256458122795161,,5.0,175.20822143554688,93.06385040283203,12.19459056854248,6.7650933265686035,-163.0136308670044,-86.29875707626343
2007-12-08,22700,17.71,0.0,0.0,0.0,0.01247937,1.7140268538208934,,0.0,1.00761878490448,0.5674164891242981,5.384256839752197,2.7411866188049316,4.376638054847717,2.1737701296806335
2007-12-11,16700,15.88,0.0,0.0,0.0,0.11684283,2.3931929263307565,,0.0,4.310125827789307,2.3921926021575928,4.519432544708252,2.6182265281677246,0.2093067169189453,0.22603392601013184
2007-12-16,14100,14.93,0.0,0.0,0.0,17.120832,2.766222340709144,,0.0,37.296775817871094,17.120830535888672,4.79844856262207,1.761800765991211,-32.49832725524902,-15.359029769897461
2007-12-23,13500,14.72,1.0,1.0,0.0,20.723543,2.9899460402290656,,1.0,57.56261444091797,32.90891647338867,6.07957649230957,2.730778694152832,-51.4830379486084,-30.17813777923584
2007-12-24,17800,16.25,1.0,1.0,0.0,32.908916,4.372645227422559,,1.0,66.1678237915039,32.90891647338867,4.750600814819336,1.9000661373138428,-61.41722297668457,-31.00885033607483
2008-01-03,11500,13.86,1.0,1.0,0.0,10.387245,0.8430828781575559,,1.0,29.962556838989258,16.067798614501953,9.06951904296875,4.812653541564941,-20.893037796020508,-11.255145072937012
2008-01-04,14100,14.95,2.0,1.0,0.0,16.067799,3.793007136081541,,2.0,41.739627838134766,16.067798614501953,12.011502265930176,4.827980041503906,-29.72812557220459,-11.239818572998047
2008-01-05,15800,15.56,2.0,1.0,0.0,15.284583,3.0100436266091317,,2.0,38.39698028564453,16.067798614501953,12.48685359954834,4.827980041503906,-25.91012668609619,-11.239818572998047
2008-01-14,18000,16.3,0.0,1.0,0.0,1.4724303,0.8515736372109557,,1.0,26.397573471069336,16.719924926757812,3.270437717437744,1.7518434524536133,-23.127135753631592,-14.9680814743042
2008-02-08,16600,15.83,1.0,1.0,1.0,42.735073,0.7557885339103371,,1.0,105.53048706054688,42.735076904296875,5.300312042236328,2.6676931381225586,-100.23017501831055,-40.067383766174316
2008-02-09,16300,15.71,1.0,1.0,1.0,33.92523,0.7838345950123895,,1.0,94.4566650390625,42.735076904296875,4.381887435913086,1.7492682933807373,-90.07477760314941,-40.98580861091614
2008-02-17,15200,15.34,0.0,0.0,0.0,0.7441709,4.4927200808466585,,0.0,8.82067584991455,7.050818920135498,1.6379343271255493,1.242427945137024,-7.1827415227890015,-5.808390974998474
2008-02-18,15200,15.34,0.0,0.0,0.0,1.0256855,1.6067126285703657,,0.0,1.9901236295700073,1.0256855487823486,0.8767163753509521,0.48120999336242676,-1.1134072542190552,-0.5444755554199219
2008-02-19,14800,15.2,0.0,0.0,0.0,0.22026719,0.1876400918411421,,0.0,1.246734619140625,1.0256855487823486,1.1740466356277466,0.6383326053619385,-0.07268798351287842,-0.38735294342041016
2008-03-07,14000,14.87,0.0,0.0,0.0,0.7335618,4.104592057105185,,0.0,5.168966293334961,4.007948875427246,1.789984107017517,1.0203031301498413,-3.378982186317444,-2.987645745277405
2008-03-10,13400,14.66,1.0,1.0,0.0,3.3258154,1.3365384734613406,,1.0,25.36357879638672,19.972414016723633,3.149162530899048,1.4218995571136475,-22.21441626548767,-18.550514459609985
2008-03-11,18300,16.37,1.0,1.0,0.0,19.972414,0.5588676094643495,,1.0,34.5718994140625,19.972414016723633,3.1520936489105225,1.4218995571136475,-31.419805765151978,-18.550514459609985
2008-03-26,12300,14.23,0.0,0.0,0.0,5.04111,1.338888234455308,,0.0,19.268463134765625,11.218814849853516,2.9349563121795654,1.2058237791061401,-16.33350682258606,-10.012991070747375
2008-03-29,10000,13.21,0.0,0.0,0.0,5.478548,1.554133368052757,,0.0,19.517173767089844,7.401149272918701,3.71517014503479,1.325181484222412,-15.802003622055054,-6.075967788696289
2008-04-03,9120,12.77,0.0,0.0,0.0,0.05937132,3.754158787630792,,0.0,3.846768617630005,2.699287176132202,1.1599645614624023,0.44096219539642334,-2.6868040561676025,-2.258324980735779
2008-04-05,8160,12.27,0.0,0.0,0.0,4.80143,3.135576456097496,,0.0,10.081256866455078,4.801430702209473,2.072061538696289,0.9677174687385559,-8.009195327758789,-3.8337132334709167
2008-04-09,8380,12.4,0.0,0.0,0.0,3.255454,3.267639637182023,,0.0,10.087324142456055,5.6984992027282715,4.238046646118164,2.298786163330078,-5.849277496337891,-3.3997130393981934
2008-04-13,8980,12.7,0.0,0.0,0.0,0.04365226,0.3119649747147531,,0.0,3.8312392234802246,3.28611159324646,0.8565744757652283,0.44121038913726807,-2.9746647477149963,-2.844901204109192
2008-04-15,11100,13.7,0.0,0.0,0.0,5.515479,0.3476338092787659,,0.0,13.91620922088623,5.51547908782959,1.19778311252594,0.4752817451953888,-12.71842610836029,-5.040197342634201
2008-04-28,9420,12.92,0.0,0.0,0.0,5.4653225,3.099826196218476,,0.0,20.36608123779297,13.783382415771484,1.8680747747421265,0.8493626117706299,-18.498006463050842,-12.934019804000854
2008-05-02,10200,13.29,0.0,0.0,0.0,0.08190569,4.516270596574764,,0.0,4.7722578048706055,4.617473602294922,4.776873588562012,2.604861259460449,0.00461578369140625,-2.0126123428344727
2008-05-03,9510,12.97,0.0,0.0,0.0,0.07287819,2.0912569051353747,,0.0,1.0899608135223389,0.9351769089698792,3.2582802772521973,2.604861259460449,2.1683194637298584,1.66968435049057
2008-05-06,13200,14.59,0.0,0.0,0.0,0.10569548,2.1196193676518305,,0.0,0.44154614210128784,0.33585065603256226,3.0569560527801514,1.5297956466674805,2.6154099106788635,1.1939449906349182
2008-05-12,13600,14.74,0.0,0.0,0.0,3.5844815,1.2623337652594968,,0.0,10.579586029052734,6.49453067779541,3.401911735534668,1.5886873006820679,-7.177674293518066,-4.905843377113342
2008-05-13,15900,15.61,2.0,2.0,2.0,0.5005737,1.6259056499662108,,2.0,17.273582458496094,13.188528060913086,3.728977680206299,1.5886873006820679,-13.544604778289795,-11.599840760231018
2008-05-14,14100,14.91,2.0,2.0,2.0,13.188528,3.4565691009529247,,2.0,20.436697006225586,13.188528060913086,3.3336293697357178,1.5886873006820679,-17.103067636489868,-11.599840760231018
2008-05-18,60400,25.17,1.0,0.0,0.0,0.0,0.6633478617588281,,1.0,0.002011787611991167,0.002011787611991167,1.1182820796966553,0.8913090229034424,1.116270292084664,0.8892972352914512
2008-05-19,59100,24.98,1.0,1.0,1.0,0.0020117876,0.562254819903323,,1.0,12.498523712158203,12.496511459350586,1.8791985511779785,0.8913090229034424,-10.619325160980225,-11.605202436447144
2008-05-20,56200,24.53,1.0,1.0,1.0,12.496511,1.6451251242562708,,1.0,31.88875389099121,19.390230178833008,3.548002243041992,1.7820746898651123,-28.34075164794922,-17.608155488967896
2008-06-03,25700,18.62,0.0,0.0,0.0,1.3226365,4.476659867446201,,0.0,18.436412811279297,13.977911949157715,5.597840785980225,2.002047538757324,-12.838572025299072,-11.97586441040039
2008-06-11,20900,17.41,0.0,0.0,0.0,5.1237454,4.129861597630812,,0.0,21.74576187133789,15.163824081420898,8.380064010620117,4.202836990356445,-13.365697860717773,-10.960987091064453
2008-06-15,23000,17.95,0.0,0.0,0.0,0.0012161101,1.5918289489727804,,0.0,1.0251572132110596,1.023941159248352,1.3941471576690674,0.5514324903488159,0.3689899444580078,-0.47250866889953613
2008-06-23,28900,19.35,0.0,0.0,0.0,0.045992147,1.5990115297419396,,0.0,0.45537132024765015,0.262473464012146,4.270573616027832,1.7296323776245117,3.815202295780182,1.4671589136123657
2008-07-12,23500,18.08,0.0,0.0,0.0,0.0,3.0981036581459422,,0.0,0.0,0.0,4.039397239685059,1.815283179283142,4.039397239685059,1.815283179283142
2008-07-15,21000,17.44,0.0,0.0,0.0,0.0,1.293169780048318,,0.0,0.0,0.0,3.567657709121704,1.4852595329284668,3.567657709121704,1.4852595329284668
2008-07-18,17300,16.36,0.0,0.0,0.0,0.0,2.0806087885607765,,0.0,0.0007878192700445652,0.0007878192700445652,4.812047481536865,1.7582029104232788,4.811259662266821,1.7574150911532342
2008-07-27,14500,15.48,0.0,0.0,0.0,0.38788995,2.4206607436983214,,0.0,3.257298469543457,2.86930251121521,3.422691583633423,1.253818392753601,0.16539311408996582,-1.6154841184616089
2008-07-31,13300,15.05,1.0,0.0,0.0,0.8045639,2.323151035692808,,1.0,24.603759765625,15.30811595916748,3.452695369720459,1.3061573505401611,-21.15106439590454,-14.00195860862732
2008-08-01,13300,15.05,1.0,0.0,0.0,15.308116,1.1397839129203788,,1.0,19.490360260009766,15.30811595916748,2.9633638858795166,1.3061573505401611,-16.52699637413025,-14.00195860862732
2008-08-03,11900,14.54,0.0,0.0,0.0,0.54766405,1.650591160186741,,0.0,3.9267172813415527,3.3776798248291016,2.050889492034912,0.892277717590332,-1.8758277893066406,-2.4854021072387695
2008-08-10,11700,14.45,0.0,0.0,0.0,9.981257,2.7700637969409714,,0.0,13.393661499023438,9.981257438659668,6.495728492736816,2.4090113639831543,-6.897933006286621,-7.572246074676514
2008-08-16,13000,14.94,0.0,0.0,0.0,0.0,2.598777173632252,,0.0,0.0011394891189411283,0.0011394891189411283,6.142721176147461,2.4141178131103516,6.14158168702852,2.4129783239914104
2008-08-19,11500,14.4,1.0,1.0,1.0,4.3746324,3.0769312162751428,,1.0,21.09142303466797,16.153789520263672,4.793904781341553,2.458083152770996,-16.297518253326416,-13.695706367492676
2008-08-20,13100,14.97,1.0,1.0,1.0,16.15379,2.8005172780798504,,1.0,51.032325744628906,30.503902435302734,5.6045026779174805,2.458083152770996,-45.427823066711426,-28.04581928253174
2008-08-23,15400,15.78,0.0,3.0,3.0,0.0013713165,3.5752638572866364,,3.0,19.878681182861328,19.870685577392578,4.846909523010254,2.003661870956421,-15.031771659851074,-17.867023706436157
2008-08-24,14000,15.33,2.0,3.0,3.0,0.0066247545,2.793738930600419,,3.0,16.603899002075195,16.595903396606445,4.630075454711914,2.003661870956421,-11.973823547363281,-14.592241525650024
2008-08-26,14600,15.5,3.0,3.0,3.0,2.2594519,2.4854930674817464,,3.0,34.55731964111328,16.595903396606445,5.698219299316406,2.3998560905456543,-28.859100341796875,-14.196047306060791
2008-08-27,14800,15.58,3.0,3.0,3.0,15.701962,2.8424829347832827,,3.0,27.469247817993164,15.701963424682617,5.466317653656006,2.3998560905456543,-22.002930164337158,-13.302107334136963
2008-08-28,16100,16.03,3.0,3.0,3.0,9.507834,2.123803678192276,,3.0,35.84100341796875,15.701963424682617,4.759426116943359,2.3998560905456543,-31.08157730102539,-13.302107334136963
2008-08-29,16000,15.98,3.0,3.0,3.0,10.631205,1.5214318042320498,,3.0,31.283981323242188,11.144944190979004,3.8339390754699707,1.4743684530258179,-27.450042247772217,-9.670575737953186
2008-09-01,13700,15.21,0.0,0.0,0.0,2.1689017,4.220641317354132,,0.0,4.211253643035889,2.1689019203186035,8.619760513305664,3.3691186904907227,4.408506870269775,1.2002167701721191
2008-09-05,11300,14.32,1.0,0.0,0.0,0.0,1.73379315903356,,1.0,0.01966993883252144,0.01966993883252144,1.6441246271133423,0.6547112464904785,1.6244546882808208,0.6350413076579571
2008-09-06,9750,13.64,1.0,0.0,0.0,0.01966994,4.778262540841823,,1.0,0.01966993883252144,0.01966993883252144,1.7255476713180542,0.6547112464904785,1.7058777324855328,0.6350413076579571
2008-09-10,9290,13.46,0.0,0.0,0.0,0.0,2.4980426924913046,,0.0,0.0,0.0,4.590920448303223,2.230818748474121,4.590920448303223,2.230818748474121
2008-09-11,9120,13.38,0.0,0.0,0.0,0.0,4.23738393276005,,0.0,0.0,0.0,5.880731582641602,2.363676071166992,5.880731582641602,2.363676071166992
2008-09-14,8910,13.29,0.0,0.0,0.0,0.0,4.822152232272945,,0.0,0.0,0.0,2.155566692352295,0.9369287490844727,2.155566692352295,0.9369287490844727
2008-09-18,6530,12.06,0.0,0.0,0.0,0.0,0.204028073133986,,0.0,0.03541060537099838,0.03541060537099838,0.687983512878418,0.3232246935367584,0.6525729075074196,0.28781408816576004
2008-09-20,6670,12.15,0.0,0.0,0.0,0.29469156,1.470521762672073,,0.0,14.309967994689941,13.979866027832031,1.477039098739624,0.8806597590446472,-12.832928895950317,-13.099206268787384
2008-10-01,6270,11.92,2.0,0.0,0.0,0.0,0.6650873462167196,,2.0,0.1758722960948944,0.1758722960948944,1.6115466356277466,1.1546462774276733,1.4356743395328522,0.9787739813327789
2008-10-02,6220,11.89,2.0,2.0,2.0,0.1758723,0.879724476573689,,2.0,4.947457790374756,4.771585464477539,3.0563693046569824,1.7505549192428589,-1.8910884857177734,-3.02103054523468
2008-10-03,6450,12.02,2.0,2.0,2.0,4.771585,1.3839550796790108,,2.0,17.220678329467773,12.273221015930176,5.983137607574463,3.0779364109039307,-11.23754072189331,-9.195284605026245
2008-10-04,6580,12.1,2.0,1.0,0.0,12.273223,2.83572194701568,,2.0,35.34577941894531,18.30097007751465,7.92285680770874,3.0943655967712402,-27.422922611236572,-15.206604480743408
2008-10-06,8490,13.09,1.0,1.0,1.0,3.0406406,3.9666350471915504,,1.0,51.87531280517578,30.533702850341797,7.522117614746094,3.0943655967712402,-44.35319519042969,-27.439337253570557
2008-10-07,11200,14.22,1.0,1.0,1.0,30.533703,4.230500600356701,,1.0,51.699066162109375,30.533702850341797,5.044616222381592,2.7429146766662598,-46.65444993972778,-27.790788173675537
2008-10-09,9360,13.49,0.0,0.0,0.0,1.5778468,1.0345235069097851,,0.0,19.951082229614258,18.124723434448242,2.2440028190612793,0.9898399114608765,-17.70707941055298,-17.134883522987366
2008-10-11,7540,12.62,0.0,0.0,0.0,0.0011178782,2.452824776442044,,0.0,0.5383379459381104,0.28870725631713867,7.368111610412598,4.725503444671631,6.829773664474487,4.436796188354492
2008-10-12,8270,12.98,0.0,0.0,0.0,0.28870726,3.797937707567388,,0.0,1.2586405277252197,0.9688153266906738,8.477418899536133,4.725503444671631,7.218778371810913,3.756688117980957
2008-10-16,8160,12.93,0.0,1.0,2.0,2.7400885,1.4003786070484563,,2.0,8.54191780090332,4.972552299499512,1.9072967767715454,0.9806711673736572,-6.634621024131775,-3.9918811321258545
2008-10-17,9450,13.54,0.0,1.0,2.0,4.972552,0.9393389669731484,,2.0,11.803443908691406,4.972552299499512,1.5697906017303467,0.9806711673736572,-10.23365330696106,-3.9918811321258545
2008-10-23,7380,12.54,0.0,0.0,0.0,0.0754283,2.1839654128408137,,0.0,0.6224734783172607,0.3151611089706421,3.544830322265625,2.279616355895996,2.9223568439483643,1.964455246925354
2008-10-24,7170,12.43,2.0,1.0,1.0,0.31516108,4.1201692985229785,,2.0,1.9123456478118896,1.5217562913894653,1.3518208265304565,0.8021978139877319,-0.5605248212814331,-0.7195584774017334
2008-10-25,6920,12.29,2.0,1.0,1.0,1.5217563,2.457920885179973,,2.0,1.8751413822174072,1.5217562913894653,0.7605509161949158,0.4630160927772522,-1.1145904660224915,-1.0587401986122131
2008-10-30,8450,13.07,2.0,1.0,1.0,0.055182714,0.1402801113501516,,2.0,1.3976837396621704,1.327322244644165,3.832671880722046,2.179783344268799,2.4349881410598755,0.8524610996246338
2008-10-31,8170,12.94,2.0,1.0,1.0,1.3273222,0.6837331233634855,,2.0,11.185966491699219,9.803461074829102,4.927590370178223,2.179783344268799,-6.258376121520996,-7.623677730560303
2008-11-01,7660,12.68,2.0,2.0,2.0,9.803461,1.8485144013276047,,2.0,21.18431854248047,10.053536415100098,6.460237503051758,2.494577407836914,-14.724081039428711,-7.558959007263184
2008-11-02,8170,12.94,2.0,2.0,2.0,10.053536,2.13788075117953,,2.0,33.15814971923828,13.301151275634766,6.079354286193848,2.494577407836914,-27.078795433044434,-10.806573867797852
2008-11-06,13100,14.97,4.0,2.0,1.0,1.4350961,3.8947809266366176,,4.0,80.89970397949219,63.53123092651367,8.79472541809082,3.632310628890991,-72.10497856140137,-59.89892029762268
2008-11-07,39100,21.33,4.0,2.0,2.0,63.53123,2.1877211038296767,,4.0,113.0761947631836,63.53123092651367,8.826383590698242,3.632310628890991,-104.24981117248535,-59.89892029762268
2008-11-08,52100,24.61,4.0,2.0,2.0,48.109875,1.4854575214051446,,4.0,125.18211364746094,63.53123092651367,6.697064399719238,2.810389518737793,-118.4850492477417,-60.72084140777588
2008-11-09,29500,20.84,4.0,2.0,0.0,13.541016,1.061034680157643,,4.0,69.45677947998047,48.10987091064453,5.276993751525879,2.3836827278137207,-64.17978572845459,-45.72618818283081
2008-11-11,23900,19.46,4.0,3.0,3.0,8.942698,2.121316072819858,,4.0,60.004638671875,43.25605010986328,7.245339393615723,3.0308690071105957,-52.75929927825928,-40.225181102752686
2008-11-12,41900,23.21,4.0,3.0,3.0,43.256054,3.5303241099531086,,4.0,124.31849670410156,72.1197509765625,8.044902801513672,3.0308690071105957,-116.27359390258789,-69.0888819694519
2008-11-13,60000,26.49,4.0,3.0,3.0,72.11975,3.451449639269321,,4.0,120.94730377197266,72.1197509765625,6.0494561195373535,3.0308690071105957,-114.8978476524353,-69.0888819694519
2008-11-15,25800,19.94,0.0,0.0,0.0,3.213998,2.632717890216356,,0.0,8.876691818237305,5.571505069732666,3.0474891662597656,1.264709234237671,-5.829202651977539,-4.306795835494995
2008-11-16,21200,18.69,0.0,0.0,0.0,0.09118861,0.4900590850191887,,0.0,3.364171028137207,3.2139980792999268,3.2568726539611816,1.264709234237671,-0.10729837417602539,-1.9492888450622559
2008-11-27,9270,14.24,0.0,0.0,0.0,0.034868367,1.3449254875702397,,0.0,6.199218273162842,3.7057979106903076,4.499842166900635,1.9855926036834717,-1.699376106262207,-1.720205307006836
2008-11-28,9100,14.16,1.0,1.0,1.0,2.4585521,2.1813273566325466,,1.0,20.056739807128906,17.56332015991211,3.7027108669281006,1.9855926036834717,-16.354028940200806,-15.577727556228638
2008-11-29,10900,15.0,1.0,1.0,1.0,17.563318,2.3561369681263296,,1.0,36.93341827392578,17.56332015991211,2.6538288593292236,0.9367653727531433,-34.27958941459656,-16.626554787158966
2008-11-30,13200,15.97,1.0,1.0,1.0,16.911549,3.4384093957373643,,1.0,35.26335144042969,17.56332015991211,2.764528512954712,1.0474650859832764,-32.498822927474976,-16.515855073928833
2008-12-07,11200,15.15,0.0,0.0,0.0,8.681209,0.7859014340361951,,0.0,28.30948257446289,18.111312866210938,4.145930767059326,1.6577110290527344,-24.163551807403564,-16.453601837158203
2008-12-09,11100,15.12,0.0,0.0,0.0,2.6408231,5.727456450889583,,0.0,31.51713752746582,18.111312866210938,4.249700546264648,2.284285068511963,-27.267436981201172,-15.827027797698975
2008-12-14,7000,,0.0,0.0,0.0,5.043135,2.002806900072126,,0.0,27.30565071105957,18.344532012939453,6.708288192749023,2.748042345046997,-20.597362518310547,-15.596489667892456
2008-12-22,7000,13.01,0.0,0.0,0.0,14.602517,1.8289630258804368,,0.0,26.72750473022461,14.602516174316406,7.02891731262207,2.8799915313720703,-19.69858741760254,-11.722524642944336
2008-12-24,7680,13.4,0.0,0.0,0.0,2.2925737,5.181656777830821,,0.0,23.713687896728516,18.30065155029297,8.326471328735352,3.8620972633361816,-15.387216567993164,-14.438554286956787
2008-12-31,6840,12.92,0.0,0.0,0.0,13.577164,0.8201618586464798,,0.0,,,,,,
2009-01-05,9340,14.29,0.0,0.0,0.0,23.258028,3.006871139272421,,0.0,48.744110107421875,23.258028030395508,7.404720306396484,3.5927164554595947,-41.33938980102539,-19.665311574935913
2009-01-06,11300,15.15,4.0,4.0,4.0,21.260914,5.479731503123714,,4.0,146.2064208984375,101.68748474121094,10.240116119384766,4.329130172729492,-135.96630477905273,-97.35835456848145
2009-01-07,37900,22.14,4.0,4.0,4.0,101.687485,4.795198799699926,,4.0,238.51373291015625,115.5653305053711,10.351569175720215,4.329130172729492,-228.16216373443604,-111.2362003326416
2009-01-08,72900,27.74,4.0,4.0,4.0,115.56532,1.6705957481105815,,4.0,247.04795837402344,115.5653305053711,9.458410263061523,4.329130172729492,-237.5895481109619,-111.2362003326416
2009-01-10,34400,21.3,2.0,1.0,1.0,5.13237,1.9600185170259508,,2.0,50.716331481933594,29.79515266418457,4.421385765075684,1.5127215385437012,-46.29494571685791,-28.28243112564087
2009-01-11,27200,19.66,2.0,1.0,1.0,15.788811,0.8819882656614566,,2.0,32.35365295410156,15.788810729980469,3.662794589996338,1.5127215385437012,-28.690858364105225,-14.276089191436768
2009-01-15,16500,16.55,0.0,0.0,0.0,0.0070294696,0.1231084630661797,,0.0,0.1439037322998047,0.10851866006851196,0.4828462600708008,0.32470327615737915,0.3389425277709961,0.2161846160888672
2009-01-18,16600,16.59,0.0,0.0,0.0,0.034504913,0.8908276655940846,,0.0,0.03612377494573593,0.03450491279363632,0.037665024399757385,0.030860574916005135,0.0015412494540214539,-0.0036443378776311874
2009-01-21,18800,17.3,0.0,0.0,0.0,0.0012946954,0.0951857799160534,,0.0,0.10897838324308395,0.1076836884021759,1.0796679258346558,0.864467978477478,0.9706895425915718,0.7567842900753021
2009-01-26,12500,15.03,0.0,0.0,0.0,1.5834577,0.7405531134849829,,0.0,4.807112216949463,2.9076523780822754,4.479151725769043,1.862419843673706,-0.3279604911804199,-1.0452325344085693
2009-01-31,10700,14.27,0.0,0.0,0.0,5.2545104,0.0837471764635373,,0.0,10.163850784301758,5.254510402679443,1.7298572063446045,0.8091152906417847,-8.433993577957153,-4.445395112037659
2009-02-03,11200,14.47,0.0,0.0,0.0,1.9546739,0.2041159050093102,,0.0,11.329909324645996,9.339893341064453,1.9941084384918213,1.4424247741699219,-9.335800886154175,-7.897468566894531
2009-02-06,11500,14.62,0.0,0.0,0.0,0.8402083,0.9761756554841192,,0.0,3.6536383628845215,2.714003801345825,3.422934055328369,1.5601885318756104,-0.23070430755615234,-1.1538152694702148
2009-02-08,10000,13.97,0.0,0.0,0.0,0.104049124,1.3064958388357415,,0.0,4.947751998901367,2.714003801345825,7.153390884399414,3.6383743286132812,2.205638885498047,0.924370527267456
2009-02-20,7080,12.42,0.0,0.0,0.0,0.019076623,0.280479624038241,,0.0,0.3217957019805908,0.30019453167915344,0.9708960056304932,0.3730425536632538,0.6491003036499023,0.07284802198410034
2009-02-21,7710,12.77,0.0,0.0,0.0,0.002524558,0.789965879899727,,0.0,0.10559529066085815,0.08399410545825958,2.5871853828430176,1.989331841468811,2.4815900921821594,1.9053377360105515
2009-02-27,9220,13.57,0.0,0.0,0.0,2.8602786,3.009053089718711,,0.0,23.678333282470703,20.01288414001465,2.672341823577881,1.7578150033950806,-21.005991458892822,-18.255069136619568
2009-02-28,8230,13.06,1.0,0.0,0.0,0.80517095,2.2990226895566868,,1.0,5.450811386108398,2.860279083251953,2.652510404586792,1.7379834651947021,-2.7983009815216064,-1.122295618057251
2009-03-01,7830,12.84,1.0,1.0,0.0,1.7853615,2.6330437981396178,,1.0,13.479921340942383,10.889389038085938,4.2738447189331055,2.0836448669433594,-9.206076622009277,-8.805744171142578
2009-03-02,8710,13.29,1.0,1.0,0.0,10.889389,2.042886134756829,,1.0,20.757354736328125,10.889389038085938,6.0828118324279785,2.261183500289917,-14.674542903900146,-8.62820553779602
2009-03-06,9360,13.64,0.0,0.0,0.0,13.308928,0.3860177854380951,,0.0,25.112197875976562,13.308927536010742,2.8472838401794434,1.3980985879898071,-22.26491403579712,-11.910828948020935
2009-03-21,11500,13.91,0.0,0.0,0.0,19.306076,0.9150297905054776,,0.0,36.65373992919922,19.306076049804688,3.82548189163208,2.1426925659179688,-32.82825803756714,-17.16338348388672
2009-04-10,14000,14.9,0.0,0.0,0.0,0.06852652,2.698791433395539,,0.0,1.263510823249817,1.0665737390518188,4.51400089263916,1.9465222358703613,3.2504900693893433,0.8799484968185425
2009-05-02,12200,14.14,0.0,0.0,0.0,0.10183497,4.885447394906578,,0.0,4.289656162261963,4.187821388244629,6.056162357330322,2.7331271171569824,1.7665061950683594,-1.4546942710876465
2009-05-04,16100,15.67,1.0,1.0,0.0,1.1636759,4.027956989247312,,1.0,22.01319694519043,16.661699295043945,8.506603240966797,3.887690305709839,-13.506593704223633,-12.774008989334106
2009-05-05,18400,16.41,1.0,1.0,0.0,16.6617,3.611389004275862,,1.0,48.48332214355469,30.65794563293457,7.7163286209106445,3.887690305709839,-40.76699352264404,-26.77025532722473
2009-05-19,25900,19.58,0.0,0.0,0.0,7.920159,0.742574899923328,,0.0,20.75076675415039,12.826417922973633,2.5385870933532715,1.2502015829086304,-18.21217966079712,-11.576216340065002
2009-05-31,29000,20.34,0.0,0.0,0.0,0.0,1.150554374130723,,0.0,0.0,0.0,2.354959011077881,1.1906763315200806,2.354959011077881,1.1906763315200806
2009-06-05,29500,20.46,0.0,0.0,0.0,0.0,2.9412764348111824,,0.0,0.002636542310938239,0.002636542310938239,5.87253475189209,2.895629405975342,5.869898209581152,2.8929928636644036
2009-06-19,22300,18.61,0.0,0.0,0.0,1.0446581,3.358623126856094,,0.0,7.575078010559082,4.7975850105285645,7.434870719909668,2.686370849609375,-0.14020729064941406,-2.1112141609191895
2009-06-24,15000,16.28,2.0,2.0,1.0,0.17575638,0.8759377860994174,,2.0,8.668248176574707,5.647426605224609,4.109992980957031,1.5251652002334595,-4.558255195617676,-4.12226140499115
2009-06-25,15400,16.4,2.0,2.0,1.0,5.6474266,1.223512489692671,,2.0,8.388045310974121,5.647426605224609,4.90169095993042,1.9416037797927856,-3.486354351043701,-3.7058228254318237
2009-06-26,17700,17.2,0.0,0.0,0.0,2.5648625,3.01429696267042,,0.0,8.212288856506348,5.647426605224609,5.907526016235352,2.5309998989105225,-2.304762840270996,-3.116426706314087
2009-07-08,14500,16.06,0.0,0.0,0.0,1.9565482,2.1955218143378823,,0.0,12.453662872314453,10.463629722595215,6.5344109535217285,2.888000965118408,-5.919251918792725,-7.575628757476807
2009-07-10,13500,15.7,0.0,0.0,0.0,0.0205835,1.1641234688837498,,0.0,0.05406876280903816,0.03348526731133461,2.890066146850586,2.0165085792541504,2.8359973840415478,1.9830233119428158
2009-07-29,10500,14.42,0.0,0.0,0.0,0.0,5.189866268219947,,0.0,8.388489723205566,8.388489723205566,5.082596302032471,1.7565416097640991,-3.3058934211730957,-6.631948113441467
2009-07-31,12000,15.1,0.0,0.0,0.0,0.38489196,4.257010946951614,,0.0,8.773381233215332,8.388489723205566,5.05988883972168,1.874257206916809,-3.7134923934936523,-6.514232516288757
2009-08-10,7130,12.66,2.0,2.0,1.0,0.093074664,2.292890991342877,,2.0,28.04977035522461,27.669925689697266,2.5927188396453857,1.0755372047424316,-25.457051515579224,-26.594388484954834
2009-08-11,8090,13.23,2.0,2.0,1.0,27.669928,1.954645479551706,,2.0,33.32469940185547,27.669925689697266,2.6595568656921387,1.0755372047424316,-30.66514253616333,-26.594388484954834
2009-08-15,7180,12.71,0.0,0.0,0.0,3.214959,2.6920457387074044,,0.0,12.718097686767578,9.449639320373535,8.904298782348633,3.6692652702331543,-3.8137989044189453,-5.780374050140381
2009-08-17,7090,12.64,0.0,0.0,0.0,0.0033261294,2.89140859595064,,0.0,0.06015127897262573,0.053499020636081696,5.12283992767334,3.6692652702331543,5.062688648700714,3.6157662495970726
2009-08-28,6030,11.99,0.0,0.0,0.0,0.0,3.3858350951374208,,0.0,0.13779567182064056,0.13779567182064056,2.164621114730835,0.9589940309524536,2.0268254429101944,0.821198359131813
2009-09-04,7000,12.6,0.0,0.0,0.0,13.785227,1.2988645921811033,,0.0,21.05014991760254,13.78522777557373,3.816701889038086,1.6150239706039429,-17.233448028564453,-12.170203804969788
2009-09-05,7570,12.95,1.0,1.0,0.0,1.9274558,1.9945471905166372,,1.0,23.28797149658203,13.78522777557373,4.720739364624023,1.7557599544525146,-18.567232131958008,-12.029467821121216
2009-09-06,7590,12.96,0.0,0.0,0.0,7.5752873,1.7286666707999314,,0.0,44.33882522583008,34.836082458496094,4.686347484588623,1.7557599544525146,-39.652477741241455,-33.08032250404358
2009-09-15,7690,13.02,2.0,2.0,2.0,0.095561884,2.158400757214097,,2.0,0.09556188434362411,0.09556188434362411,2.744176149368286,1.0574438571929932,2.648614265024662,0.961881972849369
2009-09-16,7540,12.93,2.0,2.0,2.0,0.0,2.6598990656755093,,2.0,0.8750805854797363,0.779518723487854,2.305421829223633,0.9497283101081848,1.4303412437438965,0.1702095866203308
2009-09-17,7600,12.97,2.0,2.0,2.0,0.7795187,2.4709623686913464,,2.0,0.9133203029632568,0.779518723487854,2.8062386512756348,1.2378207445144653,1.892918348312378,0.45830202102661133
2009-09-18,7650,13.0,2.0,2.0,2.0,0.13380158,1.4381928126659764,,2.0,3.444952964782715,2.531632661819458,3.0299911499023438,1.2378207445144653,-0.4149618148803711,-1.2938119173049927
2009-09-19,7560,12.94,2.0,2.0,2.0,2.5316324,1.7714490606122608,,2.0,15.351263046264648,12.685829162597656,2.869227647781372,1.2378207445144653,-12.482035398483276,-11.448008418083191
2009-09-20,7200,12.73,0.0,0.0,0.0,12.685828,2.9821668226974096,,0.0,15.27100944519043,12.685829162597656,2.73693585395813,1.1734809875488281,-12.5340735912323,-11.512348175048828
2009-09-24,5480,11.64,0.0,0.0,0.0,0.0,1.9301438996112668,,0.0,0.034294694662094116,0.034294694662094116,1.2539730072021484,0.5254533290863037,1.2196783125400543,0.4911586344242096
2009-09-25,5360,11.56,0.0,0.0,0.0,0.0342947,2.121247047299015,,0.0,0.034294694662094116,0.034294694662094116,0.9343399405479431,0.3905452489852905,0.900045245885849,0.3562505543231964
2009-10-03,6160,12.1,0.0,0.0,0.0,6.189254,2.122655663915979,,0.0,21.222076416015625,14.427942276000977,4.19479513168335,1.8262507915496826,-17.027281284332275,-12.601691484451294
2009-10-13,4850,11.19,2.0,1.0,1.0,0.29857564,7.358861202904032,,2.0,5.440809726715088,5.048169136047363,10.008512496948242,4.834791660308838,4.567702770233154,-0.2133774757385254
2009-10-14,4980,11.28,2.0,1.0,1.0,5.048169,5.488572349698995,,2.0,26.115291595458984,20.76854705810547,10.711277961730957,4.834791660308838,-15.404013633728027,-15.93375539779663
2009-10-15,5590,11.71,4.0,4.0,0.0,20.768547,3.136084021005252,,4.0,29.37628936767578,20.76854705810547,7.888213157653809,4.834791660308838,-21.488076210021973,-15.93375539779663
2009-10-16,5990,11.97,4.0,4.0,3.0,3.5595737,1.1150434302790575,,4.0,74.65921020507812,50.331092834472656,5.240646839141846,2.187225341796875,-69.41856336593628,-48.14386749267578
2009-10-17,22000,17.94,4.0,4.0,3.0,50.331093,1.2490242395309572,,4.0,107.78230285644531,53.891639709472656,5.300424098968506,2.187225341796875,-102.4818787574768,-51.70441436767578
2009-10-18,29200,20.35,4.0,4.0,0.0,53.89164,0.4865861093372516,,4.0,107.5540771484375,53.891639709472656,4.6723856925964355,2.187225341796875,-102.88169145584106,-51.70441436767578
2009-10-21,10100,14.27,0.0,0.0,0.0,0.9335285,5.293955513671807,,0.0,13.541330337524414,11.767695426940918,6.770615577697754,4.386696815490723,-6.77071475982666,-7.380998611450195
2009-10-23,10900,14.63,1.0,1.0,0.0,7.913554,4.466767518325862,,1.0,62.024322509765625,42.343074798583984,4.082991600036621,2.1459250450134277,-57.941330909729004,-40.19714975357056
2009-10-25,15800,16.56,1.0,1.0,1.0,1.4130058,1.329086197169127,,1.0,72.78738403320312,42.343074798583984,3.999558687210083,1.9895975589752197,-68.78782534599304,-40.353477239608765
2009-10-26,19800,17.69,1.0,1.0,1.0,29.031303,4.130751489525275,,1.0,66.33419036865234,35.8898811340332,5.234134197235107,2.229383707046509,-61.100056171417236,-33.660497426986694
2009-10-28,19500,17.76,4.0,4.0,0.0,3.7713046,2.737245881718364,,4.0,44.24109649658203,35.8898811340332,9.01849365234375,4.578528881072998,-35.22260284423828,-31.311352252960205
2009-10-29,17000,16.98,4.0,4.0,4.0,4.579911,7.576767952318659,,4.0,30.8380184173584,22.48680305480957,9.980817794799805,4.578528881072998,-20.857200622558594,-17.908274173736572
2009-10-30,19800,17.8,4.0,4.0,4.0,22.486801,5.68803543861172,,4.0,65.35786437988281,38.2911491394043,10.032217025756836,4.578528881072998,-55.32564735412598,-33.7126202583313
2009-10-31,45400,23.62,4.0,4.0,4.0,38.29115,2.1317480196495406,,4.0,76.51971435546875,38.2911491394043,5.858922958374023,3.191707134246826,-70.66079139709473,-35.09944200515747
2009-11-05,19600,17.81,2.0,2.0,2.0,0.003897839,0.7807108801993887,,2.0,38.56461715698242,38.42536163330078,4.745978832244873,2.7264914512634277,-33.81863832473755,-35.69887018203735
2009-11-06,26800,19.79,2.0,2.0,2.0,38.42536,0.8815265799921055,,2.0,67.36172485351562,38.42536163330078,6.073005676269531,2.7264914512634277,-61.288719177246094,-35.69887018203735
2009-11-09,22100,18.55,1.0,1.0,1.0,8.706495,1.3530521060017071,,1.0,53.158775329589844,28.75168228149414,4.116952419281006,1.9719321727752686,-49.04182291030884,-26.779750108718872
2009-11-15,15800,16.57,4.0,4.0,3.0,5.110224,2.127656707565321,,4.0,52.34684371948242,32.93403625488281,5.879917621612549,2.8287112712860107,-46.46692609786987,-30.1053249835968
2009-11-16,30200,20.48,4.0,4.0,3.0,32.934032,2.3106390233922123,,4.0,107.51136779785156,69.46710968017578,8.08331298828125,3.098384380340576,-99.42805480957031,-66.3687252998352
2009-11-17,66000,26.97,4.0,4.0,0.0,69.46711,1.775866693946214,,4.0,131.05990600585938,69.46710968017578,7.338034629821777,3.098384380340576,-123.7218713760376,-66.3687252998352
2009-11-18,58400,25.81,1.0,1.0,1.0,28.658756,0.9490971916532852,,1.0,121.89741516113281,69.46710968017578,6.836692810058594,3.098384380340576,-115.06072235107422,-66.3687252998352
2009-11-19,42200,23.14,1.0,1.0,1.0,23.771547,2.016612417567202,,1.0,99.49554443359375,47.06523513793945,6.706414699554443,2.9681057929992676,-92.7891297340393,-44.097129344940186
2009-11-20,52700,24.95,1.0,1.0,1.0,47.065235,2.976092163536752,,1.0,94.17034912109375,47.06523513793945,6.3554487228393555,2.9681057929992676,-87.8149003982544,-44.097129344940186
2009-11-24,27900,20.09,2.0,2.0,2.0,12.05597,1.3153025859770728,,2.0,40.09911346435547,15.289644241333008,3.871030330657959,1.805686593055725,-36.22808313369751,-13.483957648277283
2009-11-25,29400,20.44,2.0,2.0,2.0,12.753497,1.1507519441843934,,2.0,54.377708435058594,29.568241119384766,3.6186907291412354,1.805686593055725,-50.75901770591736,-27.76255452632904
2009-11-26,47900,24.05,2.0,2.0,2.0,29.568241,1.1036848054988957,,2.0,56.87660217285156,29.568241119384766,4.134978294372559,1.805686593055725,-52.741623878479004,-27.76255452632904
2009-11-27,55600,25.41,0.0,0.0,0.0,14.55486,1.5803874522349597,,0.0,45.40255355834961,29.568241119384766,3.3904829025268555,1.1883399486541748,-42.012070655822754,-28.37990117073059
2009-12-12,11400,14.83,0.0,0.0,0.0,0.30609232,4.610200897331771,,0.0,0.6631218194961548,0.3172750473022461,6.18165922164917,2.7405543327331543,5.518537402153015,2.423279285430908
2009-12-16,9920,14.17,0.0,0.0,0.0,16.086569,0.6351476298826774,,0.0,52.89396286010742,28.790563583374023,7.7281599044799805,3.594599723815918,-45.16580295562744,-25.195963859558105
2009-12-19,11100,14.72,0.0,0.0,0.0,6.7258844,1.512280962802684,,0.0,24.432619094848633,10.263436317443848,5.324552536010742,3.030071973800659,-19.10806655883789,-7.2333643436431885
2009-12-20,13100,15.56,1.0,1.0,0.0,10.263436,1.099568280499877,,1.0,41.49504852294922,24.50572967529297,6.80037784576416,3.030071973800659,-34.69467067718506,-21.47565770149231
2009-12-21,22500,18.58,1.0,1.0,0.0,24.50573,1.4357153337921258,,1.0,53.06078338623047,24.50572967529297,7.857915878295898,3.030071973800659,-45.20286750793457,-21.47565770149231
2009-12-27,13200,15.58,0.0,0.0,0.0,0.0,1.0611886442685052,,0.0,0.10371120274066925,0.10371120274066925,2.2200493812561035,1.095007300376892,2.1163381785154343,0.9912960976362228
2009-12-30,10200,14.3,0.0,0.0,0.0,1.0843124,2.257395547233916,,0.0,11.458328247070312,9.906416893005371,5.372374534606934,2.1889915466308594,-6.085953712463379,-7.717425346374512
2010-01-08,17400,17.11,1.0,2.0,1.0,3.057639,0.5557912205324058,,2.0,26.68929672241211,22.451953887939453,4.605112552642822,2.150714635848999,-22.084184169769287,-20.301239252090454
2010-01-09,17400,17.12,1.0,2.0,1.0,22.451954,0.1572591494981183,,2.0,29.51310157775879,22.451953887939453,4.8827972412109375,2.150714635848999,-24.63030433654785,-20.301239252090454
2010-01-10,19400,17.76,3.0,3.0,3.0,4.003509,0.1855862726012081,,3.0,35.347774505615234,22.451953887939453,6.673338890075684,3.9412567615509033,-28.67443561553955,-18.51069712638855
2010-01-11,20500,18.04,3.0,3.0,3.0,8.892312,0.9164437803665793,,3.0,48.65054702758789,35.75472640991211,9.07221508026123,4.0736236572265625,-39.57833194732666,-31.681102752685547
2010-01-12,33300,21.33,3.0,3.0,3.0,35.754726,1.3811698792466711,,3.0,65.15245819091797,35.75472640991211,10.70867919921875,4.0736236572265625,-54.44377899169922,-31.681102752685547
2010-01-14,28100,20.13,2.0,2.0,2.0,15.097261,0.927140462801651,,2.0,56.91027069091797,21.307588577270508,7.518606185913086,3.028444528579712,-49.39166450500488,-18.279144048690796
2010-01-15,33500,21.18,2.0,2.0,2.0,21.307589,1.6619780978302428,,2.0,63.068878173828125,26.66402816772461,6.3041839599609375,3.028444528579712,-56.76469421386719,-23.635583639144897
2010-01-17,30800,20.37,1.0,1.0,0.0,7.263456,2.7015074016437994,,1.0,39.757728576660156,26.66402816772461,7.630280017852783,4.167529106140137,-32.12744855880737,-22.496499061584473
2010-01-18,21300,17.85,1.0,1.0,0.0,5.8302455,2.3110300302348312,,1.0,16.160552978515625,7.263455867767334,10.883615493774414,4.732712268829346,-5.276937484741211,-2.5307435989379883
2010-01-19,18100,16.89,1.0,0.0,0.0,3.0668526,2.867174231574422,,1.0,9.84827709197998,5.830245494842529,12.985219955444336,4.732712268829346,3.1369428634643555,-1.0975332260131836
2010-01-20,17100,16.58,1.0,0.0,0.0,0.95117885,5.946986953349909,,1.0,5.581674098968506,3.066852569580078,13.51284122467041,4.732712268829346,7.931167125701904,1.6658596992492676
2010-01-26,12700,14.95,0.0,0.0,0.0,4.01312,0.5167880813178501,,0.0,14.331332206726074,10.054300308227539,6.963583946228027,3.6052775382995605,-7.367748260498047,-6.4490227699279785
2010-01-28,12000,14.7,0.0,0.0,0.0,0.0011650295,3.509358951308075,,0.0,0.2651650309562683,0.26391157507896423,7.686139106750488,3.508716106414795,7.42097407579422,3.2448045313358307
2010-01-30,9500,13.56,0.0,0.0,0.0,2.52355,1.0543916970978284,,0.0,8.145618438720703,5.6219801902771,5.1034393310546875,3.0582077503204346,-3.0421791076660156,-2.563772439956665
2010-02-05,12000,14.67,0.0,0.0,0.0,2.2919528,5.2487458641519895,,0.0,7.921125411987305,4.961761951446533,8.095559120178223,3.01336669921875,0.17443370819091797,-1.9483952522277832
2010-02-11,9650,13.59,1.0,0.0,0.0,2.4475677,2.245338607379117,,1.0,15.6691255569458,13.22068977355957,6.734660625457764,3.1047871112823486,-8.934464931488037,-10.115902662277222
2010-02-12,9380,13.5,1.0,0.0,0.0,13.22069,1.7053071119019425,,1.0,28.845287322998047,13.22068977355957,7.189046859741211,3.1047871112823486,-21.656240463256836,-10.115902662277222
2010-02-13,9780,13.7,1.0,1.0,1.0,13.17703,0.5611878176155609,,1.0,37.88735580444336,13.22068977355957,5.810913562774658,2.5636610984802246,-32.0764422416687,-10.657028675079346
2010-02-14,11600,14.51,1.0,1.0,1.0,11.489635,1.1029265580858023,,1.0,35.980289459228516,13.177029609680176,3.6399693489074707,1.7266544103622437,-32.340320110321045,-11.450375199317932
2010-02-21,10600,14.07,0.0,0.0,0.0,0.029876225,2.947543497444609,,0.0,0.21551471948623657,0.14037327468395233,3.792548179626465,1.5351028442382812,3.5770334601402283,1.394729569554329
2010-02-22,11200,14.37,0.0,0.0,0.0,0.14037327,1.2710167211224297,,0.0,0.1799449771642685,0.14037327468395233,3.805232524871826,1.5351028442382812,3.6252875477075577,1.394729569554329
2010-02-23,10100,13.85,0.0,0.0,0.0,0.0096954815,2.12188935663668,,0.0,3.3502063751220703,3.2001376152038574,4.853203296661377,2.583073616027832,1.5029969215393066,-0.6170639991760254
2010-02-26,9880,13.73,1.0,0.0,0.0,4.358739,2.5620357568731027,,1.0,27.400632858276367,11.82513427734375,8.957898139953613,4.281083106994629,-18.442734718322754,-7.544051170349121
2010-03-05,10600,14.06,0.0,0.0,0.0,0.0919391,0.4199258492309028,,0.0,5.948702812194824,5.690858364105225,2.8830296993255615,1.0103552341461182,-3.0656731128692627,-4.6805031299591064
2010-03-07,9970,13.78,0.0,0.0,0.0,0.07557564,1.4840249318527978,,0.0,4.492447853088379,4.250966548919678,5.716425895690918,2.481503486633301,1.223978042602539,-1.769463062286377
2010-03-08,9770,13.67,0.0,0.0,0.0,4.2509665,3.4138896294321515,,0.0,5.689477443695068,4.250966548919678,6.634707450866699,2.481503486633301,0.9452300071716309,-1.769463062286377
2010-03-11,7390,12.45,0.0,0.0,0.0,3.365725,4.011640926760617,,0.0,28.698333740234375,25.074901580810547,6.747255802154541,2.6329307556152344,-21.951077938079834,-22.441970825195312
2010-03-16,7710,12.63,2.0,1.0,1.0,1.8980588,0.3510786787605993,,2.0,16.140932083129883,10.978822708129883,3.4208614826202393,1.5153781175613403,-12.720070600509644,-9.463444590568542
2010-03-17,8510,13.06,2.0,1.0,1.0,10.978823,0.2149049659108992,,2.0,18.837936401367188,10.978822708129883,2.511556386947632,1.5153781175613403,-16.326380014419556,-9.463444590568542
2010-03-23,10800,14.18,0.0,0.0,0.0,4.075293,1.342033235581623,,0.0,19.53810691833496,15.243307113647461,2.228321075439453,0.873386025428772,-17.309785842895508,-14.369921088218689
2010-03-24,10700,14.12,0.0,0.0,0.0,0.21950689,2.096701241426059,,0.0,4.610031604766846,4.075293064117432,2.9283275604248047,1.573392391204834,-1.681704044342041,-2.5019006729125977
2010-03-28,11500,14.46,1.0,0.0,0.0,2.5072985,4.231056111135222,,1.0,33.41469192504883,21.87239646911621,5.5441389083862305,3.4110798835754395,-27.870553016662598,-18.46131658554077
2010-03-29,12200,,1.0,1.0,1.0,21.872396,3.380444077961639,,1.0,52.2403564453125,27.86066246032715,7.374706745147705,3.4110798835754395,-44.865649700164795,-24.44958257675171
2010-04-07,11900,14.63,0.0,0.0,0.0,7.7163677,2.6876204588337167,,0.0,36.03221893310547,17.635408401489258,4.29432487487793,1.556075096130371,-31.73789405822754,-16.079333305358887
2010-04-09,13500,15.29,0.0,0.0,0.0,14.465497,0.5587839108537465,,0.0,35.977264404296875,17.635408401489258,2.299863338470459,1.556075096130371,-33.677401065826416,-16.079333305358887
2010-04-22,14500,15.69,0.0,0.0,0.0,6.6107774,3.4846271485226685,,0.0,15.071892738342285,8.144097328186035,9.038396835327148,3.363771438598633,-6.033495903015137,-4.780325889587402
2010-04-26,11400,14.43,1.0,0.0,0.0,1.060002,2.179856947708001,,1.0,17.581819534301758,9.389673233032227,5.008142471313477,2.899641275405884,-12.573677062988281,-6.490031957626343
2010-04-27,12800,15.01,1.0,0.0,0.0,7.1321435,2.1901832896240587,,1.0,21.910659790039062,13.718514442443848,6.529916286468506,2.899641275405884,-15.380743503570557,-10.818873167037964
2010-05-02,10900,14.21,1.0,1.0,1.0,5.401745,5.183964586187869,,1.0,30.539920806884766,19.486051559448242,5.118200778961182,2.2659451961517334,-25.421720027923584,-17.22010636329651
2010-05-03,15300,15.93,1.0,1.0,1.0,19.486052,2.643107884409119,,1.0,54.32955551147461,29.44175910949707,5.111974716186523,2.2659451961517334,-49.217580795288086,-27.175813913345337
2010-05-06,14400,15.63,0.0,0.0,0.0,4.18071,1.7792997836235918,,0.0,10.56755256652832,5.831475257873535,3.197282314300537,1.3589591979980469,-7.370270252227783,-4.472516059875488
2010-05-09,11200,14.33,0.0,0.0,0.0,0.6711689,1.3187613018957218,,0.0,0.7438840270042419,0.6711689233779907,2.5316314697265625,1.8038512468338013,1.7877474427223206,1.1326823234558105
2010-05-12,11700,14.54,0.0,0.0,0.0,0.0,4.241465531672174,,0.0,0.03217681497335434,0.03217681497335434,3.8006932735443115,1.6532127857208252,3.768516458570957,1.6210359707474709
2010-05-19,23300,18.48,1.0,0.0,0.0,7.322296,3.756913608567432,,1.0,24.197084426879883,14.415188789367676,6.627981185913086,2.5305376052856445,-17.569103240966797,-11.884651184082031
2010-05-20,22800,18.34,1.0,0.0,0.0,14.415189,2.7418943578869928,,1.0,31.4395751953125,14.415188789367676,6.12945032119751,2.5305376052856445,-25.31012487411499,-11.884651184082031
2010-05-26,13300,15.22,0.0,0.0,0.0,0.4755442,1.8547502578123871,,0.0,9.440166473388672,8.132009506225586,6.473283767700195,3.3612358570098877,-2.9668827056884766,-4.770773649215698
2010-05-28,17200,16.6,0.0,0.0,0.0,19.103447,2.547405446402923,,0.0,35.64270782470703,19.10344696044922,6.671440124511719,2.5503883361816406,-28.971267700195312,-16.553058624267578
2010-05-29,20100,17.54,0.0,0.0,0.0,8.407253,2.0526371262237046,,0.0,30.847169876098633,19.10344696044922,7.289621829986572,2.5503883361816406,-23.55754804611206,-16.553058624267578
2010-06-01,20600,17.71,1.0,0.0,0.0,7.1637645,3.633419718566005,,1.0,16.35504913330078,7.163764476776123,6.307491302490234,3.682887077331543,-10.047557830810547,-3.48087739944458
2010-06-02,21400,17.95,1.0,0.0,0.0,6.708666,4.778464657486686,,1.0,36.049076080322266,22.176645278930664,6.959853172302246,3.682887077331543,-29.08922290802002,-18.49375820159912
2010-06-03,29800,20.11,0.0,0.0,0.0,22.176645,3.4638217405591067,,0.0,32.12974548339844,22.176645278930664,8.211718559265137,3.682887077331543,-23.9180269241333,-18.49375820159912
2010-06-07,21600,18.0,0.0,0.0,0.0,13.269008,2.3517464076763,,0.0,19.03235626220703,13.269007682800293,5.340926170349121,2.121431827545166,-13.69143009185791,-11.147575855255127
2010-06-08,25600,19.09,0.0,0.0,0.0,5.442943,3.5969050113768115,,0.0,25.25814437866211,13.269007682800293,6.005165100097656,2.121431827545166,-19.252979278564453,-11.147575855255127
2010-06-12,22100,18.15,0.0,0.0,0.0,0.51282316,4.7626598798459945,,0.0,4.089111328125,3.5568718910217285,8.001498222351074,3.5658600330352783,3.912386894226074,0.008988142013549805
2010-06-16,17600,16.77,0.0,0.0,0.0,9.224355,3.37694134277371,,0.0,14.201712608337402,9.22435474395752,4.890718460083008,2.993142604827881,-9.310994148254395,-6.231212139129639
2010-06-18,16100,16.27,0.0,0.0,0.0,1.26034,2.166276073150519,,0.0,6.082005977630615,4.4352006912231445,5.801833629608154,2.993142604827881,-0.28017234802246094,-1.4420580863952637
2010-06-21,20100,17.57,0.0,0.0,0.0,4.3663673,3.0177877113906577,,0.0,6.7769880294799805,4.366367340087891,4.750467300415039,2.147477149963379,-2.0265207290649414,-2.2188901901245117
2010-06-23,21100,17.85,0.0,0.0,0.0,0.0198389,2.1221644254038714,,0.0,0.27056777477264404,0.22856777906417847,3.6594295501708984,1.5440340042114258,3.3888617753982544,1.3154662251472473
2010-07-02,21000,17.84,0.0,0.0,0.0,2.3190727,2.615349291868422,,0.0,3.7809901237487793,2.319072723388672,4.437172889709473,1.7447407245635986,0.6561827659606934,-0.5743319988250732
2010-07-04,15800,16.14,1.0,0.0,0.0,0.0012514736,3.834523713573022,,1.0,2.7015600204467773,1.6956957578659058,5.070681571960449,2.0303397178649902,2.369121551513672,0.3346439599990845
2010-07-05,14500,15.64,1.0,0.0,0.0,1.6956958,2.442247338694178,,1.0,1.7770494222640991,1.6956957578659058,4.275687217712402,2.0303397178649902,2.4986377954483032,0.3346439599990845
2010-07-10,27300,19.53,1.0,0.0,0.0,0.0,2.5508840019922334,,1.0,0.0,0.0,3.1351442337036133,1.4626576900482178,3.1351442337036133,1.4626576900482178
2010-07-11,28000,19.72,1.0,0.0,0.0,0.0,3.26462400724148,,1.0,0.1581905633211136,0.1581905633211136,3.422745704650879,1.4626576900482178,3.2645551413297653,1.3044671267271042
2010-07-31,14900,15.83,0.0,0.0,0.0,0.028290765,2.378581008888585,,0.0,6.099170684814453,6.0007147789001465,4.691615581512451,1.7832120656967163,-1.407555103302002,-4.21750271320343
2010-08-08,12500,14.9,0.0,0.0,0.0,5.7307644,2.0654089142120244,,0.0,8.804483413696289,5.730764389038086,4.099442481994629,1.515364408493042,-4.70504093170166,-4.215399980545044
2010-08-09,13300,15.22,0.0,0.0,0.0,1.4645953,2.190125010591491,,0.0,10.272359848022461,5.730764389038086,4.576449394226074,1.9923710823059082,-5.695910453796387,-3.7383933067321777
2010-08-12,12000,14.7,0.0,0.0,0.0,0.021825148,2.873710369741196,,0.0,0.1454872339963913,0.11702750623226166,4.428431034088135,1.656206727027893,4.2829438000917435,1.5391792207956314
2010-08-18,11700,14.57,0.0,0.0,0.0,0.05495088,2.8932328123353157,,0.0,0.9898625612258911,0.8799607753753662,3.7872674465179443,2.1567270755767822,2.7974048852920532,1.276766300201416
2010-08-21,10100,13.85,0.0,0.0,0.0,0.030500984,2.207846176420138,,0.0,1.1332435607910156,0.8137229681015015,2.3293375968933105,0.9397857189178467,1.196094036102295,0.12606275081634521
2010-08-23,8580,13.08,0.0,0.0,0.0,1.5692023,2.4644809962821284,,0.0,2.382925271987915,1.5692023038864136,4.458130836486816,2.0564448833465576,2.0752055644989014,0.48724257946014404
2010-08-24,9450,13.54,0.0,0.0,0.0,0.0,1.3409211807084005,,0.0,1.5916796922683716,1.5692023038864136,4.06139612197876,2.0564448833465576,2.469716429710388,0.48724257946014404
2010-08-29,8270,12.92,0.0,0.0,0.0,0.27565226,1.6296322014387896,,0.0,5.540815353393555,4.057394981384277,3.6402907371520996,1.870041847229004,-1.900524616241455,-2.1873531341552734
2010-08-30,8040,12.8,0.0,0.0,0.0,1.2077682,2.818382074857557,,0.0,5.332648754119873,3.8492281436920166,6.465758323669434,3.393158197402954,1.1331095695495605,-0.4560699462890625
2010-08-31,7650,12.59,2.0,0.0,0.0,3.8492281,3.0733007632073317,,2.0,33.579078674316406,28.52208137512207,6.8671345710754395,3.393158197402954,-26.711944103240967,-25.128923177719116
2010-09-01,9380,13.49,2.0,0.0,0.0,28.522081,3.0029292447078717,,2.0,32.928260803222656,28.52208137512207,6.2881669998168945,3.393158197402954,-26.64009380340576,-25.128923177719116
2010-09-03,6410,11.85,0.0,0.0,0.0,0.16724952,1.3268908136124942,,0.0,0.7315441370010376,0.5569508075714111,1.8472951650619507,1.2910740375518799,1.115751028060913,0.7341232299804688
2010-09-09,8880,13.25,0.0,0.0,0.0,7.1326303,3.3709284759206333,,0.0,15.448461532592773,7.132630348205566,6.944452285766602,3.4789347648620605,-8.504009246826172,-3.653695583343506
2010-09-11,9880,13.74,1.0,1.0,1.0,1.4208153,1.633516850286952,,1.0,7.385120391845703,3.027827262878418,5.087878227233887,3.4789347648620605,-2.2972421646118164,0.4511075019836426
2010-09-12,9550,13.59,1.0,1.0,1.0,2.9364774,0.6420830414215124,,1.0,20.764286041259766,16.406993865966797,2.486807346343994,0.9081902503967285,-18.27747869491577,-15.498803615570068
2010-09-13,11400,14.45,0.0,1.0,1.0,16.406994,1.2770554208800136,,1.0,19.670129776000977,16.406993865966797,2.660926342010498,1.0823091268539429,-17.00920343399048,-15.324684739112854
2010-09-24,13800,15.4,4.0,4.0,4.0,11.223923,1.3447035312547146,,4.0,14.294504165649414,11.223922729492188,6.492681503295898,3.0021438598632812,-7.801822662353516,-8.221778869628906
2010-09-25,13700,15.38,4.0,4.0,4.0,2.0385895,1.8542397996193265,,4.0,20.044994354248047,11.223922729492188,4.51082181930542,1.9171077013015747,-15.534172534942627,-9.306815028190613
2010-09-26,12400,14.88,4.0,4.0,4.0,6.7824817,3.3101471648903966,,4.0,20.941699981689453,12.120628356933594,3.374526262283325,1.9171077013015747,-17.567173719406128,-10.203520655632019
2010-09-27,14900,15.84,3.0,2.0,2.0,12.120628,3.422983018481893,,3.0,30.9781494140625,12.120628356933594,1.6828670501708984,1.0202840566635132,-29.2952823638916,-11.10034430027008
2010-09-28,16400,16.35,3.0,2.0,2.0,12.075039,1.1284577342682778,,3.0,32.98373794555664,12.120628356933594,0.6789644956588745,0.43713444471359253,-32.304773449897766,-11.683493912220001
2010-10-02,10400,13.98,0.0,0.0,0.0,0.21466012,0.5276558809123769,,0.0,0.6627622842788696,0.4311041533946991,0.9312025308609009,0.6533076763153076,0.26844024658203125,0.22220352292060852
2010-10-08,6540,11.94,4.0,4.0,4.0,0.37213558,0.6178728566439132,,4.0,6.516624450683594,6.14448881149292,3.6525840759277344,1.732666254043579,-2.8640403747558594,-4.411822557449341
2010-10-09,6480,11.9,4.0,4.0,4.0,6.144489,1.3179586218868766,,4.0,55.3158073425293,48.7991828918457,4.17624568939209,1.732666254043579,-51.13956165313721,-47.066516637802124
2010-10-10,17400,16.02,4.0,4.0,4.0,48.799183,0.9387105040722992,,4.0,74.8111343383789,48.7991828918457,3.8005447387695312,1.732666254043579,-71.01058959960938,-47.066516637802124
2010-10-12,17000,16.74,0.0,0.0,0.0,1.6226956,0.5971228344276152,,0.0,21.78313636779785,19.867460250854492,1.8301624059677124,0.7504836916923523,-19.95297396183014,-19.11697655916214
2010-10-20,10800,14.55,0.0,0.0,0.0,0.0045284876,0.9012656056576128,,0.0,0.039697449654340744,0.03516896069049835,2.578545331954956,1.1139957904815674,2.5388478823006153,1.078826829791069
2010-10-21,11200,14.75,0.0,0.0,0.0,0.0,1.459934611752112,,0.0,1.9793674945831299,1.9748389720916748,3.867356777191162,1.9965239763259888,1.8879892826080322,0.021685004234313965
2010-10-23,9880,14.14,2.0,1.0,1.0,2.1487641,4.878172642334137,,2.0,15.998052597045898,11.874449729919434,7.896393775939941,4.274296760559082,-8.101658821105957,-7.600152969360352
2010-10-24,11600,14.91,2.0,1.0,1.0,11.87445,6.980033024785123,,2.0,39.83781433105469,25.814598083496094,9.849226951599121,4.274296760559082,-29.988587379455566,-21.54030132293701
2010-10-27,16100,16.67,0.0,0.0,0.0,5.5496716,2.207132568266033,,0.0,38.92189025878906,32.370262145996094,5.707425117492676,2.6511664390563965,-33.21446514129639,-29.719095706939697
2010-10-31,13700,15.8,3.0,3.0,3.0,13.289034,0.4867898792880039,,3.0,29.820106506347656,14.756856918334961,5.494345664978027,2.4941599369049072,-24.32576084136963,-12.262696981430054
2010-11-01,15700,16.5,3.0,3.0,3.0,14.756857,1.9896802713074968,,3.0,71.08404541015625,43.03815460205078,4.666139125823975,2.4941599369049072,-66.41790628433228,-40.543994665145874
2010-11-02,29000,20.33,3.0,3.0,3.0,43.038155,1.612289435995363,,3.0,58.89243698120117,43.03815460205078,3.2385873794555664,2.4941599369049072,-55.653849601745605,-40.543994665145874
2010-11-04,15600,16.44,0.0,0.0,1.0,0.21124361,2.101290611909176,,1.0,1.5553497076034546,1.0974243879318237,0.7554872632026672,0.5121102929115295,-0.7998624444007874,-0.5853140950202942
2010-11-05,13900,15.87,0.0,0.0,1.0,0.2466817,0.3549726274543842,,1.0,9.34269905090332,8.884774208068848,1.554750919342041,0.8333423137664795,-7.787948131561279,-8.051431894302368
2010-11-06,13600,15.74,1.0,0.0,0.0,8.884774,0.9837763159798216,,1.0,32.37062454223633,23.239168167114258,4.07923698425293,2.7337841987609863,-28.2913875579834,-20.50538396835327
2010-11-07,19400,17.72,1.0,0.0,0.0,23.239168,1.9675956179127427,,1.0,43.63544845581055,23.239168167114258,5.1829071044921875,2.7337841987609863,-38.45254135131836,-20.50538396835327
2010-11-13,10700,14.53,3.0,3.0,3.0,3.0805109,1.0751785053701444,,3.0,17.607139587402344,7.3995680809021,3.5783114433288574,1.4587866067886353,-14.028828144073486,-5.940781474113464
2010-11-14,11200,14.76,3.0,3.0,3.0,7.399568,1.532155352887809,,3.0,17.26430892944336,7.3995680809021,3.810558795928955,1.4587866067886353,-13.453750133514404,-5.940781474113464
2010-11-15,13000,15.51,3.0,3.0,3.0,6.7842307,3.4396039092417734,,3.0,50.47362518310547,36.289825439453125,4.789997100830078,2.4382247924804688,-45.68362808227539,-33.851600646972656
2010-11-16,25500,19.41,3.0,3.0,3.0,36.289825,3.702852159320823,,3.0,55.427940368652344,36.289825439453125,6.16251277923584,2.4382247924804688,-49.265427589416504,-33.851600646972656
2010-11-25,11500,14.87,0.0,0.0,0.0,2.2308898,3.876798538477595,,0.0,13.180371284484863,8.830455780029297,3.9196934700012207,1.780112624168396,-9.260677814483643,-7.050343155860901
2010-11-29,11000,14.68,1.0,1.0,1.0,0.9645206,5.05939852731778,,1.0,20.287067413330078,12.832723617553711,5.855497360229492,2.7961227893829346,-14.431570053100586,-10.036600828170776
2010-11-30,11400,14.86,1.0,1.0,1.0,12.832724,5.986328606945125,,1.0,48.830074310302734,35.03282928466797,6.164478302001953,2.7961227893829346,-42.66559600830078,-32.236706495285034
2010-12-02,12800,15.43,0.0,0.0,0.0,5.2781396,1.1482312726942066,,0.0,42.80020523071289,35.03282928466797,4.043928623199463,1.539486050605774,-38.75627660751343,-33.493343234062195
2010-12-07,10000,14.22,2.0,2.0,2.0,1.000501,0.737247741687488,,2.0,15.827716827392578,14.286803245544434,5.030823230743408,2.5853047370910645,-10.79689359664917,-11.70149850845337
2010-12-08,12100,15.11,2.0,2.0,2.0,14.286803,0.9436547153317256,,2.0,48.22770309448242,32.940399169921875,5.967371463775635,2.5853047370910645,-42.26033163070679,-30.35509443283081
2010-12-11,17900,17.28,3.0,3.0,2.0,11.16356,5.160217533722275,,3.0,89.65367126464844,50.13742446899414,7.533095359802246,3.7615668773651123,-82.12057590484619,-46.37585759162903
2010-12-12,37500,21.68,3.0,3.0,2.0,50.137424,3.7332351682962064,,3.0,145.42398071289062,84.12300109863281,7.35979700088501,3.7615668773651123,-138.06418371200562,-80.3614342212677
2010-12-13,83500,29.25,3.0,0.0,0.0,84.123,1.8355390500517688,,3.0,151.4222869873047,84.12300109863281,8.952788352966309,3.7615668773651123,-142.46949863433838,-80.3614342212677
2010-12-14,56700,26.76,0.0,0.0,0.0,17.161863,1.611249506591524,,0.0,118.76972961425781,84.12300109863281,7.503990173339844,3.182145118713379,-111.26573944091797,-80.94085597991943
2010-12-23,8890,15.06,3.0,3.0,3.0,3.9709003,0.8889342170253309,,3.0,17.99518394470215,11.31502628326416,8.606611251831055,3.688861608505249,-9.388572692871094,-7.626164674758911
2010-12-24,9210,15.22,3.0,3.0,3.0,11.315026,1.6080553196150276,,3.0,32.738548278808594,17.452619552612305,8.031951904296875,3.114201068878174,-24.70659637451172,-14.33841848373413
2010-12-25,9970,15.59,3.0,3.0,3.0,17.45262,1.911053383180506,,3.0,39.8613395690918,17.452619552612305,8.174019813537598,3.114201068878174,-31.6873197555542,-14.33841848373413
2010-12-26,10300,15.72,3.0,3.0,3.0,11.093694,1.453018833220702,,3.0,40.04010772705078,17.452619552612305,6.9315185546875,3.114201068878174,-33.10858917236328,-14.33841848373413
2011-01-05,8700,14.95,2.0,2.0,2.0,1.268613,1.706063499345911,,2.0,18.79984474182129,17.376638412475586,4.238572120666504,2.099175214767456,-14.561272621154785,-15.27746319770813
2011-01-06,8440,14.82,2.0,2.0,2.0,17.376638,0.6700557370747646,,2.0,41.752357482910156,23.10710334777832,5.156491279602051,2.099175214767456,-36.595866203308105,-21.007928133010864
2011-01-07,13200,16.95,2.0,2.0,2.0,23.107103,0.972506349727928,,2.0,57.88768768310547,23.10710334777832,4.091632843017578,1.6470528841018677,-53.79605484008789,-21.460050463676453
2011-01-12,10100,15.65,1.0,1.0,0.0,16.104073,2.1266605907675267,,1.0,46.00975036621094,28.700639724731445,7.434269428253174,3.3689260482788086,-38.575480937957764,-25.331713676452637
2011-01-14,28700,21.59,1.0,1.0,1.0,47.90892,1.0870159688682504,,1.0,109.97420501708984,47.90892028808594,9.408814430236816,3.3689260482788086,-100.56539058685303,-44.53999423980713
2011-01-15,38600,23.82,2.0,2.0,2.0,33.364647,1.6285796655775515,,2.0,122.24531555175781,47.90892028808594,11.644317626953125,5.604429244995117,-110.60099792480469,-42.30449104309082
2011-01-16,41000,24.23,2.0,2.0,2.0,40.971745,4.335920137059058,,2.0,145.43292236328125,71.09652709960938,11.142318725585938,5.604429244995117,-134.2906036376953,-65.49209785461426
2011-01-17,74700,29.21,2.0,2.0,2.0,71.09653,2.7711171594551534,,2.0,127.3694839477539,71.09652709960938,8.823114395141602,5.604429244995117,-118.5463695526123,-65.49209785461426
2011-01-18,70300,28.59,0.0,0.0,0.0,15.301215,2.1568148235405964,,0.0,90.93045043945312,71.09652709960938,3.8246231079101562,2.7646126747131348,-87.10582733154297,-68.33191442489624
2011-01-20,26000,20.99,1.0,0.0,0.0,2.177507,1.1803733991349077,,1.0,20.4805965423584,13.7703857421875,4.130815029144287,1.8279430866241455,-16.34978151321411,-11.942442655563354
2011-01-21,24800,20.69,1.0,0.0,0.0,13.770386,1.6745353693795353,,1.0,39.973724365234375,24.025833129882812,4.766407012939453,1.8279430866241455,-35.20731735229492,-22.197890043258667
2011-01-22,26100,21.02,0.0,0.0,0.0,24.025833,0.6840464248293479,,0.0,41.9062614440918,24.025833129882812,3.8199963569641113,1.6969342231750488,-38.086265087127686,-22.328898906707764
2011-01-23,22200,19.96,0.0,0.0,0.0,4.110043,0.2594842925607435,,0.0,33.07059097290039,24.025833129882812,3.919403076171875,1.7963409423828125,-29.151187896728516,-22.2294921875
2011-01-25,22200,19.99,0.0,0.0,0.0,18.471025,2.078775892320188,,0.0,24.880943298339844,18.471025466918945,3.5504238605499268,1.7963409423828125,-21.330519437789917,-16.674684524536133
2011-02-03,12800,16.8,1.0,1.0,1.0,0.6767171,0.6519960568654561,,1.0,21.12209129333496,19.803709030151367,3.338496685028076,1.9274981021881104,-17.783594608306885,-17.876210927963257
2011-02-04,14900,17.61,1.0,1.0,1.0,19.803709,2.723069817041037,,1.0,43.00214385986328,22.52171516418457,4.127456188201904,1.9274981021881104,-38.87468767166138,-20.59421706199646
2011-02-05,21600,19.8,1.0,1.0,1.0,22.521715,1.9121464250360112,,1.0,45.13962936401367,22.52171516418457,5.025063991546631,1.986900806427002,-40.11456537246704,-20.53481435775757
2011-02-06,18600,18.9,1.0,1.0,1.0,2.8142064,0.8852049789306832,,1.0,45.3968620300293,22.52171516418457,5.030509948730469,1.986900806427002,-40.36635208129883,-20.53481435775757
2011-02-07,19400,19.14,0.0,0.0,1.0,20.06094,2.3177292256948534,,1.0,36.30823516845703,20.06093978881836,4.803486347198486,1.986900806427002,-31.504748821258545,-18.074038982391357
2011-02-11,13700,17.18,0.0,2.0,2.0,0.37328488,0.1340843475331642,,2.0,8.047626495361328,7.265302658081055,2.3330085277557373,1.708021640777588,-5.714617967605591,-5.557281017303467
2011-02-12,13300,17.03,1.0,2.0,2.0,7.2653027,0.4601373483866834,,2.0,27.906349182128906,20.26776123046875,3.582857370376587,1.708021640777588,-24.32349181175232,-18.559739589691162
2011-02-13,15200,17.76,1.0,2.0,2.0,20.267761,0.3609468482823185,,2.0,37.57772445678711,20.26776123046875,5.3519744873046875,2.3105735778808594,-32.22574996948242,-17.95718765258789
2011-02-14,15100,17.71,1.0,0.0,0.0,10.0446615,0.9993242112180936,,1.0,50.48339080810547,20.26776123046875,6.211730480194092,2.5677778720855713,-44.27166032791138,-17.69998335838318
2011-02-15,16800,18.3,1.0,0.0,0.0,20.170969,1.7865673029827704,,1.0,39.86567306518555,20.170969009399414,7.701236724853516,2.822885513305664,-32.16443634033203,-17.34808349609375
2011-02-19,12800,16.82,0.0,0.0,0.0,1.720051,2.511080662727666,,0.0,7.85037088394165,3.6189489364624023,6.841183662414551,2.6357240676879883,-1.0091872215270996,-0.9832248687744141
2011-02-24,11600,16.31,0.0,0.0,0.0,15.587346,6.271432114226903,,0.0,33.94097900390625,15.587346076965332,3.444187641143799,1.485041856765747,-30.49679136276245,-14.102304220199585
2011-02-26,10800,15.98,0.0,0.0,0.0,3.0963318,1.141446311991221,,0.0,13.302536010742188,6.069077014923096,5.012406826019287,1.809208631515503,-8.2901291847229,-4.259868383407593
2011-02-28,11000,16.06,0.0,0.0,0.0,22.009167,5.29975737736087,,0.0,41.39482116699219,22.009166717529297,5.063053131103516,1.809208631515503,-36.33176803588867,-20.199958086013794
2011-03-05,9080,15.14,0.0,0.0,0.0,15.080604,5.400582583662445,,0.0,33.905548095703125,15.08060359954834,4.056736946105957,1.5979745388031006,-29.848811149597168,-13.48262906074524
2011-03-09,8560,14.88,1.0,1.0,0.0,12.310931,5.847689401689266,,1.0,46.066890716552734,32.32339859008789,7.901386737823486,2.8219852447509766,-38.16550397872925,-29.501413345336914
2011-03-13,12200,16.58,2.0,2.0,0.0,12.954584,1.466097929441038,,2.0,52.26038360595703,30.890867233276367,5.8439483642578125,2.316627264022827,-46.41643524169922,-28.57423996925354
2011-03-14,16000,18.03,2.0,2.0,0.0,30.890867,2.428280210548505,,2.0,60.465911865234375,30.890867233276367,7.375185966491699,3.0500125885009766,-53.090725898742676,-27.84085464477539
2011-03-15,15600,17.84,1.0,0.0,0.0,16.620462,2.791890121290653,,1.0,76.37689208984375,30.890867233276367,7.905973434448242,3.0500125885009766,-68.47091865539551,-27.84085464477539
2011-03-17,15100,17.69,0.0,0.0,0.0,20.333868,0.6864935242074982,,0.0,53.32096862792969,28.865562438964844,6.334625244140625,2.84741473197937,-46.98634338378906,-26.018147706985474
2011-03-26,8740,14.97,0.0,0.0,0.0,5.6804967,3.3238456308291955,,0.0,13.823356628417969,5.680496692657471,5.2574310302734375,1.9178886413574219,-8.565925598144531,-3.762608051300049
2011-03-29,7850,14.5,3.0,2.0,2.0,7.772283,1.5088245201796318,,3.0,34.173500061035156,21.684898376464844,4.436718940734863,2.1046254634857178,-29.736781120300293,-19.580272912979126
2011-03-30,12000,16.22,3.0,2.0,2.0,21.684898,3.916406374320853,,3.0,98.970458984375,69.51327514648438,5.325672626495361,2.1046254634857178,-93.64478635787964,-67.40864968299866
2011-03-31,29700,21.42,3.0,2.0,2.0,69.513275,2.049380940276392,,3.0,131.02996826171875,69.51327514648438,4.680975914001465,2.1046254634857178,-126.34899234771729,-67.40864968299866
2011-04-04,15600,17.39,1.0,0.0,0.0,8.058402,5.716138952093395,,1.0,53.76185989379883,35.86577606201172,4.794797897338867,1.643758773803711,-48.96706199645996,-34.22201728820801
2011-04-05,15900,17.5,1.0,0.0,0.0,35.865776,2.5431977829168035,,1.0,63.39765930175781,35.86577606201172,4.512584209442139,1.643758773803711,-58.885075092315674,-34.22201728820801
2011-04-10,9690,14.95,0.0,0.0,0.0,1.4885716,1.94443280241548,,0.0,23.573265075683594,21.679203033447266,4.5743408203125,1.9423884153366089,-18.998924255371094,-19.736814618110657
2011-04-11,11000,15.55,0.0,0.0,0.0,21.679203,3.595175240091015,,0.0,34.344383239746094,21.679203033447266,3.729973316192627,1.9423884153366089,-30.614409923553467,-19.736814618110657
2011-04-17,10100,15.14,0.0,0.0,0.0,8.963167,1.7518301062869026,,0.0,20.21265983581543,8.963167190551758,4.348996162414551,1.907228946685791,-15.863663673400879,-7.055938243865967
2011-04-21,8110,14.14,0.0,0.0,0.0,1.6886778,3.123394278321647,,0.0,9.620811462402344,5.42112398147583,2.8972508907318115,1.2749223709106445,-6.723560571670532,-4.1462016105651855
2011-04-22,6710,13.34,0.0,0.0,0.0,5.421124,3.952882228821669,,0.0,8.43673324584961,5.42112398147583,2.7832789421081543,1.2749223709106445,-5.653454303741455,-4.1462016105651855
2011-04-27,8750,14.48,0.0,0.0,0.0,4.828391,6.21662399070842,,0.0,30.287689208984375,14.00568675994873,3.3528358936309814,1.4153649806976318,-26.934853315353394,-12.590321779251099
2011-05-01,8100,14.13,0.0,0.0,0.0,0.32590765,3.2004238662971525,,0.0,1.5323576927185059,1.179273247718811,3.6501808166503906,1.6080260276794434,2.1178231239318848,0.4287527799606323
2011-05-09,13500,16.59,0.0,0.0,0.0,1.0513753,2.681573905873163,,0.0,11.602519035339355,10.50410270690918,5.1691575050354,2.661259412765503,-6.433361530303955,-7.842843294143677
2011-05-12,14300,16.91,0.0,0.0,0.0,18.662363,2.915027310546645,,0.0,21.50664710998535,18.662363052368164,5.702698707580566,3.1074867248535156,-15.803948402404785,-15.554876327514648
2011-05-20,15100,17.23,0.0,0.0,0.0,0.0,5.970858830410082,,0.0,0.10247740894556046,0.10247740894556046,7.695697784423828,2.7732090950012207,7.593220375478268,2.6707316860556602
2011-05-31,13400,16.57,0.0,0.0,0.0,2.2377918,1.2329640261304995,,0.0,8.736669540405273,4.4133687019348145,6.7551350593566895,3.231194496154785,-1.981534481048584,-1.1821742057800293
2011-06-01,17400,18.01,0.0,0.0,0.0,4.4133687,1.1896982510090333,,0.0,12.387075424194336,5.735915184020996,5.432823657989502,2.241612434387207,-6.954251766204834,-3.494302749633789
2011-06-09,31100,20.63,0.0,0.0,0.0,4.4036994,2.8795384796612384,,0.0,10.059530258178711,5.586211681365967,3.5271129608154297,1.4079691171646118,-6.532417297363281,-4.178242564201355
2011-06-11,27000,19.68,0.0,0.0,0.0,0.059493124,2.73697825282767,,0.0,0.2817426323890686,0.15263064205646515,2.205089807510376,0.9148745536804199,1.9233471751213074,0.7622439116239548
2011-06-13,25600,19.29,0.0,0.0,0.0,0.6742023,1.4925905029976505,,0.0,10.52799129486084,9.70115852355957,4.653853893280029,2.1024038791656494,-5.8741374015808105,-7.598754644393921
2011-06-17,25800,19.34,0.0,0.0,0.0,0.22042045,2.5868719245927183,,0.0,4.404430389404297,2.440143346786499,5.382824420928955,2.2039661407470703,0.9783940315246582,-0.2361772060394287
2011-06-20,25900,19.38,0.0,0.0,0.0,0.82992136,4.005932681517487,,0.0,7.927304267883301,6.899966716766357,5.910929203033447,2.590550422668457,-2.0163750648498535,-4.3094162940979
2011-06-26,25400,19.24,0.0,0.0,0.0,0.13339686,2.9606562797724227,,0.0,2.384153127670288,2.198261260986328,3.0440943241119385,1.1130832433700562,0.6599411964416504,-1.085178017616272
2011-06-27,24200,18.91,1.0,1.0,1.0,0.052495092,2.3117159455153047,,1.0,0.2051689624786377,0.13339686393737793,3.3730392456054688,1.1622694730758667,3.167870283126831,1.0288726091384888
2011-06-28,28200,19.81,1.0,1.0,1.0,0.019277014,3.0566238667104795,,1.0,1.9047760963439941,1.8330039978027344,3.2560207843780518,1.1622694730758667,1.3512446880340576,-0.6707345247268677
2011-06-29,33700,20.95,0.0,0.0,0.0,1.833004,1.3006123431684369,,0.0,13.28181266784668,11.429532051086426,2.940013885498047,1.1622694730758667,-10.341798782348633,-10.267262578010559
2011-07-12,24500,18.62,0.0,0.0,0.0,0.3513045,2.564216880666448,,0.0,7.66660737991333,7.258035659790039,5.449465751647949,2.2772722244262695,-2.217141628265381,-4.9807634353637695
2011-07-14,27300,19.33,0.0,0.0,0.0,6.538466,2.328094006972817,,0.0,19.887800216674805,7.258035659790039,5.658754348754883,2.5811665058135986,-14.229045867919922,-4.67686915397644
2011-07-15,27300,19.34,0.0,0.0,0.0,6.0912986,2.564761231630222,,0.0,13.768362045288086,6.538465976715088,4.5536298751831055,2.5811665058135986,-9.21473217010498,-3.9572994709014893
2011-07-16,30100,20.0,0.0,0.0,0.0,1.1385971,1.7620355502098666,,0.0,14.181676864624023,6.951781749725342,3.23793888092041,1.2654751539230347,-10.943737983703613,-5.686306595802307
2011-07-18,31600,20.36,0.0,0.0,0.0,1.9675876,1.4798028019401546,,0.0,9.054566383361816,6.951781749725342,2.8448476791381836,1.2654751539230347,-6.209718704223633,-5.686306595802307
2011-07-22,35800,21.28,0.0,0.0,0.0,9.93501,2.067690889664565,,0.0,11.651363372802734,9.935009956359863,3.3295974731445312,1.5362299680709839,-8.321765899658203,-8.39877998828888
2011-07-23,32000,20.45,0.0,0.0,0.0,0.082223974,2.7876076457130807,,0.0,10.018534660339355,9.935009956359863,3.6698458194732666,1.5362299680709839,-6.348688840866089,-8.39877998828888
2011-08-05,24800,18.69,0.0,0.0,0.0,0.0,2.134122993558307,,0.0,0.0,0.0,3.4334585666656494,1.307060956954956,3.4334585666656494,1.307060956954956
2011-08-08,21900,17.91,0.0,0.0,0.0,0.0,2.3522328929339773,,0.0,0.12370727211236954,0.12370727211236954,2.073448419570923,1.068780541419983,1.9497411474585533,0.9450732693076134
2011-08-14,18800,16.98,0.0,0.0,0.0,0.0,2.4751826386348657,,0.0,0.10485068708658218,0.1039666011929512,3.3463332653045654,1.3393447399139404,3.2414825782179832,1.2353781387209892
2011-08-21,15400,15.83,0.0,3.0,2.0,0.0,2.3441463671703047,,3.0,0.011123771779239178,0.011123771779239178,3.0982799530029297,1.3189480304718018,3.0871561812236905,1.3078242586925626
2011-08-22,16000,16.05,2.0,3.0,2.0,0.011123772,1.1380898943744202,,3.0,12.38034725189209,12.369223594665527,2.7480640411376953,1.3189480304718018,-9.632283210754395,-11.050275564193726
2011-08-23,16900,16.35,2.0,3.0,2.0,12.369224,1.4545136284071016,,3.0,13.503382682800293,12.369223594665527,2.007539749145508,1.3189480304718018,-11.495842933654785,-11.050275564193726
2011-08-24,17500,16.54,0.0,0.0,0.0,1.1230353,1.435231535156516,,0.0,13.496785163879395,12.369223594665527,1.1931583881378174,0.5045669078826904,-12.303626775741577,-11.864656686782837
2011-08-26,15900,15.99,0.0,0.0,0.0,0.008506876,1.0500308961537903,,0.0,0.01450098305940628,0.008506876416504383,1.6184942722320557,0.6709284782409668,1.6039932891726494,0.6624216018244624
2011-08-27,14400,15.44,0.0,0.0,0.0,0.0014675836,3.737973956298992,,0.0,0.009974460117518902,0.008506876416504383,1.8029154539108276,0.6889880895614624,1.7929409937933087,0.680481213144958
2011-09-01,11100,14.09,0.0,0.0,0.0,0.15414341,1.0729624554899055,,0.0,1.1393418312072754,0.9391001462936401,3.3469717502593994,1.5923068523406982,2.207629919052124,0.6532067060470581
2011-09-04,11300,14.2,0.0,0.0,0.0,0.098159134,4.570326879240472,,0.0,0.09815913438796997,0.09815913438796997,2.3533549308776855,0.8676005601882935,2.2551957964897156,0.7694414258003235
2011-09-11,12100,14.53,0.0,0.0,0.0,0.0013575638,0.736412822213818,,0.0,0.0013575637713074684,0.0013575637713074684,2.0419583320617676,0.8794173002243042,2.04060076829046,0.8780597364529967
2011-09-14,11300,14.19,0.0,0.0,0.0,0.26659527,2.3289256198347106,,0.0,0.5473988056182861,0.2797681987285614,4.474725723266602,2.3686037063598633,3.9273269176483154,2.088835507631302
2011-09-21,8230,12.71,4.0,4.0,4.0,0.0,1.3960233860117923,,4.0,2.5953774452209473,2.207200527191162,3.5316615104675293,1.4318238496780396,0.936284065246582,-0.7753766775131226
2011-09-22,8060,12.62,4.0,4.0,4.0,2.2072005,2.4427945829432565,,4.0,,,4.087347030639648,1.5376207828521729,,
2011-09-23,9090,13.14,4.0,4.0,4.0,14.929816,2.740927173942246,,4.0,,,4.221413612365723,1.5658900737762451,,
2011-09-24,11900,14.44,4.0,4.0,4.0,0.13834184,0.858215793617826,,4.0,,,4.731307029724121,1.627795934677124,,
2011-09-25,11000,14.04,3.0,3.0,3.0,0.77451473,2.412553344947807,,3.0,,,4.911218643188477,1.7175326347351074,,
2011-09-26,8950,13.08,4.0,4.0,3.0,13.25308,3.01738141146857,,4.0,55.66718292236328,41.63958740234375,4.694505214691162,1.7175326347351074,-50.97267770767212,-39.92205476760864
2011-09-27,17300,16.42,4.0,4.0,3.0,41.639587,1.7660233240128211,,4.0,70.71878051757812,41.63958740234375,3.287611722946167,1.7175326347351074,-67.43116879463196,-39.92205476760864
2011-09-29,13300,15.04,0.0,0.0,0.0,0.39155796,2.046818316149285,,0.0,16.310840606689453,15.8261137008667,1.0907930135726929,0.7187187671661377,-15.22004759311676,-15.107394933700562
2011-10-02,8370,12.83,2.0,2.0,0.0,7.395403,1.0634497467342043,,2.0,11.487725257873535,7.395402908325195,3.7804086208343506,1.9505703449249268,-7.707316637039185,-5.4448325634002686
2011-10-03,8250,12.78,2.0,2.0,0.0,3.9701788,1.0645057958704554,,2.0,21.055130004882812,9.68954849243164,6.498540878295898,3.5305166244506836,-14.556589126586914,-6.159031867980957
2011-10-10,8350,12.87,1.0,1.0,0.0,2.9094205,2.458203807150135,,1.0,25.966535568237305,20.407201766967773,7.302939414978027,2.5456480979919434,-18.663596153259277,-17.86155366897583
2011-10-11,10800,13.92,1.0,1.0,0.0,20.407202,2.5502588457031616,,1.0,64.90506744384766,41.58844757080078,6.0990891456604,2.5456480979919434,-58.805978298187256,-39.04279947280884
2011-10-12,25600,19.0,1.0,1.0,0.0,41.588448,3.14623469917066,,1.0,69.76095581054688,41.58844757080078,3.99787974357605,2.540966510772705,-65.76307606697083,-39.047481060028076
2011-10-22,13000,14.99,1.0,0.0,0.0,22.100039,0.8137970443023979,,1.0,56.406803131103516,27.692434310913086,2.1841001510620117,0.801193118095398,-54.222702980041504,-26.891241192817688
2011-10-23,20300,17.5,1.0,0.0,0.0,27.692434,0.9565577344749412,,1.0,51.90119171142578,27.692434310913086,1.7743895053863525,0.7684789299964905,-50.12680220603943,-26.923955380916595
2011-10-25,13500,15.21,0.0,0.0,0.0,2.1278348,0.8521537409145675,,0.0,4.584391117095947,2.1278347969055176,3.8533191680908203,2.243496894836426,-0.731071949005127,0.1156620979309082
2011-10-28,11300,14.3,1.0,1.0,1.0,0.47412768,1.5674141675914848,,1.0,20.791641235351562,18.41417694091797,2.9245352745056152,1.1708064079284668,-17.867105960845947,-17.243370532989502
2011-10-30,12300,14.73,1.0,1.0,0.0,3.643943,0.6326007121615115,,1.0,40.91461944580078,18.856496810913086,2.3127102851867676,0.9051688313484192,-38.601909160614014,-17.951327979564667
2011-11-02,12900,14.96,1.0,1.0,0.0,0.08233006,1.7771114266169852,,1.0,14.402935028076172,9.076373100280762,2.920936107635498,1.4873180389404297,-11.481998920440674,-7.589055061340332
2011-11-03,14300,15.53,0.0,0.0,0.0,9.076373,2.564314839040339,,0.0,13.898384094238281,9.076373100280762,3.300344228744507,1.4873180389404297,-10.598039865493774,-7.589055061340332
2011-11-05,13100,15.06,0.0,0.0,0.0,0.15847743,1.2551714374874712,,0.0,4.898159027099609,4.739681720733643,5.046209335327148,2.4255149364471436,0.14805030822753906,-2.314166784286499
2011-11-07,12100,14.64,0.0,0.0,0.0,0.26392537,2.488634555333048,,0.0,11.838615417480469,11.574689865112305,4.489052772521973,1.7711132764816284,-7.349562644958496,-9.803576588630676
2011-11-13,9820,13.62,0.0,0.0,0.0,18.422592,1.0744460908615583,,0.0,63.569942474365234,25.589746475219727,4.6770219802856445,2.482898712158203,-58.89292049407959,-23.106847763061523
2011-11-17,11800,14.5,0.0,0.0,0.0,33.497845,1.6253383593832345,,0.0,51.43293380737305,33.49784469604492,6.182831287384033,2.5944032669067383,-45.250102519989014,-30.903441429138184
2011-11-20,10300,13.86,0.0,0.0,0.0,0.047559913,1.848460875549466,,0.0,11.86146068572998,10.209861755371094,5.281347274780273,2.661595344543457,-6.580113410949707,-7.548266410827637
2011-11-21,10800,14.08,1.0,1.0,1.0,1.6040393,3.52559751508125,,1.0,29.679445266723633,28.02784538269043,7.3800153732299805,3.3858888149261475,-22.299429893493652,-24.641956567764282
2011-11-22,12900,14.96,1.0,1.0,1.0,28.027845,6.855573604144838,,1.0,106.39117431640625,76.75928497314453,9.437698364257812,3.3902134895324707,-96.95347595214844,-73.36907148361206
2011-11-25,25900,19.05,0.0,0.0,0.0,16.436987,0.9885771029534244,,0.0,53.8693962097168,30.489961624145508,6.447785377502441,2.4155282974243164,-47.421610832214355,-28.07443332672119
2011-11-26,19400,17.24,3.0,3.0,3.0,6.942448,3.4233765052833456,,3.0,57.190093994140625,33.8106575012207,6.59921932220459,2.566962242126465,-50.590874671936035,-31.24369525909424
2011-11-27,28300,19.36,3.0,3.0,3.0,33.810658,3.6240138547033456,,3.0,85.37736511230469,44.624263763427734,5.357033729553223,2.566962242126465,-80.02033138275146,-42.05730152130127
2011-11-28,57200,25.17,0.0,0.0,0.0,44.624264,3.2768196181276728,,0.0,80.86412048339844,44.624263763427734,4.296632766723633,2.566962242126465,-76.5674877166748,-42.05730152130127
2011-12-05,14000,15.39,0.0,0.0,0.0,0.005428291,4.426276817138169,,0.0,0.051436152309179306,0.027954813092947006,1.4044605493545532,0.6911023855209351,1.353024397045374,0.663147572427988
2011-12-18,8450,12.92,0.0,0.0,0.0,2.011124,0.3725693820149252,,0.0,4.95837926864624,2.258465528488159,3.8221490383148193,1.919763207435608,-1.136230230331421,-0.33870232105255127
2011-12-27,9710,13.56,3.0,3.0,2.0,9.121881,3.710842173353256,,3.0,61.50827407836914,44.1430778503418,6.324719429016113,4.030012130737305,-55.18355464935303,-40.11306571960449
2011-12-28,19600,17.14,3.0,3.0,2.0,44.143078,2.1906156291138896,,3.0,100.57081604003906,47.30585479736328,8.440580368041992,4.030012130737305,-92.13023567199707,-43.27584266662598
2011-12-29,38400,21.9,3.0,3.0,2.0,47.305855,2.0055726741602755,,3.0,118.40074157714844,47.30585479736328,10.34963607788086,4.030012130737305,-108.05110549926758,-43.27584266662598
2012-01-01,19200,17.17,0.0,0.0,0.0,2.145112,0.5597103821409898,,0.0,,,,,,
2012-01-03,18200,16.86,3.0,3.0,3.0,17.663723,0.1765557091752277,,3.0,30.943798065185547,17.66372299194336,5.485650062561035,2.545093297958374,-25.45814800262451,-15.118629693984985
2012-01-04,20200,17.46,3.0,3.0,3.0,12.249687,0.3377534466261193,,3.0,79.57363891601562,49.66023254394531,5.154051303863525,2.545093297958374,-74.4195876121521,-47.11513924598694
2012-01-05,34500,21.09,3.0,3.0,3.0,49.660233,0.2629527216514872,,3.0,80.72332763671875,49.66023254394531,4.172025680541992,2.545093297958374,-76.55130195617676,-47.11513924598694
2012-01-07,22000,18.01,0.0,0.0,1.0,0.9247879,0.4172218674503337,,1.0,22.9902400970459,18.813404083251953,3.0709381103515625,1.8802212476730347,-19.919301986694336,-16.93318283557892
2012-01-08,19100,17.17,0.0,0.0,1.0,3.252049,0.5682986862418085,,1.0,6.783255577087402,3.252048969268799,4.389888286590576,1.8802212476730347,-2.393367290496826,-1.3718277215957642
2012-01-09,17900,16.78,0.0,0.0,1.0,2.6064184,2.622294209916116,,1.0,11.783621788024902,5.925154685974121,4.372530460357666,1.8802212476730347,-7.411091327667236,-4.044933438301086
2012-01-14,15800,16.07,0.0,0.0,0.0,9.605425,0.3283765156165075,,0.0,33.25291061401367,22.892942428588867,1.946752905845642,0.9840832948684692,-31.30615770816803,-21.908859133720398
2012-01-16,15100,15.81,0.0,0.0,0.0,5.162655,0.7781284164016211,,0.0,42.61302947998047,22.892942428588867,3.76961612701416,1.5916221141815186,-38.84341335296631,-21.30132031440735
2012-01-20,14200,15.49,1.0,1.0,0.0,8.638131,3.1396967010347634,,1.0,58.4888916015625,35.7606201171875,13.692654609680176,5.777220726013184,-44.796236991882324,-29.983399391174316
2012-01-21,19500,17.24,1.0,1.0,0.0,35.76062,5.8370468650220415,,1.0,70.14012145996094,35.7606201171875,12.207529067993164,5.777220726013184,-57.93259239196777,-29.983399391174316
2012-01-24,16700,16.38,1.0,2.0,1.0,4.8296227,2.385124586931857,,2.0,62.666744232177734,41.99513626098633,8.808853149414062,3.1380810737609863,-53.85789108276367,-38.85705518722534
2012-01-25,22800,18.21,1.0,2.0,1.0,41.995136,5.093212766001418,,2.0,75.13076782226562,41.99513626098633,7.691638469696045,3.1380810737609863,-67.43912935256958,-38.85705518722534
2012-01-28,19400,17.24,2.0,2.0,2.0,0.71133596,0.2100479665370888,,2.0,27.90691375732422,15.844365119934082,4.385416030883789,2.4188852310180664,-23.52149772644043,-13.425479888916016
2012-01-29,19800,17.34,2.0,2.0,2.0,15.844365,0.7507583507447111,,2.0,53.76646423339844,37.21076202392578,5.398850440979004,2.4188852310180664,-48.367613792419434,-34.791876792907715
2012-02-03,21600,17.9,0.0,0.0,0.0,0.22906482,3.850711438190126,,0.0,10.489227294921875,10.127463340759277,2.460909128189087,1.2221729755401611,-8.028318166732788,-8.905290365219116
2012-02-05,17900,16.76,0.0,0.0,0.0,0.023605106,0.4378654581000621,,0.0,0.15749509632587433,0.1326994150876999,0.7264614105224609,0.34204697608947754,0.5689663141965866,0.20934756100177765
2012-02-08,15900,16.09,0.0,0.0,0.0,0.31805304,0.5558443329840725,,0.0,5.3808112144470215,5.0295538902282715,4.2009968757629395,1.6490848064422607,-1.179814338684082,-3.3804690837860107
2012-02-09,14800,15.68,1.0,1.0,0.0,5.029554,0.4918103492815353,,1.0,9.108053207397461,5.0295538902282715,4.865970134735107,2.314058303833008,-4.2420830726623535,-2.7154955863952637
2012-02-10,14800,15.68,1.0,1.0,0.0,3.7604463,1.391185192992463,,1.0,10.580559730529785,5.0295538902282715,4.712287425994873,2.314058303833008,-5.868272304534912,-2.7154955863952637
2012-02-11,15500,15.95,0.0,1.0,0.0,1.79056,0.5973842634212272,,1.0,7.646868705749512,3.760446310043335,4.306842803955078,2.314058303833008,-3.3400259017944336,-1.4463880062103271
2012-02-20,14200,15.46,2.0,2.0,0.0,6.439017,1.7683241058198431,,2.0,40.07086181640625,21.81093978881836,4.576076507568359,1.7485668659210205,-35.49478530883789,-20.06237292289734
2012-02-21,15500,15.94,2.0,2.0,2.0,11.820904,1.562958714885333,,2.0,76.31393432617188,58.054012298583984,5.886612415313721,2.389538049697876,-70.42732191085815,-55.66447424888611
2012-02-22,34800,21.13,2.0,2.0,2.0,58.054012,2.8262375511233184,,2.0,94.88261413574219,58.054012298583984,4.9459919929504395,2.389538049697876,-89.93662214279175,-55.66447424888611
2012-02-28,15600,15.96,0.0,0.0,0.0,0.23461886,2.568671506719655,,0.0,10.819665908813477,6.230865955352783,5.416698932647705,2.934560775756836,-5.4029669761657715,-3.2963051795959473
2012-03-03,13100,15.03,0.0,0.0,0.0,15.406659,3.178852357717529,,0.0,40.99431610107422,20.86933708190918,3.1326370239257812,1.229420781135559,-37.86167907714844,-19.63991630077362
2012-03-07,15900,16.05,0.0,0.0,0.0,4.1044183,0.3095081621645081,,0.0,28.33596420288086,23.901718139648438,2.3040242195129395,1.4106255769729614,-26.03193998336792,-22.491092562675476
2012-03-09,13400,15.17,0.0,1.0,0.0,0.4113949,2.3167738215545626,,1.0,26.041051864624023,25.299827575683594,2.2548868656158447,0.9421402215957642,-23.78616499900818,-24.35768735408783
2012-03-10,16900,16.43,0.0,1.0,0.0,25.299828,1.3982355092905456,,1.0,51.326316833496094,25.615095138549805,3.4368205070495605,1.6312891244888306,-47.88949632644653,-23.983806014060974
2012-03-12,19200,17.18,1.0,0.0,0.0,16.345577,2.7437708600703896,,1.0,72.05916595458984,30.098493576049805,6.588491439819336,2.7399826049804688,-65.47067451477051,-27.358510971069336
2012-03-15,17400,16.59,1.0,1.0,0.0,28.046913,3.066426317323133,,1.0,77.70223999023438,35.56210708618164,8.118013381958008,3.4647421836853027,-69.58422660827637,-32.09736490249634
2012-03-24,11900,14.4,0.0,0.0,0.0,0.20863456,1.8201649585950208,,0.0,2.823406457901001,1.9874380826950073,3.130467653274536,1.0827900171279907,0.30706119537353516,-0.9046480655670166
2012-03-28,11900,14.34,0.0,0.0,0.0,8.772949,1.622725516089766,,0.0,25.778127670288086,14.879861831665039,8.493595123291016,3.078853130340576,-17.28453254699707,-11.801008701324463
2012-03-30,16100,15.96,0.0,0.0,0.0,41.217133,3.9535617375418233,,0.0,73.32984161376953,41.217132568359375,9.085235595703125,3.3209900856018066,-64.2446060180664,-37.89614248275757
2012-04-02,14700,15.45,1.0,1.0,0.0,10.927237,1.287948433389339,,1.0,25.941774368286133,13.789079666137695,5.859736919403076,2.1493513584136963,-20.082037448883057,-11.639728307723999
2012-04-03,13900,15.15,1.0,1.0,0.0,1.2254578,2.712354534914721,,1.0,17.094501495361328,10.927236557006836,5.635130882263184,2.1493513584136963,-11.459370613098145,-8.77788519859314
2012-04-10,10600,13.77,0.0,0.0,0.0,0.5809391,0.5012391527633975,,0.0,1.3774538040161133,0.5809391140937805,2.900890350341797,1.6844621896743774,1.5234365463256836,1.103523075580597
2012-04-12,12600,14.65,0.0,0.0,0.0,6.5641575,1.9246706304675345,,0.0,10.97154426574707,6.564157485961914,7.681927680969238,3.2286033630371094,-3.289616584777832,-3.3355541229248047
2012-04-14,13000,14.79,0.0,0.0,0.0,0.32305107,3.710505725604956,,0.0,4.462980270385742,3.9498445987701416,7.696991920471191,2.76886248588562,3.234011650085449,-1.1809821128845215
2012-04-17,14400,15.36,0.0,0.0,0.0,18.181797,1.514602617596548,,0.0,24.465408325195312,18.18179702758789,4.232538223266602,2.273015022277832,-20.23287010192871,-15.908782005310059
2012-04-19,12500,14.59,1.0,1.0,0.0,5.424621,2.2528911153408187,,1.0,44.03096008300781,35.96485900878906,4.069149494171143,1.568980097770691,-39.96181058883667,-34.39587891101837
2012-04-20,20600,17.13,1.0,1.0,0.0,35.96486,2.1623023524476164,,1.0,52.57300567626953,35.96485900878906,3.423635721206665,1.568980097770691,-49.149369955062866,-34.39587891101837
2012-04-22,20500,17.09,0.0,0.0,0.0,0.0005481336,2.5143143223822486,,0.0,11.184073448181152,11.183525085449219,1.1716382503509521,0.4683825671672821,-10.0124351978302,-10.715142518281937
2012-04-24,31000,19.81,1.0,1.0,1.0,0.19423379,0.4069796374713513,,1.0,14.296257019042969,14.102023124694824,2.8940329551696777,2.0034375190734863,-11.402224063873291,-12.098585605621338
2012-04-25,36000,20.92,1.0,1.0,1.0,14.102023,1.0129635714713805,,1.0,31.553354263305664,17.257097244262695,5.754263877868652,3.2166004180908203,-25.79909038543701,-14.040496826171875
2012-04-26,37400,21.21,1.0,1.0,1.0,17.257097,3.87465358075056,,1.0,47.21692657470703,17.257097244262695,9.054635047912598,3.834597110748291,-38.162291526794434,-13.422500133514404
2012-05-02,27400,18.97,0.0,0.0,0.0,8.258542,2.0987149679981982,,0.0,38.04951858520508,27.448440551757812,5.7624406814575195,2.843602180480957,-32.28707790374756,-24.604838371276855
2012-05-06,22400,17.63,0.0,0.0,0.0,0.8924862,2.453174863963925,,0.0,7.227032661437988,6.3345465660095215,4.604249477386475,1.8453398942947388,-2.6227831840515137,-4.489206671714783
2012-05-18,26400,18.71,0.0,0.0,0.0,0.06165245,0.7258696905631368,,0.0,0.20641708374023438,0.14476463198661804,3.247777223587036,1.7172586917877197,3.0413601398468018,1.5724940598011017
2012-05-20,23300,17.89,1.0,1.0,0.0,0.0,1.1044143267221764,,1.0,15.551541328430176,15.551541328430176,3.909916400909424,1.8931397199630737,-11.641624927520752,-13.658401608467102
2012-05-21,28200,19.14,1.0,1.0,0.0,15.551541,1.649793026769089,,1.0,43.948787689208984,28.397245407104492,3.725107192993164,1.8931397199630737,-40.22368049621582,-26.50410568714142
2012-05-30,24600,18.2,3.0,0.0,0.0,0.1421275,2.366917349172004,,3.0,6.612697601318359,3.9545419216156006,3.190216064453125,1.439339518547058,-3.4224815368652344,-2.5152024030685425
2012-05-31,25200,18.37,3.0,0.0,0.0,3.954542,2.444278838304617,,3.0,11.459280014038086,7.362610816955566,3.7004446983337402,1.439339518547058,-7.758835315704346,-5.923271298408508
2012-06-01,31900,20.02,3.0,2.0,1.0,7.362611,3.235028798521945,,3.0,25.763885498046875,14.446733474731445,3.7676053047180176,1.439339518547058,-21.996280193328857,-13.007393956184387
2012-06-02,45400,22.71,3.0,2.0,1.0,14.446733,1.8361348601613208,,3.0,26.846956253051758,14.446733474731445,3.237424373626709,1.1808222532272339,-23.60953187942505,-13.265911221504211
2012-06-03,47300,23.05,0.0,0.0,0.0,5.037611,1.451283895354004,,0.0,19.90228271484375,14.446733474731445,3.4232611656188965,1.3666592836380005,-16.479021549224854,-13.080074191093445
2012-06-04,36800,21.05,0.0,0.0,0.0,0.4179391,2.5232785469094545,,0.0,16.141605377197266,10.686055183410645,4.811554431915283,2.535736560821533,-11.330050945281982,-8.150318622589111
2012-06-16,26500,19.0,2.0,2.0,2.0,0.073658146,2.018449653735748,,2.0,23.53199577331543,23.45558738708496,6.564121246337891,3.2466745376586914,-16.96787452697754,-20.20891284942627
2012-06-17,41600,23.31,2.0,2.0,2.0,23.455587,1.5288408879079274,,2.0,35.22442626953125,23.45558738708496,6.589266300201416,3.2466745376586914,-28.635159969329834,-20.20891284942627
2012-06-21,35000,21.74,0.0,0.0,0.0,0.07680354,0.98375750962534,,0.0,0.23741847276687622,0.09777995944023132,3.501755714416504,1.7012395858764648,3.2643372416496277,1.6034596264362335
2012-06-28,34900,21.71,2.0,2.0,1.0,5.697446e-05,0.1422609784677574,,2.0,9.681172370910645,9.122166633605957,2.6308815479278564,1.0424256324768066,-7.050290822982788,-8.07974100112915
2012-06-29,35100,21.78,2.0,2.0,1.0,0.55894893,0.8292091617945809,,2.0,2.9465107917785645,2.387504816055298,2.8617799282073975,1.2733240127563477,-0.08473086357116699,-1.1141808032989502
2012-06-30,37100,22.35,2.0,2.0,0.0,2.3875048,0.7712934431955097,,2.0,15.197137832641602,12.250683784484863,3.8557534217834473,1.6743577718734741,-11.341384410858154,-10.57632601261139
2012-07-01,44600,24.15,0.0,0.0,0.0,12.250684,1.4812721775485194,,0.0,18.448486328125,12.250683784484863,4.115080833435059,1.6743577718734741,-14.333405494689941,-10.57632601261139
2012-07-05,35000,21.74,0.0,0.0,0.0,0.00035166997,1.5494731120796728,,0.0,15.475628852844238,15.475276947021484,3.227059841156006,1.2396059036254883,-12.248569011688232,-14.235671043395996
2012-07-10,42400,23.78,0.0,0.0,0.0,0.08494499,2.994201442922714,,0.0,0.17923183739185333,0.08494499325752258,4.4782304763793945,1.5869367122650146,4.298998638987541,1.501991719007492
2012-07-17,37700,22.51,0.0,0.0,0.0,0.5136208,1.9190041311980888,,0.0,5.940608978271484,4.794267177581787,3.9068639278411865,1.6660284996032715,-2.033745050430298,-3.1282386779785156
2012-07-21,33200,21.22,0.0,0.0,0.0,12.887176,1.6218872900043193,,0.0,13.344847679138184,12.887175559997559,2.4880123138427734,0.9864097833633423,-10.85683536529541,-11.900765776634216
2012-07-23,27800,19.46,0.0,0.0,0.0,4.3918157,1.5330795508794557,,0.0,6.832233905792236,4.391815662384033,4.0253190994262695,1.6321409940719604,-2.806914806365967,-2.7596746683120728
2012-07-29,21000,17.24,0.0,0.0,0.0,0.020874264,1.102554357597664,,0.0,0.831691563129425,0.810817301273346,4.045356750488281,1.7052357196807861,3.213665187358856,0.8944184184074402
2012-08-07,21400,17.35,0.0,0.0,0.0,0.0018683693,1.4330435914763815,,0.0,0.040392931550741196,0.0385245606303215,2.8620309829711914,1.3321177959442139,2.82163805142045,1.2935932353138924
2012-08-11,18000,16.29,0.0,0.0,0.0,0.0,2.17519235180696,,0.0,0.0,0.0,2.003067970275879,0.9698985815048218,2.003067970275879,0.9698985815048218
2012-08-19,14200,14.96,0.0,0.0,0.0,0.0006581532,2.3564475829701226,,0.0,0.07210412621498108,0.07144597172737122,2.836573362350464,1.2501283884048462,2.764469236135483,1.178682416677475
2012-08-25,10900,13.59,0.0,0.0,0.0,0.0,2.668514442660252,,0.0,0.8905049562454224,0.8638684153556824,4.544253826141357,2.0071046352386475,3.653748869895935,1.143236219882965
2012-08-26,10600,13.47,1.0,0.0,0.0,0.026636543,2.9424800414979777,,1.0,0.02663654275238514,0.02663654275238514,4.112329959869385,2.0071046352386475,4.085693417117,1.9804680924862623
2012-08-27,10400,13.36,1.0,0.0,0.0,0.0,1.9614041940237128,,1.0,0.05216503143310547,0.02663654275238514,2.6500253677368164,1.3343424797058105,2.597860336303711,1.3077059369534254
2012-09-02,7560,11.94,0.0,0.0,0.0,0.0,2.1269881519966773,,0.0,0.0,0.0,2.8511390686035156,1.1052942276000977,2.8511390686035156,1.1052942276000977
2012-09-06,9320,12.88,0.0,0.0,0.0,0.00072691555,1.3606529731606458,,0.0,0.0007269155466929078,0.0007269155466929078,2.690101385116577,1.0311474800109863,2.6893744695698842,1.0304205644642934
2012-09-15,8400,12.39,0.0,0.0,0.0,0.06290569,0.7814265549858541,,0.0,0.1247544139623642,0.0629056915640831,0.7259203195571899,0.3606746196746826,0.6011659055948257,0.2977689281105995
2012-10-01,6810,11.5,0.0,0.0,0.0,0.0,2.7422985911767204,,0.0,0.5651159286499023,0.4359017610549927,1.412414789199829,0.6945104002952576,0.8472988605499268,0.2586086392402649
2012-10-05,6750,11.47,0.0,0.0,0.0,0.0,1.3920564851956794,,0.0,0.08932023495435715,0.07363653928041458,0.7913522720336914,0.34012699127197266,0.7020320370793343,0.2664904519915581
2012-10-12,6580,11.37,0.0,1.0,1.0,0.02054617,2.3635669247890485,,1.0,15.11194133758545,15.075711250305176,5.773282051086426,2.7571375370025635,-9.338659286499023,-12.318573713302612
2012-10-13,6690,11.43,3.0,3.0,3.0,15.075711,4.021375385168606,,3.0,43.48844909667969,28.39219093322754,8.209789276123047,2.918515682220459,-35.27865982055664,-25.47367525100708
2012-10-14,9220,12.73,3.0,3.0,3.0,28.39219,4.047024772722107,,3.0,93.16609191894531,49.69818878173828,7.465640068054199,2.918515682220459,-85.70045185089111,-46.77967309951782
2012-10-15,24700,18.42,3.0,3.0,1.0,49.69819,2.166567881639832,,3.0,107.39701843261719,49.69818878173828,7.992611885070801,3.0611064434051514,-99.40440654754639,-46.63708233833313
2012-10-16,24500,18.33,2.0,1.0,1.0,29.30664,2.400890511884169,,2.0,93.72647857666016,49.69818878173828,6.536619663238525,3.0611064434051514,-87.18985891342163,-46.63708233833313
2012-10-17,21600,17.41,0.0,2.0,2.0,14.721649,2.3116026940619454,,2.0,45.516109466552734,29.306640625,6.560467720031738,3.0611064434051514,-38.955641746520996,-26.24553418159485
2012-10-18,15800,15.57,3.0,2.0,2.0,1.4878192,2.664725892216856,,3.0,53.88041687011719,37.67094802856445,5.651750564575195,2.1523890495300293,-48.22866630554199,-35.518558979034424
2012-10-19,21600,17.44,3.0,2.0,2.0,37.670948,1.9864654180073944,,3.0,75.0529556274414,37.67094802856445,5.689145565032959,2.1523890495300293,-69.36381006240845,-35.518558979034424
2012-10-21,22100,17.56,0.0,0.0,0.0,14.04402,0.3295792956503589,,0.0,54.35643005371094,35.894187927246094,4.828066825866699,2.233271360397339,-49.52836322784424,-33.660916566848755
2012-10-22,17600,16.18,0.0,0.0,0.0,4.418222,2.7702989797036035,,0.0,26.597599029541016,14.04401969909668,5.984122276306152,2.655975103378296,-20.613476753234863,-11.388044595718384
2012-10-27,13100,14.55,1.0,0.0,0.0,15.145466,1.2398760847236605,,1.0,40.203582763671875,24.495216369628906,3.464228868484497,1.4954432249069214,-36.73935389518738,-22.999773144721985
2012-10-28,20200,16.99,1.0,0.0,0.0,24.495216,2.1814848340184225,,1.0,53.672462463378906,24.495216369628906,5.119422912597656,2.3757755756378174,-48.55303955078125,-22.11944079399109
2012-10-30,35800,21.97,2.0,2.0,0.0,26.912205,2.8766385811328865,,2.0,89.4303207397461,48.48633575439453,5.992791652679443,2.3757755756378174,-83.43752908706665,-46.110560178756714
2012-10-31,45100,,2.0,2.0,0.0,48.486336,1.3578179668884165,,2.0,98.30903625488281,48.48633575439453,5.237525463104248,2.213054656982422,-93.07151079177856,-46.27328109741211
2012-11-01,40200,23.16,2.0,2.0,0.0,22.910496,0.9589988406192456,,2.0,81.4412841796875,48.48633575439453,4.875637054443359,2.213054656982422,-76.56564712524414,-46.27328109741211
2012-11-02,32300,20.91,3.0,3.0,0.0,10.044452,0.4377437334540247,,3.0,37.49908447265625,22.91049575805664,4.108922004699707,1.6205097436904907,-33.39016246795654,-21.28998601436615
2012-11-03,30700,20.42,3.0,3.0,3.0,4.5441375,0.6473603938174626,,3.0,40.553855895996094,25.965269088745117,4.021302223205566,1.5328896045684814,-36.53255367279053,-24.432379484176636
2012-11-04,38700,22.76,3.0,3.0,3.0,25.96527,0.6592993289644725,,3.0,49.440433502197266,25.965269088745117,3.5364010334014893,1.5328896045684814,-45.904032468795776,-24.432379484176636
2012-11-05,40300,23.23,3.0,3.0,3.0,18.931026,0.7942037162183108,,3.0,49.9148063659668,25.965269088745117,2.6564836502075195,1.5328896045684814,-47.25832271575928,-24.432379484176636
2012-11-06,34400,21.55,0.0,1.0,0.0,5.0185127,0.786155009826837,,1.0,36.73862075805664,18.931026458740234,2.082430839538574,0.9588367938995361,-34.656189918518066,-17.9721896648407
2012-11-14,26000,18.82,0.0,0.0,0.0,14.780107,0.36064016004001,,0.0,37.8918342590332,18.788421630859375,1.351232886314392,0.7968023419380188,-36.54060137271881,-17.991619288921356
2012-11-17,17200,16.03,1.0,1.0,0.0,8.747698,1.907580407498569,,1.0,23.071048736572266,14.033970832824707,7.043481826782227,3.1575026512145996,-16.02756690979004,-10.876468181610107
2012-11-18,18100,16.32,2.0,1.0,0.0,14.033971,1.5764087716143913,,2.0,48.502655029296875,25.720983505249023,9.601495742797852,3.6080987453460693,-38.90115928649902,-22.112884759902954
2012-11-19,24000,18.2,2.0,1.0,0.0,25.720984,2.191697304491412,,2.0,100.53126525878906,60.77631378173828,9.72509479522705,3.6080987453460693,-90.80617046356201,-57.16821503639221
2012-11-22,27300,19.28,2.0,1.0,1.0,22.312439,0.4058551828039655,,2.0,42.17479705810547,22.31243896484375,5.295880317687988,2.519423007965088,-36.87891674041748,-19.793015956878662
2012-11-23,25700,18.73,2.0,1.0,1.0,8.819273,1.047183283424162,,2.0,71.81788635253906,40.68617630004883,3.4974851608276367,1.4807543754577637,-68.32040119171143,-39.205421924591064
2012-11-26,23600,18.04,0.0,0.0,0.0,0.41855595,0.572880823511663,,0.0,3.004952907562256,2.5661473274230957,0.5767196416854858,0.3186267018318176,-2.42823326587677,-2.247520625591278
2012-11-28,18900,16.6,3.0,3.0,3.0,0.26315913,0.8111540281764656,,3.0,4.7924089431762695,4.509000301361084,5.199029922485352,2.791454315185547,0.40662097930908203,-1.717545986175537
2012-11-29,18600,16.5,3.0,3.0,3.0,4.5090003,1.4144771730122614,,3.0,16.636940002441406,11.864781379699707,9.190430641174316,4.093710899353027,-7.44650936126709,-7.77107048034668
2012-11-30,20100,16.95,3.0,3.0,3.0,11.864781,3.0451836099520757,,3.0,44.746681213378906,28.372901916503906,9.790045738220215,4.093710899353027,-34.95663547515869,-24.27919101715088
2012-12-01,27300,19.3,3.0,3.0,3.0,28.372902,1.7503235312960472,,3.0,63.800086975097656,28.372901916503906,11.2739896774292,4.275398254394531,-52.52609729766846,-24.097503662109375
2012-12-04,27200,,1.0,1.0,0.0,20.476597,3.968875276670407,,1.0,77.15660095214844,29.663650512695312,8.752212524414062,3.939394950866699,-68.40438842773438,-25.724255561828613
2012-12-08,22000,17.52,0.0,0.0,0.0,22.895924,1.5516091832875576,,0.0,58.26055908203125,29.399703979492188,2.6554365158081055,1.167718768119812,-55.605122566223145,-28.231985211372375
2012-12-10,17500,16.15,0.0,0.0,0.0,6.3170276,3.8565554611793447,,0.0,16.271080017089844,6.317027568817139,2.6423239707946777,1.4912748336791992,-13.628756046295166,-4.8257527351379395
2012-12-24,12800,14.39,0.0,0.0,0.0,6.7682242,2.4788182582835794,,0.0,22.192604064941406,12.143637657165527,8.359285354614258,3.241518974304199,-13.833318710327148,-8.902118682861328
2012-12-25,13000,14.51,0.0,0.0,0.0,3.2807426,4.861096059138752,,0.0,16.901050567626953,6.852082252502441,7.914487361907959,3.241518974304199,-8.986563205718994,-3.610563278198242
2012-12-31,12000,14.11,0.0,0.0,0.0,0.393222,1.5995806802940409,,0.0,,,,,,
2013-01-01,12300,14.2,0.0,0.0,0.0,0.19557959,2.3587064121402253,,0.0,,,,,,
2013-01-08,17500,16.14,1.0,1.0,1.0,32.23772,1.9104459999297343,,1.0,111.12194061279297,60.776092529296875,6.158041000366211,3.2319445610046387,-104.96389961242676,-57.544147968292236
2013-01-09,27700,19.39,1.0,1.0,1.0,60.776093,5.46310565244617,,1.0,115.27798461914062,60.776092529296875,6.918458461761475,3.2319445610046387,-108.35952615737915,-57.544147968292236
2013-01-27,13900,14.84,0.0,0.0,0.0,13.615704,2.078458044263132,,0.0,33.11648941040039,13.830336570739746,6.406949520111084,2.7206108570098877,-26.709539890289307,-11.109725713729858
2013-01-28,13900,14.85,2.0,2.0,1.0,13.830337,2.3302893905294506,,2.0,45.663394927978516,18.21735382080078,5.875860214233398,2.189521551132202,-39.78753471374512,-16.02783226966858
2013-01-29,13200,14.6,2.0,2.0,1.0,18.217354,4.889743923584201,,2.0,51.66156768798828,19.613874435424805,5.461186408996582,2.189521551132202,-46.2003812789917,-17.424352884292603
2013-01-30,14100,14.93,0.0,0.0,1.0,19.613874,7.263015547275249,,1.0,45.55351257324219,19.613874435424805,4.562463283538818,2.189521551132202,-40.99104928970337,-17.424352884292603
2013-02-06,16000,15.62,0.0,0.0,0.0,14.420828,1.017773864953842,,0.0,27.915481567382812,14.420827865600586,4.130410194396973,1.801507592201233,-23.78507137298584,-12.619320273399353
2013-02-11,13900,14.85,0.0,0.0,0.0,0.04319843,2.7569627944176136,,0.0,0.9028329849243164,0.6457543969154358,2.43778133392334,1.1952592134475708,1.5349483489990234,0.549504816532135
2013-02-12,12800,14.44,0.0,0.0,0.0,0.6457544,2.6208950998080094,,0.0,7.495161533355713,6.806208610534668,1.7988616228103638,0.8684033155441284,-5.696299910545349,-5.9378052949905396
2013-02-19,12300,14.21,0.0,0.0,0.0,1.2026209,2.103290905370971,,0.0,3.9918508529663086,2.405860424041748,4.087823867797852,2.4793949127197266,0.09597301483154297,0.07353448867797852
2013-02-21,12000,14.09,0.0,0.0,0.0,1.3931239,4.046528574292333,,0.0,16.491838455200195,14.71534538269043,7.273759841918945,2.5394785404205322,-9.21807861328125,-12.175866842269897
2013-02-25,12400,14.25,0.0,0.0,0.0,10.584976,4.276326519646441,,0.0,49.02165985107422,27.24308204650879,5.698397636413574,2.7788772583007812,-43.323262214660645,-24.464204788208008
2013-02-28,12600,14.34,1.0,2.0,2.0,5.586482,1.0288351013373178,,2.0,38.45361328125,28.486848831176758,3.748753309249878,1.790104866027832,-34.70485997200012,-26.696743965148926
2013-03-01,16400,15.75,1.0,2.0,2.0,28.486849,0.543391426368989,,2.0,55.22349548339844,28.486848831176758,4.422234058380127,1.790104866027832,-50.80126142501831,-26.696743965148926
2013-03-02,22300,17.62,1.0,2.0,2.0,21.150167,0.2418040460528355,,2.0,63.19879913330078,28.486848831176758,4.81431245803833,1.790104866027832,-58.38448667526245,-26.696743965148926
2013-03-08,10900,13.63,0.0,0.0,0.0,2.7024264,1.4979003015216614,,0.0,8.968064308166504,5.718987941741943,6.0683746337890625,3.242635726928711,-2.8996896743774414,-2.4763522148132324
2013-03-12,10400,13.4,2.0,1.0,1.0,7.881965,2.325804798307015,,2.0,58.74955749511719,50.27592086791992,3.3455615043640137,1.713435411453247,-55.403995990753174,-48.562485456466675
2013-03-13,22400,17.66,2.0,1.0,1.0,50.27592,0.4418375254970768,,2.0,72.932861328125,50.27592086791992,4.947145462036133,1.857113003730774,-67.98571586608887,-48.41880786418915
2013-03-14,24700,18.35,2.0,0.0,1.0,14.774979,0.1618774528342829,,2.0,76.3590087890625,50.27592086791992,4.640027046203613,1.857113003730774,-71.71898174285889,-48.41880786418915
2013-03-15,25200,18.57,0.0,0.0,1.0,11.308108,0.4273194331640761,,1.0,39.937278747558594,14.774978637695312,4.054651737213135,1.857113003730774,-35.88262701034546,-12.917865633964539
2013-03-20,16300,15.74,0.0,0.0,0.0,16.695446,2.2622678396871945,,0.0,56.35650634765625,26.45993423461914,6.2670416831970215,3.7955946922302246,-50.08946466445923,-22.664339542388916
2013-04-01,14900,15.24,0.0,0.0,0.0,0.0038683694,1.0022735022598626,,0.0,0.024697445333003998,0.020829075947403908,2.5484700202941895,1.076766014099121,2.5237725749611855,1.0559369381517172
2013-04-02,15900,15.6,0.0,0.0,0.0,0.020829076,1.6109312452079962,,0.0,0.028465617448091507,0.020829075947403908,2.5029425621032715,1.076766014099121,2.47447694465518,1.0559369381517172
2013-04-03,16500,15.81,0.0,0.0,0.0,0.003768173,2.138361656529835,,0.0,0.042764242738485336,0.020829075947403908,3.0593388080596924,1.3730357885360718,3.016574565321207,1.3522067125886679
2013-04-04,22500,17.69,1.0,0.0,0.0,0.018166993,2.467313109269053,,1.0,19.036582946777344,19.0146484375,4.555681228637695,2.573108196258545,-14.480901718139648,-16.441540241241455
2013-04-05,29600,20.05,1.0,0.0,0.0,19.014648,1.433440384889611,,1.0,45.45356750488281,26.420751571655273,6.2378740310668945,2.573108196258545,-39.21569347381592,-23.84764337539673
2013-04-09,23400,17.99,0.0,0.0,0.0,2.3190668,3.781887207339025,,0.0,21.8773193359375,15.896203994750977,7.570343971252441,3.210732936859131,-14.306975364685059,-12.685471057891846
2013-04-10,22800,17.78,1.0,1.0,1.0,3.6620493,5.717537648875029,,1.0,32.04955291748047,26.068435668945312,6.229571342468262,3.210732936859131,-25.819981575012207,-22.85770273208618
2013-04-16,18000,16.29,0.0,0.0,0.0,3.411493,1.9695060128668531,,0.0,7.270471572875977,3.4114930629730225,3.0080299377441406,1.2445855140686035,-4.262441635131836,-2.166907548904419
2013-04-17,17200,16.04,0.0,0.0,0.0,0.83934575,4.186169269590125,,0.0,4.983644485473633,3.4114930629730225,3.531336545944214,1.4202244281768799,-1.452307939529419,-1.9912686347961426
2013-04-18,16600,15.82,0.0,0.0,0.0,0.7328055,6.309891315804158,,0.0,12.500643730163574,10.928492546081543,4.638513088226318,1.9737032651901245,-7.862130641937256,-8.954789280891418
2013-04-20,17800,16.24,0.0,0.0,0.0,11.211667,1.3042295697891415,,0.0,33.252098083496094,11.21166706085205,3.621433734893799,1.9737032651901245,-29.630664348602295,-9.237963795661926
2013-04-23,17900,16.27,0.0,0.0,0.0,0.110444,1.5287443761766888,,0.0,9.937946319580078,9.812783241271973,1.6947758197784424,1.2683007717132568,-8.243170499801636,-8.544482469558716
2013-05-11,35000,21.75,2.0,2.0,2.0,0.012361494,1.666029110583431,,2.0,1.6258840560913086,1.6135225296020508,3.0101089477539062,1.4172143936157227,1.3842248916625977,-0.19630813598632812
2013-05-12,36800,22.26,2.0,2.0,2.0,1.6135225,0.405588587229452,,2.0,19.059894561767578,17.434009552001953,2.8295273780822754,1.4172143936157227,-16.230367183685303,-16.01679515838623
2013-05-13,45400,24.48,2.0,2.0,0.0,17.43401,0.3618890259755021,,2.0,42.88458251953125,23.83704948425293,3.0513556003570557,1.4172143936157227,-39.833226919174194,-22.419835090637207
2013-05-14,46800,24.62,0.0,0.0,0.0,23.83705,0.3640271638157473,,0.0,42.69233322143555,23.83704948425293,2.3869292736053467,0.9033267498016357,-40.3054039478302,-22.933722734451294
2013-06-02,19800,16.86,0.0,0.0,0.0,0.27205893,3.155509745204896,,0.0,0.6684832572937012,0.34629273414611816,2.798572301864624,1.490161418914795,2.130089044570923,1.1438686847686768
2013-06-11,22300,17.61,0.0,0.0,0.0,0.02162672,1.6072929389372137,,0.0,4.293587684631348,4.271960735321045,2.654120683670044,1.3222010135650635,-1.6394670009613037,-2.9497597217559814
2013-06-20,24800,18.46,0.0,0.0,0.0,14.135555,2.3645694481471606,,0.0,39.927520751953125,22.30692481994629,9.0146484375,4.373461723327637,-30.912872314453125,-17.933463096618652
2013-06-25,27700,19.43,3.0,2.0,0.0,8.109651,2.90461644336704,,3.0,18.607637405395508,8.109650611877441,6.007753372192383,2.5018467903137207,-12.599884033203125,-5.607803821563721
2013-06-26,26700,19.11,3.0,2.0,0.0,5.4847503,3.19977887033742,,3.0,15.732820510864258,8.109650611877441,4.59365177154541,2.5018467903137207,-11.139168739318848,-5.607803821563721
2013-06-27,26500,19.04,3.0,2.0,0.0,2.1384203,2.6256493875535,,3.0,10.31069564819336,5.484750270843506,2.6647067070007324,1.5797182321548462,-7.645988941192627,-3.9050320386886597
2013-06-28,26700,19.1,3.0,2.0,2.0,2.6875248,2.916921172441871,,3.0,6.416756629943848,2.6875247955322266,1.9566656351089478,0.8716769218444824,-4.4600909948349,-1.8158478736877441
2013-06-29,27800,19.46,2.0,2.0,2.0,1.5908115,2.1048578260267545,,2.0,4.989929676055908,2.6875247955322266,2.169234275817871,0.8716769218444824,-2.820695400238037,-1.8158478736877441
2013-07-01,31500,20.67,0.0,0.0,1.0,0.0,3.442642065475047,,1.0,0.7115932703018188,0.7115932703018188,2.352504253387451,0.9245917797088623,1.6409109830856323,0.21299850940704346
2013-07-02,31900,20.79,0.0,0.0,1.0,0.0,2.290390572849824,,1.0,0.4982927143573761,0.4982927143573761,2.573068618774414,0.9452197551727295,2.074775904417038,0.4469270408153534
2013-07-05,23500,18.03,0.0,0.0,0.0,0.0,2.69240863934992,,0.0,0.12601768970489502,0.12601768970489502,4.187756061553955,1.875046968460083,4.06173837184906,1.749029278755188
2013-07-07,22300,17.64,0.0,0.0,0.0,0.0,2.561281229398259,,0.0,0.9945599436759949,0.9945599436759949,5.90086555480957,2.846841812133789,4.906305611133575,1.8522818684577942
2013-07-10,22700,17.78,0.0,0.0,0.0,0.08969744,3.024950039162683,,0.0,0.5024125576019287,0.3940805494785309,3.650010108947754,1.6640545129776,3.147597551345825,1.2699739634990692
2013-07-15,15200,15.38,0.0,0.0,0.0,0.0,2.77068543995503,,0.0,0.04405108094215393,0.03145579621195793,7.379631042480469,3.2178397178649902,7.335579961538315,3.1863839216530323
2013-07-31,11300,13.85,0.0,0.0,0.0,0.06914342,1.9359527898503557,,0.0,1.2218644618988037,0.9802023768424988,3.2396907806396484,1.3483917713165283,2.0178263187408447,0.36818939447402954
2013-08-04,10700,13.59,0.0,0.0,0.0,0.4328743,1.832891900661116,,0.0,7.218321800231934,6.208522319793701,4.434135913848877,1.7861671447753906,-2.7841858863830566,-4.4223551750183105
2013-08-06,11300,13.86,0.0,0.0,0.0,0.008870333,2.511109595580713,,0.0,0.6086777448654175,0.5769253373146057,4.118679523468018,1.5833563804626465,3.5100017786026,1.0064310431480408
2013-08-14,11600,13.89,1.0,1.0,0.0,0.0,2.2969422107593016,,1.0,1.4330334663391113,1.2629626989364624,4.702020645141602,1.9526751041412354,3.2689871788024902,0.689712405204773
2013-08-15,11700,13.91,1.0,1.0,0.0,1.2629627,1.448473068680393,,1.0,12.385547637939453,11.12258529663086,4.388002872467041,1.6386574506759644,-7.997544765472412,-9.483927845954895
2013-08-18,11900,13.97,1.0,1.0,1.0,0.27671906,1.6878122423167776,,1.0,0.5399096012115479,0.2767190635204315,1.6861882209777832,0.5824506282806396,1.1462786197662354,0.30573156476020813
2013-08-19,10800,13.44,1.0,1.0,1.0,0.00870334,1.2415324905606566,,1.0,1.0195854902267456,0.7341631054878235,1.5648562908172607,0.5824506282806396,0.5452708005905151,-0.15171247720718384
2013-08-22,10000,12.99,0.0,0.0,0.0,0.0,2.0769033167382758,,0.0,0.0,0.0,2.5918829441070557,1.1462583541870117,2.5918829441070557,1.1462583541870117
2013-08-24,7910,11.83,0.0,0.0,0.0,0.5618271,1.040444408622817,,0.0,2.1086580753326416,1.5468310117721558,4.36586332321167,1.8121733665466309,2.2572052478790283,0.2653423547744751
2013-08-26,8170,11.94,3.0,0.0,0.0,1.7859135,1.9943954997013715,,3.0,9.739974975585938,6.407229900360107,4.974649906158447,2.108839511871338,-4.76532506942749,-4.2983903884887695
2013-08-27,8680,12.2,3.0,3.0,0.0,6.40723,1.4386423052044004,,3.0,12.863344192504883,6.407229900360107,4.531591892242432,2.108839511871338,-8.331752300262451,-4.2983903884887695
2013-08-28,8610,12.14,3.0,3.0,3.0,4.6702,1.6212720535505778,,3.0,20.347454071044922,9.270023345947266,3.8347339630126953,1.4583789110183716,-16.512720108032227,-7.811644434928894
2013-08-29,10100,12.91,3.0,3.0,3.0,9.270023,1.5237462258126515,,3.0,46.509090423583984,32.56886672973633,3.4817936420440674,1.4119815826416016,-43.02729678153992,-31.156885147094727
2013-08-30,16900,15.8,3.0,3.0,3.0,32.568867,1.1223041297514462,,3.0,44.34877395629883,32.56886672973633,3.5509233474731445,1.4119815826416016,-40.797850608825684,-31.156885147094727
2013-09-01,10800,13.17,1.0,0.0,0.0,0.0,2.2349436532686893,,1.0,2.5104146003723145,2.5098822116851807,2.6116786003112793,1.0335031747817993,0.10126399993896484,-1.4763790369033813
2013-09-02,9740,12.65,1.0,0.0,0.0,0.00053241657,2.9400986610288937,,1.0,0.45567187666893005,0.4551394581794739,2.4148335456848145,1.0123566389083862,1.9591616690158844,0.5572171807289124
2013-09-03,9860,12.7,1.0,0.0,0.0,0.45513946,1.231673000894852,,1.0,5.263630390167236,4.807958602905273,2.3985085487365723,1.0123566389083862,-2.865121841430664,-3.795601963996887
2013-09-13,12700,13.94,0.0,0.0,0.0,0.0,2.422974545289215,,0.0,0.019840862601995468,0.019840862601995468,4.735054016113281,1.8323673009872437,4.715213153511286,1.8125264383852482
2013-09-22,9980,12.64,1.0,1.0,1.0,4.1263103,2.27903835462998,,1.0,38.1976432800293,31.426176071166992,6.671358108520508,3.1294987201690674,-31.52628517150879,-28.296677350997925
2013-09-26,14800,14.79,0.0,0.0,0.0,0.0318055,0.9178149909378172,,0.0,2.817939281463623,2.433546304702759,5.57380485534668,2.6446475982666016,2.7558655738830566,0.21110129356384277
2013-09-28,15600,15.09,2.0,2.0,1.0,11.875508,5.04832964439457,,2.0,84.87447357177734,72.64637756347656,10.159751892089844,4.076378345489502,-74.7147216796875,-68.56999921798706
2013-09-29,41100,22.69,3.0,2.0,2.0,72.64638,3.9019056416996816,,3.0,124.75629425048828,72.64637756347656,10.67491626739502,4.076378345489502,-114.08137798309326,-68.56999921798706
2013-09-30,43200,23.31,3.0,2.0,2.0,40.234406,2.057619570181802,,3.0,146.61923217773438,72.64637756347656,7.620217800140381,3.4387261867523193,-138.999014377594,-69.20765137672424
2013-10-07,21400,17.16,1.0,1.0,1.0,2.8033988,2.9313634193672384,,1.0,27.39510154724121,24.590919494628906,2.9521710872650146,1.621405839920044,-24.442930459976196,-22.969513654708862
2013-10-15,12700,13.91,0.0,0.0,0.0,0.07382908,3.775769562225267,,0.0,0.09554420411586761,0.07382907718420029,6.232569217681885,3.349712610244751,6.137025013566017,3.2758835330605507
2013-10-26,9890,12.59,0.0,0.0,0.0,0.0,0.8245356793743891,,0.0,1.3666974306106567,1.36112380027771,1.143291711807251,0.7994877099990845,-0.22340571880340576,-0.5616360902786255
2013-11-02,10700,12.99,1.0,0.0,0.0,9.247853,1.3703155127624882,,1.0,49.66193389892578,36.7464485168457,4.412751197814941,2.3351891040802,-45.24918270111084,-34.4112594127655
2013-11-03,13200,14.13,0.0,0.0,0.0,36.74645,0.5017673839947591,,0.0,49.7547492980957,36.7464485168457,5.742516994476318,2.3351891040802,-44.012232303619385,-34.4112594127655
2013-11-07,14000,14.43,2.0,1.0,1.0,8.4155245,2.367684483104248,,2.0,55.42596435546875,35.26329803466797,3.2433226108551025,1.6812522411346436,-52.18264174461365,-33.582045793533325
2013-11-08,20200,16.75,2.0,0.0,0.0,35.263298,0.6169496919684466,,2.0,48.432777404785156,35.26329803466797,3.3638367652893066,1.6812522411346436,-45.06894063949585,-33.582045793533325
2013-11-11,14100,14.5,1.0,1.0,0.0,7.3554564,0.4401920728115913,,1.0,9.530051231384277,7.355456352233887,2.342024803161621,1.7458858489990234,-7.188026428222656,-5.609570503234863
2013-11-12,14000,14.47,1.0,1.0,1.0,0.8355285,0.3727882383819095,,1.0,22.419696807861328,14.228713035583496,2.674058437347412,1.7458858489990234,-19.745638370513916,-12.482827186584473
2013-11-15,15400,15.02,0.0,0.0,0.0,2.476483,0.991755170197508,,0.0,47.94287872314453,38.20410919189453,3.552025556564331,2.185607433319092,-44.3908531665802,-36.01850175857544
2013-11-17,17600,15.86,0.0,0.0,0.0,10.951329,3.989389496134364,,0.0,61.54203796386719,38.20410919189453,4.74832010269165,2.185607433319092,-56.79371786117554,-36.01850175857544
2013-11-26,12800,14.4,0.0,0.0,0.0,0.0053654225,6.637775352929142,,0.0,0.06798821687698364,0.039937134832143784,0.8642131090164185,0.38482150435447693,0.7962248921394348,0.34488436952233315
2013-11-30,11800,13.96,0.0,0.0,1.0,3.6179783,0.1048935787665924,,1.0,26.765352249145508,22.672075271606445,3.5253403186798096,2.241762161254883,-23.2400119304657,-20.430313110351562
2013-12-01,14100,14.87,2.0,2.0,1.0,22.672075,1.7072671060327067,,2.0,68.31829833984375,42.02824020385742,5.931634426116943,2.807426929473877,-62.38666391372681,-39.220813274383545
2013-12-02,23100,18.15,2.0,0.0,0.0,42.02824,2.328636291304231,,2.0,69.00341033935547,42.02824020385742,6.816925048828125,2.807426929473877,-62.186485290527344,-39.220813274383545
2013-12-03,17200,16.12,0.0,0.0,0.0,4.303096,2.0142052041936105,,0.0,46.700958251953125,42.02824020385742,5.6564836502075195,2.807426929473877,-41.044474601745605,-39.220813274383545
2013-12-12,11800,13.95,0.0,0.0,0.0,0.18805303,0.3300279615358384,,0.0,9.483851432800293,8.272259712219238,2.695504903793335,1.2822902202606201,-6.788346529006958,-6.989969491958618
2013-12-13,11700,13.91,0.0,0.0,0.0,8.27226,1.7442011329278602,,0.0,15.361602783203125,8.272259712219238,3.8070268630981445,1.611675500869751,-11.55457592010498,-6.660584211349487
2013-12-20,9910,13.05,2.0,2.0,1.0,1.9231218,2.1387487367709697,,2.0,19.4193115234375,15.689715385437012,5.478151321411133,2.294377088546753,-13.941160202026367,-13.395338296890259
2013-12-21,8630,12.38,2.0,2.0,1.0,15.689715,8.772582195135563,,2.0,25.80522346496582,15.689715385437012,5.289133548736572,2.294377088546753,-20.516089916229248,-13.395338296890259
2013-12-26,12400,14.21,0.0,0.0,0.0,1.7397131,0.4049913304772474,,0.0,3.919451951980591,1.8169902563095093,3.268568992614746,1.5673854351043701,-0.6508829593658447,-0.24960482120513916
2014-01-02,11800,13.93,1.0,1.0,0.0,3.3404381,1.8276217814784277,1.1666666666666667,1.0,46.295631408691406,39.94001388549805,3.6779046058654785,1.498699426651001,-42.61772680282593,-38.441314458847046
2014-01-03,14300,15.03,1.0,1.0,0.0,39.940014,0.626509106615497,0.3166666666666666,1.0,47.32497024536133,39.94001388549805,3.276541233062744,1.498699426651001,-44.048429012298584,-38.441314458847046
2014-01-10,16600,15.93,3.0,3.0,2.0,21.983635,5.582336493214213,1.3166666666666669,3.0,88.40068817138672,45.06382751464844,7.44815731048584,3.959195375442505,-80.95253086090088,-41.10463213920593
2014-01-11,28300,19.53,3.0,3.0,2.0,45.063828,4.433266787771323,2.4166666666666665,3.0,119.10821533203125,52.06074905395508,7.729843616485596,3.959195375442505,-111.37837171554565,-48.10155367851257
2014-01-12,38400,22.28,0.0,0.0,1.0,52.06075,1.099393650065409,1.3166666666666669,1.0,141.36587524414062,52.06074905395508,7.300638675689697,3.959195375442505,-134.06523656845093,-48.10155367851257
2014-01-13,36400,21.8,0.0,0.0,1.0,44.24131,2.147488111697346,0.9,1.0,123.0515365600586,52.06074905395508,3.920377731323242,2.0574183464050293,-119.13115882873535,-50.00333070755005
2014-01-14,37300,22.02,0.0,0.0,0.0,26.749474,1.2091274884836911,0.0666666666666666,0.0,73.6058578491211,44.241310119628906,2.3446245193481445,1.284024715423584,-71.26123332977295,-42.95728540420532
2014-01-21,15100,15.36,0.0,0.0,0.0,0.0,0.468442110527632,0.0333333333333333,0.0,0.05479174852371216,0.05479174852371216,0.5561363697052002,0.3515392541885376,0.501344621181488,0.29674750566482544
2014-01-29,12300,14.18,0.0,0.0,0.0,5.1840944,2.8529295547027247,0.6333333333333333,0.0,22.523012161254883,17.278196334838867,5.039916038513184,2.2367634773254395,-17.4830961227417,-15.041432857513428
2014-01-31,11700,13.9,0.0,0.0,0.0,11.901734,1.021410104592264,0.1333333333333333,0.0,32.369197845458984,17.278196334838867,3.5766637325286865,2.2367634773254395,-28.792534112930298,-15.041432857513428
2014-02-04,10700,13.45,0.0,0.0,0.0,0.07602161,5.174024084533531,0.0166666666666666,0.0,0.5277897715568542,0.2786915600299835,2.28267765045166,1.1933752298355103,1.754887878894806,0.9146836698055267
2014-02-05,11300,13.73,0.0,0.0,0.0,0.17307661,1.0770250413843132,0.0,0.0,0.30886247754096985,0.17307661473751068,2.4342732429504395,1.1933752298355103,2.1254107654094696,1.0202986150979996
2014-02-11,11100,13.62,1.0,1.0,0.0,30.752048,2.9193717850950343,0.8833333333333333,1.0,60.11135482788086,30.75204849243164,7.368783950805664,3.8912694454193115,-52.742570877075195,-26.86077904701233
2014-02-12,12600,14.33,1.0,1.0,0.0,24.070862,4.115583027988402,1.0166666666666666,1.0,77.80487060546875,30.75204849243164,8.150603294372559,3.8912694454193115,-69.65426731109619,-26.86077904701233
2014-02-14,13500,14.69,1.0,0.0,0.0,14.482721,2.507773637624282,0.8666666666666667,1.0,55.439456939697266,22.981958389282227,7.902312755584717,2.8955416679382324,-47.53714418411255,-20.086416721343994
2014-02-16,15700,15.6,1.0,0.0,0.0,27.285265,1.2964129462117595,1.35,1.0,77.59937286376953,32.339332580566406,7.463636875152588,2.9737768173217773,-70.13573598861694,-29.36555576324463
2014-02-17,14500,15.11,1.0,0.0,0.0,32.339333,2.005156661066093,1.1833333333333331,1.0,87.4395751953125,32.339332580566406,6.570333003997803,2.9737768173217773,-80.8692421913147,-29.36555576324463
2014-02-19,14100,14.98,0.0,0.0,0.0,38.744682,1.4179766015884137,0.6,0.0,82.2403793334961,38.74468231201172,4.527680397033691,1.9020072221755981,-77.7126989364624,-36.84267508983612
2014-03-03,17200,16.08,0.0,0.0,0.0,43.456158,2.402470658987061,1.5166666666666666,0.0,95.44847106933594,43.45615768432617,6.7947235107421875,2.6669411659240723,-88.65374755859375,-40.7892165184021
2014-03-04,22900,18.03,0.0,0.0,0.0,38.306213,1.5734609272152749,1.0833333333333333,0.0,113.55935668945312,43.45615768432617,6.75784969329834,2.6669411659240723,-106.80150699615479,-40.7892165184021
2014-03-06,37600,22.03,0.0,0.0,0.0,39.881516,3.100674962128962,1.2333333333333334,0.0,109.64730072021484,39.88151550292969,6.662376403808594,3.063960552215576,-102.98492431640625,-36.81755495071411
2014-03-08,30200,20.07,1.0,1.0,1.0,3.5271177,1.7837077037854503,1.7166666666666668,1.0,95.85624694824219,54.360328674316406,7.015082359313965,3.2907190322875977,-88.84116458892822,-51.06960964202881
2014-03-09,40300,22.49,1.0,1.0,1.0,54.36033,1.7979038147966744,0.85,1.0,72.78382873535156,54.360328674316406,7.574780464172363,3.2907190322875977,-65.2090482711792,-51.06960964202881
2014-03-15,28500,19.54,2.0,2.0,2.0,19.704853,3.587765123098957,1.2166666666666666,2.0,67.55875396728516,43.28184127807617,3.6262450218200684,1.4777852296829224,-63.93250894546509,-41.80405604839325
2014-03-16,34800,21.22,2.0,2.0,2.0,43.28184,3.942142353770261,1.3833333333333335,2.0,98.19633483886719,43.28184127807617,4.300662994384766,1.551802158355713,-93.89567184448242,-41.73003911972046
2014-03-17,39300,22.4,0.0,0.0,0.0,35.20964,1.8595159120358604,0.15,0.0,84.8482437133789,43.28184127807617,4.07145357131958,1.551802158355713,-80.77679014205933,-41.73003911972046
2014-03-25,16100,15.51,1.0,0.0,0.0,0.18570924,1.0252728471374044,0.5166666666666667,1.0,15.737953186035156,15.299491882324219,3.6817362308502197,2.093735933303833,-12.056216955184937,-13.205755949020386
2014-03-26,17000,15.82,1.0,0.0,0.0,15.299492,1.8299054102368568,0.15,1.0,22.18381690979004,15.299491882324219,4.894741058349609,2.093735933303833,-17.28907585144043,-13.205755949020386
2014-04-01,18300,16.26,0.0,0.0,0.0,0.59805304,1.25578419398238,0.0166666666666666,0.0,11.60977840423584,11.010884284973145,4.339366912841797,2.3738293647766113,-7.270411491394043,-8.637054920196533
2014-04-04,17500,16.01,0.0,0.0,0.0,6.2942495,1.897381783462395,0.1333333333333333,0.0,10.952003479003906,6.294249534606934,2.864743232727051,1.1832679510116577,-8.087260246276855,-5.110981583595276
2014-04-10,20800,17.16,0.0,0.0,0.0,0.20805697,0.2255929684900564,0.0333333333333333,0.0,14.70905876159668,14.487481117248535,1.340378761291504,0.5370033383369446,-13.368680000305176,-13.95047777891159
2014-04-12,15700,15.33,0.0,0.0,0.0,0.31904322,1.487968686386473,0.0333333333333333,0.0,0.49614930152893066,0.31904321908950806,2.322636604309082,1.2123780250549316,1.8264873027801514,0.8933348059654236
2014-04-25,24000,18.16,0.0,0.0,0.0,19.139711,2.8272020484459963,0.1166666666666666,0.0,35.32223892211914,19.139711380004883,7.198193550109863,3.7570395469665527,-28.124045372009277,-15.38267183303833
2014-05-02,22800,17.79,0.0,0.0,0.0,0.0,0.5288340680211375,0.05,0.0,5.439486980438232,5.439486980438232,1.7009282112121582,1.0753812789916992,-3.738558769226074,-4.364105701446533
2014-05-05,33900,21.06,0.0,0.0,0.0,22.261438,0.8005435243108298,0.2,0.0,45.241058349609375,22.261438369750977,3.123162269592285,1.355116605758667,-42.11789608001709,-20.90632176399231
2014-05-11,24400,18.31,0.0,0.0,0.0,1.4987268,4.308185517453744,0.0999999999999999,0.0,14.928256034851074,13.408101081848145,4.856298446655273,1.9920687675476074,-10.0719575881958,-11.416032314300537
2014-05-12,24100,18.21,0.0,0.0,0.0,0.02142829,5.484091890741281,0.0,0.0,1.5201551914215088,1.4987268447875977,4.437734603881836,1.9920687675476074,2.917579412460327,0.49334192276000977
2014-05-14,25200,18.54,0.0,0.0,0.0,0.0,4.496380706746934,0.1833333333333333,0.0,0.021428290754556656,0.021428290754556656,1.2573903799057007,0.8370141386985779,1.235962089151144,0.8155858479440212
2014-05-30,25400,18.62,0.0,0.0,0.0,1.6383673,2.731212761868153,0.0,0.0,9.393345832824707,7.740143299102783,3.058145761489868,1.0797324180603027,-6.335200071334839,-6.6604108810424805
2014-06-01,23600,18.04,0.0,0.0,0.0,0.0,3.960360544681624,0.0,0.0,0.014834970235824585,0.014834970235824585,4.791401386260986,1.8759938478469849,4.776566416025162,1.8611588776111603
2014-06-09,23900,18.14,0.0,0.0,0.0,0.0080648335,4.059549184816865,0.0,0.0,0.03217681869864464,0.012952848337590694,3.9720869064331055,1.8531383275985718,3.939910087734461,1.840185479260981
2014-06-20,24500,18.33,0.0,0.0,0.0,3.6885817,2.023699726584539,0.1333333333333333,0.0,4.757693767547607,3.688581705093384,5.9331512451171875,3.3212075233459473,1.17545747756958,-0.3673741817474365
2014-06-22,23200,17.92,0.0,0.0,0.0,0.0,3.222068120335869,0.0,0.0,1.0599077939987183,1.0599077939987183,3.9379711151123047,2.0006117820739746,2.8780633211135864,0.9407039880752563
2014-07-05,27200,19.18,1.0,1.0,0.0,0.20135559,1.3797329497663673,0.0,1.0,0.313379168510437,0.20135559141635895,3.1857993602752686,1.2990816831588745,2.8724201917648315,1.0977260917425156
2014-07-06,26500,18.95,1.0,1.0,0.0,0.022416502,1.2472568555361985,0.0,1.0,0.40028876066207886,0.20135559141635895,3.103771209716797,1.2990816831588745,2.703482449054718,1.0977260917425156
2014-07-10,27400,19.23,0.0,0.0,0.0,0.0,2.4387867628064046,0.0,0.0,0.0,0.0,3.3233275413513184,1.4708592891693115,3.3233275413513184,1.4708592891693115
2014-07-17,26800,19.04,0.0,0.0,0.0,0.0,2.792405126074907,0.0166666666666666,0.0,0.1604440063238144,0.1604440063238144,4.6797261238098145,2.118791103363037,4.519282117486,1.9583470970392227
2014-07-18,24400,18.31,2.0,2.0,3.0,0.160444,2.5869304102885224,0.0,3.0,1.667829155921936,1.5073851346969604,3.9191060066223145,2.118791103363037,2.2512768507003784,0.6114059686660767
2014-07-19,21500,17.38,2.0,2.0,3.0,1.5073851,1.2206820300116352,0.5833333333333334,3.0,18.437543869018555,16.76971435546875,2.6739625930786133,1.207666277885437,-15.763581275939941,-15.562048077583313
2014-07-20,26600,18.98,2.0,2.0,3.0,16.769714,1.0180563735975316,0.0833333333333333,3.0,19.956953048706055,16.76971435546875,2.578514575958252,1.1122184991836548,-17.378438472747803,-15.657495856285095
2014-07-27,17900,16.17,0.0,0.0,0.0,0.0,2.8940666984928054,0.0,0.0,0.0,0.0,2.9594247341156006,1.19608473777771,2.9594247341156006,1.19608473777771
2014-08-20,11100,13.38,0.0,0.0,0.0,0.38571906,2.6795337264068086,0.05,0.0,1.2217013835906982,0.6617013812065125,5.25969123840332,2.260380983352661,4.037989854812622,1.5986796021461487
2014-08-22,10100,12.86,0.0,0.0,0.0,0.7211964,4.384947063212084,0.0333333333333333,0.0,1.7776325941085815,0.7211964130401611,9.854124069213867,4.565255165100098,8.076491475105286,3.8440587520599365
2014-08-26,7980,11.76,0.0,0.0,0.0,0.0,1.669402681248825,0.0,0.0,0.267506867647171,0.267506867647171,4.351576805114746,1.854261040687561,4.084069937467575,1.58675417304039
2014-09-01,8100,11.83,0.0,0.0,0.0,2.6888192,2.350295425095944,0.0333333333333333,0.0,7.316605567932129,4.584120273590088,2.4909965991973877,1.350456953048706,-4.825608968734741,-3.233663320541382
2014-09-07,8470,12.03,0.0,0.0,0.0,0.0008369352,1.9819622260937135,0.0,0.0,0.001514734816737473,0.0008369351853616536,4.805456638336182,2.249260425567627,4.803941903519444,2.2484234903822653
2014-09-15,8440,12.03,0.0,0.0,0.0,0.0,1.3220150078842026,0.0166666666666666,0.0,0.06106090545654297,0.04379371553659439,1.005113959312439,0.6541639566421509,0.944053053855896,0.6103702411055565
2014-09-18,6990,11.18,0.0,0.0,0.0,4.8066897,2.1282876504250035,0.3833333333333333,0.0,13.534452438354492,8.727762222290039,4.019190788269043,1.5965757369995117,-9.51526165008545,-7.131186485290527
2014-09-23,8220,11.89,4.0,3.0,2.0,1.5332612,1.4471192178209844,0.6499999999999999,4.0,27.289722442626953,25.75646209716797,4.982377052307129,2.2184698581695557,-22.307345390319824,-23.537992238998413
2014-09-24,8760,12.17,4.0,3.0,2.0,25.756462,1.9525284213615388,1.1166666666666667,4.0,44.561893463134766,25.75646209716797,3.894944190979004,1.7874270677566528,-40.66694927215576,-23.969035029411316
2014-09-25,10700,13.19,4.0,3.0,0.0,17.272171,0.9684404572217435,0.45,4.0,52.353538513183594,25.75646209716797,4.170812129974365,1.7874270677566528,-48.18272638320923,-23.969035029411316
2014-09-28,9430,12.55,0.0,0.0,0.0,0.011829076,2.4197253858919274,0.0166666666666666,0.0,9.644266128540039,9.61076831817627,6.777321815490723,2.5717129707336426,-2.8669443130493164,-7.039055347442627
2014-09-29,8790,12.2,0.0,0.0,0.0,0.02166798,3.169383048241399,0.1666666666666666,0.0,7.824100017547607,7.790603160858154,6.312096118927002,2.5717129707336426,-1.5120038986206055,-5.218890190124512
2014-10-03,11500,13.55,0.0,0.0,1.0,0.15578389,2.129081237251462,0.0,1.0,0.25337329506874084,0.15578389167785645,2.176417589187622,1.0315797328948975,1.9230442941188812,0.875795841217041
2014-10-04,9740,12.7,0.0,0.0,1.0,0.015978388,0.8898001359844095,0.0,1.0,0.36741650104522705,0.19565421342849731,1.6814700365066528,1.0315797328948975,1.3140535354614258,0.8359255194664001
2014-10-10,7950,11.74,0.0,0.0,0.0,5.697446e-05,3.697738070881357,0.0142857142857142,0.0,1.9381002187728882,1.8746916055679321,3.4439995288848877,1.3811523914337158,1.5058993101119995,-0.4935392141342163
2014-10-12,8060,11.81,3.0,3.0,3.0,15.629927,3.896505944667985,0.1571428571428571,3.0,20.681373596191406,15.629926681518555,5.230347633361816,2.5758566856384277,-15.45102596282959,-13.054069995880127
2014-10-13,9630,12.66,3.0,3.0,3.0,3.1767564,8.148337084271068,0.4857142857142857,3.0,42.404151916503906,23.59746742248535,5.3013458251953125,2.5758566856384277,-37.102806091308594,-21.021610736846924
2014-10-14,11600,13.6,3.0,3.0,3.0,23.597467,4.13917900962844,0.5285714285714286,3.0,34.74579620361328,23.59746742248535,5.334845066070557,2.5758566856384277,-29.410951137542725,-21.021610736846924
2014-10-16,15700,15.3,3.0,0.0,0.0,25.5058,1.078556415963495,0.0999999999999999,3.0,35.059383392333984,25.505800247192383,3.815351963043213,1.7137261629104614,-31.24403142929077,-23.79207408428192
2014-10-17,13500,14.46,3.0,3.0,2.0,1.5820079,0.7952562520795488,0.8142857142857142,3.0,46.514686584472656,25.505800247192383,3.2507245540618896,1.7137261629104614,-43.26396203041077,-23.79207408428192
2014-10-18,13500,14.45,3.0,3.0,3.0,19.42688,0.4129786578876124,0.2285714285714286,3.0,25.588207244873047,19.4268798828125,3.533069610595703,1.7137261629104614,-22.055137634277344,-17.71315371990204
2014-10-19,14400,14.84,2.0,3.0,3.0,4.5793185,0.5293424595818377,0.0,3.0,29.072900772094727,19.4268798828125,3.4056038856506348,1.586260199546814,-25.667296886444092,-17.840619683265686
2014-10-20,12600,14.06,2.0,3.0,3.0,5.0667014,1.1550230532839822,0.6857142857142857,3.0,28.058082580566406,18.412063598632812,4.136603355407715,1.586260199546814,-23.92147922515869,-16.825803399086
2014-10-21,14400,14.82,2.0,2.0,2.0,18.412064,1.5705023363278838,0.6285714285714284,2.0,40.09953308105469,18.412063598632812,6.047664642333984,2.961019515991211,-34.0518684387207,-15.451044082641602
2014-10-22,20300,16.99,2.0,2.0,2.0,16.620768,2.992057311848624,2.157142857142857,2.0,85.5279312133789,50.49510192871094,7.17374324798584,2.961019515991211,-78.35418796539307,-47.53408241271973
2014-10-23,32800,20.77,0.0,0.0,0.0,50.495102,2.388463024847121,0.8428571428571429,0.0,85.6099853515625,50.49510192871094,6.430638313293457,2.961019515991211,-79.17934703826904,-47.53408241271973
2014-10-25,21300,17.33,1.0,1.0,1.0,5.782522,1.322753828953106,1.2857142857142858,1.0,59.94001770019531,35.66337203979492,4.629263877868652,2.233156204223633,-55.31075382232666,-33.43021583557129
2014-10-27,27000,19.09,2.0,2.0,0.0,12.84507,0.8806528078300567,0.0285714285714285,2.0,52.199222564697266,35.66337203979492,5.086956024169922,2.240554094314575,-47.112266540527344,-33.42281794548035
2014-10-28,21400,17.37,2.0,2.0,1.0,3.690782,1.9886990342626985,0.9142857142857144,2.0,38.932884216308594,22.397029876708984,4.457764625549316,2.240554094314575,-34.47511959075928,-20.15647578239441
2014-10-29,27800,19.31,2.0,2.0,1.0,22.39703,0.5692573969938766,0.9857142857142858,2.0,41.54144287109375,22.397029876708984,4.504822731018066,2.240554094314575,-37.036620140075684,-20.15647578239441
2014-10-30,29900,19.93,1.0,1.0,1.0,15.453629,1.1560152434802915,1.1285714285714286,1.0,69.25103759765625,31.40038299560547,3.9104537963867188,1.6461855173110962,-65.34058380126953,-29.754197478294373
2014-10-31,33300,20.88,1.0,1.0,1.0,31.400383,1.7610640263371629,0.5714285714285714,1.0,58.809669494628906,31.40038299560547,4.384733200073242,1.6461855173110962,-54.424936294555664,-29.754197478294373
2014-11-02,26800,19.06,0.0,0.0,0.0,0.7026601,1.221225554322465,0.1428571428571428,0.0,18.461101531982422,11.955657958984375,5.186304569244385,1.898233413696289,-13.274796962738037,-10.057424545288086
2014-11-03,23500,18.02,1.0,1.0,1.0,5.8027844,2.403762924202125,0.9714285714285716,1.0,49.02143859863281,42.515995025634766,6.250800132751465,2.5484111309051514,-42.77063846588135,-39.967583894729614
2014-11-04,39600,22.36,1.0,1.0,1.0,42.515995,3.4794539543976906,1.1,1.0,69.46049499511719,42.515995025634766,5.635773181915283,2.5484111309051514,-63.824721813201904,-39.967583894729614
2014-11-05,45300,23.8,3.0,2.0,2.0,21.14172,2.9394187389822664,0.4714285714285714,3.0,77.82889556884766,42.515995025634766,5.450994491577148,2.5484111309051514,-72.37790107727051,-39.967583894729614
2014-11-06,39100,22.37,3.0,2.0,2.0,14.171183,1.6374306386513984,1.557142857142857,3.0,64.82477569580078,29.511869430541992,3.57118558883667,1.7134549617767334,-61.25359010696411,-27.79841446876526
2014-11-07,44700,23.69,3.0,2.0,2.0,29.51187,0.4457740468174895,0.1999999999999999,3.0,44.26265335083008,29.511869430541992,3.1240618228912354,1.7134549617767334,-41.13859152793884,-27.79841446876526
2014-11-09,31500,20.41,1.0,1.0,1.0,3.1395934,1.4767793187966414,0.6142857142857142,1.0,18.917327880859375,15.198131561279297,4.210512161254883,2.16298770904541,-14.706815719604492,-13.035143852233887
2014-11-21,11600,13.62,1.0,1.0,0.0,12.306102,2.379543646242139,1.3,1.0,49.14720153808594,36.11567687988281,6.857959747314453,4.112401962280273,-42.289241790771484,-32.00327491760254
2014-11-22,16800,15.77,1.0,1.0,0.0,36.115677,4.79215031030485,0.6285714285714287,1.0,68.0340576171875,36.11567687988281,8.14943790435791,4.112401962280273,-59.88461971282959,-32.00327491760254
2014-11-24,20100,16.9,3.0,3.0,3.0,24.311155,2.1354353051072685,0.6571428571428571,3.0,70.94425964355469,27.02082633972168,5.175871849060059,2.2961008548736572,-65.76838779449463,-24.724725484848022
2014-11-25,26100,18.8,3.0,3.0,3.0,27.020826,4.074470270460178,2.628571428571429,3.0,117.51089477539062,66.17891693115234,5.106198787689209,2.2264280319213867,-112.40469598770142,-63.95248889923096
2014-11-26,52100,25.1,3.0,3.0,3.0,66.17892,2.6512256163214367,1.6714285714285713,3.0,127.11607360839844,66.17891693115234,6.995965957641602,3.216552734375,-120.12010765075684,-62.962364196777344
2014-11-27,61000,26.87,3.0,3.0,3.0,33.91633,1.0590168203207828,2.185714285714285,3.0,155.8997802734375,66.17891693115234,8.246786117553711,3.216552734375,-147.6529941558838,-62.962364196777344
2014-11-28,71500,28.61,3.0,3.0,3.0,55.80454,1.6507928635051328,1.942857142857143,3.0,135.91635131835938,55.80453872680664,7.87917423248291,3.216552734375,-128.03717708587646,-52.58798599243164
2014-12-05,18600,16.46,1.0,0.0,0.0,5.943724,4.507524608424833,0.4285714285714285,1.0,17.326000213623047,11.13928508758545,3.718806028366089,1.4049155712127686,-13.607194185256958,-9.73436951637268
2014-12-06,20800,17.24,1.0,0.0,0.0,11.139285,2.023628014441627,0.4571428571428572,1.0,29.543548583984375,12.460538864135742,2.855548143386841,1.4049155712127686,-26.688000440597534,-11.055623292922974
2014-12-07,23200,18.08,4.0,4.0,0.0,12.460539,0.3470121662647067,0.0428571428571428,4.0,24.245933532714844,12.460538864135742,3.0418686866760254,1.4049155712127686,-21.20406484603882,-11.055623292922974
2014-12-08,21800,17.6,4.0,4.0,4.0,0.64611,0.8985816702109412,0.5714285714285714,4.0,35.19901657104492,22.092369079589844,4.214727401733398,2.5777742862701416,-30.984289169311523,-19.514594793319702
2014-12-09,30900,20.36,4.0,4.0,4.0,22.09237,2.1918901212906534,1.9,4.0,60.89893341064453,38.16045379638672,7.249152660369873,3.4071574211120605,-53.64978075027466,-34.75329637527466
2014-12-10,47400,24.61,4.0,4.0,4.0,38.160454,2.4453809733425094,1.6571428571428573,4.0,96.73282623291016,38.16045379638672,10.670269012451172,4.685337066650391,-86.06255722045898,-33.47511672973633
2014-12-11,46500,24.4,3.0,4.0,2.0,36.480003,2.56439812432447,0.6857142857142857,4.0,89.98320007324219,38.16045379638672,11.944321632385254,4.685337066650391,-78.03887844085693,-33.47511672973633
2014-12-12,42600,23.48,1.0,0.0,0.0,15.342739,1.6665420487353242,0.1714285714285714,1.0,57.10837173461914,36.480003356933594,9.86719036102295,4.685337066650391,-47.24118137359619,-31.794666290283203
2014-12-18,17600,16.06,1.0,1.0,0.0,4.647507,1.634095507347911,0.7428571428571428,1.0,22.495933532714844,16.667861938476562,5.171046257019043,1.992026925086975,-17.3248872756958,-14.675835013389587
2014-12-19,18100,16.27,1.0,1.0,0.0,16.667862,2.373376608614964,0.6142857142857144,1.0,33.383827209472656,16.667861938476562,5.749814510345459,2.5707955360412598,-27.634012699127197,-14.097066402435303
2014-12-20,18000,16.22,3.0,2.0,2.0,12.068459,3.359539471644771,1.3285714285714287,3.0,68.1375503540039,39.40122985839844,8.080690383911133,3.5405044555664062,-60.05685997009277,-35.86072540283203
2014-12-21,26300,19.02,3.0,2.0,2.0,39.40123,3.1318563111852344,0.8285714285714285,3.0,65.97644805908203,39.40122985839844,7.50476598739624,3.5405044555664062,-58.47168207168579,-35.86072540283203
2014-12-22,24700,18.56,3.0,2.0,2.0,14.506757,3.18867795461262,0.1999999999999999,3.0,56.866920471191406,39.40122985839844,6.572390556335449,3.5405044555664062,-50.29452991485596,-35.86072540283203
2015-01-04,15900,15.37,3.0,3.0,3.0,2.9870021,2.854830649811213,1.542857142857143,3.0,74.14112091064453,64.8818130493164,7.376984596252441,3.376051187515259,-66.76413631439209,-61.50576186180115
2015-01-05,32100,20.52,3.0,3.0,3.0,64.88181,2.0094279768289183,2.142857142857143,3.0,119.49481201171875,64.8818130493164,8.129565238952637,3.376051187515259,-111.36524677276611,-61.50576186180115
2015-01-06,47100,24.53,3.0,3.0,3.0,51.625996,0.2929767565858407,0.1428571428571428,3.0,117.2921142578125,64.8818130493164,6.12832498550415,3.376051187515259,-111.16378927230835,-61.50576186180115
2015-01-09,24500,18.48,0.0,0.0,0.0,0.04736739,0.3043089284717873,0.1571428571428571,0.0,1.1463065147399902,0.8353045582771301,0.5886569023132324,0.26260772347450256,-0.5576496124267578,-0.5726968348026276
2015-01-15,18200,16.29,1.0,1.0,0.0,0.01914342,1.1301182733699957,0.6714285714285715,1.0,15.877251625061035,15.858108520507812,3.74044132232666,2.5743534564971924,-12.136810302734375,-13.28375506401062
2015-01-16,17400,16.0,1.0,1.0,0.0,15.8581085,0.6617422950779017,0.5,1.0,23.815410614013672,15.858108520507812,5.293807029724121,2.5743534564971924,-18.52160358428955,-13.28375506401062
2015-01-17,18300,16.33,1.0,0.0,0.0,7.938159,2.1647566850390283,0.8142857142857142,1.0,54.749061584472656,30.952795028686523,8.328577041625977,3.950847625732422,-46.42048454284668,-27.0019474029541
2015-01-18,24300,18.37,1.0,1.0,0.0,30.952795,1.96439130443768,1.457142857142857,1.0,73.35111999511719,34.46016311645508,6.75425910949707,3.950847625732422,-66.59686088562012,-30.509315490722656
2015-01-20,24300,18.43,0.0,0.0,0.0,9.987858,0.2029693373756662,0.0428571428571428,0.0,44.763282775878906,34.46016311645508,2.018531084060669,1.000035047531128,-42.74475169181824,-33.46012806892395
2015-01-23,17700,16.11,3.0,3.0,3.0,4.3628545,3.509020230264177,1.8,3.0,55.07395553588867,50.410247802734375,5.706020355224609,2.455094814300537,-49.36793518066406,-47.95515298843384
2015-01-24,33100,20.93,3.0,3.0,3.0,50.410248,0.723584408498819,0.5714285714285714,3.0,68.59557342529297,50.410247802734375,5.545995235443115,2.455094814300537,-63.04957818984985,-47.95515298843384
2015-01-25,39000,22.61,3.0,3.0,3.0,13.822473,0.6716114979158013,0.1571428571428571,3.0,64.40958404541016,50.410247802734375,5.005499839782715,2.455094814300537,-59.40408420562744,-47.95515298843384
2015-01-26,30500,20.3,0.0,0.0,3.0,0.17686248,0.7762713405624134,0.0857142857142857,3.0,14.08874225616455,13.82247257232666,3.4523022174835205,1.4897122383117676,-10.63644003868103,-12.332760334014893
2015-01-30,19800,16.88,0.0,0.0,0.0,0.006730845,2.0551220449740533,0.0285714285714285,0.0,0.25135165452957153,0.2098899781703949,5.246890068054199,2.9789011478424072,4.995538413524628,2.7690111696720123
2015-02-04,18400,16.38,4.0,0.0,0.0,1.307617,1.9169552718758205,0.3571428571428571,4.0,27.97509002685547,15.585634231567383,6.353137016296387,3.8657126426696777,-21.621953010559082,-11.719921588897705
2015-02-05,21700,17.54,4.0,3.0,3.0,11.081839,1.6482773585958477,2.2857142857142856,4.0,66.20803833007812,53.818580627441406,10.392187118530273,5.518918037414551,-55.81585121154785,-48.299662590026855
2015-02-06,42400,23.34,4.0,3.0,3.0,53.81858,3.0638035541943336,2.8857142857142857,4.0,120.46900939941406,55.56858444213867,13.719047546386719,5.518918037414551,-106.74996185302734,-50.04966640472412
2015-02-07,59700,27.23,4.0,3.0,3.0,55.568584,1.8454828583178853,1.1285714285714286,4.0,143.43331909179688,55.56858444213867,11.823472023010254,5.518918037414551,-131.60984706878662,-50.04966640472412
2015-02-12,28500,19.74,1.0,0.0,0.0,0.010844794,0.1146838362483183,0.0285714285714285,1.0,6.407008171081543,6.092104434967041,2.605398416519165,1.1568424701690674,-3.801609754562378,-4.935261964797974
2015-02-13,26000,18.98,1.0,0.0,0.0,0.30405894,0.0911451003246679,0.0999999999999999,1.0,2.5807623863220215,2.2658586502075195,2.9681310653686523,1.1568424701690674,0.38736867904663086,-1.1090161800384521
2015-02-19,16800,15.76,0.0,0.0,0.0,0.5730373,0.2519394311387764,0.1714285714285714,0.0,4.943178653717041,4.370141506195068,0.8843292593955994,0.5881814956665039,-4.058849394321442,-3.7819600105285645
2015-02-23,15300,15.12,0.0,0.0,0.0,0.0053929277,0.9487847168403674,0.0142857142857142,0.0,0.10862082242965698,0.10318860411643982,2.2767081260681152,1.096056580543518,2.1680873036384583,0.9928679764270782
2015-03-02,13600,14.4,0.0,0.0,0.0,0.14154027,1.801541914404221,0.1142857142857143,0.0,0.34687623381614685,0.2042004019021988,3.6887688636779785,1.6521437168121338,3.3418926298618317,1.447943314909935
2015-03-07,11800,13.58,0.0,0.0,0.0,0.014485265,0.1785376096090138,0.0857142857142857,0.0,0.02789587527513504,0.014485265128314495,0.4146260619163513,0.2145361304283142,0.3867301866412163,0.20005086529999971
2015-03-13,12100,13.74,1.0,0.0,0.0,6.015627,4.0200512938151896,0.0571428571428571,1.0,29.926219940185547,12.360648155212402,4.108926296234131,2.289292097091675,-25.817293643951416,-10.071356058120728
2015-03-14,13800,14.45,1.0,1.0,1.0,11.549945,2.6935351606496667,1.8142857142857145,1.0,58.26450729370117,40.698936462402344,5.522152423858643,2.597938060760498,-52.74235486984253,-38.100998401641846
2015-03-19,14600,14.83,2.0,2.0,0.0,1.1204343,2.1501656405837,0.4285714285714285,2.0,11.381247520446777,9.150540351867676,4.916896820068359,2.027109146118164,-6.464350700378418,-7.123431205749512
2015-03-20,14600,14.86,2.0,2.0,1.0,9.15054,2.1478144329470803,0.5571428571428572,2.0,25.570587158203125,15.29961109161377,5.721177577972412,2.1840412616729736,-19.849409580230713,-13.115569829940796
2015-03-21,15200,15.1,2.0,2.0,1.0,15.299611,2.313095009289513,0.7857142857142857,2.0,44.90637969970703,20.45623016357422,5.316552639007568,2.1840412616729736,-39.58982706069946,-18.272188901901245
2015-03-23,16900,15.77,0.0,0.0,0.0,6.6497436,1.7597738277544597,0.1857142857142857,0.0,33.04616165161133,20.45623016357422,4.299842357635498,1.73806893825531,-28.74631929397583,-18.71816122531891
2015-03-25,15600,15.27,0.0,1.0,1.0,4.6650195,2.350000723321326,0.4857142857142857,1.0,31.278305053710938,20.673099517822266,5.007719993591309,2.15130615234375,-26.27058506011963,-18.521793365478516
2015-03-26,21300,17.43,0.0,1.0,1.0,20.6731,1.9622012941251843,0.1142857142857143,1.0,25.704896926879883,20.673099517822266,4.351876258850098,2.15130615234375,-21.353020668029785,-18.521793365478516
2015-03-30,21100,17.34,0.0,1.0,0.0,8.084796,0.4210246776570175,0.0999999999999999,1.0,28.314786911010742,14.68055248260498,3.441370725631714,1.3078495264053345,-24.87341618537903,-13.372702956199646
2015-03-31,18300,16.32,0.0,1.0,0.0,5.549438,0.963767388128024,0.6714285714285715,1.0,28.048852920532227,14.414619445800781,3.012380838394165,1.2634546756744385,-25.03647208213806,-13.151164770126343
2015-04-01,17700,16.09,0.0,0.0,0.0,14.414619,1.342647025392712,0.2714285714285714,0.0,28.18110466003418,14.414619445800781,2.867934226989746,1.2634546756744385,-25.313170433044434,-13.151164770126343
2015-05-04,10300,12.83,0.0,0.0,0.0,0.0,2.974066243833686,0.0571428571428571,0.0,4.323546409606934,4.323546409606934,5.218944549560547,3.52854323387146,0.8953981399536133,-0.7950031757354736
2015-05-10,10200,12.77,0.0,0.0,0.0,0.0,5.785937600102505,0.0,0.0,0.0038919448852539062,0.0038919448852539062,6.190600872039795,3.0271663665771484,6.186708927154541,3.0232744216918945
2015-05-28,10400,12.9,0.0,0.0,0.0,0.0263556,4.689903674265674,0.0,0.0,0.23366601765155792,0.20282712578773499,4.737419128417969,2.0355429649353027,4.503753110766411,1.8327158391475677
2015-06-04,11500,13.42,0.0,0.0,0.0,0.72885066,1.661711088929257,0.0,0.0,4.2330474853515625,3.503121852874756,5.670511245727539,2.170612096786499,1.4374637603759766,-1.3325097560882568
2015-06-26,8300,11.74,0.0,0.0,0.0,0.0,4.120314169451453,0.0,0.0,0.0,0.0,2.3764147758483887,0.8834150433540344,2.3764147758483887,0.8834150433540344
2015-07-03,9850,12.59,0.0,0.0,0.0,0.0002318271,3.3029831838124823,0.0,0.0,0.00023182709992397577,0.00023182709992397577,3.8615803718566895,1.4159711599349976,3.8613485447567655,1.4157393328350736
2015-07-08,8060,11.6,0.0,0.0,0.0,0.23122594,3.774944769250164,0.0,0.0,0.25159332156181335,0.23122593760490417,6.845009803771973,2.7738866806030273,6.593416482210159,2.542660742998123
2015-07-09,8030,11.58,0.0,0.0,0.0,0.0,2.971929965962565,0.0,0.0,0.23122593760490417,0.23122593760490417,5.897518157958984,2.377671957015991,5.66629222035408,2.146446019411087
2015-07-16,7660,11.36,1.0,0.0,0.0,0.4265737,1.715895089474848,0.0,1.0,0.6324400901794434,0.4265736937522888,5.951849460601807,2.8034002780914307,5.319409370422363,2.376826584339142
2015-07-17,7950,11.53,1.0,1.0,0.0,0.19594106,2.2317414064259866,0.0,1.0,0.6225147247314453,0.4265736937522888,5.275968074798584,2.8034002780914307,4.653453350067139,2.376826584339142
2015-07-18,7340,11.17,1.0,1.0,0.0,0.0,2.5339159169957783,0.0,1.0,0.19594106078147888,0.19594106078147888,3.733635663986206,1.3635176420211792,3.537694603204727,1.1675765812397003
2015-07-21,7650,11.35,0.0,0.0,0.0,0.29386836,1.986590449265209,0.1714285714285714,0.0,1.8512749671936035,1.5474812984466553,4.422098159790039,1.8783888816833496,2.5708231925964355,0.33090758323669434
2015-07-22,7430,11.22,0.0,0.0,0.0,1.5474813,1.4601274285513528,0.0285714285714285,0.0,2.053987979888916,1.5474812984466553,5.126246929168701,1.8783888816833496,3.072258949279785,0.33090758323669434
2015-07-24,7590,11.31,0.0,0.0,0.0,3.536346e-05,1.890263888286121,0.1142857142857143,0.0,6.782431602478027,6.56975793838501,4.609346389770508,1.8777910470962524,-2.1730852127075195,-4.691966891288757
2015-07-28,7190,11.07,0.0,0.0,0.0,0.0064636543,2.087014315562362,0.0,0.0,2.7858545780181885,2.779390811920166,7.972368240356445,4.31901741027832,5.186513662338257,1.5396265983581543
2015-08-01,7010,10.96,0.0,0.0,0.0,0.0,1.1844320584278305,0.0,0.0,0.0,0.0,3.324103832244873,1.3506160974502563,3.324103832244873,1.3506160974502563
2015-08-05,6270,10.48,0.0,0.0,0.0,1.2206837,2.866628020641524,0.2,0.0,7.143277168273926,5.90487813949585,4.957281589508057,1.9541726112365723,-2.185995578765869,-3.9507055282592773
2015-08-07,6230,10.44,0.0,0.0,0.0,0.07735167,2.4530665724282312,0.0,0.0,5.982229709625244,5.90487813949585,4.7936553955078125,1.9755903482437134,-1.1885743141174316,-3.9292877912521362
2015-08-08,6000,10.29,1.0,1.0,0.0,0.0,1.8345241268994932,0.0,1.0,0.08145775645971298,0.07735166698694229,4.754609107971191,1.9755903482437134,4.673151351511478,1.898238681256771
2015-08-09,5960,10.26,1.0,1.0,0.0,0.0041060904,1.8704376507349985,0.0,1.0,0.004607072565704584,0.0041060904040932655,4.133260726928711,1.9755903482437134,4.128653654363006,1.9714842578396201
2015-08-18,6040,10.31,0.0,0.0,0.0,0.0009862474,5.656171480886751,0.0,0.0,0.0009862474398687482,0.0009862474398687482,3.7058000564575195,1.9104113578796387,3.704813809017651,1.90942511043977
2015-08-25,5850,10.18,0.0,0.0,0.0,0.15951474,1.1087294550910456,0.0142857142857142,0.0,0.1760491281747818,0.15951474010944366,2.512049913406372,1.095191478729248,2.3360007852315903,0.9356767386198044
2015-08-28,5750,10.11,3.0,1.0,0.0,0.19996463,1.6680219641687282,0.1285714285714286,3.0,5.668239593505859,5.46827507019043,5.079738616943359,2.4411754608154297,-0.5885009765625,-3.027099609375
2015-08-29,5890,10.21,3.0,3.0,3.0,5.468275,1.7995463741968551,1.871428571428572,3.0,62.327552795410156,56.6593132019043,5.271815299987793,2.4411754608154297,-57.05573749542236,-54.21813774108887
2015-08-30,8240,11.64,3.0,3.0,3.0,56.659313,1.7574441130943894,0.8428571428571427,3.0,79.99959564208984,56.6593132019043,5.2467570304870605,2.4411754608154297,-74.75283861160278,-54.21813774108887
2015-08-31,10600,12.99,2.0,2.0,2.0,17.872007,0.8912676516236497,1.3857142857142857,2.0,106.16287231445312,56.6593132019043,3.9183731079101562,1.4658763408660889,-102.24449920654297,-55.19343686103821
2015-09-01,14000,14.6,2.0,2.0,2.0,31.631556,0.8361323802024887,0.7714285714285715,2.0,70.95463562011719,31.631555557250977,3.5467607975006104,1.339705228805542,-67.40787482261658,-30.291850328445435
2015-09-02,13900,14.55,0.0,0.0,0.0,21.45107,1.3173053593977009,0.5571428571428572,0.0,66.68755340576172,31.631555557250977,3.0562744140625,1.112791657447815,-63.63127899169922,-30.51876389980316
2015-09-15,7820,11.45,0.0,0.0,0.0,3.134778,1.614460639953377,0.0714285714285714,0.0,4.478061199188232,3.1347780227661133,6.29249382019043,2.918755531311035,1.8144326210021973,-0.21602249145507812
2015-09-19,7780,11.43,2.0,2.0,2.0,2.6630726,0.8579155119358353,0.3428571428571428,2.0,18.55293083190918,11.404695510864258,5.206971168518066,2.2830910682678223,-13.345959663391113,-9.121604442596436
2015-09-20,10200,12.79,2.0,2.0,2.0,11.4046955,0.6963761601557416,1.1857142857142855,2.0,37.39879608154297,23.33102798461914,4.88380241394043,2.2830910682678223,-32.51499366760254,-21.04793691635132
2015-09-21,14400,14.75,2.0,2.0,2.0,23.331028,1.1346764377044676,0.0714285714285714,2.0,35.343284606933594,23.33102798461914,4.558165550231934,2.2830910682678223,-30.78511905670166,-21.04793691635132
2015-09-23,10100,12.71,2.0,2.0,2.0,0.00025147345,2.112944971780135,0.0285714285714285,2.0,0.6804577708244324,0.6075579524040222,6.26992130279541,2.5366299152374268,5.589463531970978,1.9290719628334045
2015-09-24,9780,12.55,2.0,2.0,2.0,0.07264833,1.568946988813319,0.0428571428571428,2.0,1.6965147256851196,1.6236149072647095,5.714611053466797,2.5366299152374268,4.018096327781677,0.9130150079727173
2015-09-25,9160,12.22,2.0,2.0,2.0,1.6236149,1.3747004933051443,0.4142857142857142,2.0,9.199440002441406,7.503177165985107,3.664490222930908,2.5366299152374268,-5.534949779510498,-4.966547250747681
2015-09-28,8760,12.0,0.0,0.0,0.0,0.26913753,2.6067359815160405,0.0,0.0,2.7422261238098145,2.3768606185913086,1.094667911529541,0.3995671272277832,-1.6475582122802734,-1.9772934913635254
2015-10-02,8920,12.09,0.0,0.0,0.0,0.07129077,4.660035050084836,0.1285714285714286,0.0,2.79118275642395,2.7198920249938965,4.516176223754883,2.579181671142578,1.7249934673309326,-0.14071035385131836
2015-10-05,8870,12.07,0.0,0.0,0.0,0.027257366,1.025075690410206,0.0142857142857142,0.0,0.5018723011016846,0.41145774722099304,3.9835503101348877,1.5561026334762573,3.481678009033203,1.1446448862552643
2015-10-06,8190,11.67,4.0,4.0,0.0,0.06315718,0.7009996300728074,0.1142857142857143,4.0,,,4.358120918273926,1.9150586128234863,,
2015-10-07,8320,11.75,4.0,4.0,4.0,2.0607033,1.6043300081218652,0.2857142857142857,4.0,,,4.803714752197266,2.0016965866088867,,
2015-10-08,8680,11.96,4.0,4.0,4.0,14.203102,1.6165657116758532,0.0,4.0,,,5.240508079528809,2.0016965866088867,,
2015-10-09,8960,12.11,4.0,4.0,4.0,0.13821612,2.012067066353365,0.2571428571428572,4.0,,,4.578376770019531,2.0016965866088867,,
2015-10-10,9350,12.32,4.0,4.0,4.0,6.350699,1.1977703103461816,2.414285714285714,4.0,,,3.517430305480957,1.3237528800964355,,
2015-10-11,22500,17.76,4.0,4.0,4.0,58.220207,0.1293935054011437,0.1571428571428571,4.0,68.3564224243164,58.22020721435547,3.3566396236419678,1.2529271841049194,-64.99978280067444,-56.96728003025055
2015-10-12,14800,14.88,0.0,1.0,1.0,3.7855146,0.7431252441209477,0.1571428571428571,1.0,70.4704360961914,58.22020721435547,2.227367401123047,1.1629621982574463,-68.24306869506836,-57.05724501609802
2015-10-18,9930,12.64,0.0,0.0,0.0,3.3652828,1.3405527001585107,0.1,0.0,6.579716682434082,3.3652827739715576,5.259333610534668,2.1882925033569336,-1.320383071899414,-1.176990270614624
2015-10-19,9930,12.64,0.0,0.0,0.0,2.892829,1.2246557507145384,0.1285714285714286,0.0,9.699278831481934,3.441166877746582,5.817272186279297,2.2977254390716553,-3.8820066452026367,-1.1434414386749268
2015-10-22,9490,12.41,0.0,0.0,0.0,0.34832022,4.143626815794858,0.0285714285714285,0.0,0.7359862327575684,0.34832021594047546,8.361366271972656,3.029822826385498,7.625380039215088,2.6815026104450226
2015-10-28,7440,11.23,0.0,0.0,0.0,0.5559902,4.608244416476019,0.3142857142857142,0.0,20.96935272216797,15.819355010986328,3.6542773246765137,1.4381377696990967,-17.315075397491455,-14.381217241287231
2015-10-30,12700,13.92,3.0,3.0,3.0,25.787413,5.658350951374207,1.1714285714285717,3.0,90.62626647949219,49.019500732421875,8.209651947021484,3.691467761993408,-82.4166145324707,-45.32803297042847
2015-10-31,28200,19.59,3.0,3.0,3.0,49.0195,5.896860372117824,2.857142857142857,3.0,149.33714294433594,74.53022766113281,9.627219200134277,3.691467761993408,-139.70992374420166,-70.8387598991394
2015-11-06,15100,15.04,2.0,2.0,2.0,5.0750217,2.1035723806984805,0.3142857142857142,2.0,14.901805877685547,6.6828484535217285,4.490650653839111,1.7771633863449097,-10.411155223846436,-4.905685067176819
2015-11-07,16000,15.43,2.0,2.0,2.0,6.6828485,2.679775729056231,1.2857142857142858,2.0,49.40388870239258,37.646018981933594,4.036667346954346,1.6785963773727417,-45.36722135543823,-35.96742260456085
2015-11-12,17100,15.85,3.0,2.0,2.0,10.345339,1.497465688736234,1.3142857142857145,3.0,63.93889236450195,45.455665588378906,5.4467926025390625,2.2759506702423096,-58.49209976196289,-43.1797149181366
2015-11-13,33500,20.83,3.0,2.0,2.0,45.455666,1.3447897098241504,3.1142857142857143,3.0,143.17044067382812,87.36944580078125,5.2348527908325195,2.2759506702423096,-137.9355878829956,-85.09349513053894
2015-11-14,65600,28.38,0.0,0.0,0.0,87.369446,0.9826758342478183,1.3714285714285717,0.0,167.7897491455078,87.36944580078125,6.8681321144104,3.02504825592041,-160.9216170310974,-84.34439754486084
2015-11-16,44300,23.87,3.0,3.0,3.0,10.813837,6.362536915220541,0.9571428571428572,3.0,81.03856658935547,35.26008605957031,10.408178329467773,4.798619747161865,-70.6303882598877,-30.461466312408447
2015-11-17,44400,23.86,3.0,3.0,3.0,35.260086,10.335695907447937,3.4571428571428577,3.0,130.97604370117188,84.9021224975586,9.51958179473877,4.798619747161865,-121.4564619064331,-80.10350275039673
2015-11-18,73100,29.76,3.0,0.0,0.0,84.90212,4.958033516643623,0.1857142857142857,3.0,123.54510498046875,84.9021224975586,8.665573120117188,4.798619747161865,-114.87953186035156,-80.10350275039673
2015-11-29,14400,14.74,0.0,0.0,0.0,0.04639096,2.975099560013971,0.0,0.0,0.09861493110656738,0.05177406594157219,2.1372556686401367,0.9941726326942444,2.0386407375335693,0.9423985667526722
2015-12-01,13600,14.41,1.0,1.0,0.0,1.034996,3.2610369534532397,0.4285714285714285,1.0,11.448049545288086,10.412603378295898,3.9858713150024414,1.6879961490631104,-7.4621782302856445,-8.724607229232788
2015-12-02,13800,14.48,3.0,3.0,2.0,10.412603,1.9337716660570103,0.2571428571428572,3.0,22.959367752075195,11.511768341064453,6.877251625061035,3.6910319328308105,-16.08211612701416,-7.820736408233643
2015-12-03,15200,15.11,3.0,3.0,2.0,11.511768,1.7398215256293414,1.7428571428571429,3.0,62.34712219238281,40.42274856567383,7.3403825759887695,3.6910319328308105,-55.00673961639404,-36.73171663284302
2015-12-04,20400,17.1,0.0,0.0,0.0,40.42275,0.5778192482004798,0.4285714285714285,0.0,62.25347137451172,40.42274856567383,7.320364475250244,3.6910319328308105,-54.933106899261475,-36.73171663284302
2015-12-05,17700,16.1,2.0,2.0,1.0,10.3189535,1.0789680891297204,1.7142857142857142,2.0,92.07347106933594,41.331764221191406,6.663363456726074,3.0340309143066406,-85.41010761260986,-38.297733306884766
2015-12-06,22500,17.79,2.0,2.0,1.0,41.331764,1.4062908289055736,1.5857142857142856,2.0,87.13483428955078,41.331764221191406,7.988168716430664,3.2861595153808594,-79.14666557312012,-38.04560470581055
2015-12-07,26300,19.06,1.0,1.0,1.0,35.484116,2.603102221836451,0.7428571428571428,1.0,99.05294799804688,41.331764221191406,9.618711471557617,3.298520565032959,-89.43423652648926,-38.03324365615845
2015-12-08,30400,20.22,3.0,3.0,2.0,22.237068,2.3305818190084717,3.085714285714286,3.0,134.87062072753906,77.1494369506836,11.149765014648438,4.565085411071777,-123.72085571289062,-72.58435153961182
2015-12-09,64300,28.09,3.0,3.0,0.0,77.14944,1.7991082481364145,1.4714285714285713,3.0,125.22130584716797,77.1494369506836,11.143426895141602,4.565085411071777,-114.07787895202637,-72.58435153961182
2015-12-17,18500,16.42,0.0,0.0,0.0,1.7087858,3.912290055985071,0.6857142857142857,0.0,33.235740661621094,22.852832794189453,7.211732864379883,3.4378855228424072,-26.02400779724121,-19.414947271347046
2015-12-24,15400,15.16,0.0,0.0,0.0,20.59834,2.986706180677401,0.2285714285714285,0.0,40.37566375732422,20.598339080810547,5.304237365722656,2.3660054206848145,-35.07142639160156,-18.232333660125732
2016-01-06,12200,13.76,0.0,0.0,0.0,3.4957623,2.6875977258777506,,0.0,7.5694122314453125,4.073649883270264,8.579596519470215,3.2796828746795654,1.0101842880249023,-0.7939670085906982
2016-01-12,12100,13.72,1.0,0.0,0.0,12.089341,1.6886225688653569,,1.0,38.005271911621094,25.913747787475586,6.10016393661499,3.221552610397339,-31.905107975006104,-22.692195177078247
2016-01-13,15200,15.08,1.0,0.0,0.0,25.913748,1.2155956344458017,,1.0,53.92587661743164,25.913747787475586,6.6720476150512695,3.221552610397339,-47.25382900238037,-22.692195177078247
2016-01-16,13800,14.5,1.0,0.0,0.0,5.833593,2.51899937794366,,1.0,29.545921325683594,23.209863662719727,8.102460861206055,3.7878260612487793,-21.44346046447754,-19.422037601470947
2016-01-17,15700,15.3,1.0,1.0,0.0,23.209864,2.4103800743574326,,1.0,47.51184844970703,23.209863662719727,9.529178619384766,3.7878260612487793,-37.982669830322266,-19.422037601470947
2016-01-21,16200,15.48,2.0,2.0,2.0,15.318335,4.407272892603316,,2.0,74.53055572509766,53.119503021240234,7.501215934753418,3.05035138130188,-67.02933979034424,-50.069151639938354
2016-01-22,29900,20.13,2.0,2.0,2.0,53.119503,3.5704913831763725,,2.0,88.47969818115234,53.119503021240234,7.512572288513184,3.05035138130188,-80.96712589263916,-50.069151639938354
2016-01-26,20700,17.21,1.0,1.0,1.0,0.5857466,1.9983995998999755,,1.0,28.520248413085938,26.49011993408203,3.8842406272888184,1.5196255445480347,-24.63600778579712,-24.970494389533997
2016-01-27,25000,18.67,3.0,3.0,3.0,26.49012,1.2204987197212525,,3.0,65.40019226074219,38.32432556152344,6.213107109069824,3.3175745010375977,-59.18708515167236,-35.00675106048584
2016-01-28,39900,22.64,3.0,3.0,3.0,38.324326,1.8723222127846009,,3.0,101.9510498046875,38.32432556152344,7.235550880432129,3.3175745010375977,-94.71549892425537,-35.00675106048584
2016-02-02,20100,16.98,0.0,0.0,0.0,4.483589,5.313879916260057,,0.0,8.997272491455078,4.483589172363281,5.128884315490723,2.4526474475860596,-3.8683881759643555,-2.0309417247772217
2016-02-05,16200,15.5,2.0,1.0,1.0,9.054495,0.6730558672726034,,2.0,43.14910125732422,18.05152130126953,4.94866418838501,2.0591368675231934,-38.20043706893921,-15.992384433746338
2016-02-06,17600,16.07,2.0,1.0,1.0,18.051521,0.6063017820570845,,2.0,36.16145324707031,18.05152130126953,4.337627410888672,2.0591368675231934,-31.82382583618164,-15.992384433746338
2016-02-09,18300,16.34,0.0,0.0,0.0,0.14065422,0.3598025539442712,,0.0,1.9921081066131592,1.1229057312011719,0.5598692297935486,0.3610817790031433,-1.4322388768196106,-0.7618239521980286
2016-02-11,23400,18.14,2.0,1.0,0.0,8.930288,0.454652299438496,,2.0,28.846914291381836,18.793720245361328,2.9071333408355713,1.7068982124328613,-25.939780950546265,-17.086822032928467
2016-02-12,28400,19.64,2.0,1.0,0.0,18.79372,0.6816964571721442,,2.0,63.74275207519531,36.018741607666016,4.058149337768555,1.7068982124328613,-59.68460273742676,-34.311843395233154
2016-02-13,39800,22.8,0.0,0.0,0.0,36.01874,1.131197882115157,,0.0,74.26871490478516,36.018741607666016,5.304098129272461,2.085102081298828,-68.9646167755127,-33.93363952636719
2016-02-14,35800,21.77,2.0,2.0,2.0,19.456251,2.2572593561613545,,2.0,91.45465087890625,36.018741607666016,5.670385360717773,2.085102081298828,-85.78426551818848,-33.93363952636719
2016-02-15,44600,23.89,2.0,2.0,2.0,35.97966,6.081391422235725,,2.0,108.13453674316406,52.69862365722656,5.786861419677734,2.085102081298828,-102.34767532348633,-50.613521575927734
2016-02-16,59300,27.15,2.0,2.0,2.0,52.698624,2.1041384313020406,,2.0,93.93838500976562,52.69862365722656,5.749486923217773,2.0731852054595947,-88.18889808654785,-50.62543845176697
2016-02-21,24300,18.44,0.0,0.0,0.0,4.093961,1.4627532916286925,,0.0,29.913330078125,19.544008255004883,2.74249529838562,1.0395792722702026,-27.17083477973938,-18.50442898273468
2016-02-24,20800,17.25,0.0,0.0,0.0,0.29467782,3.8982501823803055,,0.0,1.898844838142395,1.5560864210128784,1.5685476064682007,1.398577332496643,-0.33029723167419434,-0.15750908851623535
2016-02-25,20100,17.01,0.0,0.0,0.0,0.04808055,0.3504849352834077,,0.0,0.34606483578681946,0.29467782378196716,1.3270957469940186,1.157125473022461,0.9810309112071991,0.8624476492404938
2016-03-01,19100,16.64,1.0,1.0,1.0,6.4511614,2.8351331634561534,,1.0,66.2557373046875,37.13125228881836,6.476061820983887,3.172698736190796,-59.77967548370361,-33.95855355262756
2016-03-02,22800,17.92,1.0,1.0,1.0,37.131252,1.0570667460253491,,1.0,62.32916259765625,37.13125228881836,7.463617324829102,3.172698736190796,-54.86554527282715,-33.95855355262756
2016-03-03,24800,18.61,1.0,1.0,0.0,18.74675,1.80837544096768,,1.0,68.68594360351562,37.13125228881836,5.783447265625,2.198777914047241,-62.902496337890625,-34.93247437477112
2016-03-04,25100,18.68,2.0,2.0,0.0,12.807945,1.0450017463043448,,2.0,41.181732177734375,18.746749877929688,6.459142208099365,2.8744726181030273,-34.72258996963501,-15.87227725982666
2016-03-05,22500,17.83,2.0,2.0,0.0,9.627036,2.607618640197239,,2.0,33.33317565917969,12.807945251464844,8.749786376953125,4.382784843444824,-24.583389282226562,-8.42516040802002
2016-03-06,22100,17.69,1.0,1.0,0.0,10.898194,2.015626427267974,,1.0,29.395355224609375,10.898194313049316,10.431848526000977,4.382784843444824,-18.9635066986084,-6.515409469604492
2016-03-09,19300,16.7,2.0,2.0,1.0,1.601886,6.992515277579726,,2.0,43.34125518798828,30.8658447265625,8.460474967956543,4.514051914215088,-34.88078022003174,-26.351792812347412
2016-03-10,22700,17.91,2.0,2.0,1.0,30.865845,6.145663068659727,,2.0,46.5643196105957,30.8658447265625,10.242003440856934,4.514051914215088,-36.32231616973877,-26.351792812347412
2016-03-18,15100,15.06,0.0,0.0,0.0,0.020265225,1.4544871755128863,,0.0,1.5920352935791016,1.282554030418396,0.8039669990539551,0.368870347738266,-0.7880682945251465,-0.91368368268013
2016-03-25,16900,15.77,0.0,0.0,0.0,18.486645,1.109597854008957,,0.0,40.091773986816406,18.486644744873047,2.9853172302246094,1.3946640491485596,-37.1064567565918,-17.091980695724487
2016-04-02,16000,15.43,0.0,0.0,0.0,1.9646366e-06,0.7358928575118987,,0.0,0.11975834518671036,0.11975637823343277,0.4145658314228058,0.2002960741519928,0.29480748623609543,0.08053969591856003
2016-04-15,15900,15.4,0.0,0.0,0.0,8.960717,2.715380084690594,,0.0,10.882606506347656,8.96071720123291,7.105172634124756,3.416774272918701,-3.7774338722229004,-5.543942928314209
2016-04-20,20300,16.86,0.0,0.0,0.0,0.0,2.3823129336053026,,0.0,0.0,0.0,2.484657049179077,1.2012429237365723,2.484657049179077,1.2012429237365723
2016-04-21,23900,18.03,0.0,0.0,0.0,0.0,1.921744279044968,,0.0,0.5889351963996887,0.5889351963996887,2.6110117435455322,1.3275976181030273,2.0220765471458435,0.7386624217033386
2016-04-30,14800,14.55,0.0,0.0,0.0,1.1846308,4.806156704465372,,0.0,1.8423104286193848,1.1846307516098022,3.802673816680908,1.4594765901565552,1.9603633880615234,0.27484583854675293
2016-05-01,14300,14.34,0.0,0.0,0.0,0.1336326,3.041587462981449,,0.0,1.3790491819381714,1.1846307516098022,2.929701328277588,1.4594765901565552,1.5506521463394165,0.27484583854675293
2016-05-04,18600,16.03,0.0,0.0,0.0,2.8217583,1.5062209767317865,,0.0,4.254561901092529,2.821758270263672,1.6123336553573608,0.6099692583084106,-2.6422282457351685,-2.2117890119552612
2016-05-09,18900,16.14,0.0,0.0,0.0,2.0649939,4.0646438469121415,,0.0,2.733687400817871,2.0649938583374023,5.248940944671631,2.353482723236084,2.5152535438537598,0.28848886489868164
2016-05-16,17000,15.44,0.0,0.0,0.0,1.2437898,3.5341122470700324,,0.0,2.4778940677642822,1.243789792060852,4.707684516906738,1.803755521774292,2.229790449142456,0.5599657297134399
2016-05-27,15700,14.89,0.0,0.0,0.0,3.5118685,3.8720163511952377,,0.0,8.427435874938965,4.828958511352539,6.247199058532715,2.536120891571045,-2.18023681640625,-2.292837619781494
2016-06-05,24300,18.05,0.0,0.0,0.0,0.0,3.1863312935671937,,0.0,0.019534379243850708,0.018086442723870277,0.5183044672012329,0.2047981470823288,0.4987700879573822,0.18671170435845852
2016-06-09,21200,17.0,0.0,0.0,0.0,0.6274715,1.344890768146582,,0.0,4.787901401519775,4.160429954528809,2.5420775413513184,1.446919560432434,-2.245823860168457,-2.7135103940963745
2016-06-17,14500,14.41,0.0,0.0,0.0,0.5897485,2.5900758247413096,,0.0,3.004697322845459,2.116015672683716,3.2897372245788574,1.6776002645492554,0.28503990173339844,-0.43841540813446045
2016-06-23,12800,13.63,0.0,0.0,0.0,2.4275265,2.43955431006512,,0.0,17.030221939086914,14.37975788116455,3.2057578563690186,1.5733041763305664,-13.824464082717896,-12.806453704833984
2016-06-25,14800,14.52,0.0,0.0,0.0,1.8136425,2.092091617945809,,0.0,16.193401336669922,14.37975788116455,5.222393989562988,2.5917279720306396,-10.971007347106934,-11.788029909133911
2016-06-27,13700,14.05,0.0,0.0,0.0,0.0,2.15864275986352,,0.0,0.0,0.0,3.043595790863037,1.0772157907485962,3.043595790863037,1.0772157907485962
2016-06-28,15800,14.97,0.0,0.0,0.0,0.0,2.7340700877698767,,0.0,0.0,0.0,4.210816383361816,2.224581718444824,4.210816383361816,2.224581718444824
2016-07-16,12900,13.69,0.0,0.0,0.0,0.67682314,2.9865846626945998,,0.0,2.8524675369262695,1.3302396535873413,4.886863708496094,1.8197375535964966,2.034396171569824,0.4894979000091553
2016-07-21,11800,13.18,0.0,0.0,0.0,0.0,1.78344462148595,,0.0,1.1437740325927734,1.1413064002990723,2.090548515319824,0.798553466796875,0.9467744827270508,-0.34275293350219727
2016-07-29,13300,13.89,0.0,0.0,0.0,0.0018939096,2.092923024144466,,0.0,0.02435166947543621,0.022457759827375412,4.781309127807617,1.884724736213684,4.756957458332181,1.8622669763863087
2016-08-09,9070,11.78,0.0,0.0,0.0,3.3329177,2.852733637954944,,0.0,4.227424621582031,3.3329176902770996,5.733877182006836,2.601099967956543,1.5064525604248047,-0.7318177223205566
2016-08-10,8140,11.25,0.0,0.0,0.0,0.25361493,4.186639221788919,,0.0,3.6459708213806152,3.3329176902770996,6.267223358154297,2.601099967956543,2.6212525367736816,-0.7318177223205566
2016-08-12,7660,10.96,0.0,0.0,0.0,0.0,4.545633515816971,,0.0,0.05943811684846878,0.05943811684846878,4.3118696212768555,2.126948595046997,4.252431504428387,2.0675104781985283
2016-08-13,7990,11.16,0.0,0.0,0.0,0.0,4.235353673129026,,0.0,0.0,0.0,2.54610538482666,1.3534942865371704,2.54610538482666,1.3534942865371704
2016-08-17,7820,11.05,0.0,0.0,0.0,0.0,2.8388756279979086,,0.0,0.0,0.0,1.8488447666168213,1.0241069793701172,1.8488447666168213,1.0241069793701172
2016-08-27,7210,10.68,1.0,1.0,0.0,0.0,1.9357483999098948,,1.0,0.4505521059036255,0.4505521059036255,3.855189085006714,1.4295756816864014,3.4046369791030884,0.9790235757827759
2016-08-28,7010,10.55,1.0,0.0,0.0,0.4505521,2.4510522258663845,,1.0,0.780404806137085,0.4505521059036255,3.985393524169922,1.5597801208496094,3.204988718032837,1.1092280149459839
2016-09-03,8010,11.17,0.0,0.0,0.0,11.965705,1.5087216018880754,,0.0,21.96930503845215,11.965704917907715,4.7773847579956055,2.1085944175720215,-17.191920280456543,-9.857110500335693
2016-09-05,6930,10.51,0.0,0.0,0.0,2.4405205,1.976748939300941,,0.0,4.113210201263428,2.4405205249786377,5.867849349975586,2.244992733001709,1.7546391487121582,-0.1955277919769287
2016-09-16,9440,11.98,2.0,2.0,2.0,5.8939095e-06,3.229465630870528,,2.0,1.959999918937683,1.9599940776824951,5.570306777954102,1.878629207611084,3.6103068590164185,-0.08136487007141113
2016-09-17,9130,11.81,2.0,2.0,2.0,1.9599941,3.143386053124852,,2.0,43.3591423034668,41.39914321899414,4.834278106689453,1.878629207611084,-38.524864196777344,-39.52051401138306
2016-09-18,13300,13.81,2.0,2.0,2.0,41.399143,2.404496372026891,,2.0,49.79682922363281,41.39914321899414,3.5506348609924316,1.8511285781860352,-46.24619436264038,-39.548014640808105
2016-09-24,8470,11.44,0.0,0.0,1.0,6.2247605,3.598250802370014,,1.0,7.9019670486450195,6.22476053237915,9.327999114990234,4.51804256439209,1.4260320663452148,-1.7067179679870605
2016-09-25,8460,11.43,0.0,0.0,1.0,0.9464047,2.978763079199552,,1.0,7.171165466308594,6.22476053237915,5.742277145385742,2.811479330062866,-1.4288883209228516,-3.413281202316284
2016-09-28,7960,11.14,0.0,0.0,0.0,0.061447933,2.0533988869118103,,0.0,0.1050412505865097,0.061447933316230774,0.8419299125671387,0.4321413040161133,0.736888661980629,0.3706933706998825
2016-10-01,7520,10.87,0.0,0.0,0.0,0.27205107,1.416707689319024,,0.0,2.575239658355713,2.2908291816711426,2.6628403663635254,1.1480262279510498,0.0876007080078125,-1.1428029537200928
2016-10-06,7710,10.99,1.0,1.0,1.0,1.0988528,3.802359887492535,,1.0,21.118988037109375,14.211377143859863,5.164445877075195,2.2202327251434326,-15.95454216003418,-11.99114441871643
2016-10-07,8230,11.3,1.0,1.0,1.0,14.211377,3.8627568049037055,,1.0,31.03329849243164,15.723069190979004,5.369052886962891,2.2202327251434326,-25.66424560546875,-13.502836465835571
2016-10-08,10100,12.32,2.0,1.0,1.0,15.723069,4.512091865941692,,2.0,106.21929931640625,76.28485107421875,6.243035316467285,2.2202327251434326,-99.97626399993896,-74.06461834907532
2016-10-09,31000,20.1,2.0,1.0,1.0,76.28485,1.4575887773596294,,2.0,94.98104095458984,76.28485107421875,5.290282726287842,2.1995866298675537,-89.690758228302,-74.0852644443512
2016-10-10,20100,16.57,0.0,0.0,0.0,2.9731216,0.6410470386191589,,0.0,80.95735931396484,76.28485107421875,4.192793369293213,2.1995866298675537,-76.76456594467163,-74.0852644443512
2016-10-11,14900,14.58,0.0,0.0,0.0,1.699387,0.532341143137024,,0.0,4.800895690917969,2.9731216430664062,2.5646932125091553,1.2674798965454102,-2.2362024784088135,-1.705641746520996
2016-10-12,13200,13.81,2.0,1.0,0.0,0.12838703,1.514754928401522,,2.0,10.180484771728516,8.352710723876953,4.033507823944092,2.7362945079803467,-6.146976947784424,-5.6164162158966064
2016-10-13,13300,13.88,3.0,2.0,1.0,8.352711,3.707883375802629,,3.0,55.413265228271484,46.932167053222656,9.348485946655273,6.040704250335693,-46.06477928161621,-40.89146280288696
2016-10-14,27900,19.13,3.0,2.0,2.0,46.932167,2.362195714217811,,3.0,117.63814544677734,62.353267669677734,12.184842109680176,6.040704250335693,-105.45330333709717,-56.31256341934204
2016-10-15,40700,22.91,3.0,2.0,2.0,62.353268,2.9055685408955547,,3.0,134.07778930664062,62.353267669677734,13.848316192626953,6.040704250335693,-120.22947311401367,-56.31256341934204
2016-10-16,33700,21.0,1.0,1.0,0.0,24.79236,3.589704657569351,,1.0,102.4678955078125,62.353267669677734,10.564727783203125,4.399768829345703,-91.90316772460938,-57.95349884033203
2016-10-19,30500,20.05,1.0,1.0,1.0,10.113285,2.254435303040636,,1.0,51.08123016357422,23.777278900146484,3.8938214778900146,1.5924975872039795,-47.187408685684204,-22.184781312942505
2016-10-20,33000,20.71,1.0,1.0,1.0,23.777279,3.5448103761477565,,1.0,73.96163940429688,40.07107925415039,3.3588390350341797,1.5924975872039795,-70.6028003692627,-38.47858166694641
2016-10-24,22400,17.38,2.0,1.0,1.0,1.6366131,1.5757550957987432,,2.0,10.762982368469238,7.258453845977783,6.003510475158691,2.9564907550811768,-4.759471893310547,-4.3019630908966064
2016-10-25,21200,16.97,2.0,1.0,1.0,7.258454,2.5231849284635213,,2.0,11.494048118591309,7.258453845977783,7.676810264587402,2.9564907550811768,-3.8172378540039062,-4.3019630908966064
2016-10-26,20800,16.84,2.0,1.0,0.0,2.5989807,2.3838135153623123,,2.0,59.81574249267578,49.958309173583984,8.697846412658691,3.21877384185791,-51.11789608001709,-46.739535331726074
2016-10-27,36700,21.8,2.0,1.0,0.0,49.95831,2.297927374405585,,2.0,59.83689880371094,49.958309173583984,7.850008964538574,3.21877384185791,-51.98688983917236,-46.739535331726074
2016-10-28,32900,20.77,0.0,0.0,0.0,7.2796106,1.7005776237447792,,0.0,57.936702728271484,49.958309173583984,7.0216779708862305,3.21877384185791,-50.915024757385254,-46.739535331726074
2016-10-31,24200,18.01,0.0,0.0,0.0,5.735047,1.280280607341918,,0.0,32.849910736083984,20.584623336791992,6.159035682678223,2.744399070739746,-26.69087505340576,-17.840224266052246
2016-11-01,28400,19.4,3.0,3.0,3.0,20.584623,0.5118486233128531,,3.0,49.564971923828125,23.245302200317383,6.161699295043945,2.744399070739746,-43.40327262878418,-20.500903129577637
2016-11-02,30400,20.01,3.0,3.0,3.0,23.245302,2.3327261567457978,,3.0,72.77476501464844,28.944839477539062,5.270463943481445,2.060544967651367,-67.50430107116699,-26.884294509887695
2016-11-03,34000,21.1,3.0,3.0,3.0,28.94484,1.6810378214388308,,3.0,52.923648834228516,28.944839477539062,5.04674768447876,2.060544967651367,-47.876901149749756,-26.884294509887695
2016-11-04,29700,19.82,3.0,3.0,3.0,0.7335089,0.8525703739984584,,3.0,31.488676071166992,28.944839477539062,4.924945831298828,1.9387428760528564,-26.563730239868164,-27.006096601486206
2016-11-05,29300,19.69,3.0,3.0,3.0,1.810328,1.8423984095197357,,3.0,40.31706619262695,37.77322769165039,4.7115583419799805,1.9387428760528564,-35.60550785064697,-35.834484815597534
2016-11-07,34600,21.24,4.0,4.0,4.0,6.422507,1.3769719289326463,,4.0,46.94588851928711,37.77322769165039,5.676450729370117,2.213371992111206,-41.26943778991699,-35.559855699539185
2016-11-08,25700,18.5,4.0,4.0,4.0,2.7501514,0.934420588618229,,4.0,9.686943054199219,6.422506809234619,4.9329423904418945,2.213371992111206,-4.754000663757324,-4.209134817123413
2016-11-09,22900,17.56,4.0,4.0,4.0,0.51428485,0.4598331401032076,,4.0,14.106765747070312,10.842329025268555,3.005415916442871,1.8233016729354858,-11.101349830627441,-9.019027352333069
2016-11-10,23000,17.62,3.0,3.0,2.0,10.842329,0.0914962211627287,,3.0,11.744444847106934,10.842329025268555,2.916316032409668,1.7342019081115723,-8.828128814697266,-9.108127117156982
2016-11-11,20800,16.84,3.0,3.0,2.0,0.38783106,0.2415748565240484,,3.0,15.379918098449707,10.842329025268555,4.012580394744873,1.992532730102539,-11.367337703704834,-8.849796295166016
2016-11-12,20700,16.8,3.0,3.0,2.0,4.1497583,0.2632447368040357,,3.0,34.215087890625,29.67749786376953,5.499660015106201,1.992532730102539,-28.7154278755188,-27.684965133666992
2016-11-13,29300,19.67,1.0,1.0,1.0,29.677498,0.7735074264433879,,1.0,64.10774230957031,30.280488967895508,5.539151191711426,1.992532730102539,-58.56859111785889,-28.28795623779297
2016-11-14,31700,20.38,1.0,1.0,1.0,30.280489,1.3509228546806125,,1.0,79.21714782714844,30.280488967895508,5.586418151855469,2.039799213409424,-73.63072967529297,-28.240689754486084
2016-11-19,21100,16.94,1.0,1.0,0.0,2.5994287,1.4773286296780808,,1.0,12.218189239501953,7.336615085601807,6.387868404388428,2.916306972503662,-5.830320835113525,-4.4203081130981445
2016-11-20,19700,16.47,1.0,1.0,0.0,7.336615,1.702348727677787,,1.0,22.392784118652344,12.45673942565918,8.114919662475586,2.992405891418457,-14.277864456176758,-9.464333534240723
2016-11-22,20900,16.89,0.0,0.0,0.0,8.772961,3.237970443023979,,0.0,29.36254119873047,12.45673942565918,8.11341667175293,3.0341029167175293,-21.24912452697754,-9.42263650894165
2016-11-26,24200,17.99,1.0,0.0,0.0,11.368386,1.4394983043281482,,1.0,68.00430297851562,36.08900833129883,6.966712951660156,2.577476739883423,-61.03759002685547,-33.511531591415405
2016-12-02,19500,16.37,0.0,0.0,0.0,4.240853,2.177234391242439,0.6,0.0,37.96480941772461,18.870853424072266,3.861398458480835,1.8092646598815918,-34.103410959243774,-17.061588764190674
2016-12-13,14400,14.36,0.0,0.0,0.0,2.6476073,1.6724104579863974,0.0,0.0,19.671676635742188,16.628761291503906,2.5974040031433105,1.418605923652649,-17.074272632598877,-15.210155367851257
2016-12-14,13900,14.16,0.0,0.0,0.0,0.39530846,2.373876940309458,0.12,0.0,3.180110216140747,2.6476073265075684,5.089780807495117,3.377379894256592,1.9096705913543701,0.7297725677490234
2016-12-15,12500,13.48,0.0,0.0,0.0,0.1371945,3.276890296954404,0.02,0.0,1.919736623764038,1.3872337341308594,8.731956481933594,3.9359710216522217,6.812219858169556,2.5487372875213623
2016-12-19,11000,12.78,1.0,1.0,1.0,9.328319,1.254224093213386,1.08,1.0,35.40243148803711,25.691492080688477,5.187618732452393,2.6413116455078125,-30.214812755584717,-23.050180435180664
2016-12-20,11400,12.98,1.0,0.0,0.0,25.691492,0.7582104203736885,1.18,1.0,56.9583740234375,25.691492080688477,5.896210670471191,2.6413116455078125,-51.06216335296631,-23.050180435180664
2017-01-10,11800,13.2,0.0,0.0,0.0,6.3261456,4.949019279613292,0.0,0.0,27.089208602905273,20.451486587524414,11.539262771606445,5.401616096496582,-15.549945831298828,-15.049870491027832
2017-01-15,11600,13.09,0.0,0.0,0.0,0.09643418,3.983668231107364,0.08,0.0,0.5647465586662292,0.23871904611587524,6.937882900238037,3.339982509613037,6.373136341571808,3.101263463497162
2017-01-16,11500,13.06,4.0,4.0,3.0,0.22959334,2.920969498572991,0.24,4.0,4.129343509674072,3.803316116333008,9.422342300415039,3.652299165725708,5.292998790740967,-0.1510169506072998
2017-01-17,11400,13.01,4.0,4.0,3.0,3.803316,3.679986318893773,1.92,4.0,59.900814056396484,55.86790466308594,12.675853729248047,6.593494892120361,-47.22496032714844,-49.274409770965576
2017-01-18,22500,17.31,4.0,4.0,3.0,55.867905,4.228681757216164,1.52,4.0,98.15786743164062,55.86790466308594,14.545679092407227,6.593494892120361,-83.6121883392334,-49.274409770965576
2017-01-19,29000,19.57,4.0,4.0,3.0,38.486645,4.600091345150338,0.8600000000000001,4.0,114.1526870727539,55.86790466308594,14.418344497680664,6.593494892120361,-99.73434257507324,-49.274409770965576
2017-01-21,19000,16.17,0.0,0.0,0.0,2.101774,4.751520731422526,0.1,0.0,22.872283935546875,19.798131942749023,9.976432800292969,3.524965286254883,-12.895851135253906,-16.27316665649414
2017-01-29,10000,12.28,0.0,0.0,0.0,0.0003536346,0.2874261953918232,0.12,0.0,4.276950836181641,4.207066535949707,2.048825263977051,1.162938117980957,-2.22812557220459,-3.04412841796875
2017-02-05,12300,13.4,0.0,0.0,0.0,27.140118,2.1504004100198606,,0.0,65.665771484375,27.140117645263672,8.488004684448242,3.6710782051086426,-57.17776679992676,-23.46903944015503
2017-02-08,12500,13.52,2.0,2.0,0.0,1.6427819,3.6712876566249006,,2.0,42.562286376953125,30.448396682739258,12.494745254516602,5.999790191650391,-30.067541122436523,-24.448606491088867
2017-02-09,18800,15.95,2.0,2.0,2.0,30.448397,3.231626708329975,,2.0,79.34447479248047,47.2532958984375,11.981671333312988,5.999790191650391,-67.36280345916748,-41.25350570678711
2017-02-10,32900,20.76,2.0,2.0,2.0,47.253296,1.431908596983957,,2.0,95.23421478271484,47.2532958984375,11.130849838256836,5.999790191650391,-84.10336494445801,-41.25350570678711
2017-02-14,14900,14.54,4.0,4.0,4.0,0.34479174,2.1642340337150405,,4.0,17.91845703125,17.402040481567383,6.7078857421875,4.414584636688232,-11.2105712890625,-12.98745584487915
2017-02-15,22400,17.32,4.0,4.0,4.0,17.40204,2.672124022741223,,4.0,78.6241455078125,60.877315521240234,10.987920761108398,5.129011631011963,-67.6362247467041,-55.74830389022827
2017-02-16,47500,24.55,4.0,4.0,4.0,60.877316,1.237040045135251,,4.0,95.41465759277344,60.877315521240234,14.816448211669922,5.272852420806885,-80.59820938110352,-55.60446310043335
2017-02-19,25000,18.65,0.0,0.0,0.0,5.385929,3.296739887451202,,0.0,15.458748817443848,8.65739917755127,10.59937858581543,3.984128713607788,-4.859370231628418,-4.6732704639434814
2017-03-02,11400,13.36,0.0,0.0,0.0,14.186078,0.3684501703938381,0.4599999999999999,0.0,36.33934783935547,14.186078071594238,2.573174476623535,1.2817280292510986,-33.766173362731934,-12.90435004234314
2017-03-09,13200,14.22,1.0,0.0,0.0,12.183167,2.775966925615702,0.9,1.0,54.942649841308594,25.70521354675293,5.594516277313232,2.3130359649658203,-49.34813356399536,-23.39217758178711
2017-03-10,16600,15.65,1.0,0.0,0.0,25.705214,1.0684906763881052,0.5800000000000001,1.0,49.3272705078125,25.70521354675293,5.599980354309082,2.3130359649658203,-43.72729015350342,-23.39217758178711
2017-03-12,19500,16.78,2.0,2.0,0.0,16.228815,1.1009303978887286,0.24,2.0,35.18574142456055,16.22881507873535,6.387500762939453,2.320924758911133,-28.798240661621094,-13.907890319824219
2017-03-13,20100,17.0,2.0,2.0,0.0,7.518035,3.199228732803036,0.9200000000000002,2.0,44.561981201171875,20.81513214111328,6.713891506195068,2.320924758911133,-37.84808969497681,-18.49420738220215
2017-03-14,25900,18.91,1.0,1.0,0.0,20.815132,2.647195683218325,1.4599999999999995,1.0,71.69401550292969,43.360843658447266,6.262641429901123,2.2229228019714355,-65.43137407302856,-41.13792085647583
2017-03-15,41900,23.32,1.0,1.0,0.0,43.360844,1.0173851314068183,0.78,1.0,87.17684936523438,43.360843658447266,5.610920429229736,2.2229228019714355,-81.56592893600464,-41.13792085647583
2017-03-17,28200,19.63,1.0,0.0,0.0,1.965949,1.7689443021912503,0.7799999999999999,1.0,54.9881591796875,30.021339416503906,5.2102155685424805,2.558858871459961,-49.77794361114502,-27.462480545043945
2017-03-18,34600,21.37,1.0,0.0,0.0,30.02134,1.444633679080927,1.44,1.0,64.58828735351562,32.60099411010742,4.301996231079102,2.558858871459961,-60.28629112243652,-30.04213523864746
2017-03-19,45000,24.05,0.0,0.0,0.0,32.600994,0.4977953165977444,0.1,0.0,62.946739196777344,32.60099411010742,4.26399564743042,2.558858871459961,-58.682743549346924,-30.04213523864746
2017-03-28,19200,16.66,1.0,1.0,0.0,10.016209,5.043421599201454,0.86,1.0,55.58701705932617,33.56602096557617,9.989727020263672,4.556100368499756,-45.5972900390625,-29.009920597076416
2017-03-29,25000,18.63,1.0,1.0,0.0,33.56602,4.402477892200324,1.12,1.0,75.80677032470703,33.56602096557617,10.865907669067383,4.556100368499756,-64.94086265563965,-29.009920597076416
2017-04-03,18000,16.2,0.0,0.0,0.0,3.4107583,5.173604764827571,,0.0,9.796838760375977,5.9617509841918945,3.396375894546509,1.6825509071350098,-6.400462865829468,-4.279200077056885
2017-04-04,16800,15.73,1.0,1.0,1.0,0.4243301,3.1164588667828115,,1.0,9.497443199157715,5.662354946136475,4.384256839752197,1.9965177774429321,-5.113186359405518,-3.6658371686935425
2017-04-05,16500,15.64,1.0,1.0,1.0,5.662355,3.6474738519340577,,1.0,26.457077026367188,20.370391845703125,5.827299118041992,2.1482303142547607,-20.629777908325195,-18.222161531448364
2017-04-15,17300,15.95,0.0,0.0,0.0,9.529192,1.8066535228848533,,0.0,22.47469139099121,10.346808433532715,3.459177017211914,2.0254671573638916,-19.015514373779297,-8.321341276168823
2017-04-19,17800,16.13,0.0,0.0,0.0,6.7135897,3.583731676720833,,0.0,21.647247314453125,7.539304733276367,5.2143964767456055,2.3459396362304688,-16.43285083770752,-5.193365097045898
2017-04-23,19000,16.61,0.0,0.0,0.0,4.42434,3.007891022342363,,0.0,12.413097381591797,6.678750038146973,4.9480438232421875,2.3330078125,-7.465053558349609,-4.345742225646973
2017-04-30,16700,15.71,0.0,0.0,0.0,9.2520275,5.740319377365003,,0.0,12.380125999450684,9.25202751159668,4.776834964752197,2.191275119781494,-7.603291034698486,-7.0607523918151855
2017-05-02,15700,15.3,0.0,1.0,0.0,2.2817624,1.3897094108237802,,1.0,7.751082420349121,3.2994086742401123,2.4506819248199463,1.2601215839385986,-5.300400495529175,-2.0392870903015137
2017-05-03,16200,15.51,0.0,1.0,2.0,3.2994087,4.5179670950795545,,2.0,12.5125093460083,6.931338310241699,2.1439058780670166,1.2601215839385986,-10.368603467941284,-5.671216726303101
2017-05-04,20500,17.12,0.0,0.0,2.0,6.9313383,4.362481322810042,,2.0,25.11157989501953,14.88083267211914,2.709886074066162,1.2601215839385986,-22.40169382095337,-13.620711088180542
2017-05-06,40500,,0.0,0.0,0.0,9.777893,1.2441936930513622,,0.0,25.50877571105957,14.88083267211914,2.2360668182373047,0.9507598876953125,-23.272708892822266,-13.930072784423828
2017-05-12,26500,19.14,0.0,0.0,0.0,14.497063,2.7126112106539035,,0.0,16.794157028198242,14.497062683105469,4.310922622680664,2.0430312156677246,-12.483234405517578,-12.454031467437744
2017-05-17,19000,16.58,0.0,0.0,0.0,12.688321,4.0455006313561865,,0.0,25.021434783935547,12.688321113586426,7.658408164978027,3.00321364402771,-17.36302661895752,-9.685107469558716
2017-05-18,17200,15.91,0.0,0.0,0.0,0.28758153,3.505650586200269,,0.0,12.975902557373047,12.688321113586426,7.004252910614014,3.00321364402771,-5.971649646759033,-9.685107469558716
2017-06-06,25100,18.71,0.0,0.0,0.0,0.0,3.010670642867329,,0.0,0.21387818455696106,0.21387818455696106,2.1886768341064453,1.46014404296875,1.9747986495494843,1.246265858411789
2017-06-07,28400,19.72,2.0,2.0,0.0,0.21387818,1.753414799980987,,2.0,1.4473614692687988,1.2334833145141602,4.949270248413086,3.1813607215881348,3.501908779144287,1.9478774070739746
2017-06-08,33100,21.05,2.0,2.0,0.0,1.2334833,1.1873199704884898,,2.0,17.193817138671875,15.746455192565918,6.186304092407227,3.1813607215881348,-11.007513046264648,-12.565094470977783
2017-06-11,25900,18.95,0.0,0.0,0.0,1.6278094,2.239425145542584,,0.0,3.6408309936523438,2.006528377532959,4.387125015258789,2.527627468109131,0.7462940216064453,0.5210990905761719
2017-06-12,24600,18.53,0.0,0.0,0.0,0.0064931232,3.732923313472997,,0.0,2.453608989715576,1.6278094053268433,5.643468856811523,3.7839713096618652,3.1898598670959473,2.156161904335022
2017-06-15,20800,17.25,1.0,1.0,1.0,0.28217286,3.5541982603088798,,1.0,29.53688621520996,27.543472290039062,4.204006195068359,1.567676305770874,-25.3328800201416,-25.97579598426819
2017-06-16,27600,19.43,1.0,1.0,1.0,27.543472,3.6171555285515593,,1.0,29.662132263183594,27.543472290039062,3.9407238960266113,1.567676305770874,-25.721408367156982,-25.97579598426819
2017-06-17,26900,19.24,2.0,2.0,1.0,1.8364872,2.84542705924415,,2.0,30.72894859313965,27.543472290039062,2.725673198699951,1.257719874382019,-28.003275394439697,-26.285752415657043
2017-06-18,22600,17.87,2.0,2.0,1.0,1.3489903,2.8595233519123577,,2.0,5.84596061706543,2.6604833602905273,2.189729690551758,1.1153278350830078,-3.656230926513672,-1.5451555252075195
2017-06-28,22300,17.77,0.0,0.0,0.0,0.0,3.0202718034880625,,0.0,0.0056738704442977905,0.0056738704442977905,3.210514545440674,1.419084906578064,3.204840674996376,1.4134110361337662
2017-07-01,21600,17.53,0.0,0.0,0.0,0.0,2.5198376040291066,0.0,0.0,0.0,0.0,2.353379249572754,1.056890606880188,2.353379249572754,1.056890606880188
2017-07-02,21400,17.47,0.0,0.0,0.0,0.0,1.831510770254547,0.0,0.0,0.0,0.0,2.37075138092041,1.056890606880188,2.37075138092041,1.056890606880188
2017-07-05,18200,16.31,0.0,0.0,0.0,0.0,2.4291698957797303,0.0,0.0,0.0,0.0,2.290865659713745,0.997451901435852,2.290865659713745,0.997451901435852
2017-07-11,17400,15.98,0.0,0.0,0.0,0.06922397,2.429054991020483,0.0,0.0,0.06922397017478943,0.06922397017478943,4.042458534240723,1.8614946603775024,3.9732345640659332,1.792270690202713
2017-07-15,15400,15.17,0.0,0.0,0.0,0.0,2.2325641327687293,0.0,0.0,0.0,0.0,2.3527839183807373,0.9565626382827759,2.3527839183807373,0.9565626382827759
2017-07-19,11400,13.36,0.0,0.0,0.0,0.0,2.075252284145417,0.025,0.0,0.026353633031249046,0.026353633031249046,3.626371383666992,1.3095449209213257,3.600017750635743,1.2831912878900766
2017-07-21,10900,13.12,1.0,2.0,2.0,1.4073046,3.0975336809408964,0.0,2.0,1.5176445245742798,1.4073046445846558,4.376216888427734,1.6633172035217285,2.8585723638534546,0.25601255893707275
2017-07-22,10500,12.94,1.0,2.0,2.0,0.083986245,2.7021393778196616,0.0,2.0,1.525357723236084,1.4073046445846558,4.16933012008667,1.6633172035217285,2.643972396850586,0.25601255893707275
2017-07-23,10800,13.08,1.0,2.0,2.0,0.034066796,3.5439748366843777,0.0,2.0,0.12040077894926071,0.08398624509572983,3.838794708251953,1.6633172035217285,3.7183939293026924,1.5793309584259987
2017-07-26,10500,12.93,0.0,0.0,0.0,0.0,2.8041909237639997,0.0,0.0,0.0,0.0,3.3048582077026367,1.1866554021835327,3.3048582077026367,1.1866554021835327
2017-08-13,9110,12.2,0.0,0.0,0.0,1.1409391,2.8913947495138244,0.175,0.0,5.141112327575684,3.9995737075805664,6.872951507568359,2.635673999786377,1.7318391799926758,-1.3638997077941895
2017-08-17,8650,11.94,0.0,0.0,0.0,0.0,2.483775902653349,0.0,0.0,0.0,0.0,4.289630889892578,3.053372383117676,4.289630889892578,3.053372383117676
2017-08-21,6810,10.83,0.0,0.0,0.0,0.0,3.0880503183647154,0.0,0.0,0.0,0.0,4.077973365783691,1.687830924987793,4.077973365783691,1.687830924987793
2017-08-22,7650,11.35,0.0,0.0,0.0,0.0,2.6150016843053736,0.0,0.0,0.0,0.0,4.16557502746582,1.687830924987793,4.16557502746582,1.687830924987793
2017-09-09,8220,11.69,1.0,0.0,0.0,1.1422946,1.3524916353055207,0.375,1.0,7.271353721618652,6.1129021644592285,2.828671455383301,1.2979661226272583,-4.442682266235352,-4.81493604183197
2017-09-12,7920,11.51,0.0,0.0,0.0,0.0,0.9489901400970078,0.0,0.0,0.027192534878849983,0.027192534878849983,2.026638984680176,0.8329418897628784,1.9994464498013258,0.8057493548840284
2017-09-17,7200,11.08,1.0,1.0,1.0,0.056025542,1.6172853130638032,0.275,1.0,7.0996994972229,7.043673992156982,5.37451171875,2.51554012298584,-1.7251877784729004,-4.528133869171143
2017-09-24,6900,10.89,0.0,0.0,0.0,0.008098232,2.567806207750285,0.0,0.0,0.09433987736701965,0.05100392550230026,10.935768127441406,5.123342990875244,10.841428250074387,5.072339065372944
2017-10-04,6670,10.74,0.0,0.0,0.0,0.2136837,2.3784658974661026,0.0333333333333333,0.0,0.8318899869918823,0.3796561658382416,3.2279469966888428,1.752062439918518,2.3960570096969604,1.3724062740802765
2017-10-06,6870,10.86,1.0,0.0,0.0,0.20601572,3.4137395919227744,0.5499999999999999,1.0,13.907158851623535,13.462593078613281,2.9259133338928223,1.3217664957046509,-10.981245517730713,-12.14082658290863
2017-10-07,6630,10.71,1.0,0.0,0.0,13.462593,3.758733485024149,0.3999999999999999,1.0,31.988006591796875,18.31939697265625,2.912787675857544,1.3217664957046509,-29.07521891593933,-16.9976304769516
2017-10-15,6700,10.76,0.0,0.0,0.0,1.3377936,1.3479142512900952,0.0166666666666666,0.0,7.544785976409912,6.193866729736328,3.204829692840576,1.2178431749343872,-4.339956283569336,-4.976023554801941
2017-10-16,6800,10.82,3.0,3.0,3.0,0.013125737,0.3101922174758565,0.1833333333333333,3.0,8.48756217956543,7.1366424560546875,3.9528965950012207,1.7371644973754883,-4.534665584564209,-5.399477958679199
2017-10-17,8560,11.89,3.0,3.0,3.0,7.1366425,0.230240204679269,1.0,3.0,29.95353889465332,22.803770065307617,4.498710632324219,1.7371644973754883,-25.4548282623291,-21.06660556793213
2017-10-18,12700,13.97,4.0,4.0,4.0,22.80377,0.98299388896811,2.95,4.0,113.73433685302734,83.7939224243164,5.758852005004883,2.47798490524292,-107.97548484802246,-81.31593751907349
2017-10-19,36400,21.73,4.0,4.0,4.0,83.79392,1.699967760535175,1.3833333333333335,4.0,138.38792419433594,83.7939224243164,6.684594631195068,2.662907123565674,-131.70332956314087,-81.13101530075073
2017-10-21,22500,17.81,3.0,3.0,1.0,10.990424,5.806458846116488,1.7666666666666666,3.0,106.46504211425781,63.68438720703125,8.324999809265137,3.3732807636260986,-98.14004230499268,-60.31110644340515
2017-10-22,37900,22.13,3.0,3.0,1.0,63.684387,4.202121191454889,1.15,3.0,92.94522857666016,63.68438720703125,6.237720489501953,3.3732807636260986,-86.7075080871582,-60.31110644340515
2017-10-25,16400,15.6,1.0,1.0,1.0,0.3706385,1.0668601034556158,0.1833333333333333,1.0,7.735151290893555,6.824640274047852,1.641361951828003,0.745720624923706,-6.093789339065552,-6.0789196491241455
2017-10-31,11900,13.64,0.0,0.0,0.0,0.0,1.3184229941782968,0.0666666666666666,0.0,1.006974458694458,0.9244793653488159,1.482933521270752,1.1113569736480713,0.47595906257629395,0.18687760829925537
2017-11-03,12100,13.74,0.0,0.0,0.0,16.740257,2.26961781767756,0.2,0.0,26.67898178100586,16.740257263183594,5.7231597900390625,2.3662633895874023,-20.955821990966797,-14.373993873596191
2017-11-05,11100,13.25,0.0,0.0,0.0,1.8379941,3.200152930794682,0.0833333333333333,0.0,9.094987869262695,3.973827362060547,4.596783638000488,2.3662633895874023,-4.498204231262207,-1.6075639724731445
2017-11-08,8690,11.96,1.0,0.0,0.0,1.5590276,2.432043961403574,0.0833333333333333,1.0,2.831216335296631,1.5590275526046753,5.499664306640625,2.7907519340515137,2.668447971343994,1.2317243814468384
2017-11-09,8960,12.12,1.0,0.0,0.0,1.1259116,1.5178480570555863,0.2,1.0,10.587763786315918,7.902824878692627,5.960259437561035,2.7907519340515137,-4.627504348754883,-5.112072944641113
2017-11-12,9670,12.5,2.0,2.0,0.0,4.9555426,1.350808363247837,0.8333333333333334,2.0,27.941848754882812,22.56880760192871,4.133670806884766,2.369126796722412,-23.808177947998047,-20.1996808052063
2017-11-13,11800,13.58,2.0,2.0,0.0,22.568808,1.1460241093331185,1.2333333333333334,2.0,60.85641860961914,33.332069396972656,5.076279640197754,2.369126796722412,-55.78013896942139,-30.962942600250244
2017-11-14,14900,14.99,2.0,2.0,1.0,33.33207,1.0422097259852154,0.6833333333333335,2.0,75.62609100341797,33.332069396972656,6.381843566894531,2.369126796722412,-69.24424743652344,-30.962942600250244
2017-11-15,15900,15.39,1.0,1.0,1.0,19.725212,2.862950035029418,0.95,1.0,71.62293243408203,33.332069396972656,7.275204658508301,3.2624876499176025,-64.34772777557373,-30.069581747055054
2017-11-19,13300,14.27,2.0,2.0,2.0,0.6956896,1.207711225326993,1.0166666666666666,2.0,38.1850471496582,30.660114288330078,6.555817127227783,3.1438803672790527,-31.62923002243042,-27.516233921051025
2017-11-20,15100,15.06,2.0,2.0,2.0,30.660114,1.716670903263006,0.5833333333333334,2.0,48.928688049316406,30.660114288330078,7.4708709716796875,3.1438803672790527,-41.45781707763672,-27.516233921051025
2017-11-21,19500,16.75,4.0,4.0,4.0,17.572886,1.8808485179146028,2.533333333333333,4.0,120.85352325439453,72.62052154541016,7.946944236755371,3.1438803672790527,-112.90657901763916,-69.4766411781311
2017-11-22,50600,24.96,4.0,4.0,4.0,72.62052,1.44663149258389,2.533333333333333,4.0,142.87515258789062,72.62052154541016,6.99537467956543,2.725297212600708,-135.8797779083252,-69.89522433280945
2017-11-23,76900,30.22,4.0,4.0,4.0,52.681747,1.4924491453441877,2.0500000000000003,4.0,164.2381591796875,72.62052154541016,6.080428123474121,2.725297212600708,-158.15773105621338,-69.89522433280945
2017-11-25,55900,25.94,3.0,3.0,3.0,7.3092413,0.4675726782935403,0.5,3.0,59.940853118896484,38.935882568359375,6.027787208557129,3.4608118534088135,-53.913065910339355,-35.47507071495056
2017-11-26,40600,22.49,3.0,3.0,3.0,13.695727,1.3457279609158488,1.4,3.0,57.2769775390625,36.27200698852539,6.759917259216309,3.4608118534088135,-50.51706027984619,-32.81119513511658
2017-11-28,38900,22.09,0.0,0.0,0.0,7.0087347,0.6871116539465445,0.7999999999999999,0.0,66.23505401611328,36.27200698852539,4.676774024963379,1.9319605827331543,-61.5582799911499,-34.340046405792236
2017-12-07,16500,15.13,0.0,0.0,0.0,0.028591357,1.6556699092128402,0.0333333333333333,0.0,0.49641847610473633,0.32333987951278687,0.7337091565132141,0.4023143947124481,0.23729068040847778,0.07897451519966125
2017-12-11,15400,14.68,0.0,0.0,0.0,0.0,0.2257750388010226,0.0333333333333333,0.0,0.018990177661180496,0.016111984848976135,0.6907442808151245,0.3703996241092682,0.671754103153944,0.35428763926029205
2017-12-15,12900,13.61,0.0,0.0,0.0,0.6610118,0.5662008477325944,0.3666666666666667,0.0,8.329532623291016,7.571432113647461,1.7445032596588135,1.06174898147583,-6.585029363632202,-6.509683132171631
2017-12-17,12200,13.26,1.0,1.0,1.0,4.4776034,1.3598657928945046,1.25,1.0,58.58934783935547,46.540313720703125,4.338381767272949,1.6407076120376587,-54.25096607208252,-44.899606108665466
2017-12-18,18400,15.86,1.0,1.0,1.0,46.540314,1.5626241271061567,0.8800000000000001,1.0,76.62564086914062,46.540313720703125,5.849084854125977,2.5724518299102783,-70.77655601501465,-43.96786189079285
2017-12-19,19800,16.38,1.0,0.0,0.0,25.60772,4.906812446913381,1.96,1.0,114.66746520996094,46.540313720703125,6.295348167419434,2.5724518299102783,-108.3721170425415,-43.96786189079285
2017-12-20,20700,16.71,0.0,0.0,0.0,42.51943,1.9781499093781711,0.04,0.0,69.23331451416016,42.51942825317383,5.635472297668457,2.5724518299102783,-63.5978422164917,-39.94697642326355
2017-12-29,14700,14.4,1.0,1.0,0.0,34.11379,2.105373864127189,1.34,1.0,87.1199951171875,45.074195861816406,6.524484157562256,2.8792710304260254,-80.59551095962524,-42.19492483139038
2017-12-30,23800,17.73,1.0,1.0,0.0,45.074196,0.6263433627001792,0.8400000000000001,1.0,93.04547119140625,45.074195861816406,5.302268981933594,2.8792710304260254,-87.74320220947266,-42.19492483139038
2018-01-03,16400,15.11,0.0,0.0,0.0,0.48501575,0.755186110577231,0.06,0.0,0.8421533107757568,0.48501574993133545,0.873380184173584,0.5906340479850769,0.03122687339782715,0.10561829805374146
2018-01-04,15900,14.89,1.0,1.0,0.0,0.24638312,1.164732712103646,0.06,1.0,4.761817455291748,4.030418395996094,2.554777145385742,1.7506213188171387,-2.207040309906006,-2.279797077178955
2018-01-05,15100,14.54,1.0,1.0,1.0,4.0304184,0.7593001556174168,0.64,1.0,24.04184341430664,19.76504135131836,3.5931849479675293,1.7506213188171387,-20.44865846633911,-18.01442003250122
2018-01-07,17600,15.54,1.0,1.0,0.0,4.6825657,2.675426501253413,0.26,1.0,37.94843673706055,19.76504135131836,6.895586013793945,3.535736083984375,-31.0528507232666,-16.229305267333984
2018-01-08,18600,15.96,1.0,1.0,0.0,13.500829,2.892725867417268,0.38,1.0,32.444087982177734,14.26069164276123,10.443114280700684,4.799457550048828,-22.00097370147705,-9.461234092712402
2018-01-15,24200,17.91,1.0,1.0,0.0,0.7087721,0.8685735483457643,0.06,1.0,6.082915782928467,3.6332812309265137,2.656740665435791,1.6660233736038208,-3.426175117492676,-1.9672578573226929
2018-01-16,22700,17.39,1.0,1.0,0.0,1.7408625,0.7731352259552492,0.34,1.0,10.295180320739746,7.845545768737793,4.808088302612305,2.389224052429199,-5.487092018127441,-5.456321716308594
2018-01-17,24400,17.97,3.0,3.0,2.0,7.845546,1.0666226473973863,0.8600000000000001,3.0,39.191951751708984,29.60554313659668,7.202651023864746,3.1474039554595947,-31.98930072784424,-26.458139181137085
2018-01-18,28300,19.17,3.0,3.0,2.0,29.605543,1.4158087042421763,0.76,3.0,53.67239761352539,29.60554313659668,7.599358558654785,3.1474039554595947,-46.073039054870605,-26.458139181137085
2018-01-20,23800,17.75,1.0,1.0,1.0,14.61175,0.9858340618212404,0.4800000000000001,1.0,41.645606994628906,16.221309661865234,6.932742118835449,3.1083059310913086,-34.71286487579346,-13.113003730773926
2018-01-21,24700,18.05,1.0,1.0,1.0,10.812547,3.5391881028108267,0.92,1.0,47.627899169921875,22.203603744506836,6.876594543457031,3.1083059310913086,-40.751304626464844,-19.095297813415527
2018-01-28,22600,17.36,2.0,2.0,2.0,21.675642,2.799608786494145,0.64,2.0,49.08160400390625,21.675642013549805,6.27592658996582,2.416146755218506,-42.80567741394043,-19.2594952583313
2018-01-29,28100,19.08,2.0,2.0,2.0,14.610506,0.978603121854844,1.96,2.0,88.52635192871094,52.24020004272461,6.393498420715332,2.416146755218506,-82.1328535079956,-49.8240532875061
2018-01-30,39900,22.34,0.0,0.0,0.0,52.2402,0.4400815079803008,0.4599999999999999,0.0,78.00714874267578,52.24020004272461,5.44940185546875,2.416146755218506,-72.55774688720703,-49.8240532875061
2018-02-02,26500,18.64,1.0,0.0,0.0,15.11451,0.8814862806610744,1.0,1.0,58.14924621582031,29.09541893005371,4.243616104125977,1.9142463207244873,-53.905630111694336,-27.181172609329224
2018-02-03,34000,20.79,1.0,1.0,1.0,29.095419,2.891876481517074,0.8800000000000001,1.0,76.04420471191406,31.83427619934082,5.832736968994141,2.388772964477539,-70.21146774291992,-29.44550323486328
2018-02-04,44500,23.4,1.0,1.0,1.0,31.834276,3.733339119903943,1.48,1.0,99.14071655273438,38.21102523803711,5.451578140258789,2.388772964477539,-93.68913841247559,-35.82225227355957
2018-02-06,46700,23.95,0.0,0.0,2.0,8.081538,3.4424219691286453,0.26,2.0,51.53755569458008,38.21102523803711,3.3501312732696533,1.5330874919891357,-48.187424421310425,-36.677937746047974
2018-02-07,36500,21.48,0.0,0.0,2.0,5.2449903,3.2237776386245325,0.38,2.0,22.55781364440918,9.231285095214844,4.040257453918457,2.2232139110565186,-18.517556190490723,-7.008071184158325
2018-02-08,33700,20.73,0.0,0.0,2.0,9.231285,0.9670525069283852,0.62,2.0,25.543941497802734,11.067666053771973,4.014108657836914,2.2232139110565186,-21.52983283996582,-8.844452142715454
2018-02-12,24700,18.05,0.0,0.0,0.0,0.059620824,0.7015890336220417,0.1399999999999999,0.0,0.8596345782279968,0.49502161145210266,1.4818837642669678,0.7687749266624451,0.622249186038971,0.2737533152103424
2018-02-13,22800,17.43,0.0,0.0,0.0,0.30499214,0.9138668964761852,0.36,0.0,7.497070789337158,7.132457733154297,2.565250873565674,1.4123492240905762,-4.931819915771484,-5.720108509063721
2018-02-19,18400,15.89,0.0,0.0,0.0,1.0673969,3.688206969097647,0.06,0.0,38.00474166870117,36.935115814208984,4.26416015625,1.8512403964996338,-33.74058151245117,-35.08387541770935
2018-03-01,19000,16.08,0.0,0.0,0.0,12.734884,4.358017190247975,0.44,0.0,29.809640884399414,12.734884262084961,7.17112922668457,2.9533638954162598,-22.638511657714844,-9.781520366668701
2018-03-08,18000,15.7,0.0,0.0,0.0,0.9504597,1.1475914433153742,1.16,0.0,33.80317306518555,32.50665283203125,2.6894869804382324,1.3453946113586426,-31.113686084747314,-31.161258220672607
2018-03-17,13200,13.73,0.0,0.0,0.0,0.04724558,1.3093920174258442,0.06,0.0,1.1259706020355225,1.0418291091918945,5.023944854736328,2.3351683616638184,3.8979742527008057,1.2933392524719238
2018-03-26,11300,12.81,0.0,0.0,1.0,1.6862475,3.0045726307609963,0.48,1.0,24.148042678833008,18.876895904541016,5.617964744567871,2.5572192668914795,-18.530077934265137,-16.319676637649536
2018-03-27,12400,13.37,0.0,0.0,1.0,18.876896,4.346593879874927,0.62,1.0,43.36285400390625,22.799713134765625,5.915177345275879,2.5572192668914795,-37.44767665863037,-20.242493867874146
2018-04-04,13100,13.69,1.0,0.0,0.0,1.4003379,0.9549393546733792,0.26,1.0,19.138317108154297,12.593135833740234,3.715610980987549,2.2379698753356934,-15.422706127166748,-10.355165958404541
2018-04-05,12700,13.51,1.0,0.0,0.0,12.593136,1.9381630531599845,0.58,1.0,25.924238204956055,12.593135833740234,5.704207897186279,2.7658419609069824,-20.220030307769775,-9.827293872833252
2018-04-06,14000,14.08,1.0,0.0,0.0,11.930764,5.387396642549067,0.48,1.0,30.64487648010254,12.593135833740234,8.94580364227295,3.9419915676116943,-21.69907283782959,-8.65114426612854
2018-04-07,16000,14.91,2.0,1.0,0.0,6.120977,3.853737607955708,0.86,2.0,42.465579986572266,24.41383934020996,9.343374252319336,3.9419915676116943,-33.12220573425293,-20.471847772598267
2018-04-08,22800,17.43,2.0,1.0,0.0,24.41384,1.4130673164158811,0.4599999999999999,2.0,46.39617919921875,24.41383934020996,6.986728191375732,3.9419915676116943,-39.40945100784302,-20.471847772598267
2018-04-10,19300,16.22,1.0,1.0,1.0,1.2306032,0.7573389215072364,0.24,1.0,22.567214965820312,15.861364364624023,3.4963388442993164,1.8610750436782837,-19.070876121520996,-14.00028932094574
2018-04-16,22800,17.44,0.0,0.0,0.0,11.638637,2.4935702933997965,0.8400000000000001,0.0,68.68124389648438,31.498050689697266,5.159903049468994,2.043445110321045,-63.52134084701538,-29.45460557937622
2018-04-19,18900,16.04,0.0,0.0,0.0,0.59554225,0.2711646919994461,0.12,0.0,10.545228004455566,9.854931831359863,1.825406789779663,1.1014683246612549,-8.719821214675903,-8.753463506698608
2018-04-22,15500,14.74,0.0,0.0,0.0,6.675941,3.367328402348521,0.12,0.0,10.342899322509766,6.675940990447998,2.4574317932128906,2.003262758255005,-7.885467529296875,-4.672678232192993
2018-05-04,20500,16.62,0.0,0.0,0.0,0.00039882123,1.7736008382260855,0.0,0.0,0.018891945481300354,0.01849312335252762,1.2582237720489502,0.6697974801063538,1.2393318265676498,0.6513043567538261
2018-05-12,22400,17.3,0.0,0.0,0.0,0.7115148,1.9025601441682731,0.02,0.0,5.82084321975708,5.0898332595825195,2.7002809047698975,1.2335364818572998,-3.1205623149871826,-3.8562967777252197
2018-05-14,27400,18.9,0.0,0.0,0.0,0.00039882123,2.5903269205731188,0.0,0.0,0.019893908873200417,0.01949508674442768,2.152651786804199,1.0854047536849976,2.132757877930999,1.0659096669405699
2018-05-16,35200,21.12,0.0,0.0,0.0,0.00022200393,3.182611768644641,0.0,0.0,0.051825150847435,0.05160314589738846,3.286224603652954,1.4050158262252808,3.234399452805519,1.3534126803278923
2018-05-20,26700,18.71,0.0,0.0,0.0,1.7431217,3.248002289828656,0.02,0.0,3.438891649246216,1.7431217432022095,5.424971580505371,3.1859426498413086,1.9860799312591553,1.4428209066390991
2018-05-22,26300,18.56,0.0,0.0,0.0,0.0,3.304722874933609,0.0,0.0,0.4435776174068451,0.4435776174068451,2.9699409008026123,1.1585065126419067,2.526363283395767,0.7149288952350616
2018-05-29,22400,17.31,0.0,0.0,0.0,0.0,3.908509152081409,0.02,0.0,0.4937485158443451,0.4937485158443451,5.202598571777344,2.0515377521514893,4.708850055932999,1.5577892363071442
2018-05-30,21100,16.84,0.0,0.0,0.0,0.49374852,3.767378621514883,0.02,0.0,0.5303202271461487,0.4937485158443451,4.932514190673828,2.0515377521514893,4.402193963527679,1.5577892363071442
2018-06-07,17500,15.52,1.0,1.0,1.0,0.16003534,1.7935674001144917,0.0,1.0,0.1906208097934723,0.16003534197807312,3.6947240829467773,2.1394944190979004,3.504103273153305,1.9794590771198273
2018-06-08,18100,15.75,1.0,1.0,1.0,0.028043222,2.265513692472705,0.36,1.0,9.301140785217285,9.113061904907227,5.106897354125977,2.1394944190979004,-4.194243431091309,-6.973567485809326
2018-06-15,15700,14.81,0.0,0.0,0.0,0.25785854,2.339982929616702,0.02,0.0,8.964089393615723,8.55080509185791,4.4896745681762695,2.9817750453948975,-4.474414825439453,-5.569030046463013
2018-06-20,24500,18.0,0.0,0.0,0.0,0.0,4.915744018649291,0.1,0.0,2.328430414199829,2.309579610824585,4.680370807647705,2.160795211791992,2.351940393447876,-0.14878439903259277
2018-06-22,24300,17.92,0.0,0.0,0.0,0.01559332,3.2834694210742765,0.0,0.0,2.4662692546844482,2.309579610824585,4.165273666381836,2.3320364952087402,1.6990044116973877,0.022456884384155273
2018-06-29,14800,14.59,0.0,0.0,0.0,0.5158939,1.6106299302098253,0.02,0.0,1.8997230529785156,1.2482221126556396,3.3362975120544434,1.8746525049209595,1.4365744590759277,0.6264303922653198
2018-06-30,13300,13.98,1.0,1.0,1.0,1.2482221,3.529404458552654,0.12,1.0,9.206258773803711,7.442142963409424,4.392256736755371,1.8746525049209595,-4.81400203704834,-5.567490458488464
2018-07-01,14100,14.33,1.0,0.0,0.0,7.442143,2.0016989784636245,,1.0,11.291080474853516,7.442142963409424,4.037353515625,1.8746525049209595,-7.253726959228516,-5.567490458488464
2018-07-04,14600,14.53,1.0,0.0,0.0,0.29242435,2.7673875080340338,,1.0,5.442062854766846,5.136758327484131,4.123109817504883,1.560370922088623,-1.318953037261963,-3.576387405395508
2018-07-05,15500,14.9,1.0,0.0,0.0,0.012880157,2.154037682974463,,1.0,0.8434439897537231,0.5381394624710083,4.222029209136963,1.560370922088623,3.3785852193832397,1.0222314596176147
2018-07-06,17600,15.75,1.0,0.0,0.0,0.53813946,2.4698166277106464,,1.0,9.334634780883789,8.783615112304688,4.069590091705322,1.407931923866272,-5.265044689178467,-7.3756831884384155
2018-07-07,17600,15.76,1.0,0.0,0.0,8.783615,1.6612310102318963,,1.0,9.590267181396484,8.783615112304688,3.6526522636413574,1.407931923866272,-5.937614917755127,-7.3756831884384155
2018-07-21,11600,13.19,0.0,0.0,0.0,0.0,3.446472775218598,,0.0,0.00022200394596438855,0.00022200394596438855,2.387869358062744,1.0550962686538696,2.3876473541167798,1.0548742647079052
2018-08-07,11100,12.94,0.0,0.0,0.0,0.0,2.549865358901709,0.0,0.0,0.10044793784618378,0.10044793784618378,2.867053508758545,1.2951750755310059,2.766605570912361,1.194727137684822
2018-08-14,9900,12.32,0.0,0.0,0.0,0.0017996071,2.79890509817537,0.0,0.0,0.3805815577507019,0.3787819445133209,2.4396438598632812,0.9417548179626465,2.0590623021125793,0.5629728734493256
2018-08-19,7490,10.96,0.0,0.0,0.0,0.0,4.490432112160272,0.0,0.0,0.0,0.0,6.0880608558654785,3.3211498260498047,6.0880608558654785,3.3211498260498047
2018-08-26,6940,10.61,1.0,1.0,0.0,2.4754047,2.5045164183607884,0.1399999999999999,1.0,9.217121124267578,6.393215656280518,3.6904826164245605,1.9351952075958252,-5.526638507843018,-4.458020448684692
2018-08-27,7000,10.65,1.0,1.0,0.0,6.3932157,2.8720568571895044,0.0,1.0,8.868619918823242,6.393215656280518,4.206634044647217,1.9351952075958252,-4.661985874176025,-4.458020448684692
2018-09-09,8020,11.28,1.0,1.0,1.0,4.21603,4.726793268565075,,1.0,23.761627197265625,17.764087677001953,4.565985679626465,1.8815255165100098,-19.19564151763916,-15.882562160491943
2018-09-10,8380,11.49,1.0,1.0,1.0,17.764088,3.294951837132837,,1.0,34.413909912109375,17.764087677001953,3.37819766998291,1.8154895305633545,-31.035712242126465,-15.948598146438599
2018-09-12,8910,11.78,0.0,0.0,0.0,4.3208466,1.2189832582112474,,0.0,20.3918514251709,12.433792114257812,2.6503448486328125,1.0316094160079956,-17.741506576538086,-11.402182698249817
2018-09-17,8930,11.8,0.0,0.0,0.0,12.115111,2.5401399936761053,,0.0,17.913827896118164,12.115111351013184,3.781144618988037,2.15208101272583,-14.132683277130127,-9.963030338287354
2018-09-20,8720,11.68,2.0,2.0,1.0,0.24175246,5.200291601826077,,2.0,7.071341514587402,6.8231940269470215,7.477585792541504,3.9828290939331055,0.40624427795410156,-2.840364933013916
2018-09-21,9770,12.26,2.0,2.0,1.0,6.823194,4.989297737657556,,2.0,19.58504295349121,12.520095825195312,8.461613655090332,3.9828290939331055,-11.123429298400879,-8.537266731262207
2018-09-22,9710,12.22,2.0,2.0,1.0,12.520096,3.0896629115956675,,2.0,44.15702819824219,24.813739776611328,5.016330718994141,2.447206974029541,-39.14069747924805,-22.366532802581787
2018-09-29,8260,11.42,0.0,0.0,0.0,0.0,1.1709507955501273,,0.0,4.634890079498291,4.616603374481201,1.9945847988128662,1.369917869567871,-2.640305280685425,-3.24668550491333
2018-09-30,8220,11.39,1.0,1.0,0.0,4.6166034,1.7684334306717175,,1.0,17.91622543334961,13.299622535705566,4.173505783081055,2.5407586097717285,-13.742719650268555,-10.758863925933838
2018-10-01,8500,11.56,1.0,1.0,0.0,13.299623,2.591305057669376,0.9600000000000002,1.0,42.81102752685547,24.894800186157227,6.735025882720947,2.8243494033813477,-36.07600164413452,-22.07045078277588
2018-10-02,14200,14.34,0.0,0.0,0.0,24.8948,3.394850572147169,0.6,0.0,51.036590576171875,24.894800186157227,7.257323265075684,2.8243494033813477,-43.77926731109619,-22.07045078277588
2018-10-07,10400,12.59,2.0,1.0,1.0,0.0026581534,6.386013032183666,0.06,2.0,3.1954221725463867,1.7125108242034912,9.312424659729004,4.627477645874023,6.117002487182617,2.9149668216705322
2018-10-08,10200,12.49,2.0,1.0,1.0,1.7125108,6.68466951448606,0.18,2.0,10.75528621673584,9.040117263793945,11.669526100158691,4.627477645874023,0.9142398834228516,-4.412639617919922
2018-10-13,10100,12.42,0.0,0.0,0.0,3.929273e-05,2.9756703638719606,0.02,0.0,0.1539607048034668,0.08927898108959198,3.8716917037963867,1.5071423053741455,3.71773099899292,1.4178633242845535
2018-10-14,9970,12.36,0.0,0.0,0.0,0.06464244,2.595968206927765,0.02,0.0,0.22306090593338013,0.15837916731834412,2.994014263153076,1.5071423053741455,2.770953357219696,1.3487631380558014
2018-10-17,9700,12.22,0.0,0.0,0.0,0.0577112,1.0616426833981225,0.0,0.0,0.24160706996917725,0.1311807483434677,1.139979362487793,0.577768862247467,0.8983722925186157,0.44658811390399933
2018-10-25,8060,11.3,2.0,2.0,0.0,3.1860511,2.813233680320907,0.5599999999999999,2.0,29.746017456054688,23.645692825317383,5.504617214202881,2.2403688430786133,-24.241400241851807,-21.40532398223877
2018-10-26,8860,11.74,2.0,2.0,1.0,23.645693,3.1279235098030704,1.0,2.0,51.63503646850586,24.803293228149414,3.7176785469055176,1.8213917016983032,-47.91735792160034,-22.98190152645111
2018-10-27,12400,13.56,1.0,1.0,1.0,24.803293,2.911034990152497,1.08,1.0,80.94436645507812,32.495384216308594,4.335256576538086,2.0604348182678223,-76.60910987854004,-30.43494939804077
2018-10-28,13400,13.96,1.0,1.0,1.0,32.495384,1.5144162073576244,1.06,1.0,84.67322540283203,32.495384216308594,3.6250154972076416,2.0604348182678223,-81.04820990562439,-30.43494939804077
2018-10-31,14200,14.36,4.0,4.0,4.0,8.743114,6.827010058299699,0.6399999999999999,4.0,45.38593673706055,29.83184051513672,4.281634330749512,1.9746053218841553,-41.104302406311035,-27.857235193252563
2018-11-01,21400,17.05,4.0,4.0,4.0,29.83184,3.909943394939644,1.3199999999999998,4.0,93.9534683227539,55.37851333618164,6.975621700286865,3.3833107948303223,-86.97784662246704,-51.99520254135132
2018-11-02,44400,23.58,4.0,4.0,4.0,55.378513,3.775306016586792,1.24,4.0,114.40989685058594,55.37851333618164,7.063473224639893,3.3833107948303223,-107.34642362594604,-51.99520254135132
2018-11-03,39000,22.25,3.0,3.0,3.0,29.199541,2.8934334823375267,0.8,3.0,126.15751647949219,55.37851333618164,8.819964408874512,3.3833107948303223,-117.33755207061768,-51.99520254135132
2018-11-04,38500,22.13,3.0,3.0,3.0,41.57946,3.762463756434976,1.12,3.0,100.91627502441406,41.57946014404297,7.27066707611084,3.374197006225586,-93.64560794830322,-38.20526313781738
2018-11-08,20800,16.93,0.0,0.0,0.0,0.26077604,2.19232638738197,0.06,0.0,7.835084438323975,6.901557922363281,1.6841275691986084,0.7076034545898438,-6.150956869125366,-6.1939544677734375
2018-11-13,14000,14.28,0.0,0.0,1.0,0.5490353,1.1824584245234864,0.1,1.0,4.273157119750977,3.6485047340393066,1.91640043258667,1.1201837062835693,-2.3567566871643066,-2.5283210277557373
2018-11-14,13900,14.24,0.0,0.0,1.0,3.6485047,2.8806362747711725,0.4800000000000001,1.0,17.59963035583496,13.402090072631836,2.4249088764190674,1.1201837062835693,-15.174721479415894,-12.281906366348267
2018-11-17,14000,14.3,0.0,0.0,0.0,0.75767195,0.2575945639302387,0.02,0.0,8.509355545043945,7.751683712005615,1.3047245740890503,0.8673568367958069,-7.204630970954895,-6.884326875209808
2018-11-21,10700,12.74,1.0,1.0,0.0,0.27910808,1.3291605959341073,0.2599999999999999,1.0,12.002077102661133,11.701202392578125,5.112003326416016,2.824734926223755,-6.890073776245117,-8.87646746635437
2018-11-22,11100,12.91,0.0,0.0,0.0,11.701202,1.659931925130043,0.6,0.0,30.04075050354004,18.060440063476562,7.280625343322754,2.824734926223755,-22.760125160217285,-15.235705137252808
2018-11-25,11900,13.32,3.0,3.0,3.0,0.3955638,1.9041927837331236,0.12,3.0,22.920818328857422,15.174572944641113,5.0423688888549805,2.6013407707214355,-17.87844944000244,-12.573232173919678
2018-11-26,14500,14.49,3.0,3.0,3.0,7.350682,2.5962023563742176,2.54,3.0,89.95305633544922,82.2068099975586,7.585745811462402,4.113417625427246,-82.36731052398682,-78.09339237213135
2018-11-27,47300,24.14,3.0,3.0,3.0,82.20681,2.0160850129887846,1.4600000000000002,3.0,126.2916030883789,82.2068099975586,9.311985969543457,4.113417625427246,-116.97961711883545,-78.09339237213135
2018-12-06,14000,14.27,0.0,0.0,0.0,0.0,1.3335625228621206,0.04,0.0,0.0,0.0,4.475038528442383,1.9503291845321655,4.475038528442383,1.9503291845321655
2018-12-09,13100,13.88,1.0,1.0,1.0,0.7761257,1.959916425387339,0.6799999999999999,1.0,23.695077896118164,22.444435119628906,3.822448492050171,1.4642683267593384,-19.872629404067993,-20.980166792869568
2018-12-10,13800,14.21,0.0,0.0,0.0,22.444435,0.5613698879265272,0.52,0.0,38.62040710449219,22.444435119628906,4.912446022033691,2.463789701461792,-33.707961082458496,-19.980645418167114
2018-12-11,15300,14.84,1.0,1.0,1.0,15.399849,1.3392910211023832,1.84,1.0,89.25733947753906,51.413055419921875,5.973969459533691,2.525791645050049,-83.28337001800537,-48.887263774871826
2018-12-12,21900,17.31,3.0,3.0,3.0,51.413055,1.0444346623846044,0.6199999999999999,3.0,87.1771469116211,51.413055419921875,7.007611274719238,2.525791645050049,-80.16953563690186,-48.887263774871826
2018-12-13,21100,17.06,3.0,3.0,3.0,20.364243,3.616116839127137,1.08,3.0,96.02351379394531,51.413055419921875,7.363127708435059,2.819305419921875,-88.66038608551025,-48.59375
2018-12-14,22600,17.58,3.0,3.0,3.0,24.24622,4.7738754936668055,0.24,3.0,52.05754852294922,24.246219635009766,6.010358810424805,2.819305419921875,-46.047189712524414,-21.42691421508789
2018-12-15,19700,16.54,3.0,3.0,3.0,7.4470844,2.035119730345809,0.18,3.0,39.65325927734375,24.246219635009766,7.2354865074157715,3.2431581020355225,-32.41777276992798,-21.003061532974243
2018-12-16,18300,16.02,2.0,2.0,2.0,7.9599533,1.846969180311607,1.3,2.0,47.400699615478516,31.993661880493164,6.7345871925354,3.2431581020355225,-40.666112422943115,-28.75050377845764
2018-12-17,21800,17.3,2.0,2.0,2.0,31.993662,1.3793774890003496,0.7,2.0,65.73578643798828,31.993661880493164,9.239099502563477,3.677534818649292,-56.496686935424805,-28.316127061843872
2018-12-18,26000,18.64,1.0,1.0,1.0,25.782171,1.600094031772406,1.8,1.0,96.67098236083984,38.89514923095703,7.415303707122803,3.677534818649292,-89.25567865371704,-35.21761441230774
2018-12-20,27600,19.18,2.0,2.0,2.0,12.857426,5.6034735956716455,1.52,2.0,82.04796600341797,38.89514923095703,6.344882011413574,3.2202062606811523,-75.7030839920044,-35.67494297027588
2018-12-21,30200,19.93,0.0,0.0,2.0,30.29539,2.483607265452727,0.04,2.0,43.89541244506836,30.29538917541504,6.3694610595703125,3.2202062606811523,-37.52595138549805,-27.075182914733887
2018-12-28,13000,,2.0,2.0,2.0,0.8734853,3.252640226172246,0.64,2.0,35.509952545166016,25.113712310791016,5.682051181793213,2.7932562828063965,-29.827901363372803,-22.32045602798462
2018-12-29,16100,,2.0,2.0,2.0,25.113712,1.5232268811004404,1.38,2.0,67.13945770263672,41.152259826660156,5.720146656036377,2.7932562828063965,-61.41931104660034,-38.35900354385376
2018-12-30,22000,,2.0,0.0,0.0,41.15226,3.987984599455649,0.26,2.0,71.48033142089844,41.152259826660156,5.556103706359863,2.7932562828063965,-65.92422771453857,-38.35900354385376
2019-01-02,15500,,2.0,2.0,2.0,0.1119725,3.6462824383781895,0.48,2.0,22.196617126464844,21.923484802246094,4.98264217376709,2.80241322517395,-17.213974952697754,-19.121071577072144
2019-01-03,17800,,2.0,2.0,2.0,21.923485,3.8264669473153416,1.9200000000000004,2.0,75.51809692382812,53.482635498046875,6.146713733673096,2.80241322517395,-69.37138319015503,-50.680222272872925
2019-01-04,35800,21.47,2.0,2.0,2.0,53.482635,2.0786775206198245,0.5,2.0,85.12432861328125,53.482635498046875,7.187080383300781,2.80241322517395,-77.93724822998047,-50.680222272872925
2019-01-08,20900,16.97,2.0,2.0,1.0,3.6990254,1.4855558931055075,0.54,2.0,28.4920654296875,13.033525466918945,7.981887340545654,3.1662545204162598,-20.510178089141846,-9.867270946502686
2019-01-09,19200,16.36,2.0,2.0,1.0,11.759515,1.3087988939383608,0.8800000000000001,2.0,37.790462493896484,22.33192253112793,7.595912933349609,3.1662545204162598,-30.194549560546875,-19.16566801071167
2019-01-10,23400,17.85,2.0,2.0,1.0,22.331923,0.4836671977911833,0.3,2.0,38.69826126098633,22.33192253112793,7.613539695739746,3.1662545204162598,-31.084721565246582,-19.16566801071167
2019-01-11,22900,17.66,0.0,0.0,0.0,4.6068234,3.003066882423086,0.0,0.0,26.966527938842773,22.33192253112793,5.840841293334961,2.521385669708252,-21.125686645507812,-19.810536861419678
2019-01-17,18000,15.92,1.0,0.0,0.0,1.2348448,3.0873162505502414,0.34,1.0,13.348169326782227,12.056408882141113,9.601741790771484,4.384471893310547,-3.746427536010742,-7.671936988830566
2019-01-18,17100,15.56,1.0,1.0,0.0,12.056409,4.219376331686227,0.62,1.0,31.429847717285156,18.138593673706055,10.67943286895752,4.384471893310547,-20.750414848327637,-13.754121780395508
2019-01-19,16700,15.4,1.0,1.0,0.0,18.138594,6.502832939639868,0.64,1.0,40.837188720703125,18.138593673706055,9.217597961425781,3.4487860202789307,-31.619590759277344,-14.689807653427124
2019-01-22,16900,15.51,1.0,1.0,0.0,1.255444,3.947800379847029,1.28,1.0,45.84439468383789,44.474037170410156,6.5430803298950195,2.4023196697235107,-39.30131435394287,-42.071717500686646
2019-01-23,19000,16.29,1.0,1.0,0.0,44.474037,6.409774964402257,0.4599999999999999,1.0,54.691776275634766,44.474037170410156,4.889501094818115,2.4023196697235107,-49.80227518081665,-42.071717500686646
2019-01-31,13900,14.25,0.0,1.0,1.0,0.27219057,0.5995066948555321,0.06,1.0,3.658581256866455,3.3863906860351562,4.224029064178467,3.273120403289795,0.5654478073120117,-0.11327028274536133
2019-02-01,14000,14.28,1.0,1.0,1.0,3.3863907,1.389620752295512,0.9399999999999998,1.0,38.59098815917969,34.93240737915039,8.397926330566406,4.324763298034668,-30.19306182861328,-30.607644081115723
2019-02-02,17600,15.74,1.0,0.0,0.0,34.932407,2.991730370609181,0.1,1.0,40.90897750854492,34.93240737915039,11.50269889831543,4.324763298034668,-29.406278610229492,-30.607644081115723
2019-02-07,14000,14.28,0.0,0.0,0.0,0.0011080549,2.984421518602791,0.1399999999999999,0.0,0.7596129179000854,0.7006404399871826,2.793264627456665,1.4489208459854126,2.0336517095565796,0.74828040599823
2019-02-10,12500,13.6,0.0,0.0,0.0,0.4260216,3.680459577704344,0.38,0.0,15.27059555053711,9.168852806091309,5.065396308898926,1.7557134628295898,-10.205199241638184,-7.413139343261719
2019-02-26,10000,12.4,0.0,0.0,0.0,0.0033889979,2.874443197576253,0.1,0.0,0.3948310613632202,0.39144206047058105,7.435422897338867,2.7536702156066895,7.040591835975647,2.3622281551361084
2019-03-26,11600,13.19,0.0,0.0,0.0,5.809183,0.5025264580607962,,0.0,12.58786678314209,5.809183120727539,2.5245704650878906,0.9515217542648315,-10.0632963180542,-4.8576613664627075
2019-03-29,10800,12.79,0.0,0.0,0.0,0.19252063,2.4689238425308804,,0.0,0.6011434197425842,0.3784577548503876,2.854658842086792,1.4778512716293335,2.2535154223442078,1.099393516778946
2019-04-01,10700,12.72,0.0,0.0,0.0,0.0026581532,0.8836736043515012,,0.0,0.01716306433081627,0.014504911378026009,2.3972597122192383,1.2831652164459229,2.380096647888422,1.2686603050678968
2019-04-18,13500,14.04,2.0,2.0,1.0,3.6199741,4.691475141512652,,2.0,49.00062561035156,40.108394622802734,3.4769439697265625,1.3006675243377686,-45.523681640625,-38.807727098464966
2019-04-19,23700,17.54,2.0,2.0,1.0,40.108395,4.899457922331822,,2.0,61.4600830078125,40.108394622802734,3.2844033241271973,1.3006675243377686,-58.1756796836853,-38.807727098464966
2019-04-22,19300,16.31,0.0,1.0,0.0,0.00011591356,1.918767915119276,,1.0,6.945800304412842,6.945684432983398,3.9078731536865234,1.4674190282821655,-3.0379271507263184,-5.478265404701233
2019-04-23,17100,15.49,0.0,1.0,0.0,6.9456844,1.7554851522798058,,1.0,8.233505249023438,6.945684432983398,3.560403347015381,1.4674190282821655,-4.673101902008057,-5.478265404701233
2019-05-01,12200,13.46,0.0,0.0,0.0,0.023404714,3.543459211910416,0.04,0.0,0.12558741867542267,0.052375245839357376,4.798802375793457,2.4018688201904297,4.673214957118034,2.3494935743510723
2019-05-06,12300,13.52,0.0,0.0,0.0,0.0006011788,1.783918500286229,0.0,0.0,0.0012023575836792588,0.0006011787918396294,2.247540235519409,1.497054934501648,2.24633787793573,1.4964537557098083
2019-05-20,15900,15.03,0.0,0.0,0.0,2.1383517,6.940151773480561,0.4,0.0,9.64265251159668,7.309650897979736,10.549235343933105,4.799247741699219,0.9065828323364258,-2.5104031562805176
2019-05-25,17100,15.5,0.0,0.0,0.0,6.933969,3.419928329189736,0.32,0.0,17.255495071411133,6.933969020843506,6.515477180480957,2.3476858139038086,-10.740017890930176,-4.586283206939697
2019-05-26,16200,15.14,0.0,0.0,0.0,6.4104614,4.384083624211839,0.12,0.0,14.031023979187012,6.933969020843506,8.332090377807617,4.1509857177734375,-5.6989336013793945,-2.7829833030700684
2019-05-29,17000,15.46,0.0,0.0,0.0,0.568888,3.5829806625210026,0.04,0.0,0.6596090197563171,0.5688880085945129,4.226452350616455,2.549345016479492,3.566843330860138,1.9804570078849792
2019-06-02,17700,15.74,0.0,0.0,0.0,0.0,1.755638909727432,,0.0,0.0,0.0,3.7415804862976074,1.8415048122406006,3.7415804862976074,1.8415048122406006
2019-06-05,14800,14.58,0.0,0.0,0.0,0.0762338,5.159757294695575,,0.0,5.440067291259766,4.919236183166504,3.9768943786621094,1.456399917602539,-1.4631729125976562,-3.462836265563965
2019-06-29,11000,12.92,0.0,0.0,0.0,1.204721,2.218812554378264,,0.0,13.056450843811035,11.83051872253418,4.1180500984191895,2.238186836242676,-8.938400745391846,-9.592331886291504
2019-07-01,10700,12.75,0.0,0.0,0.0,1.1232417,1.5811742191746283,0.0,0.0,1.1451905965805054,1.123241662979126,3.306760311126709,1.3061871528625488,2.1615697145462036,0.18294548988342285
2019-07-09,9570,12.2,1.0,1.0,1.0,0.13379174,2.596152757197564,0.0,1.0,4.829726219177246,4.219830513000488,7.061540603637695,3.0589356422424316,2.231814384460449,-1.1608948707580566
2019-07-10,9930,12.39,1.0,1.0,1.0,4.2198305,1.9119761345295,0.4800000000000001,1.0,11.75820541381836,7.40458345413208,5.960056304931641,3.0589356422424316,-5.798149108886719,-4.345647811889648
2019-07-11,10300,12.55,0.0,0.0,0.0,7.4045835,2.793894134690698,0.26,0.0,12.231072425842285,7.40458345413208,3.5623345375061035,2.1127076148986816,-8.668737888336182,-5.291875839233398
2019-07-15,8850,11.82,0.0,0.0,0.0,0.17675248,3.240717204094412,0.02,0.0,1.3603909015655518,1.1795048713684082,4.822321891784668,1.8345403671264648,3.461930990219116,0.6550354957580566
2019-07-17,8510,11.64,0.0,1.0,1.0,0.5469037,3.619821070970222,0.78,1.0,27.025815963745117,25.299407958984375,5.776439666748047,2.471017837524414,-21.24937629699707,-22.82839012145996
2019-07-18,11300,,0.0,1.0,1.0,25.299408,1.4953521438210793,0.14,1.0,28.47696876525879,25.299407958984375,4.656150817871094,2.471017837524414,-23.820817947387695,-22.82839012145996
2019-07-31,10700,12.79,0.0,0.0,0.0,0.0006502947,1.722110692962497,0.0,0.0,0.01857171021401882,0.017921416088938713,3.674689769744873,1.4244587421417236,3.6561180595308542,1.406537326052785
2019-08-01,9980,12.41,2.0,3.0,2.0,0.0,2.3958911215407155,0.0,3.0,2.328469753265381,2.327819347381592,5.584466934204102,3.017279624938965,3.2559971809387207,0.689460277557373
2019-08-02,9240,12.03,2.0,3.0,2.0,2.3278193,2.22797910221357,0.08,3.0,9.156750679016113,6.8289313316345215,5.929035186767578,3.017279624938965,-3.227715492248535,-3.8116517066955566
2019-08-05,7480,11.05,0.0,0.0,0.0,0.0,2.074541362613381,0.0,0.0,0.0007033398724161088,0.0007033398724161088,2.895446538925171,1.136305332183838,2.894743199052755,1.1356019923114218
2019-08-10,8220,11.47,0.0,0.0,0.0,1.0892397,2.9378441717867485,0.18,0.0,5.791667938232422,4.235711097717285,7.032270908355713,3.384887218475342,1.240602970123291,-0.8508238792419434
2019-08-20,6580,10.5,1.0,1.0,1.0,0.0,2.874419017977635,0.0,1.0,0.25045186281204224,0.1883811354637146,2.2150535583496094,1.317939281463623,1.9646016955375671,1.1295581459999084
2019-08-21,6610,10.52,1.0,1.0,1.0,0.18838114,3.05380828678244,0.26,1.0,9.698659896850586,9.510278701782227,3.553623914718628,1.5247507095336914,-6.145035982131958,-7.985527992248535
2019-08-29,6380,10.37,0.0,0.0,0.0,0.0,1.695730957532772,0.02,0.0,1.4615284204483032,1.4608250856399536,2.4460058212280273,1.121978521347046,0.9844774007797241,-0.3388465642929077
2019-09-08,7180,10.87,0.0,0.0,0.0,8.839581,2.699469495473042,0.24,0.0,14.997660636901855,8.839580535888672,8.488201141357422,4.067709445953369,-6.509459495544434,-4.771871089935303
2019-09-12,7070,10.8,1.0,1.0,1.0,0.4004165,4.158099442215926,0.4599999999999999,1.0,16.62788963317871,14.323634147644043,7.063449859619141,3.349855899810791,-9.56443977355957,-10.973778247833252
2019-09-13,7450,11.03,3.0,3.0,2.0,14.323634,0.9977242244445408,0.32,3.0,24.487041473388672,14.323634147644043,5.827929496765137,3.349855899810791,-18.659111976623535,-10.973778247833252
2019-09-14,8750,11.77,3.0,3.0,2.0,9.76299,1.3292612409300677,0.24,3.0,39.61297607421875,15.526350021362305,4.056156635284424,1.5780824422836304,-35.556819438934326,-13.948267579078674
2019-09-15,11000,12.9,3.0,3.0,2.0,15.52635,1.1755112331801958,1.1,3.0,47.904319763183594,22.614978790283203,4.6274261474609375,1.5867141485214233,-43.276893615722656,-21.02826464176178
2019-09-17,10900,12.88,1.0,1.0,0.0,3.2201002,2.304478805651826,0.64,1.0,40.8738899230957,22.614978790283203,6.741246700286865,2.643799304962158,-34.13264322280884,-19.971179485321045
2019-09-23,10300,12.57,4.0,2.0,2.0,12.201817,1.99220528272564,0.24,4.0,21.743850708007812,12.20181655883789,4.911104202270508,2.7657108306884766,-16.832746505737305,-9.436105728149414
2019-09-24,11400,13.12,4.0,2.0,2.0,8.921609,1.7004899985326911,0.02,4.0,21.650146484375,12.20181655883789,2.7566206455230713,1.1030573844909668,-18.89352583885193,-11.098759174346924
2019-09-25,10900,12.87,4.0,3.0,4.0,0.52672106,0.9386782646074744,0.12,4.0,21.565631866455078,12.117302894592285,2.8272252082824707,1.1129404306411743,-18.738406658172607,-11.00436246395111
2019-09-26,11300,13.03,4.0,3.0,4.0,12.117303,1.315162054976554,0.94,4.0,28.808467864990234,16.164443969726562,2.6391303539276123,1.1129404306411743,-26.169337511062622,-15.051503539085388
2019-09-30,10100,12.5,0.0,0.0,0.0,0.9144204,2.265567011587608,0.02,0.0,4.437153339385986,3.334516763687134,7.736213207244873,4.034428596496582,3.2990598678588867,0.6999118328094482
2019-10-04,9170,11.99,0.0,0.0,0.0,4.8563266,2.3234194912364456,0.26,0.0,18.555679321289062,12.177767753601074,3.862152338027954,1.3951780796051025,-14.693526983261108,-10.782589673995972
2019-10-07,9720,12.28,2.0,2.0,2.0,2.4624205,2.1988753386693785,1.6799999999999995,2.0,45.21916198730469,41.06453323364258,2.8170604705810547,1.382642388343811,-42.40210151672363,-39.68189084529877
2019-10-08,18000,15.74,2.0,2.0,2.0,41.064533,1.079721169961912,0.3199999999999999,2.0,53.91862869262695,41.06453323364258,3.9969682693481445,1.4410057067871094,-49.92166042327881,-39.62352752685547
2019-10-15,9690,12.27,2.0,2.0,2.0,0.010231827,4.260588700894232,0.04,2.0,1.1398231983184814,0.8398900032043457,3.8872087001800537,1.9260766506195068,2.7473855018615723,1.0861866474151611
2019-10-16,9550,12.2,2.0,2.0,2.0,0.83989,3.8699054929021512,0.6,2.0,19.633455276489258,18.78333282470703,5.3714494705200195,1.9260766506195068,-14.262005805969238,-16.857256174087524
2019-10-17,10400,12.6,2.0,2.0,2.0,18.783333,1.2329352999406875,0.8800000000000001,2.0,53.78764343261719,34.16442108154297,5.067726135253906,1.7990996837615967,-48.71991729736328,-32.36532139778137
2019-10-20,17600,15.68,0.0,0.0,0.0,13.863792,4.687524153765714,0.44,0.0,52.62030792236328,20.8060302734375,5.207255840301514,1.8704230785369873,-47.41305208206177,-18.935607194900513
2019-10-21,17800,15.76,2.0,2.0,2.0,17.950487,4.98826338816109,1.58,2.0,97.01533508300781,65.20105743408203,4.581959247589111,1.8704230785369873,-92.4333758354187,-63.330634355545044
2019-10-22,38700,21.78,2.0,2.0,2.0,65.20106,2.1523418044593794,0.08,2.0,86.33277893066406,65.20105743408203,3.211172103881836,1.5388792753219604,-83.12160682678223,-63.66217815876007
2019-10-25,16500,15.28,0.0,0.0,1.0,0.24321218,5.0381155206156905,0.2799999999999999,1.0,10.131547927856445,9.851824760437012,2.397141218185425,0.992780864238739,-7.7344067096710205,-8.859043896198273
2019-10-30,12400,13.57,0.0,0.0,0.0,0.0,5.758918448620419,0.0,0.0,0.15088802576065063,0.15088802576065063,1.253731369972229,0.5850667953491211,1.1028433442115784,0.43417876958847046
2019-11-02,11200,13.01,0.0,0.0,0.0,0.28832415,0.2009126248504275,0.02,0.0,0.32588014006614685,0.28832414746284485,0.737628698348999,0.3408483564853668,0.4117485582828522,0.05252420902252197
2019-11-04,9440,12.13,0.0,0.0,0.0,0.0,0.2999462675586252,0.0,0.0,0.03442436084151268,0.034037329256534576,0.937150239944458,0.3408483564853668,0.9027258791029453,0.30681102722883224
2019-11-06,8390,11.57,0.0,0.0,0.0,0.0007111985,2.839032898720548,0.02,0.0,0.01520235650241375,0.014104125089943409,2.4111499786376953,1.2879316806793213,2.3959476221352816,1.2738275555893779
2019-11-12,7820,11.25,0.0,0.0,0.0,1.2972593,1.0244114747695188,0.2599999999999999,0.0,7.603025913238525,6.19171142578125,1.602330207824707,0.8069198131561279,-6.000695705413818,-5.384791612625122
2019-11-16,8680,11.73,2.0,2.0,2.0,17.654587,0.5593202019513143,0.28,2.0,41.98135757446289,23.013193130493164,5.127266883850098,2.2525901794433594,-36.85409069061279,-20.760602951049805
2019-11-17,11700,13.12,2.0,2.0,2.0,23.013193,0.5499211579754443,1.56,2.0,77.70828247070312,37.04050827026367,4.593944549560547,2.2525901794433594,-73.11433792114258,-34.78791809082031
2019-11-23,10200,12.51,0.0,1.0,1.0,0.60104716,2.3709053296381946,0.3399999999999999,1.0,16.04795265197754,15.374021530151367,2.970376968383789,1.366914987564087,-13.07757568359375,-14.00710654258728
2019-11-24,10400,12.62,0.0,1.0,1.0,15.374022,1.012316508879286,0.36,1.0,25.746063232421875,15.374021530151367,3.4637839794158936,1.366914987564087,-22.28227925300598,-14.00710654258728
2019-11-26,10500,12.65,0.0,0.0,0.0,9.623191,4.952486882051092,0.02,0.0,19.550138473510742,9.770994186401367,6.613537311553955,3.312281847000122,-12.936601161956787,-6.458712339401245
2019-12-02,8570,11.67,0.0,0.0,0.0,5.3389153,0.8552944021129251,0.34,0.0,15.537762641906738,9.841886520385742,5.74412202835083,2.5877203941345215,-9.793640613555908,-7.254166126251221
2019-12-11,10000,12.44,0.0,0.0,0.0,2.981073,1.3168066810090953,0.2799999999999999,0.0,14.581259727478027,11.405349731445312,5.234611511230469,2.9105329513549805,-9.346648216247559,-8.494816780090332
2019-12-18,11600,13.18,0.0,0.0,0.0,3.708882,0.5904529851471131,0.14,0.0,17.137977600097656,7.631702423095703,4.414928436279297,1.5374423265457153,-12.72304916381836,-6.094260096549988
2019-12-19,11600,13.19,2.0,2.0,0.0,7.6317024,1.5987496874218554,1.7,2.0,69.73841857910156,58.397830963134766,6.021100997924805,3.06199312210083,-63.71731758117676,-55.335837841033936
2019-12-20,21000,16.64,2.0,2.0,0.0,58.39783,1.4638378602915194,3.16,2.0,151.8584747314453,85.82894134521484,6.938867568969727,3.06199312210083,-144.9196071624756,-82.76694822311401
2019-12-30,11400,13.17,0.0,0.0,2.0,0.5655187,1.5383199105561516,0.2,2.0,10.535343170166016,8.095860481262207,5.001241207122803,2.4530906677246094,-5.534101963043213,-5.642769813537598
2019-12-31,12500,13.65,2.0,2.0,2.0,8.0958605,1.7999282878570886,1.7399999999999998,2.0,,,,,,
2020-01-01,23100,17.59,2.0,2.0,2.0,63.544918,1.9790629475550705,0.74,2.0,,,,,,
2020-01-02,27100,18.89,2.0,2.0,2.0,16.585829,4.317965441773667,0.5,2.0,97.42318725585938,63.544918060302734,7.855959415435791,3.8330812454223633,-89.56722784042358,-59.71183681488037
2020-01-03,21800,17.21,2.0,2.0,2.0,17.292446,2.879384102223903,0.8400000000000001,2.0,60.27783203125,26.399560928344727,6.439810752868652,2.8803443908691406,-53.83802127838135,-23.519216537475586
2020-01-04,22600,17.47,2.0,2.0,2.0,26.39956,1.068536142300038,0.74,2.0,58.79133987426758,26.399560928344727,6.980401992797852,2.8803443908691406,-51.81093788146973,-23.519216537475586
2020-01-06,19900,16.55,1.0,1.0,1.0,18.2471,1.5354408850146424,2.04,1.0,114.05793762207031,80.71150970458984,6.061094284057617,2.859039783477783,-107.9968433380127,-77.85246992111206
2020-01-07,37700,21.75,1.0,1.0,1.0,80.71151,1.22633178955896,1.64,1.0,138.7880401611328,80.71150970458984,6.165648460388184,2.859039783477783,-132.62239170074463,-77.85246992111206
2020-01-08,44800,23.53,0.0,0.0,0.0,39.82943,0.744669225157529,0.1399999999999999,0.0,125.26187133789062,80.71150970458984,6.0857648849487305,2.859039783477783,-119.1761064529419,-77.85246992111206
2020-01-09,30000,19.7,0.0,0.0,0.0,4.7209315,1.5109895242405642,0.06,0.0,47.061180114746094,39.829429626464844,5.564817428588867,2.33809232711792,-41.49636268615723,-37.491337299346924
2020-01-17,14000,14.31,0.0,0.0,0.0,9.99379,3.9736150979893736,0.4199999999999999,0.0,28.879371643066406,10.296216011047363,8.122323989868164,3.353469133377075,-20.757047653198242,-6.942746877670288
2020-01-18,13500,14.11,0.0,1.0,0.0,8.589368,2.7185631118523435,0.64,1.0,31.33173370361328,12.748578071594238,5.722684860229492,2.5569465160369873,-25.60904884338379,-10.191631555557251
2020-01-19,12100,13.48,1.0,1.0,0.0,12.748578,0.2203788550443396,0.24,1.0,27.427417755126953,12.748578071594238,4.748709678649902,2.2119081020355225,-22.67870807647705,-10.536669969558716
2020-01-20,13700,14.18,1.0,1.0,0.0,6.0894713,0.4304737341360133,0.12,1.0,20.376523971557617,12.748578071594238,5.183084487915039,2.64628267288208,-15.193439483642578,-10.102295398712158
2020-01-21,13000,13.91,1.0,0.0,0.0,1.5384754,1.8504309961787968,0.82,1.0,27.262954711914062,19.635007858276367,6.113033771514893,2.64628267288208,-21.14992094039917,-16.988725185394287
2020-01-22,15600,14.96,2.0,2.0,0.0,19.635008,2.911718218810901,0.94,2.0,55.398536682128906,34.22505569458008,7.167029857635498,2.64628267288208,-48.23150682449341,-31.578773021697998
2020-01-23,25300,18.23,2.0,2.0,2.0,34.225056,3.452800183516953,1.4,2.0,97.35382843017578,43.49376678466797,6.608893871307373,2.6369681358337402,-90.74493455886841,-40.85679864883423
2020-01-24,44700,23.52,2.0,2.0,2.0,43.493767,2.987854814943405,0.76,2.0,96.93866729736328,43.49376678466797,6.846250057220459,2.6369681358337402,-90.09241724014282,-40.85679864883423
2020-01-28,24600,18.12,0.0,0.0,0.0,19.604687,1.8954724218244643,0.3399999999999999,0.0,42.318336486816406,19.604686737060547,6.192588806152344,2.702087640762329,-36.12574768066406,-16.902599096298218
2020-01-29,26400,18.69,1.0,1.0,1.0,8.567815,1.135577696076912,0.5,1.0,45.87939453125,19.604686737060547,5.601574420928955,2.702087640762329,-40.277820110321045,-16.902599096298218
2020-01-30,26900,18.82,3.0,3.0,3.0,17.706892,0.706847786326747,0.5199999999999999,3.0,48.47651672363281,22.201810836791992,5.312118053436279,2.4126315116882324,-43.16439867019653,-19.78917932510376
2020-01-31,29000,19.44,3.0,3.0,3.0,22.20181,1.9029125049857505,2.4,3.0,114.68528747558594,74.77658081054688,6.039271831512451,2.469057083129883,-108.64601564407349,-72.30752372741699
2020-02-01,56400,26.01,3.0,3.0,3.0,74.77658,0.8577282750439676,1.96,3.0,131.24038696289062,74.77658081054688,6.4155426025390625,2.469057083129883,-124.82484436035156,-72.30752372741699
2020-02-03,43600,23.24,0.0,0.0,0.0,1.8333675,1.0886006625623348,0.1,0.0,38.63770294189453,34.262001037597656,4.289573669433594,1.5338540077209473,-34.34812927246094,-32.72814702987671
2020-02-04,32100,20.33,3.0,3.0,3.0,2.5423336,2.889709824150253,0.58,3.0,20.934432983398438,16.558731079101562,5.150852203369141,2.395132303237915,-15.783580780029297,-14.163598775863647
2020-02-05,28700,19.36,3.0,3.0,3.0,16.558731,6.783168106076107,1.02,3.0,51.00867462158203,31.907611846923828,5.717332363128662,2.395132303237915,-45.29134225845337,-29.512479543685913
2020-02-06,31000,20.03,3.0,3.0,3.0,31.907612,7.070379578365666,0.9600000000000002,3.0,73.2268295288086,31.907611846923828,5.753369331359863,2.395132303237915,-67.47346019744873,-29.512479543685913
2020-02-07,32600,20.48,3.0,3.0,3.0,24.760487,2.040990206229244,1.12,3.0,89.26573944091797,32.59764099121094,5.019442558288574,1.8617435693740845,-84.2462968826294,-30.735897421836853
2020-02-08,33900,20.83,0.0,0.0,0.0,32.59764,0.9953668169108394,0.44,0.0,66.7359619140625,32.59764099121094,3.606475353240967,1.661205768585205,-63.12948656082153,-30.936435222625732
2020-02-12,21000,16.94,0.0,0.0,0.0,2.628921,4.799035296014086,0.0,0.0,3.1483492851257324,2.6289210319519043,2.7840945720672607,1.261509895324707,-0.3642547130584717,-1.3674111366271973
2020-02-13,22100,17.32,0.0,0.0,0.0,0.30902752,1.1426116859793465,0.22,0.0,12.408671379089355,9.470723152160645,2.2107105255126953,0.7827993631362915,-10.19796085357666,-8.687923789024353
2020-02-24,15300,14.84,0.0,0.0,0.0,35.60475,3.390860525048618,0.36,0.0,48.05463790893555,35.60475158691406,4.610807418823242,2.290618419647217,-43.443830490112305,-33.314133167266846
2020-03-02,13800,14.24,1.0,1.0,1.0,3.7553868,2.141571963238744,0.6,1.0,40.26030731201172,26.717388153076172,3.361306667327881,1.2482690811157227,-36.89900064468384,-25.46911907196045
2020-03-03,15400,14.88,1.0,1.0,1.0,26.717388,3.142825169102193,0.6,1.0,44.40053176879883,26.717388153076172,4.019981861114502,1.5381830930709839,-40.380549907684326,-25.179205060005188
2020-03-11,13600,14.14,0.0,0.0,0.0,9.498574,1.1874993541773873,0.1599999999999999,0.0,13.428971290588379,9.498574256896973,4.388390064239502,2.4401845932006836,-9.040581226348877,-7.058389663696289
2020-03-15,11800,13.34,0.0,0.0,0.0,0.22299017,2.1159754814736744,0.08,0.0,2.6797566413879395,2.3646936416625977,6.62095832824707,2.869351625442505,3.941201686859131,0.5046579837799072
2020-03-20,10200,12.63,0.0,0.0,0.0,0.0,2.178471064047004,0.14,0.0,0.004925343673676252,0.003664047224447131,2.986405372619629,2.296154499053955,2.9814800289459527,2.292490451829508
2020-03-23,10400,12.68,0.0,0.0,0.0,0.4744185,2.814821887290005,0.2799999999999999,0.0,10.920018196105957,10.445599555969238,2.6173300743103027,1.3033965826034546,-8.302688121795654,-9.142202973365784
2020-03-26,10100,12.58,0.0,0.0,0.0,0.9425973,0.6272572275300231,0.18,0.0,6.796298980712891,3.1841142177581787,2.6673920154571533,1.0651767253875732,-4.128906965255737,-2.1189374923706055
2020-04-14,10600,12.81,0.0,0.0,0.0,0.0,0.6961105978974084,0.02,0.0,0.21292732656002045,0.21292732656002045,1.5604304075241089,0.6922061443328857,1.3475030809640884,0.4792788177728653
2020-04-17,11000,13.0,0.0,0.0,0.0,0.0,1.5442666451736902,0.0,0.0,0.04775442183017731,0.030019648373126984,1.2402846813201904,0.7577161192893982,1.1925302594900131,0.7276964709162712
2020-04-25,15000,14.71,0.0,0.0,0.0,0.69186836,2.1574292333413934,0.5,0.0,21.914213180541992,16.27408218383789,2.1701507568359375,1.1115353107452393,-19.744062423706055,-15.162546873092651
2020-05-03,19100,16.29,0.0,0.0,0.0,20.241491,2.0416033760506243,0.2,0.0,27.164329528808594,20.241491317749023,4.313910484313965,1.5326380729675293,-22.85041904449463,-18.708853244781494
2020-05-04,17900,15.85,0.0,0.0,0.0,6.22421,2.6265279129699786,0.0,0.0,27.281681060791016,20.241491317749023,3.398751735687256,1.5326380729675293,-23.88292932510376,-18.708853244781494
2020-05-16,18300,16.0,1.0,0.0,0.0,1.0038055,4.455334288117484,0.3399999999999999,1.0,18.650646209716797,14.250901222229004,5.0487470626831055,2.5992743968963623,-13.601899147033691,-11.651626825332642
2020-05-17,19400,16.38,1.0,0.0,0.0,14.250901,4.566858243486491,0.34,1.0,23.622703552246094,14.250901222229004,5.456931114196777,2.5992743968963623,-18.165772438049316,-11.651626825332642
2020-05-19,20600,16.8,0.0,0.0,0.0,0.30812967,2.911448936614319,0.32,0.0,9.026960372924805,8.367998123168945,3.4865529537200928,1.2891886234283447,-5.540407419204712,-7.078809499740601
2020-05-20,19900,16.56,0.0,0.0,0.0,0.35083303,3.639045298514712,0.12,0.0,5.984724998474121,5.3257622718811035,3.9474620819091797,1.7500978708267212,-2.0372629165649414,-3.5756644010543823
2020-05-28,23100,17.64,0.0,0.0,0.0,0.03498625,2.8123586681794417,0.02,0.0,0.4097602963447571,0.29563456773757935,0.5594115257263184,0.22816340625286102,0.14965122938156128,-0.06747116148471832
2020-05-30,30800,19.95,0.0,0.0,0.0,0.44813162,1.4224169678783334,1.2399999999999998,0.0,37.79240417480469,37.265132904052734,1.9022448062896729,1.1684544086456299,-35.890159368515015,-36.096678495407104
2020-06-16,23100,17.66,0.0,0.0,0.0,10.488729,1.738902494218596,0.02,0.0,15.801105499267578,10.488728523254395,3.4024884700775146,1.3665719032287598,-12.398617029190063,-9.122156620025635
2020-06-20,25500,18.42,0.0,0.0,0.0,0.3594833,2.152590420332356,0.08,0.0,6.551453590393066,6.167027473449707,4.998957633972168,2.2515015602111816,-1.5524959564208984,-3.9155259132385254
2020-06-22,25400,18.38,0.0,2.0,2.0,0.4697466,3.9754734138079977,0.02,2.0,6.643194675445557,6.167027473449707,2.62680721282959,1.4388387203216553,-4.016387462615967,-4.728188753128052
2020-06-23,26500,18.73,0.0,2.0,2.0,0.0064204326,2.707329105003524,0.0,2.0,2.3664910793304443,1.8903241157531738,1.9018436670303345,0.7138751745223999,-0.46464741230010986,-1.176448941230774
2020-06-24,30300,19.83,0.0,2.0,2.0,1.8903241,2.045027579208852,0.1399999999999999,2.0,6.741249084472656,4.8445048332214355,2.271735668182373,0.908635675907135,-4.469513416290283,-3.9358691573143005
2020-06-25,32600,20.47,0.0,0.0,0.0,4.844505,2.1199938414355657,0.02,0.0,6.744987964630127,4.8445048332214355,2.5742292404174805,0.9517184495925903,-4.1707587242126465,-3.892786383628845
2020-06-26,31500,20.17,1.0,1.0,1.0,0.010159136,2.314613777411295,0.06,1.0,5.442596912384033,4.8445048332214355,2.780460834503174,0.9517184495925903,-2.6621360778808594,-3.892786383628845
2020-06-27,29500,19.61,1.0,1.0,1.0,0.5879332,2.4631321053403843,0.14,1.0,4.7230939865112305,4.125001907348633,3.09470796585083,1.2228829860687256,-1.6283860206604004,-2.9021189212799072
2020-07-12,15300,14.86,0.0,0.0,0.0,1.9647309,1.582867824394115,0.02,0.0,4.665536403656006,1.9677250385284424,2.6964173316955566,1.442908763885498,-1.9691190719604492,-0.5248162746429443
2020-07-14,16500,15.32,0.0,0.0,0.0,0.0,2.279528146499435,0.0,0.0,1.9698389768600464,1.9677250385284424,2.2428390979766846,0.9636021852493286,0.2730001211166382,-1.0041228532791138
2020-07-15,16500,15.31,1.0,0.0,0.0,0.0021139488,2.6094717894349624,0.0,1.0,0.0021139488089829683,0.0021139488089829683,2.2336196899414062,0.9636021852493286,2.2315057411324233,0.9614882364403456
2020-07-16,17700,15.77,1.0,0.0,0.0,0.0,1.373162712165645,0.0,1.0,0.0200903732329607,0.0179764237254858,2.1778616905212402,0.907844066619873,2.1577713172882795,0.8898676428943872
2020-07-20,17800,15.82,0.0,0.0,0.0,0.0,2.911759758121349,0.0,0.0,0.0,0.0,4.0342254638671875,1.8672538995742798,4.0342254638671875,1.8672538995742798
2020-07-25,15200,14.82,0.0,0.0,0.0,0.17217878,3.2445677535086257,0.0,0.0,0.5184774398803711,0.3462986350059509,5.16287899017334,2.042661666870117,4.644401550292969,1.6963630318641663
2020-08-02,11900,13.4,0.0,0.0,0.0,0.0,1.4432110093639112,0.0,0.0,0.28144991397857666,0.28144991397857666,2.3557510375976562,1.257598638534546,2.0743011236190796,0.9761487245559692
2020-08-08,10600,12.79,0.0,0.0,0.0,1.3629763,1.508015640273705,0.04,0.0,10.307448387145996,8.373674392700195,2.441753387451172,1.206410527229309,-7.865694999694824,-7.167263865470886
2020-08-15,8880,11.94,0.0,0.0,0.0,0.056719057,2.087512993950968,0.0,0.0,0.05671905726194382,0.05671905726194382,3.0352182388305664,1.9751193523406982,2.9784991815686226,1.9184002950787544
2020-08-19,9830,12.42,3.0,3.0,3.0,0.0,1.0634183339223235,0.0,3.0,0.45870333909988403,0.45870333909988403,2.1311399936676025,1.2487787008285522,1.6724366545677185,0.7900753617286682
2020-08-20,9600,12.31,3.0,3.0,3.0,0.45870334,1.6248045482444993,0.04,3.0,2.8137505054473877,2.3550472259521484,3.5152668952941895,1.8702127933502197,0.7015163898468018,-0.4848344326019287
2020-08-21,9720,12.37,3.0,3.0,3.0,2.3550472,2.1717850950340893,0.34,3.0,17.622163772583008,14.8084135055542,3.9011001586914062,1.8702127933502197,-13.721063613891602,-12.93820071220398
2020-08-22,10200,12.62,0.0,3.0,3.0,14.8084135,1.144556800357114,0.08,3.0,17.857858657836914,14.8084135055542,3.189915657043457,1.8702127933502197,-14.667943000793457,-12.93820071220398
2020-08-28,8000,11.47,0.0,0.0,0.0,0.0,4.594614562731592,0.0,0.0,0.0,0.0,2.1578497886657715,0.9470306634902954,2.1578497886657715,0.9470306634902954
2020-08-30,6940,10.86,2.0,2.0,2.0,0.06236346,2.417342352116955,0.02,2.0,1.7076975107192993,1.645334005355835,2.7631289958953857,1.073278546333313,1.0554314851760864,-0.572055459022522
2020-08-31,6820,10.79,2.0,2.0,2.0,1.645334,3.556631513250213,0.0,2.0,1.7582790851593018,1.645334005355835,2.877103567123413,1.073278546333313,1.1188244819641113,-0.572055459022522
2020-09-01,6810,10.78,2.0,2.0,2.0,0.050581533,3.894700327974556,0.0,2.0,1.696288824081421,1.645334005355835,2.2280006408691406,1.0462391376495361,0.5317118167877197,-0.5990948677062988
2020-09-02,6840,10.8,0.0,1.0,1.0,0.00037328093,2.407070155968744,0.0,1.0,0.0534813366830349,0.05058153346180916,1.5089524984359741,0.7575857639312744,1.4554711617529392,0.7070042304694653
2020-09-03,7000,10.9,0.0,1.0,1.0,0.0025265226,1.274082156902862,0.02,1.0,0.009870334528386593,0.006970530841499567,0.9637148380279541,0.4241756200790405,0.9538445034995675,0.41720508923754096
2020-09-05,7110,10.96,0.0,0.0,0.0,0.0,1.185160752998167,0.0,0.0,0.006970530841499567,0.006970530841499567,0.4526747763156891,0.2123481035232544,0.4457042454741895,0.20537757268175483
2020-09-06,6730,10.73,0.0,0.0,0.0,0.0,1.1377639864511584,0.0,0.0,0.0,0.0,1.415597677230835,1.1752710342407227,1.415597677230835,1.1752710342407227
2020-09-08,7270,11.05,0.0,0.0,0.0,0.0,4.764916849046973,0.0,0.0,0.0,0.0,7.1547136306762695,3.6044182777404785,7.1547136306762695,3.6044182777404785
2020-09-09,7890,11.4,0.0,0.0,0.0,0.0,4.710947571603646,0.0,0.0,0.0,0.0,6.55482816696167,3.6044182777404785,6.55482816696167,3.6044182777404785
2020-09-10,7990,11.46,0.0,0.0,0.0,0.0,2.171793774890004,0.0,0.0,0.0,0.0,4.3476176261901855,3.6044182777404785,4.3476176261901855,3.6044182777404785
2020-09-13,8000,11.46,0.0,0.0,0.0,0.0,1.507344398082992,0.0,0.0,0.0,0.0,0.524924635887146,0.31989386677742004,0.524924635887146,0.31989386677742004
2020-09-14,7900,11.41,3.0,1.0,0.0,0.0,0.7542402129457985,0.06,3.0,1.8939803838729858,1.8939803838729858,0.6550472974777222,0.31989386677742004,-1.2389330863952637,-1.5740865170955658
2020-09-15,7720,11.31,3.0,1.0,0.0,1.8939804,1.4368354485315544,0.06,3.0,3.637603282928467,1.8939803838729858,0.716724693775177,0.31989386677742004,-2.92087858915329,-1.5740865170955658
2020-09-16,8000,11.46,3.0,1.0,0.0,1.7436229,3.302964170794765,0.02,3.0,3.743438243865967,1.8939803838729858,0.5868592262268066,0.2494245022535324,-3.15657901763916,-1.6445558816194534
2020-09-17,8630,11.81,3.0,0.0,0.0,0.105834976,2.9347464965414907,0.0,3.0,1.8924657106399536,1.743622899055481,0.738135576248169,0.40070077776908875,-1.1543301343917847,-1.3429221212863922
2020-09-22,9750,12.39,3.0,3.0,0.0,2.1967742,1.8002595690244876,0.14,3.0,7.904296875,5.336634635925293,2.228710174560547,1.7750071287155151,-5.675586700439453,-3.561627507209778
2020-09-23,9990,12.49,3.0,3.0,3.0,5.3366346,3.110421407004644,2.78,3.0,67.07476806640625,59.541358947753906,3.531450033187866,1.7750071287155151,-63.543318033218384,-57.76635181903839
2020-09-24,19300,15.99,3.0,3.0,3.0,59.54136,2.1306088918923947,1.34,3.0,91.72498321533203,59.541358947753906,5.3963470458984375,2.029134511947632,-86.3286361694336,-57.512224435806274
2020-09-25,22100,17.0,1.0,2.0,1.0,26.846992,2.0488221228860937,1.62,2.0,123.81588745117188,59.541358947753906,4.814413070678711,2.029134511947632,-119.00147438049316,-57.512224435806274
2020-09-27,19100,15.92,0.0,0.0,0.0,17.345383,2.325030017835038,0.02,0.0,55.01537322998047,37.42753219604492,1.7324862480163574,1.1930725574493408,-53.28288698196411,-36.23445963859558
2020-10-09,11100,12.65,2.0,2.0,2.0,0.71302944,3.5300374680446978,0.3333333333333333,2.0,23.928617477416992,23.01767921447754,4.012587547302246,2.640801429748535,-19.916029930114746,-20.376877784729004
2020-10-10,13600,13.74,2.0,2.0,2.0,23.01768,4.370621581015088,1.6000000000000003,2.0,60.142887115478516,36.41217803955078,5.319375991821289,2.640801429748535,-54.82351112365723,-33.771376609802246
2020-10-11,19800,16.18,1.0,1.0,0.0,36.412178,3.5513570541395683,1.3,1.0,97.58424377441406,38.15439224243164,5.468803882598877,2.640801429748535,-92.11543989181519,-35.513590812683105
2020-10-12,27300,18.67,1.0,1.0,0.0,38.154392,1.8508443226509108,0.4499999999999999,1.0,87.85364532470703,38.15439224243164,4.789336204528809,1.9613332748413086,-83.06430912017822,-36.19305896759033
2020-10-13,25400,18.09,3.0,2.0,1.0,13.287068,2.3861023107016424,2.083333333333333,3.0,89.62820434570312,38.18674087524414,4.135458946228027,1.9613332748413086,-85.4927453994751,-36.22540760040283
2020-10-14,33500,20.56,3.0,2.0,1.0,38.18674,0.6087435081910975,0.3666666666666667,3.0,59.5986442565918,38.18674087524414,3.286762237548828,1.9613332748413086,-56.31188201904297,-36.22540760040283
2020-10-15,27000,18.61,2.0,2.0,3.0,8.124835,0.8667801247832619,0.0166666666666666,3.0,49.837886810302734,38.18674087524414,2.911855697631836,1.5864269733428955,-46.9260311126709,-36.600313901901245
2020-10-16,21400,16.75,2.0,2.0,3.0,3.5263104,2.214718142345504,1.0166666666666666,3.0,46.6385612487793,34.9874153137207,2.4814436435699463,1.5864269733428955,-44.15711760520935,-33.40098834037781
2020-10-17,35700,21.15,2.0,2.0,3.0,34.987415,1.0589577146352709,0.1,3.0,46.898597717285156,34.9874153137207,3.035440444946289,1.5864269733428955,-43.86315727233887,-33.40098834037781
2020-10-18,27700,18.84,2.0,2.0,3.0,8.384872,1.9035612208837331,0.5833333333333334,3.0,59.55378723144531,34.9874153137207,2.1708598136901855,0.8542433977127075,-57.38292741775513,-34.133171916007996
2020-10-19,29400,19.34,2.0,2.0,3.0,16.181501,2.208618476933283,0.2333333333333333,3.0,32.36746597290039,16.181501388549805,2.2335381507873535,0.8542433977127075,-30.133927822113037,-15.327257990837097
2020-10-20,24600,17.84,2.0,2.0,3.0,7.8010907,2.197914561284949,0.0666666666666666,3.0,30.30220603942871,16.181501388549805,1.9327013492584229,0.7218464612960815,-28.369504690170288,-15.459654927253723
2020-10-23,17800,15.42,1.0,1.0,0.0,0.56030065,3.424927306206717,0.85,1.0,28.55609703063965,20.45001220703125,3.539074182510376,1.3468246459960938,-25.017022848129272,-19.103187561035156
2020-10-24,18500,15.7,1.0,1.0,0.0,20.450012,2.278353679328923,0.04,1.0,21.481496810913086,20.45001220703125,3.884676933288574,1.3468246459960938,-17.59681987762451,-19.103187561035156
2020-10-27,15800,14.63,0.0,0.0,0.0,1.6968625,2.4670969395241373,0.06,0.0,5.191310405731201,2.4399919509887695,4.617406845092773,2.01187801361084,-0.5739035606384277,-0.4281139373779297
2020-10-30,20200,16.33,1.0,1.0,1.0,5.21303,0.2671467453640269,0.6,1.0,20.399188995361328,13.11962604522705,3.0319583415985107,1.5544013977050781,-17.367230653762817,-11.565224647521973
2020-11-03,15300,14.44,4.0,4.0,3.0,0.9182299,0.5158301972187261,1.1666666666666667,4.0,38.054481506347656,37.05916976928711,3.5475289821624756,1.7064545154571533,-34.50695252418518,-35.352715253829956
2020-11-04,22400,17.04,4.0,4.0,3.0,37.05917,0.3996873185238458,2.183333333333333,4.0,85.24835205078125,47.27095031738281,4.337090015411377,1.7064545154571533,-80.91126203536987,-45.56449580192566
2020-11-05,46100,23.66,4.0,4.0,3.0,47.27095,0.9553146551100584,1.583333333333333,4.0,113.03363037109375,47.27095031738281,3.885706663131714,1.3651549816131592,-109.14792370796204,-45.90579533576965
2020-11-16,20000,16.25,3.0,3.0,2.0,20.072826,0.6624441234275512,1.2500000000000002,3.0,62.35272216796875,24.56601905822754,7.814495086669922,3.895934581756592,-54.53822708129883,-20.670084476470947
2020-11-17,24300,17.73,3.0,3.0,2.0,24.56602,1.368010184364273,1.0,3.0,72.45443725585938,27.81558609008789,7.928149223327637,3.895934581756592,-64.52628803253174,-23.9196515083313
2020-11-18,29200,19.31,3.0,3.0,0.0,27.815586,1.314683009595374,0.7000000000000001,3.0,73.160400390625,27.81558609008789,8.182887077331543,3.895934581756592,-64.97751331329346,-23.9196515083313
2020-11-24,18300,15.61,0.0,0.0,0.0,3.5794382,3.8084603795576992,0.6833333333333332,0.0,26.304149627685547,19.959129333496094,4.38372802734375,1.6102988719940186,-21.920421600341797,-18.348830461502075
2020-11-27,18000,15.49,0.0,0.0,1.0,2.7694814,1.966209734251745,0.1666666666666666,1.0,16.746360778808594,7.964528560638428,3.2706942558288574,1.7622116804122925,-13.475666522979736,-6.202316880226135
2020-11-28,16700,15.01,0.0,1.0,1.0,6.012352,1.503628799761924,0.1166666666666666,1.0,11.183882713317871,6.012351989746094,2.8190524578094482,1.7622116804122925,-8.364830255508423,-4.250140309333801
2020-11-30,17300,15.24,1.0,1.0,1.0,3.2561965,2.8062751224996334,0.8166666666666668,1.0,25.479333877563477,19.821088790893555,1.577860713005066,1.3190298080444336,-23.90147316455841,-18.50205898284912
2020-12-07,15100,14.35,2.0,3.0,3.0,0.60719454,0.2009293645725481,0.0833333333333333,3.0,10.502599716186523,9.852693557739258,3.693816661834717,1.5371525287628174,-6.808783054351807,-8.31554102897644
2020-12-08,15700,14.59,2.0,3.0,3.0,9.852694,0.303952021063117,1.3833333333333335,3.0,36.188560485839844,25.728670120239258,3.895570755004883,1.5371525287628174,-32.29298973083496,-24.19151759147644
2020-12-11,17400,15.27,0.0,0.0,0.0,1.3837976,3.182337939856865,0.1,0.0,9.870072364807129,6.248480796813965,2.8699231147766113,1.191481351852417,-7.000149250030518,-5.056999444961548
2020-12-13,15700,14.59,0.0,0.0,0.0,0.4161061,4.766457936798249,0.4666666666666666,0.0,13.62568473815918,10.971785545349121,4.568446636199951,2.2679944038391113,-9.057238101959229,-8.70379114151001
2020-12-18,18200,15.58,1.0,1.0,1.0,13.656854,0.5841733160562869,0.6166666666666667,1.0,52.184810638427734,20.0008487701416,6.894741058349609,3.3933253288269043,-45.290069580078125,-16.607523441314697
2020-12-19,19000,15.88,1.0,1.0,1.0,18.527107,2.7355363634297007,0.9333333333333332,1.0,58.70329666137695,26.519336700439453,6.091202735900879,2.589787006378174,-52.612093925476074,-23.92954969406128
2020-12-20,23000,17.31,1.0,1.0,1.0,26.519337,1.639480531289847,0.4333333333333333,1.0,56.10883331298828,26.519336700439453,5.833382606506348,2.589787006378174,-50.275450706481934,-23.92954969406128
2020-12-21,25900,18.27,1.0,0.0,0.0,11.06239,1.2554808123518484,2.466666666666667,1.0,91.66941833496094,54.08768844604492,6.074911594390869,2.589787006378174,-85.59450674057007,-51.49790143966675
2020-12-30,16000,15.03,1.0,0.0,0.0,12.747019,5.341329133936377,1.1833333333333331,1.0,43.905731201171875,30.747644424438477,7.610218048095703,3.42454195022583,-36.29551315307617,-27.323102474212646
2020-12-31,20700,16.76,1.0,0.0,0.0,30.747644,5.532139439818632,0.6,1.0,,,,,,
2021-01-01,21300,16.97,2.0,2.0,1.0,16.952383,4.120625197621719,1.15,2.0,,,,,,
2021-01-02,29600,19.56,2.0,2.0,1.0,35.189037,2.8405351337834457,2.016666666666667,2.0,100.86138153076172,48.71996307373047,,,,
2021-01-03,40800,22.58,1.0,1.0,1.0,48.719963,1.3380886543950037,0.4000000000000001,1.0,92.79244995117188,48.71996307373047,,,,
2021-01-04,35000,21.07,1.0,1.0,0.0,8.883452,1.5978070964021998,1.616666666666667,1.0,82.60209655761719,48.71996307373047,,,,
2021-01-05,35000,21.07,1.0,1.0,1.0,24.998682,0.8227904083458881,1.2166666666666666,1.0,63.858951568603516,29.976818084716797,,,,
2021-01-06,35300,21.16,1.0,1.0,1.0,29.976818,3.007498362193854,0.9333333333333332,1.0,65.31475067138672,29.976818084716797,,,,
2021-01-11,20200,16.6,3.0,0.0,0.0,6.0703025,1.551730907933595,0.9,3.0,39.03805923461914,32.3813591003418,,,,
2021-01-12,28800,19.26,3.0,3.0,1.0,32.38136,2.40053670442404,3.133333333333333,3.0,97.88134002685547,59.42967987060547,,,,
2021-01-13,49000,24.49,3.0,3.0,1.0,59.42968,0.651287821955489,0.6,3.0,100.672119140625,59.42967987060547,,,,
2021-01-16,25200,18.25,0.0,0.0,0.0,6.427125,0.8289725323892957,0.1333333333333333,0.0,19.505168914794922,7.5629777908325195,,,,
2021-01-25,16600,15.26,0.0,0.0,0.0,2.229572,5.200101471648905,0.0833333333333333,0.0,3.1115283966064453,2.229572057723999,,,,
2021-01-28,15600,14.85,0.0,0.0,0.0,1.8543831,1.6218769568425166,0.15,0.0,6.290404319763184,3.5980224609375,,,,
2021-02-04,17300,15.53,2.0,1.0,1.0,4.044641,1.978323299833223,0.9499999999999998,2.0,51.7503662109375,33.65481185913086,,,,
2021-02-05,20100,16.54,2.0,1.0,1.0,33.65481,1.3686770866270286,0.6833333333333332,2.0,47.19915771484375,33.65481185913086,,,,
2021-02-13,16500,15.22,0.0,0.0,0.0,2.5871422,3.134647918177892,0.4333333333333333,0.0,7.743497371673584,4.4715986251831055,,,,
2021-02-15,17200,15.47,0.0,0.0,0.0,5.745004,5.1721918082826495,0.5,0.0,22.10231590270996,11.885713577270508,,,,
2021-02-16,16600,15.25,0.0,0.0,0.0,11.885714,1.5133562316198883,0.5166666666666667,0.0,26.96784210205078,11.885713577270508,,,,
2021-02-21,13900,14.18,2.0,2.0,2.0,11.2655,1.3506101732044584,1.2333333333333334,2.0,66.65836334228516,45.30799865722656,,,,
2021-02-22,22300,17.2,2.0,2.0,2.0,45.308,2.00853271169032,1.3666666666666665,2.0,91.05264282226562,45.30799865722656,,,,
2021-02-23,27800,19.04,0.0,0.0,0.0,34.47915,0.5776406911645268,0.6666666666666666,0.0,92.20121002197266,45.30799865722656,,,,
2021-03-04,14600,14.46,2.0,0.0,0.0,0.071178,0.5773253230663038,0.1999999999999999,2.0,5.533012866973877,5.374351501464844,,,,
2021-03-05,14900,14.6,2.0,1.0,0.0,5.3743515,0.7260968134595632,0.2666666666666666,2.0,10.54798412322998,5.374351501464844,,,,
2021-03-10,13900,14.19,0.0,0.0,0.0,0.3703283,2.1355609563547917,0.0666666666666666,0.0,0.6151275038719177,0.37032830715179443,,,,
2021-03-13,13200,13.88,0.0,0.0,0.0,0.13339332,4.059621310286249,0.1166666666666666,0.0,0.264456182718277,0.1333933174610138,,,,
2021-03-18,11300,13.01,0.0,0.0,0.0,0.034061298,3.2894151223756354,0.4833333333333333,0.0,8.162251472473145,7.7759623527526855,,,,
2021-03-20,12500,13.57,0.0,0.0,0.0,7.371165,0.947234535906704,0.3166666666666666,0.0,23.01120376586914,7.864076614379883,,,,
2021-03-29,12600,13.61,0.0,0.0,0.0,26.472132,0.2758356944608053,0.3499999999999999,0.0,31.70091438293457,26.472131729125977,,,,
2021-04-04,11300,13.05,0.0,0.0,0.0,6.740385,0.2119548482161863,0.1666666666666666,0.0,7.7200798988342285,6.740385055541992,,,,
2021-04-08,11400,13.08,0.0,0.0,0.0,18.194675,1.899228939466272,0.3333333333333333,0.0,23.105751037597656,18.19467544555664,,,,
2021-04-11,10700,12.73,0.0,0.0,0.0,5.691006,1.805693778816605,0.1666666666666666,0.0,13.987693786621094,8.100652694702148,,,,
2021-04-22,17900,15.77,0.0,0.0,0.0,0.022011198,0.3823455863965992,0.0,0.0,0.022011198103427887,0.022011198103427887,,,,
2021-04-24,17200,15.5,0.0,0.0,0.0,1.8058839,4.761337441798466,0.3,0.0,9.454681396484375,7.648797035217285,,,,
2021-04-26,16400,15.17,0.0,0.0,0.0,5.228966,1.1339727493856937,0.1,0.0,15.091354370117188,7.648797035217285,,,,
2021-04-29,14400,14.4,0.0,0.0,0.0,0.022877602,3.268918262623508,0.0333333333333333,0.0,1.3082778453826904,0.8854458928108215,,,,
2021-05-08,16400,15.17,0.0,0.0,0.0,8.34003,2.7617633747279795,0.0833333333333333,0.0,14.171282768249512,8.3400297164917,,,,
2021-05-09,14200,14.36,0.0,0.0,0.0,0.20275581,3.734049008119799,0.0166666666666666,0.0,8.612150192260742,8.3400297164917,,,,
2021-05-15,18600,15.99,0.0,0.0,0.0,0.0,1.835071371148572,0.0,0.0,0.01984754391014576,0.01984754391014576,,,,
2021-05-21,15300,14.76,0.0,0.0,0.0,7.6319895,2.173766582141403,0.0,0.0,11.560789108276367,7.631989479064941,,,,
2021-05-22,14500,14.46,0.0,0.0,0.0,0.055260707,1.924288510144065,0.0,0.0,7.687250137329102,7.631989479064941,,,,
2021-05-25,17000,15.42,0.0,0.0,0.0,3.7161148,2.2924815914722485,0.1,0.0,10.809816360473633,4.498726844787598,,,,
2021-05-26,17600,15.64,1.0,1.0,0.0,4.498727,3.2379061707575656,0.0166666666666666,1.0,9.670607566833496,4.498726844787598,,,,
2021-05-27,18900,16.07,1.0,1.0,0.0,1.4557658,3.649224496206696,1.0166666666666666,1.0,39.48528289794922,33.53078842163086,,,,
2021-06-08,19800,16.4,0.0,0.0,0.0,1.9620683,3.606213536855288,0.15,0.0,11.299201011657715,6.230569362640381,,,,
2021-06-12,15100,14.69,2.0,0.0,0.0,4.337276,1.3924687783516128,0.0166666666666666,2.0,6.8963623046875,4.337275981903076,,,,
2021-06-13,17200,15.49,2.0,2.0,0.0,1.6783148,1.97157119858477,0.6166666666666667,2.0,20.169231414794922,14.153640747070312,,,,
2021-06-14,22300,17.24,2.0,2.0,0.0,14.153641,1.2960020996984785,0.1833333333333333,2.0,19.52094268798828,14.153640747070312,,,,
2021-06-19,27300,18.77,1.0,1.0,1.0,0.005309627,3.615840117054057,0.0,1.0,0.026006678119301796,0.020697051659226418,,,,
2021-06-20,26800,18.64,1.0,0.0,0.0,0.020697052,3.366021257380461,0.0,1.0,0.026006678119301796,0.020697051659226418,,,,
2021-06-22,31300,19.93,0.0,0.0,0.0,0.0,2.086126903626733,0.0,0.0,0.0,0.0,,,,
2021-06-25,31600,20.02,0.0,1.0,0.0,0.0,4.777449321007938,0.0,1.0,0.0,0.0,,,,
2021-06-26,34000,20.68,0.0,1.0,0.0,0.0,4.414677016361528,0.0,1.0,0.020697051659226418,0.020697051659226418,,,,
2021-07-07,19400,16.25,0.0,0.0,0.0,0.02172829,4.31787719657187,0.0666666666666666,0.0,2.1860179901123047,2.164289712905884,,,,
2021-07-09,18400,15.9,0.0,0.0,0.0,0.07174459,4.503246679438455,0.0,0.0,2.236034393310547,2.164289712905884,,,,
2021-07-13,15400,14.81,0.0,0.0,0.0,0.0,2.8872075456880752,0.0,0.0,0.0,0.0,,,,
2021-08-01,9470,12.29,0.0,0.0,0.0,0.9358767,3.645362373651264,,0.0,3.2747623920440674,2.280904769897461,,,,
2021-08-06,9170,12.12,2.0,2.0,2.0,0.821033,1.5687157326521717,,2.0,5.591367721557617,4.770334720611572,,,,
2021-08-07,9460,12.25,2.0,2.0,2.0,4.7703347,3.349241855918525,,2.0,27.876920700073242,22.285552978515625,,,,
2021-08-08,10900,12.91,2.0,0.0,0.0,22.285553,2.386444958347025,,2.0,28.06698989868164,22.285552978515625,,,,
2021-08-09,10300,12.62,0.0,1.0,0.0,1.0111022,1.789139020292263,,1.0,23.296667098999023,22.285552978515625,,,,
2021-08-10,11100,12.96,1.0,1.0,0.0,1.0805501e-05,1.9013433110343705,,1.0,1.0480377674102783,1.0111021995544434,,,,
2021-08-11,10800,12.83,1.0,1.0,0.0,0.036924753,1.998420472886817,,1.0,0.036935560405254364,0.036924753338098526,,,,
2021-08-15,11300,13.04,0.0,1.0,1.0,0.0,2.1592104637729683,,1.0,0.04016698896884918,0.04016698896884918,,,,
2021-08-16,10600,12.69,0.0,1.0,1.0,0.04016699,3.2098289035068683,,1.0,4.584822177886963,4.5446553230285645,,,,
2021-08-18,8320,11.59,1.0,0.0,0.0,2.8955545,5.034151719748119,,1.0,7.440209865570068,4.5446553230285645,,,,
2021-08-19,8000,11.42,1.0,0.0,0.0,0.0,4.859367527832372,,1.0,2.895554542541504,2.895554542541504,,,,
2021-08-23,7580,11.16,0.0,0.0,0.0,2.3943954,1.5799803256599274,,0.0,4.280986309051514,2.394395351409912,,,,
2021-08-27,6930,10.76,0.0,0.0,0.0,5.20722,2.766642073741576,,0.0,6.774760723114014,5.207220077514648,,,,
2021-09-04,6700,10.56,1.0,1.0,1.0,0.022221021,1.848786783472728,0.02,1.0,0.7420827150344849,0.7198616862297058,,,,
2021-09-05,6510,10.45,1.0,1.0,1.0,0.7198617,1.2503415109975842,0.0333333333333333,1.0,0.8037253618240356,0.7198616862297058,,,,
2021-09-08,8260,11.36,0.0,0.0,1.0,0.06503968,2.3575501313344867,0.0999999999999999,1.0,0.29099664092063904,0.2259569615125656,,,,
2021-09-09,8440,11.45,0.0,1.0,1.0,0.22595696,1.3020891586532997,0.0166666666666666,1.0,0.29099664092063904,0.2259569615125656,,,,
2021-09-10,8460,11.45,0.0,1.0,1.0,0.0,0.7914995277745056,0.0999999999999999,1.0,1.3835006952285767,1.1575437784194946,,,,
2021-09-13,8280,11.33,0.0,0.0,0.0,4.695782,2.2717884016458663,0.0166666666666666,0.0,7.808926105499268,4.69578218460083,,,,
2021-09-15,8390,11.37,0.0,0.0,0.0,8.834663,3.181331489897268,0.1333333333333333,0.0,9.473073959350586,8.834663391113281,,,,
2021-09-17,8130,11.22,4.0,4.0,4.0,0.67286474,1.992548343697495,2.35,4.0,69.5608139038086,68.42729949951172,,,,
2021-09-18,19800,15.79,4.0,4.0,4.0,68.4273,3.217818917539302,1.0833333333333333,4.0,88.82087707519531,68.42729949951172,,,,
2021-09-26,11000,12.59,2.0,3.0,2.0,0.0023369351,0.9651997710171344,1.45,3.0,36.867862701416016,36.77700424194336,,,,
2021-09-27,14900,14.16,2.0,3.0,2.0,36.777004,1.3488866018157435,1.1,3.0,55.066123962402344,36.77700424194336,,,,
2021-09-29,19500,15.92,3.0,3.0,3.0,17.972939,2.3449775667057264,0.64,3.0,50.9333381652832,18.28678321838379,,,,
2021-09-30,20100,16.1,3.0,3.0,3.0,14.673617,2.543630122406635,1.1800000000000002,3.0,63.90742492675781,31.260868072509766,,,,
2021-10-02,20100,16.15,0.0,1.0,1.0,0.22997898,2.47812221650454,0.0,1.0,31.58578872680664,31.260868072509766,,,,
2021-10-03,15200,14.34,0.0,1.0,1.0,0.09494224,2.308661876212855,0.0499999999999999,1.0,1.5952614545822144,1.2703402042388916,,,,
2021-10-05,13000,13.47,1.0,0.0,0.0,0.23282279,2.512433273607658,0.4166666666666667,1.0,13.522571563720703,12.019408226013184,,,,
2021-10-07,13400,13.63,0.0,0.0,0.0,9.675469,1.9921343972356729,0.05,0.0,22.04572868347168,12.019408226013184,,,,
2021-10-09,12400,13.18,1.0,1.0,1.0,0.09979528,2.890450091861809,0.3333333333333333,1.0,18.565818786621094,18.11517333984375,,,,
2021-10-10,13500,13.64,1.0,1.0,1.0,18.115173,3.050337791059335,0.35,1.0,26.4859619140625,18.11517333984375,,,,
2021-10-15,13500,13.64,3.0,4.0,4.0,12.755245,2.142689804682576,0.5,4.0,35.345703125,18.856704711914062,,,,
2021-10-16,16200,14.72,3.0,4.0,4.0,18.856705,1.3978211495022517,0.2166666666666666,4.0,35.58330154418945,18.856704711914062,,,,
2021-10-17,17100,15.08,3.0,4.0,4.0,3.9713502,0.5130981092380533,0.0,4.0,23.2519474029541,18.856704711914062,,,,
2021-10-20,12100,13.06,3.0,3.0,0.0,0.62109816,1.566406477652471,0.4333333333333333,3.0,12.733115196228027,12.109185218811035,,,,
2021-10-21,13900,13.81,3.0,3.0,2.0,12.109185,2.270797451428973,0.25,3.0,21.92731475830078,12.109185218811035,,,,
2021-10-22,14300,13.97,3.0,3.0,2.0,9.19703,1.6297677725216428,0.4666666666666666,3.0,32.178802490234375,12.109185218811035,,,,
2021-10-24,15100,14.3,2.0,2.0,1.0,4.2108464,8.950121207987948,0.5666666666666667,2.0,29.330890655517578,14.247455596923828,,,,
2021-10-25,16600,14.86,2.0,2.0,1.0,14.247456,5.002015999867735,0.8333333333333334,2.0,44.18400573730469,25.725706100463867,,,,
2021-10-26,23700,17.35,2.0,2.0,1.0,25.725706,4.161375881160373,1.1,2.0,71.04817199707031,31.07501220703125,,,,
2021-10-27,28300,18.77,3.0,2.0,1.0,31.075012,6.23931685400689,0.4166666666666667,3.0,77.042724609375,31.07501220703125,,,,
2021-10-28,30600,19.4,3.0,2.0,1.0,20.242006,4.519234354043056,3.6166666666666663,3.0,140.733642578125,89.4166259765625,,,,
2021-10-29,64500,27.57,3.0,2.0,1.0,89.416626,2.888263594824326,0.5,3.0,117.60847473144531,89.4166259765625,,,,
2021-11-01,25200,17.82,1.0,0.0,0.0,0.24545717,1.0957423240107549,0.2166666666666666,1.0,6.106042861938477,5.828060150146484,,,,
2021-11-02,20500,16.28,3.0,3.0,3.0,5.82806,1.2711020730389209,0.6333333333333334,3.0,22.927289962768555,16.85377311706543,,,,
2021-11-03,21000,16.45,3.0,3.0,3.0,16.853773,1.8962265359728363,0.1666666666666666,3.0,32.399330139160156,16.85377311706543,,,,
2021-11-04,22800,17.03,3.0,3.0,3.0,9.717499,1.3133184122476902,1.7,3.0,66.70188903808594,40.130615234375,,,,
2021-11-08,22400,16.94,0.0,0.0,0.0,13.812753,1.0001423909696432,0.3166666666666667,0.0,35.965240478515625,16.44920539855957,,,,
2021-11-09,21200,16.52,1.0,0.0,0.0,5.70328,1.2897430969312578,1.133333333333333,1.0,45.23738098144531,25.72134780883789,,,,
2021-11-11,25900,18.04,2.0,2.0,2.0,7.5145273,4.353460885882629,1.0333333333333332,2.0,75.94988250732422,42.71400833129883,,,,
2021-11-12,44600,23.02,2.0,2.0,2.0,42.71401,2.38651439719434,2.2,2.0,93.69056701660156,43.4620361328125,,,,
2021-11-13,65200,27.74,4.0,4.0,4.0,43.462036,1.5091204619336656,1.1666666666666667,4.0,130.32659912109375,44.15056228637695,,,,
2021-11-14,62200,27.12,4.0,4.0,4.0,44.150562,1.2061054519828307,2.566666666666667,4.0,167.64048767089844,80.02789306640625,,,,
2021-11-15,94100,,4.0,4.0,4.0,80.02789,0.7753318494912985,2.1166666666666667,4.0,176.87811279296875,80.02789306640625,,,,
2021-11-16,119000,,0.0,0.0,0.0,52.699657,0.1114656763364394,0.3166666666666667,0.0,137.78114318847656,80.02789306640625,,,,
2021-11-19,65500,27.81,0.0,0.0,0.0,11.318968,0.5387239371826429,0.1,0.0,14.277445793151855,11.318967819213867,,,,
2021-11-23,38800,21.7,0.0,0.0,0.0,7.557715,0.5987860601514015,0.5833333333333334,0.0,19.32579803466797,11.610485076904297,,,,
2021-11-24,32600,20.02,0.0,0.0,2.0,11.610485,0.9773170565368616,0.0666666666666666,2.0,24.409290313720703,11.610485076904297,,,,
2021-11-25,28000,18.7,2.0,2.0,2.0,5.2410917,1.7897672765298764,1.7333333333333334,2.0,70.72511291503906,53.87353515625,,,,
2021-11-26,38700,21.66,2.0,2.0,2.0,53.873535,0.7760103248952734,0.7166666666666667,2.0,74.00774383544922,53.87353515625,,,,
2021-11-27,40200,22.06,3.0,3.0,3.0,14.893117,1.3727805918421756,1.8833333333333333,3.0,122.89131164550781,54.12466049194336,,,,
2021-11-28,55800,25.66,3.0,3.0,3.0,54.12466,0.4657939278207982,1.2166666666666668,3.0,112.6618423461914,54.12466049194336,,,,
2021-11-29,71100,28.94,0.0,0.0,3.0,43.644066,0.3856331851557931,0.2833333333333334,3.0,108.64054870605469,54.12466049194336,,,,
2021-11-30,62200,27.11,3.0,3.0,4.0,10.871822,0.5219821484296694,1.5166666666666668,4.0,99.97705078125,45.46116638183594,,,,
2021-12-01,64000,27.5,3.0,3.0,4.0,45.461166,0.4216824867373868,0.9333333333333332,4.0,74.64324951171875,45.46116638183594,,,,
2021-12-02,62500,27.19,3.0,3.0,4.0,18.310259,0.3536410962244693,0.3,4.0,65.5923843383789,45.46116638183594,,,,
2021-12-03,60000,26.66,0.0,0.0,0.0,1.8209587,0.1718289076401332,0.0,0.0,23.759767532348633,18.310258865356445,,,,
2021-12-10,20100,,1.0,1.0,1.0,12.321082,4.242959500205631,0.7833333333333333,1.0,45.326805114746094,22.83180046081543,,,,
2021-12-11,21300,,1.0,1.0,1.0,22.8318,3.5719985781569363,1.9833333333333327,1.0,68.98838806152344,33.83550262451172,,,,
2021-12-18,16500,,1.0,1.0,1.0,8.911463,4.387243091764677,2.0666666666666664,1.0,52.24279022216797,39.384037017822266,,,,
2021-12-30,13800,13.77,0.0,0.0,0.0,5.3636074,1.8446473188545072,0.3166666666666666,0.0,8.850050926208496,5.363607406616211,,,,
2022-01-02,12700,13.33,1.0,1.0,1.0,0.8181051,,1.5,1.0,27.479198455810547,26.301713943481445,,,,
2022-01-03,13900,13.83,1.0,1.0,1.0,26.301714,,1.0166666666666666,1.0,39.70852279663086,26.301713943481445,,,,
2022-01-05,12600,13.28,3.0,0.0,0.0,14.372423,,0.3999999999999999,3.0,41.458641052246094,14.497513771057129,,,,
2022-01-06,12800,13.37,3.0,2.0,2.0,14.497514,,2.6500000000000004,3.0,95.88198852539062,67.01204681396484,,,,
2022-01-07,23900,17.31,3.0,2.0,2.0,67.01205,,1.3166666666666669,3.0,108.95853424072266,67.01204681396484,,,,
2022-01-10,16900,14.98,1.0,0.0,0.0,6.8707023,,0.3,1.0,25.39347267150879,16.09681510925293,,,,
2022-01-11,19100,15.8,2.0,2.0,2.0,16.096815,,2.083333333333333,2.0,73.64118194580078,50.67366409301758,,,,
2022-01-12,39900,,2.0,2.0,2.0,50.673664,,0.9666666666666668,2.0,93.42850494384766,50.67366409301758,,,,
2022-01-13,46800,,2.0,2.0,2.0,26.65803,,0.2,2.0,79.40951538085938,50.67366409301758,,,,
2022-01-20,26500,18.19,1.0,1.0,1.0,16.311495,,1.05,1.0,48.02713394165039,27.510677337646484,,,,
2022-01-29,19900,16.09,0.0,2.0,2.0,0.0491387,,0.0833333333333333,2.0,2.1194987297058105,2.021221399307251,,,,
2022-01-30,19400,15.92,1.0,2.0,2.0,2.0212214,,0.9833333333333334,2.0,21.233884811401367,19.163524627685547,,,,
2022-02-02,18400,15.55,0.0,0.0,0.0,4.0838404,,0.2833333333333334,0.0,19.21746063232422,7.5968337059021,,,,
2022-02-04,15500,14.47,0.0,0.0,0.0,5.7246184,,0.6,0.0,26.40573501586914,13.144330024719238,,,,
2022-02-07,15600,14.49,0.0,0.0,0.0,0.23876518,,0.1666666666666666,0.0,9.2512845993042,6.080679416656494,,,,
2022-02-26,14100,13.89,1.0,1.0,0.0,0.14877151,,0.6333333333333333,1.0,9.773519515991211,9.272647857666016,,,,
2022-02-27,13700,13.76,2.0,2.0,0.0,9.272648,,1.1666666666666667,2.0,40.4788818359375,31.057464599609375,,,,
2022-02-28,20800,16.3,2.0,2.0,0.0,31.057465,,3.8,2.0,124.0084228515625,83.67830657958984,,,,
2022-03-01,43700,22.91,2.0,2.0,0.0,83.67831,,0.7000000000000001,2.0,131.63963317871094,83.67830657958984,,,,
2022-03-04,26400,18.2,0.0,0.0,0.0,4.7293587,,0.0333333333333333,0.0,21.484907150268555,16.745908737182617,,,,
2022-03-14,15700,14.54,1.0,1.0,0.0,8.11444,,0.7999999999999999,1.0,36.05012893676758,25.202850341796875,,,,
2022-03-15,18000,15.39,1.0,1.0,0.0,25.20285,,1.5,1.0,57.8359375,25.202850341796875,,,,
2022-03-16,18400,15.55,0.0,0.0,0.0,24.518644,,0.3666666666666667,0.0,53.517555236816406,25.202850341796875,,,,
2022-03-17,16400,14.83,0.0,0.0,0.0,3.7960577,,0.2833333333333333,0.0,38.38839340209961,24.518644332885742,,,,
2022-03-19,16400,14.8,0.0,0.0,0.0,6.8217964,,0.6,0.0,33.13788604736328,16.242395401000977,,,,
2022-03-29,16700,14.92,0.0,0.0,0.0,3.7262468,,0.0333333333333333,0.0,5.793190956115723,3.7262468338012695,,,,
2022-04-02,14300,13.98,0.0,0.0,0.0,4.3377323,,0.3333333333333333,0.0,9.540319442749023,4.337732315063477,,,,
2022-04-03,13900,13.83,1.0,0.0,0.0,3.3923872,,1.2833333333333334,1.0,36.730628967285156,29.000511169433594,,,,
2022-04-04,16600,14.87,1.0,0.0,0.0,29.000511,,1.9833333333333336,1.0,66.99855041503906,34.60565185546875,,,,
2022-04-07,16000,14.64,1.0,1.0,1.0,1.3085775,,0.0666666666666666,1.0,36.33354187011719,31.149002075195312,,,,
2022-04-08,16100,14.69,1.0,1.0,1.0,3.8759613,,0.8333333333333334,1.0,22.63809585571289,17.45355796813965,,,,
2022-04-10,15700,14.54,0.0,0.0,0.0,9.184386,,0.2166666666666666,0.0,31.112258911132812,17.45355796813965,,,,
2022-04-15,12900,13.39,0.0,0.0,0.0,1.8671932,,0.0833333333333333,0.0,2.5606298446655273,1.8671932220458984,,,,
2022-04-16,12500,13.25,0.0,0.0,0.0,0.4056438,,0.0333333333333333,0.0,5.095303535461426,2.8224666118621826,,,,
2022-04-28,12600,13.29,0.0,0.0,0.0,1.44413,,0.0333333333333333,0.0,10.440435409545898,7.955069541931152,,,,
2022-05-03,12500,13.23,0.0,1.0,1.0,3.3579226,,0.0666666666666666,1.0,6.590126991271973,3.3579225540161133,,,,
2022-05-04,12900,13.39,1.0,1.0,1.0,1.9267188,,0.1166666666666666,1.0,12.007198333740234,6.722557544708252,,,,
2022-05-05,14300,13.99,1.0,1.0,1.0,6.7225575,,0.7166666666666667,1.0,30.63298797607422,21.98371124267578,,,,
2022-05-13,13800,13.78,0.0,0.0,0.0,14.729274,,0.1333333333333333,0.0,18.80324935913086,14.729273796081543,,,,
2022-05-16,19600,15.94,0.0,0.0,0.0,25.765345,,0.2333333333333333,0.0,39.36067199707031,25.765344619750977,,,,
2022-05-18,19500,15.95,1.0,1.0,1.0,3.6960883,,0.8166666666666668,1.0,28.722389221191406,19.892230987548828,,,,
2022-05-20,18100,15.43,0.0,0.0,0.0,2.4959912,,0.2166666666666666,0.0,24.395814895629883,19.892230987548828,,,,
2022-05-22,15900,14.6,0.0,0.0,0.0,0.82563394,,0.02,0.0,2.9784414768218994,2.0075924396514893,,,,
2022-05-25,16200,14.73,0.0,0.0,0.0,3.6722417,,0.15,0.0,6.195431232452393,3.672241687774658,,,,
2022-06-04,33200,20.18,1.0,1.0,1.0,14.220219,,0.0833333333333333,1.0,28.312013626098633,14.220218658447266,,,,
2022-06-05,32000,19.85,1.0,1.0,1.0,7.438614,,0.6666666666666666,1.0,42.16343307495117,20.504600524902344,,,,
2022-06-09,31800,19.8,2.0,1.0,1.0,0.89404714,,1.7166666666666668,2.0,44.809913635253906,41.2258186340332,,,,
2022-06-10,46500,23.57,2.0,1.0,1.0,41.22582,,0.1666666666666666,2.0,48.46022415161133,41.2258186340332,,,,
2022-06-12,38200,21.53,0.0,0.0,0.0,4.706845,,0.3333333333333333,0.0,20.31020736694336,9.263004302978516,,,,
2022-06-15,26900,18.37,0.0,0.0,0.0,1.2052298,,0.06,0.0,14.904611587524414,11.112078666687012,,,,
2022-06-21,23900,17.45,0.0,0.0,1.0,0.14629546,,0.0499999999999999,1.0,2.5933079719543457,1.7286860942840576,,,,
2022-06-22,25800,18.03,0.0,0.0,1.0,1.7286861,,0.0166666666666666,1.0,2.500854730606079,1.7286860942840576,,,,
2022-06-24,27700,18.64,0.0,0.0,0.0,0.0,,0.0,0.0,0.6258732676506042,0.6258732676506042,,,,
2022-06-29,32500,20.03,0.0,0.0,0.0,5.344486,,0.1166666666666666,0.0,6.38742733001709,5.344486236572266,,,,
2022-07-03,37800,21.49,0.0,0.0,0.0,3.999808,,0.7999999999999999,0.0,17.80476188659668,13.804954528808594,,,,
2022-07-05,33800,20.44,0.0,0.0,0.0,0.45709056,,0.0166666666666666,0.0,14.795741081237793,13.804954528808594,,,,
2022-07-14,25700,18.12,0.0,0.0,0.0,0.0,,0.0,0.0,0.0,0.0,,,,
2022-07-18,20800,16.58,0.0,0.0,0.0,3.7110465,,0.0666666666666666,0.0,5.377286911010742,3.7110464572906494,,,,
2022-08-05,12600,13.77,0.0,0.0,0.0,1.346531,,0.0,0.0,3.3915834426879883,2.0450522899627686,,,,
2022-08-18,10900,13.01,0.0,0.0,0.0,0.10852652,,0.0,0.0,0.11643752455711365,0.10852652043104172,,,,
2022-08-26,9420,12.27,0.0,0.0,0.0,0.040032417,,0.0,0.0,0.25371038913726807,0.12817543745040894,,,,
2022-08-27,8860,12.0,1.0,1.0,0.0,0.12817544,,0.0,1.0,0.36582255363464355,0.19761471450328827,,,,
2022-08-28,7900,11.51,1.0,1.0,0.0,0.19761471,,0.0,1.0,0.3257901668548584,0.19761471450328827,,,,
2022-09-01,7490,11.27,0.0,0.0,0.0,0.0,,0.0,0.0,0.0,0.0,,,,
2022-09-04,6880,10.93,1.0,1.0,1.0,0.9807137,,0.1,1.0,4.880815505981445,3.900101661682129,,,,
2022-09-12,8210,11.63,0.0,0.0,0.0,0.08445697,,0.1,0.0,1.5430129766464233,1.458556056022644,,,,
2022-09-19,7910,11.45,0.0,0.0,0.0,0.016336737,,0.0,0.0,0.07900255918502808,0.06266582012176514,,,,
2022-10-04,7150,11.03,0.0,0.0,0.0,0.0,,0.0,0.0,0.0,0.0,,,,
2022-10-24,6650,10.76,1.0,1.0,0.0,6.4750643,,1.15,1.0,39.280765533447266,32.026859283447266,,,,
2022-10-27,7440,11.2,2.0,1.0,1.0,9.359312,,0.9,2.0,59.31550979614258,30.81205177307129,,,,
2022-10-28,9180,12.07,2.0,1.0,1.0,30.812052,,0.6166666666666667,2.0,51.20696258544922,30.81205177307129,,,,
2022-10-29,9320,12.15,0.0,0.0,2.0,11.035598,,0.0333333333333333,2.0,43.774898529052734,30.81205177307129,,,,
2022-10-30,8220,11.6,2.0,2.0,2.0,1.9272499,,1.2166666666666668,2.0,67.24794006347656,54.28509521484375,,,,
2022-10-31,15900,14.83,2.0,2.0,2.0,54.285095,,1.0666666666666669,2.0,78.20515441894531,54.28509521484375,,,,
2022-11-01,16400,15.09,0.0,0.0,0.0,21.992805,,0.02,0.0,76.8625259399414,54.28509521484375,,,,
2022-11-03,11000,12.93,3.0,3.0,2.0,1.1807363,,0.6166666666666667,3.0,31.70958709716797,29.944223403930664,,,,
2022-11-04,15300,14.56,3.0,3.0,2.0,29.944223,,2.7999999999999994,3.0,122.63046264648438,91.50550079345703,,,,
2022-11-05,40000,22.17,3.0,3.0,2.0,91.5055,,0.3666666666666667,3.0,129.9419708251953,91.50550079345703,,,,
2022-11-20,7920,11.45,0.0,0.0,0.0,0.000107465625,,0.14,0.0,1.0048202276229858,0.992997407913208,,,,
2022-11-24,11000,12.97,0.0,0.0,1.0,1.035311,,0.04,1.0,38.330047607421875,36.62236022949219,,,,
2022-11-25,11300,13.06,0.0,0.0,1.0,0.67237383,,0.6,1.0,13.952054023742676,12.244369506835938,,,,
2022-11-27,10900,12.91,0.0,0.0,0.0,18.267195,,0.65,0.0,42.870811462402344,18.267194747924805,,,,
2022-12-05,8280,11.64,0.0,0.0,0.0,0.1228057,,,0.0,3.3875620365142822,2.8431859016418457,,,,
2022-12-06,8790,11.89,0.0,0.0,0.0,0.42157054,,,0.0,2.1961827278137207,1.651806354522705,,,,
2022-12-23,7220,11.07,4.0,0.0,0.0,4.91551,,,4.0,42.167572021484375,37.25205993652344,,,,
2022-12-24,12400,13.39,4.0,3.0,2.0,37.25206,,,4.0,112.2964096069336,70.12883758544922,,,,
2022-12-25,35900,21.09,4.0,3.0,3.0,70.12884,,,4.0,133.51278686523438,70.12883758544922,,,,
2022-12-26,40500,22.22,3.0,3.0,3.0,26.13189,,,3.0,137.5538330078125,70.12883758544922,,,,
2022-12-27,52300,24.97,2.0,1.0,1.0,41.293102,,,2.0,101.84487915039062,41.2931022644043,,,,
2023-01-04,17200,15.12,2.0,1.0,0.0,1.2310907,,0.12,2.0,,,,,,
2023-01-05,17300,15.15,2.0,1.0,1.0,1.2562817,,0.2166666666666667,2.0,,,,,,
2023-01-06,17200,15.11,2.0,1.0,1.0,5.2241526,,0.1833333333333333,2.0,,,,,,
2023-01-07,16700,14.92,1.0,0.0,0.0,4.513704,,0.25,1.0,,,,,,
2023-01-09,16300,14.77,0.0,0.0,0.0,9.942669,,0.3833333333333333,0.0,,,,,,
2023-01-10,16500,14.87,0.0,0.0,0.0,12.07241,,0.2666666666666666,0.0,,,,,,
2023-01-11,16500,14.86,3.0,0.0,0.0,3.8751822,,0.1333333333333333,3.0,,,,,,
2023-01-12,15800,14.59,3.0,3.0,2.0,5.0312524,,1.8833333333333333,3.0,,,,,,
2023-01-13,22200,16.88,3.0,3.0,2.0,44.935707,,3.016666666666667,3.0,,,,,,
2023-01-14,25900,18.07,3.0,3.0,0.0,19.16046,,0.1999999999999999,3.0,,,,,,
2023-01-28,10500,12.39,0.0,0.0,0.0,3.2778935,,0.1166666666666666,0.0,,,,,,
2023-02-19,8900,11.65,1.0,1.0,1.0,7.58727,,0.7666666666666667,1.0,,,,,,
2023-02-20,11400,12.81,1.0,1.0,1.0,26.97229,,1.35,1.0,,,,,,
2023-02-21,14700,14.22,1.0,1.0,1.0,39.60145,,0.65,1.0,,,,,,
2023-03-16,10500,12.47,0.0,0.0,0.0,2.925143,,0.12,0.0,,,,,,
2023-03-18,10100,12.27,0.0,0.0,0.0,0.14352278,,0.06,0.0,,,,,,
2023-03-24,11000,12.68,0.0,0.0,0.0,9.467128,,0.3,0.0,,,,,,
2023-03-30,10100,12.24,0.0,0.0,0.0,0.027485264,,0.0,0.0,,,,,,
2023-04-05,10000,12.22,0.0,0.0,0.0,0.4478499,,0.12,0.0,,,,,,
2023-04-06,9990,12.21,1.0,1.0,0.0,0.23251846,,0.36,1.0,,,,,,
2023-04-07,11200,12.76,1.0,1.0,0.0,10.337082,,0.4,1.0,,,,,,
2023-04-09,12400,13.31,1.0,1.0,1.0,9.846748,,1.56,1.0,,,,,,
2023-04-10,18200,15.58,1.0,1.0,1.0,34.099873,,0.4,1.0,,,,,,
2023-04-15,12200,13.22,0.0,0.0,0.0,0.028153438,,0.1,0.0,,,,,,
2023-04-28,15200,14.46,0.0,0.0,0.0,0.0006968565,,0.02,0.0,,,,,,
2023-05-14,25300,17.95,0.0,0.0,0.0,0.0,,0.0,0.0,,,,,,
2023-05-15,31400,19.78,0.0,0.0,0.0,0.0,,0.0,0.0,,,,,,
2023-05-22,27900,18.78,0.0,0.0,0.0,1.9433413,,0.1399999999999999,0.0,,,,,,
2023-05-25,18000,15.54,0.0,0.0,0.0,0.038381338,,0.04,0.0,,,,,,
2023-05-31,17700,15.48,0.0,0.0,0.0,0.061982118,,0.0,0.0,,,,,,
2023-06-03,15000,14.47,0.0,0.0,0.0,0.0,,0.0,0.0,,,,,,
2023-06-04,14300,14.19,0.0,0.0,0.0,0.0,,0.0,0.0,,,,,,
2023-06-16,13200,13.81,0.0,0.0,0.0,0.0,,0.04,0.0,,,,,,
2023-06-26,10200,12.51,0.0,0.0,0.0,3.0105138,,0.08,0.0,,,,,,
2023-07-03,9300,12.1,0.0,0.0,0.0,0.0,,0.0,0.0,,,,,,
2023-07-04,9600,12.24,0.0,0.0,0.0,0.0,,0.02,0.0,,,,,,
2023-07-08,9160,12.03,0.0,0.0,0.0,0.1296617,,0.0,0.0,,,,,,
2023-07-22,7800,11.34,0.0,0.0,0.0,0.0,,0.0,0.0,,,,,,
2023-07-23,7690,11.28,0.0,2.0,2.0,0.0,,0.0,2.0,,,,,,
2023-07-24,7570,11.21,2.0,2.0,2.0,0.0,,0.4599999999999999,2.0,,,,,,
2023-07-25,8110,11.49,2.0,2.0,2.0,16.26708,,0.0,2.0,,,,,,
2023-07-26,8740,11.81,0.0,0.0,0.0,0.98418564,,0.02,0.0,,,,,,
2023-08-12,6680,10.72,1.0,0.0,0.0,0.0,,0.0,1.0,,,,,,
2023-08-13,6690,10.73,1.0,0.0,0.0,0.0,,0.0,1.0,,,,,,
2023-08-14,6850,10.82,0.0,0.0,0.0,0.0,,0.0,0.0,,,,,,
2023-09-07,6480,10.61,0.0,0.0,0.0,0.0,,0.0,0.0,,,,,,
2023-09-12,6400,10.56,0.0,0.0,0.0,0.00083104125,,0.04,0.0,,,,,,
2023-09-24,5940,10.3,4.0,4.0,3.0,10.529786,,0.1399999999999999,4.0,,,,,,
2023-09-25,5830,10.23,4.0,4.0,3.0,8.623893,,1.42,4.0,,,,,,
2023-09-26,7310,11.06,4.0,4.0,3.0,31.01033,,0.2799999999999999,4.0,,,,,,
2023-09-27,7370,11.11,4.0,4.0,3.0,9.532439,,0.36,4.0,,,,,,
2023-10-02,5970,10.31,1.0,0.0,0.0,0.11461374,,,1.0,,,,,,
2023-10-03,5920,10.28,1.0,1.0,1.0,3.9972808,,,1.0,,,,,,
2023-10-04,5780,10.2,1.0,1.0,1.0,0.00015206287,,,1.0,,,,,,
2023-10-05,6460,10.59,1.0,0.0,0.0,0.055073086,,,1.0,,,,,,
2023-10-08,5650,10.12,2.0,2.0,0.0,0.049363263,,,2.0,,,,,,
2023-10-09,5630,10.11,2.0,2.0,1.0,0.0,,,2.0,,,,,,
2023-10-14,7770,11.32,0.0,0.0,0.0,1.2086982,,,0.0,,,,,,
2023-10-15,7010,10.9,3.0,3.0,2.0,5.138301,,,3.0,,,,,,
2023-10-16,6190,10.44,3.0,3.0,2.0,3.6993744,,,3.0,,,,,,
2023-10-17,8610,11.71,2.0,3.0,4.0,28.84873,,,4.0,,,,,,
2023-10-18,9680,12.28,2.0,3.0,4.0,6.578336,,,4.0,,,,,,
2023-10-19,9230,12.06,2.0,3.0,4.0,0.03642927,,,4.0,,,,,,
2023-10-20,8630,11.76,1.0,3.0,0.0,0.9834873,,,3.0,,,,,,
2023-10-21,8380,11.64,0.0,0.0,0.0,0.20553263,,,0.0,,,,,,
2023-10-25,6950,10.88,0.0,0.0,0.0,14.748711,,,0.0,,,,,,
2023-11-01,6250,10.48,2.0,2.0,0.0,0.47946346,,,2.0,,,,,,
2023-11-02,9240,11.9,2.0,2.0,1.0,20.745594,,,2.0,,,,,,
2023-11-03,23500,17.44,3.0,3.0,0.0,51.72521,,,3.0,,,,,,
2023-11-04,19000,15.96,3.0,3.0,2.0,19.19577,,,3.0,,,,,,
2023-11-05,26600,18.41,0.0,3.0,0.0,39.77656,,,3.0,,,,,,
2023-11-10,9920,12.4,1.0,1.0,1.0,6.05691,,,1.0,,,,,,
2023-11-11,14200,14.19,1.0,1.0,1.0,17.284464,,,1.0,,,,,,
2023-11-14,14900,14.52,0.0,0.0,0.0,6.728082,,,0.0,,,,,,
2023-11-21,8970,11.93,1.0,1.0,0.0,0.405031,,,1.0,,,,,,
2023-11-22,9060,11.98,1.0,1.0,0.0,7.3666153,,,1.0,,,,,,
2023-11-24,8690,11.8,0.0,0.0,0.0,0.10873772,,,0.0,,,,,,
2023-11-29,8350,11.62,0.0,0.0,0.0,0.037576426,,,0.0,,,,,,
2023-12-04,11200,13.0,3.0,3.0,3.0,14.017409,,,3.0,,,,,,
2023-12-05,41300,22.07,3.0,3.0,3.0,73.02515,,,3.0,,,,,,
2023-12-09,20300,16.48,1.0,1.0,0.0,2.3096056,,,1.0,,,,,,
2023-12-10,21300,16.8,1.0,1.0,0.0,38.354465,,,1.0,,,,,,
2023-12-20,13900,14.29,0.0,0.0,0.0,7.100096,,,0.0,,,,,,
2023-12-25,12000,13.49,3.0,3.0,1.0,0.7917016,,,3.0,,,,,,
2023-12-26,13000,13.92,3.0,3.0,1.0,16.997488,,,3.0,,,,,,
2023-12-27,13100,13.98,3.0,3.0,3.0,7.235346,,,3.0,,,,,,
2023-12-28,12800,13.83,3.0,3.0,3.0,8.213866,,,3.0,,,,,,
2023-12-29,12700,13.79,3.0,3.0,3.0,5.728436,,,3.0,,,,,,
2023-12-30,11300,13.2,3.0,3.0,3.0,0.36020473,,,3.0,,,,,,
2024-01-01,10300,12.74,0.0,0.0,0.0,0.9623301,,,0.0,,,,,,
2024-01-07,10200,12.69,0.0,0.0,0.0,10.401191,,,0.0,31.402700424194336,19.242332458496094,,,,
2024-01-08,9420,12.32,1.0,1.0,1.0,1.7591767,,,1.0,41.44866943359375,29.288299560546875,,,,
2024-01-09,12400,13.6,1.0,1.0,1.0,29.2883,,,1.0,70.8203353881836,39.772857666015625,,,,
2024-01-11,12600,13.76,0.0,0.0,0.0,7.8047037,,,0.0,53.56620407104492,39.772857666015625,,,,
2024-01-18,11200,13.14,1.0,1.0,0.0,24.180382,,,1.0,37.2286262512207,24.180381774902344,,,,
2024-01-19,10600,12.85,1.0,1.0,0.0,5.643945,,,1.0,41.78288269042969,24.180381774902344,,,,
2024-01-20,10900,12.99,1.0,1.0,0.0,11.958556,,,1.0,20.123699188232422,11.958555221557617,,,,
2024-01-21,10500,12.85,1.0,0.0,0.0,2.5211985,,,1.0,26.777463912963867,12.297710418701172,,,,
2024-01-22,12600,13.74,1.0,0.0,0.0,12.297711,,,1.0,32.3759765625,17.557069778442383,,,,
2024-01-26,15800,14.97,2.0,2.0,2.0,12.734697,,,2.0,39.464813232421875,13.863771438598633,,,,
2024-01-27,17000,15.37,2.0,2.0,2.0,13.863771,,,2.0,62.76804733276367,36.169578552246094,,,,
2024-01-28,37300,21.31,2.0,3.0,3.0,36.16958,,,3.0,74.1894302368164,36.169578552246094,,,,
2024-01-29,48300,24.21,2.0,3.0,3.0,24.156084,,,3.0,61.98035430908203,36.169578552246094,,,,
2024-01-30,40200,22.24,4.0,3.0,3.0,1.6546935,,,4.0,28.90467071533203,24.156082153320312,,,,
2024-01-31,36000,21.15,4.0,3.0,2.0,3.093894,,,4.0,20.957599639892578,16.20901107788086,,,,
2024-02-01,31400,19.89,4.0,3.0,2.0,16.20901,,,4.0,27.937904357910156,16.20901107788086,,,,
2024-02-02,26900,18.55,4.0,3.0,0.0,8.634998,,,4.0,25.670717239379883,16.20901107788086,,,,
2024-02-06,15800,14.95,0.0,0.0,0.0,2.2208843,,,0.0,4.896950721740723,2.4237682819366455,,,,
2024-02-28,10500,12.69,1.0,1.0,0.0,18.48824,,,1.0,84.71631622314453,55.43389129638672,,,,
2024-02-29,19500,16.14,1.0,1.0,0.0,55.433887,,,1.0,98.48234558105469,55.43389129638672,,,,
2024-03-02,13600,14.03,0.0,0.0,0.0,9.163345,,,0.0,41.48904800415039,24.56020736694336,,,,
2024-03-04,11400,13.05,0.0,0.0,0.0,7.325211,,,0.0,22.915498733520508,7.824793338775635,,,,
2024-03-07,9740,12.28,0.0,0.0,0.0,0.025129076,,,0.0,0.6190453171730042,0.45446398854255676,,,,
2024-03-08,9420,12.11,1.0,1.0,1.0,0.45446405,,,1.0,4.320516109466553,3.8409230709075928,,,,
2024-03-09,9370,12.08,1.0,1.0,1.0,3.8409228,,,1.0,15.858917236328125,11.563529968261719,,,,
2024-03-11,10600,12.65,0.0,0.0,0.0,16.936825,,,0.0,44.030189514160156,16.936824798583984,,,,
2024-03-17,13200,13.75,0.0,0.0,0.0,0.0,,,0.0,0.0,0.0,,,,
2024-03-20,14900,14.42,0.0,0.0,0.0,0.0029463654,,,0.0,1.0233837366104126,1.0204373598098755,,,,
2024-03-26,12700,13.51,0.0,0.0,0.0,6.3256598,,,0.0,15.190848350524902,7.38477087020874,,,,
2024-04-02,12500,13.43,0.0,0.0,0.0,0.05584971,,,0.0,8.212884902954102,8.139317512512207,,,,
2024-04-20,9820,12.23,0.0,0.0,0.0,0.026220234,,,0.0,9.966272354125977,9.933451652526855,,,,
2024-05-02,10000,12.32,0.0,0.0,0.0,0.0,,,0.0,1.9872032403945923,1.9484223127365112,,,,
2024-05-09,10300,12.44,0.0,0.0,0.0,0.018607074,,,0.0,1.2829655408859253,1.2636873722076416,,,,
2024-05-13,16400,15.01,0.0,0.0,0.0,0.0,,,0.0,0.005389783531427383,0.005389783531427383,,,,
2024-05-17,16900,15.2,0.0,0.0,0.0,8.53354,,,0.0,11.723353385925293,8.533539772033691,,,,
2024-05-19,12800,13.55,0.0,0.0,0.0,2.876265,,,0.0,7.2918829917907715,3.17629337310791,,,,
2024-05-29,13700,13.96,0.0,0.0,0.0,12.390155,,,0.0,20.261634826660156,12.390156745910645,,,,
2024-06-02,12700,13.51,1.0,0.0,0.0,2.5503035,,,1.0,32.946903228759766,29.67885971069336,,,,
2024-06-03,21400,16.72,2.0,1.0,0.0,29.678862,,,2.0,55.737667083740234,29.67885971069336,,,,
2024-06-04,26700,18.49,2.0,1.0,0.0,23.508501,,,2.0,66.02928161621094,29.67885971069336,,,,
2024-06-13,16600,15.07,0.0,0.0,0.0,0.0011053046,,,0.0,1.2949122190475464,1.291819453239441,,,,
2024-06-21,12500,13.46,0.0,0.0,0.0,0.0014159135,,,0.0,0.1683599054813385,0.11244890838861465,,,,
2024-06-30,14900,14.42,0.0,0.0,0.0,1.8377285,,,0.0,3.491825580596924,1.837728500366211,,,,
2024-07-19,10200,12.42,0.0,0.0,0.0,0.03997446,,,0.0,0.04044086113572121,0.039974454790353775,,,,
2024-08-02,8560,11.61,0.0,0.0,0.0,0.0,,,0.0,0.02656463533639908,0.021944399923086166,,,,
2024-08-15,7280,10.93,0.0,0.0,0.0,0.0,,,0.0,0.12926168739795685,0.12316542118787766,,,,
2024-08-18,7530,11.07,1.0,0.0,0.0,9.721525,,,1.0,15.160112380981445,9.721525192260742,,,,
2024-08-19,7920,11.28,1.0,0.0,0.0,5.0415945,,,1.0,15.234683990478516,9.721525192260742,,,,
2024-08-20,7120,10.85,1.0,0.0,0.0,0.47156385,,,1.0,7.407547950744629,5.041594505310059,,,,
2024-08-26,7960,11.3,0.0,1.0,1.0,0.6630446,,,1.0,29.090694427490234,17.86473846435547,,,,
2024-08-27,7610,11.11,0.0,1.0,1.0,10.562913,,,1.0,15.33169937133789,10.562912940979004,,,,
2024-08-31,8610,11.63,0.0,0.0,0.0,0.062896654,,,0.0,0.10860687494277954,0.06289666146039963,,,,
2024-09-09,7070,10.82,0.0,0.0,0.0,0.0004349705,,,0.0,0.4243871867656708,0.42395222187042236,,,,
2024-09-12,6810,10.68,0.0,0.0,0.0,1.6306527,,,0.0,3.1428143978118896,1.6306525468826294,,,,
2024-09-16,6700,10.61,0.0,0.0,0.0,0.099028476,,,0.0,3.5557498931884766,3.456721305847168,,,,
2024-09-19,6560,10.54,0.0,0.0,0.0,0.0,,,0.0,0.013244006782770157,0.013244006782770157,,,,
2024-09-22,6400,10.44,2.0,2.0,2.0,0.03588291,,,2.0,0.7962088584899902,0.7582416534423828,,,,
2024-09-23,6440,10.47,2.0,2.0,2.0,0.75824165,,,2.0,0.8781675696372986,0.7582416534423828,,,,
2024-09-24,6640,10.58,2.0,2.0,2.0,0.08404302,,,2.0,3.2031567096710205,2.3608720302581787,,,,
2024-09-25,6770,10.65,2.0,2.0,2.0,2.3608718,,,2.0,30.435686111450195,27.99077033996582,,,,
2024-09-26,8010,11.32,2.0,2.0,1.0,27.990772,,,2.0,39.918033599853516,27.99077033996582,,,,
2024-09-27,7860,11.25,2.0,2.0,1.0,9.56639,,,2.0,40.794586181640625,27.99077033996582,,,,
2024-10-01,7200,10.89,1.0,1.0,1.0,0.063037336,,,1.0,2.7614593505859375,1.8697596788406372,,,,
2024-10-02,8160,11.4,1.0,0.0,0.0,1.8697596,,,1.0,2.122185230255127,1.8697596788406372,,,,
2024-10-07,7030,10.8,0.0,0.0,0.0,0.002211002,,,0.0,0.8474349975585938,0.7463646531105042,,,,
2024-10-12,8260,11.46,0.0,0.0,0.0,0.05176719,,,0.0,0.05193732678890228,0.05176718905568123,,,,
2024-10-13,8130,11.39,0.0,2.0,2.0,0.0,,,2.0,0.09951061010360718,0.05176718905568123,,,,
2024-10-14,8120,11.39,1.0,2.0,2.0,0.047743417,,,2.0,6.367893218994141,6.320149898529053,,,,
2024-10-18,9420,12.04,4.0,4.0,4.0,5.9114566,,,4.0,58.8574333190918,33.411781311035156,,,,
2024-10-19,14500,14.13,4.0,4.0,4.0,33.41178,,,4.0,87.13240814208984,47.80916976928711,,,,
2024-10-20,30200,19.54,4.0,4.0,4.0,47.80917,,,4.0,100.7081069946289,47.80916976928711,,,,
2024-10-25,11500,13.02,2.0,2.0,0.0,0.44676188,,,2.0,5.15778923034668,2.4930689334869385,,,,
2024-10-26,11000,12.79,2.0,2.0,2.0,2.493069,,,2.0,38.10764694213867,35.167816162109375,,,,
2024-10-27,19300,15.83,1.0,1.0,0.0,35.16782,,,1.0,77.70994567871094,40.0490608215332,,,,
2024-11-03,15400,14.62,0.0,0.0,0.0,7.9519625,,,0.0,40.453311920166016,26.071754455566406,,,,
2024-11-04,15300,14.6,1.0,1.0,1.0,6.429595,,,1.0,45.810333251953125,31.428773880004883,,,,
2024-11-05,19100,16.01,1.0,0.0,0.0,31.428778,,,1.0,40.01248550415039,31.428773880004883,,,,
2024-11-06,16400,15.0,1.0,0.0,0.0,2.1541164,,,1.0,34.359832763671875,31.428773880004883,,,,
2024-11-08,13900,14.04,0.0,1.0,1.0,0.014038703,,,1.0,2.3786911964416504,1.5877091884613037,,,,
2024-11-09,14100,14.13,0.0,1.0,1.0,1.5877092,,,1.0,8.53116512298584,6.929417610168457,,,,
2024-11-10,14500,14.27,1.0,0.0,0.0,6.929417,,,1.0,19.540739059448242,11.023612022399902,,,,
2024-11-11,16200,14.93,1.0,0.0,0.0,11.023612,,,1.0,55.082916259765625,37.129886627197266,,,,
2024-11-12,22900,17.28,2.0,2.0,1.0,37.129887,,,2.0,69.60635375976562,37.129886627197266,,,,
2024-11-13,23700,17.54,2.0,2.0,1.0,21.452852,,,2.0,105.9289321899414,47.346195220947266,,,,
2024-11-16,22000,17.0,1.0,1.0,1.0,2.0083869,,,1.0,47.62664794921875,25.589229583740234,,,,
2024-11-17,22400,17.14,1.0,1.0,1.0,25.58923,,,1.0,60.00276184082031,32.40514373779297,,,,
2024-11-19,20900,16.61,2.0,2.0,0.0,13.810602,,,2.0,58.83586120605469,32.40514373779297,,,,
2024-11-20,18700,15.87,2.0,2.0,0.0,12.620115,,,2.0,32.443084716796875,13.810604095458984,,,,
2024-11-21,17300,15.36,2.0,2.0,0.0,6.0123644,,,2.0,21.21805763244629,12.620115280151367,,,,
2024-11-22,16400,15.03,1.0,0.0,0.0,2.5855777,,,1.0,22.81473159790039,14.216789245605469,,,,
2024-11-23,17300,15.33,1.0,0.0,0.0,14.216788,,,1.0,19.313892364501953,14.216789245605469,,,,
2024-11-24,16200,14.93,0.0,0.0,0.0,2.5115254,,,0.0,19.210004806518555,14.216789245605469,,,,
2024-12-06,9980,12.31,2.0,3.0,3.0,0.10143615,,,3.0,12.267845153808594,12.102644920349121,,,,
2024-12-07,14300,14.03,2.0,3.0,3.0,12.102645,,,3.0,66.15669250488281,53.95261001586914,,,,
2024-12-13,14300,14.19,1.0,1.0,0.0,1.4057957,,,1.0,13.291996955871582,11.884947776794434,,,,
2024-12-14,13200,13.72,1.0,1.0,0.0,11.884948,,,1.0,31.373706817626953,18.082963943481445,,,,
2024-12-17,13500,13.87,2.0,2.0,2.0,9.08288,,,2.0,62.16509246826172,47.47795486450195,,,,
2024-12-18,28000,18.66,2.0,2.0,2.0,47.477955,,,2.0,79.87921905517578,47.47795486450195,,,,
2024-12-19,32800,20.24,1.0,1.0,1.0,23.318378,,,1.0,80.12295532226562,47.47795486450195,,,,
2024-12-20,23500,17.49,1.0,1.0,1.0,9.326625,,,1.0,37.60600662231445,23.31838035583496,,,,
2024-12-21,21300,16.76,1.0,1.0,1.0,4.961002,,,1.0,28.021408081054688,13.733781814575195,,,,
2024-12-22,21500,16.81,1.0,1.0,0.0,13.733782,,,1.0,39.46641540527344,20.77163314819336,,,,
2024-12-23,22700,17.2,1.0,1.0,0.0,20.771633,,,1.0,45.043582916259766,20.77163314819336,,,,
2024-12-24,22300,17.08,1.0,1.0,1.0,10.538168,,,1.0,42.54398727416992,20.77163314819336,,,,
2024-12-25,20600,16.5,2.0,1.0,0.0,11.234186,,,2.0,42.649742126464844,20.877389907836914,,,,
2024-12-26,21600,16.83,2.0,1.0,0.0,20.877392,,,2.0,59.8062744140625,27.6946964263916,,,,
2025-01-05,15600,14.56,0.0,0.0,0.0,,,,0.0,29.916257858276367,13.455331802368164,,,,
2025-01-09,13000,13.48,0.0,0.0,0.0,,,,0.0,0.9881343841552734,0.6651911735534668,,,,
2025-01-10,11800,12.97,1.0,1.0,1.0,,,,1.0,21.682090759277344,21.359148025512695,,,,
2025-01-17,10300,12.32,0.0,0.0,0.0,,,,0.0,2.1822619438171387,2.1822619438171387,,,,
2025-01-23,9170,11.77,0.0,0.0,0.0,,,,0.0,0.1292019486427307,0.1292019486427307,,,,
2025-02-03,9580,11.96,0.0,0.0,0.0,,,,0.0,21.50995445251465,12.46735668182373,,,,
2025-02-19,8720,11.54,1.0,1.0,0.0,,,,1.0,18.418216705322266,12.345135688781738,,,,
2025-02-21,9240,11.8,3.0,3.0,0.0,,,,3.0,35.17567825317383,20.42023277282715,,,,
2025-02-22,11700,12.93,3.0,3.0,2.0,,,,3.0,72.06597900390625,49.23543167114258,,,,
2025-02-23,25600,18.02,3.0,3.0,2.0,,,,3.0,94.55862426757812,49.23543167114258,,,,
2025-02-24,26500,18.43,2.0,0.0,0.0,,,,2.0,90.80094909667969,49.23543167114258,,,,
2025-02-25,23500,17.49,2.0,0.0,0.0,,,,2.0,80.17815399169922,38.612640380859375,,,,
2025-03-04,13100,13.56,0.0,0.0,0.0,,,,0.0,16.858823776245117,11.43960189819336,,,,
2025-03-05,13000,,0.0,0.0,0.0,,,,0.0,17.92571449279785,11.43960189819336,,,,
2025-03-07,11600,12.88,0.0,0.0,0.0,,,,0.0,1.3511983156204224,1.086952567100525,,,,
2025-03-08,11300,12.74,1.0,1.0,1.0,,,,1.0,11.367650032043457,11.10340404510498,,,,
2025-03-09,11300,12.76,1.0,1.0,1.0,,,,1.0,32.42506790161133,21.216136932373047,,,,
2025-03-21,11800,13.0,0.0,0.0,0.0,,,,0.0,45.501853942871094,20.317975997924805,,,,
2025-03-23,12600,13.34,3.0,3.0,3.0,,,,3.0,89.25750732421875,60.626136779785156,,,,
2025-03-24,27600,18.67,3.0,3.0,3.0,,,,3.0,96.90499877929688,60.626136779785156,,,,
2025-03-25,36300,21.23,3.0,3.0,3.0,,,,3.0,90.03541564941406,60.626136779785156,,,,
2025-03-26,34100,20.65,1.0,1.0,0.0,,,,1.0,41.26362991333008,27.92132568359375,,,,
2025-03-27,35500,21.01,1.0,1.0,0.0,,,,1.0,23.521343231201172,11.854353904724121,,,,
2025-03-28,32600,20.2,1.0,0.0,0.0,,,,1.0,34.6588134765625,12.625418663024902,,,,
2025-04-02,16400,14.83,0.0,0.0,0.0,,,,0.0,16.58173179626465,7.449067115783691,,,,
2025-04-04,14500,14.02,0.0,0.0,0.0,,,,0.0,2.5259642601013184,2.48553729057312,,,,
2025-04-08,21900,16.94,0.0,0.0,0.0,,,,0.0,57.142581939697266,21.910175323486328,,,,
2025-04-10,19200,15.94,1.0,1.0,1.0,,,,1.0,36.305355072021484,20.829814910888672,,,,
2025-04-19,13900,13.79,0.0,0.0,0.0,,,,0.0,0.49385789036750793,0.3745920956134796,,,,
2025-04-20,13200,13.49,0.0,0.0,0.0,,,,0.0,11.746905326843262,11.358315467834473,,,,
2025-04-22,12600,13.21,0.0,0.0,0.0,,,,0.0,14.140411376953125,11.358315467834473,,,,
2025-04-25,12300,13.08,0.0,0.0,0.0,,,,0.0,0.0856141448020935,0.07931315898895264,,,,
2025-05-05,14900,14.19,0.0,0.0,0.0,,,,0.0,1.2785943746566772,1.220090627670288,,,,
2025-05-16,12800,13.3,0.0,0.0,0.0,,,,0.0,11.14398193359375,5.4897894859313965,,,,
2025-05-17,12400,13.15,0.0,0.0,0.0,,,,0.0,15.377687454223633,9.723494529724121,,,,
2025-05-19,13400,13.57,1.0,0.0,0.0,,,,1.0,36.692474365234375,22.732927322387695,,,,
2025-05-20,14800,14.16,0.0,0.0,0.0,,,,0.0,36.75955581665039,22.732927322387695,,,,
2025-05-22,13500,13.63,0.0,0.0,0.0,,,,0.0,9.950902938842773,9.79057788848877,,,,
2025-05-30,20800,16.55,0.0,0.0,1.0,,,,1.0,2.9144115447998047,2.9136743545532227,,,,
2025-05-31,19000,15.86,0.0,0.0,1.0,,,,1.0,7.063558578491211,4.149147033691406,,,,
2025-06-05,16300,14.8,0.0,0.0,0.0,,,,0.0,0.14326483011245728,0.13996560871601105,,,,
2025-06-06,17600,15.31,0.0,0.0,0.0,,,,0.0,0.13996560871601105,0.13996560871601105,,,,
2025-06-09,21100,16.67,0.0,0.0,0.0,,,,0.0,0.0,0.0,,,,
2025-06-22,10600,12.58,0.0,0.0,0.0,,,,0.0,13.704365730285645,9.641494750976562,,,,
2025-06-24,10600,12.6,0.0,0.0,0.0,,,,0.0,0.030123181641101837,0.030123181641101837,,,,
2025-06-30,11500,13.02,0.0,0.0,0.0,,,,0.0,0.0,0.0,,,,
2025-07-08,11200,12.88,1.0,1.0,2.0,,,,2.0,0.03969351574778557,0.02002357505261898,,,,
2025-07-09,10500,12.53,1.0,1.0,2.0,,,,2.0,5.199302673339844,5.179632663726807,,,,
2025-07-10,10400,12.5,0.0,0.0,0.0,,,,0.0,5.258440017700195,5.179632663726807,,,,
2025-07-13,9660,12.15,1.0,0.0,0.0,,,,1.0,0.034791748970746994,0.034791748970746994,,,,
2025-07-14,10300,12.44,1.0,0.0,0.0,,,,1.0,0.11536739021539688,0.11536739021539688,,,,
2025-07-21,8080,11.37,0.0,0.0,0.0,,,,0.0,10.754274368286133,8.423120498657227,,,,
2025-07-31,8300,11.47,0.0,0.0,0.0,,,,0.0,0.373626708984375,0.26591747999191284,,,,
2025-08-09,6760,10.65,1.0,1.0,1.0,,,,1.0,0.302286833524704,0.302286833524704,,,,
2025-08-10,6670,10.6,1.0,1.0,1.0,,,,1.0,0.0,0.0,,,,
2025-08-14,7100,10.84,3.0,3.0,3.0,,,,3.0,6.221060752868652,5.870771884918213,,,,
2025-08-15,8760,11.71,3.0,3.0,3.0,,,,3.0,59.636783599853516,53.45999526977539,,,,
2025-08-16,15100,14.46,3.0,3.0,3.0,,,,3.0,63.30417251586914,53.45999526977539,,,,
2025-08-22,7150,10.87,0.0,0.0,0.0,,,,0.0,0.0,0.0,,,,
2025-08-23,6940,10.75,0.0,0.0,0.0,,,,0.0,0.0,0.0,,,,
2025-08-31,6360,10.42,0.0,0.0,0.0,,,,0.0,0.0,0.0,,,,
2025-09-01,6320,10.4,0.0,0.0,0.0,,,,0.0,0.0006640471401624382,0.0006640471401624382,,,,
2025-09-02,6380,10.43,0.0,0.0,0.0,,,,0.0,0.0006640471401624382,0.0006640471401624382,,,,
2025-09-16,8530,11.59,0.0,0.0,0.0,,,,0.0,8.45207691192627,8.382644653320312,,,,
2025-09-18,6840,10.69,0.0,0.0,0.0,,,,0.0,0.04780353605747223,0.04094695299863815,,,,
2025-09-20,6610,10.56,1.0,1.0,1.0,,,,1.0,5.112255573272705,5.031860828399658,,,,
2025-09-21,6820,10.68,1.0,1.0,1.0,,,,1.0,19.54522705078125,14.473917961120605,,,,
2025-09-26,6820,10.68,0.0,3.0,3.0,,,,3.0,1.273611068725586,1.1114145517349243,,,,
2025-09-27,6690,10.61,0.0,3.0,3.0,,,,3.0,1.701599359512329,1.1114145517349243,,,,
2025-09-28,7060,10.81,2.0,3.0,3.0,,,,3.0,1.5577386617660522,1.1114145517349243,,,,
2025-09-29,8220,11.43,2.0,3.0,3.0,,,,3.0,14.208780288696289,13.762455940246582,,,,
2025-09-30,8430,11.54,3.0,3.0,3.0,,,,3.0,19.396270751953125,13.762455940246582,,,,
2025-10-01,8530,11.6,3.0,3.0,3.0,,,,3.0,30.381328582763672,13.762455940246582,,,,
2025-10-02,8540,11.6,3.0,3.0,3.0,,,,3.0,17.801162719726562,11.00339412689209,,,,
2025-10-10,8030,11.34,0.0,0.0,0.0,,,,0.0,3.606224536895752,2.2853517532348633,,,,
2025-10-11,8130,11.39,0.0,0.0,0.0,,,,0.0,15.239558219909668,12.205530166625977,,,,
2025-10-13,7900,11.27,0.0,0.0,0.0,,,,0.0,29.83148956298828,17.284963607788086,,,,
2025-10-18,6890,10.72,1.0,1.0,1.0,,,,1.0,36.76095199584961,31.86728286743164,,,,
2025-10-19,8530,11.56,1.0,1.0,1.0,,,,1.0,76.14319610595703,40.571754455566406,,,,
2025-10-23,8110,11.38,2.0,2.0,2.0,,,,2.0,3.3111002445220947,2.7619287967681885,,,,
2025-10-24,8300,11.47,2.0,2.0,2.0,,,,2.0,50.581912994384766,47.408966064453125,,,,
2025-10-28,12300,13.34,2.0,2.0,1.0,,,,2.0,53.4344482421875,27.87006187438965,,,,
2025-10-29,16000,14.82,2.0,2.0,1.0,,,,2.0,40.89088439941406,27.87006187438965,,,,
2025-10-31,13400,13.8,3.0,3.0,3.0,,,,3.0,43.469200134277344,34.24618911743164,,,,
2025-11-01,23900,17.32,3.0,3.0,3.0,,,,3.0,83.73796844482422,49.146671295166016,,,,
2025-11-04,17500,15.4,4.0,0.0,0.0,,,,4.0,9.777016639709473,6.672754764556885,,,,
2025-11-05,15400,14.62,4.0,3.0,2.0,,,,4.0,46.0072021484375,42.90293884277344,,,,
2025-11-06,23700,17.49,4.0,3.0,2.0,,,,4.0,91.28579711914062,46.38296127319336,,,,
2025-11-07,32800,20.28,4.0,3.0,1.0,,,,4.0,97.39549255371094,46.38296127319336,,,,
2025-11-09,19400,16.08,2.0,2.0,2.0,,,,2.0,13.28416633605957,8.109590530395508,,,,
2025-11-10,18000,15.59,2.0,2.0,2.0,,,,2.0,19.269107818603516,14.094532012939453,,,,
2025-11-12,17000,15.22,2.0,1.0,1.0,,,,2.0,23.44256591796875,14.094532012939453,,,,
2025-11-13,17200,15.3,2.0,1.0,1.0,,,,2.0,60.390987396240234,51.04295349121094,,,,
2025-11-14,39800,22.06,0.0,1.0,0.0,,,,1.0,111.499267578125,51.252403259277344,,,,
2025-11-22,17800,15.53,1.0,1.0,1.0,,,,1.0,15.451560974121094,9.918217658996582,,,,
2025-11-23,17600,15.46,1.0,1.0,1.0,,,,1.0,30.856185913085938,15.60455322265625,,,,
2025-12-04,13600,13.92,2.0,1.0,0.0,,,,2.0,19.06092071533203,15.367990493774414,,,,
2025-12-05,14400,14.22,2.0,1.0,0.0,,,,2.0,56.79903793334961,38.87274169921875,,,,
2025-12-06,26000,18.18,2.0,1.0,0.0,,,,2.0,85.29000854492188,38.87274169921875,,,,
2025-12-08,34600,20.78,3.0,3.0,3.0,,,,3.0,131.97406005859375,76.60681915283203,,,,
2025-12-09,54100,25.52,4.0,4.0,4.0,,,,4.0,127.70135498046875,76.60681915283203,,,,
2025-12-10,62000,27.27,4.0,4.0,4.0,,,,4.0,237.74874877929688,134.36537170410156,,,,
2025-12-11,102000,33.68,4.0,4.0,4.0,,,,4.0,181.2450714111328,134.36537170410156,,,,
2025-12-12,112000,35.06,4.0,4.0,4.0,,,,4.0,162.82455444335938,134.36537170410156,,,,
2025-12-13,82400,31.05,0.0,4.0,4.0,,,,4.0,28.564146041870117,20.103139877319336,,,,
2025-12-14,69000,28.72,4.0,4.0,4.0,,,,4.0,23.246379852294922,14.785372734069824,,,,
2025-12-15,62100,27.3,4.0,4.0,4.0,,,,4.0,76.495849609375,61.60552215576172,,,,
2025-12-16,73600,29.62,1.0,1.0,1.0,,,,1.0,135.5520477294922,61.60552215576172,,,,
2025-12-17,78700,30.5,1.0,1.0,1.0,,,,1.0,142.35174560546875,61.60552215576172,,,,
2025-12-18,68600,28.6,1.0,1.0,1.0,,,,1.0,111.69969177246094,59.16115188598633,,,,
2025-12-19,59000,26.64,1.0,1.0,1.0,,,,1.0,71.50135803222656,30.953479766845703,,,,
2025-12-21,45800,23.63,0.0,0.0,0.0,,,,0.0,61.86747741699219,22.188671112060547,,,,
2025-12-30,21800,16.93,0.0,0.0,0.0,,,,0.0,2.7779242992401123,2.0032081604003906,,,,
