date,ar_scale,discharge_cfs,prism_3d_tot,daymet_3d_tot,pnnl_3d_tot,conus_3d_tot,ucla_3d_tot,gridmet_3d_tot,hrrr_3d_tot,ornl_mean_3d_tot,ornl_median_3d_tot
1981-01-02,0.0,34200,0.4727361500263214,0.0126662859693169,0.891582190990448,2.123114427377004e-05,0.0164421238005161,0.1441634241245136,,31.7378861105,11.0179083455
1981-01-08,1.0,17800,1.909838914871216,2.8508529663085938,8.991935729980469,2.43099308013916,9.246622085571287,3.156809338521402,,28.62128360366666,24.5725103
1981-01-09,1.0,17600,2.10500168800354,2.8508529663085938,8.628049850463867,2.430920362472534,9.208412170410156,3.156809338521402,,36.38469959333333,32.09244005
1981-01-11,0.0,15100,0.2436189949512481,0.0,0.0025367268826812,2.355305639412109e-07,0.0459791980683803,0.1087548638132293,,43.02734007666667,29.9646503
1981-01-18,3.0,12900,11.069244384765623,14.95183563232422,36.4351692199707,12.47393798828125,20.061473846435547,8.737743190661481,,30.124509831666668,17.83856625
1981-01-19,3.0,12600,11.557271003723145,16.381574630737305,38.02790832519531,9.792253494262695,15.713963508605955,6.362840466926073,,23.241820931666663,8.889301600000001
1981-01-20,3.0,13100,14.840140342712402,16.734527587890625,28.58140563964844,14.401647567749023,12.541755676269531,19.023346303501956,,21.688283770833333,10.6283522
1981-01-21,3.0,12300,17.14556121826172,22.17254066467285,22.891014099121094,28.168869018554688,27.41371726989746,29.884435797665372,,21.8962500625,6.32897571
1981-01-22,2.0,14500,22.5772705078125,20.61066436767578,35.077762603759766,32.43313980102539,38.02658462524414,33.25252918287938,,19.771381114666667,9.90379721
1981-01-26,0.0,13000,20.573421478271484,22.84782218933105,22.893783569335938,25.42804336547852,28.820188522338867,18.97392996108952,,23.4688272,20.77503625
1981-02-07,0.0,8160,0.0,0.0005721324705518,0.0025493944995105,0.0,0.0007143604452721,0.2326848249027235,,22.363303315666663,8.762550647
1981-02-12,1.0,9910,54.302371978759766,72.74325561523438,65.80339050292969,44.04479217529297,36.57292175292969,76.42529182879379,,31.69992405,29.45425745
1981-02-13,1.0,12700,84.23594665527344,72.59962463378906,104.82357788085938,80.06440734863281,75.35464477539062,88.88229571984436,,36.15975228833333,35.13577945
1981-02-15,3.0,22000,119.53263854980467,103.7980499267578,164.87965393066406,136.68002319335938,146.58392333984375,144.19747081712055,,28.818301205,27.9558671
1981-02-16,3.0,33800,135.3011474609375,102.99879455566406,170.57778930664062,139.84957885742188,147.93295288085938,130.92937743190657,,23.406224316666663,17.75534915
1981-02-17,3.0,43700,137.33448791503906,93.45126342773438,146.63841247558594,127.65185546875,129.6432342529297,123.32159533073936,,18.55683988333333,15.991023900000002
1981-02-18,2.0,38900,112.22259521484376,75.94854736328125,148.26663208007812,119.56887817382812,128.10279846191406,104.9305447470818,,18.40848342,14.76854401
1981-02-19,2.0,37500,85.18689727783203,59.110313415527344,118.96176147460938,93.55549621582033,101.83841705322266,86.30583657587556,,16.353124779999998,17.46010471
1981-02-20,0.0,39700,59.2977294921875,30.68858528137207,84.79011535644531,71.13431549072266,83.35470581054688,44.509922178988326,,17.346053746666666,16.66572421
1981-03-06,0.0,10900,0.318922609090805,0.3776185512542724,3.042467832565308,2.4830048084259038,3.2094225883483887,0.6396887159533082,,8.033691466383333,6.412932455
1981-03-10,0.0,8930,0.027079364284873,0.0,4.734141839435324e-05,2.7141213649883863e-05,0.107782669365406,0.0052529182879377,,16.9538702615,10.46443075
1981-03-13,0.0,11300,0.4133808612823486,0.0,0.0101937875151634,0.0856590420007705,0.2018288969993591,2.418677042801555,,30.688642427500003,25.82831885
1981-03-26,0.0,12200,9.872336387634276,2.547041893005371,19.667085647583008,11.058451652526855,20.518693923950195,8.544552529182875,,13.712492605833331,7.607632499999999
1981-04-01,0.0,17800,40.87729263305664,22.033483505249023,51.8995475769043,46.78245544433594,45.47634506225586,29.009922178988315,,25.35243676,13.46320375
1981-04-07,0.0,15300,39.52290344238281,37.90330123901367,40.54447555541992,42.29925155639648,44.84503173828125,52.05797665369654,,10.536203700666666,7.0983141000000005
1981-04-10,0.0,16500,56.55014801025391,32.947608947753906,46.76844024658203,42.19278335571289,49.602638244628906,42.89902723735409,,17.509011617133332,15.43739725
1981-04-18,0.0,15600,2.3764429092407227,0.0,0.281564325094223,0.4761727750301361,0.0755931288003921,0.9581712062256807,,19.993781666483336,9.5102175
1981-04-21,0.0,18600,29.331378936767575,25.79230117797852,22.382015228271484,42.0843505859375,43.14414596557617,41.03521400778209,,6.65997267505,3.07789272
1981-04-22,3.0,20800,45.38054656982422,36.44515609741211,32.54507827758789,43.600345611572266,44.893798828125,47.647665369649786,,6.174530410616667,2.73920757
1981-04-23,3.0,24300,59.48952102661133,28.412899017333984,60.81867599487305,54.42026519775391,49.50882339477539,51.38735408560308,,6.611322028616667,4.03093489
1981-04-24,3.0,30200,37.97877883911133,17.951950073242188,44.6111946105957,21.98473358154297,19.79722785949707,21.60233463035018,,11.07685184945,6.187034000000001
1981-04-27,3.0,18700,43.94541549682617,47.144168853759766,40.568660736083984,47.45626831054688,64.5938949584961,62.14980544747084,,13.46009555666667,8.083523865
1981-04-28,3.0,23200,63.921630859375,48.579376220703125,45.4697494506836,50.56010437011719,74.48588562011719,58.38132295719846,,16.397569012833333,13.460292515
1981-04-29,3.0,32400,63.764591217041016,22.809499740600582,56.5805549621582,45.02903747558594,67.58911895751953,26.20719844357977,,15.003524134283335,12.53102463
1981-05-08,0.0,13600,12.22077751159668,9.709461212158203,5.278165340423584,7.316026210784912,13.464441299438477,8.205058365758756,,6.1209337255000005,1.0325613525
1981-05-09,0.0,11500,9.6329984664917,9.174483299255373,2.090726852416992,3.385897397994995,4.001350402832031,6.789688715953308,,7.792579737666667,2.7672734935
1981-05-27,0.0,17600,6.053766250610352,0.0,0.2786770462989807,0.4878832995891571,0.3265972435474396,1.1237354085603113,,10.686206048333334,8.241161005
1981-05-29,0.0,15000,2.8047053813934326,5.487710952758789,2.6233928203582764,6.74967622756958,6.417652130126953,4.818093385214008,,14.104249624,7.798178271999999
1981-06-01,0.0,15700,4.024084568023682,5.367369651794434,3.950556755065918,1.3865790367126465,1.6633400917053225,2.853112840466928,,7.72807862725,3.32019255
1981-06-03,1.0,14000,17.253673553466797,15.919471740722656,22.74742126464844,14.316590309143066,15.252079010009766,30.189494163424143,,11.137594518646663,8.60654301
1981-06-04,1.0,17400,18.07534408569336,34.32883071899414,31.199954986572266,27.37168884277344,34.50646209716797,52.0274319066148,,15.091130803646664,9.55308755
1981-06-05,1.0,17300,51.01740264892578,28.56940650939941,41.61164855957031,31.976318359375,38.53807067871094,38.12762645914397,,13.212603393333335,6.146836390000001
1981-06-17,2.0,22300,38.20040130615234,39.25444793701172,45.37084197998047,36.127220153808594,29.96031379699707,58.84319066147857,,4.082429057333334,0.7236274675
1981-06-18,2.0,23300,49.32757186889648,38.27475357055664,58.23676681518555,39.98277282714844,34.83646011352539,51.90856031128404,,2.490451032666667,0.3323029475
1981-06-19,2.0,28400,44.947792053222656,39.61656951904297,60.45624542236328,34.932491302490234,33.60945510864258,44.97412451361868,,3.1087681055000003,0.1214384659999999
1981-06-20,0.0,31400,44.96393966674805,23.37879753112793,45.145263671875,27.988525390625,23.0879020690918,21.944357976653716,,3.2689008445,0.5720402585000001
1981-06-21,2.0,29300,22.486560821533203,23.72599220275879,23.6882438659668,20.841625213623047,15.696632385253906,21.870817120622583,,2.892135005,0.8081024135000001
1981-06-22,2.0,27500,27.284374237060547,17.83173370361328,14.02861213684082,23.223892211914062,15.009878158569336,16.967315175097287,,1.85741669779,0.877321525
1981-06-25,0.0,24800,0.9006966948509216,0.0446997918188571,0.1142220944166183,0.014381879940629,0.0252399053424596,0.8992217898832676,,4.810312275166667,2.8680310805
1981-06-30,0.0,22800,4.683427333831787,4.204133033752441,1.3576279878616333,0.493515133857727,0.6824386119842529,4.327626459143967,,3.492430511666667,1.578845215
1981-07-02,0.0,22600,3.90393328666687,0.0,0.1314365863800048,0.1205345764756202,0.0622876249253749,0.0,,10.7073512547,4.0150810111
1981-07-10,0.0,14000,1.2265077829360962,13.010844230651855,1.7354536056518557,1.918136715888977,5.019563674926758,6.8247081712062245,,6.777398348,2.7190677115
1981-07-13,0.0,15600,20.39841079711914,18.970569610595703,9.585686683654783,18.499027252197266,13.285721778869627,18.570233463035017,,1.9762082656666664,0.452283357
1981-07-18,0.0,19100,18.31228256225586,18.76872062683105,1.2160797119140625,4.304146766662598,5.671437740325928,18.06536964980544,,7.156215422,1.2721565419999998
1981-07-21,0.0,17900,4.7640557289123535,3.60144305229187,0.6260707378387451,0.4633958041667938,2.645324230194092,0.5167315175097278,,1.28005880525,0.24629930075
1981-07-24,0.0,15200,1.2552179098129272,2.915588617324829,7.18048095703125,2.217775821685791,6.104327201843262,1.990661478599221,,6.145565070216667,2.66031292065
1981-08-01,0.0,12100,0.0053611109033226,0.0999138280749321,0.0247785914689302,0.017542116343975,0.0408634282648563,0.1612840466926069,,2.875507159,2.162717252
1981-08-25,0.0,9220,0.0769880935549736,0.0002422666293568,0.5640595555305481,0.2331368774175644,0.0924757346510887,0.0552529182879377,,17.537164044666667,14.66365655
1981-08-31,2.0,6660,38.27140426635742,36.540283203125,26.75466728210449,23.40536880493164,36.75456237792969,34.79027237354085,,13.391509073166668,7.291369385
1981-09-01,2.0,11000,47.97622680664063,37.48238754272461,24.01749420166016,20.57064437866211,28.145187377929688,32.96945525291828,,12.2595652115,4.819224965
1981-09-03,0.0,12700,14.420367240905762,3.5938448905944824,3.347601413726806,1.995434284210205,3.475339889526367,1.944163424124516,,14.075690435000002,4.74662623
1981-09-15,0.0,6120,0.0020932538900524,0.0,0.0016207427252084,0.0,0.0,0.611284046692607,,4.1834277361000005,0.2514609435
1981-09-16,2.0,7540,0.0546805523335933,0.0,0.0033800760284066,0.0,0.0269343219697475,1.136575875486381,,5.240317741066668,0.253972237
1981-09-17,2.0,7700,0.0546805523335933,8.604639053344727,1.1453191041946411,0.0052497363649308,0.1299653202295303,4.594941634241247,,4.4163930706666665,0.390991612
1981-09-18,2.0,8660,8.516979217529297,12.624482154846191,14.803899765014648,3.447300672531128,2.775667190551758,16.153696498054458,,5.660771749833334,1.4729760125
1981-09-20,1.0,8140,26.111717224121094,23.160511016845703,41.05651092529297,33.68549346923828,32.768985748291016,42.75817120622565,,6.133969288866666,3.071897925
1981-09-21,1.0,7810,33.871334075927734,23.72647476196289,36.57561492919922,38.71935272216797,39.893741607666016,37.117509727626455,,4.480243886033334,2.0279280535
1981-09-23,0.0,8180,24.64608764648437,10.201024055480955,13.760337829589844,14.60108470916748,19.511449813842773,13.104280155642028,,14.280174664500002,6.9183950035
1981-09-25,0.0,5720,5.573535919189453,12.301153182983398,5.773838043212891,3.3512847423553467,5.657168865203857,14.728599221789889,,17.689662798500002,11.61094425
1981-09-26,1.0,7280,8.306496620178223,26.834197998046875,28.11561584472656,14.239336967468262,13.353759765625,49.70739299610892,,10.6863230515,6.0534704975
1981-09-27,1.0,6760,33.40493392944336,41.82887268066406,45.02247619628906,35.28691864013672,27.543575286865234,59.53968871595329,,7.766288589666667,3.5170046975
1981-09-30,2.0,13200,26.745756149291992,41.89808654785156,16.347492218017578,34.91138458251953,38.57686233520508,40.10817120622566,,11.953020887666666,1.198495388
1981-10-01,2.0,11500,49.51602935791016,45.23485565185547,35.67134094238281,48.20001602172852,53.953857421875,50.22062256809337,,11.858056547566663,1.0768020982000002
1981-10-02,2.0,20300,53.36077499389648,43.73998260498047,37.82233047485352,50.79488754272461,51.711334228515625,45.16867704280154,,11.705787275066664,0.2980504056999999
1981-10-03,0.0,16600,53.32445526123047,12.116650581359863,30.06663703918457,29.04222679138184,28.69976806640625,15.640077821011674,,6.1693863039775,0.0160987224325
1981-10-05,2.0,8640,46.70814514160156,52.48522567749024,78.54325103759766,63.48259353637695,58.79628753662109,77.19124513618677,,13.746841580605832,3.7297034217325
1981-10-06,2.0,18000,71.66024017333984,60.073951721191406,99.85237121582033,81.44534301757812,78.06880950927734,82.5239299610895,,15.391049090028332,5.849852185
1981-10-07,2.0,32900,78.67351531982422,44.42184448242188,100.05682373046876,76.26344299316406,77.98018646240234,72.19435797665372,,16.331942701528334,14.897937034999998
1981-10-10,0.0,17600,17.379253387451172,2.4602999687194824,18.80701065063477,18.594850540161133,23.751073837280277,4.619455252918291,,12.9614311,5.064665659999999
1981-10-11,0.0,15000,1.780135154724121,0.0596929863095283,1.7131646871566772,1.4582844972610474,3.2195088863372803,0.2801556420233467,,17.928574754,10.0897239
1981-10-26,2.0,7640,40.0097885131836,56.74277877807617,33.01166534423828,46.46792602539063,37.18708801269531,49.97801556420231,,23.396654417833336,15.475335975
1981-10-27,2.0,10900,65.35101318359375,57.284210205078125,48.49394226074219,66.6282730102539,59.789649963378906,65.42976653696495,,28.55955051966667,22.277419925
1981-10-28,2.0,19300,64.70647430419922,41.51517105102539,49.069854736328125,66.724853515625,56.47835540771485,54.858949416342384,,25.988804101333336,17.162226775000004
1981-10-29,0.0,18800,38.44380569458008,39.99052429199219,34.47284698486328,44.42567443847656,43.783599853515625,45.94494163424123,,24.691562106666662,16.115942925
1981-11-02,4.0,14900,5.95994758605957,6.322850227355957,8.17568588256836,6.050263404846191,3.952523469924927,3.3892996108949425,,18.81938687143333,4.8333613013
1981-11-03,1.0,13400,4.15594482421875,6.322850227355957,7.627503395080566,4.408503532409668,4.6175642013549805,3.0342412451361875,,18.290051745166664,9.58430353
1981-11-10,4.0,9230,5.000765323638916,39.58243560791016,30.343660354614254,28.87013053894043,55.34031295776367,46.76459143968869,,18.783237759166667,8.6040694275
1981-11-11,4.0,9420,51.46696090698242,49.36738204956055,53.80734634399414,52.5811767578125,81.55029296875,55.65856031128403,,23.165818068333333,8.704952455
1981-11-12,4.0,16700,58.65497970581055,51.33320236206055,62.57087326049805,58.08910369873047,89.54976654052734,58.15914396887158,,19.193875978166663,5.9464454700000005
1981-11-14,1.0,15300,41.350730895996094,41.14457321166992,66.38677978515625,48.4188346862793,52.553001403808594,51.545914396887184,,12.1570631879,4.015966425
1981-11-15,1.0,17600,45.39019012451172,36.87106704711914,66.17936706542969,55.55355072021485,53.17931365966797,40.75252918287941,,15.011899759733335,8.106933525
1981-11-20,1.0,16700,29.978321075439453,34.85615158081055,39.64847183227539,43.13347625732422,42.44996643066406,38.37412451361868,,37.1797740085,32.92790265
1981-11-21,1.0,16400,51.87309265136719,35.33665466308594,48.30741500854492,61.903076171875,56.4442138671875,38.50311284046693,,33.7646138735,28.32919175
1981-11-30,1.0,9180,56.82295227050781,88.72149658203125,54.4547233581543,50.22496795654297,56.12295150756836,71.22937743190663,,45.86315676366667,36.5070267
1981-12-01,1.0,14500,106.02320098876952,90.65152740478516,71.12393951416016,74.03463745117188,68.41190338134766,87.29727626459145,,51.37334996366667,41.131405
1981-12-02,1.0,21300,93.3136749267578,77.22594451904297,72.98868560791016,71.6046142578125,65.6707534790039,71.10642023346304,,63.00494638033333,55.7101285
1981-12-04,3.0,17700,44.19009399414063,76.59318542480469,79.8644027709961,53.16389846801758,78.14557647705078,75.63171206225687,,55.56742441666667,43.9811343
1981-12-05,3.0,22100,75.59994506835938,68.75077056884766,83.04228210449219,53.103851318359375,74.39717864990234,81.16809338521406,,38.92082991666666,21.73486005
1981-12-08,3.0,22000,35.79498291015625,39.90953063964844,49.65064239501953,29.95823097229004,42.851341247558594,44.98093385214008,,35.41557897,35.39523355
1981-12-09,3.0,19900,53.53981018066406,44.60844039916992,60.4277458190918,45.46860504150391,44.10152816772461,53.85428015564205,,35.281362370000004,26.59175875
1981-12-10,3.0,24500,51.243408203125,39.41973114013672,66.83428955078125,46.64289093017578,46.15055847167969,49.35914396887162,,40.25578888666666,32.803247750000004
1981-12-16,0.0,16400,18.44753074645996,12.573892593383787,44.88359832763672,15.835833549499512,24.021202087402344,15.071595330739314,,42.21275680866667,34.7583442
1981-12-17,3.0,15300,10.029088020324709,33.43531799316406,35.501976013183594,3.971410751342773,15.576346397399902,15.78677042801556,,48.48768379866667,42.93053
1981-12-18,3.0,14400,34.63412094116211,56.586387634277344,72.4447021484375,38.52663803100586,50.00782012939453,45.21712062256808,,40.37964766666667,34.89246585
1981-12-19,3.0,19100,44.25379180908203,54.54262924194336,77.44798278808594,42.41445159912109,56.0331916809082,45.31906614785991,,28.157542951666667,24.868193485
1981-12-25,0.0,13700,29.46590805053711,36.767181396484375,30.21170425415039,37.22075271606445,53.08074188232422,45.56050583657591,,22.176718048966663,19.773562395
1982-01-07,0.0,11600,16.63041877746582,18.840112686157227,40.991355895996094,27.41172790527344,32.10003662109375,15.255836575875492,,10.020245158766668,1.837769405
1982-01-10,0.0,9300,21.15557289123535,15.336065292358398,22.82681655883789,10.628358840942385,20.00143814086914,21.161089494163438,,23.253259446666668,14.3185864
1982-01-13,0.0,10600,30.779483795166016,34.366477966308594,49.95243835449219,28.47983932495117,38.23946380615234,40.64085603112839,,22.24379929,6.54675592
1982-01-15,2.0,13100,62.762657165527344,76.65245056152344,102.46150970458984,87.85359954833984,98.40984344482422,99.12937743190662,,25.071975966666667,15.0326304
1982-01-16,2.0,15500,83.10811614990234,87.68415832519531,109.8357391357422,104.3675537109375,117.53421020507812,94.83112840466929,,26.967754061666668,16.195511449999998
1982-01-22,3.0,12100,65.22769927978516,123.4295425415039,74.80337524414062,88.81510925292969,89.42011260986328,160.69221789883272,,18.767500923116668,11.72416135
1982-01-23,3.0,17500,145.57354736328125,121.73961639404295,110.29814910888672,134.6549530029297,126.5571746826172,166.88813229571988,,15.115839162333335,7.172139035000001
1982-01-24,3.0,36900,146.56976318359375,98.3087158203125,111.79315948486328,140.76199340820312,135.7167205810547,128.5632295719844,,17.411295346833334,8.754674585
1982-01-25,2.0,28000,114.4963607788086,50.32891082763672,92.6447296142578,113.0029754638672,115.10992431640624,57.27743190661477,,25.028800446833337,16.937637285
1982-01-26,2.0,25400,52.694557189941406,42.74620819091797,66.10868072509766,71.79449462890625,80.6449203491211,40.47140077821011,,27.990058384833336,21.1161431
1982-02-01,1.0,19700,59.23722076416016,21.82008171081543,45.64817428588867,40.58542251586914,51.57749176025391,25.69688715953308,,31.19032739828333,8.356669447
1982-02-02,1.0,20000,31.008358001708984,8.605676651000977,18.603302001953125,17.18579864501953,26.68344497680664,18.75953307392997,,32.187794831616664,11.709911097
1982-02-04,0.0,17400,6.967984199523926,0.0,0.054315909743309,0.0968551635742187,0.1493617594242096,0.0011673151750972,,39.62953121383333,31.2590056
1982-02-12,3.0,14800,84.15457153320312,107.41073608398438,100.63296508789062,106.5649871826172,121.9630355834961,184.2134241245136,,24.342697896161667,21.8169001
1982-02-13,3.0,20200,145.07632446289062,130.3382110595703,163.0006866455078,162.00399780273438,152.66128540039062,206.90583657587555,,18.32049931282833,16.43036315
1982-02-14,3.0,38100,179.49371337890625,122.6990966796875,207.29641723632807,189.71173095703125,167.34786987304688,189.18307392996115,,19.46310689116167,11.199238350000002
1982-02-15,3.0,53900,170.4628143310547,86.87393188476562,182.3858795166016,156.78245544433594,129.37997436523438,106.8665369649806,,16.461163020000004,8.3624659
1982-02-16,3.0,53900,122.6430206298828,56.98345184326172,136.1598663330078,110.77798461914062,99.7073974609375,81.31284046692609,,17.136522403333338,9.5061848
1982-02-18,2.0,38300,65.71815490722656,60.6751708984375,100.3942413330078,56.99877166748047,74.66294860839844,80.61634241245139,,15.198505116666666,12.31520065
1982-02-20,1.0,35000,80.10633087158203,44.33832550048828,88.82748413085938,51.27275466918945,65.03781127929688,52.46770428015563,,37.20449258674167,22.27850195
1982-02-24,0.0,24300,17.208070755004883,20.0947380065918,20.61212158203125,12.742830276489258,18.0111026763916,6.744357976653691,,13.50969633333333,8.475711235
1982-02-28,2.0,17700,43.45237731933594,35.78793716430664,61.89247131347656,52.69712448120117,59.41016387939453,42.149610894941645,,39.10031307833333,22.1820896
1982-03-01,2.0,18200,34.61167526245117,34.64292526245117,57.10240173339844,50.71145248413086,51.0839958190918,45.48054474708172,,31.0982388455,18.49284683
1982-03-08,0.0,15100,16.11703109741211,20.915000915527344,13.210297584533691,19.12089157104492,11.537588119506836,31.710116731517523,,17.194115629,9.115037925
1982-03-14,0.0,17200,38.403411865234375,14.64084243774414,20.154335021972656,19.797704696655277,23.55482292175293,10.344163424124512,,18.55798000433333,14.3275538
1982-03-18,0.0,14800,0.0481527745723724,0.0,0.0030956021510064,0.0154409483075141,0.1147972792387008,0.0247081712062256,,33.70953011766666,6.625070503000001
1982-04-06,0.0,10400,2.7183587551116943,1.006242752075195,2.6353695392608643,4.0674333572387695,3.1970438957214355,1.1099221789883271,,9.306323838333334,8.20402058
1982-04-13,0.0,17200,58.29154586791992,39.341583251953125,53.21205139160156,59.441593170166016,63.08685302734375,39.51225680933853,,8.906988030916667,6.602634418
1982-04-26,0.0,14300,0.3313155174255371,6.790894985198975,0.0204977393150329,0.0033848306629806,0.025738151744008,1.474708171206225,,7.877933567333333,4.703467735
1982-05-04,0.0,15100,19.72774314880371,15.460945129394531,17.504661560058594,19.573545455932617,20.3277587890625,11.766926070038911,,7.0668082615,1.2582051010000002
1982-05-08,0.0,17400,6.852272987365723,9.438539505004885,9.585354804992676,16.776809692382812,14.438298225402832,6.866147859922178,,25.70938175333333,23.93899315
1982-05-14,0.0,19000,4.366296768188477,4.2193779945373535,3.9634463787078857,1.696635127067566,1.3392698764801023,2.659143968871595,,15.946718147333332,6.546633127
1982-05-20,0.0,22200,2.676381826400757,0.7244448661804199,0.6038720011711121,0.0300635807216167,0.476996898651123,0.1854085603112839,,7.876786827166667,6.38185831
1982-05-24,0.0,22900,0.0225932542234659,0.0989535674452781,0.129706934094429,0.034221526235342,0.0829280912876129,0.1075875486381322,,14.340851216666666,9.69546095
1982-06-01,0.0,24700,6.6336212158203125,8.331853866577148,4.777969837188721,4.135594844818115,1.9772462844848635,6.092023346303504,,9.9869183035,1.822157735
1982-06-04,0.0,24100,2.770825862884521,3.728228807449341,5.814353942871094,2.301356077194214,9.065479278564451,2.2949416342412454,,6.9021943381333335,1.272330808
1982-06-05,0.0,22000,4.121035099029541,5.265246391296387,7.743371486663818,4.008678913116455,11.355460166931152,3.197859922178991,,6.4476752538,2.22823441
1982-06-10,0.0,23900,0.4216746389865875,0.0,0.0003575669252313,0.0001255091046914,0.0371460802853107,0.1945525291828795,,9.959457373766666,2.8291429213
1982-06-13,0.0,32300,2.0528929233551025,1.6620724201202393,2.7559330463409424,0.1367258429527282,2.6659250259399414,0.9894941634241248,,7.336089213066667,4.190592329999999
1982-06-16,0.0,33800,0.2127341032028198,0.0,0.0008750549750402,0.0003751711337827,0.0060480856336653,0.0,,11.286385251,12.07875076
1982-06-18,0.0,40500,0.1668611168861389,0.0,0.0,9.42062251851894e-06,0.0458948165178298,0.0,,5.9878616393833335,1.220671989
1982-06-25,2.0,36500,3.190240859985352,9.105021476745604,9.05455207824707,1.495274305343628,3.069380760192871,8.34805447470817,,9.906670010238331,3.3016059505
1982-06-26,2.0,34100,10.578869819641112,12.993769645690918,21.994686126708984,4.232507705688477,12.454984664916992,9.86634241245136,,6.962519636071667,2.912763828
1982-06-27,1.0,33800,13.734870910644531,15.756675720214844,18.71588897705078,4.232945919036865,11.493346214294434,12.114396887159533,,4.390426661483333,1.502916619
1982-06-28,1.0,31500,13.336677551269531,18.385387420654297,18.70999336242676,6.972085475921631,16.503498077392578,7.623929961089492,,2.5884141375,0.6507775525
1982-07-06,0.0,22100,13.466915130615234,14.439360618591309,4.601871490478516,9.236505508422852,8.328474998474121,22.027821011673147,,3.687332925383333,0.1968464469999999
1982-07-07,0.0,23000,13.845412254333496,13.807454109191896,4.055856227874756,9.083928108215332,3.4433798789978027,16.53463035019455,,9.665241194883333,0.7253673805
1982-07-15,0.0,31800,37.87112045288086,21.28266906738281,14.041253089904783,25.011938095092773,26.0429744720459,30.28482490272373,,1.4970467433833334,0.00150046365
1982-07-19,1.0,20600,3.3675246238708496,13.238821029663086,0.18118517100811,0.3441387712955475,0.5481704473495483,8.256031128404677,,4.428014328333333,4.86024568
1982-07-20,1.0,22600,17.890438079833984,13.693424224853516,0.3248273134231567,0.4015555679798126,0.81578528881073,10.698249027237363,,1.447904291666667,0.41732397
1982-08-09,0.0,15600,8.695378303527832,18.374900817871094,2.5306851863861084,1.9099735021591189,7.198575019836426,12.820428015564202,,3.5560451245,0.2400268334999999
1982-08-12,2.0,16700,45.61088562011719,39.93063354492188,16.09063148498535,25.893285751342773,19.94943046569824,57.19766536964978,,0.4453730583333333,0.056080175
1982-08-13,2.0,20000,47.35429000854492,33.947509765625,12.69729709625244,24.337724685668945,17.131786346435547,57.145525291828775,,0.6397824438333334,0.2145221865
1982-08-27,0.0,12200,0.8886985778808594,0.0,0.2921138703823089,0.1142966598272323,0.7787330746650696,0.2706225680933851,,9.721265850083332,7.19165901525
1982-09-02,0.0,10900,0.7058948278427124,13.547551155090332,1.4605592489242554,0.2409427314996719,10.73173999786377,15.623346303501954,,10.336969584499998,2.252376779
1982-09-06,1.0,9720,3.082176446914673,0.0396290086209774,3.483942747116089,1.345128059387207,2.7080516815185547,0.2900778210116729,,4.7382879746,2.00593273425
1982-09-07,1.0,9650,0.767277717590332,11.454587936401367,0.023506686091423,0.1529998481273651,2.291259288787842,3.5536964980544723,,4.808985551099999,2.38743778425
1982-09-08,1.0,10600,18.103565216064453,20.43226623535156,11.437437057495115,16.94422149658203,23.67696189880371,24.755058365758728,,4.205084634683333,0.868049935
1982-09-09,1.0,11300,25.96836280822754,29.90188789367676,14.94849681854248,22.80248069763184,29.776594161987305,32.87295719844355,,4.062763447833333,1.20279523
1982-09-11,2.0,14500,33.71387481689453,26.130027770996094,22.370344161987305,27.83238220214844,29.45893096923828,29.732101167315182,,6.978938610666667,3.636074855
1982-09-12,2.0,16200,26.993274688720703,16.620773315429688,19.075092315673828,21.97329330444336,21.85482788085937,21.44766536964982,,8.1357870245,4.571727490000001
1982-09-19,0.0,8180,0.312678575515747,2.2765634059906006,9.12450122833252,0.5706316828727722,12.892730712890623,2.4352140077821027,,14.792476059,9.1993436885
1982-09-24,0.0,8370,6.184441089630127,16.176496505737305,15.700793266296388,4.970598220825195,7.473435401916504,20.671011673151742,,17.013808851416666,10.0612031775
1982-09-27,0.0,8040,11.084161758422852,15.23821258544922,12.1990385055542,14.930774688720703,9.89088249206543,13.68852140077821,,8.619232330599617,5.66226999679885
1982-09-30,0.0,9130,7.816507339477539,5.435369491577148,1.1871029138565063,1.3819078207015991,1.7239385843276978,2.9029182879377453,,18.093613814644332,6.22101792005
1982-10-05,2.0,7500,4.926570892333984,26.24863052368164,26.602258682250977,13.41965103149414,20.77884864807129,41.52587548638134,,2.8811603842666664,1.1526029668
1982-10-06,2.0,7200,37.5827522277832,34.738670349121094,43.29801940917969,33.1175651550293,46.196250915527344,46.00389105058368,,3.786552692933333,0.2287656777999999
1982-10-13,0.0,8970,0.0001984127011382,0.0,0.0,2.0577073883032423e-05,0.0002617349382489,0.0,,44.71156287676666,13.7347006387
1982-10-21,3.0,9400,31.320566177368164,45.26326751708984,42.74594879150391,57.42574691772461,43.97206878662109,53.68871595330741,,23.25722282063333,16.00722379
1982-10-22,3.0,13400,42.505619049072266,48.15190124511719,51.87737274169922,60.40230941772461,46.31206893920898,52.7614785992218,,37.80123787866667,23.30702574
1982-10-23,3.0,19200,47.16799545288086,31.711889266967773,50.7646484375,54.47184753417969,45.42438125610352,30.59980544747083,,43.251420205,32.32710664
1982-10-24,3.0,13100,20.82749366760254,27.57214736938477,17.799549102783203,6.315479755401611,5.405892848968506,19.88891050583658,,52.114102896333335,47.624645
1982-10-25,3.0,11900,27.496109008789062,43.1025276184082,21.532583236694336,25.658092498779297,20.28400611877441,46.01887159533078,,39.18448591966667,43.04677765
1982-10-26,3.0,13300,54.47846984863281,45.22877502441406,28.958667755126957,43.85358428955078,37.69222259521485,49.95875486381328,,28.943841231333334,28.383954375
1982-10-27,3.0,18900,60.64622497558594,35.52315139770508,46.95333862304688,52.47444915771485,55.541297912597656,38.515758754863846,,30.085603961333334,12.42417511
1982-11-01,0.0,15600,20.5856876373291,11.359210968017578,11.109786987304688,17.478025436401367,20.53484535217285,13.969066147859923,,46.277627198033336,13.794364685
1982-11-03,1.0,12000,9.303003311157228,23.48796844482422,26.417909622192383,16.858661651611328,30.01850128173828,40.222373540856026,,45.7445216017,23.2262607
1982-11-04,1.0,11800,23.946250915527344,53.75688171386719,50.31120300292969,47.53071212768555,59.45873260498047,72.94066147859922,,33.34130433366667,25.62410375
1982-11-09,0.0,15200,5.757114887237549,0.0,0.0263249594718217,1.569859523442574e-05,0.0020367370452731,0.2044747081712059,,35.03341020283334,21.00023242
1982-11-13,0.0,10900,5.170645713806152,7.769003868103027,2.668804883956909,3.397258043289185,4.295495986938477,3.6356031128404656,,43.29425182666667,40.8528207
1982-11-16,0.0,10400,47.91655731201172,55.17965698242188,44.97388458251953,38.13742446899414,51.589752197265625,72.13618677042803,,51.044919845,23.31123935
1982-11-25,0.0,11900,7.284347057342529,14.66788101196289,8.490509986877441,8.980523109436035,3.885122299194336,12.306225680933856,,30.501028331666667,18.92012855
1982-12-02,3.0,13300,73.56690979003906,110.47689819335938,131.558349609375,116.4637451171875,100.65315246582033,136.5562256809338,,26.440583232,14.0357825
1982-12-03,3.0,25000,142.25247192382812,109.76563262939452,135.00485229492188,116.95590209960938,101.40081787109376,129.11303501945522,,30.362900951,16.7167045
1982-12-08,0.0,20500,0.1159305721521377,0.0,0.0053529548458755,9.0815734665739e-07,0.0228892751038074,0.6091439688715957,,23.874054036666667,17.581309049999998
1982-12-13,0.0,14500,29.665163040161133,40.46611785888672,38.16604995727539,34.48041915893555,48.0927619934082,51.03910505836576,,25.647857905,16.951455449999997
1982-12-14,1.0,15000,44.54268264770508,53.31455612182617,54.180118560791016,44.21718597412109,54.833526611328125,65.25836575875485,,20.83227876666667,15.75019827
1982-12-15,2.0,17200,63.55571746826172,60.59752655029297,85.29681396484375,92.54702758789062,89.4617919921875,78.00194552529182,,30.078926323166662,25.48033322
1982-12-16,2.0,22900,71.70894622802734,64.02637481689453,101.774658203125,103.39627075195312,93.82228088378906,86.17003891050584,,35.0647483215,28.333980335
1982-12-18,0.0,21600,59.362770080566406,42.79529571533203,72.39689636230469,64.56179809570312,66.21257019042969,46.888132295719856,,24.576027343333333,17.882693865
1982-12-23,0.0,14600,12.997163772583008,11.5210542678833,10.708151817321776,11.67331886291504,18.235092163085938,9.400194552529186,,24.675019218333333,18.819952
1982-12-24,0.0,13500,6.636969566345215,9.483634948730469,16.224302291870117,6.408330917358398,26.683990478515625,8.95564202334631,,35.02096837,29.3883292
1982-12-30,0.0,11900,0.185988113284111,0.0,1.7734562707261146e-09,0.0,0.0,0.0457198443579766,,14.329088293333331,7.245707355
1983-01-04,2.0,11800,88.39640808105469,95.1102294921875,109.55850219726562,85.82682037353516,76.29864501953125,125.59727626459151,,18.62235283533333,12.172691615000002
1983-01-05,2.0,23000,75.79788970947266,110.70635223388672,109.7340850830078,78.4904556274414,71.89103698730469,124.46478599221795,,31.4365497765,22.412086192
1983-01-06,2.0,29300,96.53665161132812,118.28875732421876,135.57879638671875,95.79801940917967,81.61273956298828,114.27626459143974,,38.595001559,17.192738891999998
1983-01-07,2.0,22500,107.97452545166016,119.11264038085938,138.7804718017578,110.73342895507812,112.45345306396484,106.4875486381323,,43.96960553066667,24.249008092
1983-01-08,2.0,42200,110.74462890625,168.85423278808594,153.68682861328125,134.93716430664062,153.22857666015625,146.75272373540855,,33.5095953,16.1668379
1983-01-09,2.0,40000,174.121337890625,141.0033416748047,198.34771728515625,181.7601776123047,212.81271362304688,138.67529182879375,,20.748958166666668,12.4404329
1983-01-10,2.0,46600,129.9537353515625,112.16788482666016,147.7781524658203,125.22238159179688,152.07369995117188,103.7406614785992,,16.414591096583333,11.2478828
1983-01-13,0.0,28100,8.772834777832031,11.934646606445312,22.431859970092773,7.158254623413086,6.803934097290039,3.3591439688715985,,31.71788074166667,29.53874675
1983-01-17,2.0,16100,5.304156303405762,11.988555908203123,4.71821928024292,3.038581371307373,9.579150199890137,13.553891050583658,,55.10232211666666,30.8895419
1983-01-18,2.0,17100,9.6122465133667,11.779062271118164,10.452360153198242,12.096921920776367,18.23627281188965,16.339883268482488,,53.06829666666666,28.5610259
1983-01-19,2.0,16300,7.387691974639893,11.469963073730469,9.837761878967283,15.06056785583496,16.836490631103516,14.70214007782101,,39.534027730666665,26.49576305
1983-01-20,0.0,17200,7.006791114807129,7.157804012298584,8.30282974243164,12.215985298156738,14.951533317565918,6.363424124513616,,34.451777034,33.2177035
1983-01-22,0.0,14400,22.206911087036133,31.271228790283203,21.326622009277344,16.618511199951172,19.77552604675293,25.41673151750972,,32.21238270333333,33.0339715
1983-01-25,2.0,13600,24.13198471069336,35.988494873046875,64.43425750732422,43.33050537109375,47.35717010498047,46.69085603112843,,28.3443275715,26.886718985
1983-01-26,2.0,14600,34.17832946777344,43.211181640625,63.53904724121094,46.334598541259766,66.34391784667969,48.32042801556423,,19.357897798666663,11.917855455000002
1983-01-27,1.0,16700,42.1630744934082,32.47390365600586,55.01063537597656,37.730411529541016,60.7899169921875,39.69046692607007,,12.9547705955,3.98952965
1983-01-28,0.0,19600,30.520362854003903,16.69208335876465,24.368627548217773,13.854814529418944,30.68087387084961,10.9284046692607,,9.657342029666667,0.8956524225
1983-01-30,0.0,16100,2.77978777885437,1.6791883707046509,2.5764009952545166,4.981263160705566,4.173868179321289,0.6480544747081713,,11.724988089166663,7.537577007499999
1983-02-04,0.0,12200,0.0106805553659796,0.0,1.6827303994659815e-08,0.0,0.0,2.069455252918288,,14.770346858,3.611914275
1983-02-10,4.0,12400,49.49534225463867,59.587589263916016,64.98077392578125,66.17647552490234,61.12594604492188,59.30350194552529,,18.21399478683333,13.8627524415
1983-02-11,4.0,13000,49.46559524536133,59.242462158203125,73.16116333007812,72.1570816040039,83.44532012939453,60.29299610894941,,16.208327597,7.9366358265
1983-02-12,4.0,16600,59.08287811279297,44.67032623291016,77.82489013671875,85.06671905517578,91.6876220703125,51.103501945525295,,10.587193593,2.4380001685
1983-02-13,4.0,22400,39.36223602294922,39.48260116577149,53.25809860229492,60.02943420410156,60.371463775634766,28.471595330739294,,8.0619256875,1.707241002
1983-02-15,0.0,18900,34.63145065307617,37.29705047607422,45.22029113769531,32.89434051513672,45.72939300537109,28.300583657587552,,8.280496516583334,4.971655245
1983-02-16,2.0,18400,33.62893295288086,46.99356842041016,72.72932434082031,54.68027877807617,65.4719009399414,53.52821011673152,,9.27904884775,6.0221083465
1983-02-17,2.0,19600,44.98113250732422,38.013790130615234,69.76992797851562,57.79868316650391,63.55649566650391,51.09649805447471,,5.782125184416667,3.1220856015000003
1983-02-18,2.0,23900,36.33675003051758,35.72835159301758,47.280738830566406,44.68966674804688,47.24057388305664,44.18171206225681,,8.235108989499999,3.4459798265000003
1983-02-19,1.0,22700,40.49666595458984,24.51275634765625,59.043487548828125,49.43977355957031,57.05192184448242,25.40797665369649,,9.767772155,1.135594315
1983-02-20,1.0,20500,29.72767639160156,30.64302444458008,60.230804443359375,44.29676818847656,47.4878158569336,27.756031128404665,,13.377643364666667,6.79056505
1983-02-22,2.0,19200,34.23283386230469,36.97900390625,50.18829345703125,24.37512588500977,33.21620178222656,39.211867704280166,,23.647257394666667,25.787078
1983-02-23,2.0,21300,31.95929718017578,43.58880615234375,58.42586517333984,31.590389251708984,39.683101654052734,35.84085603112842,,27.665723566666664,30.25540375
1983-02-24,2.0,23900,32.93220901489258,39.700469970703125,35.76274490356445,15.391302108764648,20.30959701538086,26.967704280155647,,28.697358451183334,29.39898628
1983-03-08,3.0,18100,62.64833450317383,52.69422912597656,106.38899230957033,71.5001220703125,85.65196228027344,74.8678988326848,,36.8556907905,9.547461205
1983-03-09,3.0,24300,73.61032104492188,44.99421310424805,114.39005279541016,78.5250473022461,83.3880844116211,62.71303501945523,,39.1128763745,5.75040257
1983-03-20,0.0,15300,0.96602600812912,4.59224271774292,0.0003154600562993,6.279852868829039e-07,0.0881629884243011,1.126848249027238,,18.469030747616667,6.118418185000001
1983-03-23,0.0,15400,8.529058456420898,9.393824577331545,6.877008438110352,6.765398025512695,9.382823944091797,9.828793774319063,,19.233574420466667,16.14648609
1983-03-30,0.0,20800,74.59556579589844,43.58401107788086,76.25652313232422,76.50566864013672,80.52189636230469,60.77976653696502,,3.936910097166667,1.68721298
1983-03-31,0.0,21600,53.52817153930664,28.740686416625977,42.46728897094727,42.517127990722656,47.00859832763672,34.25719844357978,,8.815070606666666,6.59573947
1983-04-01,0.0,20300,31.81884384155273,23.005033493041992,27.31756591796875,30.368860244750977,32.85921859741211,23.090856031128403,,8.928546171933332,6.766586695
1983-04-15,0.0,12200,1.7519166469573977,0.3546353578567505,0.0,0.0,0.0002715441514737,0.0005836575875486,,9.82873154105,4.940707525
1983-04-24,0.0,12700,13.311271667480469,19.50937843322754,19.284399032592773,39.77808380126953,25.26965713500977,25.097665369649807,,4.269737198166666,0.92358445325
1983-04-28,0.0,11700,1.060157060623169,0.2127349227666854,0.1161359474062919,0.7618650197982788,0.3304588794708252,0.6857976653696498,,8.223090325716568,6.879604385
1983-05-02,0.0,13500,3.1758337020874023,6.172752380371094,1.542294144630432,3.5144381523132324,3.2257180213928223,8.621011673151752,,4.712241494333333,1.861513431
1983-05-10,0.0,12000,8.48336410522461,1.8062732219696045,3.262823343276977,13.538508415222168,12.47840690612793,2.904280155642024,,3.2892475571666666,0.434499944
1983-05-14,0.0,12900,20.5838623046875,53.23017120361328,1.576063632965088,17.820446014404297,9.931602478027344,23.22120622568092,,5.7140264045,2.033854655
1983-05-18,0.0,12500,10.38743495941162,13.55273151397705,5.9307122230529785,3.118038892745972,7.722882270812988,6.826459143968872,,5.893335777999999,1.087023882
1983-05-26,0.0,23700,0.0,0.0,1.332168403367362e-11,1.9466253320388205e-07,0.0018658151384443,0.0,,17.04491831138333,14.6222526
1983-05-27,0.0,23400,0.0,0.0,1.332168403367362e-11,1.9466253320388205e-07,0.0632230788469314,0.0,,10.182771256166667,7.910311885
1983-05-31,0.0,28600,1.2518891096115112,3.1642861366271973,0.0699093341827392,0.2364618480205536,0.2721844017505646,0.6881322957198442,,16.279925371333334,10.88021514
1983-06-04,0.0,19100,0.5632739663124084,0.0,4.101778984069824,1.0873092412948608,2.3496861457824707,0.1665369649805445,,7.681899355499999,1.7404604155
1983-06-09,2.0,21900,25.859699249267575,32.062461853027344,39.48666763305664,28.144916534423828,23.18454360961914,31.141634241245136,,10.586896940666668,5.603151315
1983-06-10,2.0,22100,36.7161865234375,36.164852142333984,48.68948745727539,39.516258239746094,35.17933654785156,33.91517509727627,,12.183992935666668,6.200372014999999
1983-06-16,1.0,20500,26.200353622436523,36.6043701171875,29.635740280151367,34.87795639038086,19.841205596923828,33.95486381322954,,14.985641115333332,13.58060375
1983-06-17,1.0,20100,33.600135803222656,39.70610427856445,30.92022705078125,40.91976165771485,27.978790283203125,34.04708171206223,,9.3083393895,8.33738373
1983-06-26,0.0,16600,2.5711586475372314,2.5772218704223637,12.897988319396973,3.532538890838623,5.490471363067627,3.258365758754864,,1.91211858745,0.79521244235
1983-07-10,5.0,13000,13.095996856689451,46.523399353027344,8.150078773498535,18.87710189819336,13.24770736694336,43.56712062256814,,3.564229613333333,0.76509329
1983-07-11,5.0,13000,66.69231414794922,76.4912338256836,20.52713394165039,68.08951568603516,54.38795471191406,65.1706225680934,,3.7682988816666665,0.490525045
1983-07-12,5.0,35900,104.21843719482422,92.05357360839844,56.35073852539063,90.14414978027344,75.73335266113281,111.15622568093384,,3.4667022245,0.4150531735
1983-07-13,5.0,48500,120.7362823486328,62.80194854736328,69.91356658935547,87.70088958740234,75.84183502197266,85.45291828793769,,3.188079875,0.497147225
1983-07-17,0.0,27700,10.204360008239746,13.334543228149414,5.179946899414063,2.645519733428955,5.302918434143066,6.087354085603111,,3.6770169740000007,0.354885792
1983-07-22,0.0,21800,5.7168869972229,0.2388094663619995,0.7358450293540955,0.8283146023750305,0.4091279506683349,8.7784046692607,,3.350161511833333,1.531386737
1983-07-24,0.0,22000,0.9505773782730104,3.952271938323975,0.079148344695568,8.890203475952148,2.3754146099090576,13.914591439688715,,5.438769833133333,1.5326853329
1983-07-25,0.0,21800,4.25583553314209,7.486325740814209,3.232096672058105,9.780983924865724,3.638584613800049,11.909143968871597,,4.210544378633333,0.0012985959
1983-08-15,0.0,13900,0.0,0.0,4.620504114427604e-06,0.0010809305822476,0.0356825217604637,0.8869649805447474,,8.418782735233332,0.0890607357
1983-08-19,0.0,9560,0.5745118856430054,0.0010379595914855,1.4432732786673339e-10,0.0005347456317394,0.0049164439551532,0.0,,4.598061600316667,0.01805489095
1983-08-22,0.0,9560,0.0082083335146307,0.0,0.3905131816864013,0.4017781913280487,1.0523382425308228,0.8632295719844362,,2.0582233941916668,1.0882723090750002
1983-08-28,1.0,8160,11.908483505249023,20.2912540435791,18.81271171569824,10.277353286743164,8.988706588745117,12.285019455252916,,2.5615689311666667,0.0438523035
1983-08-29,1.0,8300,21.37948226928711,16.82694435119629,28.555673599243164,14.263930320739746,18.00381088256836,17.88035019455253,,2.1762104471666666,0.0438523035
1983-08-31,0.0,10900,29.947250366210938,33.81279754638672,34.74099349975586,20.7634391784668,33.30327224731445,55.97568093385215,,7.516261041,1.52253248
1983-09-06,1.0,10900,6.724579334259033,7.443115711212158,6.924349308013916,2.3617100715637207,4.435125350952148,2.830350194552528,,16.655104187,13.285520318499998
1983-09-10,1.0,10900,46.78230667114258,38.49017333984375,40.1489143371582,37.09455108642578,29.42374420166016,51.72918287937745,,6.358075800716666,1.889177906
1983-09-20,0.0,9200,1.3610373735427856,0.4164620637893677,0.0724576562643051,0.0006906469352543,0.0484039820730686,0.0,,10.269007797666664,1.771840655
1983-09-23,0.0,9000,1.747913122177124,0.2230513244867324,0.0089010251685976,0.0004825455835089,0.042400237172842,0.0,,9.83828953975,5.39411571125
1983-10-02,1.0,7170,3.1221697330474854,12.541732788085938,1.1263301372528076,3.288788080215454,6.591986179351807,9.455058365758752,,3.88807834625,0.47564165875
1983-10-03,1.0,5990,11.345271110534668,12.41226577758789,5.316051483154297,8.244501113891602,18.320480346679688,10.865564202334628,,8.85209886975,0.7715880292499999
1983-10-04,1.0,8660,11.153326988220217,8.01884651184082,5.312272071838379,8.196410179138184,18.321950912475582,10.738521400778207,,13.941715966666669,1.54661477
1983-10-07,0.0,8320,0.6643551588058472,0.0671220496296882,2.204819202423096,0.2513208091259002,0.4995699524879455,0.4391050583657597,,21.32897800193833,10.914147245
1983-10-11,0.0,6940,0.188698410987854,0.0,0.0279712378978729,0.0092789437621831,2.9178028106689453,0.1136186770428015,,20.88235108983333,15.721442695
1983-10-21,2.0,6050,59.96379089355469,45.57615661621094,36.056339263916016,41.1154670715332,45.726707458496094,53.84357976653696,,38.77394956,34.39715905
1983-10-22,2.0,10500,57.68691635131836,42.01411056518555,36.13133239746094,35.67951583862305,39.610984802246094,49.12101167315176,,33.27028292666667,21.47150115
1983-10-24,2.0,10600,17.31645393371582,9.60996437072754,9.84503936767578,4.701756954193115,7.830225467681885,4.551556420233467,,18.741159785283337,10.133837695
1983-10-25,2.0,10200,6.2034196853637695,9.135619163513184,4.212985515594482,2.520350933074951,7.002325534820557,4.498054474708174,,23.190411908616667,11.74347427
1983-10-26,2.0,9060,6.981495380401611,2.2375614643096924,19.468542098999023,2.3504889011383057,12.94269561767578,2.1241245136186766,,21.244076738333334,9.97134465
1983-10-27,2.0,9170,2.0156712532043457,2.282431125640869,17.264541625976562,1.5263736248016355,9.12018871307373,2.0733463035019453,,29.09713756833333,15.0092823
1983-10-29,1.0,8160,3.859297513961792,21.091598510742188,12.812088012695312,12.377965927124023,8.217264175415039,25.46536964980548,,47.920549236666666,40.5830483
1983-10-30,1.0,7740,27.12897491455078,24.31229019165039,21.022022247314453,27.08683586120605,21.159683227539062,33.98832684824906,,45.9476578,43.2122103
1983-11-01,2.0,13400,56.96659469604492,62.71503829956055,30.324012756347656,48.38848114013672,32.40928649902344,69.45233463035021,,43.605594671666665,41.17991185
1983-11-02,2.0,13800,76.85246276855469,94.65806579589844,86.1025390625,91.3639144897461,67.0783462524414,123.23696498054478,,36.09832740666667,32.66882435
1983-11-03,1.0,22700,118.73619842529295,92.00732421875,109.50566864013672,106.95860290527344,85.90281677246094,117.06731517509726,,25.59623300166667,20.4505592
1983-11-05,1.0,28000,86.69818115234375,49.062461853027344,61.10623550415039,56.27109146118164,54.41510009765625,50.38910505836574,,16.290745076906667,11.46914858
1983-11-06,1.0,23000,62.18334197998047,36.55274200439453,40.39555358886719,39.968040466308594,40.84067916870117,42.626070038910505,,13.206623201906666,7.167161355
1983-11-10,3.0,20000,37.32006072998047,35.35272216796875,36.943939208984375,39.88764190673828,44.82312774658203,51.02276264591439,,30.062291512716666,25.02960475
1983-11-11,3.0,21800,35.745357513427734,41.61821746826172,40.505836486816406,39.58317184448242,53.11250305175781,44.61108949416341,,25.525556474532333,19.41936095
1983-11-13,0.0,20600,35.74041748046875,64.97039031982422,42.54368591308594,43.960060119628906,45.70494842529297,78.11108949416345,,19.411088043049,12.476425443699998
1983-11-14,3.0,19900,92.13379669189452,88.79196166992188,99.7015151977539,124.48556518554688,116.62942504882812,118.8412451361868,,16.331226292900002,7.816728893699999
1983-11-15,3.0,30900,129.74786376953125,100.85396575927734,123.14627838134766,151.34341430664062,132.30274963378906,123.48404669260702,,18.430162414566663,6.1923444587
1983-11-16,3.0,57900,143.92837524414062,82.94218444824219,127.8320541381836,153.62045288085938,138.01788330078125,110.32898832684825,,21.4371021,9.408639415
1983-11-19,0.0,34000,56.34809875488281,44.02485656738281,57.60921096801758,62.16304016113281,60.208045959472656,44.29474708171208,,23.815482263333333,17.082661549999997
1983-11-23,0.0,20000,26.196277618408203,51.72472381591797,32.31902313232422,34.312644958496094,17.636951446533203,66.78813229571985,,49.120015719933335,34.8442465
1983-12-01,0.0,16700,0.4113948047161102,4.1733245849609375,0.6126037836074829,0.3357428014278412,0.8962872624397278,2.769260700389105,,29.41576174533333,23.7705999
1983-12-08,0.0,11400,32.75556945800781,49.255165100097656,67.88035583496094,56.477787017822266,55.17101287841797,51.641245136186775,,21.85990903333333,17.40663075
1983-12-10,0.0,13200,40.13633728027344,30.013879776000977,45.81902313232422,33.54429244995117,33.90581130981445,34.22548638132295,,17.048566861666664,15.33589895
1983-12-24,0.0,13000,0.3083372712135315,7.987598419189453,0.4322021305561065,0.4376124441623688,1.6867996454238892,7.10875486381323,,22.72435404166667,15.66907775
1983-12-28,0.0,11200,6.353443145751953,24.79491233825684,5.705741882324219,9.354364395141602,2.781961441040039,39.02568093385213,,29.766308027,11.784287881
1984-01-02,2.0,14400,65.0580825805664,109.99478149414062,48.92195129394531,58.56491088867188,99.06651306152344,144.27840466926062,,29.2375738,8.44175645
1984-01-03,4.0,21200,125.9945068359375,120.21007537841795,134.083740234375,88.01964569091797,128.52186584472656,169.75894941634235,,34.64355927166667,21.0853979
1984-01-04,4.0,49600,133.80300903320312,105.23767852783205,119.83429718017578,77.31718444824219,95.87503051757812,116.84066147859916,,40.78216741083333,26.11717445
1984-01-05,4.0,81300,115.61417388916016,53.77997970581055,135.79318237304688,43.0528678894043,57.009315490722656,53.54824902723736,,41.9023151775,28.2418493
1984-01-10,0.0,26300,17.601360321044922,22.04621124267578,21.783281326293945,13.57351779937744,31.292266845703125,15.830350194552532,,26.43981842833333,9.955160175
1984-01-11,0.0,24200,16.978694915771484,14.69145965576172,21.031147003173828,13.516077995300291,30.20559310913086,15.861284046692608,,31.362227955,18.097883965
1984-01-21,0.0,13500,32.65919494628906,41.32525634765625,51.282012939453125,44.57289123535156,42.40283203125,59.236381322957214,,21.317726141666668,5.956221775
1984-01-22,1.0,13600,45.05880737304688,58.32618713378906,86.74966430664062,74.17547607421875,79.13177490234375,104.46906614785992,,16.997936583333335,12.8781676
1984-01-23,3.0,14100,70.79739379882812,99.00658416748048,132.230224609375,103.70358276367188,128.66648864746094,152.73093385214003,,21.835831274333337,16.528065673
1984-01-24,3.0,21600,124.90946197509766,105.00513458251952,163.02093505859375,131.02212524414062,147.24639892578125,149.04202334630344,,19.345184296333336,11.172432039
1984-01-25,3.0,45200,133.11817932128906,93.2470245361328,135.83912658691406,107.34960174560548,120.21955871582033,113.70700389105052,,15.917495327000005,3.994158931
1984-01-26,1.0,39100,117.11653900146484,44.40791320800781,114.78514099121094,72.89108276367188,70.36100006103516,55.67723735408558,,8.014251426,0.490908578
1984-01-27,1.0,30300,49.46661758422852,31.55018615722656,77.37301635742188,15.762805938720703,27.2512321472168,27.4476653696498,,6.265650045333333,0.502888486
1984-01-28,1.0,28600,33.41515350341797,18.892263412475582,70.44829559326172,10.934087753295898,20.44971466064453,17.06245136186771,,9.070577831333331,3.565569044
1984-01-29,0.0,28600,18.229490280151367,7.736537456512451,29.764131546020508,4.777215003967285,12.023679733276367,5.187743190661479,,14.202819409783332,5.349025889
1984-02-07,1.0,15300,8.388248443603516,18.738189697265625,17.05972671508789,9.22433090209961,7.3284010887146,18.36284046692608,,35.618727836666665,24.8127349
1984-02-08,1.0,14700,12.765953063964844,24.974863052368164,23.29329872131348,18.827999114990234,14.137880325317385,24.498249027237364,,26.41803462,22.569562500000004
1984-02-09,1.0,15600,20.835649490356445,28.06506729125977,45.215763092041016,42.26966094970703,32.968544006347656,34.022568093385225,,19.517225592,12.447768126
1984-02-10,1.0,17200,25.02057647705078,32.525428771972656,48.87763595581055,52.44054412841797,45.255157470703125,49.08249027237356,,21.9230738715,13.232556966
1984-02-12,1.0,19400,53.47381591796875,57.28626251220703,81.59304809570312,72.44824981689453,75.80658721923828,71.54241245136187,,37.553935102833336,23.76086684
1984-02-13,0.0,23500,65.34990692138672,50.2230110168457,70.74097442626953,62.53044128417969,67.2506103515625,46.46945525291829,,30.996900131666663,19.8599415
1984-02-19,2.0,16200,15.242422103881836,38.33294296264648,60.41926193237305,20.92909240722656,35.26496505737305,44.50428015564202,,17.923210879166668,6.0667215875
1984-02-20,2.0,18100,35.29859161376953,48.0446891784668,70.41326141357422,30.32783508300781,53.734649658203125,48.99961089494163,,22.54251794503333,9.3582761
1984-02-21,0.0,24500,39.80326843261719,49.224605560302734,65.98584747314453,30.926353454589844,54.1378059387207,50.669260700389096,,26.5037766967,10.3405191
1984-02-29,0.0,18600,20.724044799804688,30.16971969604492,26.32472801208496,15.998937606811523,23.100563049316406,20.534435797665378,,17.892599502,9.36297214
1984-03-09,0.0,16500,3.8615505695343018,6.027155876159668,9.27764129638672,7.075552463531494,6.5548200607299805,7.462645914396891,,18.789108828333333,14.38414335
1984-03-20,1.0,17200,48.88324737548828,51.00901794433594,64.23176574707031,47.28374481201172,45.36542510986328,60.02723735408557,,37.37047407333333,35.554075999999995
1984-03-21,1.0,24000,50.15667343139648,46.04527282714844,62.295169830322266,57.03451919555664,42.574249267578125,46.20019455252916,,38.94353878333333,34.912101
1984-04-07,0.0,15300,38.34648895263672,26.76551818847656,30.8104190826416,21.608606338500977,29.32613754272461,31.02451361867705,,17.495127745666668,15.04254835
1984-04-13,2.0,15800,29.79689598083496,19.587549209594727,41.19647216796875,37.4153938293457,35.47705841064453,21.007392996108948,,24.144654578500003,8.22513547
1984-04-14,2.0,11700,20.47592163085937,10.209446907043455,21.257488250732425,10.451025009155272,8.5571928024292,3.6978599221789863,,15.779872401833334,8.39266452
1984-04-15,2.0,12000,11.038806915283203,6.39851713180542,32.66352081298828,4.51898717880249,7.762428283691406,1.8235408560311308,,14.208305364083332,8.940242219
1984-04-23,0.0,10900,19.519445419311523,12.295689582824709,17.941003799438477,16.687124252319336,15.639294624328612,10.767898832684828,,9.935060338166666,3.300879945
1984-04-28,0.0,9700,3.902759790420532,9.000240325927734,1.0862752199172974,7.113160133361816,2.895246982574463,6.548832684824905,,16.63046870383333,15.311109079999998
1984-05-03,0.0,15900,43.37223815917969,22.32309913635254,21.107608795166016,51.04574966430664,42.7166748046875,23.346108949416323,,3.7336879335,2.2338218315
1984-05-06,0.0,10700,9.760120391845703,9.976041793823242,8.163430213928223,9.343239784240724,20.467744827270508,6.844163424124513,,7.351463188216666,6.6719721
1984-05-07,1.0,10400,10.131620407104492,15.398260116577148,16.93071174621582,8.419124603271484,24.36910629272461,14.260505836575874,,9.083221226983332,8.703578400000001
1984-05-08,1.0,10800,14.70462131500244,26.65439987182617,29.908634185791016,17.549623489379883,25.77989387512207,24.64824902723734,,9.694667236666668,9.67303665
1984-05-11,0.0,13500,58.47320556640625,42.9515495300293,21.354434967041016,34.82530212402344,30.914819717407227,43.824902723735406,,2.4954347453333336,1.347722615
1984-05-12,0.0,18700,46.38945007324219,39.18041229248047,18.831451416015625,33.20973205566406,27.255386352539062,44.10739299610896,,3.047415529666667,1.5520696
1984-05-13,0.0,17200,46.557838439941406,17.480915069580078,21.73556900024414,23.10948371887207,18.8110294342041,19.62645914396887,,4.202275206,1.91804631
1984-05-18,2.0,15400,17.145591735839844,38.43236541748047,21.448945999145508,33.740440368652344,30.45222282409668,51.94824902723733,,10.1590514538,3.89868155
1984-05-19,2.0,16100,47.06669616699219,50.0904426574707,36.79745101928711,46.15589904785156,43.61022186279297,57.86361867704278,,6.789680311666666,3.650106825
1984-06-02,0.0,18900,3.9927079677581783,7.403017044067383,0.8973727822303772,0.3036298751831054,0.4718573987483978,2.8036964980544754,,6.01910661755,3.754379728500001
1984-06-06,0.0,17200,18.17106056213379,19.91781616210937,16.343101501464844,43.301795959472656,45.506614685058594,16.638910505836577,,13.859337155923331,6.8732283515
1984-06-07,0.0,16400,20.01863670349121,18.245399475097656,15.564332962036133,39.39281845092773,55.36325073242188,14.81381322957198,,11.85147770809,4.5688999915
1984-06-11,0.0,15600,4.41118049621582,3.1001839637756348,0.6239363551139832,2.2422866821289062,0.3552583456039428,2.131322957198443,,14.496705248333331,15.14193097
1984-06-14,0.0,22500,7.179255962371826,0.0174429528415203,0.3155810832977295,1.0124889612197876,0.1824617087841034,1.032101167315174,,4.168140198833333,2.2497199765
1984-06-24,0.0,26800,0.732799768447876,1.2162827253341677,0.0480602160096168,0.0909841433167457,0.2012982666492462,0.0167315175097276,,2.497167987333333,0.983167817
1984-06-25,1.0,28400,5.40532922744751,6.693157196044922,4.868551731109619,9.762615203857422,12.254712104797363,9.035992217898832,,5.527722431,1.273234952
1984-06-26,1.0,28700,11.387979507446287,10.395808219909668,7.693890571594238,12.950528144836426,16.077800750732422,9.725486381322956,,5.415965544333333,1.195266292
1984-06-27,2.0,30900,17.748565673828125,18.02285385131836,7.690927982330322,13.678878784179688,16.34080696105957,13.478988326848247,,7.395638443499999,3.479738705
1984-06-28,2.0,29200,26.11397933959961,23.04503631591797,14.124364852905272,22.51715850830078,13.243186950683594,25.528988326848243,,5.5634927965,3.327833505
1984-06-29,2.0,31000,30.10568618774414,22.04266357421875,19.239288330078125,24.14498519897461,13.073068618774414,27.299221789883266,,5.638189393333333,3.662945695
1984-06-30,2.0,32600,29.32125473022461,14.420940399169922,21.778032302856445,27.031736373901367,16.966060638427734,25.609727626459133,,4.049019900166667,1.9463394
1984-07-01,2.0,28200,16.951295852661133,3.888289213180542,11.639114379882812,8.591426849365234,8.460183143615723,4.5285992217898805,,2.8984059736666667,1.5579940205
1984-07-03,1.0,25300,1.5285134315490725,0.1157959699630737,1.1173235177993774,0.0696267113089561,0.4661509692668915,1.5840466926070045,,1.3734068540000002,0.180376462
1984-07-04,1.0,24000,0.955386519432068,0.3286997079849243,2.2206552028656006,0.1114763915538787,1.875763177871704,2.037354085603113,,0.9380141768333334,0.0747330955
1984-07-05,1.0,24700,0.2898094952106476,0.4127320647239685,2.8653197288513184,0.2005410194396972,2.3452625274658203,2.00739299610895,,1.6136485585,0.9707437405
1984-07-08,0.0,22700,0.031851191073656,0.0,0.0246377736330032,0.0026066047139465,0.0091589326038956,0.0233463035019455,,8.010938127166666,2.94342864475
1984-07-09,0.0,22500,0.0609940439462661,0.0,0.0055658994242548,0.0004902515211142,0.0120051251724362,0.0233463035019455,,5.456682341583333,1.50629357475
1984-07-19,0.0,25400,0.9331982731819152,1.0377713441848757,0.003841086057946,0.2176029533147812,0.0550439395010471,0.401945525291829,,1.5208793900833333,0.2299146968999999
1984-07-21,0.0,19100,0.3222062885761261,1.0377713441848757,2.454985857009888,0.6285563111305237,0.1398952901363372,0.4513618677042803,,1.558447953483333,0.16361030795
1984-07-25,1.0,21700,0.0224325377494096,0.0032067578285932,0.8824613690376282,0.0092768166214227,0.2093632668256759,0.69455252918288,,3.560142803333333,0.18383733
1984-07-26,1.0,24800,0.0051646833308041,0.0032067578285932,0.8587786555290222,0.0092794289812445,0.201879620552063,1.1001945525291834,,5.5098842169,0.9695474707
1984-07-31,0.0,15800,1.8197616338729856,4.71854829788208,3.013252258300781,0.4768117666244507,0.4426318109035492,5.648443579766537,,4.3770902627,0.7971487743000001
1984-08-05,0.0,19400,5.344918251037598,5.791374683380127,5.281158447265625,4.372884750366211,1.5952759981155396,5.358560311284046,,3.915269839929999,1.8434489401
1984-08-09,0.0,14300,0.0009067460196092,0.0,1.1397826710890511e-05,5.585482358583249e-05,0.0105310166254639,0.0,,2.9943653251333333,0.8315048904
1984-08-15,1.0,12200,0.0060158735141158,0.0,0.0011057023657485,0.0001292595698032,0.1239323988556861,0.0,,5.650758968145,0.108929177435
1984-08-16,1.0,11500,0.0060158735141158,0.0,0.9533981084823608,0.0229988154023885,1.1417043209075928,0.0130350194552529,,6.223047537644999,0.1167527879349999
1984-08-17,1.0,10300,0.0060158735141158,0.0241508930921554,1.0807186365127563,0.0236828029155731,1.1412521600723269,0.0130350194552529,,9.299308022645,1.035283852935
1984-08-18,0.0,10900,0.0,0.0241508930921554,1.1380817890167236,0.0321521386504173,1.101386308670044,0.0130350194552529,,6.910867013666667,1.0905853984999998
1984-08-26,1.0,7600,29.93648147583008,31.3914794921875,40.51324081420898,24.81035614013672,30.135560989379883,37.712062256809325,,1.9565756395,1.5047667925
1984-08-27,1.0,8740,33.38752365112305,31.39400291442871,40.84954071044922,25.25776672363281,30.31633758544922,37.56167315175096,,4.408081366666667,1.4913571500000002
1984-08-30,0.0,10200,6.052016258239746,6.062273025512695,0.6985309720039368,0.5600659251213074,0.9765899181365968,6.628793774319069,,1.1541553209000002,0.119597437
1984-09-04,1.0,7080,14.978611946105955,29.187274932861328,27.350061416625977,19.948509216308597,22.89217567443848,39.35155642023345,,3.909778765850001,0.7427450225500001
1984-09-05,1.0,9340,40.56272888183594,36.46221923828125,43.72628021240234,34.14158630371094,26.430030822753903,44.43501945525289,,6.1328142045166665,4.7584153885500005
1984-09-07,1.0,14300,41.19881439208984,17.434707641601562,28.936546325683597,22.40079498291016,17.747631072998047,19.662840466926053,,14.725472705,6.026887465000001
1984-09-08,1.0,12900,19.091732025146484,13.71608829498291,14.415149688720703,9.685192108154297,17.932559967041016,17.13521400778209,,11.628479455,2.750030265
1984-09-15,3.0,9120,0.7067263722419739,0.1336260586977005,0.1540961265563964,0.0835030376911163,1.4285422563552856,0.0723735408560311,,14.523143252333334,4.130093565
1984-09-16,3.0,8070,0.2443353533744812,0.1336260586977005,0.1541328430175781,0.0835151597857475,1.4969515800476074,0.0723735408560311,,14.261338138833333,3.81795989
1984-09-17,3.0,7070,0.1352400928735733,0.1301313489675521,0.0754483193159103,0.0298734623938798,2.283217430114746,0.3478599221789885,,11.9089555725,4.12157094
1984-09-18,3.0,7980,0.1781765520572662,1.7367043495178225,0.0484340265393257,0.0159294195473194,0.9564877152442932,3.190077821011675,,11.219308763833332,3.587147415
1984-09-19,0.0,8750,3.397898435592652,12.879354476928713,0.4535619020462036,1.7361429929733276,0.9608038067817688,18.01206225680934,,14.8515538565,2.58420117
1984-09-22,0.0,10400,35.714149475097656,23.327407836914062,11.937148094177246,13.155059814453123,17.676279067993164,22.408754863813225,,25.04830915333333,15.37262125
1984-10-03,1.0,7160,5.6487956047058105,13.565881729125977,11.21109104156494,8.887441635131836,7.434636116027832,10.23657587548638,,15.379955369333336,5.72730668
1984-10-04,1.0,6790,22.51964569091797,15.866762161254885,16.721534729003906,10.12661361694336,10.064553260803224,12.73132295719844,,6.801296602166667,3.4489767
1984-10-09,5.0,10300,33.545875549316406,46.63787078857422,42.823974609375,46.30622100830078,45.54182052612305,52.77412451361869,,16.974070466483333,13.49137474945
1984-10-10,3.0,13300,49.12749481201172,47.18974685668945,48.71685028076172,54.78146362304688,51.72329711914063,60.01750972762649,,19.16444886333333,19.248072325
1984-10-12,1.0,17200,63.65967178344727,50.869720458984375,61.3232650756836,60.09090423583984,63.71598052978516,65.01439688715956,,18.591704129,8.385823188
1984-10-13,1.0,18300,60.8714599609375,42.84037780761719,67.8701171875,55.00261688232422,56.82786560058594,50.23579766536967,,16.509791091833332,0.8814478629999999
1984-10-21,0.0,11000,0.0356805585324764,0.0868475884199142,0.0010479934280738,0.015402952209115,5.916673217143398e-06,0.2920233463035019,,16.928594230933335,11.77722012
1984-10-24,2.0,11400,43.82263946533203,53.56842803955078,37.13991928100586,31.38133811950684,33.42864227294922,65.17587548638133,,11.94494163325,3.9590377497499993
1984-10-25,2.0,13600,59.4593391418457,53.01307678222656,48.12055206298828,51.96577453613281,43.999210357666016,66.91556420233462,,15.157977116666668,6.6137131
1984-10-27,0.0,15800,38.677833557128906,39.26061630249024,32.59170150756836,41.80695343017578,32.447174072265625,34.26731517509728,,20.11345839333333,11.22768723
1984-11-01,2.0,12500,87.27267456054688,103.07403564453124,118.45458221435548,82.72239685058594,92.54705047607422,121.89260700389114,,33.25366584,16.43714721
1984-11-02,2.0,16800,129.51742553710938,116.20462036132812,171.6400146484375,122.39486694335938,114.93397521972656,156.20739299610904,,32.441053649333334,18.23519216
1984-11-03,2.0,27400,140.1144256591797,81.45547485351562,181.8483428955078,129.3109893798828,108.57955932617188,98.50933852140082,,36.58137001433333,21.88917971
1984-11-12,0.0,18900,39.6782455444336,26.606651306152344,48.28417205810547,39.525489807128906,30.215545654296875,35.64610894941636,,46.397170845,38.695989
1984-11-17,1.0,14300,9.7490816116333,22.168628692626957,13.642062187194824,10.32730197906494,13.67822551727295,27.254085603112834,,48.9846037,52.20265435
1984-11-18,1.0,12200,25.07128524780273,38.302711486816406,28.500221252441406,27.49591064453125,41.97119903564453,41.23715953307392,,52.48681893333333,54.962451
1984-11-19,0.0,15200,39.134857177734375,30.28897476196289,35.41982650756836,36.97589111328125,50.209503173828125,38.14922178988327,,44.56008843166666,38.52352895
1984-11-22,3.0,13300,16.48124885559082,27.774490356445312,34.5212287902832,28.059764862060547,32.238372802734375,41.01750972762648,,29.021027995083333,20.6047694
1984-11-23,3.0,14000,29.781147003173828,34.560359954833984,40.16716003417969,31.17108917236328,37.203834533691406,44.310700389105065,,27.063063145083333,23.782458400000003
1984-11-27,1.0,13800,55.466896057128906,60.84959411621094,86.85877990722656,55.64645385742188,52.0283203125,65.14299610894943,,57.37701994666666,49.6667975
1984-11-29,0.0,17200,58.42430114746094,42.95499420166016,56.05904769897461,45.70819091796875,49.59154510498047,37.61984435797663,,67.60332266833333,57.73219785
1984-11-30,0.0,16100,37.64934158325195,25.51350212097168,23.253028869628903,25.173660278320312,29.8902587890625,20.594552529182877,,54.46094624999999,53.13570985
1984-12-05,0.0,11700,10.097264289855955,16.06182098388672,0.0,0.0,0.0,1.471984435797666,,32.983129157,33.49655365
1984-12-06,0.0,11200,37.8973503112793,33.45921325683594,31.360414505004883,22.659473419189453,24.98674201965332,52.77957198443583,,42.19451401,23.923859925
1984-12-07,2.0,11000,62.49910354614258,46.29224395751953,66.80750274658203,58.050106048583984,53.48719024658203,67.43190661478603,,39.156936655,17.833649574999995
1984-12-08,2.0,22700,60.426002502441406,35.38571548461914,66.9266357421875,58.11118316650391,53.630130767822266,72.36906614785995,,45.83360019166666,24.668380575
1984-12-10,0.0,17600,20.25389862060547,21.39093780517578,17.864776611328125,13.360719680786133,17.8126163482666,18.80311284046692,,38.78146248198333,30.00371855
1984-12-12,0.0,15600,24.71348571777344,43.35643768310547,31.15241241455078,18.419458389282227,27.43946075439453,34.29747081712061,,47.014706215,34.9781321
1984-12-14,1.0,14700,60.79448318481445,49.50387191772461,60.02190399169922,66.78958129882812,79.40031433105469,67.9295719844358,,40.379710933333335,27.2927493
1984-12-28,0.0,11100,34.162288665771484,46.86347961425781,23.423046112060547,23.45894241333008,22.91376495361328,58.80466926070039,,24.282068554,16.214163810000002
1985-01-05,0.0,11600,0.0,0.0,3.9560635089874263,0.0534841641783714,1.1681723594665527,0.5484435797665372,,25.023171846666663,15.444766015
1985-01-19,0.0,14900,17.693740844726562,15.355013847351074,42.62734603881836,9.37177562713623,19.86139869689941,14.849610894941634,,25.81416627333333,19.7142779
1985-01-22,0.0,15900,1.35043466091156,0.013175081461668,0.0040530916303396,0.0005224705091677,0.0302594248205423,0.3591439688715953,,20.22999345883333,10.3594855765
1985-01-23,0.0,15900,0.2961508333683014,0.0,0.0,1.0554477739788126e-05,0.001138181076385,0.3591439688715953,,10.757420081666666,0.751844095
1985-02-05,0.0,10800,6.535454750061035,33.50059509277344,9.646150588989258,9.511818885803224,15.986335754394531,17.552140077821004,,23.295927916666663,14.66263025
1985-02-11,1.0,9570,70.29800415039062,52.155906677246094,69.644287109375,75.8409652709961,83.18390655517578,63.095330739299634,,38.04620476666666,34.9657915
1985-02-14,1.0,9520,15.337389945983888,18.1104679107666,29.93425750732422,14.41321086883545,19.503734588623047,15.571984435797658,,8.457064908333333,5.916484975
1985-02-22,0.0,11300,17.66018295288086,28.85485076904297,29.64975929260254,16.518245697021484,23.282426834106445,17.98774319066147,,31.462731833666663,14.3329974
1985-03-07,0.0,11500,4.754382610321045,0.0,0.5698749423027039,2.6638073921203613,2.500708818435669,1.1068093385214008,,16.374690813500003,14.332290150000002
1985-03-11,0.0,8510,0.3650535345077514,0.0,0.0485277958214283,0.0068572373129427,0.0308358334004879,0.0,,16.7245228425,10.143971815
1985-03-12,0.0,8930,0.3401368856430053,0.0,0.0499980449676513,0.0068828966468572,0.0352938920259475,0.0,,22.622462501666668,14.3016279
1985-03-18,0.0,8030,1.3239285945892334,5.166050910949707,1.7210878133773804,0.0791426673531532,1.9443477392196653,3.4429961089494165,,10.291663127166666,5.365119095000001
1985-03-23,1.0,9910,40.63263702392578,45.438232421875,60.44501876831055,55.099517822265625,62.4700927734375,51.377626459143976,,14.376609721666668,14.38313575
1985-03-26,0.0,10800,19.58655166625977,10.133609771728516,11.139056205749512,12.635798454284668,12.107294082641602,7.994357976653699,,16.309451306666666,16.5442682
1985-03-31,0.0,12600,53.65008544921875,36.59785842895508,83.1317367553711,51.25444793701172,58.06816864013672,46.169649805447456,,10.375811458833333,5.765113575
1985-04-01,0.0,12000,37.158966064453125,34.32427215576172,64.99394226074219,15.053654670715332,22.693603515625,18.84163424124515,,10.483648583833332,4.452259415
1985-04-04,0.0,16300,28.281980514526367,14.262534141540527,10.344841957092283,17.125137329101562,15.69162368774414,19.84708171206226,,14.482187878333336,9.88354834
1985-04-08,0.0,12900,0.6114246249198914,0.0019901450723409,0.0014935219660401,0.0001402866764692,0.0660186260938644,0.4169260700389106,,21.03687507798333,15.9607079
1985-04-13,0.0,23600,16.610219955444336,2.220816373825073,6.011768817901611,2.0557284355163574,7.376687049865723,0.2536964980544745,,9.8568171739,7.358589965
1985-04-19,0.0,14900,18.14191436767578,12.554204940795898,15.891263008117676,20.620994567871094,20.502660751342773,10.98424124513619,,4.668412491833333,1.43572052
1985-04-23,0.0,11500,44.27856063842773,44.25091552734375,50.118614196777344,48.95153427124024,48.03701019287109,66.44357976653694,,18.07927365666667,16.034875900000003
1985-04-25,0.0,12600,30.343849182128903,50.63667678833008,33.56495666503906,33.215309143066406,36.14297866821289,69.63171206225684,,10.207091521488334,8.06005083
1985-04-26,2.0,11300,65.54413604736328,61.11432647705078,53.91407012939453,64.88714599609375,67.12045288085938,87.27392996108955,,7.783425665821667,3.97541815
1985-04-27,2.0,18100,76.89517211914062,58.63148880004883,52.40003204345703,61.22449493408203,67.31969451904297,87.69669260700394,,5.968508009155,3.11431615
1985-04-30,0.0,14200,1.526107668876648,0.3924018144607544,0.9199405908584596,1.8818609714508057,0.6169977784156799,0.2194552529182878,,1.6008194615,0.316490047
1985-05-08,0.0,13900,0.9684109091758728,2.9219157695770264,0.562933087348938,1.1325501203536987,1.736461520195007,4.756809338521397,,4.791117047,3.314330955
1985-05-24,0.0,32200,6.277772903442383,6.520040512084961,3.506647825241089,2.930973529815674,4.770715713500977,5.38715953307393,,21.393795059666665,17.40584435
1985-05-29,0.0,21400,10.409246444702148,10.70989990234375,22.257902145385746,7.799979209899902,28.894699096679688,11.770817120622564,,13.1451638175,9.070084435
1985-06-02,0.0,21500,3.5880439281463623,14.058720588684082,0.211656168103218,0.5989235043525696,2.0743558406829834,6.191245136186772,,21.074637022833333,12.32190648
1985-06-05,0.0,26200,27.770233154296875,49.265533447265625,26.45839500427246,17.322566986083984,10.320751190185549,52.74766536964982,,10.613721607716666,6.723339275000001
1985-06-08,0.0,41500,61.02467346191406,19.654340744018555,47.471656799316406,56.185245513916016,51.04492568969727,34.87645914396889,,13.281804273,7.12318817
1985-06-26,0.0,19300,0.0001726190384943,0.0,0.0058198762126266,0.0050010257400572,0.112152561545372,0.0,,6.250333229333334,1.8060291235
1985-06-27,0.0,18500,0.0,0.0,0.0005969962803646,0.0022968181874603,0.0387022048234939,0.0,,11.28763628116667,3.09326893
1985-07-01,0.0,16600,0.0,0.0,0.0133343543857336,0.0001048364065354,0.0043909498490393,0.0,,10.760694379333334,3.68648159
1985-07-10,0.0,22100,0.0,0.0,0.0446563139557838,0.0130605641752481,0.0889276191592216,0.0,,1.085587345,0.63064741
1985-07-14,0.0,17100,0.08342856913805,0.0,0.0009997186716645,8.349103154614568e-06,0.0095957154408097,0.4832684824902726,,2.4816560460833337,0.00298229025
1985-07-18,0.0,15700,4.634437084197998,0.0,0.2471490651369094,0.1251776218414306,0.2598870694637298,0.0,,3.047961551233333,0.3700623037
1985-07-26,0.0,11900,0.0,0.0,0.0042719086632132,9.072241624608068e-08,0.0006091059185564,0.0,,4.42266757325,2.7944980800000003
1985-07-27,0.0,11500,0.0,0.0,0.0,0.0,0.0,0.0,,6.20832289325,2.46982485
1985-08-02,0.0,13100,8.254460334777832,5.7867512702941895,8.311038970947266,14.170729637145996,24.243209838867188,4.982101167315174,,5.2425842346666665,0.51579109
1985-08-04,0.0,10800,0.1643610894680023,0.1731789410114288,0.7465919852256775,0.0409894734621048,0.3740508258342743,0.0,,10.820342786923334,0.5158595057700001
1985-08-12,0.0,8920,0.0641865134239196,0.0,0.0,7.71100603742525e-05,0.0031383282039314,0.0023346303501945,,5.6956406405,1.2609386415
1985-08-21,0.0,7220,0.7293254137039185,0.4056489765644073,0.8800468444824219,0.6531205773353577,0.4473007023334503,1.4857976653696494,,8.009652204083332,0.39770891225
1985-08-22,0.0,7460,0.1948433369398117,0.0,0.4162540137767792,0.4829038083553314,0.1182854101061821,0.2459143968871593,,12.083944256883331,3.4537499790000004
1985-08-25,0.0,6580,0.0,0.0,1.6803224086761477,0.0,0.0012655452592298,0.0346303501945525,,18.04554352726,2.97493495578
1985-08-26,0.0,6530,0.1366805732250213,0.0166080873459577,0.2671696543693542,0.0554147511720657,0.0001694037055131,0.1445525291828791,,18.279380692176662,1.5163074765299998
1985-08-29,0.0,7810,1.583166480064392,7.586687088012695,4.166946887969971,5.285286903381348,6.075632572174072,8.815953307392999,,23.18813241266667,6.493690485000001
1985-08-30,0.0,8090,7.85839319229126,7.63980770111084,10.56222152709961,10.329815864562988,9.13047981262207,8.82003891050584,,13.853250829333334,0.602798585
1985-09-04,2.0,6440,8.778375625610352,45.179080963134766,18.734590530395508,12.954736709594728,23.30301284790039,40.548638132295714,,4.623455323166667,0.2306803895
1985-09-05,2.0,5860,52.53713607788086,59.26585388183594,38.29100036621094,46.91544342041016,53.497291564941406,74.89105058365756,,4.419129849333334,2.30886813
1985-09-06,2.0,16400,66.21036529541016,58.90280532836914,44.83111572265625,55.01800537109375,57.90222930908203,75.29319066147858,,4.978574356,2.16474365
1985-09-12,1.0,8850,9.11007595062256,16.012224197387695,12.642122268676758,13.652549743652344,10.95567512512207,11.661673151750971,,5.216547319083334,2.58376154725
1985-09-13,1.0,8210,11.202415466308594,11.51580047607422,6.940539360046387,10.307140350341797,13.810976028442385,11.243385214007782,,4.681807077416667,0.49477919725
1985-09-22,0.0,6400,0.0179345216602087,0.0242339987307786,2.636414766311645,0.6195583939552307,3.1237261295318604,0.706614785992218,,8.372665036566667,4.35926901
1985-09-24,0.0,6400,0.9360040426254272,0.0242339987307786,0.0001721907465253,4.162519644523855e-07,0.0006437496049329,0.3359922178988327,,9.144453467916666,4.12476095085
1985-09-25,0.0,5900,0.9360040426254272,0.0,0.0001458283659303,9.769694770511704e-06,0.0002432064065942,0.0,,11.621790820283334,1.00077029085
1985-10-01,1.0,5760,1.5746636390686035,7.38425350189209,0.423926442861557,1.0665102005004885,6.109700202941895,6.633073929961088,,16.766634611666667,9.0191506
1985-10-02,1.0,6060,5.96948766708374,6.634665489196777,0.5587566494941711,1.423960566520691,6.465365409851074,6.260894941634239,,14.789483615333332,9.024829511
1985-10-03,1.0,5850,5.610053062438965,4.195037364959717,0.5519662499427795,0.722931981086731,5.608283996582031,3.7175097276264575,,7.474543582000001,5.605652411
1985-10-10,1.0,5440,28.77767372131348,33.465660095214844,43.13752746582031,34.59160614013672,44.20251083374024,38.74105058365759,,17.580832617916663,0.97382335375
1985-10-11,1.0,6020,40.37109375,37.71492385864258,50.71604537963867,40.31841278076172,52.12598037719727,41.26342412451362,,18.51135354308333,1.79801598575
1985-10-14,2.0,9670,43.075233459472656,44.07257080078125,36.7260971069336,33.19693756103516,66.06011199951172,37.770622568093394,,19.824324002116665,7.20254497
1985-10-15,2.0,18700,58.17706680297852,37.62383270263672,52.59837341308594,46.75666809082031,73.12083435058594,52.61712062256808,,23.47556444545,14.08563492
1985-10-16,1.0,20900,43.83427047729492,28.82089233398437,31.344003677368164,30.94900131225586,45.44671630859375,26.688715953307373,,24.22401647883333,19.53252105
1985-10-17,0.0,17200,31.55184364318848,22.586700439453125,21.140380859375,22.56103134155273,28.09654235839844,28.567315175097256,,27.165237382166666,25.0943595
1985-10-18,2.0,14600,21.220430374145508,38.384422302246094,32.08353805541992,31.4285831451416,34.408451080322266,33.970428015564224,,28.291634145000003,28.060864
1985-10-19,2.0,13600,45.116943359375,39.16005706787109,40.446250915527344,44.13032531738281,43.78996276855469,37.13852140077823,,28.042615732833333,25.89759075
1985-10-20,1.0,17300,40.65837860107422,43.90597152709961,50.15781784057617,53.24610900878906,54.26526641845703,41.57801556420235,,30.530044596166668,25.76366525
1985-10-21,1.0,17400,53.764678955078125,49.28710174560547,60.38097381591797,62.26549911499024,61.67240524291992,54.332879377431865,,49.20835623333333,29.25790725
1985-10-24,1.0,19000,120.25133514404295,84.070556640625,85.86788940429688,76.06217956542969,83.29788970947266,138.79260700389108,,35.771703595,31.0330115
1985-10-25,1.0,40000,100.92935943603516,111.67243194580078,86.36674499511719,100.89411926269533,107.06781005859376,151.69883268482488,,28.957602797666667,22.6415208
1985-10-26,2.0,32400,136.12725830078125,93.18383026123048,87.01214599609375,108.57814025878906,119.82538604736328,119.56070038910504,,26.816886347666667,21.2815483
1985-10-27,2.0,51700,101.93760681152344,80.71092987060547,85.61775207519531,102.40579986572266,107.62818908691406,78.90097276264588,,30.531345964333333,26.84122205
1985-10-31,3.0,23300,60.12301635742188,77.63963317871094,83.68878173828125,93.61984252929688,94.61248779296876,119.23677042801556,,28.41633446233333,13.73455425
1985-11-01,3.0,26500,118.453857421875,99.18115997314452,98.89720916748048,93.25949096679688,93.80564880371094,137.5721789883268,,33.643584458333336,19.9342134
1985-11-02,3.0,50900,153.05023193359375,90.51106262207033,112.04624938964844,102.42854309082033,96.79867553710938,140.14922178988323,,36.25068422333334,20.46754295
1985-11-03,3.0,56200,124.83011627197266,54.55311584472656,61.33941268920898,40.830055236816406,43.42905807495117,72.89202334630349,,34.088017006666675,18.788779925
1985-11-05,1.0,35000,51.54865646362305,43.074005126953125,35.85381317138672,30.397703170776367,48.23306274414063,66.86848249027236,,27.000100940183337,6.755253124
1985-11-06,1.0,33100,59.32662582397461,41.1196174621582,41.05304718017578,36.8166618347168,56.96710586547852,53.09007782101165,,32.859638048099995,13.797922599
1985-11-08,0.0,29000,36.78747177124024,15.512462615966797,15.463184356689451,20.777273178100582,27.02883529663086,18.62879377431906,,29.89540290375,22.89012795
1985-11-12,0.0,19600,0.7114900946617126,0.0,2.223346928076353e-05,3.537303143730242e-07,0.0,0.1957198443579766,,37.30723776633333,14.22045665
1985-11-16,0.0,19100,44.08218383789063,31.991697311401367,41.702484130859375,32.151878356933594,28.74648666381836,50.51887159533072,,30.317061606,11.686534425
1985-11-24,0.0,14300,0.4096310436725616,4.852208137512207,0.1722842007875442,0.3096906244754791,0.5642852783203125,11.309727626459152,,38.749049211666666,34.6908955
1985-12-04,1.0,9340,37.03053665161133,24.675254821777344,53.86203002929688,38.996395111083984,51.36011505126953,25.5070038910506,,23.8907049405,17.7665979
1985-12-05,1.0,8630,19.898193359375,19.22469711303711,43.90637969970703,26.27214813232422,35.79522705078125,19.57859922178989,,21.138152473833333,14.7482727
1986-01-02,0.0,9360,38.16766357421875,18.089614868164062,44.188514709472656,36.55736541748047,48.961708068847656,29.6081712062257,,29.5670801135,16.477456414
1986-01-07,3.0,12700,40.8519287109375,19.07000732421875,62.31897735595703,48.94234085083008,51.25912094116211,20.824513618677027,,28.03384667628333,12.3279646
1986-01-08,3.0,12900,14.539044380187988,24.685874938964844,42.54117965698242,17.821516036987305,30.50731658935547,22.967704280155623,,31.32464886,19.91765565
1986-01-09,2.0,12800,21.09678268432617,25.825664520263672,71.9521484375,27.299224853515625,43.45960998535156,34.0178988326848,,28.416378826666666,19.40539575
1986-01-10,2.0,12200,23.84874725341797,20.228702545166016,64.32652282714844,27.408966064453125,34.66305923461914,21.99922178988326,,25.6926326,20.2728094
1986-01-11,2.0,16100,20.780193328857425,12.105304718017578,54.52001953125,23.996746063232425,28.91312789916992,13.791439688715949,,33.48342925,22.21199945
1986-01-13,1.0,13700,4.405467033386231,7.648301124572754,5.703860282897949,3.3686411380767822,2.677581787109375,4.426653696498055,,42.174685804,30.35919295
1986-01-14,1.0,13600,7.511751174926758,16.869712829589844,11.890510559082031,6.539050102233887,11.565482139587402,16.17548638132296,,41.68105022066666,36.43837325
1986-01-18,4.0,25100,174.9274444580078,114.69361877441406,140.60385131835938,139.8868408203125,143.99261474609375,153.2970817120622,,15.976198195000002,16.24617343
1986-01-19,4.0,63400,134.7979736328125,66.94517517089844,98.393310546875,104.44550323486328,107.6645278930664,110.11848249027234,,29.934629685,26.3452499
1986-01-27,1.0,20200,16.404569625854492,21.32876205444336,19.025495529174805,14.442630767822266,11.79989242553711,15.9544747081712,,11.739869975666666,6.76666991
1986-02-17,0.0,15400,48.72319412231445,26.265575408935547,33.48335647583008,42.15703582763672,45.67219924926758,14.233073929961105,,43.8927961275,25.36712165
1986-02-23,4.0,15800,134.4588165283203,125.8091278076172,163.2085723876953,133.6313018798828,129.57044982910156,172.68521400778224,,17.095083618616666,5.66483229
1986-02-24,4.0,43600,159.64395141601562,114.78388214111328,200.78399658203125,144.92626953125,144.03305053710938,161.21789883268497,,12.656860556666668,5.26551312
1986-02-25,4.0,60900,143.19085693359375,48.74531173706055,174.29336547851562,104.47400665283205,102.52530670166016,69.97392996108954,,12.671503858833333,8.67695713
1986-03-01,0.0,25700,0.87157142162323,0.0,11.059070587158203,0.036548912525177,0.532677948474884,0.1832684824902723,,19.69179966833333,13.96995515
1986-03-06,2.0,18700,10.725711822509766,28.77768325805664,45.77994537353516,39.820068359375,45.91826248168945,40.13949416342412,,24.4702283,11.5754496
1986-03-07,2.0,19600,33.743385314941406,34.947303771972656,62.919166564941406,59.25397109985352,52.62146759033203,43.53599221789882,,20.77581762,7.19754771
1986-03-25,2.0,16200,39.65062713623047,27.387901306152344,65.65446472167969,38.32844543457031,38.71503448486328,26.150389105058355,,12.149991192233331,6.1369240537
1986-03-26,2.0,16700,26.025352478027344,30.38123321533203,44.506309509277344,14.085511207580566,16.68415069580078,26.955447470817116,,15.989560644166666,7.9683120095
1986-03-27,2.0,16800,33.82048034667969,22.98932456970215,39.651153564453125,13.825983047485352,19.569536209106445,21.40700389105059,,15.679422572466668,7.2261403095
1986-03-28,2.0,17900,22.32227325439453,30.433483123779297,16.183265686035156,7.747044086456299,9.909815788269045,26.300583657587552,,13.632775973466666,6.122435444500001
1986-04-08,0.0,12800,0.8545283079147339,1.7354419231414795,1.7413562536239624,0.4404443502426147,1.265162229537964,0.976264591439689,,8.1681063231,3.985776348
1986-04-10,0.0,11600,3.587965488433838,12.772107124328612,8.952707290649414,8.959222793579102,10.289856910705566,14.92276264591439,,16.91734401345,9.213893775
1986-04-19,2.0,10800,8.00980281829834,11.591560363769531,19.775001525878903,14.668359756469728,26.102481842041016,12.308171206225692,,22.353626195,16.9432869
1986-04-20,2.0,10000,12.21259880065918,23.53720092773437,27.79310607910156,21.16275405883789,38.53620147705078,22.38210116731518,,17.51161248333333,14.55787895
1986-04-21,2.0,11000,27.148468017578125,22.175067901611328,32.57197570800781,24.31964492797852,34.85197448730469,23.757976653696492,,12.342175646166666,8.9197401185
1986-04-22,2.0,15900,25.74922561645508,17.765979766845703,18.93663024902344,14.87291145324707,19.216949462890625,17.275291828793765,,5.976773627833333,3.6131089635
1986-04-26,0.0,11700,27.313426971435547,28.541980743408203,44.94721221923828,44.13542175292969,36.722564697265625,36.96303501945525,,4.179460258,1.424351419
1986-05-01,1.0,12900,6.714941024780273,11.111210823059082,15.146013259887695,19.709455490112305,13.43669891357422,9.246887159533074,,9.61978628985,1.2951470325
1986-05-02,1.0,12600,12.539886474609377,14.45362663269043,17.045650482177734,27.770700454711918,16.18560791015625,13.499221789883263,,7.985279183183334,1.6347070875000005
1986-05-07,0.0,11800,2.843222141265869,0.8367317318916321,1.3874508142471311,3.0340070724487305,6.257108688354492,2.658754863813229,,12.141134886666665,5.765627194
1986-05-08,0.0,11700,2.274900436401367,4.668929100036621,2.492961406707764,3.767677307128906,4.029984474182129,3.9531128404669262,,11.5399314425,5.368332034
1986-05-12,1.0,11500,53.90642547607422,52.04645538330078,49.271915435791016,64.33343505859375,46.96474456787109,75.87626459143962,,8.827057933833334,5.122408500000001
1986-05-13,1.0,20000,65.59808349609375,47.949974060058594,51.99546051025391,62.40806198120117,47.54628372192383,67.04182879377426,,9.4009880355,6.2159431000000005
1986-05-17,1.0,12600,14.234102249145508,20.30088233947754,24.905548095703125,9.365989685058594,16.22871208190918,22.960700389105057,,6.898058384116666,3.61501180745
1986-05-18,1.0,13100,20.351104736328125,34.18365478515625,30.477685928344727,13.003931045532228,25.51249885559082,28.29007782101167,,8.311388382483333,3.76172730745
1986-05-19,1.0,19200,34.713470458984375,26.58327293395996,36.578834533691406,23.71324157714844,31.77651596069336,37.07762645914397,,15.92868828,9.10931045
1986-05-21,0.0,26600,19.960079193115234,7.033293724060059,26.03403091430664,15.776002883911133,11.969622611999512,15.928015564202337,,18.106845252166668,8.009145479999999
1986-05-23,4.0,18700,3.681856632232666,1.384969711303711,6.368232727050781,5.26480770111084,4.424065589904785,1.3169260700389116,,8.828701209833334,2.28421968
1986-05-24,4.0,16800,1.0453691482543943,1.4843976497650146,3.3202083110809326,2.590491533279419,3.134262561798096,1.8546692607003887,,9.111395796216666,5.6459116
1986-05-25,4.0,14600,1.1479980945587158,1.4900131225585938,3.726181983947754,3.2387337684631348,3.858036756515503,2.548249027237354,,10.855781930383332,10.583195255
1986-05-26,4.0,21900,1.11767315864563,1.044399976730347,1.2857661247253418,0.6792006492614746,1.3200080394744873,1.6803501945525283,,10.421128220383332,11.14844977
1986-05-29,0.0,28000,0.0532837286591529,0.0,4.375606474371629e-11,3.988652679254301e-05,0.00880369823426,0.0966926070038909,,3.755375211733333,2.5233743775
1986-06-03,0.0,30700,0.1601547449827194,0.0419389158487319,1.1913022994995115,1.5502686500549316,0.1191383451223373,0.0,,10.808938338833334,4.1345850845
1986-06-05,0.0,25100,0.1509821116924286,1.5274454355239868,0.5682275295257568,3.079217433929444,1.687855243682861,0.2702334630350192,,7.951023968099999,2.8684899685
1986-06-06,0.0,23200,0.8954601287841797,1.6546937227249146,0.9130185842514038,1.766119122505188,3.489717483520508,0.7052529182879376,,6.872940068266666,2.536311512
1986-06-15,1.0,21300,7.152515888214111,10.706947326660156,36.99742889404297,3.655568599700928,5.313235759735107,7.605836575875488,,8.841398424916665,6.625190099999999
1986-06-16,1.0,19700,8.164413452148438,15.328668594360352,36.17377853393555,4.935883522033691,5.414665699005127,14.291828793774332,,6.189045016750001,2.8659786725
1986-06-17,1.0,19200,12.486804008483888,26.421649932861328,30.02715110778809,12.044353485107422,9.904261589050291,21.11517509727628,,9.805164370083332,4.8216340925
1986-06-18,1.0,18400,25.525665283203125,29.01134490966797,19.88509750366211,20.36680221557617,17.574996948242188,22.47315175097277,,8.843287422500001,4.0098120575000005
1986-06-28,0.0,17400,10.973974227905272,15.221266746520996,14.661029815673828,7.710342407226562,1.661945939064026,9.652723735408555,,2.099744092666667,0.1599471
1986-06-29,0.0,18300,11.248039245605469,14.4952974319458,14.298051834106444,7.711312294006348,1.6497688293457031,13.785797665369646,,0.7378099069383334,0.067140309
1986-06-30,2.0,16800,11.675457000732422,17.548049926757812,11.760147094726562,5.604237079620361,5.072739124298096,17.29377431906614,,2.936720047605,0.208189699
1986-07-01,2.0,15500,24.18498992919922,20.486083984375,2.968799591064453,7.614266395568848,10.078805923461914,18.863035019455246,,5.614535212154999,0.6258814939999999
1986-07-02,2.0,18200,27.210886001586918,27.41889190673828,7.51089334487915,10.73861598968506,14.455326080322266,19.591828793774315,,7.34929342055,0.7158997999999999
1986-07-07,0.0,13500,0.9687107801437378,2.4393739700317383,0.1194817945361137,0.1575367599725723,0.930475890636444,1.046692607003891,,7.566909921166667,5.509843241
1986-07-10,1.0,11500,12.131353378295898,15.726633071899414,21.781776428222656,22.8420524597168,24.27092742919922,16.74241245136186,,5.7103759415,1.5134421625000003
1986-07-21,0.0,13600,0.0091686500236392,1.476891279220581,0.5281795859336853,0.0074321879073977,0.493339866399765,3.9496108949416326,,7.078012901666667,3.4116310285
1986-07-28,0.0,11200,0.399601399898529,0.0093652969226241,0.22623872756958,0.6779036521911621,1.2076594829559326,0.0,,4.32256641095,0.36208793935
1986-07-31,0.0,7090,0.0,0.0,8.270535909105092e-05,1.5287250789697282e-06,0.0053891548886895,0.0,,5.716857007200001,2.2121229616
1986-08-07,0.0,11200,0.0,0.0,1.0135142929357244e-06,0.0001007919636322,0.0,0.0,,5.168504301666667,0.7673093549999999
1986-08-08,0.0,11700,0.0,0.0,0.0,0.0002032961201621,0.0018529307562857,0.0023346303501945,,3.3741656669,0.0310551507
1986-08-09,0.0,11500,0.0,0.0,2.8130123615264893,0.0002729150583036,0.0443445891141891,0.0023346303501945,,1.2519279304833333,0.0321731714499999
1986-08-22,0.0,7370,0.0,0.0,0.0136115318164229,0.0,0.0,0.1842412451361867,,9.137252464366668,4.51805541
1986-08-27,0.0,8150,0.0264662709087133,1.105576753616333,0.0370409898459911,0.0083674918860197,0.3581622838973999,0.0544747081712062,,2.14041481965,0.20501748475
1986-09-01,2.0,7220,0.7219723463058472,0.5432698726654053,0.2596686482429504,0.2763390839099884,1.146354913711548,0.4350194552529179,,0.8982343160066668,0.23975138202
1986-09-02,2.0,7540,0.2963928580284118,0.5078248977661133,0.0132400020956993,0.2048799991607666,0.2630723416805267,0.7153696498054476,,2.5265518755,0.7541679465
1986-09-03,2.0,7400,0.2687261998653412,0.1284992098808288,0.0024347687140107,0.0654571503400802,0.2079240828752517,4.011478599221788,,4.720711422166667,0.9940252165
1986-09-14,0.0,4600,3.9784865379333496,10.842283248901367,13.374664306640623,13.610490798950195,12.92090892791748,12.69863813229572,,13.26900589625,12.047115265
1986-09-23,1.0,6000,45.37836456298828,36.75474166870117,37.52962493896485,42.24882125854492,44.41660690307617,53.337937743190615,,9.892997539416664,4.794076918250001
1986-09-28,0.0,7630,33.8276252746582,26.886533737182617,34.45168685913086,28.68313789367676,39.98722076416016,23.876070038910523,,4.618538112833333,0.1694772385
1986-09-30,0.0,10500,23.27840614318848,8.445784568786621,21.763078689575195,16.3258113861084,20.692420959472656,13.72140077821013,,7.862597398833333,1.7942329795
1986-10-02,1.0,8830,0.9241708517074584,0.3658345639705658,0.376830518245697,0.4117599725723266,0.9660728573799132,0.9472762645914392,,7.144055394,2.28972154
1986-10-03,1.0,8120,0.0357499979436397,0.4402062892913818,0.6119641065597534,0.1975801885128021,2.182224988937378,0.0943579766536964,,15.841882272666666,1.186595175
1986-10-04,1.0,7460,0.0467341244220733,0.1086065918207168,0.5821378827095032,0.193498894572258,2.306441068649292,0.0943579766536964,,18.065430086,1.412152115
1986-10-05,1.0,5700,0.0425912663340568,0.0743717402219772,0.3108079433441162,0.121949091553688,2.1161909103393555,0.0943579766536964,,22.808685251,3.903392785
1986-10-16,0.0,5590,0.2024901062250137,0.0,0.0085560735315084,0.0004086098051629,0.0038703314494341,0.0,,20.118376917,8.67276108
1986-10-20,0.0,5230,0.0,0.0,2.18957538891118e-05,0.000392984424252,0.007383385207504,0.0,,27.69557184675,23.3815027
1986-10-22,0.0,5270,0.2724563181400299,0.0,2.124689672200475e-05,3.906602614733856e-07,1.3234664493211312e-06,0.0,,18.574784947416667,10.5747714
1986-10-24,3.0,3800,9.372708320617676,34.345794677734375,15.311619758605955,11.878835678100586,40.7197380065918,37.92548638132296,,21.304211384,2.200166503
1986-10-25,3.0,4100,37.08341979980469,75.59358978271484,73.68063354492188,67.70758056640625,108.90782928466795,98.3622568093385,,20.16777983116667,2.114112388
1986-10-26,3.0,6190,92.1774444580078,84.52303314208984,100.55049896240234,82.56494903564453,130.3400421142578,112.86264591439688,,18.122172191166666,8.266056898
1986-10-27,3.0,18500,102.55994415283205,61.76715469360352,88.17903137207031,74.25655364990234,92.0363311767578,78.65544747081711,,18.2240795035,11.561626235
1986-10-29,2.0,13700,41.79210662841797,25.23542594909668,17.683292388916016,29.70456314086914,20.564977645874023,27.28832684824904,,21.94492235666667,19.3498835
1986-10-30,2.0,12700,29.61803436279297,23.466562271118164,14.937731742858888,27.73454093933105,18.22178077697754,26.26906614785993,,25.667821212,23.76800955
1986-11-05,0.0,11000,29.95771026611328,39.35327911376953,15.883326530456545,18.46212577819824,14.685989379882812,46.77431906614787,,23.024556661833333,4.86600266
1986-11-09,0.0,10600,4.994876861572266,8.33991813659668,1.52387797832489,2.927199125289917,5.763280868530273,1.4579766536964984,,16.682098761333332,10.270964718
1986-11-10,1.0,10400,9.146888732910156,11.970745086669922,5.887895107269287,9.341072082519531,11.824874877929688,11.593385214007784,,20.511796423,10.427834418
1986-11-11,1.0,10600,12.209051132202148,13.49702262878418,6.130280017852783,9.702166557312012,12.290413856506348,11.417509727626465,,33.44780302866666,28.888134045
1986-11-12,1.0,9890,12.45671558380127,18.027647018432617,22.662412643432617,12.436914443969728,17.780963897705078,25.36848249027237,,47.831230165,44.0164792
1986-11-18,2.0,11900,84.92035675048828,105.80866241455078,75.67420196533203,70.11940002441406,75.8393325805664,108.4258754863814,,34.63204151666666,38.0299645
1986-11-19,3.0,19900,139.74246215820312,117.34053802490234,139.36166381835938,135.2725830078125,138.49636840820312,180.5856031128405,,36.23271418693333,34.695854749999995
1986-11-20,3.0,30100,151.7171173095703,105.7876434326172,117.00611114501952,109.4900360107422,116.1291046142578,139.31245136186772,,30.3536154426,25.33710615
1986-11-23,3.0,31300,164.48980712890625,113.97856903076172,139.97454833984375,145.58563232421875,145.00442504882812,152.81731517509724,,31.399555153616667,16.051430165
1986-11-24,3.0,65100,142.02853393554688,97.64827728271484,110.66798400878906,123.79634857177734,135.12635803222656,134.50486381322952,,23.12767235695,6.1594999150000005
1986-11-25,1.0,49000,116.48831939697266,50.579566955566406,51.17964172363281,48.817081451416016,76.68079376220703,61.95330739299608,,23.49948324145,3.979063895
1986-11-26,1.0,33000,51.73483657836914,47.59388732910156,47.43489837646485,36.15010833740234,63.25933837890625,66.81653696498051,,30.059390522,13.674270135
1986-11-27,1.0,28500,51.86919021606445,31.073719024658203,48.86181640625,38.6615104675293,51.62780380249024,51.53715953307391,,30.950335180333333,20.037467885
1986-11-30,0.0,19100,13.445935249328612,11.830567359924316,17.753929138183594,17.47077751159668,20.76831817626953,14.483073929961082,,36.16762295,37.44373965
1986-12-08,0.0,13500,1.219038009643555,0.0098221627995371,0.0200008414685726,0.001672760467045,0.1542660444974899,0.7945525291828803,,76.59441,70.2195785
1986-12-10,0.0,12200,0.426666647195816,5.975516319274902,0.1914820373058319,0.0013313452946022,0.0654695481061935,7.585992217898831,,32.622592805,31.6327795
1986-12-13,0.0,10200,21.09085464477539,20.923622131347656,57.16422653198242,33.91943359375,29.702510833740234,28.83268482490271,,30.44927801122,26.15520405
1986-12-15,0.0,13200,29.953950881958008,13.80066204071045,62.016845703125,25.83369827270508,22.231693267822266,16.991634241245134,,37.48337676122,31.48575225
1986-12-19,0.0,12000,1.3511686325073242,11.83846378326416,1.2946089506149292,1.0549365282058716,5.542716979980469,7.984241245136183,,20.800168199,10.7787759
1986-12-21,2.0,10900,34.07554626464844,49.01017761230469,31.958526611328125,39.71833419799805,53.607513427734375,64.53891050583655,,39.7492687195,17.971193
1986-12-22,2.0,15300,66.00975036621094,49.82828903198242,58.94036865234375,63.35984802246094,80.31770324707031,68.01634241245137,,42.58033771666667,20.86259545
1986-12-26,0.0,14900,16.413305282592773,11.591015815734863,20.770233154296875,17.764997482299805,39.92402267456055,15.30603112840467,,17.32312613597667,6.113740100429999
1986-12-28,2.0,10700,45.86151885986328,56.899864196777344,47.7803840637207,65.18184661865234,72.3670654296875,84.70700389105056,,23.22563188364333,18.59034025093
1986-12-29,2.0,20700,78.25157165527344,56.2324104309082,63.20504760742188,70.03662109375,78.55587768554688,81.73774319066145,,29.890612233333336,26.0562233
1987-01-02,2.0,18500,72.93470001220703,64.61803436279297,72.85487365722656,78.34005737304688,91.11766052246094,77.91070038910505,,39.16044261333333,31.61516905
1987-01-03,2.0,20700,79.88264465332031,52.12739562988281,57.88241958618164,75.42723083496094,81.00338745117188,55.6842412451362,,29.598999334166667,21.99921348
1987-01-06,0.0,19300,3.058527946472168,0.0,0.4063082933425903,0.371924877166748,0.0293836221098899,0.0,,18.90046674333333,11.89739705
1987-01-10,3.0,16000,8.307596206665039,26.456003189086918,25.380321502685547,1.119422197341919,15.938183784484863,18.667898832684838,,14.463167171,3.22262972
1987-01-11,3.0,13200,33.0402717590332,45.11745071411133,66.30325317382812,34.422096252441406,56.07110595703125,52.82996108949418,,20.57123813333333,10.8901546
1987-01-12,3.0,22400,51.61770248413086,46.17003631591797,74.4998779296875,50.67969512939453,77.72833251953125,53.186575875486405,,24.72790871666667,16.49215775
1987-01-13,0.0,27000,50.55361175537109,25.72116470336914,59.39997863769531,55.05549621582031,70.36524963378906,38.78793774319068,,27.67807483975,16.981568850000002
1987-01-14,0.0,22000,24.46543884277344,6.413314342498779,18.47419548034668,21.705217361450195,29.65981674194336,4.544552529182884,,23.651154765750004,12.698396045
1987-01-19,0.0,17300,7.122019767761231,2.746423721313477,7.797010898590088,3.950473546981812,12.296625137329102,4.417315175097276,,25.867222911166664,8.628602275
1987-01-26,0.0,14100,53.45951461791992,46.09962463378906,46.04882049560547,39.709754943847656,31.099550247192383,56.45369649805447,,30.123186070333333,22.59508145
1987-01-27,1.0,15700,50.35997009277344,47.068206787109375,62.15284729003906,50.6333236694336,47.60253143310547,48.18112840466927,,30.904825917,22.25193035
1987-01-28,1.0,17300,50.18868637084961,33.596065521240234,67.3832778930664,50.9468994140625,57.96224212646485,27.87568093385214,,27.95337322545,12.56672826
1987-01-29,1.0,17800,32.47997283935547,35.00040817260742,63.68986511230469,50.26294708251953,66.84664154052734,25.503696498054477,,18.2872198471,7.26351373595
1987-01-30,1.0,18000,38.369510650634766,64.64930725097656,54.55178451538086,36.87606048583984,59.075965881347656,62.56770428015561,,14.517225994166669,1.78735881715
1987-02-01,1.0,22800,93.67169189453124,74.65052795410156,67.22807312011719,58.505802154541016,65.4864501953125,98.21945525291824,,34.477698634233334,17.8413097862
1987-02-03,2.0,21400,24.532365798950195,18.065479278564453,20.618247985839844,13.395471572875977,19.109277725219727,14.314396887159528,,39.7929120615,34.97408835
1987-02-04,2.0,18800,13.205416679382324,12.148504257202148,32.71855163574219,17.922557830810547,27.91957664489746,12.734435797665368,,31.713120597666663,25.2587621
1987-02-10,1.0,17100,4.487065315246582,9.694318771362305,19.911052703857425,7.712716102600098,14.529573440551758,8.486575875486382,,26.149752403,16.407977305
1987-02-11,1.0,17200,8.973983764648438,16.149394989013672,21.141345977783203,7.727936267852783,14.690546989440918,13.96128404669261,,34.113710136333324,25.865782405
1987-02-14,0.0,18800,19.71829032897949,26.559764862060547,39.41463851928711,17.126609802246094,21.005281448364254,28.738910505836596,,17.35064676416667,5.0329578525
1987-03-06,4.0,30900,32.47687530517578,17.812862396240234,42.51586151123047,28.444765090942383,24.291778564453125,20.868093385214017,,17.392458679666667,12.48753865
1987-03-07,0.0,27200,23.015810012817383,10.9179048538208,9.797064781188965,14.376946449279783,16.56117820739746,3.9348249027237374,,12.27667215,6.0919668
1987-03-08,0.0,24100,13.31077766418457,12.156780242919922,3.879318237304688,4.1882004737854,7.734023571014404,11.666731517509737,,11.07197874,6.6242162
1987-03-11,1.0,21800,23.862823486328125,22.85677528381348,42.42790985107422,43.87513732910156,50.84927368164063,30.503112840466933,,38.45583754166667,30.807054550000004
1987-03-12,1.0,20900,26.103504180908203,24.88348388671875,49.87581253051758,36.69915008544922,40.38822937011719,28.923929961089502,,27.70863341,23.00423205
1987-03-15,0.0,19000,10.37074851989746,14.7465238571167,9.820178985595703,14.252044677734377,15.846400260925291,9.72159533073931,,31.19447603809,17.59598515
1987-03-27,0.0,14900,10.553290367126465,2.500473499298096,7.635589122772217,8.326887130737305,8.67507266998291,1.9466926070038908,,5.759294185666667,1.739392887
1987-04-10,0.0,11800,36.40654373168945,33.87452697753906,51.99301910400391,35.77534484863281,32.990238189697266,33.90019455252917,,9.325940196893336,1.56603195
1987-04-15,2.0,12400,36.57054901123047,36.51856231689453,53.50055313110352,41.63642501831055,55.24363708496094,39.79708171206225,,4.945299239373333,2.43803219812
1987-04-16,2.0,16500,41.390769958496094,33.978111267089844,34.006141662597656,39.0772705078125,45.31731414794922,37.84124513618676,,12.490289439166666,9.4217661715
1987-04-24,0.0,10900,1.2858951091766355,0.0,6.620443344116211,0.2936317026615143,1.2147846221923828,0.0,,13.09399675133333,4.12099287
1987-04-29,0.0,22900,12.48062515258789,32.1900749206543,7.858105659484863,12.980209350585938,9.93176555633545,36.67101167315173,,25.819591117166667,16.157861002999997
1987-05-03,0.0,22200,26.09773063659668,16.925403594970703,10.336385726928713,15.52041244506836,14.764620780944824,10.44202334630351,,10.018588785,6.152264799999999
1987-05-11,2.0,25800,49.084014892578125,45.25019073486328,12.110404014587402,34.23555374145508,42.67874526977539,55.87587548638136,,4.1638048583,1.0439807339
1987-05-12,2.0,35900,50.50880432128906,60.23588943481445,12.20434856414795,34.3090705871582,42.71067428588867,50.27159533073935,,5.8038706093000005,3.0177512369
1987-05-13,1.0,37200,70.06035614013672,29.297409057617188,28.08324241638184,50.219085693359375,62.94597625732422,43.84610894941637,,6.168501255333334,3.1124529250000004
1987-05-14,1.0,28400,27.507890701293945,21.88804244995117,18.172607421875,17.74779510498047,26.818300247192383,26.88793774319067,,8.650437045,2.55552189
1987-05-25,0.0,13100,0.0780793726444244,0.1635929644107818,1.7226439714431765,3.5340335369110107,3.5299627780914307,0.5758754863813235,,8.431893121666665,5.62436213
1987-05-29,2.0,16000,28.34027671813965,39.06355285644531,45.249324798583984,42.744049072265625,40.38687515258789,58.27159533073928,,14.380584261166666,7.726801195
1987-05-30,2.0,16400,48.61095428466797,48.41828918457031,58.90230941772461,63.28060150146485,55.33242034912109,67.04416342412448,,12.175948386283334,5.617918145000001
1987-06-13,4.0,20900,0.9058474898338318,0.1487975716590881,2.396101951599121,4.693384170532227,3.57387924194336,0.7978599221789886,,10.133621125,4.87673045
1987-06-16,0.0,20300,0.1614682525396347,0.0,0.02308040112257,0.0533567667007446,0.4447426199913025,1.1935797665369643,,7.857111256166667,4.0975544
1987-06-17,0.0,17800,0.031277772039175,0.0,0.0267267432063817,0.0543394535779953,0.5041539669036865,1.0083657587548631,,9.968034499166668,4.498973100000001
1987-07-17,0.0,11300,1.3144960403442385,6.956095218658447,6.884796142578125,2.8412036895751958,9.661928176879885,5.32490272373541,,3.533779860208333,0.06779811
1987-07-26,0.0,9910,3.9618539810180655,3.901925563812256,1.6476032733917236,1.010631442070007,1.7686997652053833,0.5758754863813236,,1.7628940410333334,0.5272273456
1987-08-04,0.0,8350,0.052775789052248,0.0,0.0936692804098129,0.0417430065572261,0.0187548026442527,0.0,,0.2995783353833333,0.00023996215
1987-08-08,0.0,8770,0.0,0.0,0.0103826252743601,0.0003521062608342,0.0064809368923306,0.0,,3.0114257614,0.76241859
1987-08-10,0.0,8130,0.4097361266613006,1.032570481300354,0.0886757224798202,0.0417643524706363,0.0039903288707137,0.6426070038910509,,3.5978766371666677,0.6753702415
1987-08-19,0.0,7950,0.0,0.0,0.4096162021160126,0.1483266502618789,0.1369199305772781,0.0,,0.4531810084716667,0.0819031524149999
1987-08-22,0.0,6050,0.0,0.0,0.0001800205209292,9.272171155316755e-06,0.0308998264372348,0.0007782101167315,,2.97536836525,0.24567425225
1987-08-29,0.0,7090,0.0169999971985816,0.0,0.0039622280746698,0.0010214806534349,0.0021960199810564,0.0,,10.187946609166666,3.1834019425
1987-09-02,0.0,8310,4.021024703979492,9.376290321350098,4.782858371734619,4.105217933654785,7.8307204246521,5.354863813229577,,7.867984034333334,1.7825915925000002
1987-09-05,0.0,7430,0.0,0.0,3.241118974983692e-06,5.139407676324481e-06,0.0002565724425949,0.9412451361867704,,8.530545699416667,3.434427962
1987-09-11,0.0,7950,0.1469245851039886,0.2192030400037765,0.0001433595170965,0.0093517191708087,0.0012595215812325,0.2192607003891051,,15.664513241399998,4.8740368232
1987-09-14,1.0,6080,29.23619079589844,28.859813690185547,14.95408535003662,25.92932891845703,15.583257675170898,33.20136186770426,,4.038162287833333,0.8005437770000001
1987-09-15,0.0,8060,30.7043571472168,30.621768951416016,15.74726104736328,27.179574966430664,16.592937469482422,25.50914396887158,,5.407929774916666,0.947857615
1987-09-19,1.0,6440,0.0612063556909561,0.0,2.7939631763729267e-05,5.074535236460065e-10,0.0036246143281459,0.0809338521400777,,12.862143362183334,4.144425975
1987-09-20,1.0,5370,0.0317619070410728,0.0,2.7939631763729267e-05,1.6325178648912695e-06,0.0024799033999443,0.0809338521400777,,7.594268310016666,3.031297385
1987-09-23,0.0,6260,0.041771825402975,0.3030619323253631,2.3678446723351958e-06,7.700108653807547e-06,0.0039677815511822,0.0017509727626459,,1.4358674096666668,0.4971909739999999
1987-10-15,0.0,7290,3.626607894897461,2.1372551918029785,0.4780575037002563,0.005269746761769,0.2695001363754272,1.575097276264593,,7.721690390166667,0.641623783
1987-10-27,0.0,5260,1.4865121841430664,0.2108505815267563,0.2747974097728729,0.1174918338656425,0.4863514304161072,0.0,,28.12887643066667,27.9354207
1987-10-28,1.0,5330,0.0606607235968112,0.0019480725750327,0.0486526638269424,0.0003568311512935,0.0694122985005378,0.0608949416342412,,30.091317122333333,27.068348
1987-10-29,1.0,5540,0.2840278148651123,2.8089759349823,0.0924175679683685,0.0263285692781209,1.1345174312591553,0.0614785992217899,,40.28353593083334,18.33096445
1987-10-30,1.0,5350,4.1853532791137695,11.004459381103516,17.341405868530273,13.300360679626465,21.96511459350586,8.614007782101163,,47.06660141666666,27.12682625
1987-10-31,1.0,5240,14.338600158691406,17.506275177001953,26.62143325805664,16.886409759521484,25.167924880981445,9.57859922178988,,43.95991428333334,25.5980743
1987-11-05,0.0,6620,0.382045567035675,0.2709280252456665,0.0464918762445449,0.0047417669557034,0.1025332659482956,0.1326848249027237,,38.771117362800005,23.93291065
1987-11-06,0.0,6720,0.477285623550415,0.1645283848047256,0.5044520497322083,0.1844879537820816,0.2114959508180618,0.1536964980544747,,38.81984400133334,21.826425335
1987-11-08,2.0,7180,1.0920357704162598,5.810658931732178,4.898101806640625,3.935600519180298,7.58070182800293,5.81673151750973,,28.58042207833333,12.166676784999998
1987-11-09,2.0,7320,10.683389663696287,15.569326400756836,7.330469131469727,4.994212627410889,9.688881874084473,14.2,,31.619066466666663,23.937631950000004
1987-11-10,2.0,8240,29.75534439086914,30.990909576416016,57.6231575012207,36.87537384033203,47.81528091430664,46.56984435797668,,42.446028578333326,31.64183995
1987-11-11,2.0,8830,50.18804168701172,37.84102630615234,59.10735702514648,38.14543914794922,46.89980316162109,48.458365758754894,,43.87018029433333,31.56970345
1987-11-16,0.0,11300,23.49883460998535,17.461341857910156,22.82245445251465,24.387928009033203,25.695388793945312,13.968871595330723,,37.745838043333336,34.76886875
1987-11-18,3.0,7320,1.9165256023406985,4.923729419708252,12.633905410766602,0.0943809151649475,3.6146061420440674,2.1371595330739317,,31.29880069,26.56740785
1987-11-19,3.0,7000,1.6413809061050415,8.003196716308594,18.096519470214844,0.0962191745638847,3.999328851699829,2.571984435797667,,20.66047563663333,16.39486857
1987-11-20,3.0,8460,12.001789093017578,15.827253341674805,21.864910125732425,12.239835739135742,16.384925842285156,27.47918287937744,,23.18321391105,13.463835266
1987-11-21,3.0,8510,27.17329406738281,34.674278259277344,53.13118362426758,45.31806182861328,51.731727600097656,53.6579766536965,,17.744611296716666,6.310004923
1987-11-23,1.0,12100,66.29656219482422,54.29022216796875,94.12257385253906,80.26958465576172,100.68864440917967,63.71984435797668,,16.387523484,8.952364927
1987-11-24,1.0,12200,69.26532745361328,38.431785583496094,62.35079956054688,52.67439651489258,70.03104400634766,36.89961089494167,,30.15407654833333,13.33051912
1987-11-27,0.0,9670,0.1445158571004867,8.759923366596922e-05,2.4218289852142334,0.3138886094093323,0.0283509865403175,0.0424124513618677,,52.89180740403333,9.851900368
1987-11-30,2.0,7720,21.77626037597656,38.38872909545898,44.16690826416016,50.64792251586914,40.71482467651367,65.95603112840465,,39.2601002705,22.71148392
1987-12-01,2.0,8760,51.74494934082031,72.88800811767578,77.13087463378906,73.40290832519531,63.36591339111328,92.86848249027236,,49.31548766666667,39.427661
1987-12-02,0.0,11500,98.75082397460938,78.98298645019531,103.73396301269533,107.881591796875,88.6423110961914,110.4863813229572,,59.4289849,43.9164
1987-12-03,3.0,14400,95.39252471923828,63.48974990844727,74.39187622070312,66.84790802001953,64.65847778320312,71.6408560311284,,50.17435528333333,39.6499295
1987-12-04,3.0,17700,68.25890350341797,47.87569046020508,46.46028518676758,44.69960403442383,42.99174880981445,66.08326848249028,,48.01948285,35.1443295
1987-12-05,2.0,12500,47.22644805908203,45.74070739746094,58.29751205444336,52.102195739746094,42.21406936645508,66.0311284046693,,45.97142942166666,34.05650249999999
1987-12-06,2.0,14100,57.12406921386719,49.1845588684082,74.0317611694336,70.02360534667969,48.43379592895508,63.48093385214011,,46.97154843166666,33.01400335
1987-12-09,2.0,16000,115.54043579101562,104.8887176513672,105.1122589111328,84.455810546875,98.39598846435548,127.4175097276265,,32.916260302,24.37843315
1987-12-10,2.0,32100,133.8582000732422,94.48660278320312,112.52852630615234,91.31914520263672,102.77481842041016,118.04143968871598,,34.74493512833333,26.17038525
1987-12-13,0.0,15300,10.83321762084961,13.538544654846191,8.81786823272705,11.17893886566162,6.678668022155762,10.431128404669268,,21.434677883333336,18.6407373
1987-12-23,0.0,8950,19.778562545776367,8.79379940032959,4.48692798614502,6.847972869873047,13.776308059692385,9.789299610894933,,31.543495531,30.916019
1987-12-27,0.0,8600,0.626071572303772,0.3089566230773926,0.0243569761514663,0.0046652061864733,0.0465428866446018,0.5357976653696493,,57.61769658333333,40.80817925
1987-12-30,0.0,6880,9.683479309082031,10.423961639404297,2.4489080905914307,11.89738941192627,10.29099941253662,7.187937743190664,,36.61126348916667,32.744390800000005
1988-01-05,0.0,8940,0.0,0.0,0.8522999286651611,0.0029375541489571,0.0585861206054687,0.0099221789883268,,54.441617531000006,42.156735
1988-01-09,0.0,9070,25.05037498474121,33.095211029052734,27.906951904296875,22.367351531982425,16.495712280273438,34.92918287937743,,19.56023169,10.649077025
1988-01-10,0.0,6910,35.1411247253418,34.8781852722168,31.0345458984375,32.65922927856445,21.98166847229004,36.25194552529182,,26.030177631666668,18.730848375
1988-01-12,0.0,7640,33.84648132324219,41.20100784301758,27.687562942504883,35.714866638183594,37.349708557128906,51.7708171206226,,36.41157915666667,22.8817026
1988-01-13,3.0,6940,59.53487396240234,70.3159408569336,83.12028503417969,99.76475524902344,89.37648010253906,107.35428015564204,,30.777856816666663,15.1867424
1988-01-14,3.0,9380,100.95320129394533,76.03771209716797,108.40065002441406,118.1562957763672,110.2048797607422,110.06284046692608,,24.792893951666667,12.3516122
1988-01-15,3.0,26300,98.83080291748048,57.844608306884766,103.50714111328124,116.7969207763672,103.63162994384766,80.73871595330739,,24.10955484,11.260087065
1988-01-20,1.0,11200,19.758865356445312,20.46852302551269,19.730255126953125,16.478975296020508,22.864221572875977,24.876848249027237,,21.69000642188333,19.886635615
1988-01-22,1.0,10800,32.954139709472656,22.42580795288086,19.746511459350582,15.751958847045898,24.702953338623047,17.805058365758747,,27.911419674666668,22.93205
1988-01-27,2.0,10900,4.155622005462647,17.258625030517578,39.02999114990234,7.546903610229492,15.039602279663086,21.64474708171204,,21.586426383333333,13.15864615
1988-01-28,2.0,9370,29.680191040039062,32.26762390136719,72.02041625976562,35.030426025390625,44.5635871887207,42.599610894941634,,20.849130990666666,11.8854069775
1988-02-03,0.0,13100,12.441731452941896,15.116790771484377,13.103440284729004,9.987481117248535,13.85111141204834,14.788521400778212,,21.03941487333333,18.25122197
1988-02-04,0.0,10000,12.074427604675291,4.5640363693237305,9.93269157409668,8.197509765625,11.123180389404297,8.70583657587549,,25.842129766666663,23.12066105
1988-02-06,0.0,8410,22.347713470458984,26.22554016113281,25.64915657043457,19.508424758911133,16.170269012451172,41.39163424124517,,38.39903778266667,22.64121665
1988-02-11,0.0,14300,28.76289939880371,29.062816619873047,59.083614349365234,10.67850399017334,26.240886688232425,20.642412451361857,,29.56573589,22.73227442
1988-02-14,1.0,15300,49.32162857055664,37.840431213378906,81.96430969238281,67.89981079101562,75.79849243164062,70.44883268482494,,21.28046585481667,8.508386169000001
1988-02-15,1.0,16400,37.11236953735352,35.3458251953125,61.81233596801758,52.65740966796875,58.77159881591797,54.804669260700415,,15.101461115833333,4.10176396205
1988-02-20,0.0,11800,0.5656173825263977,0.01560830604285,0.8577319979667664,0.0193431954830884,1.5186201333999634,0.1180933852140077,,5.589432446333333,1.2551200545
1988-02-22,0.0,13400,0.1352797448635101,0.0,0.0257367081940174,0.0011319238692522,0.0154123110696673,0.3614785992217896,,14.678639261616668,4.87639519
1988-03-13,0.0,16700,0.5568175315856934,0.6561762690544128,0.0117230741307139,1.481030821800232,0.71528160572052,0.472373540856032,,30.446821266666664,21.93584015
1988-03-18,0.0,13100,0.2519940435886383,3.624983549118042,3.297260999679565,4.95245803904254e-05,0.0229878332465887,2.6914396887159517,,25.397254789500003,20.269292160000003
1988-03-22,1.0,14600,67.9404525756836,57.83438873291016,97.32635498046876,80.6994400024414,90.51895141601562,76.09396887159532,,16.894672695,17.0306781
1988-03-23,1.0,16400,73.97114562988281,66.76780700683594,93.69279479980467,88.93447875976562,91.82300567626952,85.420233463035,,14.308531975,14.383392549999998
1988-03-25,2.0,17600,107.1501922607422,88.65862274169922,79.80885314941406,100.79562377929688,97.71881866455078,120.4301556420233,,12.0417854501,9.8215836975
1988-03-26,2.0,25300,112.5369873046875,76.9493408203125,68.04296875,86.9150161743164,85.27577209472656,101.5153696498054,,10.119451268766667,5.6594520475
1988-04-02,1.0,15500,57.0877685546875,51.5692024230957,80.69297790527344,50.68336486816406,55.43043899536133,60.19299610894946,,18.883091581,15.3745455
1988-04-03,1.0,21100,76.01212310791016,51.62955856323242,80.22838592529297,67.97572326660156,74.2009506225586,74.32568093385218,,13.056321431,9.6769995
1988-04-05,2.0,18700,141.45921325683594,106.0547103881836,103.29315185546876,93.85919952392578,96.71836853027344,118.75661478599224,,15.372605566666667,12.285449
1988-04-06,2.0,30700,144.3852996826172,102.9264144897461,100.67618560791016,87.0288314819336,87.25144958496094,99.99007782101172,,15.443209866666669,11.62703555
1988-04-08,0.0,27200,26.699098587036133,10.908683776855469,14.42215633392334,15.962516784667969,14.45466423034668,4.562256809338524,,21.46710506833333,14.740979
1988-04-14,0.0,25300,0.3237956464290619,0.0,0.0916512906551361,1.0139416456222534,4.29235315322876,0.9177042801556424,,7.804539957116666,5.03958607
1988-04-17,0.0,25900,11.041730880737305,14.34422492980957,12.147266387939451,6.85850191116333,15.806736946105955,15.02334630350195,,6.597299687416666,3.4198720465
1988-04-19,0.0,22300,9.426800727844238,2.751907587051392,3.323634386062622,3.856863498687744,5.354573726654053,0.7513618677042802,,7.324370371666667,4.572063456
1988-04-27,1.0,16700,0.7901308536529541,6.797441482543945,5.059384346008301,6.798857688903809,7.776808261871338,12.286186770428008,,12.71636953206667,6.15833803
1988-04-28,1.0,15700,7.932416915893555,15.100607872009276,15.853280067443848,19.76458549499512,22.894268035888672,23.38132295719844,,11.487574810400002,2.784427875
1988-04-29,1.0,18200,20.377464294433597,25.18076705932617,22.782838821411133,38.16443634033203,37.86128616333008,28.33618677042801,,11.870939268733334,2.648745505
1988-05-09,1.0,16400,0.5942639112472534,0.1238212957978248,0.3938509523868561,0.0002565132745075,0.5121161341667175,0.5058365758754862,,7.726070586666667,3.11993931
1988-05-10,1.0,16100,1.263676643371582,0.0,0.3956514894962311,0.0001138619554694,0.4635082185268402,0.2610894941634242,,7.593786140166667,2.968880395
1988-05-12,1.0,26600,22.634206771850582,25.9841365814209,31.435348510742188,20.688486099243164,25.941877365112305,32.44416342412451,,6.903859822333332,3.664882415
1988-05-13,1.0,35600,30.136520385742188,26.94046401977539,41.29459762573242,29.97763061523437,35.47705078125,33.50894941634241,,4.6199651805,2.376576215
1988-05-14,0.0,36300,30.57716560363769,21.5913200378418,41.5055046081543,29.991344451904297,35.40250015258789,19.996108949416342,,5.807354069666666,1.25943988
1988-05-15,2.0,26300,22.200780868530277,19.008251190185547,21.69380569458008,14.203728675842283,19.11248016357422,19.510505836575888,,7.301132371666666,2.329269135
1988-05-16,2.0,24300,21.23721694946289,22.19255828857422,21.344348907470703,10.97235870361328,17.266620635986328,22.36245136186772,,7.878889106666666,2.145591565
1988-05-26,1.0,20900,13.431924819946287,22.988265991210938,14.74375057220459,10.74971866607666,10.665873527526855,19.59922178988328,,6.170258775950001,2.648199363
1988-05-27,1.0,21400,30.79975891113281,35.05470275878906,29.82113265991211,32.500457763671875,30.85050201416016,41.002334630350205,,3.0595150626166667,2.111843598
1988-06-02,2.0,19700,32.42196273803711,23.731294631958008,34.3979377746582,35.97001647949219,35.65251159667969,29.590856031128407,,8.792475774716667,2.296916015
1988-06-03,2.0,22400,27.74869155883789,21.271018981933597,24.533403396606445,28.4218864440918,35.37575149536133,25.21634241245136,,9.758454875216668,2.77569935
1988-06-20,0.0,24500,0.2421269714832306,0.1766855865716934,0.0457066819071769,0.0007073889137245,0.3609170913696289,1.005836575875489,,14.499913200933335,6.304271592500001
1988-06-21,2.0,25100,0.2081428468227386,0.1830885410308838,3.3793325424194336,0.0339120291173458,1.0447897911071775,1.005836575875489,,11.156020630933334,3.8009078825
1988-06-22,2.0,26400,0.1575416475534439,0.1830885410308838,3.892189502716065,0.3411098718643188,1.2566715478897097,0.5270428015564218,,8.104377148983334,1.1689887099999998
1988-06-26,0.0,24700,0.1649841070175171,0.0,3.271048069000244,0.4310348629951477,0.6392679214477539,0.0089494163424124,,9.603572405616667,0.6540057787000001
1988-07-01,1.0,15500,35.76521301269531,27.52109146118164,14.514396667480469,11.939345359802246,16.209854125976562,34.37470817120625,,3.932309965666666,0.81410829
1988-07-02,1.0,16800,39.821868896484375,26.227693557739254,15.42625617980957,12.547212600708008,16.374513626098633,33.92665369649808,,3.062647427666666,0.390477976
1988-07-04,0.0,19300,6.912256240844727,6.469521045684815,1.6936869621276855,0.9060744047164916,2.2985353469848637,10.410116731517515,,3.2986721979166664,0.363390187
1988-07-12,1.0,19800,24.177133560180664,24.53616142272949,14.208648681640623,22.647897720336918,20.532888412475582,24.33093385214009,,0.9789848195666666,0.133400377
1988-07-13,1.0,22600,20.4666748046875,18.42823028564453,19.965730667114254,22.796775817871094,17.42520523071289,16.19280155642024,,2.5721652379,1.192472837
1988-07-20,0.0,20600,0.0,0.0,0.0,3.789743277593516e-05,0.0012319136876612,0.1321011673151751,,3.6030291698666663,0.0554348446
1988-07-22,0.0,19400,0.0,0.0,0.0001134714621002,0.0007946013356558,0.0068838936276733,0.0,,7.325714253199999,0.1844849596
1988-07-26,0.0,17300,0.0,0.0,0.0146286645904183,0.0,0.0107204085215926,0.0,,1.2790560813333334,0.028014422
1988-07-30,0.0,15100,0.5970933437347412,2.549708366394043,0.0,9.632184082875028e-05,0.0530358143150806,0.0,,2.31568863365,0.2126344540999999
1988-08-06,0.0,11700,1.1867283582687378,2.352686882019043,0.116339772939682,0.3017154633998871,0.1924434602260589,1.7184824902723754,,8.241594868666667,0.1645082759999999
1988-08-08,1.0,11100,0.0788710266351699,0.4809622764587402,0.1531714797019958,0.1166862323880195,0.69873046875,0.1937743190661476,,5.886366973333334,0.21024509
1988-08-09,1.0,11100,0.1024722158908844,0.4809622764587402,0.1721580326557159,0.1335890442132949,0.7321321964263916,0.1937743190661476,,3.76057282,0.46199106
1988-08-10,0.0,10300,0.0936706364154815,0.4207120835781097,0.1636983603239059,0.1101427972316742,0.3149090111255646,0.1937743190661476,,3.4585700325666666,0.4630908302
1988-08-13,0.0,10500,0.0,0.0900299027562141,0.0022225533612072,0.0014740651240572,0.0241929553449153,0.0,,1.7285456005,0.3681847364999999
1988-09-06,0.0,7820,4.340354442596436,4.352795600891113,3.3778038024902344,4.104503154754639,9.030325889587402,5.640856031128403,,11.690550824950002,7.65435150985
1988-09-13,0.0,7670,0.0219087302684783,0.0,0.0028267814777791,0.0,0.0,0.0,,16.071614072283335,11.061644779999998
1988-09-15,0.0,6800,1.273926854133606,7.690222263336182,0.318024218082428,0.0591639168560504,0.0130611630156636,6.016926070038915,,13.813129212783334,7.5949726715
1988-09-18,1.0,7430,40.12146759033203,31.633140563964844,33.09880065917969,33.86273956298828,30.238142013549805,42.32937743190664,,9.8937629,7.1298969
1988-09-19,1.0,8740,38.44168472290039,28.94241714477539,31.41328811645508,32.636070251464844,31.17034721374512,39.505642023346326,,6.656522396666667,2.37688935
1988-09-24,1.0,7720,57.37986755371094,60.33895492553711,65.00226593017578,58.44595336914063,49.07005310058594,83.29824902723736,,3.8637152925,0.9482633375
1988-09-25,1.0,14500,56.44397735595703,64.10726165771484,69.51036834716797,45.20566177368164,45.54483413696289,77.8750972762646,,7.447190075833333,3.3251755875000004
1988-09-28,1.0,16700,34.39020919799805,15.182735443115234,17.492721557617188,21.64613151550293,15.734819412231444,13.459533073929968,,9.150748096,5.265209400000001
1988-09-29,1.0,12600,2.425107479095459,0.0,0.0583461076021194,0.276667982339859,0.1995913535356521,0.4922178988326854,,5.849064895,2.63620256
1988-10-03,0.0,9900,0.6898154020309448,0.6591188907623291,0.020253574475646,0.000269593525445,0.0032557663507759,1.8188715953307388,,25.713461247755,2.9055946728000004
1988-10-04,0.0,9850,2.9832072257995605,1.8461302518844604,0.2269617766141891,0.000796039472334,0.0508171394467353,2.0678988326848247,,39.16379895492167,4.582850044300001
1988-10-05,0.0,10200,3.335282802581787,1.8125560283660889,0.2071194797754287,0.0036174452397972,0.0596000142395496,1.8085603112840465,,51.01256895492167,17.981256544300003
1988-10-12,2.0,7100,5.220823764801025,18.89448356628418,9.811213493347168,0.8465330600738525,2.3553030490875244,34.536964980544745,,25.82000823166667,12.4712155
1988-10-13,2.0,6820,31.77228355407715,57.18262481689453,40.912933349609375,30.52557945251465,29.456165313720703,85.75252918287941,,25.426241188333336,12.17842585
1988-10-14,4.0,9370,91.7646026611328,103.70711517333984,78.67964172363281,63.5024642944336,53.643165588378906,137.76789883268486,,20.343846190000004,11.73264615
1988-10-15,4.0,25000,163.330810546875,120.60743713378906,96.55825805664062,116.38287353515624,98.68815612792967,153.681906614786,,9.086465823666666,3.94050351
1988-10-16,4.0,42200,155.55372619628906,82.70215606689453,65.48095703125,86.71315002441406,71.67403411865234,110.4379377431906,,9.3159425995,1.90164624
1988-10-17,4.0,43700,96.3030776977539,47.48638916015625,31.290023803710938,58.425254821777344,53.37736892700195,67.67568093385206,,16.373450078833336,1.08813979
1988-10-21,1.0,16400,12.440837860107422,8.942991256713867,11.764386177062988,10.50698471069336,10.764755249023438,11.967120622568094,,27.947881765,23.305974300000003
1988-10-22,1.0,17300,10.486680030822754,9.705575942993164,11.088382720947266,10.282394409179688,11.981485366821287,10.999416342412452,,26.844558595,21.300074950000003
1988-10-23,1.0,16500,13.043503761291504,2.3546957969665527,4.219557762145996,3.298030138015747,10.422624588012695,2.3840466926070043,,20.948253280000003,19.967589205000003
1988-10-24,1.0,15800,3.549072027206421,5.191011905670166,1.3151828050613403,0.7353206872940063,6.47796630859375,2.435603112840468,,16.032778686666667,10.336738005
1988-10-29,0.0,14500,7.081714630126953,11.545026779174805,19.62142944335937,4.635695934295654,5.080803394317627,14.677237354085609,,54.43982266049999,45.91416575
1988-10-31,2.0,14800,18.58237075805664,31.238279342651367,70.0616455078125,22.63485145568848,17.650991439819336,47.30116731517511,,30.019139522666663,28.57654725
1988-11-01,2.0,15600,31.764055252075195,50.6544075012207,82.82476806640625,54.09905624389648,48.790164947509766,66.89416342412454,,33.863902250500004,25.442318
1988-11-02,2.0,19200,64.88639068603516,60.68522644042969,123.73275756835938,95.71031188964844,85.90386199951172,75.35350194552531,,34.63362890333333,21.7288705
1988-11-03,2.0,24500,74.06916809082031,58.26097869873047,98.21411895751952,92.90658569335938,92.42575073242188,75.06673151750975,,38.90388616333333,19.78425125
1988-11-05,4.0,23600,98.52262115478516,80.08457946777344,91.49622344970705,97.7040557861328,113.21620178222656,106.9443579766537,,29.168221200833337,12.53705145
1988-11-06,4.0,47200,95.87287902832033,72.7488784790039,81.3775634765625,87.06890106201172,97.20172119140624,80.46225680933853,,26.120357390833338,9.95408015
1988-11-13,0.0,23200,32.40448760986328,12.5658540725708,29.861040115356445,27.12701988220215,36.072357177734375,26.4068093385214,,27.98339877,14.093283799999998
1988-11-16,0.0,18700,9.205541610717772,13.949106216430664,10.232789039611816,10.273003578186035,17.244733810424805,15.580350194552524,,49.1118555625,21.84652
1988-11-21,1.0,20900,72.73186492919922,65.79322814941406,95.4808578491211,84.29469299316406,73.54341125488281,88.44416342412453,,24.193887715,13.141473215
1988-11-22,1.0,23200,77.00654602050781,67.64666748046875,94.49388122558594,85.40254211425781,73.02322387695312,73.76284046692608,,25.021154372,14.535453165
1988-11-27,1.0,16700,49.72064208984375,41.25889205932617,42.296905517578125,50.455711364746094,56.83567810058594,56.21459143968873,,27.077910655000004,17.06019418
1988-11-29,0.0,19300,37.76036071777344,16.044687271118164,18.875593185424805,24.419517517089844,28.39308357238769,10.87898832684825,,37.48319553833333,21.490504
1988-11-30,0.0,17600,14.374055862426758,6.624425888061523,2.4380345344543457,5.264145851135254,7.282771110534668,4.928404669260701,,58.88913038333333,27.1846985
1988-12-01,1.0,17100,9.798173904418944,10.85573959350586,17.75656509399414,7.289265155792236,8.828164100646973,7.857003891050578,,80.60613361666667,31.998756799999995
1988-12-02,1.0,17500,10.640554428100586,10.982903480529783,18.122882843017575,7.277157783508301,9.18229866027832,7.890466926070033,,75.17361961499999,31.21073235
1988-12-11,2.0,16700,13.771636962890623,45.40117263793945,34.27043151855469,22.356014251708984,55.424293518066406,54.66731517509727,,23.463226663666667,5.8116420385
1988-12-12,2.0,18600,59.29993438720703,60.03663635253906,61.37822723388672,46.47675323486328,69.07051849365234,61.0317120622568,,33.54518044,9.16417657
1988-12-13,2.0,34000,64.85047149658203,49.810157775878906,59.7417106628418,45.72140121459961,63.31038284301758,39.50272373540854,,40.61188681666666,14.959261
1988-12-29,2.0,11600,58.7205696105957,53.37749099731445,92.04698944091795,88.53195190429688,76.40308380126953,66.90583657587555,,19.33997474388333,2.36735931665
1988-12-30,2.0,16100,63.8591423034668,64.53199768066406,97.56478118896484,95.27813720703124,81.47501373291016,68.14922178988334,,16.449996259216668,1.79718253165
1989-01-02,1.0,12900,23.524978637695312,46.78553771972656,41.88793182373047,39.03865814208984,51.48407745361328,65.08560311284043,,19.46913213395,7.516787805
1989-01-03,2.0,14100,59.041751861572266,51.41413879394531,70.11279296875,52.69331741333008,77.36404418945312,66.08112840466922,,20.59425757695,11.2616046
1989-01-04,2.0,26100,57.90218734741211,45.29777526855469,61.52056121826172,44.22546005249024,63.62222671508789,52.31575875486377,,17.418143623166667,10.102026913
1989-01-15,0.0,15400,62.64945983886719,65.43317413330078,76.87715911865234,82.96464538574219,73.3600845336914,79.32568093385217,,43.60469416966667,35.87879165
1989-01-16,1.0,19300,65.25987243652344,68.24737548828125,91.53165435791016,103.09002685546876,86.9078369140625,77.4560311284047,,51.26949017,36.90859925
1989-01-17,1.0,25100,67.7691421508789,53.116641998291016,103.76392364501952,100.03359985351562,85.66262817382812,48.178988326848255,,43.98308498,25.22248155
1989-01-26,0.0,15500,9.177770614624023,10.810386657714844,13.07943344116211,6.0648193359375,8.431217193603516,12.114591439688722,,22.988902640516663,12.40171042155
1989-01-28,3.0,15300,11.92592430114746,19.559450149536133,16.0318603515625,8.826725959777832,18.716920852661133,24.7649805447471,,28.74341206233333,25.4099395
1989-01-29,3.0,14800,21.402637481689453,39.80762100219727,15.19184684753418,15.957072257995604,32.845542907714844,46.57101167315177,,22.35752656233333,19.762006
1989-01-30,3.0,16500,46.76685333251953,48.821319580078125,42.20280456542969,36.76030731201172,59.73716354370117,53.04513618677045,,14.521197283833333,9.206892825
1989-01-31,3.0,24900,47.58427810668945,34.62289047241211,37.5311279296875,36.59535598754883,52.818267822265625,38.317898832684826,,7.628558124783334,6.495280325
1989-02-05,0.0,18000,1.2681225538253784,0.0,0.0001065186297637,2.58200063977046e-13,0.0,0.624124513618677,,8.66123268135,1.14008191655
1989-02-08,0.0,15800,0.2015873193740844,0.0,0.0001282334851566,0.0,0.0,0.0,,13.74103499795,11.563979675
1989-02-10,0.0,14800,0.1223551779985427,0.0,3.509905582177453e-05,0.0,0.0,0.0,,18.910725720450003,13.02300159
1989-02-16,0.0,13500,12.146395683288574,27.018230438232425,13.907113075256348,19.4973258972168,4.546030044555664,33.517120622568115,,29.36870553916667,23.59232265
1989-02-21,2.0,13500,12.757710456848145,25.306161880493164,24.010107040405277,32.137245178222656,23.61115264892578,30.25894941634241,,15.051123955166666,8.924102300000001
1989-02-22,2.0,13500,26.76471900939941,29.459064483642575,43.10531997680664,43.48782730102539,37.168739318847656,36.55680933852141,,18.135570511666664,12.2315421
1989-03-04,2.0,11200,6.143549919128418,25.537811279296875,15.606477737426758,17.24686622619629,23.923688888549805,35.68171206225682,,26.229618792495003,16.46339761
1989-03-05,2.0,12200,31.166940689086918,42.47875213623047,39.82378768920898,44.37252807617188,51.246612548828125,43.55894941634243,,32.536923517495005,25.7427722
1989-03-06,2.0,14400,40.650665283203125,42.81843948364258,47.92671585083008,51.04975891113281,64.16513061523438,41.16984435797667,,33.20488315666667,23.5895167
1989-03-07,0.0,14500,38.74591445922852,26.525165557861328,36.5774040222168,34.26525115966797,44.96929550170898,17.593579766536966,,31.399627362550003,20.8504315
1989-03-11,1.0,14400,49.37779998779297,39.9684944152832,39.641700744628906,38.566192626953125,35.16102600097656,43.99143968871597,,22.70859821,7.949012
1989-03-13,0.0,15400,29.598182678222656,22.36389541625977,27.336896896362305,28.753585815429688,24.628929138183597,16.913813229571993,,17.958613453606667,8.547990004999999
1989-03-15,0.0,12900,8.584785461425781,9.974645614624023,7.765281677246094,12.13833999633789,17.1743221282959,10.077237354085591,,8.115622103466666,4.488506410399999
1989-03-19,0.0,9660,12.498162269592283,16.15155792236328,5.319106578826904,6.89729118347168,8.541949272155762,18.49766536964981,,15.140462221,13.4603521765
1989-03-22,0.0,11000,20.792179107666016,17.329120635986328,33.589534759521484,29.389759063720703,31.722034454345703,13.970233463035026,,24.885407214578333,16.17718375
1989-03-24,0.0,9630,8.15961742401123,14.162609100341797,9.061005592346191,13.677724838256836,7.712790489196777,16.440856031128394,,15.652628697845005,7.0031604475
1989-04-04,0.0,10000,71.72795104980469,77.50080871582031,55.4739990234375,82.17283630371094,78.83106994628906,113.76050583657592,,28.251497364,16.88020038
1989-04-05,4.0,16100,98.88719177246094,83.544921875,94.34431457519533,78.28321838378906,98.86604309082033,111.74630350194556,,22.15730989733333,12.15151148
1989-04-06,4.0,29000,90.69147491455078,48.61261749267578,86.77548217773438,65.63969421386719,89.48764038085938,77.0560311284047,,20.853773525666668,12.05190933
1989-04-07,4.0,25100,44.51015090942383,14.87942123413086,49.152381896972656,8.936080932617188,36.47821044921875,6.240272373540859,,15.63234718,6.91505772
1989-04-09,0.0,18300,0.0742162540555,0.0,0.0352877005934715,1.3853456948709209e-05,0.0077509977854788,0.1920233463035018,,13.805663898333336,5.4966806
1989-04-19,1.0,19700,6.3179802894592285,15.923210144042969,18.35004997253418,16.39992332458496,11.701787948608398,15.712256809338529,,9.685025181616668,7.425726613
1989-04-20,1.0,22300,14.992837905883787,15.532879829406738,21.12584114074707,17.580406188964844,12.980083465576172,15.825097276264597,,17.421613216816667,15.70128445
1989-05-09,0.0,28500,4.705302715301514,8.253589630126953,7.731840133666992,8.514874458312988,6.859548568725586,11.840272373540852,,2.9540267798333337,1.5247153050000002
1989-05-17,0.0,17500,33.47081756591797,34.04969024658203,37.69747924804688,33.20057678222656,31.43179702758789,38.15350194552529,,4.197549932616666,1.542620148
1989-05-26,0.0,12900,24.982250213623047,25.169353485107425,22.23480033874512,21.66219711303711,26.986900329589844,34.12898832684823,,14.246603798333332,9.90331595
1989-06-06,0.0,29900,0.0,0.0,1.1115609765965928e-08,2.0099243158711038e-07,0.0,0.0013618677042801,,6.766368039636667,4.923650325
1989-06-13,2.0,26300,8.773470878601074,11.162569999694824,6.066521644592285,3.19830322265625,8.328117370605469,9.138132295719842,,5.306387733333334,4.040651260000001
1989-06-14,2.0,27600,13.40014362335205,12.640902519226074,9.090181350708008,6.973878860473633,8.85367202758789,10.010116731517508,,9.105911094116667,5.355853850000001
1989-06-16,0.0,24400,5.133575439453125,3.6788814067840576,6.954519271850586,4.751399517059326,2.3725500106811523,3.702723735408562,,10.76342973245,5.883538274999999
1989-06-21,1.0,18600,11.681469917297363,2.91706919670105,8.610325813293457,8.946146965026855,7.325670719146728,2.3772373540856035,,11.677586968,3.214232632
1989-06-22,1.0,17800,1.1309229135513306,0.5638933181762695,0.0069029163569211,0.0173195283859968,0.1426242589950561,1.2523346303501952,,13.189860654,7.431394715
1989-06-28,0.0,18000,10.512083053588867,13.90665054321289,16.373201370239258,14.129633903503418,6.214799880981445,13.159143968871597,,6.310593327166667,3.3121369115
1989-06-29,2.0,17200,15.39824104309082,17.74989891052246,19.01211166381836,23.442626953125,9.997167587280272,19.301750972762644,,6.951481031666667,4.218746805
1989-06-30,2.0,17600,25.75818634033203,19.840518951416016,25.694448471069336,36.28889465332031,19.641138076782227,19.34571984435797,,10.702443645,5.562182695
1989-07-01,2.0,18800,24.92727470397949,16.94786834716797,26.75209045410156,29.27256202697754,17.0555419921875,13.914396887159524,,13.194073175,6.605713075
1989-07-02,2.0,19700,19.72323226928711,10.983294486999512,23.24521255493164,20.47602081298828,13.659493446350098,8.468677042801552,,15.286488076666666,6.1257353100000005
1989-07-08,0.0,16900,0.5891866087913513,2.735069990158081,1.5387773513793943,1.2981643676757812,2.823795795440674,4.064591439688716,,7.260184042866667,2.1950690195
1989-07-17,1.0,17700,13.414069175720217,7.370229244232178,15.88744831085205,9.779998779296877,9.71664810180664,15.868871595330727,,5.848997677,2.0213799675
1989-07-18,1.0,17300,12.101659774780272,1.6591037511825562,11.524901390075684,2.693812608718872,2.426482915878296,0.4807392996108953,,5.9203398475333335,1.9994691516
1989-07-19,1.0,17600,0.0419801548123359,0.0823890715837478,0.2226726561784744,0.0041759856976568,0.0357142873108387,0.0690661478599221,,13.733474277533332,1.6937359416
1989-07-20,0.0,18000,0.2086785584688186,0.0823890715837478,0.1692150086164474,0.1012360975146293,0.2576403617858886,0.1957198443579766,,15.14331284753333,0.4838622616
1989-07-21,0.0,17200,0.1918492019176483,0.0823890715837478,0.1711668670177459,0.0984904244542121,0.2534052729606628,0.1896887159533073,,15.52367504333333,0.48094137
1989-07-24,0.0,15300,0.1442996114492416,0.0,1.4785794116844997e-12,4.9847054469864815e-05,0.0045246980153024,0.0,,2.5715618383333334,0.635014085
1989-07-30,0.0,11500,0.3951844573020935,2.349940538406372,0.1408785730600357,0.0055476995185017,0.0521497726440429,2.745136186770428,,4.158773703066666,0.0436522472
1989-08-15,0.0,9870,11.546138763427734,19.763429641723636,7.166560173034668,15.81678867340088,23.41659164428711,11.420038910505836,,2.1545420613333333,1.273393525
1989-08-20,1.0,9680,20.342342376708984,30.47481346130371,28.027172088623047,25.41533851623535,25.126270294189453,39.9204280155642,,1.4159287976666666,0.252513413
1989-08-21,1.0,11000,39.95447540283203,38.26641082763672,36.04595184326172,36.96942138671875,34.03248596191406,47.50544747081713,,3.380260615,0.7306843049999999
1989-09-03,0.0,8790,6.384799480438232,2.861128568649292,4.416029930114746,3.974698066711426,24.865291595458984,0.8180933852140078,,5.281125178033333,1.2949275391
1989-09-05,0.0,8250,0.138035699725151,0.3152632713317871,0.6377163529396057,0.3078751564025879,0.0813327506184578,0.066147859922179,,10.2031799408,4.1904083265
1989-09-08,0.0,7600,0.0888829380273819,0.0,0.0905150547623634,0.0582937784492969,0.0935433357954025,0.0029182879377431,,5.938529104333332,0.559991553
1989-09-19,0.0,7200,0.3022301793098449,0.0,0.4200815558433532,1.0412156581878662,0.3327285945415497,0.0,,15.596821528666666,8.0961157
1989-10-05,0.0,6130,0.4379565715789795,0.1378214657306671,1.0824693441390991,0.3126308917999267,1.1232036352157593,0.0552529182879377,,10.732786087776669,4.61481866333
1989-10-09,0.0,6660,2.235460996627808,14.175301551818848,3.755319595336914,10.097262382507324,18.247039794921875,21.79805447470817,,9.069164038833334,0.3133452665
1989-10-10,1.0,6800,17.31405258178711,36.58290863037109,9.319829940795898,27.432992935180664,32.27472686767578,39.207003891050576,,8.432478523,3.082452184
1989-10-11,2.0,8140,47.320838928222656,48.708587646484375,21.89313507080078,55.345340728759766,57.24224853515625,57.657976653696494,,13.121906780666666,12.683522522
1989-10-12,2.0,10400,61.78467559814453,49.85784149169922,26.56473731994629,55.0999755859375,49.34736251831055,51.55953307392996,,16.301047565,15.638127025
1989-10-15,0.0,10500,9.562670707702637,3.5701377391815186,2.418015956878662,0.996612548828125,0.6315061450004578,0.290466926070039,,21.16333848333333,8.3878549
1989-10-16,0.0,9640,1.3945082426071167,0.788857638835907,0.0013224720023572,0.039679042994976,0.0187501721084117,0.0603112840466926,,23.60668343333333,12.15062625
1989-10-17,2.0,9300,1.055073380470276,7.810013771057129,9.317814826965332,5.734172344207764,10.270401000976562,10.392412451361873,,19.993089271666665,15.9901957
1989-10-18,2.0,9170,10.877448081970217,10.11676025390625,11.143083572387695,5.826913833618164,10.5531644821167,11.078599221789888,,22.49490911333333,22.5747173
1989-10-19,0.0,9560,10.83323097229004,20.12672233581543,17.1488037109375,7.608819961547852,22.919795989990234,22.68249027237354,,27.004908596666667,22.83261675
1989-10-20,1.0,9300,33.109825134277344,27.012304306030277,33.75748825073242,28.528461456298828,29.219602584838867,27.48073929961088,,29.312467591666667,24.1494348
1989-10-21,1.0,10900,32.51555633544922,35.48121643066406,42.932106018066406,37.328590393066406,38.6126708984375,47.998249027237335,,34.40658459266667,24.6796018
1989-10-22,2.0,11500,40.597206115722656,46.54242706298828,49.94783401489258,52.13774108886719,40.101219177246094,58.30856031128406,,28.6512744905,21.42074565
1989-10-23,2.0,11000,43.30887985229492,41.17113494873047,36.18381118774414,38.80649566650391,29.4563045501709,45.679766536965005,,22.9123758555,14.548737925
1989-10-25,0.0,13100,39.05167388916016,32.0350227355957,30.96990966796875,33.881492614746094,27.4565544128418,31.232295719844373,,18.114340483333333,10.433220975
1989-10-26,0.0,12400,32.11589431762695,31.305269241333008,22.18268203735352,26.23113250732422,29.94198608398437,30.8114785992218,,20.474234016666667,10.580823735
1989-10-28,0.0,12400,21.165992736816406,9.989855766296388,3.83916449546814,5.941057205200195,8.840763092041016,4.395914396887157,,15.263804184999998,8.000535095
1989-11-02,2.0,12100,9.733217239379885,43.32621765136719,20.091323852539062,25.23375129699707,35.91332244873047,52.65116731517503,,35.3527423284,25.45766515
1989-11-03,2.0,13300,70.40046691894531,60.58188629150391,63.41471862792969,62.851348876953125,69.15017700195312,85.57412451361863,,19.73126146173333,11.46587445
1989-11-04,2.0,29800,78.10712432861328,70.05416107177734,66.3941879272461,68.75020599365234,79.39904022216797,106.74591439688712,,16.8790611255,11.0950964
1989-11-08,4.0,25500,250.212158203125,131.5085906982422,101.41434478759766,120.13133239746094,147.8673095703125,165.92879377431896,,16.013483873333332,4.970000065000001
1989-11-19,3.0,22700,26.17873191833496,32.58808898925781,55.9242057800293,10.130178451538086,26.460262298583984,40.402918287937744,,56.11250094833333,50.0780615
1989-11-20,3.0,27300,43.28453826904297,31.79979515075684,69.95710754394531,19.996715545654297,27.412389755249023,38.38852140077821,,40.392045722333336,25.8939930725
1989-11-21,3.0,28100,36.63343048095703,29.363494873046875,41.87824249267578,16.068431854248047,18.2694149017334,32.81887159533074,,38.6781273945,21.6125641925
1989-11-23,1.0,24000,34.84676742553711,42.058555603027344,47.16643905639648,35.73263168334961,44.59404754638672,60.59455252918289,,24.126594598833336,19.10284837
1989-11-24,0.0,25900,50.722904205322266,39.24837112426758,56.94755172729492,43.21141052246094,57.59297943115234,47.57315175097277,,16.16742755596667,12.1785403125
1989-11-25,0.0,24800,43.46781921386719,29.6488037109375,28.684724807739254,27.001691818237305,41.01159286499024,26.543968871595325,,11.992999965133334,7.9883595475
1989-11-26,0.0,23300,25.37322998046875,17.08448600769043,13.236745834350586,10.592077255249023,24.5970516204834,15.736381322957198,,10.254419160133336,3.8122929475
1989-12-01,2.0,16700,0.6634443998336792,23.033771514892575,5.10130500793457,7.147089004516602,13.471406936645508,31.737548638132257,,27.836833715265332,14.110865795796
1989-12-02,2.0,16400,40.902076721191406,66.08576202392578,49.095176696777344,41.66309356689453,58.93628692626953,90.34338521400772,,12.128090464432,5.414019515795999
1989-12-03,3.0,26100,112.49044799804688,112.39878845214844,118.24559020996094,122.2626953125,121.92097473144533,150.81420233463024,,8.538043227265334,3.867343945796
1989-12-04,3.0,47600,160.28753662109375,104.7519302368164,123.65081787109376,124.86422729492188,112.02886962890624,131.61614785992214,,22.853768362000004,13.67751615
1989-12-07,1.0,46600,42.08620071411133,39.70079040527344,49.22956848144531,28.783519744873047,48.96231842041016,49.20175097276264,,38.973309050000005,41.34647135
1989-12-08,1.0,40500,53.39103698730469,40.9522590637207,63.0245361328125,40.498138427734375,58.691680908203125,52.57373540856031,,28.313263733333336,26.05154575
1989-12-11,0.0,27300,3.452497959136963,0.0345957763493061,0.1394733637571334,0.0604238212108612,0.1747596263885498,4.694163424124513,,22.97355270166667,13.73785475
1989-12-12,0.0,24900,0.625365138053894,0.0,0.0048889331519603,1.2616139429155735e-05,0.0604596808552742,0.0097276264591439,,25.217720988333333,12.5392251
1989-12-18,0.0,16100,1.5565139055252075,2.279245615005493,1.925913691520691,5.055061340332031,6.364299774169922,3.593968871595329,,12.07842137342,3.453206595
1989-12-24,0.0,15200,4.414029121398926,0.9554375410079956,24.74533462524414,4.916486740112305,9.725371360778809,4.350389105058362,,39.368082792,33.208397755
1989-12-30,0.0,11100,2.767718553543091,14.28723430633545,13.039169311523438,12.428911209106444,17.573610305786133,24.40778210116732,,22.268617511166667,9.7220316835
1990-01-05,1.0,14700,79.80887603759766,64.07984924316406,82.99522399902344,63.81536102294922,79.99308776855469,77.60719844357976,,45.27297486583333,29.0248101
1990-01-06,2.0,22900,84.17671203613281,74.68968963623047,132.2235870361328,104.38346862792967,115.97089385986328,88.04610894941636,,44.83241949999999,33.41882325
1990-01-07,2.0,27300,95.25764465332033,79.57413482666016,126.22063446044922,104.89812469482422,99.6765594482422,108.88132295719848,,31.037348135833334,26.8113585
1990-01-09,1.0,30900,119.58787536621094,82.565185546875,82.2303466796875,96.44383239746094,81.97547149658203,130.63677042801555,,38.6440440275,27.5732123
1990-01-10,1.0,47400,98.61064910888672,58.427642822265625,56.57242202758789,68.02546691894531,64.3111801147461,80.65214007782096,,41.64943945,33.480166049999994
1990-01-19,0.0,18900,0.8398016691207886,0.0898919701576232,1.34039191834745e-05,6.417383815460198e-07,0.001913265325129,0.7937743190661478,,29.24300570161666,19.368553765
1990-01-20,0.0,18200,0.9752143621444702,13.647549629211426,0.564453661441803,1.881908178329468,4.506539344787598,16.21809338521401,,22.19417032,23.299328000000003
1990-01-21,0.0,17900,27.862308502197266,33.39530944824219,29.913488388061523,28.4688720703125,35.15896987915039,55.49883268482492,,22.666745354166668,20.1015754625
1990-01-24,0.0,19100,62.30677795410156,48.43904876708984,100.79503631591795,73.53441619873047,91.12203979492188,62.00564202334631,,25.938033789033334,5.5369493671
1990-01-26,0.0,19100,69.42826080322266,58.60202026367188,81.78314971923828,73.8289566040039,87.96206665039062,78.64844357976659,,20.193768281138333,4.555896343415
1990-01-31,0.0,16200,30.55079460144043,37.12335968017578,43.52853393554688,41.63901138305664,56.83062744140625,40.03852140077822,,26.72752688328333,22.709515905
1990-02-02,1.0,15100,48.49661636352539,44.9219856262207,90.48483276367188,72.52217102050781,94.1710433959961,70.99922178988326,,24.521624178333333,19.911641685
1990-02-03,1.0,16800,51.69819259643555,45.98538589477539,74.79235076904297,61.021087646484375,76.38542175292969,56.00486381322956,,12.181978672166668,6.272254934999999
1990-02-08,0.0,18700,38.486549377441406,56.67451477050781,54.347312927246094,61.11852264404297,58.25931167602539,99.23988326848249,,31.00434443333333,27.467797750000003
1990-02-09,3.0,18600,82.59304809570312,92.79318237304688,110.03388214111328,98.48058319091795,103.9172134399414,145.92587548638133,,37.58361151666666,36.458033500000006
1990-02-10,3.0,29200,124.63377380371094,102.45498657226562,150.96701049804688,140.00619506835938,140.9378204345703,148.0964980544747,,32.39166075,32.89820125
1990-02-11,3.0,39900,128.10812377929688,82.8106918334961,132.29843139648438,124.18324279785156,125.0570831298828,89.7009727626459,,25.875794423833334,21.98036305
1990-02-25,0.0,16500,18.37564849853516,3.992826461791992,10.750418663024902,1.937607288360596,1.741716742515564,7.393190661478603,,30.314930805,24.14511525
1990-03-05,0.0,14700,8.906648635864258,13.408135414123535,24.117624282836918,15.88601779937744,16.361202239990234,21.779182879377437,,29.160330214666665,15.9953146
1990-03-08,0.0,21300,40.023868560791016,40.14729309082031,49.94115447998047,56.71620941162109,65.41077423095703,57.373929961089466,,14.603217722,6.93238745
1990-03-12,0.0,18900,3.9482476711273193,9.29544448852539,1.704972505569458,4.42239236831665,2.7312519550323486,10.079961089494168,,22.817076855000003,17.273859935
1990-03-14,0.0,18400,23.84272575378418,16.619251251220703,32.78787612915039,19.030664443969727,22.21139335632324,22.29455252918289,,9.600303438333333,6.74077431
1990-03-18,0.0,14000,8.447406768798828,14.83056640625,9.553271293640137,11.391122817993164,17.848567962646484,10.97762645914397,,15.241585418,12.876160475
1990-03-23,0.0,19200,13.34155559539795,13.245229721069336,18.521074295043945,12.979195594787598,16.433496475219727,12.129961089494165,,16.849495809900002,12.9612861
1990-03-27,0.0,14500,0.0751507878303527,0.0,0.0003254314069636,0.0,0.0006576849264092,0.0,,23.95741974,21.14570055
1990-04-07,0.0,18300,0.0016170635353773,0.0923115015029907,0.0015270815929397,0.0651592761278152,0.0221233759075403,0.3214007782101172,,15.658398926216666,8.448817531500001
1990-04-19,0.0,21200,8.310075759887695,7.724066257476807,11.716741561889648,5.035195350646973,16.1336669921875,6.603696498054482,,12.659112865,7.031406930000001
1990-04-22,0.0,20500,13.59183406829834,16.860240936279297,21.245834350585938,18.81062126159668,18.62670135498047,15.339494163424124,,7.6221842195333345,3.74934720035
1990-05-01,1.0,15700,7.938950538635254,8.452095985412598,0.277109146118164,1.7664227485656738,5.513826370239258,5.208754863813231,,9.41302260222,4.49659293
1990-05-02,1.0,16900,8.218753814697266,8.185239791870117,0.3054611086845398,1.8021100759506223,5.558483123779297,5.208754863813231,,9.176149102886669,3.243008745
1990-05-21,1.0,16400,15.96604347229004,18.200101852416992,15.47355842590332,20.726322174072266,20.30538749694824,19.75953307392997,,6.113111058833333,2.32780451
1990-05-22,1.0,16000,17.642492294311523,20.468006134033203,14.678521156311035,13.050413131713867,17.46457862854004,15.93501945525292,,3.7001254138333337,0.437284175
1990-05-26,1.0,15500,3.700733423233032,6.302228927612305,7.422368049621582,10.656269073486328,14.798534393310549,11.732684824902726,,8.847585389166667,4.03245205
1990-05-27,1.0,13400,6.875156879425049,9.777572631835938,8.141216278076172,10.41269588470459,13.96748161315918,14.72431906614786,,15.426017361666666,10.054394899999998
1990-06-02,2.0,21000,24.30178451538086,29.129642486572266,40.40430450439453,48.751075744628906,76.23094177246094,34.92431906614788,,6.689305137283334,4.90154721615
1990-06-03,2.0,20000,35.49840545654297,32.50767517089844,40.16769409179688,44.63299179077149,43.07118225097656,37.48015564202338,,5.591482195899999,3.222792967
1990-06-07,0.0,25500,35.43963623046875,33.889991760253906,39.08112335205078,36.312496185302734,34.87165451049805,41.78424124513618,,3.727361263383333,0.253221459
1990-06-10,0.0,24800,38.368797302246094,35.11281204223633,26.404916763305664,44.16791915893555,36.48093032836914,43.45389105058364,,12.023068753166664,7.483248907499999
1990-06-18,1.0,22600,0.2965435981750488,0.2432075440883636,1.0039303302764893,0.561008095741272,0.9886364936828612,0.148054474708171,,3.696816482066667,0.6824321912000001
1990-06-19,1.0,22300,0.1774325370788574,0.1760390400886535,1.339779019355774,0.4876901507377624,1.0045945644378662,0.148054474708171,,4.0866722929,0.7848670787
1990-06-20,1.0,23200,0.3396844863891601,0.0757759287953376,1.2885692119598389,0.4182172119617462,1.004848599433899,0.0036964980544747,,2.8272850431666665,0.1320049995
1990-06-29,1.0,23900,3.5954596996307373,1.166520357131958,2.670440673828125,0.3615997433662414,1.6479616165161133,0.3834630350194552,,5.700629780883333,0.16312522335
1990-06-30,1.0,25000,1.328796148300171,5.786423206329346,1.9369933605194087,0.2188455462455749,0.650479793548584,2.204280155642021,,7.431411381883333,0.78453967635
1990-07-02,0.0,21600,9.179773330688477,12.13819980621338,7.203224182128906,13.972505569458008,1.953986406326294,9.02743190661478,,3.3821227164000005,0.7222835318
1990-07-05,0.0,23300,10.645109176635742,12.104652404785156,12.80843734741211,3.926472187042236,12.43967628479004,10.14007782101167,,5.1568063224,0.3472906632
1990-07-06,0.0,24200,15.273322105407717,13.230915069580078,12.827317237854004,4.740956783294678,13.510265350341797,10.14007782101167,,4.759489192999999,0.028006415
1990-07-08,0.0,25100,5.010173797607422,1.1262627840042114,0.5762930512428284,0.8146646022796631,1.1269572973251345,0.0461089494163424,,3.555728487866667,0.2121524685
1990-07-12,0.0,30200,0.1840674728155136,0.0378225520253181,0.7078884840011597,0.5759665966033936,0.3465943336486816,0.1861867704280156,,2.846912532266667,0.6118558968000001
1990-07-19,0.0,19700,0.0721964314579963,0.0,0.0028206915594637,1.4040418136573862e-05,0.0008136982796713,0.0,,2.506946678416667,0.33557959025
1990-08-18,0.0,9840,20.871490478515625,23.496971130371094,11.605685234069824,16.05007553100586,21.101768493652344,19.78482490272372,,1.211804243,0.24425916
1990-08-23,0.0,11600,8.10157585144043,5.043650150299072,5.139101028442383,4.351879119873047,15.98890495300293,3.609143968871595,,4.7437619232333335,1.0616311822
1990-09-11,0.0,8430,0.1218452304601669,0.0,0.0234586372971534,0.1471045166254043,0.0877770781517028,0.144941634241245,,6.189908788333334,2.33720158
1990-09-24,0.0,8120,0.136859118938446,0.0,0.0005451592151075,7.893826114013791e-05,0.0098481476306915,0.0200389105058365,,2.830538494966667,0.5296311699
1990-09-25,0.0,8290,0.2565436363220215,0.0535449683666229,0.000579510058742,0.0002207271318184,0.0098697124049067,0.0200389105058365,,5.356420448300001,0.4807053899
1990-10-01,1.0,7810,10.881046295166016,18.453350067138672,13.011771202087402,12.712745666503906,19.19082260131836,19.937743190661475,,12.218290558333331,4.802352005
1990-10-02,4.0,7540,26.225875854492188,70.91989135742188,29.392902374267575,50.59245300292969,68.65287017822266,107.50466926070033,,13.259259879666669,6.128341573999999
1990-10-03,4.0,8860,105.2347640991211,110.06533813476562,72.79158782958984,110.2604522705078,140.48548889160156,141.66128404669251,,10.410826324466663,2.058987722
1990-10-04,4.0,30400,139.97605895996094,116.99325561523438,83.70649719238281,122.13421630859376,153.28689575195312,138.0044747081711,,7.104572462745,1.9121805975
1990-10-05,4.0,40800,127.9887237548828,65.29275512695312,67.39322662353516,84.44635772705078,104.1230697631836,50.401750972762606,,4.558569715195,0.6624205985
1990-10-06,0.0,21800,48.33230972290039,17.598621368408203,15.52854347229004,17.458314895629883,21.75469207763672,3.747470817120621,,3.509501723145,0.5295805185
1990-10-09,1.0,12700,23.864591598510746,17.742691040039062,13.753029823303224,18.16206169128418,18.85918617248535,23.17607003891052,,2.67511362315,0.54558625195
1990-10-10,1.0,15200,23.65433692932129,31.131027221679688,13.76007080078125,18.62880516052246,18.946643829345703,36.96634241245138,,8.696446508983335,0.37873945695
1990-10-11,2.0,14100,45.6832389831543,34.30615234375,35.89728927612305,40.35752487182617,35.38013458251953,40.699416342412434,,11.242471363000002,0.483060149
1990-10-12,2.0,14800,38.36344909667969,38.10387420654297,40.726707458496094,48.864051818847656,49.63286972045898,41.81634241245135,,13.322769113833337,1.279151515
1990-10-14,0.0,15800,40.455223083496094,35.167999267578125,33.70848846435547,43.26519393920898,40.80388641357422,48.58599221789883,,8.012908558166666,1.4618951305
1990-10-17,1.0,18500,36.27179718017578,25.618309020996094,34.1450080871582,29.4512939453125,32.671966552734375,34.45311284046694,,9.200937440583331,1.44674017175
1990-10-18,1.0,18100,34.877899169921875,25.71078109741211,31.24988555908203,23.37154197692871,25.241722106933597,31.53754863813231,,15.72839712475,0.21613372425
1990-10-20,2.0,16500,40.07055282592773,31.402204513549805,28.41000747680664,29.415117263793945,39.730838775634766,48.17392996108951,,25.584275147966665,10.5024778525
1990-10-21,2.0,17700,41.15362930297852,29.19611549377441,26.54947853088379,28.699729919433597,38.55075454711914,47.12120622568095,,22.2045753283,13.8575556
1990-10-23,4.0,19200,13.98783016204834,1.8859784603118896,7.708469390869141,2.3740930557250977,4.721006393432617,5.856225680933856,,24.356901008083334,16.08354215
1990-10-24,4.0,17600,2.055525302886963,26.39175796508789,17.43933868408203,24.36370277404785,26.55826568603516,30.544357976653703,,38.41961465691666,18.2347322
1990-10-25,4.0,17200,34.311458587646484,36.06829452514648,36.25215148925781,34.4088249206543,35.61064910888672,33.35933852140079,,43.40202860666667,27.4023332
1990-10-26,4.0,28000,35.1997184753418,50.78950119018555,31.67823982238769,34.330406188964844,32.89971160888672,40.98852140077821,,33.171447953333335,19.36939716
1990-10-27,2.0,22200,54.82834243774414,37.28181838989258,37.5073127746582,29.78081512451172,43.42233276367188,36.63365758754863,,17.208686803333332,14.61377981
1990-10-28,2.0,22200,35.1688232421875,39.34149169921875,25.67648696899414,27.59954833984375,45.5012321472168,47.4533073929961,,12.455045210000002,5.45954601
1990-10-29,1.0,22900,48.76167678833008,35.57297134399414,52.89719009399414,49.39444351196289,73.94874572753906,45.52217898832684,,12.706220625,6.2342113
1990-10-30,1.0,22500,38.47339630126953,28.2622013092041,34.87384033203125,30.258102416992188,44.4586296081543,28.517315175097277,,16.325975646666667,8.090486455
1990-11-03,0.0,19700,28.719051361083984,31.36361694335937,48.56525421142578,43.10894775390625,36.452972412109375,50.69883268482489,,39.24734692166667,10.005326465
1990-11-08,4.0,21600,249.74676513671875,158.23251342773438,104.54231262207033,133.3328399658203,140.47605895996094,253.6838521400776,,50.74220030333333,39.8836005
1990-11-17,0.0,44500,21.47237968444824,17.412765502929688,17.16742706298828,8.91028118133545,18.972871780395508,18.326264591439667,,43.166041705,39.9664864
1990-11-21,5.0,33600,85.05992889404297,97.6503677368164,71.31285858154297,87.40359497070312,107.44412994384766,153.21225680933856,,24.465847400666664,15.543663979999998
1990-11-22,5.0,42600,132.42640686035156,170.85940551757812,110.33191680908205,149.80923461914062,188.09844970703125,220.9850194552529,,29.547634098166668,15.17628678
1990-11-23,5.0,64100,240.1663360595703,203.25868225097656,181.92857360839844,219.711669921875,254.56570434570312,246.4953307392996,,31.770307107500003,18.25952373
1990-11-24,5.0,97200,233.4564514160156,161.6033935546875,146.2000732421875,166.27273559570312,187.2152862548828,177.4793774319066,,34.60948151416667,22.60447985
1990-11-25,5.0,142000,181.8933258056641,90.8811264038086,97.653564453125,89.304443359375,95.86460876464844,107.28093385214008,,35.7643346,31.7995213
1990-11-28,1.0,51100,40.23097229003906,42.84740829467773,75.65392303466797,55.543556213378906,77.11376953125,61.53949416342415,,33.74601071,27.5309363
1990-11-29,1.0,42600,46.53940200805664,52.63347625732422,74.52735137939453,56.61104965209961,79.84713745117188,55.93540856031131,,37.49485735166667,34.65546535
1990-12-01,0.0,36100,69.37987518310547,49.71323013305664,37.31925582885742,41.55499649047852,59.13224029541016,60.03424124513618,,34.623092175,26.778366750000004
1990-12-02,0.0,34300,69.11659240722656,70.5711441040039,37.99910354614258,60.25638961791992,84.92405700683594,100.91692607003884,,32.89114369016667,20.62129985
1990-12-03,3.0,33400,103.11273956298828,81.00577545166016,80.0539779663086,84.31432342529297,117.13834381103516,105.1566147859922,,31.69414307683333,24.6164782
1990-12-04,3.0,41900,114.03382873535156,74.15056610107422,90.36288452148438,90.72350311279295,121.46493530273438,94.93307392996108,,28.69178566756667,28.781554850000003
1990-12-08,2.0,25300,54.22525024414063,60.69097137451172,77.45188903808594,47.932376861572266,57.29646301269531,81.88715953307384,,12.642648566666663,8.8291553
1990-12-09,2.0,35200,73.17344665527344,64.6420669555664,90.15567016601562,50.75590133666992,60.44010925292969,95.23229571984426,,11.363421159966666,7.556823195000001
1990-12-11,0.0,32100,32.06954574584961,19.95289421081543,26.0856990814209,6.602621078491211,14.957304000854492,19.6828793774319,,20.590916236633333,17.115267745
1990-12-17,1.0,20500,60.83729553222656,54.14835357666016,70.52726745605469,49.09005737304688,64.24877166748047,57.324708171206254,,20.647679701666664,18.45955605
1990-12-18,1.0,24300,62.19329833984375,46.34332656860352,70.62777709960938,47.79827117919922,60.191741943359375,35.620817120622576,,19.244195153333333,12.4924885
1990-12-19,0.0,21000,50.04133987426758,20.12843513488769,16.67055320739746,9.806829452514648,14.657639503479004,2.55272373540856,,17.10921940333333,9.31464295
1991-01-05,0.0,14300,1.9005601406097408,8.123465538024902,8.33467960357666,0.3563170135021209,0.1485327929258346,6.604280155642023,,27.332331794216664,13.97922522
1991-01-09,0.0,16500,64.24649047851562,51.76348876953125,62.279293060302734,43.11946487426758,49.89780807495117,62.119844357976646,,48.035839029,33.50041685
1991-01-11,1.0,17800,75.21994018554688,88.14768981933594,113.2960205078125,72.79110717773438,68.53724670410156,134.57529182879375,,39.15650863166666,34.626742
1991-01-12,1.0,29200,115.20084381103516,106.2395248413086,131.8584747314453,108.9482421875,100.93671417236328,152.0682879377432,,32.32216051933333,26.39801325
1991-01-27,0.0,17000,1.8995239734649656,1.696897268295288,1.0236738920211792,0.5820690393447876,1.6675128936767578,1.3680933852140085,,34.64060845136667,22.6491809
1991-02-01,4.0,17800,56.320831298828125,64.03269958496094,141.62454223632812,102.6916961669922,114.29084014892578,90.37315175097277,,29.889287365,22.80841435
1991-02-02,4.0,24700,77.77306365966797,74.03271484375,126.0561981201172,92.46951293945312,100.10415649414062,94.64513618677044,,20.2190199675,12.666056825
1991-02-03,4.0,32800,86.53778839111328,88.80316162109375,120.68307495117188,122.9958724975586,142.21871948242188,101.78443579766534,,13.2392248425,6.1484854250000005
1991-02-04,3.0,34900,88.99031066894531,70.23175811767578,102.37574005126952,88.9128189086914,108.43903350830078,79.28638132295717,,11.6514236775,5.84526799
1991-02-05,3.0,48800,65.60965728759766,48.12801742553711,72.53699493408203,68.83049774169922,86.91361999511719,48.637743190661446,,12.996084216666668,5.867614065
1991-02-06,2.0,42000,41.683406829833984,20.534297943115234,40.368011474609375,17.335264205932617,12.656944274902344,17.086770428015562,,10.726723846666664,3.899853015
1991-02-07,2.0,30400,16.568115234375,22.393199920654297,21.686798095703125,9.61236572265625,17.594247817993164,19.56225680933852,,12.896153435833334,3.88183082
1991-02-08,2.0,28400,18.93574333190918,22.39326858520508,26.994821548461918,9.612313270568848,17.661617279052734,19.51673151750973,,18.031385244166668,9.21074777
1991-02-11,0.0,31900,23.16280937194824,23.06908416748047,37.01803970336914,30.74674415588379,22.566822052001957,26.0898832684825,,38.10819052983334,35.203092350000006
1991-02-18,2.0,27100,54.44595718383789,79.33035278320312,71.08502197265625,57.40999984741211,84.44664001464844,110.29863813229572,,10.294984458833332,2.8994240725
1991-02-19,2.0,34200,92.95697021484376,85.64309692382812,83.49813842773438,69.05941772460938,89.38888549804688,110.84922178988326,,10.170955563583334,1.27128958675
1991-02-20,2.0,44100,91.69384002685548,52.87293243408203,78.37036895751953,64.30963134765625,77.71723937988281,75.78210116731518,,9.25949827225,0.7846276467500001
1991-03-01,0.0,20500,39.46085739135742,56.64874267578125,84.62107849121094,56.349239349365234,43.82744598388672,77.34338521400781,,28.496312256666663,18.6780479
1991-03-12,0.0,18900,25.4681339263916,12.316258430480955,20.950532913208008,26.56768798828125,27.92889404296875,14.891828793774314,,13.81292777225,9.938652019999996
1991-03-13,0.0,18600,14.393556594848633,4.391330242156982,16.73005485534668,20.09759521484375,22.93113136291504,6.888910505836574,,9.766333068916666,4.8325466200000005
1991-03-17,0.0,16600,0.4456071257591247,5.491011619567871,0.0011992205400019,0.0015480356523767,0.0351817868649959,3.704669260700387,,22.460648256166664,16.218486849999998
1991-03-19,0.0,11500,8.133523941040039,10.421133995056152,3.1009035110473637,6.636557579040527,11.99499797821045,9.826848249027236,,24.9305603045,17.50932145
1991-03-26,0.0,16200,1.9840487241744995,0.1848022639751434,0.3750275373458862,3.788012981414795,6.110462665557861,0.5875486381322957,,30.385791903166663,11.090619335
1991-03-30,0.0,12600,11.297943115234377,3.3827829360961914,2.254932403564453,1.8261511325836184,4.173013687133789,0.4737354085603114,,15.45735958,10.1133331
1991-04-01,0.0,13100,12.325221061706545,13.327640533447266,9.774550437927246,8.739845275878906,8.368247985839844,17.949805447470823,,20.95853990833333,19.4521154
1991-04-03,2.0,12300,79.65372467041016,94.54290771484376,84.7072525024414,109.7771453857422,106.42507934570312,129.73229571984433,,15.31462668833333,11.536184235
1991-04-04,2.0,20300,135.18115234375,114.8093719482422,140.7877197265625,152.22227478027344,129.1921844482422,147.5813229571984,,11.830042133333333,6.426745985
1991-04-05,2.0,30700,143.55715942382812,80.51986694335938,130.70379638671875,130.9398193359375,109.25485229492188,100.63404669260696,,14.10662235,10.936770135
1991-04-09,0.0,17800,25.713180541992188,19.759708404541016,34.31769561767578,27.67674827575684,41.63801956176758,27.413813229571996,,24.78225918333333,19.50616305
1991-04-13,0.0,13900,2.7815303802490234,5.516891956329346,7.032124996185303,2.7587242126464844,3.588172912597656,9.753891050583652,,17.481437216733333,9.173659955
1991-04-21,0.0,18800,0.4557203650474548,0.0,0.0007135339546948,0.0043900907039642,0.4333009123802185,0.4424124513618676,,14.859089728666667,11.04168723
1991-04-27,0.0,19100,6.398215293884277,8.427660942077637,6.636838912963867,11.76930046081543,5.478888511657715,7.422568093385213,,26.36226425447167,21.90984128
1991-04-29,0.0,16300,7.778925895690918,4.569263458251953,5.51869010925293,7.91946268081665,6.07328462600708,3.922957198443579,,24.263526564000003,21.5576304
1991-05-05,0.0,18900,14.800130844116213,14.865922927856444,9.220829010009766,19.4177360534668,12.998741149902344,21.435019455252927,,8.955003871483333,5.897781394999999
1991-05-11,0.0,19300,2.865257740020752,1.6457513570785522,0.8581962585449219,4.851730346679688,10.680225372314451,2.3607003891050597,,9.446054848166666,2.900514862
1991-05-13,0.0,21000,2.762846708297729,3.1272311210632324,6.883606433868408,3.5645570755004883,11.996641159057615,2.9735408560311307,,20.4924291175,7.197748649999999
1991-05-15,0.0,20000,2.2409701347351074,4.055037498474121,11.409881591796877,2.665834903717041,4.525943756103516,6.8696498054474695,,9.008260647216666,2.8670146815
1991-05-17,0.0,20900,19.49524307250977,22.596559524536133,30.4881649017334,25.851577758789062,19.08111572265625,33.45505836575877,,5.944687053499999,1.981785768
1991-05-19,0.0,24100,21.950084686279297,10.7782564163208,2.0733470916748047,9.85995864868164,10.280069351196287,10.407976653696508,,9.772946054816666,3.825097695
1991-05-24,0.0,23000,16.33963966369629,20.148595809936523,10.931236267089844,16.37111473083496,19.882118225097656,18.51459143968872,,9.808425181833334,7.073994525
1991-06-01,0.0,20500,0.7751210927963257,0.3852517008781433,0.7048828601837158,0.2097470760345459,0.4142854809761047,0.5311284046692606,,16.959381373,10.522233859
1991-06-04,0.0,20700,1.920071601867676,2.7289509773254395,5.931787014007568,3.888052940368652,2.526341199874878,1.0587548638132305,,8.1087665825,2.112671205
1991-06-06,0.0,16800,1.9628870487213133,5.190073013305664,11.605538368225098,6.65590763092041,0.0302373133599758,5.059922178988326,,8.112480809433332,2.9500417723
1991-06-07,0.0,18800,4.78815507888794,5.576855659484863,12.489913940429688,9.084346771240234,0.806272029876709,4.998054474708169,,8.672484467816666,2.8751590034500003
1991-06-10,1.0,24400,6.530552864074707,12.08328914642334,4.160664081573486,3.5509166717529297,6.829784393310547,14.345136186770429,,6.1254711362166665,0.9361660238
1991-06-11,1.0,26800,13.660402297973633,17.65997314453125,10.55624294281006,14.609137535095217,17.503664016723633,19.16128404669261,,5.741529628816666,1.5578188288
1991-06-16,0.0,21000,17.002248764038086,15.31574821472168,15.902702331542969,16.936962127685547,16.984081268310547,14.390661478599233,,8.664297001966666,0.5459277005
1991-06-22,0.0,23000,15.784452438354492,9.77308750152588,6.250894546508789,5.869879245758057,10.691165924072266,5.406809338521406,,11.340976751666668,5.010180770000001
1991-06-29,0.0,25600,3.2345433235168457,1.5609008073806765,6.205906867980957,3.7594146728515625,13.072452545166016,6.361673151750976,,9.058097280333334,0.933848198
1991-06-30,0.0,24600,3.2211287021636963,1.3164849281311035,5.97147274017334,3.077945709228516,11.95325756072998,1.2208171206225675,,4.465927368316668,0.91131519995
1991-07-10,0.0,24800,0.0313869044184684,0.0225796457380056,0.0021539060398936,0.0363650247454643,0.5291020274162292,0.0,,3.501134751416667,1.39895478975
1991-07-11,1.0,24000,0.1617162525653839,0.0268241018056869,0.0021634565200656,0.0338171981275081,0.7411158680915833,0.9101167315175096,,2.780809554,1.91692589
1991-07-12,1.0,24200,0.1911487877368927,1.2388944625854492,2.509939193725586,0.9099981188774108,2.5369386672973637,1.5770428015564193,,1.8172901827,1.8630418106
1991-07-13,1.0,31300,2.080374240875244,6.032345294952393,2.6594347953796387,0.917597770690918,2.1829464435577397,4.114980544747082,,1.7135019860333336,1.7195113305999998
1991-07-16,0.0,24000,15.059341430664062,8.91102409362793,12.56752872467041,12.250234603881836,5.884500980377197,9.109727626459142,,5.580601915883332,0.60396636715
1991-07-20,0.0,23000,1.3611316680908203,2.1329803466796875,0.2587639689445495,0.0524295717477798,0.2459156215190887,0.926070038910506,,2.552762329383333,0.49154586315
1991-07-21,0.0,22600,1.1672050952911377,2.1329803466796875,0.277739554643631,0.0528680458664894,0.2478612810373306,1.0038910505836576,,2.3653752201666665,0.5311754355
1991-07-26,0.0,26800,11.999930381774902,3.425785779953003,6.291669845581055,2.684380054473877,2.532074451446533,1.3830739299610897,,0.9345058625833332,0.3023598977499999
1991-08-09,5.0,18300,13.333307266235352,10.523298263549805,5.260812282562256,6.647292137145996,7.223508358001709,7.998054474708175,,4.0438771508333335,0.6620362875
1991-08-13,0.0,15900,3.881184339523315,4.644486904144287,9.760526657104492,5.75664758682251,8.157025337219238,2.192412451361867,,1.32745868705,0.0200031288
1991-08-26,2.0,11000,28.699234008789062,29.03730010986328,38.19009017944336,40.10731887817383,30.714374542236328,28.7408560311284,,16.503392314000003,7.298731032
1991-08-27,2.0,11500,46.62929153442383,43.59746170043945,57.142333984375,51.682987213134766,46.104827880859375,37.483852140077815,,12.254857660583331,8.8805888322
1991-08-28,5.0,15100,79.21463775634766,43.88937759399414,63.15564727783203,64.4250259399414,69.3282241821289,38.911284046692586,,11.18564093325,5.8131731132
1991-08-29,5.0,17600,68.97208404541016,34.485599517822266,29.031967163085938,28.67934799194336,43.30706787109375,23.025486381322946,,12.317838249916669,4.8556182132
1991-08-30,5.0,22900,49.28857421875,36.30116271972656,17.011016845703125,22.40475082397461,39.10615921020508,19.39143968871593,,15.301122166,10.933443201
1991-08-31,5.0,19000,31.235736846923828,26.97374725341797,14.945524215698242,8.414347648620605,15.30006504058838,14.580739299610892,,13.666100861666669,9.189098585
1991-09-01,0.0,20500,17.375871658325195,21.38120651245117,11.423972129821776,6.614109992980957,11.326623916625977,9.12762645914397,,14.3294149245,9.399742155
1991-09-04,0.0,13200,0.3754345178604126,0.0,0.0005858173244632,0.0,0.000851611723192,0.1463035019455252,,9.8625341415,6.260608939999999
1991-09-05,0.0,12000,0.0894404798746109,0.4238846004009247,0.0002487062010914,8.476261427858844e-05,0.0216218195855617,0.6060311284046692,,7.479318704666666,6.2260210245
1991-09-13,0.0,8600,4.658676624298096,5.640134811401367,5.260025978088379,2.937669515609741,3.159374475479126,12.573735408560308,,27.55918174593333,8.99985654
1991-09-22,1.0,6200,0.0,0.1202967092394828,0.0011012196773663,0.4972482323646545,0.2365439534187317,0.0,,4.0512162151333335,3.1039437154
1991-09-23,1.0,7600,0.0,0.1202967092394828,0.0009381028939969,0.0087066069245338,0.2044668197631836,0.0,,3.118809958466666,1.7697832054
1991-10-03,0.0,9170,0.0,0.0,1.3942461009719407e-05,4.656163218896836e-05,0.0081567177549004,0.0,,4.827393169916667,0.6797820708
1991-10-06,0.0,8890,0.0,0.0,0.2542859315872192,0.0016165375709533,0.0985355004668235,0.0,,10.197009514833336,2.11247355
1991-10-13,0.0,6930,0.1072936505079269,0.0,1.4253422021865845,0.0068328264169394,1.1787534952163696,0.0264591439688716,,24.33436221008333,17.63150295
1991-10-15,1.0,5520,3.936227798461914,13.31040382385254,16.159399032592773,12.673640251159668,15.089762687683104,18.86400778210117,,19.910292183416665,6.203628577500001
1991-10-16,2.0,5690,16.475603103637695,14.988706588745115,17.99790382385254,16.629405975341797,21.39898681640625,18.843774319066156,,15.460924264416668,0.6057307537500001
1991-10-17,0.0,6030,17.357635498046875,11.442692756652832,18.02595329284668,16.741769790649414,22.247432708740234,20.2239299610895,,21.73318181125,9.554202248749998
1991-10-19,1.0,5760,3.8144431114196777,12.476255416870115,0.0663287490606308,1.2320632934570312,4.71152400970459,5.652529182879377,,33.70796957333334,21.724776835
1991-10-20,2.0,5260,17.91092300415039,21.111705780029297,10.5453462600708,11.472281455993652,18.54592704772949,27.90603112840467,,36.996270094,22.138854335
1991-10-21,2.0,6110,23.88003921508789,23.498964309692383,19.476184844970703,20.96866798400879,29.892139434814453,30.66556420233463,,33.71098089899999,21.581494835
1991-10-31,1.0,7810,8.000128746032715,9.427482604980469,10.810855865478516,6.851082801818848,9.224023818969728,11.123540856031129,,33.64677315333333,26.1867749
1991-11-01,1.0,6730,7.905773639678955,5.453783512115479,10.686861991882324,6.850526332855225,9.200150489807127,5.6068093385214,,26.90940343333333,20.9200429
1991-11-03,1.0,5520,26.067338943481445,34.02854919433594,32.42511749267578,30.64923095703125,31.02165985107422,44.68190661478596,,19.783106436195663,2.5115083730000003
1991-11-04,1.0,6690,52.66300964355469,46.65689468383789,64.40962219238281,43.78353118896485,62.18273162841797,59.90447470817118,,17.383938886962333,1.048780123
1991-11-05,1.0,12200,60.55543899536133,35.59531021118164,73.67674255371094,43.78319549560547,62.52798461914063,57.90972762645912,,17.663221337200003,5.520781159999999
1991-11-06,0.0,15600,35.43361282348633,24.83721160888672,42.50051498413086,16.59566307067871,39.3863525390625,31.551945525291817,,17.290869700533335,13.26778845
1991-11-09,0.0,12200,28.927202224731445,30.579326629638672,47.58537292480469,14.810211181640623,30.422998428344727,16.051167315175086,,33.9416234998,29.133646650000003
1991-11-10,0.0,8600,26.80014038085937,55.14898681640625,44.33712768554688,32.26428985595703,51.681884765625,75.56361867704283,,40.39463178146666,32.1480203
1991-11-11,3.0,9150,71.20030212402344,78.16959381103516,60.72798156738281,56.29188919067383,71.8072509765625,94.82859922178994,,37.17544763446667,27.54779785
1991-11-12,3.0,28800,97.4062957763672,81.5263671875,86.49501037597656,72.79580688476562,86.47128295898438,106.5356031128405,,29.750082918,23.245811850000003
1991-11-15,3.0,17200,23.345361709594727,27.561580657958984,24.23231506347656,30.555072784423828,30.363813400268555,41.99143968871597,,27.282242893666663,17.0405157
1991-11-16,3.0,15000,33.008148193359375,41.62179183959961,67.97928619384766,80.91085052490234,69.46945190429688,65.32587548638134,,30.211197593666665,19.6811551
1991-11-17,1.0,17200,53.12847900390625,49.865665435791016,77.60302734375,88.84589385986328,78.00227355957031,75.66050583657591,,41.703227375,29.8679193
1991-11-19,2.0,18200,94.22427368164062,81.00015258789062,94.65486145019533,98.07006072998048,116.17228698730467,101.85739299610898,,41.735622795000005,34.7656964
1991-11-20,2.0,32000,90.4279556274414,84.34245300292969,95.19580841064452,95.47335815429688,118.5538330078125,95.29046692607004,,37.896433220000006,24.4988879
1991-11-23,0.0,17100,16.770687103271484,28.29335594177246,30.42124366760254,12.972271919250488,19.117048263549805,40.87470817120621,,18.566860355333333,12.350449746
1991-12-05,2.0,16700,87.28624725341797,75.55396270751953,100.5745086669922,79.728271484375,84.82542419433594,106.65350194552526,,13.803366678333331,7.09889797
1991-12-06,2.0,36500,100.57098388671876,87.95002746582031,93.53931427001952,83.81156921386719,89.04554748535156,112.00933852140078,,15.269318469999998,5.37398487
1991-12-07,0.0,28100,123.35751342773438,76.2374038696289,87.44157409667969,56.92148971557617,83.14970397949219,85.32217898832688,,17.188197105,4.719077565
1991-12-09,1.0,28400,88.14250946044922,61.73159790039063,74.68286895751953,53.927337646484375,85.72052001953125,80.8470817120623,,8.492873191666666,0.7593213750000001
1991-12-16,0.0,16700,1.5572283267974854,0.2741023302078247,0.0711300894618034,1.8479622667655349e-06,7.722815644228831e-05,0.1453307392996108,,33.32445413916666,17.134410685
1991-12-19,0.0,15000,9.252533912658691,12.50927448272705,15.388005256652832,9.675082206726074,20.033676147460938,15.80466926070038,,39.36212823833333,42.4091738
1991-12-21,1.0,11200,10.207075119018556,7.773586273193359,19.56222343444824,6.40887975692749,15.107410430908203,8.757587548638131,,32.899371985,31.06259375
1991-12-25,2.0,9460,4.7133989334106445,11.991990089416504,14.994171142578123,2.573768377304077,4.6254072189331055,4.978988326848245,,27.879551246666665,24.608567615
1991-12-26,2.0,9070,6.159205436706543,5.153644561767578,7.152941703796387,1.6599708795547483,2.001159429550171,3.714202334630351,,45.819245808333335,46.0201001
1991-12-27,2.0,9290,3.1032819747924805,5.66435432434082,2.907078981399536,1.3616214990615845,1.107435941696167,4.771789883268482,,44.75455375833333,41.5149171
1991-12-28,0.0,10300,4.664859771728516,5.369308471679688,2.574803352355957,3.058603048324585,4.127512454986572,6.863813229571987,,42.9931335,38.95061575
1991-12-29,0.0,10300,3.1908888816833496,3.8430020809173584,2.034770965576172,3.6902592182159424,4.39811897277832,7.958949416342415,,28.496232183333333,25.4096573
1992-01-02,2.0,10500,36.30076217651367,32.68178176879883,47.775428771972656,37.02754211425781,39.670928955078125,57.620622568093374,,20.23486708333333,14.085507799999998
1992-01-05,0.0,12600,15.28371238708496,10.26362419128418,21.62912368774414,20.981914520263672,25.99940299987793,8.979182879377436,,29.03176183333333,26.3649201
1992-01-09,2.0,13300,28.32762908935547,42.37767791748047,47.41031265258789,15.250448226928713,18.012550354003906,53.23929961089493,,41.995891741933335,31.068263
1992-01-10,2.0,16000,55.25395965576172,45.41062927246094,71.55350494384766,38.09217071533203,29.619407653808597,52.2056420233463,,46.3436915586,37.59513535
1992-01-19,0.0,15500,0.7283610105514526,3.93340516090393,0.0033883082214742,6.628780369055677e-08,2.8026347536069807e-06,6.66284046692607,,22.585345972166664,8.65376515
1992-01-22,2.0,16000,72.91514587402344,79.71990966796875,115.21940612792967,85.79267883300781,86.32571411132812,110.144747081712,,47.28117898333333,43.9457882
1992-01-23,2.0,21600,121.5306396484375,88.63888549804688,130.71900939941406,101.01896667480467,99.1965560913086,97.0120622568093,,45.09500408333333,41.3228812
1992-01-24,2.0,36200,118.42218780517578,72.731201171875,141.9879150390625,110.10865020751952,112.24720764160156,84.88832684824897,,40.95622655,34.7486016
1992-01-25,1.0,31000,80.81694030761719,37.703556060791016,68.72057342529297,45.73497772216797,48.78970718383789,29.665953307392986,,31.206414635,17.099510605
1992-01-26,3.0,26900,30.756500244140625,50.191986083984375,66.9615478515625,67.02104949951172,40.33879852294922,71.20836575875487,,36.40236736166667,15.095263855000002
1992-01-27,3.0,24300,69.90699768066406,72.30224609375,100.26506042480467,92.0509796142578,55.59748840332031,86.35116731517512,,45.08316126166668,29.081765505
1992-01-28,3.0,31200,94.85421752929688,87.85964965820312,146.45294189453125,144.7816925048828,116.21044921875,102.21712062256812,,36.98321860366667,27.07842884
1992-01-29,3.0,37800,114.93254089355467,79.44033813476562,154.5228271484375,121.17510986328124,144.13409423828125,80.28229571984437,,24.496725917000006,17.98992705
1992-01-30,3.0,36500,92.15735626220705,66.20500946044922,158.87939453125,115.535400390625,156.0396728515625,80.26731517509727,,11.057179520333332,0.47034526
1992-01-31,3.0,38000,73.39777374267578,52.967262268066406,120.00057220458984,72.08682250976562,104.99314880371094,60.14785992217897,,12.68492878,2.9508464200000004
1992-02-01,3.0,40100,52.30469131469727,36.49668502807617,75.19853210449219,58.4380989074707,61.9109001159668,46.47276264591439,,11.182125898,3.783432065
1992-02-02,1.0,33500,35.42117691040039,19.12636375427246,16.322498321533203,27.46520233154297,30.564437866210938,18.243774319066144,,13.201239113,8.874274655
1992-02-03,1.0,29500,17.7802734375,9.031454086303713,5.99276065826416,16.10859489440918,18.31761360168457,10.203112840466924,,14.135399788666668,10.816510992
1992-02-11,0.0,19300,3.2251293659210205,3.552564144134521,2.1896862983703613,2.7569148540496826,2.622671127319336,3.4305447470817114,,22.00358152053333,14.115853775
1992-02-21,1.0,18000,60.24268341064453,48.98429870605469,81.35409545898438,61.96595001220703,78.9659423828125,82.51361867704279,,19.181289719916663,6.51777015975
1992-02-22,1.0,25100,58.09163284301758,46.1417350769043,62.43689727783203,54.09326553344727,60.41481018066406,63.99066147859921,,21.57509678125,9.72375733
1992-02-27,0.0,21900,12.054006576538086,0.0,3.387207812011184e-07,2.4121887690853328e-05,0.0243157558143138,0.122568093385214,,23.924748301666668,8.731804075
1992-03-09,0.0,16100,0.0260793659836053,0.0,0.0014239978045225,7.598703814437613e-05,0.0001637984241824,0.0,,32.882489613000004,22.6017591
1992-03-13,0.0,12500,0.0789166688919067,0.0,0.0073705739341676,9.419846901437268e-05,0.9596947431564332,0.0,,26.98142597833333,26.271871
1992-03-16,0.0,12000,10.17055320739746,10.814567565917969,8.993630409240723,15.18137550354004,11.472665786743164,13.21614785992218,,16.989072034133333,4.235786321
1992-03-23,0.0,9340,0.0049603176303207,0.0,2.3922693799249828e-05,8.853100007399917e-05,0.0927956253290176,2.5838521400778207,,25.700189231366668,23.8902558
1992-03-30,0.0,9420,0.043117057532072,0.0,0.5072405934333801,0.2136806547641754,0.1517132818698883,0.1381322957198443,,23.604864569666667,23.3654649
1992-04-03,0.0,12900,9.404993057250977,12.977960586547852,14.279500961303713,10.885021209716797,13.142024993896484,16.240661478599222,,7.792741249,3.8010128665
1992-04-15,2.0,9460,13.687551498413086,33.24659729003906,32.07819366455078,40.06881332397461,37.14010620117188,32.19124513618677,,11.132935387536667,7.47293299
1992-04-16,2.0,9860,39.10079574584961,45.700721740722656,69.4937515258789,59.21747589111328,57.727195739746094,56.52548638132296,,6.523543704203333,4.45847754
1992-04-17,2.0,16400,56.59840393066406,45.47380828857422,73.39556121826172,63.25794982910156,60.11974334716797,54.55953307392997,,10.788592882833337,9.03724445
1992-04-23,0.0,9320,9.428750991821287,5.893610000610352,9.30700397491455,10.312220573425291,7.8955817222595215,5.971206225680936,,7.352927467833333,4.37737972
1992-04-26,1.0,8080,7.755965709686279,12.832923889160156,17.49618911743164,7.824853897094727,15.335982322692873,14.5715953307393,,8.3720587175,3.726465194
1992-04-27,1.0,9500,18.028343200683597,26.102951049804688,18.065757751464844,11.008264541625977,18.368053436279297,20.716926070038895,,10.914971054333332,4.63574755
1992-04-28,2.0,14500,37.84264755249024,44.74068069458008,54.35575485229492,43.92623519897461,54.058860778808594,48.20505836575877,,14.102098265,8.27546045
1992-04-29,2.0,20600,54.99365997314453,40.92513275146485,58.76364135742188,52.95992660522461,61.22638320922852,45.87023346303503,,13.189522099999998,7.3695118
1992-04-30,2.0,41000,46.95950698852539,27.8895263671875,58.06544494628906,50.965293884277344,59.062381744384766,40.57704280155644,,16.244885005,11.4245466
1992-05-05,0.0,20000,0.4572162926197052,0.0026641506701707,7.549328483950564e-19,7.723065209574997e-08,0.010458692908287,0.5690661478599222,,8.760832075333333,8.211462684999999
1992-05-08,0.0,21400,6.666659832000732,15.50179386138916,1.0804811716079712,7.56714916229248,7.07315731048584,29.59377431906613,,14.797358232333332,11.1865382
1992-05-26,0.0,16700,2.6062982082366943,2.9371814727783203,2.9699881076812744,4.9449992179870605,5.0969719886779785,2.481712062256808,,8.332556803833333,3.0296425065
1992-05-29,0.0,14800,1.170762062072754,1.0310192108154297,0.8299739956855774,0.9598124623298644,3.4569637775421143,1.4727626459143963,,6.291574819833333,0.600519967
1992-06-02,0.0,16700,0.001797619042918,0.0001417621533619,5.290093421936035,0.0135504473000764,0.1653943210840225,0.0,,8.841260268,4.240669670000001
1992-06-03,0.0,14300,0.001797619042918,0.0,0.4383993446826935,0.012148605659604,0.1473578512668609,0.0,,10.6733167525,6.577664250000001
1992-06-07,0.0,11000,0.0295198448002338,0.0,0.5763939619064331,0.002294483827427,0.0396453328430652,0.0188715953307393,,4.330192478088334,0.524867078765
1992-06-16,0.0,11900,1.047966241836548,0.0021119627635926,0.0753214433789253,1.0314152240753174,8.296401977539062,0.024124513618677,,15.867004563333332,9.47642972
1992-06-20,0.0,12900,0.3918452262878418,0.0824477896094322,0.0013240975094959,0.0002445039572194,0.0503334514796733,0.0040856031128404,,7.917064967933333,0.9995367055
1992-06-26,0.0,13600,0.1030277758836746,2.114629030227661,0.1069155186414718,1.2495758028308046e-06,0.054727591574192,1.5714007782101165,,7.785106586666667,1.6212260005
1992-07-05,0.0,15000,36.98808288574219,45.21220779418945,7.568424224853516,13.65822982788086,55.83760070800781,38.39319066147862,,8.343468882333333,3.386769932
1992-07-13,0.0,11400,0.1095555424690246,0.0507558211684227,1.299692153930664,1.2549753189086914,1.365248203277588,0.2250972762645914,,6.699527026833333,1.44895836
1992-07-14,0.0,11800,0.1171329319477081,0.0,1.1232489347457886,0.3476090133190155,1.17654550075531,0.0085603112840466,,4.691749382616667,1.4070154983499998
1992-07-25,0.0,11800,4.6619181632995605,0.0659076124429702,0.0155219295993447,0.1641727089881897,0.1351266950368881,0.0,,0.5823970791666667,0.0237816835
1992-07-26,0.0,10200,0.1436547338962555,0.0,0.0002696222800295,0.0121798058971762,0.0134302265942096,0.0,,1.2331758345,0.0237816835
1992-07-29,0.0,11500,0.0011230158852413,0.0,0.0015189696568995,2.592594682937488e-06,0.0036365741398185,0.0,,2.8261087978333337,0.5624892368000001
1992-08-05,0.0,9740,4.960184097290039,15.100708961486816,6.523390769958496,11.888261795043944,11.030217170715332,22.4363813229572,,2.622971636266666,0.0436485753
1992-08-06,1.0,9830,24.67564392089844,29.4167594909668,17.925439834594727,21.14641571044922,22.423810958862305,28.26342412451361,,2.693865386033333,0.022251435
1992-08-08,0.0,12700,30.972898483276367,22.73904800415039,13.752188682556152,12.426382064819336,14.160584449768066,11.680350194552522,,2.66349312895,0.19628510075
1992-08-17,0.0,8180,0.0,0.0,0.0002239276655018,9.993947969633156e-06,0.0043339245021343,0.0,,2.7178404916666663,0.349316905
1992-08-21,0.0,8660,16.58305549621582,14.191460609436035,0.736973226070404,0.2403630912303924,2.0601515769958496,23.15389105058364,,1.45411951,0.34749055
1992-09-07,1.0,5000,45.56504821777344,35.5693359375,26.89028549194336,31.621660232543945,25.100492477416992,55.21381322957198,,14.236928035666669,4.106691107
1992-09-08,1.0,5000,47.02511596679688,33.567352294921875,26.772293090820312,30.886695861816406,24.5325870513916,54.341050583657584,,15.634295600000002,4.260863799999999
1992-09-19,2.0,6000,10.279998779296877,7.312006950378418,7.203451156616211,3.187866687774658,9.087230682373049,12.657782101167314,,4.003965945956667,0.14955198787
1992-09-20,2.0,5700,15.115687370300291,7.725329399108887,8.56075668334961,3.5887041091918945,11.01189422607422,12.7284046692607,,2.80028197679,0.11765086537
1992-09-21,2.0,6000,14.965341567993164,5.083542346954346,5.689826965332031,3.5736780166625977,10.785563468933104,12.349610894941634,,1.8840830016233332,0.07540651487
1992-09-22,0.0,7000,5.118067264556885,23.39574241638184,18.28116798400879,21.46852302551269,14.315972328186035,38.130544747081686,,3.7782160823633335,0.08717288409
1992-09-23,2.0,6500,38.7277717590332,41.851539611816406,54.913455963134766,56.99044799804688,52.28896331787109,61.083657587548615,,5.38557314903,0.7611781440899998
1992-09-24,2.0,10800,62.0750617980957,49.83633041381836,58.03258514404297,62.86855316162109,62.8457260131836,73.93229571984433,,9.071359457696667,2.09683149509
1992-09-25,1.0,15700,68.38967895507812,41.97819900512695,51.23792266845703,53.203609466552734,68.13269805908203,40.27392996108949,,7.8260315028333345,2.1369034435
1992-09-26,1.0,12800,49.74496841430664,23.928577423095703,13.733716011047363,17.29983901977539,28.26804542541504,17.020038910505832,,9.813385937833337,4.7644940285
1992-09-29,2.0,9220,0.4700515270233154,0.0,1.732287049293518,1.7646523531311686e-07,0.0182182863354682,0.0,,9.7082038244,9.188721200000002
1992-09-30,2.0,9370,0.3871467709541321,0.0,1.8200452327728271,5.8452730655744745e-08,0.0282334871590137,0.0,,4.265341222733333,1.4761208
1992-10-01,2.0,8990,0.2502123117446899,0.7423779368400574,3.239421844482422,1.3242945671081543,15.783459663391112,1.1941634241245136,,4.3112255069000005,1.388127255
1992-10-02,0.0,8600,1.6808727979660034,1.8438212871551516,11.09442901611328,4.397980690002441,26.237648010253903,1.7918287937743194,,9.891064555833331,2.687103305
1992-10-04,0.0,8500,2.5156586170196533,1.1014434099197388,10.14055633544922,3.3206207752227783,10.72109603881836,1.2947470817120632,,18.72529623065,7.280237125
1992-10-08,1.0,7500,0.130468264222145,0.1197654753923416,1.7196835279464722,0.5258397459983826,1.429956316947937,0.4649805447470817,,36.473217537,27.754755950000003
1992-10-09,1.0,7300,0.130468264222145,0.0143632749095559,4.052398681640625,0.5276647806167603,1.6201130151748655,0.4649805447470817,,25.16577670533333,12.25427874
1992-10-10,1.0,7760,0.5996269583702087,0.2728593051433563,4.915404319763184,0.0124129867181181,1.391320824623108,1.3379377431906585,,19.964056435,6.41933129
1992-10-11,1.0,7440,0.6055654287338257,10.88308811187744,16.990985870361328,1.9678692817687988,6.552312850952148,10.814591439688703,,16.21104465166667,3.08614724
1992-10-18,2.0,7100,24.61998748779297,30.198810577392575,58.72040939331055,23.901323318481445,25.023624420166016,40.770622568093394,,9.285969971900002,7.203996320000001
1992-10-19,3.0,7900,40.58177947998047,41.834754943847656,79.6592788696289,38.68950271606445,51.520111083984375,44.1410505836576,,13.762621013566667,12.50530525
1992-10-20,3.0,12400,56.8682975769043,39.03604888916016,60.99678039550781,32.50089645385742,42.583831787109375,36.87256809338523,,15.493694864199998,15.3540451
1992-10-22,3.0,12400,35.335880279541016,20.86225700378418,27.599050521850582,11.401008605957031,9.31014633178711,12.760116731517517,,11.657980096366666,7.205845385
1992-10-23,3.0,11600,17.666339874267578,13.492411613464355,13.087373733520508,5.214031219482422,5.668632507324219,3.936381322957197,,12.410782057833334,3.953671815
1992-10-24,3.0,10500,9.07111644744873,8.54416275024414,6.783452987670898,0.4433327615261078,2.6329166889190674,2.061284046692607,,14.739092438666669,9.44274116
1992-10-25,0.0,9710,3.9742801189422607,4.825575828552246,2.73746657371521,0.4308879375457763,2.368019819259644,1.959143968871596,,25.73273354571667,16.01712563
1992-11-01,0.0,14500,58.53258514404297,44.33888244628906,59.13021087646485,47.07394790649414,51.05148315429688,53.3463035019455,,26.67640583333333,9.267402185
1992-11-02,0.0,14800,53.88381576538086,38.224979400634766,39.55729675292969,30.252731323242188,30.624927520751957,36.866536964980526,,23.527935512255,18.316695285
1992-11-04,1.0,13500,25.84078788757324,24.51769256591797,19.050756454467773,16.060962677001953,16.433706283569336,27.404474708171204,,24.522898763921667,19.153322675
1992-11-05,0.0,14300,24.086963653564453,26.558502197265625,27.106748580932617,18.69190788269043,19.444978713989254,39.01945525291829,,31.70141976333333,22.976741175
1992-11-06,2.0,12500,36.84468460083008,35.3764533996582,37.93265914916992,36.28264236450195,29.13351058959961,54.97354085603111,,37.97185335666666,27.1975548
1992-11-07,2.0,19900,49.19199752807617,43.85395431518555,50.80751800537109,51.50812530517578,44.265132904052734,64.36284046692604,,26.754505193333333,21.6904026
1992-11-21,1.0,14200,72.12255859375,57.838191986083984,75.06514739990234,69.04425048828125,45.70393371582031,72.38677042801557,,20.580349282,9.142544098
1992-11-26,2.0,12700,13.445989608764648,16.214153289794922,39.31998825073242,19.59404563903809,32.360191345214844,24.25466926070041,,56.25375554495,37.79022445
1992-11-27,2.0,14400,28.420005798339844,23.08258056640625,46.13572311401367,24.367507934570312,37.80067825317383,25.400194552529204,,46.00988196833334,33.87216395
1992-11-29,1.0,15400,50.14348602294922,36.7032356262207,31.46848487854004,38.89931488037109,40.19501876831055,47.08307392996109,,36.08750045333333,22.9768235
1992-11-30,1.0,15900,43.593238830566406,30.06485366821289,24.997243881225582,34.12789535522461,34.88591766357422,45.9375486381323,,28.61862935,20.70619975
1992-12-08,0.0,11100,33.952354431152344,32.78428268432617,48.82699966430664,45.53532028198242,53.70089721679688,49.83268482490275,,15.643016133333337,12.764091235
1992-12-11,0.0,11500,35.09074401855469,29.112415313720703,28.55199813842773,25.975330352783203,15.956626892089844,27.636575875486383,,20.5048528705,13.3008499615
1992-12-12,0.0,11300,29.62029838562012,22.86099624633789,17.738061904907227,12.67938232421875,19.450523376464844,13.370817120622563,,15.6484012184,7.8241089965
1992-12-13,1.0,10800,20.133623123168945,25.705528259277344,25.459693908691406,21.17183303833008,28.58658599853516,32.660116731517505,,16.87437516456667,15.934965085
1992-12-14,1.0,11000,26.81379127502441,27.396711349487305,28.507238388061523,23.714221954345703,32.27888488769531,31.72295719844357,,20.35353461456667,15.818130135
1992-12-16,0.0,11800,13.620288848876951,9.230302810668944,19.923627853393555,11.12171745300293,21.209197998046875,7.625291828793775,,11.1498651288,3.3673096729
1992-12-22,0.0,9120,58.48548889160156,40.8878288269043,47.08766174316406,43.384796142578125,60.99664688110352,53.94669260700389,,15.94560872495,1.83061404
1992-12-26,0.0,10600,33.853126525878906,32.658409118652344,17.464237213134766,25.150859832763672,20.50718879699707,29.745914396887144,,26.10868290166667,9.148443769999998
1992-12-27,0.0,10200,34.14020919799805,28.25788688659668,24.065841674804688,33.53770446777344,24.783296585083008,32.53579766536964,,25.071205352666663,8.13654077
1993-01-16,0.0,7780,0.1012063473463058,0.0,3.55845046043396,0.7206012606620789,2.8237640857696533,0.1210116731517509,,20.82082592333333,17.996592749999998
1993-01-19,1.0,6820,24.796066284179688,40.1132926940918,72.65679168701172,52.17536163330078,56.09717559814453,71.69319066147861,,50.57407663255,47.99162155
1993-01-24,2.0,8780,90.23959350585938,79.20964050292969,87.96646118164062,96.78092193603516,105.08177947998048,111.92607003891044,,35.557846595,6.9809917200000005
1993-01-25,2.0,23300,107.77799987792967,80.7156982421875,117.04647827148438,107.34893035888672,122.46371459960938,102.69922178988318,,29.692001471666664,9.92762195
1993-01-26,1.0,27600,105.62850189208984,39.98273849487305,126.73757934570312,83.661865234375,96.49728393554688,52.816342412451306,,25.738368055,15.4937661
1993-01-27,1.0,23500,29.99957656860352,16.246068954467773,71.23081970214844,18.976512908935547,33.53411102294922,7.786770428015564,,32.66486123833333,26.9885178
1993-01-30,0.0,15500,0.9951070547103882,0.0833260715007782,1.8033995628356931,0.0590504109859466,0.7110008597373962,0.0145914396887159,,24.139010053866663,23.377090275
1993-02-03,0.0,13600,0.0002837301581166,0.0,0.1224694550037384,0.000967347936239,0.6583601832389832,0.0,,34.99687863083333,24.57078155
1993-02-04,1.0,13300,0.0002837301581166,0.0020031481981277,0.1035417765378952,0.0009678784408606,0.3400166630744934,0.0,,32.07083551333333,24.8864427
1993-02-05,1.0,12600,0.2015277743339538,0.0020031481981277,2.388258695602417,0.068775936961174,0.4724905490875244,0.0,,25.353124708333333,20.69500155
1993-02-06,1.0,12500,0.2288372963666916,0.0020031481981277,2.339024543762207,0.0679987594485282,0.3148989975452423,0.0785992217898832,,21.745951596666664,21.0097506
1993-02-07,0.0,11300,0.2688472270965576,0.234453409910202,2.3144655227661133,0.0680528581142425,0.1439142823219299,0.0850194552529182,,24.57660972,23.64303905
1993-02-09,0.0,12400,4.870356559753418,4.489855766296387,9.96315097808838,6.639204978942871,19.934024810791016,7.234630350194555,,27.338397275000005,15.140995
1993-02-13,0.0,12800,1.1825097799301147,0.2517469525337219,0.1692874431610107,0.6231035590171814,0.4894730746746063,0.847081712062258,,13.14981390555,6.987643149999999
1993-02-21,0.0,11200,8.233007431030273,5.902965068817139,14.452399253845217,10.348624229431152,6.074011325836182,8.773540856031131,,11.629552989333334,7.524664658
1993-02-22,0.0,11300,5.43110990524292,3.16323184967041,4.45366907119751,6.949775695800781,4.9806108474731445,3.802140077821013,,16.173986812666666,8.878280658
1993-02-28,0.0,6100,0.3167361319065094,1.848895072937012,10.307589530944824,3.569028854370117,6.353989124298096,4.957976653696498,,27.16453455,24.473069
1993-03-02,0.0,6190,5.237778663635254,10.121076583862305,27.10578346252441,12.863237380981444,25.067138671875,19.338521400778205,,41.63663176666667,25.7570644
1993-03-03,2.0,6040,14.453475952148438,24.4917106628418,44.27605056762695,43.56613159179688,52.816871643066406,39.0001945525292,,43.30155776666666,25.8006099
1993-03-04,2.0,6420,30.99799346923828,31.40644073486328,54.13152313232422,47.75297927856445,63.750633239746094,40.606809338521415,,41.4297309,25.1922515
1993-03-05,0.0,9330,35.072269439697266,25.575254440307617,51.86532211303711,42.372928619384766,51.55558776855469,26.52529182879379,,25.985674311666664,23.5657925
1993-03-07,0.0,9310,7.251433849334717,1.2365055084228516,16.19818115234375,0.6245064735412598,4.169710159301758,0.6591439688715961,,29.1356793785,22.49150025
1993-03-21,4.0,9520,19.330642700195312,44.27136993408203,49.71871948242188,53.73974609375,69.07239532470703,68.61848249027241,,15.722838055,10.02254403
1993-03-22,4.0,10500,75.71922302246094,56.95111846923828,79.49649047851562,68.40314483642578,83.10460662841797,74.44416342412453,,18.859077395,14.97770915
1993-03-23,4.0,27200,79.00825500488281,54.003055572509766,71.75304412841797,63.3543586730957,78.52530670166016,55.99299610894942,,18.35181220666667,15.67065795
1993-03-24,0.0,25700,72.79297637939453,22.650774002075195,45.22908020019531,34.19981002807617,30.896209716796875,14.532295719844347,,16.714125648333333,11.568002150000002
1993-03-26,0.0,16900,0.1515931785106659,0.011277669109404,0.0033873112406581,0.6367059946060181,0.1286353766918182,0.4315175097276267,,15.68635238666667,9.74626445
1993-03-30,0.0,12700,2.7164459228515625,3.477137565612793,5.506425857543945,3.715269327163696,5.016829967498779,5.967898832684822,,18.28651815283333,16.375861399999998
1993-04-04,0.0,13800,17.6026668548584,12.410806655883787,19.60753059387207,12.549057960510254,20.47038459777832,11.646887159533074,,17.898820908916665,14.80951617
1993-04-07,1.0,9750,17.48589515686035,26.38247299194336,33.40196990966797,23.731483459472656,33.46173858642578,38.51789883268482,,10.289890425,8.7365167
1993-04-08,1.0,9380,29.324974060058597,25.966960906982425,48.38805770874024,30.856687545776367,37.02568435668945,34.91614785992217,,11.906279453538335,9.74540405
1993-04-23,0.0,11200,11.968055725097656,12.888333320617676,20.25050544738769,23.36571884155273,25.787166595458984,16.548443579766538,,9.628105599333336,5.0441545
1993-04-25,1.0,12200,28.88072395324707,27.667879104614254,64.87445068359375,52.16244888305664,48.03753280639648,46.447081712062285,,8.481838066666667,7.163037265
1993-05-01,0.0,16400,42.42544555664063,36.81293487548828,34.3944091796875,21.891084671020508,18.31547164916992,40.81750972762647,,7.674117078333333,1.537171345
1993-05-09,2.0,18000,24.07572364807129,18.314491271972656,14.841489791870115,8.39561939239502,16.7713623046875,15.749610894941643,,3.444407469,0.988505188
1993-05-10,2.0,15400,12.190991401672363,10.134724617004396,3.078935146331787,1.037196159362793,6.71588945388794,12.050972762645925,,3.705519585666666,0.388181813
1993-05-11,2.0,23200,6.667458534240723,1.71894109249115,2.422879934310913,0.5823100209236145,6.4089531898498535,6.252529182879382,,9.464963316833334,8.525856760000002
1993-05-14,0.0,31700,0.2942996323108673,0.0285088587552309,0.3377474546432495,0.3973006904125213,0.3116176426410675,0.0132295719844358,,6.240894740683334,4.23583292
1993-05-17,0.0,24400,0.1270575672388076,0.0,0.0167486257851123,1.860207885329146e-05,0.2602741718292236,0.0396887159533074,,5.854772894666667,1.911573524
1993-05-19,2.0,27400,8.410730361938477,16.346357345581055,9.250858306884766,5.370454788208008,8.626958847045898,10.680155642023342,,5.028744018333334,1.9990358
1993-05-20,2.0,30100,14.678848266601562,28.246204376220703,22.99191665649414,18.19967460632324,25.115272521972656,23.02665369649805,,6.260089308333333,3.3484073
1993-05-21,2.0,28200,26.764453887939453,27.52375602722168,34.139102935791016,25.925243377685547,33.56064987182617,20.715953307393,,8.766566653666667,4.1830803
1993-05-30,1.0,23100,15.623638153076172,23.229660034179688,9.372802734375,34.150245666503906,33.25725555419922,28.36906614785992,,5.812433811666667,2.361712445
1993-06-02,0.0,21900,30.34405899047852,23.419822692871094,14.582286834716797,14.421669006347656,25.175981521606445,26.085408560311294,,6.208364903133333,2.1234082697
1993-06-06,0.0,18300,7.185103416442871,5.275559425354004,10.974187850952148,12.143707275390623,20.683237075805664,5.618093385214011,,2.1921700469333336,1.23542131
1993-06-07,0.0,18600,8.155698776245117,7.945976257324219,12.391356468200684,11.590364456176758,16.984962463378906,17.65836575875486,,1.611355925266667,0.92362929
1993-06-09,1.0,16900,41.64831161499024,36.4964485168457,33.31736755371094,28.40466690063477,38.05356979370117,37.6101167315175,,4.169290707111667,1.033644846335
1993-06-10,0.0,24200,46.57944488525391,43.35169982910156,39.01765823364258,36.39717483520508,47.75522613525391,41.855836575875486,,4.874028713111667,0.6392057193349999
1993-06-14,0.0,17300,22.3863582611084,19.03501319885254,22.924793243408203,12.36793613433838,20.44756126403809,25.55972762645916,,6.076635254633333,1.9251433055
1993-06-16,0.0,22700,24.0257625579834,5.814773082733154,22.187013626098636,6.139562129974365,13.69455909729004,4.512645914396889,,10.143405037216668,3.2157176025000003
1993-06-18,0.0,19300,0.0528631024062633,0.0,0.0723431780934333,0.1413960754871368,0.1308880448341369,0.0,,8.420418486883333,2.7874622315
1993-06-20,0.0,18000,3.482814073562622,8.836236953735352,2.900524854660034,2.2678072452545166,3.103013038635254,5.627431906614787,,9.671261797036667,5.80140195
1993-06-25,0.0,14000,1.628141164779663,5.340002059936523,0.0073000877164304,0.0008585334871895,0.0375527366995811,6.476459143968873,,2.8559222135333333,0.4335459405999999
1993-07-03,0.0,10700,2.4328432083129883,1.502687931060791,3.760328769683838,2.9295477867126465,4.935934066772461,2.783463035019456,,1.2914596866666666,0.3408191735
1993-07-06,0.0,9990,0.9911109805107116,0.8128470182418823,1.2073471546173096,1.8993380069732664,1.526047945022583,1.176653696498055,,4.431330226416666,1.072502905
1993-07-07,0.0,10100,0.7302123308181763,0.392415314912796,1.1330574750900269,1.6128827333450315,1.50156569480896,1.1268482490272378,,4.729825154749999,1.46468606
1993-07-09,0.0,9350,1.853281617164612,0.9779409766197203,7.254187107086182,5.6704583168029785,7.239000797271728,0.0583657587548637,,3.3056210456666664,0.6133973570000001
1993-07-11,0.0,8860,4.1856889724731445,7.512078285217285,10.92124366760254,15.905817985534668,18.37474822998047,4.167509727626461,,4.9219349229,1.673158413
1993-07-13,0.0,9470,10.015671730041504,13.52129364013672,17.77553939819336,18.11457061767578,30.27115249633789,10.700389105058363,,10.180804782166666,1.975220064
1993-07-23,0.0,18300,12.311338424682615,14.85328197479248,21.05048179626465,8.401652336120605,9.110025405883787,7.594357976653693,,4.154017171666667,0.0
1993-07-31,0.0,16500,11.78911018371582,2.0762040615081787,7.675295829772949,14.129355430603027,4.287454605102539,0.1375486381322958,,2.422529108733334,1.1351153252
1993-08-02,0.0,12600,0.0103234117850661,0.0,0.0001002684875857,0.0005019311211071,0.0034279336687177,0.1375486381322958,,1.0638824624583334,0.044165256175
1993-08-15,0.0,7010,10.57395362854004,16.793434143066406,6.104039192199707,15.64179801940918,13.573760032653809,14.899610894941633,,1.9647047942166664,0.2116827978
1993-08-21,0.0,8300,1.4489794969558716,11.284104347229004,0.4262901842594147,0.1308854520320892,1.920195698738098,17.849610894941637,,3.8624123372933337,0.34471011153
1993-08-22,2.0,6610,14.038050651550291,18.142377853393555,18.854568481445312,9.010502815246582,26.93518829345703,22.94513618677044,,2.24240953695,0.1533006785
1993-08-23,2.0,7350,20.80389976501465,20.772846221923828,26.40103912353516,14.120561599731444,32.54841995239258,23.8194552529183,,1.1009249781666668,0.1533006785
1993-08-25,0.0,10400,9.468188285827637,3.294846773147583,7.8128180503845215,5.643608570098877,6.542514801025391,1.244163424124515,,0.3182077222333333,0.048174179
1993-09-08,0.0,7240,0.016384920105338,0.0,0.0,0.0,0.0009277304634451,0.0,,11.057169338333336,5.35898184
1993-09-17,0.0,7850,0.4061527848243713,0.0,0.0156792812049388,0.0386678092181682,0.018766064196825,0.2206225680933851,,4.888981747616667,1.78107828
1993-09-18,0.0,7690,0.1639325320720672,7.179533958435059,0.0002081847051158,0.3251087069511413,0.1155281364917755,1.6896887159533065,,3.129486904666667,1.02956945
1993-09-25,0.0,6600,0.0,0.2658860385417938,0.0100901573896408,0.1322795003652572,0.6337934732437134,0.0,,4.836583400106667,0.4472591983
1993-10-11,0.0,5780,1.2878925800323486,6.723930835723877,10.368377685546877,0.2253171503543853,5.419907569885254,8.98579766536964,,30.71016298258333,11.470512035
1993-10-13,0.0,6100,9.74203109741211,17.314735412597656,17.726715087890625,12.689359664916992,14.77872085571289,22.97782101167315,,22.92932923833333,17.05866365
1993-10-20,0.0,6100,10.285026550292969,1.5100421905517578,5.183127403259277,7.81580924987793,6.6773834228515625,6.315758754863815,,17.662607724833332,8.900081757
1993-10-22,2.0,6610,38.91891479492188,43.666297912597656,97.72435760498048,42.063262939453125,59.89208221435547,67.27373540856027,,8.039065013666667,3.7881221005
1993-10-23,2.0,9250,68.68274688720703,49.19383239746094,115.13890075683594,57.26041412353516,74.46491241455078,64.71828793774317,,10.143928173666668,0.3119910805
1993-10-24,2.0,17400,68.92781066894531,30.68243408203125,93.2477035522461,49.88241195678711,56.78654098510742,31.64280155642025,,11.111853069833334,0.3009117895
1993-10-27,2.0,8390,8.072388648986816,10.865033149719238,4.078577995300293,9.83545970916748,4.341186046600342,7.317315175097273,,23.44085858222333,5.19526985205
1993-10-28,2.0,8550,9.60947036743164,10.865033149719238,4.078601360321045,9.83546543121338,4.343549728393555,7.317898832684822,,20.989988648890005,6.56464155205
1993-10-29,2.0,8960,10.131052017211914,6.830994606018066,3.967836380004883,9.67005443572998,3.945876836776733,7.302529182879375,,26.88743205488333,7.52998374
1993-10-31,0.0,8000,10.511507987976074,8.185420989990234,12.7449951171875,4.121121883392334,4.811010360717773,9.482490272373534,,41.24500490886,1.95467492475
1993-11-02,2.0,8350,28.53566169738769,23.439266204833984,22.92832946777344,14.964642524719238,32.005577087402344,30.36789883268484,,22.759951053516662,6.917721820000001
1993-11-03,2.0,8790,35.364654541015625,24.01093292236328,23.26008415222168,15.496188163757324,32.603206634521484,30.357587548638147,,18.944586218583336,6.34048484
1993-11-04,0.0,10900,34.4161376953125,10.431791305541992,22.667150497436523,15.49098300933838,32.2759895324707,25.74766536964982,,16.708714662916666,3.670764095
1993-11-16,0.0,9530,39.02610778808594,30.04179000854492,47.3011360168457,35.50405502319336,57.424095153808594,40.71322957198444,,53.21165165383334,41.366553
1993-11-17,0.0,9440,36.88652038574219,20.58232879638672,10.261970520019531,11.070013999938965,24.246280670166016,15.696108949416352,,67.15685363716668,50.1483835
1993-11-20,1.0,6500,41.8536376953125,37.60544967651367,34.284664154052734,41.05484008789063,56.05508804321289,47.57645914396888,,38.9849084,31.5775345
1993-11-21,1.0,7890,51.97688293457031,40.084598541259766,40.212589263916016,47.25915145874024,58.21961212158203,47.50603112840468,,36.30023697366667,25.364005221
1993-11-23,0.0,9980,16.166473388671875,5.481745719909668,6.326228141784668,6.879547119140625,4.632441997528076,1.5284046692606998,,23.818987568666667,19.353457621
1993-12-02,2.0,18600,70.16870880126953,54.89471054077149,88.754150390625,50.14794921875,58.780059814453125,65.41556420233465,,28.8441965,20.4774423
1993-12-03,2.0,17700,70.16722106933594,47.16647338867188,83.38615417480469,42.6510009765625,63.788063049316406,42.038326848249056,,23.931359463333333,11.5743157
1993-12-04,2.0,23500,48.83570098876953,29.95084953308105,64.87606048583984,29.222993850708008,50.56456756591797,27.075097276264614,,28.95644021333333,18.09708515
1993-12-09,3.0,14400,98.9266586303711,93.122802734375,106.22171783447266,81.1815414428711,100.61693572998048,113.80642023346306,,29.435331925166665,16.3556116
1993-12-10,3.0,26800,106.84050750732422,90.1310806274414,107.44375610351562,86.52837371826172,98.71503448486328,106.46556420233468,,30.57856767683333,17.78063495
1993-12-12,2.0,26400,53.46188735961914,39.9301986694336,43.10231018066406,37.97422790527344,60.73152923583984,42.42898832684827,,20.293930339166668,8.3669335625
1993-12-13,2.0,21600,36.506141662597656,27.60116958618164,40.422630310058594,30.89260482788086,61.1324577331543,23.682295719844348,,16.714279954166667,3.7405452125
1993-12-14,2.0,19600,16.48648452758789,15.52657413482666,35.282283782958984,21.8254508972168,51.39764404296875,13.745719844357977,,11.306882704833336,2.2358070325
1993-12-16,0.0,15400,2.317699432373047,0.0932772457599639,1.5457624197006226,0.1222393363714218,0.4368325173854828,0.0,,19.20949553933333,2.519431235
1993-12-20,0.0,12500,0.114718273282051,0.0,0.0269229561090469,0.0040116077288985,0.0621073208749294,0.2651750972762642,,37.98425886828333,21.43242227235
1993-12-25,0.0,10200,0.0228888913989067,0.0,0.0922800302505493,3.1965153084456688e-06,0.0041925860568881,0.0136186770428015,,22.072015591006664,7.77372635
1994-01-03,1.0,13900,48.24409103393555,58.27933120727539,91.2467803955078,82.91668701171875,74.09800720214844,76.04844357976657,,16.229979855,2.148927301
1994-01-04,1.0,19400,68.24049377441406,60.79356002807617,111.1814193725586,91.49169158935548,88.9863052368164,79.7579766536965,,26.813191435499995,8.685019781000001
1994-01-12,0.0,17700,40.24439239501953,28.72518348693848,53.33288192749024,28.19387435913086,47.58317947387695,31.20856031128405,,25.508704857166663,18.57786285
1994-01-19,0.0,17100,0.9814504981040956,0.5757176876068115,12.450796127319336,0.1823213249444961,0.3213266432285309,0.8605058365758759,,39.950323405,18.5985073
1994-01-21,1.0,15600,14.867666244506836,18.940784454345703,34.11985778808594,20.229198455810547,25.06425094604492,25.51206225680934,,19.97009154983333,14.5991820475
1994-01-22,1.0,15600,24.858097076416016,25.478721618652344,43.57044219970703,26.39841651916504,34.6932258605957,35.30603112840468,,11.253426233166666,4.0273450475
1994-01-25,0.0,17600,9.818772315979004,12.668539047241213,8.240607261657715,7.997974395751953,9.700431823730469,9.23229571984436,,25.31126140210834,16.1829911
1994-01-29,0.0,12100,0.1425357013940811,0.0201219003647565,0.0017553209327161,0.0001773442781995,0.0161534529179334,0.3396887159533078,,21.79715410833333,12.74687095
1994-02-10,0.0,9220,21.897432327270508,20.31760025024414,24.454011917114254,23.41292381286621,30.030282974243164,26.54844357976655,,19.896202794866664,13.102283165
1994-02-16,1.0,14300,59.75613021850586,50.45884704589844,83.33634185791016,90.08765411376952,105.601806640625,59.98190661478597,,19.623966768333336,10.9089664
1994-02-17,1.0,15100,53.93562316894531,34.120941162109375,69.65191650390625,56.84309387207031,75.52815246582031,38.54727626459145,,14.923944596316666,5.872785675
1994-02-22,0.0,11800,42.72517395019531,42.5449104309082,30.718658447265625,47.0179443359375,60.02787780761719,51.75583657587546,,17.38037717483333,14.8688565745
1994-02-25,0.0,12400,45.753814697265625,35.29646301269531,24.410614013671875,30.84757232666016,32.95226287841797,33.470233463035015,,27.888171693333334,25.31762025
1994-02-26,0.0,11900,44.247833251953125,40.643516540527344,37.8349609375,41.73801040649414,50.02513122558594,47.02548638132297,,23.812104361666663,21.9936394
1994-02-27,3.0,13000,55.65135955810547,55.70952606201172,61.29885482788086,66.41136169433594,61.32603454589844,61.05739299610897,,20.403911801666663,14.2948481
1994-02-28,3.0,13400,72.73809814453125,65.9014892578125,119.59385681152344,85.7550277709961,81.21312713623047,85.46089494163428,,24.280351006666663,17.784676499999996
1994-03-01,3.0,29700,91.93695831298828,72.33756256103516,167.7139892578125,91.73898315429688,96.81890106201172,76.78210116731519,,25.777263111666663,21.40111535
1994-03-02,3.0,35200,87.71925354003906,61.29944610595703,136.7558135986328,55.94348907470703,66.98943328857422,67.7953307392996,,22.741457755,19.26527095
1994-03-09,0.0,16300,10.24761199951172,7.381835460662842,3.755720853805542,6.492920398712158,5.577414512634277,11.852529182879374,,23.09695055,13.9453182
1994-03-10,0.0,15300,10.911882400512695,8.107925415039062,4.369512557983398,8.467484474182129,8.09292984008789,11.653696498054472,,16.118545936833332,5.821452154999999
1994-03-11,0.0,15400,10.875751495361328,8.015613555908203,4.306118488311768,8.467658996582031,8.09178638458252,13.344552529182875,,10.592627310166666,2.7156379050000004
1994-03-12,0.0,15400,9.44069004058838,7.1134185791015625,2.475996732711792,2.150770664215088,3.0803933143615723,4.632295719844359,,4.824474576833333,1.526041155
1994-03-15,0.0,16400,11.371722221374512,17.91352081298828,30.99985122680664,18.83524703979492,23.15629196166992,21.63560311284047,,14.283805114166665,12.34767805
1994-03-25,0.0,13400,0.660698652267456,0.0,0.0242803543806076,0.0136744538322091,0.0381123088300228,0.0994163424124513,,25.41880204226667,24.01440475
1994-03-26,0.0,13600,0.045452382415533,0.0,0.0002289588592248,6.033543087369253e-08,0.0,0.0091439688715953,,27.66555295,24.2930965
1994-03-28,0.0,13400,0.0227261912077665,0.0,1.3571821617930356e-11,0.0,0.0,0.0879377431906614,,33.6328537083,30.9296091
1994-04-16,0.0,11900,2.2944021224975586,0.3733309209346771,0.407401293516159,0.5296009182929993,0.1683446168899536,0.9867704280155644,,10.845376165833333,5.0511029050000005
1994-04-29,0.0,17700,7.60291862487793,9.01605987548828,10.140341758728027,13.683998107910156,13.660540580749512,7.904474708171204,,13.233134281000002,10.32770045
1994-05-06,0.0,16200,2.2190375328063965,0.0,0.3012541532516479,0.241556629538536,0.274793416261673,0.0383268482490272,,5.268620435783333,3.28834452
1994-05-07,0.0,18700,0.0,0.0,3.439852662268095e-05,0.0,0.0020417971536517,0.0,,5.57780851295,3.81323795
1994-05-15,0.0,16100,12.87271499633789,12.34442901611328,25.52853775024414,26.52603912353516,18.90684127807617,10.312840466926076,,2.890358410266667,0.7412535458
1994-05-16,0.0,16100,15.053474426269531,11.602483749389648,27.461435317993164,25.71458625793457,22.52086639404297,8.341828793774324,,5.315407373633333,1.1828087759
1994-05-22,0.0,15100,1.9915238618850708,0.4040461778640747,0.3321347236633301,1.422094225883484,0.474530816078186,0.300194552529183,,2.9532996429,1.515692232
1994-05-23,0.0,15100,0.095464289188385,0.0,0.0491344667971134,0.0049284705892205,0.0231643617153167,0.0,,1.9060019229,0.905203719
1994-05-24,0.0,16200,0.1156329438090324,0.0,1.565652847290039,0.0294185541570186,0.332440584897995,0.0,,3.4393595036666667,1.568137419
1994-05-26,0.0,18900,0.3331230282783508,0.1665698438882827,1.7454912662506104,0.0613394863903522,0.5700358152389526,0.9581712062256812,,12.864809268999998,4.96171647
1994-06-12,1.0,13800,18.681001663208008,27.204090118408203,30.57955741882324,17.159610748291016,33.09628677368164,36.04007782101169,,13.940087591666664,7.863395544999999
1994-06-13,1.0,16900,36.56878280639648,36.4770736694336,55.98321533203125,37.85426712036133,56.63833618164063,43.96206225680936,,15.06229436,8.907624910000001
1994-06-24,0.0,16500,2.9146833419799805,7.101892948150635,2.241671323776245,3.923204898834229,2.4560139179229736,5.644941634241246,,16.188571412599998,10.692153052999998
1994-06-25,0.0,13800,4.900012016296387,4.74636173248291,10.410120964050291,3.304196357727051,16.5142879486084,6.086964980544746,,21.36764674633333,15.718314802999998
1994-06-30,1.0,14400,3.100501537322998,16.932479858398438,21.64772224426269,14.915685653686523,12.49794864654541,23.58385214007784,,4.84088554975,0.57561879925
1994-07-01,1.0,14800,26.96017265319824,25.12348937988281,30.548995971679688,22.053146362304688,24.002460479736328,26.55214007782103,,3.7639176257,0.6955557371000001
1994-07-02,0.0,18100,30.907812118530277,24.72706413269043,30.796823501586918,22.247825622558597,24.470184326171875,26.840466926070057,,5.797676816866666,0.5306686126
1994-07-05,0.0,13600,6.7852654457092285,7.242577075958252,2.410084724426269,3.611672878265381,4.05066442489624,12.110311284046697,,6.780601031333333,1.07126723
1994-07-10,0.0,14200,0.0,0.0,0.0003580123302526,0.0,0.0005514962249435,0.0,,3.424428943833333,1.1068063475
1994-07-12,0.0,12800,0.0,0.0,0.0554066710174083,0.0190056450664997,0.1609939336776733,0.0785992217898832,,2.0035588016666668,0.86763719
1994-07-17,1.0,13500,0.0552103109657764,0.143755629658699,0.0754460468888282,0.3333400189876556,1.4567152261734009,0.3406614785992218,,7.853965202288334,3.1264521325000003
1994-07-18,1.0,13000,0.045428566634655,0.143755629658699,0.0727492645382881,0.3321499228477478,1.4623275995254517,0.2334630350194553,,6.3806666054550005,3.113089275
1994-07-19,0.0,13000,0.0644523799419403,0.0,0.063831128180027,0.3320746421813965,1.435604214668274,0.0,,2.8081455973333336,0.319921805
1994-07-21,0.0,12800,0.0190238114446401,0.0,0.2534584403038025,0.0,0.0990703552961349,0.0,,9.930735342766663,1.11723603
1994-08-10,0.0,9630,2.806014060974121,0.0378513745963573,11.630647659301758,3.566406011581421,6.331135749816895,0.4404669260700389,,11.545696921050002,2.49576641315
1994-08-28,0.0,5770,4.448108196258545,3.0231776237487797,4.468284606933594,0.0635631382465362,5.0098490715026855,3.548249027237356,,13.285259615,1.4612192249999998
1994-08-30,0.0,5720,3.4862968921661377,0.5614346861839294,1.023267388343811,0.0759059339761734,2.4380273818969727,3.891439688715956,,6.83624609625,0.329182618
1994-09-04,0.0,8060,34.48064041137695,19.96084213256836,37.748497009277344,34.25531005859375,28.52863502502441,36.18229571984436,,6.803140687316667,1.2146556385
1994-09-07,1.0,6920,1.0329504013061523,8.078357696533203,4.244548320770264,11.276602745056152,7.561923980712891,12.826653696498052,,13.704588197166666,4.8008245215
1994-09-08,1.0,7840,13.6044921875,20.074512481689453,11.996923446655272,18.70330810546875,13.301156044006348,23.464591439688704,,3.82916034015,3.4764094504500003
1994-09-13,1.0,7290,6.8350605964660645,19.11030960083008,7.393238067626953,15.092437744140623,19.707077026367188,31.875486381322965,,8.998438843999999,6.16686801
1994-09-14,1.0,8300,21.806211471557617,22.61309242248535,13.005488395690918,18.785104751586918,29.66831970214844,33.51459143968872,,11.991220371666664,8.329872135
1994-09-15,1.0,11000,22.098676681518555,16.716821670532227,13.005427360534668,18.78484344482422,29.647859573364254,24.08268482490274,,13.264607038666666,7.891494895
1994-09-26,0.0,7310,0.0016111112199723,0.0003764029534067,0.00010782663594,0.0004575830243993,0.0035151266492903,0.0,,10.995682684999998,5.536213
1994-09-27,0.0,7560,0.0016111112199723,0.0003764029534067,0.0107243591919541,0.0004469670820981,0.0402194820344448,0.0,,13.318334434666667,8.7339411
1994-10-01,1.0,7610,9.602203369140623,14.201905250549316,7.146811485290527,3.706441402435303,11.753790855407717,7.286964980544752,,14.749317708333333,9.044376875
1994-10-04,0.0,6990,0.0,0.0,0.0440745651721954,0.0202573388814926,0.0034960142802447,0.0,,7.168662217833333,3.73122902
1994-10-20,1.0,4530,58.661746978759766,45.00353240966797,59.56672668457031,51.693580627441406,49.78894805908203,56.10817120622564,,26.212065262333333,14.40429475
1994-10-21,1.0,11000,64.60721588134766,43.65184020996094,59.119964599609375,52.2530517578125,50.055274963378906,52.33852140077816,,18.869453575666668,15.55570305
1994-10-25,2.0,6670,26.07777404785156,62.63447189331055,56.105712890625,46.0607795715332,49.82063293457031,77.07937743190658,,15.969400898,6.929584145000001
1994-10-26,3.0,8970,87.97738647460938,87.41551208496094,89.55996704101562,74.09951782226562,62.88639068603516,117.55603112840468,,27.48294514133333,16.770236345
1994-10-27,3.0,26000,114.56517028808594,84.90098571777344,100.32611083984376,85.35042572021484,84.0638198852539,113.45642023346304,,42.509362515,29.76970765
1994-10-29,0.0,15800,50.43533706665039,38.77675247192383,26.345827102661133,23.051136016845703,38.61897277832031,40.36828793774319,,45.59179060666666,34.722919000000005
1994-10-31,4.0,14400,90.26332092285156,70.84842681884766,65.24955749511719,65.6078872680664,76.00204467773438,99.9667315175097,,30.12205952258333,15.96327905
1994-11-01,4.0,22400,97.58715057373048,56.24415969848633,56.00582504272461,62.7147216796875,64.73706817626953,81.0963035019455,,28.746708447583337,15.5746308
1994-11-03,1.0,15300,41.27317810058594,33.36550521850586,26.60611915588379,35.664642333984375,34.351802825927734,37.72003891050586,,24.203679306833333,18.38825335
1994-11-04,1.0,14300,34.364524841308594,31.954402923583984,24.825359344482425,28.35304069519043,30.929725646972656,32.70272373540859,,19.409734956833333,16.3752901
1994-11-05,0.0,14000,33.82450485229492,27.59131622314453,33.240238189697266,37.25496673583984,38.4889030456543,41.47120622568095,,21.297208409,18.5516462
1994-11-08,1.0,12300,38.61163330078125,26.67153549194336,30.73554229736328,33.53199768066406,36.28948211669922,28.043968871595325,,20.192083585,16.261937415
1994-11-09,1.0,11700,28.692174911499023,17.766942977905273,27.22026824951172,24.62447738647461,27.19314765930176,26.68463035019455,,15.814411955,7.026985924999999
1994-11-19,1.0,11200,39.766204833984375,37.02293014526367,45.06397247314453,38.25989532470703,45.19804763793945,44.8134241245136,,37.71891283114,24.1557855
1994-11-23,1.0,10400,19.43160057067871,22.505393981933597,13.872706413269045,16.35152816772461,18.712188720703125,24.050389105058365,,37.84867470090833,36.426572
1994-11-29,3.0,10600,119.31756591796876,112.41897583007812,140.65296936035156,111.69003295898438,117.74102020263672,153.90097276264586,,35.25192732,34.08675075000001
1994-11-30,3.0,25500,149.0103759765625,116.31568908691406,152.2924346923828,123.9101791381836,131.2063446044922,155.7599221789883,,51.11907250833333,51.527488250000005
1994-12-01,3.0,37300,142.78411865234375,79.10786437988281,134.5642852783203,98.26631927490234,110.56969451904295,95.154280155642,,54.24321794166666,53.0525095
1994-12-17,3.0,16000,108.00701904296876,74.86870574951172,139.4701690673828,115.9443588256836,105.9673080444336,116.19319066147862,,23.140697557166668,9.832091535
1994-12-18,3.0,33700,100.9166488647461,90.8142547607422,138.461669921875,130.15586853027344,130.17965698242188,146.08171206225683,,27.7736782605,15.648745885
1994-12-19,3.0,28600,132.69610595703125,89.68394470214844,156.05111694335938,137.97207641601562,142.64105224609375,128.4947470817121,,27.71503783616667,20.72562115
1994-12-20,3.0,43900,108.83196258544922,71.8044204711914,129.57281494140625,118.9648895263672,116.77297973632812,107.4437743190662,,30.9712420295,22.4782019
1994-12-25,1.0,21800,46.00104141235352,56.083377838134766,53.727783203125,62.59765625,71.89840698242188,81.27412451361864,,47.132637385,49.865913500000005
1994-12-26,1.0,25200,82.69116973876953,86.96012115478516,84.72113037109375,129.53823852539062,119.513916015625,123.2653696498054,,44.623856241666665,44.7896937
1994-12-27,1.0,39000,122.74395751953124,81.11385345458984,97.84361267089844,136.87112426757812,128.6517791748047,110.59591439688712,,36.33611215160833,30.909381350000004
1994-12-28,1.0,55700,81.81277465820312,48.59712600708008,49.90534973144531,81.73236083984375,65.85824584960938,49.734630350194536,,27.044665463275003,16.31100185
1995-01-03,0.0,19500,0.0184047594666481,0.0,0.0,0.0,0.0,0.0,,15.47310355435,9.68540910055
1995-01-07,2.0,16700,4.149322032928467,10.911993026733398,23.2144832611084,27.10448837280273,25.57938003540039,27.180544747081736,,12.26785630806,0.96596724768
1995-01-08,2.0,15100,17.701282501220703,22.398441314697266,47.12125778198242,37.27983474731445,29.58159446716309,41.10505836575879,,9.485368346393331,0.14121216268
1995-01-09,2.0,14100,28.59740447998047,31.69956970214844,67.2039794921875,45.35436248779297,35.255863189697266,43.609338521400815,,6.059410571666667,1.811968765
1995-01-10,1.0,16200,35.45050430297852,29.569808959960938,51.23814010620117,31.222034454345703,29.138341903686523,30.1342412451362,,9.804747289166666,5.281795945000001
1995-01-15,0.0,19800,29.40688705444336,24.32373046875,37.76982116699219,32.83008575439453,32.39070129394531,18.23677042801558,,19.1201003,4.788343835
1995-01-16,0.0,18400,24.42547607421875,26.284839630126957,32.48637771606445,25.47055053710937,27.642133712768555,16.59649805447472,,22.069180591666665,14.161734215
1995-01-17,1.0,18000,31.96096992492676,39.72775268554688,59.47274017333984,49.20018768310547,49.09883880615234,41.51848249027238,,17.0265717845,12.653172965
1995-01-18,1.0,19600,53.90018844604492,37.33172225952149,58.671180725097656,49.07526779174805,47.00270080566406,35.48443579766537,,12.791520440924998,12.029562569999998
1995-01-23,0.0,16000,0.0,0.0,0.1849454492330551,2.135729300789535e-05,0.7590316534042358,0.3692607003891049,,18.173983372166667,5.417432600000001
1995-01-26,0.0,13700,4.47632360458374,7.352234840393066,3.404085159301758,6.328485012054443,19.288414001464844,9.486964980544744,,19.905909201845,3.866696075
1995-01-27,0.0,13000,4.67488956451416,17.924163818359375,3.421071052551269,10.005370140075684,30.39856719970703,28.38482490272372,,9.183100040795,4.176360795
1995-01-28,3.0,12000,33.42367935180664,39.91145706176758,35.96100234985352,50.24234390258789,66.44393157958984,63.373929961089445,,13.598584874128331,11.64549691
1995-01-29,3.0,16300,58.49292755126953,66.95037841796875,59.34642028808594,71.34043884277344,82.558837890625,86.84649805447465,,24.69303024395,23.66987535
1995-01-30,2.0,26100,94.06813049316406,93.35720825195312,106.50161743164062,103.23880004882812,110.06757354736328,106.84513618677032,,32.29525500583333,30.9041066
1995-01-31,2.0,32000,103.797607421875,86.41947937011719,102.19586181640624,76.83512878417969,85.51741027832031,92.55214007782092,,33.4489561375,32.0192926
1995-02-01,2.0,52800,90.17904663085938,68.72901916503906,90.424072265625,64.9346923828125,76.59481048583984,70.95194552529176,,30.775405404166666,29.0933871
1995-02-03,1.0,32100,22.99493980407715,15.289682388305664,31.91148567199707,12.558588981628418,26.081817626953125,9.39377431906614,,30.50222694733333,25.23998615
1995-02-04,1.0,27600,10.213464736938477,6.781660079956055,21.349050521850582,4.424470901489258,16.481142044067383,3.643968871595329,,30.27678944153333,19.94183465
1995-02-05,1.0,26500,5.126462459564209,7.0033488273620605,19.204105377197266,1.43405282497406,1.7230480909347534,2.5342412451361853,,25.524767829866665,15.8563785
1995-02-06,1.0,26500,4.992412567138672,7.0694451332092285,18.1845703125,2.245424032211304,1.9626336097717283,3.8186770428015526,,27.254239990866665,13.865908
1995-02-16,2.0,17400,69.90330505371094,65.52576446533203,114.8220672607422,97.46995544433594,100.28599548339844,129.77315175097272,,29.156373805,14.50197455
1995-02-17,2.0,19000,80.6441879272461,107.87063598632812,114.90062713623048,102.95372009277344,111.27317810058594,148.53735408560314,,28.436189181666663,15.0823483
1995-02-18,4.0,21600,150.38211059570312,123.32777404785156,179.86370849609375,140.9791259765625,143.180419921875,175.68463035019462,,32.007510716666665,22.4199881
1995-02-19,4.0,46200,150.23289489746094,117.61187744140624,164.28378295898438,120.44149780273438,130.10569763183594,132.85486381322966,,27.670346525,17.46284185
1995-02-20,4.0,53500,144.67652893066406,63.067420959472656,148.6708984375,92.82632446289062,102.0621109008789,72.2424124513619,,27.871077015,21.8502559
1995-02-21,0.0,47300,56.35097885131836,24.75687026977539,66.74756622314453,40.17761993408203,51.09292984008789,19.42568093385213,,21.37764404833333,20.3112379
1995-02-22,0.0,39200,21.100282669067383,3.859916925430298,12.325303077697754,7.608804225921631,10.82968521118164,4.332879377431903,,36.35961018333333,38.462865
1995-02-27,0.0,23100,1.3471611738204956,0.0,0.0073826191946864,0.0035316359717398,0.0396541766822338,0.0,,14.83575132133333,6.198284139
1995-03-07,0.0,17200,7.091851234436035,20.01900863647461,21.945913314819336,19.881471633911133,20.70725440979004,34.61089494163422,,10.843914016783334,11.58068035
1995-03-08,2.0,17100,35.18942642211914,41.10269165039063,77.55167388916016,56.38542175292969,57.39712905883789,51.35817120622566,,16.054770168488332,12.6039003
1995-03-09,2.0,19000,60.30279541015625,55.052772521972656,99.92388153076172,83.93956756591797,82.21268463134766,62.79747081712061,,25.861256490155,22.8275702
1995-03-10,2.0,22400,73.62561798095703,53.38324737548828,95.31390380859376,89.0253677368164,73.6529769897461,53.815564202334656,,30.617503173205,23.5801037
1995-03-14,1.0,23600,30.53592300415039,25.634151458740234,43.96408462524414,46.78694152832031,37.80671310424805,34.867704280155635,,12.651865322166667,5.5361113135
1995-03-20,1.0,22900,41.45292282104492,29.56489562988281,44.23990249633789,39.9580307006836,37.28506851196289,31.217898832684828,,19.652092355,17.199450849999998
1995-03-22,0.0,20900,19.998729705810547,23.144508361816406,18.514633178710938,22.852357864379883,17.909439086914062,21.671984435797675,,13.201572968333334,4.680470235
1995-04-01,0.0,16900,9.052412033081056,4.822445869445801,12.129071235656738,5.590655326843262,8.355894088745117,4.985214007782098,,23.31647629,17.671717700000002
1995-04-02,0.0,17000,9.446778297424316,4.24082088470459,12.127275466918944,5.588648319244385,8.415260314941406,3.747081712062253,,21.28149304,9.90785495
1995-04-05,0.0,15000,9.653759002685549,12.986431121826172,15.835742950439451,7.567261695861816,12.181373596191406,15.305642023346302,,15.254779426666667,14.96781065
1995-04-10,0.0,12300,23.04076766967773,17.29830551147461,25.24790573120117,17.871549606323242,22.62451934814453,21.48151750972763,,9.355042266666665,5.31157778
1995-04-17,0.0,9900,6.807173728942871,9.524019241333008,7.477952003479004,8.942471504211426,6.463109493255615,10.8396887159533,,15.809596154271668,4.3109846350000005
1995-04-22,0.0,10600,2.07122802734375,0.1596927642822265,0.5408835411071777,0.6253495216369629,0.4576860964298248,0.0,,15.493483256666668,11.80785405
1995-04-26,0.0,11700,1.2134343385696411,0.0049011898227036,0.1307593733072281,0.0696725323796272,0.1246420443058013,0.0,,25.6759205255,17.4646001
1995-04-30,0.0,14400,2.706716537475586,4.647891044616699,2.951998710632324,2.6704890727996826,7.087006092071533,5.192801556420235,,12.095562702676668,2.65767364
1995-05-03,0.0,16200,14.70050811767578,10.226722717285156,11.822604179382324,18.79119873046875,18.19935417175293,10.687743190661484,,6.252021455573334,1.3880439215
1995-05-09,0.0,18800,13.847615242004396,19.32425117492676,12.55854606628418,15.272047996520996,19.393001556396484,26.79591439688716,,11.219081123455,7.09314507
1995-05-13,0.0,18000,5.204309463500977,1.5633721351623535,12.557767868041992,1.9757428169250488,4.189645290374756,0.2303501945525289,,12.804472051166666,9.76950745
1995-05-24,0.0,17700,0.0344861112534999,0.0,0.0152795910835266,0.170454740524292,1.0569442510604858,0.0282101167315175,,4.822581635666667,4.37437277
1995-05-30,0.0,25600,0.0,0.0,0.0008410332957282,6.538000008049495e-08,0.007300435565412,0.0667315175097276,,2.3351762989166662,0.5969345265
1995-06-16,0.0,16400,2.7800192832946777,4.972965240478516,8.740385055541992,8.780868530273438,6.683849334716797,4.01906614785992,,5.170618813999999,5.28114564
1995-06-27,0.0,15900,0.0372777730226516,0.0,0.0,0.0133609091863036,0.0012012014631181,0.1789883268482489,,3.9807035396733337,1.43059365
1995-07-01,0.0,17300,3.0004703998565674,11.446290969848633,0.079543724656105,0.7375919818878174,0.8212442994117737,5.499027237354085,,6.558289600899999,4.2221557700000005
1995-07-02,2.0,17800,8.557567596435547,13.676687240600586,2.5514333248138428,2.2558863162994385,4.026400089263916,6.228015564202334,,6.2815225309,3.03214017
1995-07-03,2.0,19900,11.348175048828123,9.297430992126465,4.079498291015625,3.6573586463928223,5.061420917510986,4.975680933852137,,7.773378738450001,2.53093905
1995-07-16,0.0,11700,0.0073670633137226,0.0,0.0013545057736337,0.0276500415056943,0.0074002016335725,0.1212062256809339,,2.183938781,0.256466958
1995-07-21,0.0,13500,0.1232639029622078,0.0,0.1477858871221542,0.1489396095275879,0.1608740389347076,0.1914396887159533,,2.405813913,0.000670349
1995-07-25,2.0,9600,22.71496963500977,33.58605194091797,30.31018829345703,22.82745933532715,20.151397705078125,35.82373540856034,,8.008051811666666,1.42759549
1995-07-26,2.0,11300,30.00298118591309,33.53392791748047,32.19106674194336,25.115144729614254,24.10396194458008,35.47237354085606,,5.971768491166666,0.1824893514999999
1995-08-03,0.0,9830,0.4601527452468872,0.0,0.0148514956235885,0.0127331214025616,0.0293591544032096,0.2089494163424124,,2.85847141425,0.53287079275
1995-08-05,2.0,8920,5.175813674926758,28.213035583496094,2.738083600997925,12.234224319458008,9.84506130218506,43.03618677042802,,4.318973761083333,0.98662344575
1995-08-06,2.0,8600,26.14020538330078,39.065956115722656,26.010822296142575,39.525177001953125,36.80368041992188,62.13365758754864,,6.211402576583333,2.3882353922500004
1995-08-07,2.0,12800,41.69445037841797,31.16891098022461,39.17736053466797,49.82568359375,56.523284912109375,55.26789883268483,,5.994500626333332,2.369503079
1995-08-08,0.0,18700,39.28178024291992,11.730880737304688,36.44346618652344,37.59801864624024,46.69581985473633,21.10525291828793,,2.5372289463333333,1.4124538990000002
1995-08-14,1.0,10600,7.4899091720581055,9.379999160766602,5.937460899353027,2.7093844413757324,7.1779069900512695,8.613035019455252,,1.16670623155,0.00087873465
1995-08-15,0.0,10800,9.25212287902832,17.076675415039062,5.71307373046875,3.366377592086792,9.70958137512207,12.658365758754858,,1.10315286755,0.00087873465
1995-08-26,0.0,8490,0.452769935131073,0.0,0.1425385177135467,0.0060338098555803,0.0211654976010322,0.46147859922179,,10.779416847858334,2.507081678
1995-09-07,0.0,7890,1.6271016597747805,2.69472336769104,4.33281135559082,5.160153865814209,10.764023780822754,2.0928015564202336,,4.02921126865,1.0330967218
1995-09-09,0.0,9140,0.5069147348403931,0.6619119644165039,0.0605075769126415,0.0772962197661399,0.2496168613433838,0.8739299610894941,,5.209862202666667,0.847504958
1995-09-21,0.0,6250,0.047628965228796,0.0,0.0,0.0105535853654146,0.0027011218480765,0.1575875486381323,,9.402672911106166,6.9528001943185
1995-09-22,0.0,5860,0.047628965228796,0.0,0.0,0.0,0.0,0.2048638132295719,,8.513854405976167,5.2218425943185
1995-09-23,0.0,5530,0.0531686469912529,0.0,0.0,0.0,0.0,0.1877431906614785,,11.8146364093095,10.5548554443185
1995-10-01,1.0,11800,26.450517654418945,36.29372787475586,18.846275329589844,31.68412971496582,32.49390411376953,45.56420233463035,,6.11656481,0.6046105085
1995-10-02,1.0,10600,36.84192657470703,39.16493225097656,13.058195114135742,34.5181884765625,35.39474868774414,46.801750972762655,,19.819507524666665,3.66366624
1995-10-07,0.0,9550,16.383922576904297,17.453168869018555,10.641857147216797,14.058931350708008,19.95895767211914,20.67237354085602,,18.875909633000003,7.384382655
1995-10-09,2.0,7570,60.85110855102539,76.18946075439453,53.851654052734375,78.86709594726562,77.35713958740234,115.19221789883268,,21.440267434000003,12.385845952
1995-10-10,2.0,19100,106.54744720458984,86.62451934814453,66.74115753173828,83.56157684326172,80.0770263671875,125.6359922178988,,17.277926208700002,8.162767353500001
1995-10-13,2.0,20800,24.89591217041016,9.818188667297363,11.880701065063477,13.630115509033203,13.553008079528809,4.683073929961085,,12.365055588616666,4.78251275
1995-10-14,2.0,17400,8.674894332885742,23.82883071899414,1.2358617782592771,0.3999930322170257,4.226256370544434,19.933463035019443,,18.514195107783333,5.62008263
1995-10-15,2.0,17700,28.181306838989254,32.96037292480469,22.83448982238769,18.64783096313477,17.342361450195312,48.471595330739305,,14.398661241116669,1.89100683
1995-10-17,1.0,26300,67.42403411865234,33.32002639770508,56.98178482055664,57.15127944946289,60.166290283203125,57.35778210116734,,9.707471402666666,1.40023265
1995-10-20,1.0,18400,15.318050384521484,19.58934211730957,14.657331466674805,15.285293579101562,25.02994537353516,23.46770428015565,,13.265774792033334,5.108188154
1995-10-23,0.0,15400,8.525392532348633,7.204507350921631,1.4537367820739746,1.6937613487243652,3.563982486724853,5.948638132295718,,19.031070467666662,5.435422
1995-10-25,2.0,14300,42.34187316894531,39.25238800048828,40.39468765258789,40.005985260009766,48.06326675415039,57.04260700389104,,14.869597742833337,8.734553909999999
1995-10-26,2.0,19200,48.85127258300781,34.92535781860352,40.77007675170898,40.26714706420898,46.45615768432617,55.953307392996095,,16.406612613833335,9.65981366
1995-11-06,0.0,12200,48.12068557739258,123.8786392211914,58.5836181640625,74.25016021728516,72.8733901977539,169.3643968871595,,35.849613549999994,20.35455245
1995-11-07,3.0,13200,170.15487670898438,144.13223266601562,145.27862548828125,164.78404235839844,138.1676025390625,199.77140077821008,,25.97977543,19.65293835
1995-11-08,3.0,48400,202.59255981445312,142.5448455810547,143.74159240722656,166.05300903320312,140.21995544433594,190.4400778210116,,24.843078043833334,16.772561935
1995-11-10,2.0,48800,113.53376770019533,70.00883483886719,52.72843170166016,75.97016143798828,81.56391906738281,111.26050583657587,,38.79425000333333,26.176334435
1995-11-11,2.0,48500,87.52528381347656,64.55314636230469,49.84279251098633,76.09228515625,74.27029418945312,106.71945525291828,,50.15975370455,33.92401385
1995-11-12,2.0,57100,82.62960815429688,51.48250579833984,65.92618560791016,76.07000732421875,79.80607604980469,94.9214007782101,,39.24828441505001,27.73016115
1995-11-13,2.0,45300,63.57944488525391,32.273223876953125,51.01629638671875,25.540771484375,45.97859954833984,43.8762645914397,,29.063983324383333,22.9708402
1995-11-14,2.0,52800,40.02526473999024,41.24503707885742,59.62977981567383,27.971813201904297,52.309669494628906,52.09105058365761,,23.52035670433333,21.5916985
1995-11-15,1.0,48600,52.946807861328125,25.011348724365234,42.56881332397461,20.316877365112305,36.77564239501953,26.63365758754865,,44.11066332099999,21.57433595
1995-11-16,4.0,47700,33.80274963378906,40.59782409667969,27.655948638916016,21.11319351196289,22.02584457397461,47.205447470817134,,48.48466876508333,28.72392325
1995-11-17,4.0,47100,50.98887634277344,36.47911834716797,43.26284408569336,41.05040740966797,44.74872589111328,51.23793774319067,,51.56650987358332,30.91641475
1995-11-18,4.0,50400,42.21615982055664,27.668231964111328,42.504512786865234,39.74185562133789,43.24679183959961,47.567315175097285,,52.24072180691667,39.126985000000005
1995-11-22,3.0,30400,30.102123260498047,53.6439208984375,53.594486236572266,79.87347412109375,71.44315338134766,82.71614785992219,,38.57626901333333,21.4484329
1995-11-23,3.0,36100,75.71839904785156,79.3359603881836,70.14439392089844,93.7122573852539,90.943359375,117.4003891050584,,40.11977788,24.06658335
1995-11-30,4.0,132000,311.17010498046875,75.343994140625,185.76617431640625,142.7566375732422,155.71556091308594,88.1994163424124,,22.491462744266663,7.842816465
1995-12-02,0.0,78700,46.042110443115234,41.34719467163086,67.65294647216797,49.17631530761719,67.13480377197266,43.32898832684826,,23.7035317155,5.115861604999999
1995-12-04,0.0,48300,41.89064025878906,22.545717239379883,32.34672546386719,33.165061950683594,40.045196533203125,30.457587548638138,,17.9228528475,5.916717672500001
1995-12-07,0.0,27100,5.193072319030762,1.7533831596374512,0.5264389514923096,0.5185003876686096,1.3048197031021118,4.684435797665372,,20.100857841666667,10.532279535
1995-12-08,0.0,23800,2.538983106613159,28.48630142211914,5.562910556793213,5.423155307769775,6.9292521476745605,43.13910505836574,,28.692280418333333,17.2820263
1995-12-09,3.0,23100,33.91457748413086,54.599876403808594,108.42890167236328,57.15641784667969,76.77615356445312,75.62626459143965,,32.62478888166667,21.8463065
1995-12-10,3.0,27600,67.44509887695312,70.14348602294922,150.45802307128906,93.22096252441406,120.71627807617188,103.24455252918284,,30.571452765,28.42254625
1995-12-11,1.0,42100,86.09722900390625,72.22669982910156,164.9757843017578,105.51446533203124,136.11968994140625,102.87042801556416,,27.44823275621667,25.7566267105
1995-12-12,2.0,45300,93.9601593017578,60.10445022583008,113.16734313964844,100.80780029296876,111.47310638427734,92.41264591439688,,32.54609336288333,27.3200464605
1995-12-13,2.0,51000,77.26034545898438,61.65396499633789,98.7616729736328,91.11119842529295,93.38258361816406,78.47023346303502,,32.83088987955,24.0557168105
1995-12-14,1.0,48400,80.12785339355469,41.20003509521485,97.45050811767578,89.05694580078125,90.30943298339844,44.07568093385214,,34.312777966666665,27.53117685
1995-12-17,1.0,27100,21.43429183959961,15.005651473999023,36.4873046875,14.242050170898438,20.89151382446289,12.291634241245124,,26.39830918683333,17.00777816
1995-12-18,1.0,24700,19.572174072265625,16.836124420166016,35.023040771484375,10.24007797241211,13.296029090881348,14.13774319066147,,22.904313316666663,16.061365010000003
1995-12-19,0.0,24400,19.09532165527344,9.328217506408691,27.366931915283203,9.752588272094728,13.716164588928224,9.614007782101169,,18.660265228333333,13.12792671
1995-12-22,0.0,20600,1.4522784948349,0.0,0.0118894912302494,0.0002165146433981,0.0134196374565362,0.0,,16.74910029453333,10.3890597
1995-12-23,0.0,19000,1.0353673696517944,0.0,0.0001797191944206,6.044584006303921e-05,0.0066042528487741,0.0,,18.757530857866666,11.6692245
1995-12-28,0.0,13500,19.64045143127441,32.593528747558594,30.268543243408203,30.926570892333984,35.301273345947266,52.29280155642026,,49.661829072816666,27.570557375
1996-01-02,1.0,16800,58.22003936767578,56.9970817565918,96.68741607666016,35.23551177978516,48.98988723754883,84.6171206225681,,33.763109498999995,20.58353198
1996-01-03,1.0,26700,63.55516815185547,51.74302673339844,95.8374252319336,36.443946838378906,44.35115051269531,63.69260700389109,,38.936061979,30.07846298
1996-01-05,3.0,21700,35.634944915771484,44.57437133789063,42.77255630493164,28.04034805297852,31.48200225830078,52.75447470817123,,39.298662735,36.26674935
1996-01-06,3.0,20200,54.84879302978516,58.48722457885742,118.52076721191406,63.943580627441406,63.91438674926758,83.7268482490273,,35.707809655,27.96588885
1996-01-07,3.0,33600,74.08165740966797,62.10863876342773,127.15042114257812,65.8254623413086,66.0061264038086,79.45350194552535,,32.211482405,22.15061425
1996-01-10,1.0,24400,18.51107788085937,15.753701210021973,19.03423309326172,13.787681579589844,20.605052947998047,15.6112840466926,,33.1770952605,27.79677345
1996-01-11,1.0,23100,17.095386505126953,7.754360198974609,16.118165969848633,10.061972618103027,14.59692096710205,8.259533073929955,,25.66212820333333,22.04260165
1996-01-13,3.0,20700,32.86370849609375,55.94453430175781,64.28164672851562,60.24728393554688,49.67270278930664,69.35272373540856,,26.0908357179,26.99448295
1996-01-14,3.0,22800,73.61146545410156,78.2306900024414,124.84129333496094,111.82759857177734,97.2436065673828,104.1885214007782,,26.5363383029,27.491006
1996-01-15,3.0,30200,97.0516357421875,56.355712890625,137.81683349609375,111.85125732421876,103.86363983154295,76.0626459143969,,24.4278111329,22.409131700000003
1996-01-19,0.0,22400,10.40903663635254,25.324073791503903,17.814495086669922,22.66674041748047,36.1635627746582,26.467509727626464,,44.55767436333333,38.49547755
1996-01-21,0.0,19700,22.59681510925293,40.54426574707031,20.94428825378418,42.43882751464844,45.61963653564453,34.79961089494166,,41.21079275,38.21472525
1996-02-05,2.0,16800,65.90157318115234,92.44856262207033,97.044189453125,88.221435546875,91.64077758789062,119.47665369649806,,22.732200748333334,14.47649824
1996-02-06,2.0,26500,108.36395263671876,118.40757751464844,102.5267562866211,104.24113464355467,119.9245834350586,158.57996108949416,,17.666807048333332,15.79162424
1996-02-07,2.0,35800,140.34341430664062,134.27381896972656,131.2462921142578,140.44000244140625,154.14938354492188,165.39182879377432,,19.085716731666665,12.83606244
1996-02-08,2.0,46400,159.2844696044922,92.13228607177734,103.4466781616211,108.67987823486328,116.2006378173828,120.62140077821012,,23.605231733333333,20.7086223
1996-02-12,0.0,26100,1.6563016176223757,0.0,0.0076494514942169,4.0085524233290926e-08,0.0,5.396303501945528,,15.92314813755,3.28139408
1996-02-14,0.0,22200,0.0952063351869583,0.0,0.0061364374123513,1.418311512679793e-06,0.007692920975387,6.2762645914396895,,19.93208943333333,4.49728255
1996-02-17,1.0,22400,33.799034118652344,38.440677642822266,48.39863204956055,37.97737503051758,32.739479064941406,51.15525291828792,,26.110046928333336,20.690696085
1996-02-18,1.0,27300,49.08009338378906,46.47369766235352,59.3363037109375,57.946773529052734,49.2458381652832,66.67509727626457,,32.71975205,33.526396649999995
1996-03-08,1.0,14200,8.230424880981445,20.931028366088867,10.627792358398438,20.267562866210938,22.65290260314941,16.177431906614792,,9.863298772283333,6.677409099999999
1996-03-09,1.0,13500,26.961259841918945,23.1710147857666,25.696754455566406,35.34172821044922,33.8456916809082,25.70856031128405,,16.082685011333332,8.838326115
1996-03-10,1.0,18500,32.421630859375,20.32357406616211,35.32002258300781,34.695552825927734,39.232666015625,25.369260700389116,,18.880785011666667,10.73515548
1996-03-14,0.0,15800,7.867552757263184,10.08053970336914,9.65883731842041,3.427912712097168,4.62246036529541,8.47081712062257,,14.891482211333336,8.25759061
1996-03-19,0.0,15300,6.103233814239502,4.01085376739502,11.117243766784668,10.311515808105469,10.19748306274414,6.108754863813226,,9.975590593233331,6.806380540000001
1996-03-21,0.0,14400,9.05891227722168,6.836866855621338,8.085611343383789,18.183673858642575,14.47756576538086,9.189883268482491,,17.386299016833334,11.2720455
1996-03-30,0.0,10800,17.4879150390625,19.244747161865234,10.656293869018556,16.022321701049805,11.749711990356444,32.23015564202335,,32.905188708333334,28.21605435
1996-04-01,0.0,12200,37.7676887512207,29.34725379943848,38.00385284423828,47.75110626220703,30.099950790405277,40.27509727626461,,24.30124326833333,21.8199101
1996-04-05,3.0,11200,6.899039268493652,25.658973693847656,12.345403671264648,4.78355598449707,23.10296058654785,22.61206225680933,,22.58184664,13.846535065
1996-04-06,3.0,11600,21.90606689453125,26.496971130371094,17.04195213317871,10.119035720825195,33.11376190185547,24.429766536964973,,19.270030563,12.205522565
1996-04-07,3.0,15100,21.778539657592773,21.51280975341797,17.070518493652344,10.033514022827148,32.02997970581055,24.86420233463034,,15.993439504333333,6.391843055
1996-04-11,0.0,16400,15.957735061645508,14.859682083129885,25.191761016845703,23.459747314453125,26.549760818481445,14.78229571984437,,19.14776274966667,12.26440553
1996-04-13,0.0,14700,13.493589401245115,3.969101428985596,17.650880813598633,16.608291625976562,15.475130081176758,4.88365758754864,,21.122973350166667,10.49768553
1996-04-14,2.0,13600,6.33858585357666,6.236550807952881,6.997108459472656,9.98868179321289,5.035131931304932,4.84046692607004,,21.549785585166667,13.36273685
1996-04-15,2.0,12000,8.609919548034668,14.681177139282228,16.393569946289062,16.256458282470703,12.870497703552246,18.97159533073929,,15.248701021666664,13.6194037
1996-04-16,1.0,12600,18.69172096252441,19.45762252807617,25.927967071533203,25.8699951171875,24.03221321105957,25.559143968871588,,13.417094398333331,12.573218699999998
1996-04-17,1.0,14000,24.34115982055664,17.363574981689453,30.24383544921875,31.633678436279297,33.85023498535156,26.72743190661478,,12.733468213666663,10.6613497
1996-04-22,2.0,14000,30.679929733276367,68.59703826904297,66.55549621582031,73.70829010009766,64.75515747070312,84.21186770428022,,6.685055598333333,5.5959272
1996-04-23,2.0,18400,83.35926055908203,80.25341796875,116.20018005371094,94.95840454101562,91.9177703857422,100.51770428015573,,4.9700567472833335,4.5695400075000006
1996-04-24,2.0,32000,95.5841293334961,73.77845764160156,118.51759338378906,105.05337524414062,105.9465789794922,95.69260700389113,,2.7083338531166667,1.2487520075000005
1996-04-25,1.0,26700,83.54178619384766,43.68720245361328,77.95824432373047,58.14112091064453,69.62218475341797,46.04066147859924,,2.9566382031166665,1.6536610575
1996-04-28,0.0,20600,21.617658615112305,5.567992210388184,9.26552963256836,7.773050308227539,6.549975395202637,8.924708171206227,,13.3668163365,14.114575404500002
1996-05-02,0.0,16600,17.412559509277344,10.528346061706545,10.24146842956543,16.59868621826172,11.060068130493164,14.28968871595331,,15.52478547835,13.141642949999998
1996-05-08,0.0,15000,16.137042999267578,7.731153964996338,17.876079559326172,16.325645446777344,11.361515045166016,15.19766536964981,,13.961574902333334,10.41485905
1996-05-23,0.0,21000,27.941234588623047,15.755315780639648,25.24813842773437,25.853689193725582,21.166444778442383,22.53774319066148,,5.844707457683334,0.463778691
1996-05-30,0.0,19700,23.30021858215332,9.278570175170898,17.623607635498047,14.99290370941162,8.032461166381836,19.38093385214007,,7.472673041,4.65137968
1996-06-01,0.0,17000,0.9303372502326964,0.4070806801319122,0.6003381013870239,0.1231649667024612,0.1441419273614883,0.943774319066149,,7.547830744516668,3.24856996
1996-06-05,0.0,22800,2.0287282466888428,2.044602394104004,5.051138877868652,1.632295846939087,3.3551595211029053,2.289494163424122,,3.784506276716667,2.288627295
1996-06-14,0.0,18500,0.2621190547943115,0.0,0.0228379312902688,0.0108994832262396,0.0355399027466774,0.6114785992217897,,7.820104472523333,1.140304685
1996-06-18,0.0,17000,6.476803779602051,3.4854848384857178,8.419266700744629,4.957776069641113,7.783362865447998,10.353112840466922,,9.2082609755,7.1861524265
1996-06-20,0.0,15300,1.19592022895813,0.7389059066772461,0.9516273736953736,0.4461795091629028,2.769906520843506,0.8350194552529184,,8.233248017166666,3.17819796
1996-06-21,0.0,15500,2.2133147716522217,0.8280447125434875,1.25046968460083,2.666043758392334,3.739980459213257,4.434046692607003,,8.597512658833333,1.937388885
1996-06-24,0.0,15000,12.36476993560791,11.843632698059082,18.830612182617188,20.229127883911133,16.241619110107422,9.000000000000002,,5.381193662,2.7104381
1996-06-28,0.0,14700,3.737260103225708,2.7225069999694824,11.056885719299316,3.765970230102539,4.694970607757568,4.377042801556419,,3.671586739283333,2.2187507675000004
1996-06-30,0.0,12400,0.1643373072147369,0.000342184503097,0.0397452041506767,0.0406409427523613,0.0414596870541572,0.048249027237354,,7.542546224183333,2.8814281625
1996-07-06,0.0,14100,0.5470257997512817,0.0,0.1303679347038269,0.0269154272973537,0.0918118208646774,0.3052529182879374,,7.205384961750001,4.085223833000001
1996-07-14,0.0,19000,0.0017797618638724,0.0,0.0,0.0,0.0,0.0036964980544747,,3.502163153166667,1.6094614720000002
1996-07-18,0.0,18300,26.32705307006836,30.682167053222656,38.07388687133789,47.14558792114258,32.118499755859375,41.857003891050574,,0.2266014772666666,0.0164263583
1996-07-26,0.0,15600,0.0,0.0,0.0012091629905626,0.0,0.0019089055713266,0.0040856031128404,,4.172733758000001,0.2992254989999999
1996-08-01,0.0,13100,1.100154995918274,10.055120468139648,3.539912700653076,10.676886558532717,11.538932800292969,12.475680933852136,,2.876214609428333,0.04634723
1996-08-07,0.0,11800,0.9700024127960204,0.0,0.0018686187686398,0.0213477872312068,0.0316847190260887,0.0,,0.350328611,0.02065749
1996-08-23,0.0,8590,0.0317996032536029,0.0,0.0074665476568043,0.0,0.0014206243213266,0.0,,10.719094337333331,0.8573597169999999
1996-08-29,2.0,9350,0.4726289510726928,11.20440673828125,1.2458691596984863,3.0379581451416016,5.745591163635254,10.906614785992216,,0.34321445485,0.12404647955
1996-08-30,2.0,9640,14.656359672546388,14.011801719665527,8.0960054397583,11.518383979797363,10.439411163330078,19.06945525291829,,0.2784892490166667,0.08052890205
1996-09-25,0.0,7620,0.1120377033948898,0.0006980564212426,0.0001423466746928,6.7483722432371e-07,0.0001926032855408,0.883463035019455,,16.251565229333334,5.463040234999999
1996-09-26,0.0,6870,0.2307380586862564,0.0006980564212426,0.0001420591433998,6.841969479864929e-07,0.0028180491644889,2.10739299610895,,20.595251846083336,9.04274075
1996-10-02,4.0,9100,1.53342604637146,6.32105016708374,6.220905780792236,0.1539580076932907,8.096183776855469,12.04260700389106,,16.45300805905,18.04759293
1996-10-03,4.0,9000,6.937487602233887,38.40029144287109,27.05516242980957,17.836572647094727,26.47244644165039,43.025680933852165,,18.663135308500003,16.14651418
1996-10-04,4.0,9250,46.6363525390625,37.52805709838867,39.89487838745117,23.76624298095703,29.3824405670166,43.23657587548641,,13.872608828000002,3.552695625
1996-10-10,1.0,9580,8.919296264648438,14.380130767822266,11.831463813781738,5.969880104064941,8.38636302947998,16.106225680933846,,37.60776626148333,9.463567735000002
1996-10-11,1.0,10200,17.055492401123047,23.96129608154297,16.927005767822266,5.982706546783447,11.172216415405272,20.79435797665369,,37.166574526666665,8.864864310000002
1996-10-14,1.0,17800,73.69097900390625,53.60307312011719,56.57717514038086,81.2674560546875,78.15586853027344,87.83618677042801,,18.630669370000003,13.51450185
1996-10-17,2.0,14300,58.41917419433594,45.04979705810547,51.94474029541016,56.59994125366211,53.333274841308594,57.10583657587551,,13.690375546066669,0.69601952265
1996-10-18,2.0,16100,55.07940673828125,48.81890869140625,59.79526519775391,60.9292221069336,53.77909469604492,58.98910505836578,,11.293015330733336,1.2170122576500002
1996-10-21,1.0,12800,43.76837158203125,32.26049041748047,37.51184844970703,48.74969482421875,47.1937255859375,42.65525291828797,,22.286325462233336,12.9784840075
1996-10-22,1.0,20000,43.475955963134766,50.0576400756836,42.82692337036133,56.65680694580078,55.52409362792969,68.10797665369653,,27.81359997165,15.278488975
1996-10-23,1.0,20400,70.37168884277344,36.08300018310547,57.37599182128906,64.07299041748047,60.06607055664063,57.20350194552529,,32.343428891916666,15.303997785
1996-10-24,1.0,21000,47.66768646240234,31.56367301940918,36.57640075683594,44.793304443359375,48.61540985107422,48.371011673151735,,29.327110771916672,4.86628672
1996-10-27,2.0,15000,18.598411560058597,34.899627685546875,39.83699798583984,35.62553024291992,50.033790588378906,46.353891050583634,,20.833809797866664,11.58236198
1996-10-28,2.0,16000,46.188270568847656,34.494972229003906,41.6588134765625,38.79923248291016,50.23080825805664,46.51070038910503,,25.78396491666667,15.7714946
1996-10-31,0.0,17900,0.3099087476730346,0.0,2.1992021004280105e-07,2.472567643962975e-07,6.228077040759672e-07,0.8857976653696494,,61.51257939,41.8704575
1996-11-01,0.0,15600,0.3481646776199341,3.773655891418457,0.0,3.9340150692623865e-07,0.0,1.5961089494163414,,61.20402917999999,50.19355575
1996-11-05,0.0,15200,46.65518569946289,31.272144317626957,46.57609558105469,50.0186653137207,46.95955657958984,42.26848249027239,,33.36465784166667,18.2660758
1996-11-07,2.0,17800,65.78178405761719,46.06306457519531,92.17942810058594,60.89283752441406,76.99102783203125,68.86128404669262,,34.71476095333333,13.71286223
1996-11-08,2.0,19100,62.16432571411133,31.79083633422852,63.75986099243164,30.780712127685547,51.62813949584961,40.82354085603114,,27.15871911833333,9.98860883
1996-11-09,2.0,24100,41.90644073486328,9.982291221618652,55.24779891967773,26.430713653564453,45.604766845703125,19.029182879377444,,19.360454058116662,11.5308116
1996-11-11,2.0,20200,2.175835132598877,18.23714828491211,11.362852096557615,3.710843086242676,12.160472869873049,19.273346303501928,,23.57940166145,16.6322848
1996-11-12,2.0,20800,20.869104385375977,26.55851554870605,28.35775184631348,26.03375244140625,34.096656799316406,34.706225680933834,,37.56962016833333,31.6269716
1996-11-13,2.0,25500,31.496341705322266,27.490074157714844,26.86282730102539,34.94757080078125,42.60951614379883,38.377821011673134,,40.68229168833333,34.762441749999994
1996-11-20,0.0,15400,20.632328033447266,16.924997329711914,17.506134033203125,12.515682220458984,7.170957088470459,20.761089494163425,,15.310368856666669,9.9380584
1996-11-24,0.0,13900,28.190860748291016,25.622882843017575,29.955101013183597,19.43966293334961,28.833890914916992,29.73463035019455,,26.627321268500005,7.508560225
1996-11-28,0.0,38000,99.5866928100586,67.36229705810547,91.60139465332033,75.60728454589844,88.50772857666016,94.57723735408558,,38.68990413531,18.9311923
1996-11-29,0.0,29300,82.95199584960938,39.52359771728516,68.6206283569336,55.324012756347656,53.57646179199219,50.537548638132265,,29.824278541166667,17.623912999999998
1996-11-30,1.0,23000,44.705604553222656,45.8152961730957,75.49061584472656,49.415924072265625,59.96795654296875,59.252529182879314,,29.684889641166667,13.68145415
1996-12-01,1.0,25600,51.73545837402344,53.374507904052734,89.43429565429688,69.35884857177734,78.71150207519531,70.00661478599217,,21.831192090833337,6.903742449
1996-12-04,1.0,19300,62.36703872680664,51.07867431640625,79.01190185546875,81.5475082397461,75.80021667480469,61.56225680933851,,14.735871851666667,11.605976905
1996-12-09,0.0,17900,54.77201843261719,31.11984634399414,30.37391471862793,35.673179626464844,40.50713348388672,39.67723735408561,,31.286689242466664,21.379547895
1996-12-10,1.0,17300,34.64679336547852,24.990447998046875,28.794151306152344,30.442501068115234,36.11396026611328,21.505642023346315,,38.12801097333333,24.289269095
1996-12-15,1.0,14600,31.109939575195312,10.195300102233888,22.94569969177246,18.198633193969727,20.92650604248047,11.150972762645916,,16.995021681786668,9.30661185
1996-12-16,1.0,14400,14.228354454040527,9.815716743469238,12.892292976379396,10.843796730041504,15.25383472442627,8.31575875486382,,14.283735352703332,6.42768333775
1996-12-17,0.0,13800,13.726447105407717,0.6005039811134338,2.3211498260498047,1.279002070426941,1.2663642168045044,2.8231517509727624,,11.196084537583332,6.903023287750001
1996-12-26,0.0,12300,34.675384521484375,46.280853271484375,17.46561622619629,29.570436477661133,6.169568538665772,57.4303501945526,,27.26275148333334,32.32329135
1996-12-27,0.0,12400,44.66958618164063,65.1295166015625,11.226709365844728,32.79671096801758,10.018572807312012,72.29883268482497,,36.956716405,42.1694085
1996-12-29,3.0,10300,96.14944458007812,101.58487701416016,109.70184326171876,101.24916076660156,105.28395080566406,122.5511673151752,,38.71456006666666,34.44728265
1996-12-30,3.0,14200,141.3136444091797,104.77627563476562,139.16952514648438,121.61929321289062,137.7119140625,180.45447470817135,,26.70636209,18.35960115
1997-01-06,1.0,19500,58.88343811035156,60.70562744140625,51.82490539550781,64.5727767944336,66.48043060302734,78.6737354085603,,9.1199858665,3.9093826
1997-01-07,1.0,23400,73.37120056152344,60.73020935058594,59.930057525634766,69.37547302246094,79.4553451538086,81.01108949416341,,10.1413011615,5.435323864999999
1997-01-11,0.0,20700,3.38064956665039,0.5578856468200684,5.693786144256592,2.4959349632263184,4.852756023406982,0.5680933852140073,,26.678514811,19.405538575
1997-01-16,2.0,14900,23.96395301818848,43.64171600341797,50.52996826171875,48.77228927612305,46.526981353759766,71.47859922178992,,52.12966985000001,43.8251295
1997-01-17,2.0,19700,60.67741394042969,88.01368713378906,60.29553985595703,73.72055053710938,79.401611328125,111.7005836575876,,41.39671093333334,37.772215
1997-01-18,3.0,27300,119.25946044921876,93.5186996459961,132.19273376464844,105.53488159179688,124.26657104492188,137.4054474708172,,34.981563056666666,32.6064785
1997-01-19,3.0,40400,129.48330688476562,72.87400817871094,100.52468872070312,77.24579620361328,102.29405212402344,95.84396887159537,,36.24496256,33.459261999999995
1997-01-20,3.0,47600,101.83594512939452,31.89777374267578,99.76866149902344,58.89213943481445,83.2579574584961,57.693774319066144,,31.187224943333334,26.0703813
1997-01-23,0.0,26100,33.8602294921875,30.495859146118164,26.63311767578125,36.47880935668945,26.851123809814453,37.86186770428017,,16.245117118333333,9.60924393
1997-01-27,1.0,19800,20.058652877807617,21.05653953552246,39.98412704467773,16.662967681884766,21.23555564880371,32.22684824902724,,21.510250774166664,7.820244822499999
1997-01-28,1.0,20000,28.86123275756836,66.14608764648438,41.540306091308594,18.343297958374023,27.04636001586914,66.57937743190661,,24.56316003833333,10.2729501225
1997-01-29,4.0,20100,81.9232177734375,72.87928771972656,122.88704681396484,77.17900085449219,106.5805206298828,103.274513618677,,25.901040547833333,9.778434651
1997-01-30,4.0,30300,83.84176635742188,81.63492584228516,93.23941802978516,61.72840881347656,89.95921325683594,90.2815175097276,,31.751420552333336,12.0191353645
1997-01-31,0.0,43900,88.38420867919922,51.48079681396485,106.64698791503906,76.07274627685547,107.49943542480467,84.07684824902722,,48.8061636715,31.4990230645
1997-02-01,0.0,31600,51.22161102294922,38.3209228515625,28.73928642272949,28.11230087280273,38.378936767578125,41.02937743190662,,57.4331973055,47.28998725
1997-02-08,0.0,19000,0.0122142853215336,0.0,0.0001551062305225,0.0053344494663178,0.4173465669155121,0.0990272373540856,,12.129164396066669,5.0172743882
1997-02-09,0.0,18600,0.0081428568810224,0.5487632155418396,0.5218366384506226,0.0091774379834532,0.1584092676639557,4.080155642023346,,8.803632712733334,5.416774138200001
1997-03-02,0.0,18600,58.0200080871582,44.89054107666016,71.18174743652344,70.71305847167969,73.76053619384766,55.40155642023342,,25.580827953333333,24.06038235
1997-03-06,0.0,17800,53.02167510986328,50.989654541015625,57.29679107666016,58.296993255615234,55.28170776367188,72.03657587548638,,15.150749683,8.3361575
1997-03-17,4.0,16700,100.5319366455078,105.76321411132812,85.35983276367188,94.80841827392578,106.82720184326172,128.72081712062263,,12.232693201833332,3.7459927755
1997-03-24,0.0,22900,2.246445417404175,14.374407768249512,7.931430339813232,1.9864310026168823,5.315906524658203,18.1408560311284,,24.4635883,13.82831095
1997-03-27,0.0,23900,40.898231506347656,25.93814849853516,54.715518951416016,36.78238677978516,49.38585662841797,34.44844357976654,,16.79727047625,3.320809825
1997-04-06,0.0,15800,0.2526745796203613,0.1236231252551078,0.0010517872869968,0.0005414937622845,0.0049195578321814,0.1250972762645913,,4.245013209166667,2.8204626775
1997-04-08,0.0,14800,1.580089092254639,0.7185770273208618,0.995905876159668,2.989981174468994,5.6986002922058105,4.459922178988328,,5.25084807365,3.665201168
1997-04-11,0.0,16100,2.380383014678955,4.110601902008057,0.0016500412020832,2.977658748626709,0.5698913931846619,3.5171206225680924,,22.367595963333336,7.64414345
1997-04-13,0.0,17800,18.507129669189453,20.65416145324707,20.67508125305176,21.325910568237305,19.27502822875977,32.70778210116728,,19.688858906666667,9.5247622
1997-04-15,2.0,17300,37.4930534362793,27.03988265991211,45.36534118652344,31.186397552490234,56.00650024414063,33.75175097276264,,10.859706266113331,6.979058555
1997-04-16,2.0,20600,37.77460861206055,24.702198028564453,47.762733459472656,32.6867790222168,53.32877349853516,28.281906614785985,,10.415505977113334,3.56853559
1997-04-17,0.0,22800,32.870704650878906,18.23788833618164,39.94990921020508,27.63444328308105,35.49982452392578,10.791050583657588,,8.05298174128,1.106330955
1997-04-25,0.0,23700,10.988412857055664,11.295586585998535,1.7897005081176758,5.286261081695557,3.23743224143982,9.67178988326848,,10.782131059500005,3.72994409
1997-05-04,1.0,23200,13.2937650680542,18.003612518310547,42.833106994628906,22.500322341918945,41.0156478881836,22.15758754863813,,3.0473466665,0.6667970464999999
1997-05-05,1.0,22100,26.724403381347656,23.26060485839844,48.97037506103516,31.854103088378903,48.71743392944336,26.24688715953308,,3.5774723088166667,0.599751218
1997-05-06,1.0,23900,29.58042907714844,21.872467041015625,41.44436264038086,28.52119445800781,35.06437301635742,20.616926070038915,,7.399790567733333,0.4986227357499999
1997-05-10,0.0,26600,2.734060049057007,0.0,0.000222732021939,1.8936965489047e-06,0.0004235092492308,0.0,,21.257225941066665,8.135881403
1997-05-28,0.0,25700,7.7348785400390625,10.031206130981444,9.6121826171875,13.639999389648438,11.360382080078123,10.483657587548633,,10.00826482,3.69517314
1997-05-30,2.0,33700,30.557456970214844,41.86673355102539,26.99714469909668,36.309364318847656,42.76647186279297,53.22723735408559,,12.164168233383334,6.837527405
1997-05-31,2.0,40300,54.08699798583984,41.18903732299805,28.671396255493164,33.8702507019043,42.80315399169922,48.88501945525291,,11.76794680505,6.95308064
1997-06-08,0.0,27600,0.8892722129821777,0.1320738941431045,0.076992742717266,0.0906437337398529,0.0891374871134758,0.072568093385214,,2.981760018333333,1.456816115
1997-06-12,0.0,32400,11.3895263671875,13.453240394592283,9.405874252319336,11.164989471435549,11.620328903198242,13.785214007782102,,12.770161858416667,10.11541047
1997-06-16,2.0,37900,9.99894905090332,30.81225204467773,28.88258934020996,9.29012680053711,22.35797119140625,35.84027237354086,,8.1078221431,5.952594365
1997-06-17,2.0,42700,32.47239303588867,34.57329559326172,46.01667785644531,18.42376708984375,33.38677215576172,40.81653696498055,,8.122697599766667,5.715633615
1997-07-01,0.0,27700,5.085196971893311,0.7556354403495789,5.009535312652588,3.982661008834839,5.54610538482666,0.6048638132295716,,5.592326417083333,2.260370386
1997-07-05,0.0,30900,7.217281341552734,16.54083251953125,10.935297966003418,10.535784721374512,5.493855953216553,26.29260700389105,,3.74799501805,0.57823476915
1997-07-06,0.0,34900,14.759390830993652,26.33881378173828,11.276497840881348,10.60321807861328,5.572863578796387,30.29260700389105,,3.6559729186666665,0.873280406
1997-07-07,2.0,35500,24.249008178710938,62.89129638671875,33.273521423339844,43.12412643432617,36.26982498168945,67.87996108949417,,2.2391686434,0.5218946962500001
1997-07-08,2.0,33300,72.49443054199219,61.6839714050293,56.03010559082031,52.05020523071289,49.490699768066406,65.10856031128405,,2.748729228066667,0.37004460025
1997-07-09,2.0,62200,74.10272216796875,57.705543518066406,65.41954803466797,61.56315994262695,63.23079681396485,71.12879377431908,,4.068968456066667,1.03421106925
1997-07-11,0.0,44900,19.63417053222656,7.4120588302612305,9.873225212097168,10.107287406921388,17.09090805053711,11.232879377431914,,8.445097157966668,1.4270956429
1997-07-21,0.0,27300,0.3337916731834411,0.0707936882972717,0.7551674842834473,0.2094737738370895,0.8887636661529541,2.1558365758754867,,2.062750466883333,0.00848687065
1997-07-29,0.0,18600,0.0986369028687477,0.0,1.0037950277328491,0.2313225418329239,0.0146621391177177,3.3857976653696484,,1.58997902204,0.5341381696199999
1997-07-30,0.0,19300,0.0736527740955352,0.0,1.0037349462509155,0.2313209027051925,0.0187200419604778,3.039688715953306,,1.4805236383333331,0.53255075
1997-08-01,0.0,17400,0.0871071442961692,0.0,0.0004102643579244,1.2667029523072415e-06,0.0150454770773649,0.2192607003891051,,3.071119073333333,0.2883443149999999
1997-08-03,0.0,16800,0.1862261891365051,0.0,0.0003873163077514,5.329879968485329e-07,0.0089802648872137,0.036964980544747,,3.4527820643833333,0.473395335
1997-08-04,0.0,17200,0.1974186450242996,0.0,3.529645618982613e-05,5.330992962626624e-07,0.010983214713633,0.0647859922178988,,0.76404352605,0.18505102
1997-08-05,0.0,17800,0.2423313409090042,2.6624011993408203,0.0745807960629463,0.0412631817162036,0.1405000835657119,3.294357976653697,,0.3650965906666666,0.011841907
1997-08-08,0.0,19100,2.3589067459106445,0.0,0.0185088291764259,0.0027145612984895,0.0067873587831854,0.2155642023346303,,0.9896048503333332,0.30415532
1997-08-15,0.0,14400,0.0258313510566949,0.0115062957629561,0.0293351486325263,0.0185820292681455,0.0842310041189193,0.0319066147859922,,5.074212391666666,1.92276821
1997-08-16,0.0,14700,0.099900797009468,0.0115062957629561,0.0945846140384674,0.0591847449541091,0.146325409412384,0.0235408560311284,,6.416459325,1.92276821
1997-08-22,0.0,12000,2.4235429763793945,1.5044751167297363,0.6118598580360413,2.4080207347869877,1.9152692556381223,1.240272373540856,,1.9377428324666668,0.3467125074
1997-08-24,4.0,11600,2.8871469497680664,9.742066383361816,16.423778533935547,6.673751354217529,18.061256408691406,9.052140077821008,,1.780909283333333,0.617399655
1997-08-25,4.0,11400,6.515925407409668,21.205547332763672,30.157398223876957,17.708484649658203,25.937618255615234,18.62879377431906,,6.85673291,1.232047335
1997-08-26,4.0,11300,20.97417640686035,21.639450073242188,32.80324172973633,21.079797744750977,16.859914779663086,18.55272373540856,,9.387533547166669,1.0023829381
1997-08-27,4.0,11400,20.403295516967773,23.66033935546875,26.02924346923828,18.017112731933597,15.653526306152344,17.615564202334628,,15.078580142166668,1.7071839181
1997-08-28,0.0,10400,20.811203002929688,13.822359085083008,13.300131797790527,9.184366226196287,7.325477600097656,9.10875486381323,,12.2700586015,2.3417841781
1997-08-30,0.0,8440,7.345968246459961,3.750421762466431,1.2958900928497314,2.339205503463745,1.1588865518569946,4.026459143968871,,9.351133440073331,2.75428790472
1997-09-03,0.0,9640,6.549965858459473,6.150535106658936,1.0729643106460571,0.0016134281177073,0.3530131876468658,5.95,,1.990788204306667,0.28906541292
1997-09-04,0.0,9460,4.504496574401856,6.151483535766602,0.2518332898616791,0.0247143749147653,0.5226079225540161,5.250583657587549,,1.53927119164,0.00935410292
1997-09-10,0.0,7820,3.3992233276367188,9.816324234008787,26.73633575439453,3.854917049407959,5.326635360717773,7.661284046692607,,7.167742084313334,0.7549389679399999
1997-09-14,2.0,7600,39.06681060791016,35.93131637573242,29.030502319335938,28.79063415527344,26.25658798217773,39.31108949416343,,10.815432591033334,3.7579272546
1997-09-15,2.0,9630,43.739864349365234,61.41162109375,42.66132354736328,46.14722442626953,40.2413330078125,68.1737354085603,,15.268081886166666,5.700151239999999
1997-09-16,1.0,12900,82.44923400878906,72.47702026367188,82.73208618164062,91.26603698730467,84.46298217773438,95.52762645914392,,11.3710104665,5.867600305
1997-09-17,1.0,20300,100.443115234375,66.01934814453125,71.28520965576172,88.4967041015625,69.86785125732422,83.210700389105,,12.912384243883334,4.07049571015
1997-09-21,0.0,12300,0.1167896762490272,0.0,0.0,0.0,0.0,0.0029182879377431,,9.616355046666667,4.26275695
1997-09-25,3.0,10600,13.931148529052734,44.561153411865234,15.421782493591309,22.60060691833496,23.587276458740234,52.745719844357936,,6.4428558985,0.077602996
1997-09-26,3.0,11100,55.17642211914063,59.185997009277344,50.631927490234375,68.59749603271484,54.51850891113281,73.39221789883261,,4.822701613333334,0.43255248
1997-09-27,3.0,20000,70.86483764648438,50.84576797485352,58.82318878173828,73.46043395996094,74.06940460205078,68.24299610894934,,2.6032032120666666,0.43255248
1997-09-28,3.0,22200,59.82476806640625,18.439136505126957,44.795223236083984,51.252197265625,51.98087692260742,26.695136186770387,,1.2779710804,0.437416635
1997-09-29,3.0,17700,19.388843536376957,19.614051818847656,27.233367919921875,16.006593704223633,41.02619934082031,23.058365758754853,,3.185348674473333,0.04266233222
1997-09-30,3.0,15200,18.814990997314453,32.32844161987305,57.813079833984375,23.956241607666016,39.3823356628418,37.06381322957195,,6.378845196623333,0.90877451572
1997-10-01,4.0,16200,37.7838020324707,50.106292724609375,74.7421875,39.66121673583984,73.33837890625,53.99163424124512,,10.69531220162333,3.15956718072
1997-10-02,4.0,19400,58.91023254394531,67.40670776367188,79.64571380615234,56.15960311889648,81.85692596435547,75.03287937743188,,13.528829255216666,3.2163355615
1997-10-03,1.0,25500,86.93978881835938,83.13895416259766,79.3720474243164,96.8896026611328,107.46247100830078,105.55525291828796,,13.043094426,4.045652628
1997-10-04,1.0,35600,112.06319427490234,73.43086242675781,89.89363861083984,102.69972229003906,89.41448211669922,96.02684824902724,,10.045390916,2.938858278
1997-10-06,0.0,46700,54.41852569580078,13.305572509765623,28.689701080322266,22.359346389770508,18.393585205078125,15.6671206225681,,3.364473946666667,1.6212785200000002
1997-10-08,1.0,25100,9.680273056030272,21.320636749267575,17.185379028320312,22.90177726745605,25.081832885742188,21.219649805447467,,5.141647141666667,0.20972857
1997-10-09,1.0,21300,20.84761428833008,29.44562149047852,24.285144805908203,33.795166015625,38.795692443847656,28.3760700389105,,6.140311410833333,0.27733595225
1997-10-10,1.0,19900,31.99822807312012,27.051456451416016,17.95199203491211,26.68773651123047,31.235485076904297,26.941439688715946,,6.170884670833333,0.41600944725
1997-10-15,2.0,16000,6.602936744689941,4.090489387512207,4.935771465301514,1.6440798044204712,4.525061130523682,5.732101167315174,,36.6678737975,18.875499
1997-10-16,2.0,16200,4.239964008331299,5.76798152923584,4.2359490394592285,2.0679633617401123,5.678231239318848,5.379961089494165,,36.69567390016666,18.0837820065
1997-10-21,0.0,13200,0.5295654535293579,2.8779873847961426,2.042965173721313,1.645105004310608,3.7456321716308594,2.8842412451361854,,13.17305748462767,2.440775945
1997-10-28,1.0,14200,54.22344207763672,72.41636657714844,58.49858856201172,60.12173843383789,74.72086334228516,81.48521400778209,,50.64927303333333,44.2506093
1997-10-29,3.0,18700,97.7510757446289,110.46670532226562,99.1126708984375,121.95995330810548,131.98397827148438,163.569260700389,,40.47305849666667,36.99318235
1997-10-30,3.0,36600,144.11856079101562,108.99517822265624,118.97330474853516,146.29519653320312,152.9570770263672,154.12140077821007,,20.599118276666665,22.0811459
1997-10-31,3.0,46500,137.61495971679688,65.25438690185547,75.24874877929688,108.28527069091795,103.39745330810548,109.14377431906613,,22.976117343333332,23.1377759
1997-11-03,1.0,24500,33.535247802734375,26.25232696533203,31.64533042907715,22.372447967529297,22.959613800048828,36.49260700389106,,28.84120734713333,16.210635425
1997-11-05,1.0,26400,35.469844818115234,15.55494499206543,40.16183471679688,8.569650650024414,18.66659164428711,15.3784046692607,,36.600856370466666,29.3006607
1997-11-06,1.0,27300,14.195255279541016,13.085124969482422,40.99338912963867,6.253013610839844,22.05642509460449,14.698249027237356,,40.575465702,35.88842
1997-11-22,2.0,16800,35.917015075683594,32.2196044921875,36.979434967041016,36.53671646118164,40.63882064819336,33.18521400778209,,31.02619176666667,28.4356697
1997-11-23,2.0,15000,36.98045349121094,39.77439498901367,52.9117546081543,50.29957580566406,55.60912322998047,38.82392996108949,,21.53696709,15.5877925
1997-11-24,2.0,19700,47.09180450439453,36.11112976074219,60.75514221191406,53.39592742919922,58.83741760253906,32.55583657587548,,13.872257078,8.79209155
1997-11-25,0.0,19200,40.505821228027344,16.712631225585938,34.0839729309082,23.278413772583008,26.496097564697266,14.303112840466932,,20.9381859625,12.49184215
1997-11-27,2.0,14700,18.11358070373535,26.128978729248047,70.02252197265625,42.9056396484375,58.32090377807617,40.79007782101166,,37.1868738215,26.16660455
1997-11-28,2.0,15800,35.22506332397461,34.97675323486328,84.02140045166016,50.049110412597656,75.0827407836914,51.70856031128403,,34.11084244683333,21.749058400000003
1997-11-29,1.0,21700,46.08542251586914,32.277435302734375,76.62225341796875,49.77986907958984,66.39414978027344,40.11731517509726,,27.4342941565,13.6420022
1997-12-10,0.0,11700,13.210759162902832,4.1209716796875,10.30806827545166,8.320759773254395,22.352928161621094,6.839494163424122,,21.969287516666668,17.83757505
1997-12-12,0.0,11200,0.789091169834137,0.0,0.0470637828111648,0.0026033639442175,0.074668101966381,3.868677042801555,,10.538884291666664,2.882699715
1997-12-13,1.0,10700,0.1498472392559051,10.907984733581545,12.348724365234377,10.095444679260254,21.11530113220215,17.615564202334625,,9.422640757583334,1.86937671275
1997-12-14,1.0,10100,16.49959945678711,32.90550994873047,22.71863555908203,21.805519104003903,49.15049743652344,39.94980544747082,,5.59319339425,1.19266178275
1997-12-15,2.0,11400,47.74427032470703,81.96112060546875,92.62225341796876,93.73745727539062,110.23822021484376,102.18852140077814,,9.26169503925,3.97091061775
1997-12-16,2.0,15900,112.50665283203124,90.69974517822266,112.25326538085938,113.91425323486328,115.75016021728516,108.6196498054474,,18.194840351666667,10.52392547
1997-12-19,2.0,20800,35.57291412353516,33.27174377441406,50.16417694091797,33.42524719238281,38.52362060546875,44.03132295719844,,22.80947974333333,14.54523558
1997-12-20,2.0,16600,38.20989990234375,37.488651275634766,59.8284797668457,28.260913848876957,39.04743194580078,43.40389105058366,,22.237905676666667,12.83930348
1997-12-27,3.0,12200,30.197895050048828,63.46148681640625,53.884559631347656,47.68798065185547,63.69666290283203,66.85175097276266,,18.17572380060833,7.254047795
1997-12-28,3.0,13300,80.51490783691406,56.96432113647461,96.57546997070312,62.24851989746094,83.57560729980469,70.53073929961093,,20.61723528560833,10.731127195
1997-12-29,3.0,24800,71.7879638671875,44.80607223510742,87.26192474365234,46.96245574951172,70.59781646728516,57.08385214007786,,21.55098137048333,12.88946948
1998-01-04,0.0,19800,18.53930282592773,45.16329193115234,27.80329704284668,35.9418830871582,42.46953582763672,46.18385214007783,,25.32992755438333,14.014878601
1998-01-05,0.0,18900,42.87762451171875,64.07687377929688,54.736572265625,62.643821716308594,78.94019317626953,66.94435797665372,,27.722212893666665,11.540553301
1998-01-13,1.0,16400,50.095176696777344,77.43953704833984,88.5827865600586,90.94467163085938,80.22267150878906,88.25817120622571,,27.42462927333333,13.978812925
1998-01-14,1.0,18000,89.32191467285156,72.30229949951172,127.24579620361328,131.70968627929688,110.92870330810548,94.42373540856032,,33.17034724833333,14.222610225
1998-01-18,1.0,22800,47.27974319458008,30.971332550048828,61.00196838378906,41.63315200805664,40.985618591308594,42.767120622568086,,48.690130466666666,40.912304
1998-01-19,1.0,21600,34.190773010253906,16.843854904174805,28.994274139404297,20.1849365234375,30.727802276611328,23.610116731517515,,54.695865788333336,38.825269000000006
1998-01-22,3.0,17000,28.094558715820312,46.17362594604492,86.04539489746094,52.970924377441406,64.94056701660156,57.16887159533074,,21.732286569366668,17.09967755
1998-01-23,3.0,18100,62.4487533569336,54.47003173828125,124.392822265625,82.12815856933594,100.55410766601562,70.03910505836575,,24.404562312533333,17.946005200000002
1998-01-24,3.0,24300,70.79737854003906,55.35408782958984,129.1401824951172,83.36721801757812,107.75623321533205,71.62782101167315,,29.2116926025,24.35934625
1998-01-25,1.0,24700,69.1446762084961,32.94359588623047,79.97285461425781,62.18685150146485,69.99520111083984,47.19844357976652,,26.81408323933333,18.422491
1998-01-26,1.0,21700,36.89100646972656,18.969623565673828,46.15558624267578,30.405536651611328,32.112483978271484,27.57334630350194,,28.78661152016666,23.18670155
1998-01-28,2.0,18000,9.751909255981444,13.419421195983888,32.031639099121094,10.199671745300291,8.818290710449219,15.032490272373554,,24.35946547,17.402909469999997
1998-01-29,2.0,17000,17.73847198486328,11.173242568969728,34.08298110961914,14.025962829589844,12.935101509094238,15.825680933852157,,19.86643641333333,16.39817642
1998-02-02,0.0,15100,4.735905647277832,8.834993362426758,5.958122253417969,8.49655532836914,8.914920806884766,6.904280155642022,,45.36356286666666,30.50720015
1998-02-04,0.0,14100,8.937252044677734,10.547409057617188,5.828382015228272,10.591490745544434,10.220752716064451,10.76712062256809,,23.665368239933333,13.60777014
1998-02-05,0.0,14100,9.132146835327148,9.714590072631836,10.56537628173828,7.716067314147949,16.367725372314453,9.710700389105057,,23.578362528266663,13.20540349
1998-02-06,1.0,14200,8.730835914611816,6.287012577056885,8.734320640563965,5.398322105407715,16.111764907836914,7.652529182879373,,18.908965335616667,12.750352225
1998-02-07,1.0,14100,4.947006702423096,11.474257469177246,9.772258758544922,8.241939544677734,14.925277709960938,16.64357976653698,,15.241700305683333,9.40557245
1998-02-12,2.0,13500,49.01039123535156,43.19709396362305,55.57518768310547,60.367767333984375,71.89048767089844,44.588132295719845,,30.73302197575,15.901047849
1998-02-13,2.0,18100,50.22270965576172,39.94230651855469,51.17942428588867,58.15504837036133,62.46673202514648,39.29221789883269,,31.054689739416663,23.25078949
1998-02-18,2.0,11600,14.244935035705566,16.44970703125,37.113990783691406,30.9879093170166,37.7275390625,20.963424124513622,,25.150114773066665,13.6532722335
1998-02-19,2.0,12900,17.643476486206055,26.03461265563965,40.32535552978516,33.31780242919922,43.2974853515625,27.92898832684825,,20.936324945666662,11.941479950000002
1998-03-01,0.0,12900,40.03022766113281,39.55046844482422,24.78690528869629,31.373027801513672,30.349285125732425,43.63073929961089,,21.983935003766664,11.016495738
1998-03-11,1.0,12300,22.083328247070312,5.890500068664551,13.422321319580078,12.35018539428711,8.301609992980957,7.1963035019455255,,25.281137648666668,20.180724446
1998-03-12,1.0,12700,6.381628513336182,3.70786714553833,9.547659873962402,3.1607162952423096,5.782916069030762,11.190466926070044,,24.56126879,23.18940685
1998-03-13,1.0,13500,3.583481311798096,5.933002471923828,2.7132391929626465,0.402132898569107,4.672455787658691,13.760116731517517,,24.41892547333333,25.2471166
1998-03-23,1.0,19400,54.81043243408203,46.15353012084961,50.96915817260742,41.73766326904297,32.31752014160156,57.28190661478598,,8.783056392333334,1.183497896
1998-03-24,1.0,21000,54.26820373535156,34.21427154541016,31.277706146240234,30.210926055908203,22.580530166625977,34.443385214007776,,13.356475886666669,3.29990892
1998-03-27,0.0,18300,21.40947914123535,12.811033248901367,22.878347396850582,19.0532169342041,26.06292533874512,10.871789883268493,,21.118184651,16.14789795
1998-03-28,0.0,16700,13.15766143798828,3.760186195373535,11.992816925048828,10.042179107666016,13.708248138427734,3.981712062256808,,17.833178381,11.92874445
1998-04-06,0.0,13200,16.8456974029541,11.807783126831056,8.867706298828125,7.108415603637695,6.302014350891113,12.462645914396884,,15.402302935999998,6.797411321
1998-04-07,0.0,13500,9.838387489318848,5.7238383293151855,9.057087898254396,6.562983512878418,5.636003494262695,5.017509727626464,,15.588627930499998,9.981115666
1998-04-09,0.0,12700,4.193668365478516,9.504626274108888,9.745771408081056,4.856949806213379,9.336565017700195,14.60544747081714,,11.4534655929,5.1671854775
1998-05-18,0.0,12900,6.489071846008301,4.022797584533691,0.6496421098709106,1.0119454860687256,14.361401557922363,4.019066147859919,,4.8237068285,1.1558840354999995
1998-05-21,0.0,14100,0.564047634601593,0.3453953862190246,0.3231119215488434,0.6243986487388611,7.738139629364014,0.5696498054474709,,5.394415847166667,2.798870635
1998-05-22,0.0,13800,0.6654106974601746,0.5677032470703125,0.2850121855735779,6.448086738586426,16.089109420776367,1.514591439688716,,4.655153578716667,1.925413185
1998-05-26,0.0,15200,48.92881774902344,48.98561477661133,63.741661071777344,78.01153564453125,49.95781326293945,66.08287937743191,,11.537273728333334,6.7420814
1998-05-27,0.0,15800,46.27447128295898,35.20960998535156,35.388389587402344,47.12481689453125,22.464773178100582,44.21945525291827,,17.084483303333336,8.48881175
1998-06-09,0.0,19800,3.699443101882935,2.819932460784912,3.0391149520874023,12.344058990478516,3.670188188552856,3.8622568093385214,,7.740098242216666,3.686357945
1998-06-14,1.0,18000,5.583944320678711,13.234521865844728,21.00427627563477,8.290362358093262,11.34370231628418,13.2466926070039,,7.977018819658333,6.908639708975
1998-06-15,1.0,17200,13.634563446044922,14.074535369873049,23.89860725402832,11.332107543945312,14.309134483337402,13.218482490272384,,7.788405176166667,5.7108515035
1998-06-23,0.0,17800,7.659575939178467,13.002859115600586,12.172616958618164,10.166189193725586,5.583407878875732,16.015758754863814,,10.971733826666666,0.5490307941499999
1998-07-05,0.0,14400,11.256248474121094,1.035777926445007,1.5898919105529783,3.0074734687805176,28.996383666992188,1.7943579766536972,,5.788194354166667,2.3783487300000004
1998-07-07,0.0,13200,0.0227321442216634,0.0,0.0825245752930641,0.0205028466880321,0.0813013613224029,0.2902723735408561,,5.02694278025,2.25063359075
1998-07-08,0.0,13100,0.0,0.0338674671947956,0.0477055348455905,0.0103412438184022,0.0638727098703384,0.3379377431906615,,7.210226346916666,3.98833912575
1998-07-14,3.0,13000,14.627277374267578,11.493053436279297,6.819527626037598,10.350215911865234,12.793130874633787,11.452723735408563,,6.541373390166667,0.3032009855
1998-07-15,3.0,14500,16.715145111083984,11.005990982055664,6.008217811584473,9.52610683441162,11.05380916595459,10.216147859922184,,7.1281433295,0.3146612535
1998-07-16,3.0,14900,16.33500862121582,4.411686420440674,3.190241813659668,9.304311752319336,7.482905864715576,4.402529182879381,,8.407574804500001,0.1976320435
1998-07-17,3.0,15200,6.3614583015441895,0.0,0.0201017446815967,0.0054133771918714,0.201520174741745,0.3023346303501947,,3.414863538333333,0.307065675
1998-08-05,0.0,12000,0.0,0.0,2.0122513433307176e-06,0.0009586907108314,0.0542808063328266,0.0,,10.302565796066666,1.4138748082
1998-08-14,0.0,10700,0.3151806592941284,0.5445472598075867,0.0117001729086041,0.0416744574904441,0.6169243454933167,0.3215953307392996,,2.00801398705,0.1008036548
1998-09-02,0.0,6950,0.0409226194024086,0.0,5.099185500512249e-07,0.0007481600041501,0.014369030483067,0.130544747081712,,4.6406148683333335,0.327409872
1998-09-10,0.0,5600,6.944444612599909e-05,0.0,0.0338714532554149,0.0005346671678125,0.0511635020375251,0.2976653696498049,,12.210880099166667,3.473116195
1998-09-11,0.0,5670,0.1031389012932777,0.0,0.0007319174474105,0.0008818521164357,0.1008520126342773,0.1490272373540853,,12.813929940833336,3.04897688
1998-09-21,0.0,4810,2.327056169509888,0.0,0.2752148807048797,0.0066115255467593,0.6267820000648499,0.2850194552529187,,4.332242941666667,0.495702861
1998-10-09,0.0,5210,26.45591926574707,21.06907844543457,36.971771240234375,31.952613830566406,31.180315017700195,27.210894941634248,,10.203136925133332,0.4951729654
1998-10-11,2.0,5860,14.881336212158203,20.774337768554688,26.24525260925293,14.06840991973877,18.32795143127441,18.151167315175083,,20.44316401896667,6.8364350564
1998-10-12,2.0,5490,27.45767974853516,38.58206558227539,39.09168243408203,30.962602615356445,32.76306915283203,47.82626459143965,,22.788053754333333,13.2619207325
1998-10-13,2.0,5900,52.93534469604492,47.69020462036133,52.38779067993164,50.66558074951172,52.34610748291016,61.3916342412451,,31.0494830055,17.98948845
1998-10-15,0.0,10500,43.71538543701172,22.027145385742188,22.5418643951416,28.28609085083008,28.381872177124023,21.2694552529183,,28.775856668333333,13.8069778
1998-10-16,0.0,8060,24.126310348510746,18.295284271240234,31.109832763671875,28.17331886291504,30.10675430297852,21.84357976653696,,34.18653629666667,21.5917348
1998-11-02,0.0,5810,11.130205154418944,10.945003509521484,3.195241928100586,5.145743370056152,2.7858126163482666,14.835603112840458,,39.01333797211666,31.23107675
1998-11-05,0.0,8460,18.246898651123047,13.1201171875,18.62060165405273,20.01114654541016,24.35617446899414,30.009727626459146,,50.90713557481667,48.24538515
1998-11-06,0.0,9320,13.606727600097656,6.613069534301758,11.555682182312012,11.89228343963623,15.917410850524902,14.440466926070048,,41.2461788,30.94576375
1998-11-12,4.0,6280,75.13832092285156,96.6985855102539,104.03042602539062,92.78448486328124,115.5486068725586,130.48715953307388,,33.56538214333333,27.99155375
1998-11-13,4.0,17000,135.69921875,112.63922882080078,135.13951110839844,124.47200012207033,154.1032257080078,160.2571984435797,,39.25714858833333,33.55704025
1998-11-14,4.0,31300,152.29055786132812,111.39305114746094,185.24008178710935,144.22178649902344,178.44210815429688,150.41964980544742,,33.51642216333333,28.48387175000001
1998-11-15,4.0,33900,146.42990112304688,75.4284896850586,133.1591033935547,105.8000030517578,117.45423889160156,88.6976653696498,,30.67920570436667,26.598020000000005
1998-11-16,4.0,46100,89.67000579833984,48.948822021484375,97.78842163085938,73.54801940917969,80.91423034667969,53.934046692607,,26.567230904366667,16.45363185
1998-11-20,2.0,19400,104.44776153564452,97.32789611816406,131.63282775878906,120.10993957519533,109.0339584350586,116.69241245136196,,27.741089616333333,20.914652475
1998-11-21,2.0,35500,118.9341278076172,92.3143539428711,157.10049438476562,137.21340942382812,119.9141616821289,118.84766536964986,,19.46626265223333,11.404608425
1998-11-23,2.0,24000,65.7112045288086,70.9193115234375,72.47369384765625,70.81995391845703,71.70646667480469,89.07859922178986,,6.264404807566667,3.269621055
1998-11-24,3.0,22400,87.72322082519531,104.61846923828124,101.4706573486328,114.3965301513672,121.19833374023438,130.41108949416338,,4.597854188333333,2.577205205
1998-11-25,3.0,26400,127.8553237915039,99.0451889038086,133.6228790283203,142.8437042236328,147.8061065673828,123.06459143968864,,5.8698514096666665,1.47636588
1998-11-26,3.0,41500,116.96143341064452,67.71204376220703,101.82684326171876,111.6440887451172,110.4454345703125,80.05447470817116,,10.368446073,5.596007325
1998-12-01,1.0,15900,65.99577331542969,74.65670776367188,103.73838806152344,79.85635375976562,78.73081970214844,89.15311284046703,,24.107682478833336,19.1974284
1998-12-02,1.0,19500,82.75654602050781,71.34455871582031,100.62100982666016,79.0453109741211,84.35173034667969,86.33482490272382,,30.812346327166672,17.682873235
1998-12-11,3.0,16200,62.67223739624024,78.55398559570312,77.74444580078125,75.67086791992188,103.36801147460938,98.6476653696498,,13.555929996666666,8.396827524999999
1998-12-12,3.0,22200,107.80061340332033,92.99248504638672,106.97813415527344,116.8303451538086,134.91021728515625,111.31478599221796,,9.594184983666668,0.6077168749999999
1998-12-13,3.0,43600,118.87702178955078,78.18931579589844,104.95148468017578,107.31201171875,125.93815612792967,84.52295719844363,,22.52169897311667,15.385056260000002
1998-12-15,1.0,31200,53.52945327758789,28.362323760986328,21.983049392700195,34.127864837646484,43.879051208496094,21.47431906614787,,31.142952713783338,19.345678685
1998-12-16,1.0,25300,26.558570861816406,25.137739181518555,28.72022247314453,35.10002517700195,47.9544792175293,23.49455252918289,,19.651428186,5.6065894
1998-12-20,0.0,17600,3.1838293075561523,0.1734576225280761,2.576475143432617,1.5204617977142334,1.234947681427002,0.2350194552529181,,32.835770052,17.157659377499996
1998-12-26,0.0,15300,88.36583709716797,104.28532409667967,86.62077331542969,102.34510040283205,91.0755386352539,128.0854085603113,,32.95978156,16.294046684999998
1998-12-27,2.0,16500,127.84003448486328,106.87637329101562,131.02432250976562,123.16094970703124,114.87318420410156,137.55019455252926,,32.803924996666666,18.113535385
1998-12-28,3.0,25900,128.2322998046875,121.1881332397461,133.44512939453125,125.21688842773438,123.39065551757812,145.18249027237363,,22.534417278333333,15.17608218
1998-12-29,3.0,31800,144.3356170654297,81.61553955078125,95.735595703125,88.9009780883789,96.091552734375,89.74143968871603,,15.408507486666666,10.248439755
1998-12-30,3.0,46200,83.71717834472656,56.17181396484375,56.12449645996094,59.47615432739258,76.14240264892578,57.01284046692611,,10.1440173,1.965819255
1999-01-03,0.0,21000,2.0891804695129395,0.3868107199668884,2.7161290645599365,0.8401029109954834,0.7767075896263123,1.6714007782101168,,29.999723701350003,14.0199063485
1999-01-10,1.0,19400,55.7242431640625,43.947509765625,105.27357482910156,31.721410751342773,78.95787048339844,41.61245136186769,,47.47959532608333,44.2762726
1999-01-11,1.0,27100,49.312477111816406,40.483978271484375,98.0576400756836,36.03460311889648,71.36573028564453,47.55038910505836,,50.30837156108333,44.833949
1999-01-13,3.0,18800,47.07079315185547,78.00154113769531,82.44788360595703,95.32260131835938,87.86541748046875,100.20000000000002,,40.24082611666667,37.06508275
1999-01-14,3.0,24800,90.03317260742188,80.94503021240234,84.39435577392578,88.72453308105469,83.36489868164062,92.40136186770428,,33.99136121666666,33.20218275
1999-01-17,1.0,26900,62.28826904296875,68.86300659179688,80.66434478759766,80.53770446777344,78.86050415039062,94.01206225680936,,13.768068422666666,7.703061775
1999-01-18,1.0,27200,80.37442016601562,63.481544494628906,81.97958374023438,73.70498657226562,76.92015075683594,86.72354085603112,,9.648258307,4.0563826800000005
1999-01-26,0.0,16800,11.660881996154783,30.09821891784668,13.215456008911133,11.333606719970703,14.429515838623049,22.09494163424125,,20.095541328616665,13.26820694435
1999-01-27,0.0,16800,41.02743911743164,72.18879699707031,38.018836975097656,51.30763626098633,53.8418197631836,67.92159533073928,,22.881646742166662,16.26127452
1999-01-28,2.0,16600,86.6712646484375,93.73943328857422,96.26603698730467,103.5025634765625,105.7051010131836,107.50700389105052,,27.541739521833332,22.354500450000003
1999-01-29,2.0,20600,103.09120178222656,84.93155670166016,100.9712142944336,106.17767333984376,109.61591339111328,100.60369649805442,,23.320761261,16.900205999999997
1999-02-01,2.0,18900,59.63751220703125,69.73639678955078,102.1689910888672,82.61833190917969,99.04676818847656,67.00564202334631,,32.52722130766667,28.54575955
1999-02-02,2.0,19700,78.89501953125,70.04839324951172,102.99542236328124,83.83963012695312,101.7769546508789,68.50038910505836,,48.55076233833334,52.3185067
1999-02-05,1.0,21100,57.01313781738281,62.92718505859375,83.57624816894531,76.61740112304688,77.46977233886719,80.54435797665377,,43.485639079516666,43.00175900000001
1999-02-06,1.0,20600,66.81444549560547,63.721527099609375,80.07991790771484,68.3399658203125,80.90235900878906,81.96498054474714,,34.29487220365,30.858524425
1999-02-08,0.0,21200,59.03209686279297,41.824554443359375,61.887451171875,55.19256210327149,62.024940490722656,43.18832684824904,,26.01690667031667,16.000531725000002
1999-02-12,1.0,16300,6.527392864227295,8.793270111083984,30.697301864624023,7.130518913269043,10.685080528259276,8.163035019455247,,16.97602995055,5.725937655
1999-02-13,1.0,15400,6.312733173370361,6.968991279602051,30.825366973876957,6.060280799865723,9.120238304138184,8.664980544747076,,18.19720886055,7.917652185
1999-02-15,1.0,14300,12.7738037109375,19.424488067626957,26.09542655944824,21.76876640319824,22.733991622924805,25.063618677042825,,20.722632544000003,19.6761199
1999-02-16,1.0,14700,22.42688369750977,27.8150634765625,54.01404571533203,41.941627502441406,41.74340057373047,39.10583657587551,,23.994713377333333,20.1281544
1999-02-17,0.0,14900,31.39547348022461,30.287357330322266,57.10364532470703,48.99974060058594,48.06167602539063,49.71867704280158,,28.277183600883337,22.468114125
1999-02-18,0.0,14400,34.15874099731445,26.222013473510746,47.11611175537109,40.225059509277344,38.805908203125,38.310116731517525,,24.09154317588333,17.055689500000003
1999-02-21,0.0,12700,30.56277847290039,51.6939582824707,46.92432022094727,63.43072128295898,58.62751388549805,49.492412451361886,,29.86156168333333,22.0685836
1999-02-22,1.0,12900,64.9045181274414,82.79548645019531,66.22550201416016,76.20087432861328,71.30458068847656,62.56789883268483,,27.232057883333333,18.7219697
1999-02-23,1.0,16100,91.02627563476562,100.58509063720705,119.42486572265624,129.05447387695312,109.96247863769533,112.61887159533072,,23.70786354783333,16.914404615
1999-02-24,1.0,18900,108.73699951171876,81.16102600097656,98.46864318847656,102.4705047607422,86.79188537597656,90.94085603112836,,29.15865795683333,25.751554115
1999-03-02,1.0,22000,48.229637145996094,50.69514083862305,51.18888854980469,58.63311767578125,57.26372146606445,45.134435797665375,,13.137617205333331,9.30079405
1999-03-03,1.0,21900,46.08421325683594,46.93025588989258,55.77617645263672,52.79925537109375,62.38875198364258,38.6217898832685,,11.8599612565,7.2611896200000015
1999-03-05,0.0,19600,24.683900833129883,11.828740119934082,29.632997512817383,21.841779708862305,31.63995933532715,10.746303501945524,,23.174070394833333,7.44401957
1999-03-12,2.0,14100,30.00790023803711,36.78922271728516,56.26422882080078,35.43537902832031,40.135528564453125,38.58093385214008,,34.83598755283333,32.75722725
1999-03-13,2.0,15400,48.17501831054688,48.59150695800781,64.2353515625,51.16069412231445,49.96910095214844,60.29941634241246,,36.32253395,30.02957945
1999-03-20,0.0,15000,4.811946868896484,6.059853553771973,6.334641456604004,3.7168121337890634,7.094520092010498,5.228210116731519,,6.887897786666667,4.837042949999999
1999-03-23,0.0,18000,15.302334785461426,20.38581085205078,17.556713104248047,8.590476036071777,14.00566291809082,17.901556420233465,,8.176698471766667,5.5968246625
1999-03-25,0.0,18400,31.82080841064453,38.13169479370117,41.88627243041992,33.04286193847656,39.69068145751953,31.79455252918288,,18.64919507908333,14.02307285
1999-04-07,0.0,10700,14.460179328918455,14.330382347106934,17.806272506713867,14.353181838989258,18.607288360595703,13.832490272373544,,15.043361041666666,12.4560006
1999-04-22,0.0,15700,9.610641479492188,0.4638311266899109,1.0312031507492063,2.1137797832489014,2.4548654556274414,6.369455252918289,,14.014927455166667,10.77254667
1999-04-28,0.0,17100,4.961608409881592,0.3868792057037353,3.635217905044556,2.877739429473877,6.399453163146973,1.868093385214005,,7.381932726666668,4.8055796
1999-05-01,0.0,17100,23.96368789672852,29.695831298828125,23.80942916870117,26.050926208496094,20.21825408935547,19.199221789883268,,14.562748139166668,5.623070949999999
1999-05-07,0.0,19200,31.35708236694336,26.87848663330078,33.034934997558594,33.18803024291992,29.25215721130371,33.934241245136185,,11.766185031173332,4.325858435
1999-05-10,0.0,16600,3.2374184131622314,5.056689739227295,5.346615791320801,7.261096954345703,6.18662691116333,6.623540856031128,,11.5871941525,7.64725724
1999-05-16,0.0,12600,16.199848175048828,20.81692123413086,5.138380527496338,22.732398986816406,21.51915168762207,21.165953307392996,,10.410517125343334,5.89244322603
1999-05-25,0.0,36000,0.0637857094407081,0.0,0.912484645843506,0.3325600922107696,0.8550290465354919,0.2821011673151751,,11.057531846666668,10.18463822
1999-05-29,0.0,27700,0.8816866874694824,3.2493197917938232,0.0024117310531437,0.242015928030014,0.0857344642281532,9.099416342412455,,9.717951442,7.99246655
1999-05-30,2.0,26500,3.580979585647583,11.482223510742188,3.747631311416626,4.11093807220459,4.745132923126221,14.749610894941627,,8.166588013666667,6.811602199999999
1999-05-31,2.0,26100,12.943987846374512,15.683536529541016,8.081501007080078,5.800497055053711,7.884976387023926,17.021400778210108,,8.793012462833333,7.985821234999999
1999-06-04,1.0,23500,11.492591857910156,17.94713592529297,22.01365852355957,14.478819847106934,19.39055061340332,25.587159533073947,,10.13897141,3.6184842
1999-06-05,1.0,27100,18.202659606933597,20.617883682250977,27.837289810180664,24.75929450988769,29.225231170654297,28.807587548638143,,6.291159923083334,3.3880677500000003
1999-06-06,0.0,31800,19.197036743164062,15.43369483947754,33.29988098144531,28.9630069732666,34.4122314453125,29.29688715953309,,3.458150085583333,2.07042543
1999-06-07,0.0,28300,13.493368148803713,6.97279167175293,13.488004684448242,18.080034255981445,19.502302169799805,6.548443579766536,,3.86009593225,2.31449826
1999-06-12,1.0,22500,0.1493789553642273,0.0,1.6548172235488892,0.0176487863063812,1.1253912448883057,1.2846303501945529,,9.946537507516666,7.00244756255
1999-06-13,1.0,26900,0.0639424547553062,0.1140657588839531,0.93228018283844,0.0020220484584569,0.9142956733703612,1.017898832684825,,11.253749436016667,6.29861175405
1999-06-14,0.0,32200,0.3777798414230346,0.4686617851257324,0.93770569562912,0.0020835003815591,1.0411581993103027,1.3799610894941634,,10.415748798683332,5.29166713905
1999-06-22,1.0,28500,12.66844367980957,13.056110382080078,10.307936668395996,6.959596157073975,12.321252822875977,5.448832684824904,,10.330504353333334,5.977879665
1999-06-23,1.0,29000,15.664207458496094,17.616199493408203,12.884615898132324,19.396564483642575,15.141443252563477,23.71984435797666,,11.956902411666666,7.350379665
1999-06-29,0.0,24200,8.99356460571289,12.77401638031006,12.919025421142578,4.8006672859191895,11.555381774902344,7.702529182879379,,7.652212490583333,3.18242679875
1999-07-04,0.0,26300,7.9932684898376465,3.964137315750122,4.933139801025391,14.177726745605469,14.856569290161133,3.068482490272374,,9.046988105916666,1.6361215844
1999-07-13,0.0,33300,1.8828054666519165,7.934447765350342,8.933061599731445,5.892297267913818,4.3443522453308105,4.49552529182879,,6.295563382,2.9206821965
1999-08-05,0.0,35100,6.3059563636779785,7.023098945617676,4.630458831787109,1.6916742324829102,6.412137508392334,7.198638132295717,,3.2276952043916665,0.005524658175
1999-08-10,0.0,26500,1.346738576889038,0.0930103063583374,0.247647076845169,0.01538622751832,0.1475979834794998,0.0017509727626459,,1.9926356593333332,0.041121023
1999-08-11,0.0,24200,0.7843968868255615,0.9256784319877625,0.6225122213363647,0.3194231390953064,1.5002410411834717,0.6054474708171204,,6.025613592433333,2.470062608
1999-08-14,0.0,20500,12.389015197753906,22.6939697265625,4.870880603790283,7.893966674804687,7.046462059020996,24.10836575875487,,3.1740720465833334,0.240096308
1999-08-24,3.0,14600,0.7129443883895874,2.57436752319336,2.5203747749328613,2.9886245727539062,5.609505653381348,2.021011673151752,,3.797486447333333,0.637026267
1999-08-25,3.0,14800,0.4293729960918426,2.57436752319336,2.502685308456421,2.990924119949341,5.658156871795654,1.3428015564202345,,2.4092355706666666,0.236199337
1999-08-26,3.0,17100,0.3695734143257141,1.2081034183502195,2.5121374130249023,2.9907114505767822,5.715859889984131,1.2459143968871609,,2.2383730815000003,0.21644094
1999-09-01,0.0,13700,11.709749221801758,0.6856356263160706,3.1303365230560303,10.438180923461914,11.197758674621582,5.351750972762651,,7.062001140133333,0.2244342252499999
1999-09-04,1.0,10000,4.363285064697266,17.02312660217285,6.664557456970215,6.066985607147217,8.322288513183594,14.757392996108935,,22.92451256,6.00051672
1999-09-05,1.0,9220,19.77209854125977,22.89730453491211,16.489280700683594,17.682863235473633,16.328100204467773,22.3725680933852,,22.480665740666662,4.673941712
1999-09-17,0.0,9350,0.0013888889225199,0.0091304602101445,0.0003268472792115,0.0003708853619173,0.0051978561095893,0.0048638132295719,,11.221902104410834,1.0664156107325
1999-09-19,0.0,7540,0.0003630952560342,0.0,7.355325806202018e-07,5.9714562667068094e-05,0.0015866026515141,0.0173151750972762,,13.7143078695,0.9598181635
1999-09-23,1.0,11400,1.462300419807434,11.559306144714355,2.9114327430725098,1.6863936185836792,4.90812873840332,2.16147859922179,,14.52555834595,6.037078028
1999-09-24,1.0,11200,9.323444366455078,22.530029296875,16.34328269958496,15.72841739654541,28.56544685363769,18.71653696498053,,17.820494161616665,7.361139055
1999-09-25,1.0,8790,20.00576400756836,27.58069229125977,15.272218704223633,18.15359115600586,27.49493408203125,23.55466926070037,,16.108053890966666,6.717977325
1999-10-02,0.0,8330,0.2114344835281372,0.0,0.0,0.0,4.671057922678301e-07,0.0029182879377431,,7.60852088875,2.204569836
1999-10-06,0.0,9750,20.865306854248047,53.65801239013672,12.986027717590332,18.34280014038086,19.36611557006836,39.38949416342413,,19.86336026158333,0.8322810197499999
1999-10-07,2.0,9590,63.576995849609375,78.68217468261719,35.90282440185547,68.98101043701172,72.59136199951172,104.08346303501946,,18.38025261825,1.40065045475
1999-10-08,2.0,19000,89.27275848388672,69.23946380615234,36.8309326171875,69.59201049804688,73.11470794677734,106.69591439688716,,23.652059599583332,5.10110229875
1999-10-12,2.0,12700,24.12042617797852,26.465147018432617,19.112138748168945,15.471914291381836,23.29474258422852,27.81322957198445,,9.7670379465,5.57565287
1999-10-13,2.0,13700,29.813011169433597,23.78950881958008,19.304521560668945,11.95020866394043,21.396574020385746,29.086381322957216,,7.669406657823334,3.47894735497
1999-10-19,0.0,10900,0.3204940557479858,0.0,0.0,1.544710175949149e-05,0.0072989170439541,0.3463035019455254,,32.2316446225,24.6109968
1999-10-20,0.0,10700,0.2779722213745117,0.0,0.0,6.646385827480117e-06,0.0,0.2998054474708171,,36.1807610225,24.0389428
1999-10-23,1.0,10600,10.874788284301758,10.28573226928711,9.498391151428224,8.049789428710938,8.09414291381836,8.38832684824903,,20.93889954,9.15305108
1999-10-24,1.0,10800,17.135257720947266,17.584815979003906,14.809090614318848,13.11922836303711,14.267932891845703,23.143385214007797,,17.864749957,13.01592508
1999-10-25,1.0,10800,21.1166934967041,15.783784866333008,21.39381980895996,17.429367065429688,18.973115921020508,18.0443579766537,,16.985316989666668,8.65246589
1999-10-27,2.0,11300,35.53691101074219,44.62303924560547,49.495155334472656,61.88199615478516,59.64766693115234,45.66517509727627,,24.37038427,12.38157226
1999-10-28,2.0,12500,68.065185546875,64.05564880371094,57.79170989990234,73.19054412841797,75.72862243652344,67.05428015564202,,37.92665260566667,21.0483177
1999-10-29,2.0,18600,89.12398529052734,77.08592224121094,87.8045883178711,92.55796813964844,107.27802276611328,86.79435797665366,,34.47084860383333,18.8450248
1999-10-30,2.0,19000,98.78067016601562,64.91997528076172,76.06301879882812,73.8675308227539,86.4246597290039,74.213813229572,,28.794032280100005,13.5152689788
1999-10-31,2.0,26300,71.40884399414062,41.2890739440918,61.19142150878906,58.25040054321289,65.66822814941406,53.279961089494186,,13.635843752266668,4.9737152288
1999-11-03,1.0,14700,23.330942153930664,18.98375129699707,19.97162437438965,12.319646835327148,19.07880401611328,21.58482490272374,,26.624477916000004,15.290971305
1999-11-04,1.0,15800,29.637191772460938,31.0499267578125,19.99917221069336,12.319777488708496,19.13113594055176,23.39630350194553,,29.80714571833333,20.55746203
1999-11-05,4.0,15200,39.2574577331543,30.857505798339844,66.60657501220703,49.34585571289063,49.38213348388672,42.34377431906616,,28.857729486545,15.82533174
1999-11-06,4.0,16300,36.03366088867188,35.664669036865234,66.56380462646484,40.13570022583008,39.25275421142578,30.47821011673153,,24.63235673887833,19.40467776
1999-11-07,4.0,22600,35.01393508911133,39.03411102294922,83.67317199707031,50.167572021484375,55.65044403076172,48.311478599221786,,19.010281100545,10.37148041
1999-11-08,4.0,17800,36.6937141418457,48.027462005615234,59.80513000488281,33.670249938964844,36.61837768554688,33.21361867704279,,15.123283219,8.5885617
1999-11-09,2.0,18100,53.78756713867188,57.53431701660156,66.26983642578125,54.123329162597656,60.801177978515625,40.01692607003889,,18.340640931666663,13.4853092
1999-11-10,2.0,24800,69.79065704345703,103.57676696777344,59.50946044921875,84.96540832519531,73.91310119628906,56.30525291828794,,18.951294841666662,15.434027750000002
1999-11-11,3.0,23600,119.93220520019533,123.09315490722656,89.740234375,129.92254638671875,123.70133972167967,118.40311284046692,,22.403846125,22.34207355
1999-11-12,3.0,51900,137.91342163085938,126.1651611328125,72.8339614868164,124.34754180908205,104.16645050048828,153.75466926070038,,26.691020666666667,22.06327405
1999-11-13,3.0,76800,133.11831665039062,66.07756042480469,67.62445068359375,87.37512969970703,78.04841613769531,122.07295719844356,,34.665671366666665,27.978483
1999-11-14,1.0,74400,69.85556030273438,25.58270263671875,8.407547950744629,19.996471405029297,10.908025741577148,52.87879377431906,,37.158005216666666,23.3716185
1999-11-15,2.0,55900,24.203218460083008,11.60622787475586,13.162469863891602,5.977497577667236,15.502857208251951,12.291439688715956,,34.22783005666667,22.1375885
1999-11-16,2.0,36600,13.34189796447754,14.586066246032717,14.17896842956543,18.653169631958008,23.16368865966797,22.835019455252933,,35.75774262833333,27.424127
1999-11-18,2.0,33000,16.945350646972656,25.320106506347656,14.64052963256836,28.197444915771484,22.643260955810547,34.77062256809339,,45.25028495866667,37.2920563
1999-11-19,2.0,29500,32.986778259277344,40.62895202636719,38.0700569152832,37.47404861450195,43.674224853515625,43.76595330739297,,40.75603297033333,29.367059850000004
1999-11-20,2.0,29700,51.06364440917969,47.46752548217773,39.472049713134766,49.08583450317383,56.64750289916992,70.96147859922176,,27.2550197275,20.94949215
1999-11-24,2.0,23400,60.24648284912109,61.857215881347656,64.92617797851562,71.64350128173828,62.37177658081055,64.59338521400777,,50.49814421666667,36.5526326
1999-11-25,2.0,29000,72.0852279663086,55.9309196472168,61.36978912353516,69.75881958007812,56.91039657592773,69.89824902723734,,52.75682851666666,42.93392975
1999-11-29,2.0,19000,28.7225341796875,35.721343994140625,40.57316970825195,25.985578536987305,29.83118057250977,44.3375486381323,,44.86504949,40.72934875
1999-11-30,2.0,22700,45.11914825439453,54.68402862548828,37.12379455566406,35.9495735168457,31.97272109985352,63.13638132295719,,45.44771161318333,42.4416475
1999-12-01,1.0,23600,65.290771484375,60.97554016113281,84.13163757324219,85.32186889648438,79.78285217285156,98.26731517509728,,50.38648377818333,45.906997
1999-12-02,1.0,27900,67.2337646484375,44.82161712646485,57.84543991088867,65.8627700805664,58.649261474609375,73.82743190661478,,49.01984979485,41.82450565
1999-12-08,1.0,18900,34.88062286376953,27.426101684570312,33.24897384643555,27.00191879272461,32.94141387939453,25.729182879377426,,30.93038170666667,23.06284986
1999-12-09,1.0,19200,35.10382843017578,44.01262664794922,37.804161071777344,38.23540496826172,38.32307815551758,30.61167315175097,,19.55561049487,13.127373510000002
1999-12-10,0.0,19100,58.19951248168945,62.91819381713867,77.84131622314453,65.49185180664062,64.11801147460938,51.85155642023346,,16.605726678203332,8.88907936
1999-12-13,0.0,32100,96.56887817382812,85.01350402832031,93.54832458496094,91.1309814453125,101.28449249267578,107.02256809338522,,8.969608040583331,1.29655829
1999-12-14,3.0,25500,105.99193572998048,96.84832000732422,117.31609344482422,122.5807876586914,118.63207244873048,129.10992217898834,,13.39658157425,3.46938813
1999-12-15,3.0,30800,120.37612915039062,85.46782684326172,110.90633392333984,115.35774993896484,105.5274429321289,107.07879377431908,,21.37423337758333,7.73087789
1999-12-16,3.0,49000,105.51192474365234,78.04649353027344,94.14979553222656,99.64859008789062,87.1380844116211,102.14649805447472,,27.59705995266667,13.204969085
1999-12-17,1.0,37200,89.72994995117188,51.61954116821289,62.73380279541016,56.90193939208984,51.13366317749024,48.94630350194553,,29.59046481278333,18.031791825
1999-12-18,1.0,40900,53.92843627929688,44.96185302734375,48.42523193359375,50.64656066894531,42.16130065917969,51.39961089494164,,22.89663317378333,14.78334213
1999-12-27,0.0,18300,0.0009484126931056,0.0,0.0,2.249108092655661e-06,0.0,10.649221789883269,,24.4498493175,17.31503602
1999-12-29,0.0,19500,0.6530871987342834,5.631162643432617,0.1153094694018364,0.0011051209876313,0.1353968381881714,5.462256809338521,,18.03829065333333,2.8726757
2000-01-03,1.0,17500,58.52496337890625,56.42268753051758,66.24114990234375,68.18708801269531,81.94851684570312,65.6507782101167,,17.75633767593333,11.7704412
2000-01-04,1.0,19100,55.73882675170898,47.61788177490234,61.14469909667969,61.37760162353516,76.08341979980469,52.17782101167312,,18.67507879158333,10.525011065
2000-01-21,0.0,14900,14.54729461669922,14.531463623046877,20.52536964416504,20.176097869873047,24.985618591308597,19.185797665369652,,18.40472703096667,10.18294542
2000-01-31,2.0,11000,39.5781478881836,64.76333618164062,29.50046157836914,42.51678466796875,29.969358444213867,50.63132295719845,,31.039240916666667,25.13801755
2000-02-01,2.0,13600,80.39552307128906,64.28581237792969,39.84531784057617,57.91342544555664,43.520599365234375,53.5591439688716,,18.814767446666668,12.66932134
2000-02-07,1.0,12100,14.755441665649414,22.466163635253903,28.469013214111328,19.54278564453125,15.027162551879885,33.05642023346306,,21.70934825,20.42315
2000-02-22,1.0,11800,25.306270599365234,25.38972282409668,28.61417388916016,31.884620666503903,26.361024856567383,33.87140077821013,,25.089201721666665,8.107810835
2000-02-23,0.0,13100,24.025428771972656,18.89943122863769,22.86455535888672,22.465044021606445,17.78139305114746,20.413229571984445,,16.749074408333332,7.967690135
2000-02-28,0.0,11400,15.123634338378906,16.935298919677734,30.722900390625,21.49639129638672,27.69772720336914,26.79863813229572,,5.634306945933334,0.8806199878000001
2000-03-02,0.0,12600,26.38397216796875,26.589927673339844,18.618724822998047,19.47471618652344,22.111099243164062,29.520622568093373,,30.0012900610009,25.21329185
2000-03-06,0.0,12500,6.469472885131836,1.6356937885284424,0.7733446955680847,0.688381552696228,1.6533167362213137,3.9499999999999984,,40.48149419633333,35.051813749999994
2000-03-14,0.0,11100,28.50536155700684,25.889366149902344,41.00830841064453,25.631105422973636,31.30757141113281,19.7692607003891,,15.436191175,12.897888475
2000-03-23,0.0,18200,41.0822639465332,28.85296440124512,38.00221252441406,26.928844451904297,32.87966537475586,43.79455252918286,,18.769044623333333,13.32866201
2000-03-26,0.0,14100,4.004836082458496,6.735296249389648,8.084230422973633,8.825663566589355,8.462591171264648,17.355642023346302,,16.913258328999998,10.23733495
2000-04-07,0.0,13300,17.795297622680664,7.043742656707764,7.422242164611816,15.97744083404541,18.734086990356445,7.770622568093388,,11.487497991666666,5.178667519999999
2000-04-09,0.0,10600,1.3768622875213623,0.2107308804988861,3.540723628248088e-05,0.0014302504714578,0.0145282745361328,0.4206225680933851,,8.031016431000001,1.730449016
2000-04-17,0.0,19600,4.1613593101501465,2.1273834705352783,1.5576441287994385,0.4344097375869751,0.9148085713386536,2.65739299610895,,13.691798516416668,8.92109349
2000-04-22,0.0,18800,15.680644035339355,16.74065399169922,14.499528884887695,18.18694496154785,20.00068664550781,24.46186770428016,,15.55772382055,10.369204715
2000-04-24,0.0,17400,15.491144180297852,14.96760368347168,20.41165542602539,19.606355667114254,25.31882667541504,15.11556420233464,,13.734925133883332,8.030170915
2000-04-26,2.0,15300,12.251569747924805,14.42249584197998,20.427963256835938,11.115787506103516,13.94230842590332,10.7750972762646,,6.691615561999999,4.6183372
2000-04-27,2.0,14900,15.41262912750244,12.443922996520996,18.529333114624023,15.769244194030762,11.430635452270508,13.8284046692607,,9.524390480333333,8.23687955
2000-04-30,1.0,14400,10.393486976623535,11.784738540649414,15.02701187133789,9.4373140335083,14.436389923095703,11.131128404669266,,10.417034331833332,8.2894629
2000-05-01,1.0,15500,12.61993408203125,15.451623916625977,10.294570922851562,2.820193290710449,12.362695693969728,9.707003891050586,,8.685163886666666,6.920332810000001
2000-05-13,0.0,14500,9.98764705657959,0.5283594131469727,6.366228103637695,4.429977416992188,3.8070068359375,0.7085603112840462,,18.158258441666668,17.8534145
2000-05-18,0.0,16500,8.55212688446045,7.631586074829102,10.201112747192385,7.064521312713623,3.205024242401123,9.153891050583654,,6.321759571666667,1.36390657
2000-05-19,0.0,16600,12.74362564086914,13.266643524169922,10.437304496765137,7.467309951782227,3.6543898582458496,11.994357976653696,,3.7016936891666665,0.925302365
2000-05-20,2.0,18500,17.036212921142578,14.06051254272461,29.35606002807617,13.605389595031738,16.30023956298828,21.30642023346304,,2.669939702633333,1.3081983300000002
2000-05-21,2.0,19600,16.113759994506836,11.456950187683104,34.859493255615234,11.211212158203123,20.95319175720215,15.660311284046704,,5.311630364299999,2.781643365
2000-05-22,2.0,26700,11.922001838684082,5.491024494171143,34.69900894165039,10.689352989196776,20.546384811401367,12.81984435797666,,7.182081152466667,4.20077934
2000-05-23,0.0,25700,6.377354621887207,0.0,15.747204780578612,4.445428848266602,7.8404951095581055,0.0745136186770428,,8.333389969166667,5.6904544050000005
2000-05-31,0.0,20600,16.081073760986328,12.339561462402344,8.244457244873047,10.028964042663574,13.826066970825195,13.887548638132298,,4.3047507045,1.6311530575
2000-06-10,0.0,22000,15.650659561157228,39.2749252319336,14.268528938293455,21.95902633666992,21.74183654785156,24.343968871595333,,7.662668779016666,2.5212249425
2000-06-11,2.0,20500,46.708457946777344,55.92421340942383,82.24530792236328,79.49134826660156,68.77947998046875,65.93229571984439,,8.97084195435,5.2159721925
2000-06-12,2.0,27100,64.0654067993164,56.58233642578125,78.2244873046875,69.51248168945312,64.98091888427734,60.33268482490274,,9.288715956016668,5.284353775
2000-06-13,3.0,36500,62.37749099731445,40.093505859375,75.31172180175781,70.2794418334961,68.72266387939453,58.86108949416344,,8.82077695325,5.477835349999999
2000-06-14,3.0,30100,43.55844497680664,19.77552795410156,9.129719734191896,11.084773063659668,17.862680435180664,16.074513618677038,,8.570250519916666,6.07556405
2000-06-15,3.0,36300,22.363910675048828,11.170804977416992,6.248538494110107,10.666502952575684,14.177839279174805,14.88015564202334,,11.217224909916666,7.014931004999999
2000-06-18,0.0,26900,6.415476799011231,7.3372483253479,1.6800154447555542,0.3909039497375488,0.5275579690933228,6.054863813229575,,4.933186526666667,2.13271702
2000-07-26,3.0,19200,0.9857540130615234,2.0854811668396,2.532132625579834,2.093247890472412,4.130218029022217,2.570428015564203,,4.316994223166668,0.7423458814999999
2000-07-27,3.0,17300,1.6925654411315918,7.741772651672363,3.1205286979675293,2.7593801021575928,4.665038108825684,7.358171206225681,,8.463942213666668,0.709964776
2000-07-28,3.0,15000,9.495738983154297,7.487531661987305,2.529284954071045,2.36095929145813,4.541073799133301,8.895525291828797,,10.4440161985,2.8286699305
2000-08-04,0.0,16800,0.0002579365100245,0.0,0.0755680948495864,0.0016787021886557,0.7737236618995667,0.2389105058365759,,4.62120155379,0.40241986965
2000-08-24,0.0,10400,0.4573729634284973,3.605218410491944,0.1147707179188728,0.2058825194835662,0.8882412910461426,0.5249027237354085,,12.208422755666666,6.8202000945
2000-08-28,1.0,9590,1.728382587432861,5.711110591888428,1.9281197786331177,4.519893169403076,3.477139472961426,3.421400778210119,,3.8314909355983335,0.2836977659999999
2000-08-29,1.0,9910,7.675670146942139,6.661963939666748,1.924842119216919,4.768448352813721,3.6741867065429688,4.643579766536964,,2.044886604431667,0.2394943225
2000-09-05,0.0,6660,3.949773550033569,2.9190917015075684,3.275683641433716,7.569747447967529,12.81480312347412,3.340466926070038,,1.71767957105,0.3449174435
2000-09-09,2.0,11600,49.85065460205078,45.32966995239258,34.486297607421875,42.75328063964844,50.11262512207031,41.38929961089494,,10.20113249,7.563108125
2000-09-10,2.0,14000,46.80596923828125,26.891590118408203,12.609620094299316,25.803630828857425,28.46400260925293,18.91770428015563,,7.138416555,3.84258227
2000-09-14,1.0,10600,0.2656290531158447,0.003614837070927,2.6274356842041016,0.0080780107527971,1.440872073173523,0.0048638132295719,,4.076752835583333,1.99944562175
2000-09-15,1.0,10600,0.3281092047691345,0.0,2.7613308429718018,0.0392599888145923,1.7846338748931885,0.0048638132295719,,5.061579054333333,2.013375528
2000-09-17,3.0,8920,1.2687506675720217,5.113718032836914,0.7505214214324951,3.159853219985962,9.294334411621094,4.270428015564202,,4.468632356556666,0.0154613266699999
2000-09-18,3.0,10600,7.517498016357422,6.009212970733643,0.6372031569480896,4.813977718353272,10.99526309967041,6.242996108949416,,5.64828483989,2.03854061367
2000-09-19,3.0,12600,7.587207794189453,6.555857658386231,0.7345690131187439,5.708250999450684,11.76811408996582,8.167509727626458,,7.227102087056666,3.73765521367
2000-09-20,1.0,12300,7.906898021697998,2.711755514144897,0.1424770206212997,3.530519485473633,3.741790771484375,6.682101167315176,,13.7367101865,3.98692243
2000-09-21,0.0,11200,1.643726468086243,1.816260576248169,0.1217899769544601,1.845085620880127,1.6559849977493286,4.712256809338522,,11.677406802166669,2.254132295
2000-09-23,0.0,7340,0.2756745815277099,0.0,1.2936561688547954e-05,0.0,0.000981934252195,0.0060311284046692,,4.0820879770000005,0.99356573
2000-09-27,0.0,8120,1.9507304430007932,8.752037048339844,0.0025282730348408,0.0,0.0044297589920461,0.0682879377431905,,15.170583365,3.1107090950000003
2000-09-28,3.0,8000,11.22586154937744,33.50901412963867,20.757678985595703,20.74959754943848,16.668865203857422,23.214396887159545,,17.222490946666667,5.886725625
2000-09-29,3.0,8160,37.939579010009766,58.05525970458984,57.35639572143555,68.37300109863281,46.576446533203125,62.61206225680933,,19.56529172655,3.55052767
2000-09-30,3.0,12100,71.01126098632812,49.38563537597656,66.1550521850586,68.39335632324219,46.7972412109375,62.6941634241245,,19.00689911638333,4.708039614
2000-10-01,3.0,21000,62.00487518310547,25.529294967651367,45.75018310546875,48.08876037597656,31.290143966674805,43.46361867704277,,12.541061132216669,2.514288139
2000-10-16,3.0,7420,28.14486312866211,37.26406478881836,13.593503952026367,32.55387878417969,66.48445892333984,33.04046692607001,,16.208885323333334,9.10359105
2000-10-17,3.0,10100,45.94098663330078,45.89694213867188,35.80559539794922,47.81977844238281,85.65876770019531,49.97470817120622,,13.979432165733334,5.7934560665
2000-10-18,3.0,12500,60.36484909057617,44.50237655639648,32.87127685546875,32.450767517089844,51.45814895629883,42.64591439688719,,9.9997523424,2.2261272565
2000-10-19,3.0,14600,53.11056518554688,56.08618927001953,87.01289367675781,56.6633415222168,81.07682800292969,67.12665369649807,,11.180898089066666,3.4397734065
2000-10-20,3.0,15600,73.58832550048828,46.5699348449707,73.18616485595703,44.16881942749024,70.1288833618164,61.572568093385215,,10.912949936666667,3.42635381
2000-10-26,0.0,12000,8.099101066589355,11.09936809539795,0.5401206016540527,0.0310123767703771,2.004592180252075,0.8468871595330745,,41.20155231666666,40.667058
2000-10-27,1.0,11500,13.781272888183594,21.218772888183597,14.398112297058104,17.544504165649414,15.194945335388184,22.04046692607004,,46.056935550000006,37.7434457
2000-10-28,1.0,11400,23.816320419311523,20.83634757995605,18.81864547729492,19.80500221252441,19.76168632507324,25.64416342412451,,44.273172709166666,33.258833
2000-11-02,0.0,9920,6.462301254272461,10.649490356445312,1.4401957988739014,0.0639875531196594,0.762503445148468,0.0826848249027236,,61.02115797466667,39.383214465
2000-11-03,1.0,9840,8.222631454467773,27.62007522583008,23.4014892578125,21.19746780395508,21.47638702392578,40.47782101167316,,45.573027247,33.444857465
2000-11-04,1.0,10400,26.292282104492188,29.35478401184082,27.357812881469727,21.615062713623047,23.46324920654297,41.90661478599223,,32.43310603366667,26.879878965
2000-11-05,0.0,12900,26.280397415161133,19.76376342773437,29.36112403869629,22.6877498626709,25.83157539367676,42.05564202334631,,36.34761878166667,32.753491
2000-11-17,0.0,10400,3.8566431999206543,2.3845036029815674,0.7011024355888367,0.0,0.0334416627883911,0.6546692607003891,,27.98329468,23.1589175
2000-11-20,0.0,10000,4.326403617858887,3.2778470516204834,0.1649599075317382,0.0145529918372631,0.1110690385103225,1.2795719844357971,,22.69549261,14.87291375
2000-11-23,1.0,7780,15.728442192077637,13.272780418395996,21.845603942871094,12.239191055297852,19.83776092529297,18.229182879377426,,17.821496826,5.051458505
2000-11-24,0.0,7140,18.2226676940918,19.618200302124023,46.29244995117188,21.071563720703125,39.92564392089844,27.075680933852137,,18.061800292666668,4.500831805000001
2000-12-02,0.0,8980,16.887346267700195,12.399913787841797,22.13762092590332,13.344343185424805,22.177608489990234,18.27081712062256,,38.029019765,36.2431649
2000-12-03,0.0,8920,9.269280433654783,6.077415466308594,21.70327377319336,13.323896408081056,20.50166893005371,16.341050583657577,,31.806416675,23.7759236
2000-12-16,2.0,7940,78.20020294189453,71.09508514404297,106.79531860351562,78.2686767578125,96.88861846923828,67.77412451361867,,17.737067595333333,16.617886149999997
2000-12-24,0.0,8530,25.982084274291992,17.64692497253418,25.80922508239746,20.32381820678711,32.849754333496094,19.635603112840467,,29.707070171800005,18.69035775
2001-01-04,3.0,8320,45.03852844238281,52.027626037597656,92.43826293945312,54.93618774414063,71.81436157226562,62.99202334630351,,14.333095110000002,9.40173068
2001-01-05,3.0,15100,59.45066833496094,42.10447311401367,78.18565368652344,55.785343170166016,69.77269744873047,59.23793774319066,,19.8431425,8.271017350000001
2001-01-07,1.0,13200,17.770790100097656,6.137187004089356,12.312507629394531,8.971017837524414,13.564383506774902,10.544941634241235,,38.92017907343334,14.32393882
2001-01-08,1.0,11000,7.300745964050293,9.405767440795898,14.841774940490724,9.962532997131348,17.202617645263672,10.338132295719836,,41.71716148343333,25.1241532
2001-01-14,0.0,8680,4.244877338409424,4.733346939086914,2.878050804138184,2.65350079536438,6.107364177703857,5.340077821011672,,17.00247235936667,6.1558263281
2001-01-21,0.0,9030,33.748313903808594,23.100500106811523,40.56363296508789,23.243446350097656,35.806541442871094,24.05525291828796,,37.026438105,24.98868285
2001-01-22,0.0,9370,26.8299560546875,15.968896865844728,34.05821228027344,21.58922004699707,25.525318145751957,22.946108949416363,,29.560335721666668,25.2087285
2001-01-23,0.0,8960,18.41476058959961,4.3450775146484375,0.9341312646865844,0.6950423121452332,1.6758828163146973,0.5498054474708174,,25.552735765,16.908429145
2001-02-01,1.0,9300,35.9460334777832,25.05569839477539,54.10276794433594,33.24188995361328,46.291648864746094,35.24727626459143,,29.515167944216664,18.1281828
2001-02-02,1.0,9180,31.78292465209961,30.7327880859375,43.244998931884766,31.677906036376957,37.593780517578125,30.63268482490272,,26.85933546,16.5901144
2001-02-06,0.0,9710,24.22473907470703,3.720802068710327,14.369640350341797,12.82217502593994,14.83536148071289,12.424319066147854,,17.350184191333334,11.38944205
2001-02-12,0.0,8660,0.2681765854358673,0.1858153492212295,0.164040595293045,0.0679643750190734,0.0281353387981653,1.0503891050583656,,15.839783249166668,10.364975
2001-02-22,0.0,8250,4.6282830238342285,6.11984920501709,4.637239933013916,4.74140214920044,11.307546615600586,10.053696498054476,,28.742331975,20.08111505
2001-02-25,0.0,7380,4.226380348205566,1.0133261680603027,5.4850029945373535,6.079856872558594,5.098876476287842,5.617704280155637,,30.576389196333334,15.344696885
2001-02-28,0.0,6200,4.098135471343994,12.078798294067385,6.115498065948486,2.7174315452575684,8.280378341674805,10.747665369649791,,16.451798177946667,1.214573745
2001-03-01,0.0,5750,20.28171157836914,17.511343002319336,32.11344146728516,19.949403762817383,26.528440475463867,23.240077821011656,,17.047441372946665,6.60923433
2001-03-04,0.0,5610,5.40299129486084,2.380986452102661,10.714122772216797,3.5785510540008545,8.259903907775879,2.3202334630350183,,15.561116673233332,9.838093206
2001-03-15,0.0,6690,24.43289566040039,15.185317993164062,21.820863723754883,15.055315017700195,15.24396514892578,13.404474708171207,,12.085680920933331,2.82502078115
2001-03-18,1.0,6960,43.46243667602539,38.83022689819336,61.95184326171875,43.65338134765625,45.37798309326172,45.81556420233465,,19.5871866415,13.9866338
2001-03-19,1.0,13400,42.80543518066406,31.78634262084961,55.57721710205078,41.61922073364258,44.69683837890625,45.40291828793776,,22.725808347,19.133199
2001-03-24,1.0,7670,4.786861419677734,10.559852600097656,12.500357627868652,8.579795837402344,10.18309211730957,17.621595330739304,,14.201083845833336,10.700190485
2001-03-25,1.0,8470,11.94724178314209,16.021455764770508,19.686065673828125,20.646228790283203,20.791423797607425,22.12217898832686,,18.7742252675,17.554149634999998
2001-03-27,1.0,9230,35.9006462097168,26.30220603942871,31.18037796020508,34.984127044677734,33.99632263183594,31.883852140077817,,25.967867168495,26.108031749999995
2001-03-28,1.0,9150,36.18742370605469,29.30352020263672,26.11748313903809,25.87645721435547,26.733598709106445,32.86731517509727,,18.38427460282833,17.135638
2001-04-02,0.0,10200,22.66860580444336,6.357201099395752,2.043397188186645,11.219141006469728,11.462743759155272,9.696887159533071,,17.526383704666667,9.573232265
2001-04-14,0.0,6860,9.248773574829102,1.626706838607788,9.98697280883789,10.827587127685549,8.113547325134277,8.981128404669263,,6.443103860333333,3.186135646
2001-04-15,0.0,6430,2.798660516738892,6.384435653686523,2.0324020385742188,0.2416998744010925,0.1926877945661544,0.3480544747081707,,5.3616984788333335,3.6928820515
2001-04-16,1.0,6340,7.562994956970215,12.335124969482422,20.108619689941406,11.568511009216309,9.030298233032228,16.699221789883264,,7.594080071666666,5.544807329999999
2001-04-17,1.0,7350,16.884119033813477,15.504972457885742,30.69747543334961,21.07110023498535,18.30558013916016,19.32178988326848,,6.698642195,3.070052085
2001-04-22,0.0,7600,9.54427433013916,10.450672149658203,14.594159126281738,26.00432014465332,16.89655303955078,16.35953307392996,,9.386999492833333,4.42861626
2001-05-10,0.0,12200,0.2425674349069595,0.2896576523780823,0.080388993024826,9.943140321411192e-05,0.0896319970488548,0.0,,10.385995594166666,6.228551084999999
2001-05-11,0.0,12200,1.182154417037964,2.4868264198303223,0.0763550177216529,8.809900464257225e-05,0.088696539402008,0.0764591439688716,,11.366620336416666,7.039818335
2001-05-19,1.0,12600,10.141066551208496,8.35899829864502,2.482332706451416,3.651698589324951,5.510147571563721,10.137548638132296,,9.95647338634,6.6878670082000005
2001-05-20,1.0,12400,7.0011491775512695,5.101884365081787,2.3868892192840576,3.27677059173584,4.1899261474609375,10.123346303501943,,10.58368228698,7.12292325
2001-05-21,1.0,11300,5.209873676300049,0.0023952915798872,0.0207619126886129,0.0016688744071871,0.0195692405104637,0.0204280155642023,,15.107353227313332,9.73729065
2001-06-11,0.0,17300,41.83592987060547,36.80946350097656,34.18748474121094,41.87886047363281,43.525482177734375,30.357198443579783,,3.245307888166667,0.5090224655000001
2001-06-12,0.0,19300,40.08486175537109,27.697105407714844,30.18334579467773,35.74636459350586,39.27159118652344,27.04474708171208,,6.922402383166667,2.6335822355
2001-06-17,0.0,13100,1.193819522857666,0.0037244341801851,0.2866623699665069,0.8571972250938416,0.0717357322573661,0.051556420233463,,2.101520151166667,0.6648020735
2001-06-19,0.0,13100,0.1173849254846572,0.0037244341801851,0.0141315963119268,0.2985042035579681,0.0366750806570053,0.0280155642023346,,2.539600962283333,0.903919327
2001-06-23,0.0,17000,0.0824662670493125,0.5395795702934265,0.9548019170761108,0.5541128516197205,4.763323783874512,4.113618677042803,,6.258713017666667,3.78413059
2001-06-27,2.0,12100,12.655637741088867,10.19682502746582,17.015993118286133,20.885034561157227,15.349191665649414,36.87529182879376,,3.99775987825,0.6468574945
2001-06-28,2.0,15700,13.662298202514648,9.982616424560549,17.062442779541016,20.84776306152344,15.124101638793944,35.88579766536964,,2.582226740083333,1.4209326
2001-07-28,0.0,9340,15.531499862670898,17.847976684570312,14.98699188232422,18.652433395385746,14.98764991760254,22.66634241245138,,5.313039911333334,1.6793938115
2001-07-29,0.0,11300,14.676502227783203,14.355775833129885,18.43483161926269,18.90325927734375,20.2590389251709,22.15525291828796,,8.182552574166667,1.487001875
2001-07-30,0.0,9350,9.043190002441406,1.559725999832153,5.0695648193359375,0.9489184617996216,7.290059089660644,0.4655642023346302,,8.371867228,1.6240807175
2001-08-01,2.0,9470,0.3639424443244934,0.3009853959083557,2.060649871826172,0.2352126240730285,1.2945479154586792,0.3295719844357975,,1.2847594309666668,0.1807327628999999
2001-08-02,2.0,10100,1.149674415588379,2.1985583305358887,5.703123569488525,2.758610248565674,4.031180381774902,3.2087548638132297,,3.672460283466666,0.7205503204
2001-08-03,2.0,9640,4.133725643157959,2.4248781204223637,7.928164958953857,4.307102680206299,5.805568218231201,4.392217898832683,,4.0183599981333336,0.9452360024
2001-08-05,1.0,7970,6.660518646240234,2.54239559173584,3.325136661529541,2.1044764518737797,3.3688974380493164,2.9896887159533043,,3.763275742333333,0.559185505
2001-08-06,1.0,8870,3.497907876968384,2.2737724781036377,0.7396190166473389,0.6142234206199646,1.6141936779022217,1.721400778210116,,3.7520050386166655,0.38288432
2001-08-08,0.0,11000,0.0210932530462741,0.0,0.0016785517800599,0.0595819577574729,0.0375683829188346,0.0,,5.8850978724,1.52229072775
2001-08-13,0.0,8960,0.0,0.0,0.8184562921524048,0.339655339717865,1.8864229917526243,0.0,,2.4483722691666667,0.0140990075
2001-08-18,0.0,9310,0.0806051641702652,0.0,0.0349126048386096,0.2025336474180221,0.2617978453636169,0.0,,1.2268592389166666,0.17048181675
2001-08-21,2.0,9120,37.85995864868164,54.18165588378906,42.29475402832031,55.16134643554688,59.61028671264648,66.80155642023352,,2.5892323335666667,0.7375622057
2001-08-22,2.0,11500,82.43011474609375,66.53913879394531,60.29337310791016,73.26227569580078,78.66041564941406,76.8383268482491,,4.7404344814,1.6185431442
2001-08-27,0.0,12300,0.0335615053772926,0.0,0.1106148958206176,0.0065052895806729,0.4089635610580444,0.0,,8.228898463666667,6.088524028
2001-08-31,1.0,10700,4.951974868774414,10.145013809204102,6.681224346160889,7.0834808349609375,11.642983436584473,5.592023346303492,,6.228773836716666,1.6751345946500005
2001-09-01,1.0,10600,11.385374069213867,11.96500015258789,6.799284934997559,7.087828636169434,11.657475471496582,5.5926070038910405,,6.682703802883333,1.47865399315
2001-09-02,1.0,11000,10.858755111694336,8.191390991210938,7.929059982299805,10.37509822845459,12.761646270751951,6.742412451361857,,14.3830034805,1.307423776
2001-09-03,1.0,9650,7.94504451751709,2.5097899436950684,2.6308352947235107,3.703458070755005,2.594700813293457,1.229182879377431,,15.703002560999998,1.116310261
2001-09-16,0.0,6840,0.0001388888922519,0.2765505611896515,0.0043837018311023,0.0002598581486381,0.0567414052784442,0.4264591439688715,,14.539169856666668,9.98796562
2001-09-21,1.0,6370,4.035281181335449,3.989692687988281,0.6841495633125305,3.351562976837158,7.595141887664795,3.9038910505836575,,11.235899808833334,4.33187875
2001-09-22,1.0,6030,3.886481523513794,2.399131774902344,0.2455907762050628,3.1080126762390137,7.239312648773193,3.896692607003891,,9.4539483595,3.127194972
2001-09-25,0.0,7080,8.76053237915039,23.205345153808597,42.47848892211914,21.70769691467285,24.806114196777344,32.93910505836575,,11.777203518266669,8.46309023
2001-10-04,0.0,6980,0.0531369112432003,0.0,0.0,1.467405468247307e-07,0.000141610900755,0.0,,15.735202135833331,3.732858835
2001-10-10,1.0,6510,36.54251480102539,33.378116607666016,48.77204895019531,34.204856872558594,31.721725463867188,27.58501945525292,,11.5672332485,2.19197208325
2001-10-12,3.0,8350,57.30335235595703,34.26966094970703,38.92462158203125,35.31105041503906,46.02278137207031,42.06964980544749,,6.4801062903333335,1.33497119325
2001-10-13,3.0,9720,41.0208854675293,30.29647445678711,25.478504180908203,40.01750183105469,44.51398086547852,41.34980544747084,,4.1965128152333335,1.0851472122
2001-10-14,2.0,9140,32.626441955566406,17.169172286987305,10.77464771270752,17.5661678314209,17.900415420532227,17.0455252918288,,10.011955464066666,7.3714680572
2001-10-18,2.0,9940,31.12375259399414,31.77623748779297,31.300762176513672,29.998584747314453,36.53631591796875,30.74863813229571,,36.77671948826666,35.41702295
2001-10-19,2.0,10900,31.64662170410156,30.04818153381348,20.9672794342041,23.045148849487305,30.956188201904297,27.07412451361867,,33.509737285,31.116856
2001-10-22,2.0,11400,71.41572570800781,74.36605834960938,87.62257385253906,91.80463409423828,75.63888549804688,91.05603112840464,,41.78882618916667,22.155211065
2001-10-23,2.0,21500,97.95174407958984,72.31266784667969,92.48038482666016,96.40945434570312,89.95155334472656,97.51926070038908,,41.94462684046667,23.6859006
2001-10-25,2.0,18600,68.04232788085938,40.58880615234375,44.8309326171875,31.887195587158203,34.9431266784668,53.83073929961089,,25.03475509013333,15.38606583
2001-10-26,2.0,17600,52.58951568603516,30.77253532409668,48.92295837402344,30.790367126464844,30.775827407836918,46.63618677042799,,34.449155507166665,20.41443033
2001-10-27,2.0,20400,34.6817512512207,25.168169021606445,34.78656005859375,20.634862899780277,21.726030349731445,26.80992217898832,,38.92703272,19.040321700000003
2001-11-04,1.0,15500,14.388992309570312,12.011119842529297,17.21697235107422,7.969256401062012,8.821544647216797,9.449027237354086,,20.052099841,8.328186509999998
2001-11-11,2.0,11300,5.430840492248535,12.865887641906738,11.389375686645508,2.452711820602417,5.604048728942871,5.749610894941631,,48.14161052,36.0536138
2001-11-12,2.0,9840,24.832860946655277,56.17041015625,21.469959259033203,17.374101638793945,15.84385871887207,45.58929961089492,,44.24721142,27.9446055
2001-11-13,4.0,12600,77.93943786621094,104.34716796875,81.03436279296875,107.2347412109375,95.00418090820312,132.51673151750967,,37.69329628333333,22.5911202
2001-11-14,4.0,28000,135.68202209472656,117.75696563720705,115.55377197265624,146.95480346679688,142.7021942138672,161.73891050583651,,35.66927183666667,16.50005543
2001-11-15,4.0,63800,141.53628540039062,79.97000122070312,114.24764251708984,138.24212646484375,135.4471893310547,129.8640077821011,,37.78053137,11.06066688
2001-11-19,4.0,20800,46.50086975097656,56.986106872558594,35.86863327026367,37.8557014465332,38.25366973876953,42.66809338521401,,49.91536893333333,43.5501775
2001-11-20,4.0,27800,67.63232421875,57.89678192138672,63.12587738037109,66.2929916381836,58.83136749267578,59.80058365758753,,43.06525147533334,38.23868725
2001-11-21,4.0,28100,68.90995788574219,46.797760009765625,71.89253997802734,57.454551696777344,48.37299346923828,59.22509727626456,,33.210557764166666,24.5872477665
2001-11-25,0.0,18300,13.764554977416992,11.055849075317385,12.13718318939209,2.178558826446533,0.71876460313797,6.953501945525293,,18.237722051583333,11.351998695
2001-11-27,0.0,16700,22.35877990722656,36.06517791748047,33.93006896972656,34.39241409301758,31.03311920166016,32.9385214007782,,27.544278608,25.53124385
2001-11-28,1.0,15900,44.81119155883789,49.83518981933594,53.88926696777344,56.49855041503906,52.57812881469727,56.38813229571981,,28.85820712466667,32.8816806
2001-12-01,1.0,17400,74.86485290527344,58.62335205078125,84.66680908203125,65.52588653564453,75.66743469238281,78.55875486381322,,33.194514181,14.78057662
2001-12-03,0.0,18500,53.556671142578125,27.41688346862793,46.40888977050781,25.441619873046875,42.18716812133789,34.99260700389104,,18.340700323,0.127938519
2001-12-08,1.0,15500,55.12241363525391,36.019012451171875,45.63321685791016,17.829788208007812,53.5670166015625,31.10817120622568,,18.995941497,11.548876485
2001-12-11,0.0,14800,9.313518524169922,28.045635223388672,33.415306091308594,20.52352905273437,34.02496337890625,26.08677042801557,,17.624488317833332,13.1247031
2001-12-12,1.0,13800,34.552608489990234,67.00642395019531,56.3304443359375,73.77532958984375,66.308837890625,75.22723735408563,,29.8653338495,16.698451815
2001-12-13,1.0,17800,87.11837768554688,85.17548370361328,86.35694122314453,103.2043914794922,89.16049194335938,99.70758754863816,,34.01774960783333,18.831457765
2001-12-14,1.0,32300,97.39481353759766,97.4471435546875,93.11214447021484,106.39910125732422,105.17450714111328,101.5143968871596,,28.216088098333334,10.734277495
2001-12-15,2.0,25600,110.6309051513672,103.02283477783205,132.19967651367188,113.85606384277344,133.396728515625,123.8501945525292,,23.731900991666667,15.71961868
2001-12-16,2.0,29700,120.649169921875,99.2261962890625,130.51788330078125,111.09552001953124,138.16062927246094,106.48346303501948,,24.30307872,19.09556018
2001-12-17,2.0,48400,113.03076171875,79.28516387939453,129.0410614013672,112.9355239868164,131.97543334960938,99.0739299610895,,27.04684415166667,22.1833408
2001-12-19,0.0,25200,27.55238914489746,22.477598190307617,25.22633934020996,25.45726585388184,34.980812072753906,20.453501945525275,,23.76834828833333,15.85818285
2001-12-25,0.0,11000,0.1116884797811508,0.0,3.407180884096306e-07,2.5103677216975484e-06,0.0104787396267056,0.0,,36.35545064,22.8957283
2001-12-27,1.0,12100,3.38835883140564,6.651579856872559,13.280553817749023,7.85308313369751,10.761340141296388,6.705058365758755,,40.350914192333335,24.89379865
2001-12-28,1.0,12000,7.849217891693115,6.679174900054932,13.46461009979248,7.857026100158691,10.798380851745604,6.705058365758755,,37.45582112066667,20.94173445
2001-12-30,0.0,10700,5.666666507720947,2.863135814666748,2.8426947593688965,1.8680720329284668,11.40286636352539,2.542607003891048,,50.90542257379335,36.4624783
2002-01-02,2.0,10900,27.653709411621094,22.45987701416016,19.600645065307617,18.48628807067871,25.9129638671875,23.748443579766548,,39.97652615566666,40.270110800000005
2002-01-03,2.0,12200,27.276588439941406,14.188745498657228,23.539613723754883,16.73185920715332,27.967742919921875,17.181128404669273,,50.02484969333332,43.4625913
2002-01-05,1.0,15800,13.834507942199709,55.26241683959961,39.47998046875,20.61107444763184,32.005592346191406,54.89766536964987,,32.228779795833326,14.9680549795
2002-01-06,3.0,16000,64.5579605102539,125.82965087890624,111.67039489746094,115.1389617919922,134.40467834472656,152.04221789883272,,15.915877528166666,1.0451663894999998
2002-01-07,3.0,35700,141.99960327148438,139.5926055908203,147.68292236328125,149.45797729492188,167.8602294921875,183.7692607003892,,19.390289163166667,1.9465915395
2002-01-08,3.0,73700,157.0626220703125,95.13159942626952,122.92865753173828,136.4127960205078,144.74392700195312,134.49357976653698,,21.07700433433333,10.28054799
2002-01-12,1.0,27200,36.05426406860352,32.055877685546875,91.17858123779295,26.98053741455078,38.08760452270508,33.108560311284045,,30.519342033333334,20.38039645
2002-01-23,1.0,18600,58.53990173339844,80.91844177246094,90.86457824707033,77.82103729248047,77.14236450195312,76.79805447470815,,13.6698224573,3.88171334
2002-01-24,1.0,20000,95.023193359375,90.16552734375,114.5992202758789,107.23123931884766,107.43557739257812,105.43015564202332,,13.5548222923,6.358097075
2002-01-25,1.0,26100,101.5251693725586,71.86066436767578,116.34410858154295,103.16078186035156,108.99613189697266,97.3484435797665,,15.191289473,10.44720685
2002-02-14,0.0,12500,0.7219128012657166,0.0,0.0530389621853828,0.0107722831889987,0.3364650309085846,0.0,,53.88581264991667,25.5980049125
2002-02-21,2.0,18000,148.49856567382812,145.9589080810547,109.69287109375,124.88417053222656,142.99868774414062,185.83657587548635,,20.7939196379,14.27506135
2002-02-22,2.0,49700,173.36993408203125,132.36676025390625,107.23738098144533,136.3013458251953,153.9652557373047,202.29941634241243,,17.039289909333334,9.9488776
2002-03-03,0.0,18900,0.4108273983001709,4.233048439025879,1.0710973739624023,1.752274329192005e-05,0.0010849310783669,0.9519455252918292,,52.193366366666666,32.803292400000004
2002-03-06,0.0,16500,10.036070823669434,10.758522987365724,9.10079574584961,9.05866241455078,11.656986236572266,12.977237354085606,,34.995477495,21.15719055
2002-03-11,1.0,14800,88.98873901367188,86.01952362060547,102.69070434570312,102.8788604736328,103.97958374023438,105.7704280155642,,29.282780226316667,10.24867154895
2002-03-26,0.0,13400,6.274030208587647,18.9882755279541,18.16303825378418,16.06991195678711,17.6063232421875,17.534046692607,,17.438754617,7.756830348
2002-04-12,2.0,25500,57.828033447265625,75.74229431152344,64.05501556396484,48.82533264160156,52.11357116699219,103.45622568093384,,16.6110106945,10.680187149999998
2002-04-13,2.0,31100,95.93781280517578,81.68121337890625,97.11634826660156,76.65496063232422,70.84386444091797,139.9791828793774,,16.7387227445,12.527796
2002-04-14,2.0,45400,93.93084716796876,73.21868133544922,96.95303344726562,70.54337310791016,73.2586898803711,128.34883268482486,,15.657692606666666,9.70963245
2002-04-22,0.0,20400,12.656686782836914,12.663360595703123,7.178544998168945,7.885428905487059,9.151988983154297,13.364980544747077,,8.056206288333334,4.1142336
2002-05-08,0.0,17500,5.99943733215332,0.1798739433288574,2.5537610054016118,11.52769947052002,5.779029846191406,1.2099221789883263,,20.86219216558333,12.5158409
2002-05-12,0.0,14700,2.2622501850128174,6.367113590240479,1.2456912994384766,0.8464224338531494,2.0673553943634038,7.678988326848251,,7.395718949333333,2.13826631
2002-05-14,0.0,19500,14.29480266571045,10.132750511169434,10.581467628479004,10.657293319702148,8.37956714630127,15.145525291828797,,7.365384375203334,2.35126466
2002-05-15,0.0,19000,15.17811393737793,7.965330123901367,9.33780288696289,9.884858131408691,6.422223567962647,7.909533073929962,,9.679694105203334,3.942155290000001
2002-05-24,0.0,22400,4.232657909393311,2.040351867675781,5.994333267211914,2.631821870803833,4.663778305053711,4.635992217898837,,10.348093277666669,2.082934255
2002-05-25,0.0,22700,5.437264919281006,2.7690858840942383,4.520907878875732,3.195888042449951,2.373443603515625,3.205058365758757,,8.164302671666666,5.985577044999999
2002-05-28,1.0,29200,23.080047607421875,24.425556182861328,20.261451721191406,24.065731048583984,25.051685333251957,28.986964980544748,,7.650482103333333,5.32951342
2002-05-29,1.0,37100,25.20914077758789,17.736440658569336,20.53691864013672,24.43037223815918,24.58013916015625,25.433268482490277,,14.343305353333331,7.270121660000001
2002-06-01,0.0,29100,1.3314862251281738,1.3437660932540894,0.0038736956194043,0.0414943248033523,0.0479474738240242,0.0,,19.75675795833333,10.758184
2002-06-03,0.0,26900,2.4785890579223637,3.516087532043457,1.531840443611145,0.2394794970750808,1.201358675956726,0.1112840466926067,,13.245329846666667,12.63378085
2002-06-05,0.0,25800,17.075647354125977,17.344058990478516,9.492741584777832,11.722679138183594,10.04176902770996,10.058754863813236,,8.355321597716667,6.10264917875
2002-06-17,0.0,32800,17.715078353881836,22.17719078063965,14.951653480529783,13.663414001464844,21.56943893432617,29.96322957198442,,2.342242783116667,1.51850272
2002-06-21,0.0,29000,0.0689126998186111,0.0,0.0060796178877353,0.0002185162593377,0.0128971803933382,0.2503891050583658,,7.191015488933333,0.84177516
2002-06-25,1.0,32300,0.6802163124084473,0.0,0.0359810218214988,0.106331743299961,0.0411520190536975,0.0,,21.29275580753333,11.533298829999998
2002-06-26,1.0,33400,2.099406719207764,8.218377113342285,0.553570032119751,0.544834554195404,1.6613388061523438,8.810700389105067,,18.0457582367,6.47911618
2002-06-27,3.0,38300,14.471881866455078,26.706024169921875,3.9988648891448975,15.343184471130373,10.645048141479492,28.324513618677045,,17.63341131753333,6.916188449999999
2002-06-28,3.0,40700,39.40632247924805,36.5719108581543,30.224788665771484,51.77519226074219,38.99995803833008,37.44280155642024,,8.950094749333335,5.4834867885
2002-06-29,3.0,51300,44.660247802734375,31.70124053955078,31.350317001342773,52.81264114379883,40.59689331054688,32.63482490272372,,3.7687288084,1.5660075577
2002-07-01,0.0,34600,12.916182518005373,3.941273927688599,1.7057722806930542,2.119207859039306,3.714549779891968,5.3677042801556425,,4.924021743966667,0.1285964419
2002-07-03,0.0,27700,1.8874485492706297,2.091865539550781,0.8547687530517578,3.379390001296997,4.635410785675049,0.6887159533073924,,4.436900875945001,0.480166995335
2002-07-06,0.0,23500,3.492879867553711,17.709556579589844,1.941208839416504,1.0018309354782104,1.256528377532959,9.926653696498043,,0.9746666156333332,0.0518397634
2002-07-12,0.0,35700,0.1804860979318618,0.0,0.1657979041337967,0.0212801676243543,1.4270403385162354,0.0760700389105058,,5.542033381233334,0.7933565437
2002-07-13,0.0,35800,0.1143472045660018,0.0,0.1728756725788116,0.0218044240027666,1.4686377048492432,0.0760700389105058,,4.115589420266667,0.3803915508
2002-07-16,0.0,29100,0.0998908728361129,0.0,0.0021646290551871,0.0028819744475185,0.0957249253988266,0.0027237354085603,,1.7939914056666666,0.948688852
2002-07-17,1.0,27300,0.0177162699401378,0.0,0.0365042611956596,0.0135227357968688,0.156042605638504,0.0027237354085603,,3.10238579857,1.383747092
2002-07-18,1.0,25400,0.0177162699401378,0.0,0.084987960755825,0.1097427457571029,1.290389060974121,0.0027237354085603,,2.99130531207,1.250635635
2002-07-26,0.0,23200,0.3509345650672912,0.0146545078605413,0.1786347329616546,0.4123963415622711,0.3014619648456573,0.0029182879377431,,3.852106572633333,0.53308296
2002-07-28,3.0,20900,2.6199660301208496,2.9946298599243164,0.2468053698539734,1.524561047554016,3.767691373825073,1.099027237354085,,3.03131775875,0.0
2002-07-29,3.0,20800,3.734877586364746,3.115776538848877,0.2527837753295898,1.5821480751037598,3.922222375869751,2.1867704280155635,,3.96808611087,0.00020346086
2002-07-30,3.0,20100,3.662818193435669,1.8208638429641724,0.2541230916976928,0.915539026260376,2.7889833450317383,1.4972762645914393,,4.252214131953334,0.01078004586
2002-07-31,0.0,17900,1.7608067989349363,0.1224851384758949,0.0088702300563454,0.0721377655863761,0.2298571616411209,1.195330739299611,,2.3544736469533336,0.18565456586
2002-08-06,0.0,13800,20.170795440673828,8.412580490112305,1.535283446311951,11.601638793945312,6.887221336364746,14.10194552529182,,0.5594553564499999,0.0544155615
2002-08-12,0.0,12100,0.0,0.0,0.0,0.0,0.0,0.0,,2.9220093471666666,0.094083293
2002-08-13,0.0,12400,0.0664940401911735,0.0,0.0,1.074061060535314e-06,0.0,0.0,,5.2551741575,0.102716909
2002-08-19,0.0,10700,0.0,0.0,0.4319644868373871,0.1923554092645645,0.8838398456573486,0.0147859922178988,,0.7066718249,0.2076246
2002-08-26,0.0,10700,2.6318612098693848,0.0,0.3452730774879455,0.3864475190639496,7.999127388000488,1.6636186770428014,,10.085855334616666,1.51400545
2002-08-31,3.0,9350,0.3173393905162811,2.4851558208465576,2.443079948425293,0.9715620875358582,1.4725797176361084,0.1276264591439687,,6.705565536983333,0.0037062323
2002-09-01,3.0,8310,2.979072093963623,11.102182388305664,3.27312445640564,3.951955795288086,4.805432319641113,8.547470817120614,,9.978808602916668,0.08586025875
2002-09-02,3.0,9370,11.306695938110352,11.14256763458252,3.9468801021575928,5.7203898429870605,7.851537227630615,10.691439688715946,,10.9702418785,0.45419397
2002-09-07,0.0,8110,3.884840488433838,6.845275402069092,1.3640621900558472,1.491034984588623,5.244246482849121,4.621400778210118,,3.623069991666666,0.7469315900000001
2002-09-08,0.0,7050,6.181160926818848,3.929377555847168,3.795866966247559,3.516702890396118,4.893296241760254,4.2970817120622575,,5.360224615,1.229425935
2002-09-19,1.0,9530,5.058780193328857,4.32210111618042,2.486335277557373,2.3858895301818848,5.475497722625732,4.162062256809337,,4.212412964666667,0.277196694
2002-09-28,0.0,6870,3.15103530883789,9.753664016723633,8.20094108581543,3.910998106002808,3.35027813911438,8.447470817120626,,6.399748230833333,3.335512482
2002-09-29,0.0,5400,11.16545581817627,13.996088027954102,17.050634384155273,10.18048858642578,14.59670066833496,14.325875486381326,,9.701219030833332,3.623475882
2002-10-01,0.0,5120,12.56651782989502,10.664087295532228,11.318317413330078,7.401570320129394,12.481666564941406,6.17976653696498,,7.696381402999999,1.6910583275
2002-10-04,2.0,5310,13.621827125549316,10.310171127319336,25.74891471862793,14.545333862304688,23.689157485961918,17.69941634241247,,24.410188025666663,8.093804577
2002-10-05,2.0,5050,8.997769355773926,2.943699359893799,0.8113251328468323,1.709240436553955,4.229242324829102,2.5501945525291827,,26.122876658333336,13.715414675
2002-10-06,2.0,4900,1.815235376358032,1.5389533042907717,1.1191550493240356,1.5123807191848757,4.059905052185059,1.3612840466926075,,28.300984506666666,18.35174105
2002-10-07,0.0,4860,1.826343059539795,0.849345862865448,0.7332229614257812,0.774677574634552,3.1643636226654053,3.275875486381324,,18.402734866666663,11.11710673
2002-10-14,0.0,5000,0.0612638890743255,0.0,0.0,6.990699148445856e-06,0.0,0.0,,24.916155685416665,15.50434847
2002-10-20,0.0,4540,0.4180594980716705,0.1024284735321998,3.4959535598754883,0.9346517324447632,0.6354511976242065,0.3801556420233469,,18.02683041433333,10.199691069499998
2002-11-05,4.0,5120,12.16468620300293,16.040050506591797,11.390339851379396,12.420351028442385,13.33684253692627,10.160311284046683,,36.41891284176667,28.40307015
2002-11-11,3.0,7560,46.46193313598633,47.657371520996094,63.293113708496094,64.21693420410156,72.22862243652344,65.88579766536968,,26.59653326706,18.951482825
2002-11-12,3.0,9200,61.957252502441406,47.047996520996094,65.52145385742188,60.43006134033203,71.10360717773438,62.53968871595333,,28.050293478333334,20.01902025
2002-11-13,3.0,12700,57.67780685424805,42.10085678100586,62.88463592529297,53.977386474609375,73.86289978027344,69.91031128404671,,29.65928075,26.88064495
2002-11-15,2.0,8650,22.152217864990234,32.475196838378906,33.60549545288086,36.649051666259766,36.582462310791016,49.92801556420231,,43.19399258833333,35.535607850000005
2002-11-16,2.0,8730,38.15723419189453,37.03453063964844,47.348331451416016,37.143646240234375,39.28291320800781,48.114591439688695,,55.08085268333333,39.2703127
2002-11-17,3.0,10800,67.84480285644531,54.01128387451172,67.26553344726562,62.99644470214844,67.9087142944336,71.96984435797665,,52.78191668333333,41.7452625
2002-11-22,0.0,16400,0.0246210303157567,0.2204438149929046,1.592788577079773,0.0065363207831978,1.3519755601882937,0.1663424124513619,,50.33567918333334,39.53228735
2002-12-05,0.0,7670,3.0057618618011475,1.810408353805542,3.292931079864502,3.386073112487793,1.4107699394226074,2.4741245136186776,,43.592506916666665,35.016366
2002-12-11,3.0,8190,62.08370590209961,66.164306640625,101.61245727539062,83.24333190917969,91.52328491210938,75.83073929961085,,13.178482297499995,4.8202841135
2002-12-12,3.0,10800,80.99403381347656,68.00730895996094,95.52255249023438,76.29342651367188,79.27535247802734,63.27237354085602,,13.828456672833331,3.1230288935
2002-12-13,1.0,16000,80.44378662109375,81.13188171386719,111.85076904296876,93.85670471191406,83.16798400878906,78.1879377431907,,27.31797530833333,11.93799807
2002-12-14,2.0,15700,90.18531036376952,78.58357238769531,70.2032470703125,84.19561004638672,57.38826370239258,71.07529182879378,,30.41854687716667,16.82037973
2002-12-15,2.0,25700,82.17634582519531,84.53289031982422,93.27745056152344,100.64983367919922,61.47882843017578,87.48891050583654,,27.82492625516667,17.911378515
2002-12-16,1.0,22700,83.09521484375,55.24427795410156,67.57601928710938,61.87029647827149,41.44438171386719,57.13735408560306,,15.1749963785,10.125969965
2002-12-21,0.0,10100,1.5125471353530884,0.4389474093914032,0.6521577835083008,0.3305431008338928,1.6191918849945068,1.0470817120622562,,46.008824985500006,26.189366
2002-12-25,2.0,7450,32.34404754638672,44.32361602783203,55.49403762817383,47.35668182373047,60.95677185058594,26.892801556420217,,46.75230625067666,16.39552565
2002-12-26,2.0,8290,44.31000518798828,62.60597229003906,77.27163696289062,79.56309509277344,88.03857421875,56.8996108949416,,43.17781841901,20.39337135
2003-01-02,4.0,14400,93.89462280273438,75.59468078613281,88.70744323730469,91.02320098876952,93.95783233642578,117.91459143968868,,21.650307975,9.5383262
2003-01-03,4.0,23600,82.77119445800781,71.15104675292969,113.90579986572266,99.0145034790039,101.91163635253906,95.2083657587548,,21.130496413333333,9.07629369
2003-01-04,1.0,22400,74.91718292236328,37.79448699951172,61.2519760131836,58.88077545166016,53.85734176635742,56.940466926070016,,14.17307017045,5.5800281400000005
2003-01-07,0.0,17100,0.8403709530830383,0.0,0.0003085531643591,0.0002973288937937,0.0010519222123548,0.0108949416342412,,26.468614570000003,2.04274851
2003-01-08,0.0,15100,0.1742678582668304,0.0,0.0003085531643591,0.0002847815339919,0.0010553476167842,0.0017509727626459,,27.42239447533333,5.345290226
2003-01-10,0.0,16900,5.1307806968688965,13.88601779937744,0.7979638576507568,1.6349351406097412,1.7618632316589355,5.726653696498051,,32.680249186350004,13.376520416000002
2003-01-11,1.0,15900,19.82449722290039,27.067237854003903,31.748741149902344,37.24412155151367,29.588747024536133,36.440856031128405,,34.50308465361667,13.697461785
2003-01-12,1.0,16900,35.44855499267578,35.566314697265625,36.07215881347656,37.3955307006836,30.22844886779785,41.02256809338521,,36.61342652861667,21.74807316
2003-01-19,0.0,13500,0.6265933513641357,2.6540298461914062,0.272886574268341,1.305561661720276,1.5941137075424194,0.2861867704280158,,29.402595183271664,23.8255632
2003-01-22,2.0,16000,66.38992309570312,68.08129119873047,59.91844940185547,71.00507354736328,59.5932502746582,87.4830739299611,,15.410183340166668,6.132192862
2003-01-23,2.0,22200,78.73114013671875,59.588523864746094,70.80274963378906,74.93498229980469,73.77037811279297,70.38599221789885,,25.310779249,10.708146597
2003-01-25,2.0,21600,64.53331756591797,71.46551513671875,101.217041015625,86.77024841308594,82.83324432373047,71.18891050583662,,32.5155257585,11.5442434255
2003-01-26,2.0,32200,85.41145324707031,70.50830841064453,99.56843566894533,85.12239074707031,76.55508422851562,74.70019455252921,,17.579479716833333,5.2726246255
2003-01-28,0.0,33600,51.28579711914063,34.13678359985352,23.59785461425781,30.88311195373535,25.807483673095703,35.45992217898831,,11.0024569795,11.0434619135
2003-01-30,1.0,27200,66.31832885742188,63.45444107055664,72.79235076904297,49.17335510253906,59.94291687011719,83.23210116731512,,7.906145195333333,2.582224061
2003-01-31,1.0,32500,80.30990600585938,48.95750045776367,68.51541137695312,42.65953063964844,55.61974334716797,61.62451361867701,,6.920475461166667,0.2157252585
2003-02-10,0.0,16500,0.1017599254846572,0.0,0.0636364221572876,0.00497722113505,0.099261537194252,0.0120622568093385,,24.06624296425,12.765669735
2003-02-13,0.0,14700,0.1813948452472686,0.2311935871839523,1.1462093591690063,1.6018558740615845,1.9517130851745603,0.9511673151750976,,37.68406636666667,34.4872795
2003-02-17,0.0,11500,29.244407653808597,23.481508255004883,32.40269470214844,27.71441650390625,29.103530883789062,34.102334630350164,,30.42709133783333,17.52962115
2003-02-20,0.0,13100,38.46558380126953,44.23304748535156,59.92945098876953,52.38928985595703,50.89665985107422,56.424124513618686,,17.701365264533333,13.50572368
2003-03-01,0.0,9770,3.151164054870605,5.709315299987793,4.6534295082092285,4.567180633544922,10.61882209777832,6.030739299610897,,39.34501434333333,30.13483925
2003-03-04,0.0,10900,11.983537673950195,29.704978942871094,13.63752269744873,18.53327369689941,22.822662353515625,23.552529182879365,,16.229014613233335,10.5451986
2003-03-08,0.0,11600,45.82259368896485,43.14075469970703,55.46338653564453,51.70010757446289,57.79927062988281,52.30739299610892,,7.035899443666667,5.2314773825
2003-03-12,4.0,23100,105.0742416381836,109.71086120605467,123.29398345947266,106.31993865966795,122.81593322753906,136.42392996108947,,10.466617753,2.946951685
2003-03-13,4.0,41000,130.40872192382812,95.83181762695312,123.54692840576172,108.08274841308594,112.98580932617188,124.21147859922176,,6.920671455,3.198589815
2003-03-14,4.0,45200,102.57626342773438,56.85087966918945,98.3251495361328,79.85962677001953,69.45394134521484,82.86964980544742,,7.028947005000001,4.4185948150000005
2003-03-17,0.0,20900,13.52688980102539,9.72438144683838,10.18347454071045,15.425399780273438,17.836532592773438,11.77645914396887,,21.042580266935,4.0476216508050005
2003-03-21,1.0,18900,57.68563079833984,65.22663116455078,71.71263122558594,86.29219055175781,86.42731475830078,83.6192607003891,,34.91496601666667,21.88714645
2003-03-22,1.0,25000,82.2358627319336,64.0927963256836,79.36946105957031,85.57161712646484,89.88566589355469,80.8669260700389,,40.59522347166667,25.02233235
2003-03-29,1.0,13200,4.728235721588135,22.681440353393555,52.11085510253906,1.5352649688720703,4.305288791656494,14.876459143968871,,24.439760655,16.2167578
2003-03-30,1.0,12100,24.514427185058597,30.149715423583984,71.97705078125,22.99300193786621,23.0700798034668,27.37237354085603,,18.056510138333334,13.2613441
2003-03-31,1.0,19300,32.66901397705078,31.74577140808105,71.56224060058594,28.494239807128903,29.16516494750977,32.06050583657587,,20.265292416666668,15.5875895
2003-04-06,0.0,16200,17.345186233520508,21.80268096923828,24.805389404296875,24.74089813232422,24.04638290405273,12.106031128404666,,23.07252684588333,22.7849414
2003-04-07,2.0,14600,30.37356948852539,27.507402420043945,42.52977752685547,25.221923828125,28.416961669921875,15.23910505836577,,25.52292114588333,23.97698875
2003-04-08,2.0,17200,33.47949981689453,26.903640747070312,55.2410888671875,29.764314651489254,41.61934661865234,19.13910505836577,,25.951488255883334,24.488275
2003-04-09,2.0,19900,31.481746673583984,18.47957992553711,45.03897857666016,20.84950256347656,26.11874008178711,19.57276264591441,,22.53610018166667,15.27074315
2003-04-10,0.0,19800,18.663795471191406,10.93647575378418,25.861730575561523,18.6448974609375,21.61716079711914,15.476459143968873,,18.971795215,12.29395245
2003-04-13,0.0,18000,18.737998962402344,17.229969024658203,13.470293045043944,20.61191940307617,40.15911102294922,22.567120622568098,,16.241241955333333,10.72142995
2003-04-18,0.0,17100,14.794711112976074,7.18878173828125,18.31758499145508,13.0817232131958,17.583356857299805,11.719066147859932,,12.432032692333332,12.45488985
2003-04-25,0.0,17500,24.005918502807617,18.75443649291992,13.504569053649902,21.73620986938477,14.615874290466309,34.5624513618677,,9.844164000666666,6.799302964999999
2003-04-27,0.0,15700,0.5722915530204773,0.5440115928649902,2.384032249450684,2.2167205810546875,4.615065574645996,1.5315175097276283,,18.44097685233333,14.2945021
2003-05-08,0.0,12200,2.538826704025269,0.5152074098587036,3.1281776428222656,9.064291000366213,6.089542388916016,1.1630350194552532,,8.705265436,7.481476000000001
2003-05-20,0.0,10800,6.145781993865967,4.994697093963623,0.3593779802322387,8.767585754394531,1.2124879360198977,3.684241245136188,,10.575161682833333,1.4326111985
2003-05-22,3.0,11300,9.130573272705078,6.695663928985596,0.9488959312438964,11.113765716552734,8.783419609069824,8.466536964980547,,5.649624877171667,2.820254662
2003-05-23,3.0,13800,7.573069095611572,6.742362022399902,2.092336893081665,5.6843581199646,8.21339225769043,8.59377431906615,,5.811069633838334,2.212615322
2003-05-24,3.0,18500,7.528785705566406,4.419454574584961,3.259742498397827,2.831629753112793,5.42020845413208,4.975097276264592,,8.084406941833333,3.779310197
2003-05-25,3.0,24700,4.532182693481445,3.518084049224853,3.153665065765381,1.386988401412964,3.084508419036865,5.19494163424125,,9.120921714616667,5.181498041999999
2003-05-28,0.0,20100,0.2463293522596359,0.0,0.1702975630760193,0.0936676114797592,0.5219231247901917,0.3468871595330741,,4.605684046088333,1.96291563
2003-05-31,0.0,21500,1.4056512117385864,1.1290032863616943,4.0110273361206055,4.8114519119262695,0.8702589273452759,2.7840466926070047,,8.096097444333333,2.8207763800000003
2003-06-03,0.0,19100,0.0336309522390365,0.0,0.2476643919944763,0.7131415009498596,0.0949663370847702,0.0,,9.148897015,5.539015395
2003-06-10,0.0,23500,3.8881542682647705,1.787015676498413,0.0838847458362579,1.1490691900253296,0.2399917989969253,5.091828793774322,,7.596848112666667,5.215313337
2003-07-04,0.0,12800,0.2836666405200958,0.0974960178136825,0.9310335516929626,0.2309977710247039,0.422306627035141,0.9194552529182876,,5.409392967833334,0.5922552234999999
2003-07-07,0.0,12000,0.2406329214572906,0.0,0.5465764403343201,0.348248153924942,1.8029454946517944,0.0066147859922178,,4.303202043833332,0.8616215625000001
2003-07-11,0.0,12600,0.0057857143692672,2.046658992767334,2.621242856548633e-05,4.280233770259656e-05,0.0387306213378906,2.773346303501945,,2.985079488333333,0.50032065
2003-07-19,0.0,11200,0.0,0.0,0.1061090230941772,0.0021424484439194,0.1110428795218467,0.0,,11.181001435083337,3.94966980525
2003-07-31,0.0,9830,0.0,0.0,0.0,0.0002814829931594,0.0,0.0,,2.434962206711667,0.199901350135
2003-08-10,0.0,9400,3.784514904022217,2.280813694000244,1.5053821802139282,0.1727113723754882,1.248825192451477,8.172762645914398,,2.3733047114000003,0.0083874577
2003-08-16,0.0,7800,0.0620992109179496,0.0,0.148488163948059,0.5399676561355591,1.21946120262146,0.5992217898832686,,3.082851709233333,0.3156232122
2003-08-19,0.0,8220,0.0,0.0,0.0004189616593066,0.0001658000983297,0.0304764732718467,0.0,,8.805039995166666,0.0875701005
2003-08-28,0.0,8610,0.0423531606793403,0.0433575324714183,0.0259154122322797,0.2185841202735901,0.0489383600652217,0.0,,10.872656948333333,3.10455659
2003-09-10,2.0,7240,14.86172866821289,14.513124465942385,10.82476043701172,13.45157241821289,20.06521797180176,8.70486381322957,,7.15700759915,2.884798045
2003-09-11,2.0,7240,19.720170974731445,14.630400657653809,11.983206748962402,13.467116355895996,20.053735733032227,8.273151750972762,,6.509280122833333,2.0954827685
2003-09-12,2.0,7790,19.68220329284668,6.73328161239624,10.67402458190918,11.32056713104248,15.913838386535645,2.3577821011673143,,7.382731912833332,3.3809469184999994
2003-09-18,1.0,7690,19.63294219970703,11.884936332702637,17.338224411010742,8.009580612182617,18.9435977935791,22.408754863813225,,8.4378285955,1.9039685405
2003-09-19,1.0,8430,13.805730819702148,10.30066204071045,14.108253479003906,5.29668664932251,14.492204666137695,20.393385214007772,,11.0156491905,1.0925412255000002
2003-09-21,0.0,8690,1.518088459968567,0.0,0.074338324368,0.040525909513235,0.0591880157589912,0.6865758754863813,,9.209530933883334,0.68879889165
2003-09-24,0.0,7540,0.0185039695352315,0.0,0.4289218783378601,0.0503919869661331,0.081497922539711,0.0,,12.388838386666666,3.52628186
2003-09-29,0.0,7510,0.040515873581171,0.0,0.0,0.0004836030129808,0.0074722128920257,0.3704280155642024,,9.911939415,6.15554954
2003-10-02,0.0,6390,2.579365173005499e-05,0.0,4.2284891144106496e-09,0.0002919298422057,0.0111334770917892,0.0099221789883268,,14.593905883533337,2.1127463736
2003-10-06,1.0,5790,16.59096908569336,21.082050323486328,15.229228019714355,17.561267852783203,19.58854484558105,25.923346303501955,,18.764661541666666,1.982659625
2003-10-07,1.0,6670,26.303529739379883,40.36042785644531,21.217872619628903,27.402502059936523,34.29255676269531,42.86653696498053,,20.584971389666663,6.040990937
2003-10-08,1.0,8290,48.54839324951172,37.28253936767578,38.08935546875,43.4253158569336,49.04026794433594,47.41089494163423,,24.675974388,8.874993987
2003-10-11,1.0,7660,34.393768310546875,48.16740417480469,55.57888412475586,61.44524002075195,67.47673797607422,58.43988326848251,,29.674973615216665,11.70007666
2003-10-12,1.0,8510,60.6544189453125,48.547645568847656,60.638648986816406,63.76972961425781,64.01947784423828,60.43249027237356,,23.344260735216665,5.85560916
2003-10-13,1.0,18400,53.55889892578125,35.55233383178711,58.083621978759766,52.73637008666992,53.81919860839844,53.15272373540858,,20.28083832716667,4.8681827775
2003-10-15,5.0,12100,141.86724853515625,112.39978790283205,55.25809860229492,77.23419189453125,75.97008514404297,86.8951361867705,,4.729682181266667,0.9234695098
2003-10-23,1.0,78800,72.80795288085938,21.183034896850582,25.47328758239746,19.345109939575195,21.54051399230957,22.931906614785987,,30.49532274833333,28.89488395
2003-10-27,3.0,24800,14.41228485107422,33.60408020019531,30.89717102050781,34.50322341918945,31.84398651123047,34.500583657587555,,25.680898394166668,26.429767400000003
2003-10-28,3.0,24100,42.623165130615234,35.71892547607422,34.37065124511719,37.10436630249024,37.39575958251953,39.32568093385215,,44.23306013416666,19.270467385
2003-10-29,3.0,31100,40.582767486572266,26.21445083618164,34.149662017822266,37.03096771240234,35.06789016723633,39.201361867704286,,52.18974637833333,22.822045135000003
2003-11-06,0.0,12700,0.2740535140037536,0.6144601702690125,2.48139087943855e-07,0.0,0.0,0.0011673151750972,,12.968228093333332,7.12313988
2003-11-10,1.0,12700,49.9973258972168,48.86359024047852,38.98018646240234,41.330196380615234,47.82009506225586,63.41673151750978,,16.733689496666667,12.07567019
2003-11-11,1.0,18700,58.203590393066406,44.75992202758789,39.05638885498047,41.32528305053711,48.1536979675293,63.62470817120627,,19.991247756666667,14.16344217
2003-11-16,4.0,16800,73.97158813476562,93.13770294189452,76.50407409667969,77.23672485351562,79.89678955078125,84.6787937743191,,33.11448737333333,25.41533275
2003-11-17,4.0,24300,131.09988403320312,167.7766876220703,149.19943237304688,160.83370971679688,166.02230834960938,181.74922178988325,,35.65253571666666,26.70096465
2003-11-18,4.0,35400,205.66030883789065,162.53538513183594,178.177978515625,197.6646728515625,203.97146606445312,193.9548638132296,,31.137430466666665,28.2579645
2003-11-19,4.0,64500,174.6803741455078,119.61224365234376,143.234619140625,164.1956787109375,176.26055908203125,160.1225680933852,,38.5493153,31.6117595
2003-11-27,0.0,19600,59.97420120239258,78.58790588378906,64.22726440429688,68.13716888427734,66.24592590332031,93.43035019455246,,37.60210798166667,27.06447475
2003-11-28,3.0,20800,92.8609619140625,79.37025451660156,70.44866180419922,77.78904724121094,71.1295166015625,85.24727626459136,,35.0399868045,23.38436
2003-11-29,3.0,33400,82.6182632446289,63.89631652832031,67.8583755493164,76.0300521850586,69.39732360839844,83.9140077821011,,43.01578617116667,28.715119
2003-12-02,1.0,20700,23.103744506835938,22.65017318725586,35.68018341064453,26.317981719970703,31.689208984375,17.82607003891049,,29.813667213616668,29.4304379
2003-12-03,1.0,22300,26.1846866607666,29.624431610107425,32.52962112426758,25.78696632385254,31.60616874694824,25.37392996108948,,39.99656283795,39.38702
2003-12-04,2.0,19400,34.43795394897461,35.24433517456055,54.94667816162109,54.82471466064453,46.55471420288086,33.692217898832666,,34.80359638795,35.41645414999999
2003-12-05,2.0,19900,39.52262878417969,42.54815673828125,56.79761505126953,53.83633041381836,42.21263885498047,51.77062256809333,,29.06948321266667,26.1796614
2003-12-06,2.0,23100,43.63377380371094,36.51255035400391,58.683815002441406,54.267066955566406,44.945796966552734,47.04182879377427,,29.800276765,16.96972075
2003-12-15,2.0,16600,46.52555084228516,37.41010284423828,44.37185287475586,43.80521011352539,66.77511596679688,47.05914396887159,,13.1198187105,6.83617415
2003-12-16,2.0,15400,45.35747909545898,28.538982391357425,43.06715774536133,38.37300491333008,56.141578674316406,34.35214007782101,,15.092300475333332,10.88441945
2003-12-19,1.0,14500,9.147066116333008,9.936236381530762,11.207120895385742,11.477875709533691,16.198400497436523,12.045330739299605,,25.354730109966667,7.243785196749999
2003-12-20,1.0,13700,13.084489822387695,10.189122200012209,17.889806747436523,19.111366271972656,23.626317977905277,12.983852140077811,,21.179412424966667,1.25704474175
2003-12-23,2.0,14300,7.1301774978637695,15.497234344482422,15.078351974487305,14.844278335571287,18.835567474365234,12.671789883268476,,12.815628968333332,8.82849423
2003-12-24,2.0,13700,20.02645301818848,24.35602760314941,33.66503143310547,29.70476531982422,38.51536560058594,17.250778210116735,,21.70568636,20.13781189
2003-12-26,0.0,13200,31.612667083740234,26.33012008666992,32.634986877441406,31.89786148071289,36.07463455200195,23.713813229571997,,57.65845252166667,54.597944
2003-12-28,0.0,12000,27.918901443481445,22.583181381225582,21.29795837402344,28.009546279907227,26.058748245239254,27.915758754863823,,46.513378808333336,47.36169325
2003-12-29,0.0,12900,24.155651092529297,14.583322525024414,12.57099151611328,14.883437156677246,14.877790451049805,10.500972762645922,,37.78637410833333,39.01618825
2004-01-02,0.0,10800,9.855504989624023,7.16005802154541,12.678634643554688,11.417274475097656,14.025348663330078,4.250389105058368,,37.30722389333333,30.938105
2004-01-07,1.0,13500,41.51644515991211,41.15566635131836,61.29847717285156,46.14793395996094,49.95099258422852,58.34883268482491,,12.440892063333331,6.447580439999999
2004-01-08,1.0,17800,51.307762145996094,36.44749450683594,72.35880279541016,47.77426528930664,53.483673095703125,55.68210116731518,,21.86806984616667,14.16999405
2004-01-09,2.0,18600,46.07710266113281,23.591094970703125,67.77676391601562,33.66284942626953,41.77032470703125,33.029961089494165,,23.674634294,12.8153293935
2004-01-10,2.0,18800,24.58219718933105,12.929974555969238,42.803955078125,16.231962203979492,23.44232940673828,16.78657587548638,,26.441022205666663,15.2476279935
2004-01-13,2.0,18600,16.283048629760742,30.052959442138672,21.444660186767575,29.6541748046875,27.718719482421875,21.89824902723734,,31.917284604,14.901115595
2004-01-14,2.0,19900,42.135066986083984,38.23246765136719,44.4422607421875,49.908348083496094,48.25196838378906,34.691828793774306,,37.92508153266667,13.857492381
2004-01-15,2.0,27900,52.38042449951172,32.42123031616211,38.37435531616211,46.42693710327149,40.42132186889648,30.099999999999987,,32.66571231033333,4.458618181
2004-01-28,2.0,18200,65.80255126953125,66.05960083007812,78.59538269042969,59.51202774047852,82.01298522949219,97.19377431906614,,19.3785126412,10.2611728645
2004-01-29,2.0,23000,86.99765014648438,73.64750671386719,116.390380859375,98.9706573486328,127.3734130859375,131.02684824902724,,17.219195957866667,13.0958105145
2004-01-30,2.0,34400,95.564453125,67.01150512695312,85.1260986328125,85.27098083496094,105.50949096679688,106.59338521400778,,18.47559933886667,16.1943630075
2004-02-02,0.0,22000,17.23923683166504,12.043601989746094,5.880768775939941,10.28705883026123,15.250775337219238,8.85408560311284,,18.518375089733333,16.4935886
2004-02-10,0.0,16200,0.5264859795570374,0.0,0.0134464064612984,0.0002831388264894,0.1232589408755302,0.0,,7.386824216666666,4.53004455
2004-02-16,1.0,15700,28.363815307617188,25.364532470703125,27.17635726928711,25.63338279724121,15.539995193481444,28.60739299610895,,14.480818303666666,2.833937355
2004-02-28,0.0,12200,8.627263069152832,4.80895471572876,6.848648071289063,7.836199760437012,9.326452255249023,8.851167315175106,,37.45724943166667,33.7134243
2004-02-29,0.0,11600,6.051177024841309,2.4117751121521,4.474488735198975,4.993549346923828,4.828552722930908,4.7322957198443625,,37.156651347,37.2173383
2004-03-03,0.0,12100,20.562158584594727,25.14315414428711,20.05222511291504,24.899738311767575,28.044946670532227,34.01809338521401,,23.68360930733333,18.65251825
2004-03-04,0.0,10300,33.24656677246094,40.78522109985352,46.278411865234375,45.0146369934082,48.98118591308594,59.30019455252919,,30.330711304,27.60733705
2004-03-07,2.0,10400,63.44562149047852,40.96774673461914,52.53338241577149,38.47263717651367,50.070011138916016,49.2081712062257,,36.175253177833326,13.6650419
2004-03-08,2.0,12800,44.38005065917969,34.55673599243164,49.6216926574707,33.00821685791016,47.27545166015625,48.59766536964983,,34.17622956116667,20.7682546
2004-03-19,0.0,13000,30.05335807800293,26.017377853393555,60.9371223449707,21.33244514465332,35.17935562133789,23.75933852140079,,21.645848092833337,12.32998635
2004-03-21,0.0,12000,4.312923908233643,3.053826332092285,0.568789005279541,0.3454830646514892,0.2708366215229034,0.0058365758754863,,24.786189756666676,23.323788
2004-03-28,0.0,14700,24.282001495361328,10.164590835571287,13.0641450881958,18.688936233520508,11.287455558776855,12.491634241245126,,47.66221612833333,41.739719
2004-03-29,0.0,13800,12.609776496887209,4.438067436218262,8.355170249938965,6.174452304840088,9.650504112243652,6.21381322957198,,49.370403933333336,36.236065
2004-04-13,0.0,17300,4.836363792419434,11.386032104492188,4.235933780670166,5.985543727874756,5.968804359436035,11.719066147859923,,16.583437553499998,12.12557275
2004-04-18,0.0,11400,5.670485496520996,6.127473831176758,3.865458488464356,4.154800415039063,4.379429340362549,4.583657587548638,,7.725642533799999,5.13159038
2004-04-21,0.0,13000,8.049613952636719,4.0613532066345215,7.363705635070801,8.916532516479492,8.87784194946289,8.682879377431913,,6.289506255500001,1.031204345
2004-04-25,0.0,12800,4.861980438232422,0.0,1.373292088508606,0.0695059224963188,0.2596462368965149,0.0356031128404669,,20.477648804,14.30327475
2004-04-28,0.0,16100,5.7649245262146,6.701282024383545,13.102256774902344,9.733144760131836,8.714086532592773,6.736186770428011,,13.179379960616666,10.048333154999998
2004-05-01,0.0,13200,0.0175793636590242,0.0517181977629661,0.1645540297031402,0.4857941269874573,1.1894224882125854,0.0,,16.675792443666666,7.206917335
2004-05-03,0.0,16600,1.876996159553528,11.602968215942385,5.355118751525879,3.12528133392334,6.334407329559326,8.908949416342416,,15.240281928333337,13.011784885
2004-05-06,0.0,14000,11.350648880004885,5.166810989379883,4.475581169128418,4.940281867980957,6.022916316986084,6.895525291828792,,4.5540342175,2.70753106
2004-05-09,0.0,13200,7.151547431945801,6.351968288421631,3.6781721115112314,10.130438804626465,9.592818260192873,7.343774319066145,,8.988977850000001,4.142531535
2004-05-16,0.0,11600,1.8866069316864011,3.904551506042481,2.1153268814086914,5.418928623199463,7.390630722045898,4.995136186770427,,3.507261305166667,1.1574226
2004-05-22,0.0,15500,15.804828643798828,16.28682518005371,22.047706604003903,37.70125198364258,37.15377807617188,21.365758754863823,,17.126299564166665,7.3381773
2004-05-25,2.0,13100,10.498796463012695,20.611873626708984,22.02888298034668,16.013303756713867,21.433143615722656,28.03385214007784,,24.679048495816662,20.7012701
2004-05-26,2.0,13700,23.30492782592773,30.94282913208008,36.65294647216797,32.518516540527344,30.01974868774414,52.45856031128405,,21.586825807483336,17.1171291
2004-06-09,0.0,18200,13.004247665405272,15.652372360229492,4.069361686706543,8.24050235748291,5.490024566650391,15.455058365758765,,7.014800280949999,2.3277848119999995
2004-06-15,0.0,18300,13.235281944274902,5.2502851486206055,4.660641670227051,3.348994731903076,4.601180076599121,4.2441634241245145,,9.104355939916664,3.1536902707500003
2004-06-26,0.0,25600,0.8040475845336914,0.0002450041065458,2.2200841903686523,0.08946493268013,0.2403391450643539,4.2398832684824885,,3.7436660073333337,0.5644923279999999
2004-06-27,0.0,22700,0.2378451973199844,0.0002450041065458,1.5419209003448486,0.0908094570040702,0.2283251881599426,3.632684824902722,,2.9137671585,1.1892452530000002
2004-07-05,1.0,13700,0.4118292927742004,5.792531490325928,1.7105604410171509,2.191017866134644,3.3143198490142822,6.394163424124511,,1.2020121042166667,0.29586849265
2004-07-06,1.0,14600,7.628127574920654,9.9070405960083,3.920910596847534,4.258397102355957,5.2120442390441895,9.262840466926068,,1.2956230613333333,0.187008564
2004-07-18,1.0,13700,1.9043965339660645,1.6486157178878784,5.530488014221191,1.525665521621704,12.212786674499512,3.9784046692606982,,0.2264767043333333,0.0
2004-07-19,1.0,13700,2.401811122894287,1.7757644653320312,6.632314205169678,2.231745958328247,14.569307327270508,4.014202334630348,,0.2184133311666666,0.0
2004-07-21,0.0,12400,0.5327142477035522,0.1271487474441528,1.1592427492141724,0.7733550667762756,2.403627157211304,0.0363813229571984,,1.75813028,0.11466734
2004-07-29,0.0,11100,0.0,0.0,0.0008114472148008,0.0211128909140825,0.0584694966673851,0.0,,2.1359259701,0.0034748323
2004-08-03,0.0,9550,0.8464146256446838,3.085266590118408,0.6584291458129883,0.6285384297370911,3.5292344093322754,2.795136186770429,,0.6573394376666667,0.1261423185
2004-08-06,1.0,9340,19.32895278930664,18.56840705871582,11.297500610351562,21.25033950805664,20.545543670654297,26.776459143968875,,1.4241888045333335,0.3139554485999999
2004-08-11,0.0,11600,0.0077400798909366,0.0,5.605810292763636e-05,8.702428021933883e-05,0.00031327229226,0.0,,0.4678766438,0.0052116689
2004-08-19,0.0,9760,0.3934782147407532,0.4307788014411926,0.0081558190286159,1.9039734601974487,0.0289342440664768,0.0017509727626459,,4.730407863333333,0.0
2004-08-21,1.0,9750,29.57074737548828,32.27332305908203,23.76663589477539,44.47663497924805,35.00672149658203,30.556614785992224,,1.3868934671333333,0.0
2004-08-22,1.0,11000,40.78483581542969,39.19597625732422,27.97743034362793,46.19225692749024,50.46674346923828,31.649221789883278,,0.4927386206833333,0.00233135065
2004-08-24,1.0,9680,61.99713897705078,73.64421081542969,71.67362976074219,63.38685607910156,92.64659118652344,77.00972762645915,,2.1756510345500004,0.02345378365
2004-08-25,1.0,21500,86.68701171875,77.51803588867188,74.19273376464844,71.91419982910156,90.03353881835938,82.94669260700388,,5.236710125166667,0.8873772755
2004-08-26,1.0,29200,83.88198852539062,43.35752487182617,44.67343521118164,53.9976692199707,54.72111892700195,47.19630350194555,,5.847193367333334,1.072653755
2004-08-28,1.0,12600,12.241236686706545,8.838608741760254,0.59688800573349,3.086428642272949,3.049798011779785,9.215369649805446,,9.326755739833336,0.2520850075
2004-08-29,1.0,12900,9.738004684448242,7.135135650634766,0.3477018177509308,1.59430992603302,1.805351972579956,8.515175097276261,,9.57372647,0.584705795
2004-08-30,1.0,11500,8.02545166015625,6.643392562866211,0.0469745174050331,0.11361064016819,0.6368227601051331,2.6042801556420225,,13.005034151666669,3.1367303950000003
2004-09-01,0.0,12300,26.53902816772461,35.77299499511719,12.612910270690918,21.522724151611328,19.95287322998047,17.42918287937743,,19.410086255,8.222804225
2004-09-02,0.0,15400,31.767683029174805,31.373598098754883,18.050046920776367,27.153305053710938,22.200912475585938,17.409143968871593,,14.724662345016666,6.392418665
2004-09-03,0.0,16000,29.93399429321289,11.931215286254885,18.100833892822266,20.97819328308105,18.19175910949707,7.226459143968867,,14.031897346683332,6.85206639
2004-09-08,0.0,11400,10.306312561035156,18.69223022460937,4.881326198577881,6.796577453613281,10.033470153808594,19.00233463035018,,5.052971259233333,0.1119019464999999
2004-09-10,3.0,13500,56.064231872558594,57.5850830078125,28.44010353088379,47.55709457397461,59.93262481689453,50.68852140077821,,5.986857969166667,0.0806651345
2004-09-11,3.0,21000,59.17865753173828,51.764923095703125,26.355648040771484,41.8990364074707,53.80152130126953,45.007587548638135,,2.859857949666667,0.0395861425
2004-09-16,0.0,27500,62.125282287597656,51.03033447265625,34.86344146728516,49.08112716674805,51.70735549926758,77.98618677042802,,11.127564943066666,0.999218608
2004-10-05,1.0,9500,5.496715068817139,12.040087699890137,10.94675350189209,11.246783256530762,21.66595268249512,8.739688715953307,,17.91626453583333,2.49819423
2004-10-06,1.0,8770,9.53947639465332,17.93414306640625,11.778763771057127,11.252504348754885,21.69047164916992,9.64455252918288,,19.65890360383333,6.6726728275
2004-10-07,3.0,8980,12.53328800201416,38.59885787963867,39.6723518371582,21.704078674316406,55.53071594238281,32.961284046692576,,20.41755190583333,7.278989727499999
2004-10-08,3.0,8710,40.32208251953125,42.47631454467773,40.07984161376953,26.795907974243164,49.69816970825195,45.31011673151749,,22.810718901166663,8.3885278775
2004-10-09,3.0,12100,48.08662414550781,37.4721565246582,44.017425537109375,32.39756774902344,52.73582458496094,46.02976653696496,,22.128169147,5.090552225000001
2004-10-11,1.0,11200,12.363654136657717,1.0431586503982544,5.009117126464844,5.6683197021484375,3.632669448852539,1.6245136186770472,,22.136196208416663,1.19987570025
2004-10-12,1.0,9910,0.5553570985794067,0.0038470339495688,0.2395260632038116,0.0609500408172607,0.5738106369972229,0.0,,20.71917125008333,0.6351162452499999
2004-10-13,1.0,9070,0.0770277753472328,0.0,0.0259548723697662,0.0602617785334587,0.6070975661277771,0.0,,21.165093559916667,1.73600768675
2004-10-15,1.0,8480,8.837921142578125,19.4742488861084,19.51578140258789,15.728645324707031,14.917364120483398,15.50116731517508,,17.844983337666665,10.01189018
2004-10-16,1.0,10700,22.07693099975586,34.78721237182617,33.756431579589844,27.572021484375,28.113927841186523,33.92412451361865,,23.31738293333333,15.6262126
2004-10-26,0.0,12500,2.5389864444732666,0.5199538469314575,3.1097631454467773,0.0684912726283073,0.9589056968688964,0.1342412451361867,,33.09685917083333,15.084645095
2004-10-28,0.0,9340,4.9794697761535645,14.631447792053224,1.557922124862671,1.133788824081421,0.7076627612113953,7.036964980544745,,9.568577696,5.55782277
2004-10-29,1.0,10700,20.98877716064453,29.18100357055664,32.46340560913086,24.022777557373047,33.03569412231445,36.79533073929964,,9.828789404333332,2.94715222
2004-10-30,1.0,11600,40.64241027832031,32.75348281860352,41.751834869384766,29.062278747558597,39.65167999267578,43.32548638132298,,20.160903772666664,16.53443965
2004-11-01,2.0,15700,81.55296325683594,73.39286041259766,65.00989532470703,74.632080078125,74.58306121826172,99.45583657587552,,35.365975821666666,25.970844300000003
2004-11-02,2.0,30900,84.78164672851562,65.5147705078125,55.94535446166992,70.34635925292969,68.81268310546875,93.66926070038912,,33.80881264666667,23.4970218
2004-11-05,3.0,21800,3.5423972606658936,19.07633209228516,19.581701278686523,9.855475425720217,13.524739265441896,16.87042801556419,,25.425489149333337,22.7196783
2004-11-06,3.0,19800,18.441211700439453,21.52439308166504,39.22138214111328,14.655006408691406,18.33570098876953,22.079571984435784,,28.186244945333332,24.7485903
2004-11-07,3.0,22700,22.15610122680664,16.095407485961914,41.29025268554688,14.655077934265137,18.33960723876953,22.033657587548625,,41.62024146666667,32.0898933
2004-11-08,3.0,23700,19.110923767089844,2.606151342391968,21.82220458984375,4.80026388168335,4.8618245124816895,5.289688715953303,,44.655971945000005,37.560216800000006
2004-11-14,3.0,16400,13.302727699279783,25.141590118408203,34.23350143432617,18.02571678161621,26.111366271972656,28.03210116731519,,53.720570724,52.81245
2004-11-15,3.0,17000,27.802181243896484,27.728151321411133,38.83367156982422,18.52185821533203,29.52010726928711,33.46536964980547,,62.567430801666674,49.3678365
2004-11-23,2.0,15500,36.320682525634766,89.73635864257812,56.95913696289063,66.267578125,88.91641998291016,94.96167315175092,,14.46224909676667,3.557684545
2004-11-24,2.0,23600,115.30762481689452,91.8135986328125,75.67961883544922,87.60044860839844,99.65617370605467,105.99844357976647,,33.67761907926667,13.341466905
2004-11-25,2.0,51100,117.19937133789062,76.64662170410156,78.29550170898438,87.35287475585938,102.76007843017578,99.35233463035011,,48.21617102426667,25.81967045
2004-11-30,0.0,18800,14.778802871704102,16.568445205688477,5.843859672546387,4.709836006164551,17.0596923828125,14.86595330739299,,28.52388871183333,8.089427575
2004-12-03,1.0,16300,11.557899475097656,25.269874572753903,26.83255386352539,21.84156990051269,41.90802001953125,19.335019455252908,,33.38650759183333,14.140691565
2004-12-04,1.0,17300,30.35598373413086,29.70271873474121,31.69286346435547,33.82868957519531,50.08994674682617,32.03093385214006,,34.52522044566666,17.688172915
2004-12-09,3.0,19500,85.27458190917969,119.6165008544922,119.59032440185548,124.29569244384766,86.51873779296875,142.71108949416333,,20.38019693333333,15.700297980000002
2004-12-10,3.0,29400,143.85301208496094,102.8239288330078,108.57515716552734,116.24188995361328,80.88292694091797,121.82587548638122,,28.775364723333333,25.1271252
2004-12-11,3.0,66800,121.26734161376952,73.09019470214844,97.68831634521484,106.58667755126952,67.2322998046875,102.03210116731508,,24.23124636416667,21.9082416
2004-12-12,0.0,52700,87.27822875976562,18.645137786865234,32.20575714111328,36.40473937988281,35.22111511230469,29.29435797665369,,16.865774264166667,13.55818882
2004-12-13,2.0,30800,25.28495407104492,31.74256134033203,36.18402862548828,43.59996032714844,40.90363311767578,34.48210116731517,,8.294110097499999,5.86214952
2004-12-14,2.0,29700,45.75250244140625,32.10081100463867,46.30942535400391,49.864479064941406,48.6295280456543,36.48482490272372,,16.341541995,11.83357627
2004-12-22,0.0,20000,5.104854583740234,3.170779228210449,4.3337812423706055,5.583698749542236,6.700459003448486,5.419844357976652,,35.07202830833333,26.2619921
2004-12-26,0.0,20600,23.48748779296875,20.28546905517578,34.38288116455078,22.229223251342773,21.902137756347656,28.16848249027237,,27.55032956566667,13.96379645
2004-12-29,0.0,18100,7.381619453430176,11.970244407653809,3.653711318969727,11.674764633178713,9.791139602661133,12.053307392996114,,20.352571766566665,13.42146734
2005-01-06,0.0,14400,5.145289421081543,12.704071998596191,6.189712524414063,11.884028434753418,7.801149368286133,17.972373540856026,,23.79418601033333,20.72322185
2005-01-09,0.0,12900,11.276748657226562,1.714425802230835,8.558934211730957,10.771015167236328,3.657430648803711,8.68385214007782,,39.78162690666667,20.2525697
2005-01-11,0.0,13800,9.531499862670898,14.999253273010254,18.84432983398437,12.578471183776855,13.392984390258787,20.55428015564203,,44.66115357333334,31.7972969
2005-01-13,0.0,12200,18.175079345703125,7.45789623260498,19.007789611816406,12.706926345825195,13.26089859008789,17.125486381322958,,27.488576796666667,16.05272352
2005-01-14,0.0,11700,14.249655723571776,13.199289321899414,0.7337301969528198,0.4752631485462188,1.1379508972167969,5.5885214007782125,,21.92382761383333,7.877344620000001
2005-01-17,4.0,16400,185.70611572265625,140.88552856445312,160.73745727539062,134.74107360839844,146.38308715820312,145.2441634241246,,29.757045756333333,21.82576656
2005-01-22,3.0,38600,68.54264068603516,35.8698616027832,51.15866088867188,40.44174575805664,34.11750411987305,40.27276264591438,,24.947164545166668,19.641437642
2005-01-23,3.0,41400,36.79198455810547,29.62969207763672,64.17648315429688,38.57648086547852,34.62009048461914,40.817315175097264,,27.186497083333336,20.298572892
2005-01-24,3.0,34100,33.0997200012207,4.397697925567627,60.268402099609375,12.634602546691896,17.681447982788086,6.038326848249027,,22.804818866166663,16.9224607405
2005-02-04,0.0,18400,30.344602584838867,31.9169921875,57.87734222412109,29.39790344238281,24.59624481201172,33.85661478599219,,44.14576946233333,32.8681124
2005-02-14,0.0,13200,18.11137008666992,10.175487518310549,16.586448669433594,15.499217987060549,20.055370330810547,11.241050583657586,,8.165725886783333,1.968016972
2005-02-15,0.0,12600,9.57738971710205,2.244576930999756,7.889019012451172,8.737957000732422,7.855192184448242,3.256614785992218,,10.059273716833331,3.812700687
2005-03-16,0.0,7030,22.511302947998047,22.407936096191406,11.926259994506836,24.01799964904785,11.98678207397461,27.61011673151748,,32.101570565,30.8386987
2005-03-19,1.0,7050,25.544713973999023,37.9553337097168,38.42668914794922,43.45843505859375,26.51649475097656,45.290856031128406,,13.471814451666669,12.283890815
2005-03-20,1.0,9440,40.70208358764648,39.0693473815918,46.71574783325195,54.849735260009766,35.84599304199219,44.69182879377432,,16.00381133333333,14.62427735
2005-03-26,1.0,8000,51.546722412109375,65.8924331665039,79.19718933105469,65.16293334960938,68.71969604492188,73.47470817120622,,32.565128935000004,28.3880004
2005-03-31,2.0,13600,50.53403472900391,51.13126754760742,44.73440170288086,40.84437942504883,46.231441497802734,47.950778210116766,,9.013644777366666,1.901379705
2005-04-01,2.0,16500,56.05733871459961,45.15118408203125,46.39068603515625,42.22320175170898,49.910980224609375,39.861089494163465,,7.5052559982,1.4869834750000002
2005-04-05,1.0,14700,13.37762451171875,5.973726272583008,19.699148178100582,7.575440406799316,14.218650817871094,5.502918287937742,,10.1907961795,2.3771384
2005-04-06,1.0,13800,4.911032199859619,16.58669662475586,22.392498016357425,7.664148330688477,14.528047561645508,13.151361867704278,,12.964346020333334,5.79866291
2005-04-15,2.0,13000,27.960712432861328,40.939674377441406,67.84303283691406,57.46316146850586,58.532012939453125,51.584046692607,,9.844678190833331,4.370513949999999
2005-04-16,2.0,17500,47.291725158691406,38.4954948425293,65.49781036376953,55.3604736328125,63.45122528076172,50.96108949416342,,13.824702415,9.08609355
2005-04-28,0.0,19600,0.0837400704622268,0.0960974395275116,1.4621915817260742,2.6038978099823,0.0849465951323509,1.1155642023346304,,11.906549775166669,6.528560112
2005-04-29,0.0,17700,0.6357796788215637,0.1413070559501648,3.8012099266052246,4.971527099609375,0.4505632519721985,1.43171206225681,,9.504754476666667,6.55519915
2005-05-03,0.0,14800,3.283771514892578,3.7064056396484375,4.3443779945373535,9.47060775756836,1.4511797428131104,3.422762645914396,,8.571629933166667,7.9777548
2005-05-06,0.0,14100,2.156364679336548,0.2485249042510986,1.4208576679229736,3.0853753089904785,0.976068675518036,0.990272373540856,,11.7688395465,6.8859273
2005-05-07,0.0,13100,0.2693809270858764,3.670588493347168,0.7569440603256226,1.7814613580703735,1.6088935136795044,1.3719844357976665,,8.349924599116667,4.61293377235
2005-05-17,1.0,17900,26.572364807128903,22.022846221923828,26.053890228271484,24.158836364746094,20.543235778808597,26.880544747081707,,7.733972199999998,5.17279225
2005-05-18,1.0,15900,24.5625057220459,25.57289123535156,36.602840423583984,41.61392974853516,34.636077880859375,33.219066147859905,,7.286704696666666,3.4635274
2005-05-22,0.0,15400,21.405502319335938,11.72024154663086,19.6707706451416,27.10109519958496,26.96047782897949,14.78112840466926,,2.728997472666667,0.906934525
2005-05-26,0.0,12400,0.1406309604644775,0.0,0.0250405352562665,0.0251066721975803,0.0372469946742057,0.0019455252918287,,5.252285839833333,2.2146948825
2005-05-28,0.0,13300,0.3246924579143524,0.1317837834358215,0.0001743710599839,0.6339528560638428,0.2915720045566559,0.7739299610894953,,7.578180926666667,2.718771178
2005-05-30,0.0,16100,1.6518455743789673,13.685992240905762,1.533622145652771,3.857589483261109,5.345334529876709,9.845719844357983,,5.1320805672,2.783330423
2005-06-14,0.0,12400,7.66266393661499,4.873319625854492,9.075523376464844,9.589862823486328,7.403070449829102,3.5651750972762666,,4.153093147366667,0.2349488787499999
2005-06-15,0.0,11400,4.213892459869385,6.730359077453613,1.843695282936096,2.3773581981658936,1.1213029623031616,2.294747081712062,,4.591787447533333,2.85719395875
2005-06-19,0.0,11100,7.722060680389404,2.871855497360229,2.6472339630126958,3.240158796310425,2.5302839279174805,3.39941634241245,,4.383322706483334,1.4935168145000002
2005-06-20,0.0,11600,1.83085036277771,5.656328201293945,0.6771310567855835,0.0896077826619148,1.252145528793335,4.955447470817118,,4.0421733948166665,1.0913931205
2005-06-23,0.0,12100,9.520216941833496,6.353437423706055,10.021995544433594,12.27343463897705,9.198801040649414,6.419649805447468,,4.1399548569333335,1.114022186
2005-07-05,2.0,10500,9.258349418640137,18.036540985107425,19.05520820617676,15.24192714691162,20.104476928710938,14.12120622568094,,3.454842034216667,0.82491240015
2005-07-06,2.0,11900,15.553688049316406,25.270000457763672,19.173131942749023,15.38573169708252,20.43353843688965,14.239688715953312,,4.992626664216667,1.10793644265
2005-07-07,1.0,13300,17.994962692260742,41.00514221191406,23.17826271057129,33.33122253417969,37.80464172363281,40.551945525291856,,4.83876242355,1.82867442065
2005-07-08,1.0,12000,34.1394157409668,32.152137756347656,6.209629058837891,26.90462684631348,25.32692527770996,31.90525291828796,,5.069076431666667,1.119070103
2005-07-18,0.0,10400,3.0007588863372803,0.0,0.001059349393472,0.0010048766853287,0.0038931709714233,0.2270428015564201,,0.4149002725,0.0
2005-07-23,0.0,9360,5.71674394607544,6.197346210479736,0.2651150524616241,1.7688534259796145,0.908492386341095,4.914980544747079,,1.625652455266667,0.0033854458
2005-07-25,0.0,7870,0.0133670633658766,0.0,8.971295028459281e-05,4.796214125235565e-05,0.002754678716883,0.0,,2.579446003233333,0.5059316897
2005-07-26,0.0,7590,0.0267341267317533,0.0,8.316860476043075e-05,4.184636054560542e-05,0.0018877302063629,0.0,,2.8124111283333333,0.504198265
2005-07-30,2.0,7890,0.0964940413832664,0.1502532064914703,5.086643550811232e-09,1.4753159121028148e-06,0.0066422442905604,0.0033073929961089,,1.5837803893599998,0.8696399850000001
2005-07-31,2.0,9390,0.0767063573002815,0.2694092988967895,1.2053695917129517,2.152662515640259,5.147290229797363,0.2439688715953307,,2.212017273193333,0.8869851605000001
2005-08-01,2.0,9970,0.5896884799003601,0.2694092988967895,1.2253320217132568,2.153777599334717,5.207529544830322,0.2488326848249027,,2.9340440325,0.1795208275
2005-08-12,0.0,7900,0.3154186904430389,0.0,0.1539463698863983,0.6167551875114441,0.1408667862415313,1.1603112840466925,,0.9235062386666668,0.0
2005-08-16,0.0,7710,8.567947387695312,14.686590194702148,3.7644550800323486,6.671592712402344,6.712869644165039,18.62704280155641,,1.879932938833333,0.0621068615
2005-08-17,1.0,7680,17.933216094970703,14.703475952148438,3.797997951507568,6.6916375160217285,7.23878288269043,18.644941634241235,,6.315111086666667,1.498650895
2005-08-19,0.0,8180,9.50928020477295,0.0168860331177711,0.0391297861933708,0.0201265774667263,0.5339503884315491,0.0178988326848249,,5.932060235333333,2.1519991170000003
2005-08-25,0.0,7010,0.5139840841293335,0.0,0.0093649374321103,0.0012558357557281,0.0139364125207066,0.0,,6.106309557666667,0.191623854
2005-08-27,1.0,6710,0.1632261723279953,4.828094005584717,0.0127995060756802,0.0011404063552618,1.027477502822876,3.676459143968872,,2.2905039895,0.1501731355
2005-08-28,1.0,5480,4.636477470397949,11.02643585205078,1.8029242753982544,6.5252180099487305,8.66869831085205,10.869649805447477,,1.2850787041666667,0.1318588645
2005-09-04,0.0,6490,2.9222450256347656,3.2830681800842285,0.5030083656311035,2.085512638092041,0.7233729362487793,2.6986381322957214,,1.3058252751666666,0.0321022935
2005-09-07,0.0,8300,0.0458829328417778,2.781155586242676,5.436323590402026e-06,0.0001212208371725,0.0096869999542832,0.0,,0.5654736933333333,0.0
2005-09-09,0.0,9680,12.989679336547852,17.41219139099121,9.21080493927002,12.36832332611084,11.3989839553833,12.62879377431907,,4.439433332,2.6795620550000003
2005-09-15,0.0,7770,0.7727820873260498,7.47389554977417,2.476913452148437,2.1652462482452397,4.423565864562988,3.195330739299608,,10.384942573083334,2.835086545
2005-09-20,0.0,5820,0.0542916655540466,0.3930251598358154,0.3620730340480804,0.3708750903606415,1.320098876953125,0.0,,17.223224073333334,9.31749617
2005-09-23,0.0,5640,0.0849424451589584,0.0,0.0366513542830944,0.000141303622513,0.0090303905308246,0.0,,12.876275723333334,2.80845582
2005-09-28,4.0,5460,10.82142734527588,73.51353454589844,35.93244552612305,56.71200942993164,66.65760803222656,93.16439688715953,,18.489966286426668,5.7218363
2005-09-29,4.0,5750,87.36945343017578,81.22666931152344,49.599063873291016,64.56140899658203,83.89012145996094,103.78832684824904,,11.557460555203331,3.9830724
2005-09-30,4.0,17500,91.8810577392578,76.21868133544922,51.3332633972168,72.63611602783203,95.30804443359376,112.9001945525292,,13.22960054587,6.0095312
2005-10-09,1.0,8900,7.954748153686523,8.373466491699219,7.222492218017578,6.111885070800781,5.820650100708008,8.030739299610893,,18.61325847171667,7.66247219715
2005-10-10,1.0,7900,10.118318557739258,8.293414115905762,11.377431869506836,6.737944602966309,10.014307022094728,6.339105058365757,,34.83944918433333,17.649788985
2005-10-12,1.0,8450,22.1875,12.517762184143066,15.66779899597168,14.349464416503906,36.93472671508789,12.408560311284049,,31.4387544895,18.34511715
2005-10-13,1.0,8310,16.078126907348633,14.535385131835938,11.6063232421875,13.821624755859377,34.458614349365234,14.75953307392996,,18.196622156166665,11.87782885
2005-10-14,3.0,8950,19.545392990112305,9.779041290283203,15.958938598632812,19.36222267150879,41.31829071044922,16.054669260700393,,13.166879522833332,7.91492132
2005-10-15,3.0,8390,12.68103313446045,24.57171630859375,7.673009872436523,20.11113166809082,26.167356491088867,22.70525291828794,,9.890805419166666,6.1429143875
2005-10-16,3.0,8780,33.71714782714844,39.7076416015625,20.919353485107425,40.04668426513672,50.33626937866211,43.90700389105059,,6.242261726833333,2.6554514605
2005-10-17,3.0,15600,52.22228240966797,41.63725662231445,23.44427490234375,37.598106384277344,47.39370727539063,36.534241245136194,,8.622469724166667,1.2734349705
2005-10-18,3.0,20700,50.236576080322266,38.34889221191406,36.17621612548828,43.7952995300293,47.04126739501953,45.61225680933852,,9.476996875,2.229733673
2005-10-25,1.0,12600,16.282062530517578,10.651058197021484,9.52045440673828,11.470992088317873,12.012977600097656,11.52412451361868,,36.013326876,17.25869565
2005-10-26,1.0,12300,11.050253868103027,15.449584007263184,9.0017671585083,9.590826988220217,11.559765815734863,11.619844357976657,,35.891745426,16.7969495
2005-10-30,3.0,14200,51.51599884033203,48.114707946777344,48.66938018798828,48.298866271972656,56.011356353759766,57.643579766536966,,34.481004880533334,24.527313745
2005-10-31,3.0,17300,65.1123275756836,56.11066436767578,37.74407958984375,55.139530181884766,55.72238159179688,76.2663424124514,,21.6050289922,16.700464744999998
2005-11-01,3.0,21500,71.99976348876953,46.82311248779297,37.42139434814453,58.63908004760742,57.81074523925781,77.7107003891051,,18.0405483422,10.912231245
2005-11-05,0.0,21200,66.70002746582031,43.21588516235352,69.52340698242188,69.57008361816406,68.98942565917969,60.12159533073932,,19.82281564133333,12.83666971
2005-11-09,2.0,17600,21.2344913482666,27.06857681274414,17.48621368408203,17.495805740356445,21.127588272094727,24.821400778210112,,32.45431765916666,24.491688775
2005-11-10,2.0,18600,29.35328865051269,38.84465026855469,25.41242790222168,28.175691604614254,35.92403793334961,32.69494163424126,,44.85284991166667,28.57887065
2005-11-15,0.0,17900,23.732101440429688,6.268527507781982,12.896677017211914,11.25285530090332,19.12258529663086,8.144941634241242,,39.24170869933334,30.6824894
2005-11-16,0.0,16000,5.635995864868164,5.488563537597656,10.926515579223633,7.792852401733398,16.006423950195312,5.903696498054472,,50.47511918333333,40.29843675
2005-11-24,1.0,16100,3.797706365585327,18.751785278320312,8.951144218444824,17.273983001708984,20.9821891784668,24.19630350194551,,12.096222873683336,6.64212845605
2005-11-30,0.0,12600,20.724628448486328,17.139881134033203,26.4582633972168,20.300392150878903,19.686426162719727,26.72645914396889,,34.331106789,23.71230525
2005-12-11,0.0,10100,0.0409384779632091,0.8016552329063416,0.0013535550097003,0.0047426321543753,0.9492327570915222,0.876070038910507,,18.179626411833333,13.077324215
2005-12-12,0.0,10600,1.150948405265808,0.8016552329063416,0.4316805601119995,0.2844041287899017,2.105443239212036,0.943968871595332,,19.920127851833332,12.722649365
2005-12-16,0.0,11600,0.1178869009017944,0.0,5.643814438371919e-05,0.0,0.0,0.0,,20.312669881666668,6.578310849999999
2005-12-20,4.0,10100,40.38018798828125,49.312599182128906,65.5514907836914,38.89759826660156,54.13585662841797,49.761284046692616,,37.272087291666665,27.87445735
2005-12-21,4.0,16400,63.28375244140625,71.37785339355469,106.0631866455078,80.00730895996094,86.9361572265625,81.3624513618677,,39.85528313333333,34.07396875
2005-12-22,4.0,23100,91.01276397705078,73.49089813232422,80.14302062988281,88.39193725585938,67.93475341796875,79.58132295719844,,39.39547161666666,32.8627175
2005-12-23,4.0,28700,92.3759765625,82.94488525390625,129.63758850097656,127.37875366210938,113.25275421142578,97.86595330739294,,40.73212348333333,32.51857375
2005-12-24,3.0,31000,99.76519775390624,69.73833465576172,122.2528305053711,108.5835418701172,99.2087860107422,91.00642023346296,,52.49413055,44.70097475
2005-12-25,3.0,43900,83.69053649902344,58.33221054077149,121.3385238647461,102.45319366455078,106.7554168701172,80.0791828793774,,53.53453088333333,52.351977
2005-12-27,1.0,31700,55.99332427978516,48.55751800537109,61.894508361816406,61.26318359375,76.86244201660156,54.77470817120623,,39.5747375145,35.10101195
2005-12-28,1.0,27600,58.21699905395508,44.3945541381836,62.296417236328125,51.49237060546875,65.83248901367188,45.97879377431905,,31.4131052645,27.2348417
2006-01-04,2.0,17700,28.756746292114254,51.45341491699219,36.000770568847656,38.34604644775391,53.08486557006836,51.292996108949374,,17.81367796583333,17.1477545
2006-01-05,2.0,18900,62.259063720703125,63.66984558105469,71.405517578125,55.950233459472656,76.08890533447266,63.30330739299603,,12.41236631,10.7425543825
2006-01-06,1.0,31000,71.99501037597656,69.98481750488281,71.15940856933594,64.18826293945312,74.06136322021484,80.74999999999993,,10.914018303616666,7.78478861335
2006-01-08,0.0,33300,56.88851165771485,72.64012145996094,66.32872009277344,74.77265167236328,68.56071472167969,83.02023346303501,,14.110733287054998,3.40112909585
2006-01-12,1.0,49300,109.27440643310548,66.10824584960938,104.17138671875,108.697021484375,122.3341064453125,100.03579766536969,,38.3615553425,12.8261364775
2006-01-13,1.0,39900,83.75700378417969,48.7099838256836,70.0970458984375,76.23468780517578,92.84017944335938,68.7571984435798,,28.0581352425,16.644159577499998
2006-01-16,1.0,27200,52.26974487304688,52.18022155761719,53.10708618164063,55.96590805053711,66.43758392333984,57.74105058365763,,31.916967993333333,28.6290885
2006-01-17,1.0,34200,53.46919631958008,61.028602600097656,48.13070297241211,56.06616973876953,66.44477844238281,55.41653696498059,,26.110914697500004,25.1214007
2006-01-23,0.0,20900,10.407901763916016,8.850225448608398,6.392313003540039,3.3482413291931152,8.875150680541992,6.9101167315175145,,25.742700619,16.149365500000002
2006-01-28,1.0,19900,51.61175537109375,82.72488403320312,59.48469924926758,58.73429107666016,75.09626770019531,71.21167315175103,,15.985930695283333,7.717071995
2006-01-29,1.0,20200,88.06352233886719,104.32222747802734,97.86514282226562,105.41438293457033,114.0676727294922,127.35933852140084,,12.346160750283332,3.97566115
2006-01-30,1.0,30200,107.84312438964844,105.49557495117188,75.96487426757812,90.30322265625,91.378173828125,117.61400778210115,,12.185371613616663,2.21053089
2006-01-31,1.0,31500,109.10244750976562,84.40936279296875,106.52033996582033,114.94085693359376,129.85801696777344,109.73112840466922,,14.5455373,0.95181069
2006-02-01,1.0,27700,86.205810546875,66.55803680419922,81.17718505859375,79.90380859375,95.57525634765624,69.58560311284043,,11.585419202753332,0.68858157925
2006-02-03,3.0,27100,64.8342514038086,53.44038772583008,82.22789001464844,74.5813217163086,76.50960540771484,66.62723735408562,,23.140650946086662,6.509457759250001
2006-02-04,3.0,28100,59.046180725097656,41.99219131469727,76.55049133300781,60.85426330566406,66.30502319335938,46.389688715953326,,24.77994943333333,14.5304333
2006-02-16,0.0,17000,2.096544981002808,0.0,0.0031272887717932,0.0010024206712841,0.0117430007085204,0.0029182879377431,,27.9097696,22.431276685
2006-02-17,0.0,16700,0.252168595790863,0.0,0.0005086802411824,3.517867298796773e-05,0.0,0.0017509727626459,,47.795247428333326,40.759071485
2006-02-20,0.0,14800,0.5460497140884399,10.625194549560549,1.1726711988449097,1.4571912288665771,2.8658807277679443,2.6435797665369654,,16.391413687716664,10.416887838
2006-02-25,0.0,16300,36.38975143432617,24.02181625366211,19.40533447265625,11.792344093322754,18.941612243652344,14.375875486381323,,23.949512932166662,17.85817055
2006-02-26,1.0,13600,23.37782859802246,34.462371826171875,50.59986114501953,36.57838821411133,49.9915771484375,30.68035019455254,,26.978709519999995,15.4824593
2006-02-27,1.0,14200,29.46991729736328,32.417694091796875,62.45199203491211,44.34696578979492,53.37981033325195,41.88696498054475,,27.879069681666664,17.387511715
2006-03-02,0.0,15200,24.231555938720703,15.32861042022705,4.750607490539551,8.453058242797852,10.027031898498535,15.26186770428015,,16.158886692499998,6.49687345
2006-03-08,1.0,14700,46.78660202026367,46.79464721679688,63.41828155517578,60.279388427734375,65.13142395019531,62.23871595330744,,9.230795928666666,2.85915709
2006-03-10,0.0,15500,45.81828308105469,12.816577911376951,33.53767395019531,32.56381607055664,31.47408866882324,13.719066147859929,,13.97685557395,10.3278669
2006-03-13,0.0,12700,3.8820157051086426,5.536858558654785,2.543389320373535,4.077601432800293,1.1882647275924685,2.6708171206225666,,13.358659415666668,3.83944844
2006-03-15,0.0,12300,8.392304420471191,16.679378509521484,15.483166694641112,12.863029479980469,8.239574432373047,13.06031128404669,,14.489854126833333,8.419039869999999
2006-03-22,2.0,10800,7.623907089233398,12.306459426879885,16.85796356201172,9.97515869140625,11.896693229675291,5.940856031128404,,9.97951236465,6.0840859
2006-03-23,2.0,9880,11.471597671508787,18.098777770996094,33.23162078857422,19.513748168945312,20.210235595703125,13.182101167315189,,8.621521499,4.36693808
2006-03-24,2.0,11000,19.17748641967773,16.02806854248047,23.272855758666992,13.505483627319336,13.058056831359863,11.358171206225691,,9.333282307883334,4.47834418
2006-04-04,0.0,8890,8.617467880249023,5.877764701843262,9.921412467956545,5.820393562316895,13.62813949584961,5.802334630350188,,10.473983113133334,7.98408573
2006-04-12,0.0,9600,18.685325622558597,38.89688491821289,12.04006290435791,13.321712493896484,16.451038360595703,25.235214007782112,,16.054587610833334,10.96244075
2006-05-08,0.0,16000,15.146364212036133,11.875307083129885,16.652559280395508,18.24712562561035,15.496445655822754,18.92976653696498,,4.091104527355,0.322492942
2006-05-09,0.0,15300,11.478732109069824,2.253113985061645,2.9394540786743164,3.246687650680542,3.058243989944458,2.695525291828793,,4.650134731355,0.4416249049999999
2006-05-16,0.0,21600,0.0416547618806362,0.0,0.001038619200699,0.0,0.1735503077507019,0.0,,3.481023602333333,1.731881575
2006-05-20,0.0,33600,8.460918426513672,13.584443092346191,3.602393627166748,7.647154808044434,4.059878349304199,11.51342412451362,,7.010752436333334,3.4502768925
2006-05-22,0.0,26300,18.402050018310547,17.784683227539062,9.976481437683104,20.5576286315918,23.43334197998047,18.532490272373547,,6.609601520533333,1.7635962025
2006-05-23,1.0,26800,18.71562385559082,19.96827507019043,20.997249603271484,25.159053802490234,27.12030029296875,23.58463035019456,,5.913768432366666,1.3639198325
2006-05-24,1.0,24100,21.31829833984375,17.93351173400879,24.276403427124023,22.21675491333008,16.30970001220703,15.997081712062258,,7.581956469166666,2.3514046575
2006-05-31,2.0,18200,2.637770652770996,12.470535278320312,3.1408324241638184,3.231156349182129,4.838287353515625,12.389883268482484,,7.493658041133333,1.7229883935
2006-06-01,2.0,20100,13.533695220947266,21.651508331298828,23.07499313354492,19.988338470458984,12.51441764831543,24.44221789883267,,9.492184362133331,2.11988428
2006-06-02,2.0,26100,21.025209426879883,24.161243438720703,26.394874572753903,20.702713012695312,12.963623046875,22.59630350194551,,14.02665546,5.6876138
2006-06-14,0.0,27300,15.092571258544922,10.77406406402588,6.827510833740234,11.255744934082031,17.452030181884766,8.973151750972765,,7.446214540666666,2.876621005
2006-06-25,0.0,15800,0.0778829380869865,0.0,0.0,0.0,0.0001868423132691,0.0046692607003891,,10.804701646016666,1.96639075305
2006-07-02,0.0,19200,0.0156309530138969,0.0004900082130916,2.8363589876789774e-07,0.0,0.0007361976313404,0.1476653696498054,,3.347944513360333,0.914935032835
2006-07-03,0.0,18800,0.0411428585648536,0.5252659320831299,0.0243549887090921,0.0202493742108345,0.6577293276786804,4.331128404669259,,6.009680926643666,3.441161648835
2006-07-09,0.0,17600,0.0158849190920591,0.2636599242687225,0.2234930843114853,0.1074487343430519,0.9727120399475098,0.0,,3.763497815233333,0.7200625492
2006-07-11,0.0,18000,1.3503470420837402,11.904709815979004,6.320504188537598,2.13388466835022,7.861701965332031,13.02490272373541,,1.8351267346666664,0.6638351625
2006-07-17,0.0,12000,0.0,0.0,0.0026737805455923,0.0018653955776244,0.0669568106532096,0.0,,3.051240953697333,0.537010216092
2006-07-22,0.0,12600,0.0537579394876956,0.0,0.0151879545301198,0.0318339541554451,0.1958647817373275,0.0,,7.991554976666666,0.50621883
2006-07-26,0.0,11900,0.0301964301615953,0.0,3.513474666760885e-06,0.1125150695443153,0.0018223548540845,0.0005836575875486,,0.55306254,0.01679364
2006-08-01,0.0,8640,7.457834720611572,0.0,0.0757138133049011,0.120855912566185,0.0583389401435852,0.0293774319066147,,3.4298583315,1.157916815
2006-08-03,0.0,8240,1.0657975673675537,0.0,0.0027087936177849,0.0007294558454304,0.0168581586331129,0.0013618677042801,,3.1902661531666667,1.4888734149999998
2006-08-14,0.0,7670,0.1124682426452636,0.0,0.0006488196086138,0.012101050466299,0.0039847237057983,0.0,,2.637920847333333,0.210102627
2006-08-18,0.0,7720,0.0025019841268658,0.0,7.148205440898892e-07,1.1272439223830588e-05,0.0177693273872137,0.0,,3.6098143235,2.0917865950000003
2006-08-24,0.0,8420,0.4746944606304168,1.3438612222671509,0.2337309420108795,0.2324631065130233,0.3497785329818725,0.001556420233463,,2.94936773305,0.4292679874999999
2006-08-28,0.0,8410,0.0031369044445455,1.0719441175460815,0.2356194704771042,0.0399615168571472,1.0586878061294556,0.9926070038910508,,7.726553975666667,2.694056552
2006-09-01,0.0,5950,6.469756603240967,0.0,0.1160503774881362,0.0106266885995864,0.1058766320347786,0.159338521400778,,3.1525861383333336,1.807760835
2006-09-13,0.0,7650,4.402434825897217,12.390498161315918,5.529240608215332,11.649650573730469,15.454730987548828,11.135797665369648,,24.87182834353333,10.857612125
2006-09-15,0.0,6810,13.8712739944458,10.60219955444336,10.503893852233888,16.582460403442383,36.926082611083984,18.7828793774319,,19.37644675,16.5233557
2006-09-17,1.0,5650,7.832656860351562,18.852863311767575,9.329957008361816,9.444034576416016,17.580307006835938,16.329766536964986,,23.390199012666667,15.3185705
2006-09-18,1.0,5510,16.826196670532227,20.93150520324707,10.136646270751951,9.791213035583496,19.33031845092773,19.91147859922179,,22.313091037666663,14.24958525
2006-09-19,0.0,6510,19.56046295166016,24.00741577148437,10.954846382141112,20.94813537597656,26.80393409729004,32.000778210116735,,19.70347586666667,14.30816385
2006-09-20,1.0,6550,28.72706794738769,20.00093078613281,14.88333511352539,20.30387115478516,22.422420501708984,23.697276264591444,,19.09739330833333,12.84803585
2006-09-21,1.0,7420,21.338281631469727,15.794143676757812,13.210614204406738,18.464906692504883,20.471132278442383,18.286381322957205,,27.73856237833333,24.25332935
2006-09-25,0.0,5440,0.5290634632110596,0.0,0.0,4.894502581009874e-07,0.0014164204476401,0.0,,24.390568229466663,12.68152999125
2006-09-29,0.0,5240,0.0,0.0,1.971056690308614e-06,7.333883695537224e-05,0.0048996284604072,0.0,,4.375615668166668,2.2795488895
2006-10-14,0.0,3600,4.157114505767822,17.005783081054688,14.414575576782228,17.254146575927734,17.850921630859375,24.02918287937743,,31.7597023647,16.01604711
2006-10-18,1.0,3930,11.537068367004396,14.6150484085083,23.25665664672852,12.35998821258545,15.75131893157959,17.22081712062256,,20.70857519398333,9.76146079995
2006-10-19,1.0,3920,15.909971237182615,11.772137641906738,23.3901309967041,12.412288665771484,16.11920738220215,17.062645914396878,,7.19245203165,3.19856494495
2006-10-20,0.0,4600,14.552141189575195,6.565982341766357,19.47975349426269,11.35944652557373,13.71859073638916,11.894552529182873,,4.833712496991667,1.1589699914499998
2006-10-25,0.0,5030,19.70022773742676,23.243314743041992,12.626514434814451,17.307601928710938,28.116233825683597,27.931322957198446,,17.024077752083333,11.934468550000002
2006-10-26,1.0,4280,32.616851806640625,17.517160415649414,9.019712448120115,11.633743286132812,30.927143096923828,16.19941634241245,,19.854916787083333,18.095205550000003
2006-10-27,1.0,6130,26.299297332763672,18.83726119995117,6.160010814666748,8.292155265808105,29.156761169433597,13.55933852140078,,40.8443364475,29.262528250000003
2006-11-02,4.0,7080,41.00513458251953,64.67157745361328,66.27403259277344,87.7125244140625,62.97651672363281,75.57120622568095,,31.908613135,19.60213815
2006-11-03,4.0,11600,149.08404541015625,108.24605560302734,103.90282440185548,148.423095703125,119.6805648803711,133.19591439688716,,22.957357811666665,15.175753450000002
2006-11-10,1.0,49500,49.54964065551758,57.97347259521485,44.43048095703125,42.20620727539063,55.71872329711914,71.71478599221786,,25.871252356666663,4.87771435
2006-11-15,4.0,28300,94.82159423828124,63.74437713623047,94.95706939697266,66.48181915283203,74.39698028564453,71.17159533073932,,22.075521126666665,20.278795700000003
2006-11-16,4.0,54000,74.78416442871094,53.085205078125,94.62999725341795,64.59565734863281,77.09904479980469,69.19007782101168,,31.43969982608333,30.420458850000003
2006-11-17,0.0,41200,66.17385864257812,6.962503910064697,36.37078857421875,27.78965377807617,35.42502212524414,8.985214007782112,,31.500965292750003,30.158804350000004
2006-11-19,2.0,25500,27.541919708251957,40.42826461791992,33.368350982666016,35.0262336730957,43.50378036499024,33.08638132295718,,51.43899548333333,41.617656
2006-11-27,0.0,20800,34.60309982299805,24.97540283203125,47.01485443115234,41.440216064453125,25.732912063598636,32.69260700389103,,41.53925591666666,31.61168935
2006-11-30,1.0,12300,33.96977996826172,30.45650100708008,46.55473709106445,25.957029342651367,39.4458236694336,33.52101167315175,,44.98943206883334,41.024391
2006-12-05,0.0,11200,10.842799186706545,10.233283042907717,13.61104679107666,10.199302673339844,14.23964786529541,8.93891050583657,,13.708831283333334,2.687713025
2006-12-11,2.0,14600,58.35567474365234,79.25830078125,70.93087768554688,76.52207946777344,81.04191589355469,66.51478599221785,,52.54957185883333,29.3056182
2006-12-12,2.0,25100,77.41194152832031,95.61721801757812,102.78775024414062,104.94279479980467,115.06129455566406,110.80311284046688,,41.307516504666665,27.2985322
2006-12-13,2.0,23900,98.66441345214844,109.9219741821289,100.99696350097656,92.77809143066406,102.3013916015625,125.8443579766537,,32.89993180016667,27.8087582
2006-12-14,2.0,26300,107.82420349121094,105.44532775878906,114.52450561523438,115.0008316040039,119.65901184082033,144.46731517509727,,28.541710535,27.0543527
2006-12-15,2.0,34000,101.89515686035156,74.23619079589844,77.86357879638672,78.77989959716797,79.3487548828125,94.34941634241244,,33.058893876666666,33.0634822
2006-12-20,1.0,13200,23.040395736694336,37.53724670410156,42.83306884765625,30.820600509643555,43.021263122558594,37.65972762645913,,20.150895527733333,14.9190693
2006-12-21,1.0,14800,40.04450988769531,39.30242156982422,42.83956146240234,33.59397506713867,39.55051803588867,37.41031128404669,,21.105008533733333,18.06126215
2006-12-22,0.0,16900,40.66961669921875,41.49745178222656,57.15793228149414,46.31330871582031,52.03592300415039,53.02821011673152,,33.17291499666666,17.821764220000002
2006-12-24,2.0,14300,55.285377502441406,50.38313293457031,66.86161804199219,48.79473876953125,60.09199905395508,59.486381322957214,,59.99436079733333,39.68139287
2006-12-25,2.0,17000,58.9509391784668,44.61751937866211,47.0245246887207,36.66033172607422,43.23500442504883,48.80233463035021,,59.41692937399999,53.92411125
2006-12-26,0.0,14800,47.14122772216797,25.366086959838867,44.06653594970703,41.44530487060547,44.56232070922852,31.25972762645913,,63.915254266666665,58.12092075
2007-01-02,3.0,23700,110.79134368896484,109.08905029296876,140.65060424804688,112.87799835205078,119.81431579589844,167.08968871595332,,33.68096716083333,29.7626682
2007-01-03,3.0,49900,119.51399230957033,84.42658996582031,141.2784423828125,115.60354614257812,119.76404571533205,124.18326848249026,,34.19604894842166,35.3562145
2007-01-05,1.0,25800,76.38385009765625,71.393310546875,69.75236511230469,65.0987319946289,73.30328369140625,53.80739299610895,,27.881036125921664,20.8225539
2007-01-06,1.0,25200,75.13277435302734,86.56562042236328,102.39027404785156,92.81626892089844,101.88191986083984,101.5589494163424,,25.30439155688333,12.7087093
2007-01-07,2.0,24700,96.560791015625,58.62588882446289,94.23486328125,78.3697509765625,89.52361297607422,72.36984435797666,,23.553297785216664,6.776608100000001
2007-01-08,2.0,28900,64.40115356445312,51.72647476196289,82.52532196044922,53.87345504760742,75.65943145751953,70.21498054474706,,20.12027420171667,5.150039385
2007-01-09,2.0,24100,57.97529602050781,34.54349899291992,55.57233047485352,26.849010467529297,46.77344512939453,27.72568093385213,,17.784321949166664,5.412919938
2007-01-11,0.0,19700,21.414995193481445,9.366114616394045,19.262439727783203,15.176100730895996,15.388240814208984,9.693190661478608,,11.713468198383334,5.680728908
2007-01-22,1.0,13800,29.162738800048828,29.76335906982422,74.04410552978516,26.818574905395508,44.302001953125,38.27665369649803,,25.049341529166668,25.418892
2007-01-23,1.0,17900,34.708351135253906,23.21739196777344,78.9469223022461,25.330848693847656,43.08321762084961,35.32587548638131,,26.855574013,22.7157192
2007-01-25,0.0,14100,11.420724868774414,0.0653556436300277,6.999083042144775,0.2168341130018234,1.2378480434417725,1.5385214007782109,,25.180907125166662,16.5645663
2007-02-01,0.0,13800,0.1678015738725662,0.0,7.071041636663722e-07,8.101979460661823e-07,0.0001485396351199,0.0210116731517509,,28.24543126005,27.45719905
2007-02-11,0.0,12200,13.63452434539795,12.904523849487305,31.872095108032227,21.382495880126957,27.74297332763672,14.25272373540856,,24.69238524278333,16.5719717
2007-02-15,1.0,18800,52.82193756103516,43.38896942138672,45.177730560302734,39.0295295715332,47.96221923828125,48.75038910505833,,24.886937597166668,12.3802105915
2007-02-16,0.0,23900,51.895164489746094,39.17121887207031,41.23712539672852,35.12918472290039,44.85237503051758,43.303112840466895,,29.607924032166665,18.4394808415
2007-02-20,0.0,25600,76.1402816772461,51.08899688720703,76.4577407836914,72.31809997558594,78.21083068847656,73.10797665369653,,16.576603137305,4.93502445195
2007-02-21,0.0,24400,60.42560958862305,30.114967346191406,53.626075744628906,51.33655548095703,53.02752685546875,41.94299610894944,,17.556209358088335,6.49085357195
2007-02-25,0.0,17700,21.06153678894043,22.709068298339844,24.590784072875977,26.682985305786133,25.55148696899414,22.735797665369653,,24.70973537775,12.699299
2007-02-27,0.0,16400,12.451397895812988,19.65723419189453,12.750848770141602,22.018577575683597,17.67361831665039,21.60603112840467,,18.91936772416667,7.57701615
2007-03-05,0.0,14200,13.302127838134766,11.777289390563965,14.202495574951172,9.927435874938965,9.10283660888672,10.753112840466928,,30.241900616666666,25.85323485
2007-03-09,0.0,19800,30.77210235595703,38.82205581665039,29.263397216796875,30.511335372924805,32.48370742797852,36.286186770428,,40.10067087316666,25.8345647
2007-03-10,3.0,19900,46.97869873046875,81.80641174316406,109.71013641357422,76.3399658203125,81.70938110351562,84.88171206225678,,32.40775680841,22.79466655
2007-03-11,3.0,27300,93.43421936035156,84.70875549316406,141.986328125,97.2384796142578,109.22171020507812,103.22198443579764,,26.77812125841,20.48955785
2007-03-12,3.0,60000,96.4409637451172,70.5132827758789,133.4396209716797,91.48233032226562,106.58700561523438,90.58073929961088,,16.140619796743334,16.543284
2007-03-13,0.0,61100,78.02719116210938,22.553146362304688,54.23367691040039,46.78607177734375,58.30201721191406,36.16361867704281,,12.592829375,10.215574105
2007-03-14,0.0,36700,24.155353546142575,25.10443115234375,10.559059143066406,14.24964427947998,19.664663314819336,19.2274319066148,,12.863343076266666,4.368423405
2007-03-15,1.0,28400,26.900775909423828,26.35906219482422,38.136268615722656,33.49712371826172,34.51767349243164,30.69202334630351,,13.650698933766668,4.676595005
2007-03-16,1.0,25800,30.213603973388672,37.27631378173828,51.65028381347656,30.700138092041016,28.817012786865234,44.203307392996095,,13.5843252053,4.28180348605
2007-03-23,1.0,26100,62.64036560058594,93.73780822753906,106.09097290039062,82.07622528076172,100.43611907958984,124.07840466926064,,15.334521052666666,12.3699805
2007-03-24,1.0,42600,119.2174835205078,86.38792419433594,108.50775146484376,82.08126068115234,95.19141387939452,121.07548638132288,,20.016235029333338,14.6887349
2007-03-25,1.0,74200,104.69529724121094,57.15168762207031,81.90166473388672,71.3105697631836,68.06109619140625,94.68988326848242,,15.726330554733336,10.89944115
2007-04-08,0.0,20200,11.050741195678713,23.40026092529297,30.25858688354492,26.89017105102539,27.06539535522461,39.35272373540856,,24.89057863583333,9.59775095
2007-04-13,1.0,15200,18.05398368835449,17.841938018798828,35.72469711303711,14.70708465576172,30.63912010192871,24.69455252918288,,33.82003175,25.09385425
2007-04-14,1.0,16100,23.51647186279297,16.247833251953125,41.16292190551758,19.08530616760254,32.58197021484375,25.6068093385214,,26.390764455,16.3587236
2007-04-16,0.0,15800,14.492490768432615,9.64555835723877,27.272031784057617,17.397205352783203,24.73311233520508,11.494941634241249,,9.76060479,6.2624177
2007-04-20,0.0,13300,2.132436037063598,0.3500136435031891,2.034386396408081,4.751307010650635,6.561100006103516,1.0655642023346314,,12.632146196666667,10.9625511
2007-04-27,1.0,20000,45.39177322387695,37.68450164794922,37.21906280517578,32.39482879638672,38.6099967956543,41.30369649805445,,9.505664765,3.52500564
2007-04-28,1.0,28400,42.65305709838867,30.087610244750977,31.053905487060547,26.936023712158203,30.69778823852539,31.17412451361867,,12.250889756966668,3.2899566115
2007-04-29,0.0,28900,31.423797607421875,8.0448637008667,7.646246433258057,16.36651039123535,14.299147605895996,10.130739299610898,,9.04393272935,3.6915918615
2007-05-02,0.0,19600,18.620155334472656,18.213376998901367,13.252558708190918,15.892791748046877,18.01202392578125,20.82587548638132,,5.971113290833333,2.3536923115
2007-05-09,0.0,19700,0.088430568575859,0.0790804028511047,2.5058035850524902,0.0906291380524635,0.8478492498397827,0.0227626459143968,,13.612905765,11.268880025
2007-05-16,0.0,21800,0.0038869048003107,0.0,0.0175992790609598,0.0041188145987689,0.0205365009605884,0.0056420233463035,,10.771060639693331,7.057881875
2007-05-20,0.0,17300,24.515419006347656,22.06437873840332,7.107436180114746,31.27894401550293,24.2241325378418,22.03365758754865,,6.151114544549999,0.5632131069
2007-05-23,0.0,14200,2.403632879257202,0.0,0.151833951473236,0.4425318241119385,0.3362319469451904,0.4817120622568094,,6.556890975066667,4.1549282825
2007-05-26,0.0,17300,0.1018729880452156,5.00507926940918,1.5756497383117676,1.1292654275894165,4.441651821136475,1.5052529182879386,,13.96899077411667,10.436190500000002
2007-05-29,0.0,16400,3.263504266738892,0.0,0.3760654330253601,0.124698668718338,0.5244826674461365,1.3750972762645897,,11.282923832316666,2.7060462750000003
2007-06-03,2.0,35500,2.073523759841919,9.637340545654297,2.2731616497039795,6.356101512908936,4.801074028015137,10.701556420233462,,4.660205245,2.760850435
2007-06-04,2.0,42400,6.968897819519043,19.11770248413086,7.472382545471191,16.423105239868164,12.568780899047852,19.044163424124505,,7.835432165,4.47861745
2007-06-05,2.0,41200,17.888206481933594,18.857816696166992,12.921852111816406,24.39071655273437,21.217857360839844,20.40019455252917,,7.208846830500001,4.1880626350000005
2007-06-09,0.0,22700,14.041369438171388,14.578228950500488,25.00243377685547,18.83102035522461,25.032394409179688,8.48424124513619,,12.847319284333333,4.60643594
2007-06-16,0.0,22000,15.468332290649414,19.66876983642578,12.392492294311523,32.8696174621582,11.965746879577637,23.152529182879377,,10.123448668333335,4.05356627
2007-06-19,0.0,22400,7.270580768585205,0.0,2.1977500915527344,0.7939819693565369,0.921977162361145,1.0527237354085597,,6.5733322474,2.1306537572
2007-06-28,0.0,18500,3.8556737899780273,8.562128067016602,4.509738922119141,4.515880107879639,7.942898750305176,9.686964980544756,,10.602761026633331,3.4727212525
2007-07-02,1.0,22300,0.0415079407393932,0.0,0.0132420491427183,2.874535027785896e-07,0.0099288001656532,0.0083657587548638,,8.451347666133334,5.864370060000001
2007-07-03,1.0,22200,0.0415079407393932,0.0,0.0078671621158719,2.671140236998326e-06,0.0164053775370121,0.007976653696498,,4.049306934466667,2.06487609
2007-07-11,0.0,24700,0.0778750106692314,0.0,0.001620355178602,1.5946504845487652e-06,0.0530729107558727,0.0044747081712062,,3.42883037635,1.43258482405
2007-07-14,1.0,29000,1.098891019821167,0.8576599359512329,5.597487449645996,0.9490025639533995,2.026120662689209,2.8556420233463045,,2.805089532,0.5351333
2007-07-15,1.0,26900,1.080085515975952,0.1919128596782684,5.004269599914551,0.4550052881240845,1.368651270866394,0.1326848249027235,,5.52591755,1.08512105
2007-07-20,5.0,20000,38.17255401611328,25.420154571533203,5.114732265472412,16.146751403808594,12.064693450927734,21.171400778210103,,4.0693941093333335,0.660113429
2007-08-08,0.0,10500,3.3369877338409424,0.6895260214805603,1.5603065490722656,1.1671533584594729,1.4091733694076538,3.018482490272373,,0.3977445049166667,0.0
2007-08-10,0.0,9620,1.2893962860107422,0.3296506404876709,0.2760505378246307,1.5417187213897705,0.7456216812133789,0.0494163424124513,,0.5488411498666667,0.0881230269999999
2007-09-02,2.0,7000,0.8877735137939453,0.4713149666786194,0.0126312561333179,0.0139149958267807,0.1666640192270279,0.2873540856031131,,7.594724003575001,0.952533310725
2007-09-03,2.0,6730,2.0547499656677246,0.7063994407653809,0.2058561593294143,0.1990741044282913,0.2146966159343719,4.175875486381322,,6.835429705241667,0.6147220657250001
2007-09-06,0.0,7050,0.797958254814148,0.0462442450225353,0.037387378513813,0.04932751506567,0.0794512182474136,0.831517509727626,,5.745668882833333,0.8565122235
2007-09-20,1.0,5720,5.134385108947754,8.984794616699219,0.6834284067153931,1.4691541194915771,0.3474654257297516,5.856614785992217,,19.977216222166668,4.7212549265
2007-09-29,2.0,6200,33.82976531982422,44.72599029541016,51.8508415222168,53.60975646972656,88.6830825805664,59.45758754863814,,21.15881797745,11.3493957575
2007-09-30,2.0,6470,60.05706024169922,56.79926300048828,54.36780548095703,66.89945983886719,96.17121887207033,68.29591439688716,,23.944639215,16.048859049999997
2007-10-02,1.0,12800,109.53137969970705,73.46037292480469,60.426551818847656,84.01754760742188,93.19265747070312,97.1474708171206,,6.137141143166668,4.841069111
2007-10-06,2.0,13600,16.87645149230957,32.24920654296875,49.96692657470703,30.81937599182129,40.920406341552734,33.93463035019457,,7.072358254416667,2.65098308
2007-10-07,2.0,13400,37.803253173828125,31.018972396850582,62.52623748779297,33.70973205566406,47.36973190307617,33.85155642023348,,7.756485801083334,5.41011202
2007-10-09,3.0,18700,25.569822311401367,8.119673728942871,24.33472442626953,15.767060279846191,19.63622283935547,14.54513618677042,,8.763047640883334,3.44261617265
2007-10-10,3.0,15800,8.075845718383789,8.065018653869629,14.88981819152832,15.954258918762209,14.843982696533203,14.488715953307384,,8.924344005216668,1.96493987265
2007-10-13,0.0,13700,0.2433631271123886,0.0,1.3059037923812866,0.8282875418663025,0.9559739232063292,0.3003891050583657,,5.799783844,1.489730677
2007-10-17,0.0,12300,19.262104034423828,37.4665641784668,40.809715270996094,37.00286102294922,39.026512145996094,33.59513618677043,,25.725433265000003,14.557006015
2007-10-19,0.0,15800,59.86655426025391,52.66720199584961,57.9573860168457,65.41515350341797,70.59239959716797,64.69105058365761,,15.408503111666665,8.70411345
2007-10-21,2.0,14100,52.429290771484375,32.54721450805664,42.49043655395508,45.346221923828125,61.346309661865234,34.38035019455253,,15.536984241666666,12.93514207
2007-10-22,2.0,15900,43.88188934326172,25.569259643554688,22.84984970092773,27.384225845336918,38.046417236328125,27.86108949416342,,17.599516195,14.430297
2007-10-23,2.0,18200,36.1693229675293,21.94840240478516,21.534564971923828,21.18303680419922,35.003536224365234,28.740272373540847,,20.78141805488333,14.2442186
2007-10-24,1.0,17900,28.088666915893555,11.21981430053711,9.195920944213867,5.317563056945801,8.986055374145508,16.50097276264591,,26.99468086938333,16.740839100000002
2007-10-29,0.0,16800,0.8779106736183167,0.6470725536346436,0.745840311050415,0.5328676104545593,6.70252799987793,1.4019455252918298,,35.9148756875,26.15122575
2007-10-30,0.0,16300,0.8801130652427673,1.0839831829071045,0.7495785355567932,0.5314631462097168,6.333719730377197,1.6789883268482506,,32.085175163,19.22889985
2007-11-03,1.0,9140,18.28138542175293,16.6640682220459,19.85880279541016,7.355010986328125,22.87782287597656,2.3525291828793784,,19.299680206666665,14.5786655
2007-11-04,1.0,9670,20.958438873291016,13.236346244812012,19.859960556030277,7.355066776275635,22.87552070617676,2.0795719844357974,,14.263738163566664,10.41323225
2007-11-06,1.0,9860,5.410663604736328,6.465293884277344,2.88821029663086,3.476490020751953,4.194013595581055,7.96828793774319,,26.238801763233333,14.967558719
2007-11-07,1.0,9130,7.212577819824219,13.282512664794922,6.928047180175781,8.582199096679688,10.325443267822266,11.925097276264587,,32.920719629666664,13.126068034
2007-11-08,2.0,9010,13.886981964111328,22.14820671081543,20.010398864746094,14.666254043579102,18.83267974853516,10.272373540856028,,30.95532578775,12.500334534
2007-11-09,2.0,9820,24.35806655883789,27.55614852905273,39.747650146484375,33.1636848449707,33.259368896484375,7.648054474708171,,23.71618524475,12.889480165
2007-11-11,3.0,16200,33.506710052490234,45.41933059692383,53.22931671142578,57.66133117675781,80.05753326416016,21.103891050583652,,21.08472128933333,16.79791205
2007-11-12,3.0,14200,48.89247512817383,40.81528091430664,48.99055480957031,47.76609420776367,76.3384017944336,44.84610894941636,,21.064536087666667,17.15884405
2007-11-14,2.0,14300,47.52880859375,43.05806350708008,39.69919204711914,35.578468322753906,45.52071380615234,45.62801556420236,,34.80496002816667,23.92054485
2007-11-15,2.0,14400,50.227352142333984,47.99990081787109,58.54073715209961,56.57655334472656,64.5533447265625,48.23560311284051,,36.776109083166666,26.63199815
2007-11-16,2.0,28700,58.97819900512695,49.1854248046875,73.69379425048828,62.93345642089844,69.53501892089844,53.63560311284049,,37.154743159666666,27.8189835
2007-11-21,0.0,15500,3.5881967544555664,0.0,0.007931375876069,0.1400293111801147,0.4031102657318115,32.94105058365759,,58.487003195,49.1201665
2007-11-28,0.0,9560,25.60570526123047,7.431234359741211,19.44679832458496,20.970727920532227,31.95734024047852,0.5435797665369648,,32.53848374146666,24.15370295
2007-12-02,5.0,12200,62.8797607421875,145.10723876953125,111.83959197998048,141.59759521484375,124.70252990722656,35.60428015564202,,26.4636397325,22.65944876
2007-12-03,5.0,23900,155.44866943359375,161.29481506347656,155.62330627441406,192.1265869140625,169.91162109375,21.58385214007781,,33.68011959916666,32.70879905
2007-12-04,5.0,71300,174.96116638183594,118.01792907714844,142.07757568359375,171.96726989746094,151.90504455566406,30.13618677042802,,27.64768105183333,34.6034995
2007-12-08,0.0,22700,1.0071429014205933,2.771815776824951,0.0113559048622846,1.6522670984268188,0.0499828085303306,49.98813229571988,,23.89866932399,13.95739622312
2007-12-11,0.0,16700,4.309323310852051,9.2301025390625,6.34941291809082,2.221941947937012,5.52525806427002,1.0785992217898834,,14.094115463999998,11.076824262
2007-12-16,0.0,14100,37.271785736083984,35.014747619628906,56.24239349365234,49.42861175537109,53.8976936340332,20.41712062256811,,23.972597807333333,17.141216964999998
2007-12-23,1.0,13500,57.47481536865234,61.59139633178711,65.67057800292969,65.90438079833984,62.55793380737305,108.8789883268483,,14.860834282333332,5.379005652
2007-12-24,1.0,17800,66.05572509765625,56.81140899658203,30.86100959777832,45.55966567993164,46.62959671020508,56.62529182879374,,15.814569056783334,4.681505592000001
2008-01-03,1.0,11500,29.96748352050781,53.437255859375,50.38684844970703,49.46455383300781,47.69075393676758,47.10583657587549,,25.662742446666662,23.07858995
2008-01-04,2.0,14100,41.74303436279297,54.67464447021485,64.10171508789062,54.08811569213867,49.13752746582031,45.38424124513619,,20.93123182333333,18.6261175
2008-01-05,2.0,15800,38.39039993286133,40.40278244018555,60.96414566040039,43.06937789916992,38.15781021118164,31.328210116731523,,20.61186140666667,17.93725925
2008-01-14,1.0,18000,26.287132263183597,19.07644462585449,37.80937957763672,21.748390197753903,29.534202575683597,26.00972762645912,,9.059098731,7.416125188
2008-02-08,1.0,16600,105.29876708984376,81.1106948852539,97.8344268798828,102.26905822753906,112.91024017333984,104.3070038910506,,25.04416967183333,23.329734350000003
2008-02-09,1.0,16300,94.13986206054688,58.175331115722656,75.67031860351562,67.28128051757812,80.62911987304688,72.66517509727625,,27.931355251166664,24.5582105
2008-02-17,0.0,15200,8.763559341430664,0.1064216494560241,14.845355033874512,5.386195659637451,5.272019386291504,1.2834630350194558,,15.197154536933333,8.231019771
2008-02-18,0.0,15200,1.941060185432434,0.0364578180015087,0.0117244347929954,0.0018100559245795,0.034831766039133,0.0856031128404669,,23.93896118868333,12.760797925
2008-02-19,0.0,14800,1.2153078317642212,0.0364578180015087,0.8707482218742371,0.1546046733856201,0.3827315270900726,0.1828793774319066,,26.379964600083333,20.01775105
2008-03-07,0.0,14000,5.1597676277160645,5.69452428817749,10.04015064239502,4.305947780609131,6.890891075134277,4.704085603112841,,11.467582892333333,6.8600140750000005
2008-03-10,1.0,13400,25.371070861816406,32.336612701416016,34.37714385986328,34.263877868652344,32.13387680053711,34.372762645914406,,18.191509174333333,5.138545715
2008-03-11,1.0,18300,34.56523895263672,26.746353149414062,35.41763687133789,35.372901916503906,34.62507247924805,34.09280155642024,,26.383104038666666,6.355383274999999
2008-03-26,0.0,12300,19.25033187866211,24.363603591918945,26.85345268249512,22.30701446533203,32.86553955078125,19.83132295719845,,10.545155709333333,6.064147479500001
2008-03-29,0.0,10000,19.42952537536621,18.950870513916016,16.94493865966797,28.755151748657227,25.8048152923584,17.992217898832692,,20.84673092,20.80214975
2008-04-03,0.0,9120,3.8355908393859854,4.456086158752441,6.17606258392334,6.222994804382324,4.782026767730713,4.458754863813228,,19.878883112266667,7.36467755
2008-04-05,0.0,8160,10.019157409667969,13.018732070922852,16.531723022460938,16.27521514892578,18.78285789489746,13.216731517509729,,10.8443569855,11.115481945
2008-04-09,0.0,8380,10.028780937194824,7.267826080322266,11.414728164672852,13.9160737991333,14.25495719909668,5.831712062256813,,15.1815581,10.54503444
2008-04-13,0.0,8980,3.822209358215332,8.782197952270508,2.8525209426879883,1.497779369354248,3.1885311603546143,8.016926070038911,,11.435783936666668,6.8684633
2008-04-15,0.0,11100,13.835111618041992,12.264892578125,6.364975452423096,10.22804355621338,11.357699394226074,11.542412451361866,,11.713696331666666,8.065877265000001
2008-04-28,0.0,9420,20.35174560546875,25.5362491607666,16.0632266998291,19.702896118164062,16.923919677734375,31.3445525291829,,8.838096163333333,4.90390954
2008-05-02,0.0,10200,4.739168643951416,0.9495561718940736,5.79857063293457,2.229980230331421,6.576148986816406,1.1250972762645914,,6.162825809999999,2.9448960025
2008-05-03,0.0,9510,1.0891447067260742,0.9495561718940736,5.564861297607422,2.0143918991088867,7.031811714172363,0.8926070038910506,,10.375616634166668,4.5541227025
2008-05-06,0.0,13200,0.424535870552063,1.3717153072357178,0.1980017125606537,0.1851892918348312,0.2066196054220199,0.7328793774319071,,12.032280179,8.43329315
2008-05-12,0.0,13600,10.516752243041992,11.507648468017578,17.31869888305664,22.616626739501957,18.591632843017575,17.559727626459132,,5.072558644566666,0.4636358837
2008-05-13,2.0,15900,17.199535369873047,14.473567008972168,17.572921752929688,13.406428337097168,19.061092376708984,16.563035019455242,,4.988271824066666,0.4904263437
2008-05-14,2.0,14100,20.32580947875977,14.473567008972168,17.540475845336914,12.794586181640623,18.67730712890625,16.791050583657576,,3.6187236184166665,0.96429166
2008-05-18,1.0,60400,0.0020317460875958,9.808887481689451,0.0120809525251388,0.0008260144968517,0.2206305712461471,5.327042801556417,,5.5001876466283335,4.802202001925
2008-05-19,1.0,59100,12.53273582458496,26.384693145751957,16.211326599121094,13.631449699401855,4.086565971374512,32.65972762645914,,3.498891618295,2.023265236925
2008-05-20,1.0,56200,31.89767074584961,33.2682991027832,22.717182159423828,26.68567657470703,15.027923583984377,38.84494163424124,,2.45104516743,0.6794078919250001
2008-06-03,0.0,25700,18.33768844604492,13.355596542358398,12.375083923339844,19.891834259033203,21.48681259155273,20.3068093385214,,13.747191528333332,9.681102065
2008-06-11,0.0,20900,21.58698844909668,9.362743377685549,19.827503204345703,15.84782886505127,32.954139709472656,6.108171206225681,,14.092519934166663,13.8186995
2008-06-15,0.0,23000,1.029783844947815,0.0,0.0177703984081745,0.0049960566684603,0.0321163237094879,0.0566147859922178,,11.694903409450005,2.062634465
2008-06-23,0.0,28900,0.4424524903297424,0.0,2.3210034370422363,1.247570514678955,0.691192626953125,0.5319066147859929,,5.715358328333334,3.03503636
2008-07-12,0.0,23500,0.0,0.0,3.076651046285406e-05,3.2752616174747118e-09,4.857900057686493e-05,0.0,,3.357918917833333,0.4994836059999999
2008-07-15,0.0,21000,0.0,0.0,0.0495082773268222,0.0002404376136837,0.0210040342062711,0.0,,2.101950962716667,0.66421534015
2008-07-18,0.0,17300,0.0007956349290907,0.0004438622272573,5.013332156522665e-06,0.0053094658069312,0.010153011418879,0.0,,1.178749774,0.273576317
2008-07-27,0.0,14500,3.245391130447388,3.543829202651977,2.262150764465332,1.479600191116333,2.4053168296813965,0.2194552529182879,,0.972380103,0.025274999
2008-07-31,1.0,13300,24.584117889404297,21.628149032592773,16.58732032775879,16.8039608001709,18.69088363647461,12.25272373540857,,1.8408302367833331,0.0418725855
2008-08-01,1.0,13300,19.487504959106445,21.257768630981445,8.865031242370605,10.766850471496582,14.350192070007324,12.73463035019456,,3.736866701116667,0.04087218
2008-08-03,0.0,11900,3.891828775405884,0.0180673412978649,0.0659905597567558,1.1242550611495972,1.8447831869125368,0.6649805447470811,,2.1647220064666666,0.0
2008-08-10,0.0,11700,13.379438400268556,8.864420890808105,11.008115768432615,9.579950332641602,9.713622093200684,5.739299610894936,,1.0923728432333335,0.1917829562
2008-08-16,0.0,13000,0.0011507937451824,1.6894558668136597,0.1636922955513,5.353369488148019e-05,0.0647149533033371,0.2795719844357975,,3.2629304233333336,1.46113275
2008-08-19,1.0,11500,21.08905792236328,45.61430740356445,35.361968994140625,24.403535842895508,27.159358978271484,52.26322957198445,,1.43837315605,0.37303335815
2008-08-20,1.0,13100,50.97996520996094,57.51619720458984,48.22158432006836,47.42613220214844,40.97251510620117,69.38015564202334,,1.9702304908333332,0.7700105025
2008-08-23,3.0,15400,19.88182830810547,13.77971076965332,0.4016053974628448,3.799310207366944,14.528471946716309,17.184435797665376,,10.577250650000002,0.0
2008-08-24,3.0,14000,16.633506774902344,16.887489318847656,9.553786277770996,7.3782196044921875,23.959716796875,18.106225680933857,,6.743859632833334,0.0079117985
2008-08-26,3.0,14600,34.58300018310547,25.456260681152344,26.858592987060547,20.569862365722656,21.13147354125977,26.885603112840474,,0.6472669366666667,0.0804755975
2008-08-27,3.0,14800,27.45166015625,32.79030990600586,20.160594940185547,22.473752975463867,19.837684631347656,38.11225680933853,,1.9611865938333333,0.093863169
2008-08-28,3.0,16100,35.844112396240234,32.229644775390625,21.38905143737793,25.63227081298828,34.93013000488281,35.61926070038912,,2.1148483026666667,0.224550505
2008-08-29,3.0,16000,31.29347801208496,22.92020797729492,5.519184112548828,11.965031623840332,26.10396957397461,20.22470817120623,,4.980589443333334,0.224550505
2008-09-01,0.0,13700,4.2170233726501465,4.002065181732178,1.5890413522720337,2.0945675373077397,0.7399110794067383,2.278210116731517,,9.882442074266669,0.6057267228000001
2008-09-05,1.0,11300,0.0194325428456068,0.0,0.004642242565751,0.1086098328232765,0.1655963957309723,0.0,,8.055893947166666,1.1799225530000002
2008-09-06,1.0,9750,0.0194325428456068,0.0,0.0046008443459868,0.1065234169363975,0.1650085002183914,0.0011673151750972,,2.200443218733333,0.1313246912
2008-09-10,0.0,9290,0.0,0.0,9.596134987077676e-06,0.0002269959950353,0.004030967131257,0.0,,6.5963260535,0.569753015
2008-09-11,0.0,9120,0.0,0.0,1.8273505020260927e-06,2.04321931960294e-05,0.004281919915229,0.0,,6.070747885166667,0.090422725
2008-09-14,0.0,8910,0.0,0.0,1.1103725228167605e-07,8.100498121166311e-07,0.0018321446841582,0.0,,6.5766309131666665,2.5783200695
2008-09-18,0.0,6530,0.03360515832901,0.3267052471637726,0.0001157765000243,0.0001900940987979,0.0306482389569282,0.0,,8.599079234783332,1.24073102985
2008-09-20,0.0,6670,14.266901016235352,21.907005310058597,7.3374834060668945,4.715397834777832,9.302734375,20.43754863813229,,3.8487435125623337,1.09118709935
2008-10-01,2.0,6270,0.1771686524152755,6.227339744567871,6.016384124755859,1.066856026649475,4.812126636505127,3.4799610894941644,,5.854659842833334,1.1998000985
2008-10-02,2.0,6220,4.950436592102051,19.963043212890625,8.832035064697266,5.997777462005615,9.642592430114746,12.290272373540857,,9.3727598995,5.332159083500001
2008-10-03,2.0,6450,17.2241153717041,36.44609069824219,18.301143646240234,27.445831298828125,18.61600112915039,39.23638132295721,,19.1620030445,10.8414139185
2008-10-04,2.0,6580,35.33660888671875,33.026309967041016,31.948999404907227,42.53127670288086,34.37347412109375,39.85544747081713,,18.73567097838333,10.476150990150002
2008-10-06,1.0,8490,51.91801452636719,43.63161849975586,39.62093353271485,41.708152770996094,43.413536071777344,51.07762645914397,,6.49460397505,3.44050599515
2008-10-07,1.0,11200,51.70149230957031,42.04722213745117,23.7604923248291,29.278688430786133,26.532310485839844,48.32723735408561,,13.411239838333334,4.539965715
2008-10-09,0.0,9360,19.86500358581543,1.223162293434143,4.242856025695801,5.839625835418701,4.73854923248291,1.776459143968871,,30.8494017955,5.8052733615
2008-10-11,0.0,7540,0.530849277973175,2.7850654125213623,0.5926846861839294,1.5217645168304443,1.1603105068206787,0.6583657587548635,,33.86043547191667,14.94060325
2008-10-12,0.0,8270,1.2663471698760986,20.90333366394043,9.269530296325684,5.832947254180908,15.435319900512695,16.34416342412452,,17.584814467916665,12.356072058
2008-10-16,2.0,8160,8.516812324523926,11.57679557800293,7.061539649963379,5.0998382568359375,29.968738555908203,8.873346303501942,,12.60140838625,6.815028763
2008-10-17,2.0,9450,11.762456893920898,7.794337272644043,10.375874519348145,6.527627944946289,34.413387298583984,7.114396887159528,,17.062159447916663,6.736550942999999
2008-10-23,0.0,7380,0.6167161464691162,1.176506280899048,0.1398429572582245,0.1603302210569381,1.3987408876419067,1.6056420233463022,,50.02590160543333,44.5917759
2008-10-24,2.0,7170,1.9159865379333496,1.1951788663864136,1.483621597290039,0.3751627206802368,3.98120641708374,2.037937743190661,,50.03139692276667,45.69105265
2008-10-25,2.0,6920,1.8802345991134644,1.1725366115570068,1.3815150260925293,0.2375218123197555,2.7405028343200684,2.198832684824902,,63.10110290066668,59.36036525
2008-10-30,2.0,8450,1.396909475326538,11.00453281402588,11.999674797058104,10.381722450256348,12.430950164794922,11.178210116731517,,50.13655384766668,36.416871
2008-10-31,2.0,8170,11.17612361907959,19.86324691772461,14.015005111694336,12.519079208374023,15.620909690856934,21.693774319066144,,44.07509118883333,29.5715265
2008-11-01,2.0,7660,21.17606735229492,28.814186096191406,28.431095123291016,27.69417953491211,29.06525421142578,29.708171206225668,,37.397412322166666,33.91915615
2008-11-02,2.0,8170,33.11231231689453,29.97247695922852,36.53568649291992,24.81206512451172,22.308395385742188,36.55719844357976,,37.7432913495,34.44221465
2008-11-06,4.0,13100,80.71936798095703,94.4550552368164,82.1180419921875,84.30561828613281,103.96074676513672,135.80252918287945,,32.06954282645,24.4979946
2008-11-07,4.0,39100,112.83743286132812,102.5963134765625,107.72080993652344,107.1863021850586,128.00291442871094,156.44066147859928,,23.064571149783333,7.27835992
2008-11-08,4.0,52100,124.95675659179688,55.51561737060547,96.77458190917967,73.14855194091797,85.88868713378906,91.86926070038908,,24.54525354811667,10.957222219999998
2008-11-09,4.0,29500,69.25884246826172,25.69229507446289,46.81647491455078,33.04271697998047,34.134151458740234,34.5389105058366,,30.40813044833334,16.70334577
2008-11-11,4.0,23900,59.97694396972656,99.51283264160156,79.63972473144531,88.89286804199219,109.97673034667967,81.6375486381323,,37.87277004333334,37.6458658
2008-11-12,4.0,41900,123.9581069946289,102.92977905273438,88.09410858154297,95.11046600341795,110.17170715332033,83.07217898832685,,37.073375255,37.676311
2008-11-13,4.0,60000,120.5695343017578,70.8370132446289,64.09516906738281,74.14076232910156,90.57553100585938,77.17801556420233,,33.13441857166667,27.65676295
2008-11-15,0.0,25800,8.849268913269043,5.345035552978516,12.29335594177246,0.0224648565053939,0.9400460124015808,0.7916342412451368,,35.194608208333335,21.78931625
2008-11-16,0.0,21200,3.3692798614501958,1.080386757850647,11.33084774017334,0.0191670209169387,0.4038057923316955,0.4250972762645916,,38.99911720833333,27.71790095
2008-11-27,0.0,9270,6.174971103668213,16.276836395263672,3.6042380332946777,10.030994415283203,10.669568061828612,15.252334630350184,,17.800054097916668,15.121248950000002
2008-11-28,1.0,9100,20.03388786315918,28.50821685791016,19.20745277404785,19.99478912353516,22.271778106689453,36.910311284046685,,15.08941067925,13.99924115
2008-11-29,1.0,10900,36.869773864746094,26.16461563110352,22.73714256286621,21.20778465270996,26.751983642578125,38.47548638132295,,19.00672047733333,16.4720053
2008-11-30,1.0,13200,35.20345687866211,20.31586456298828,20.242189407348636,11.749943733215332,17.624544143676758,31.31186770428016,,22.285558779166667,15.4210681
2008-12-07,0.0,11200,28.209741592407227,27.74867820739746,31.772891998291016,24.364398956298828,22.75690460205078,27.17451361867705,,41.19744981666667,32.3851576
2008-12-09,0.0,11100,31.385475158691406,14.185075759887695,19.705507278442383,18.08695602416992,24.93891906738281,11.491634241245134,,40.16618239355,37.28247625
2008-12-14,0.0,7000,27.16193580627441,4.185733795166016,6.57534122467041,5.628508567810059,9.882811546325684,9.29474708171206,,27.16153944883333,16.49569745
2008-12-22,0.0,7000,26.66379737854004,23.43461036682129,11.563433647155762,20.491046905517575,26.068416595458984,23.21614785992221,,42.87360727805767,36.6762017
2008-12-24,0.0,7680,23.6639347076416,28.142473220825195,16.24823760986328,21.94072723388672,20.360031127929688,23.650194552529197,,31.434078538900003,28.19844685
2009-01-05,0.0,9340,48.6396484375,117.08161926269533,66.3572769165039,75.53816986083984,85.60722351074219,125.26284046692606,,9.760851623833332,1.0629242215
2009-01-06,4.0,11300,145.9737548828125,185.00125122070312,161.29953002929688,174.35293579101562,191.66677856445312,253.86906614786005,,13.865686048,1.987871494
2009-01-07,4.0,37900,237.97146606445312,197.5761566162109,174.09506225585938,182.24708557128903,203.1248779296875,286.5651750972764,,19.108733528666665,6.593532751
2009-01-08,4.0,72900,246.45278930664065,122.5549774169922,156.54574584960938,151.55889892578125,167.30142211914062,207.8822957198444,,19.512201385833333,11.8569161225
2009-01-10,2.0,34400,50.511207580566406,30.220781326293945,55.05601119995117,17.60663604736328,43.94926452636719,28.5066147859922,,16.386113169166663,6.359258367499999
2009-01-11,2.0,27200,32.30132293701172,30.86563491821289,52.96383666992188,17.367019653320312,46.3565559387207,28.68404669260699,,14.136424849166666,7.2323393175
2009-01-15,0.0,16500,0.1423789709806442,0.0,0.0040236464701592,0.0086490847170352,0.0109744947403669,0.0,,22.39878219833333,10.49158305
2009-01-18,0.0,16600,0.0337638854980468,0.0193566940724849,1.093082937586587e-05,2.969887646031566e-06,0.0003073555999435,0.0089494163424124,,44.23928713,29.47414245
2009-01-21,0.0,18800,0.1078650802373886,0.0,0.0037098068278282,6.625527021242306e-06,0.0003061099851038,0.0,,18.039332624333333,15.8068080275
2009-01-26,0.0,12500,4.732438087463379,15.127206802368164,19.34864616394043,14.522480010986328,13.310004234313965,16.64474708171207,,9.105077752833331,1.6793517270000002
2009-01-31,0.0,10700,10.13565444946289,13.39137840270996,12.50202178955078,10.46082878112793,15.394564628601074,9.799416342412451,,22.11249402,12.34739846
2009-02-03,0.0,11200,11.354555130004885,0.5459279417991638,15.936577796936035,8.338102340698242,11.84536361694336,5.530350194552529,,32.789659926666666,20.1677326
2009-02-06,0.0,11500,3.650210380554199,5.197741985321045,4.572789192199707,6.686313629150391,2.867149353027344,3.7309338521400783,,32.39494627333333,27.76277925
2009-02-08,0.0,10000,4.94825553894043,7.31694746017456,6.066537380218506,3.587604761123657,4.699306011199951,3.88560311284047,,20.993638225,18.88853348
2009-02-20,0.0,7080,0.3218570947647095,0.101251021027565,0.0512549765408039,0.0202830825001001,0.1151353642344474,0.0,,34.82970400916667,27.6670006
2009-02-21,0.0,7710,0.1059881150722503,4.305549621582031,3.190687894821167,1.321927785873413,2.525570869445801,2.50486381322957,,39.40197349,31.9822905
2009-02-27,0.0,9220,23.628978729248047,8.151617050170898,8.193976402282715,4.172235488891602,4.766920566558838,3.945330739299612,,30.55974961916667,16.90498528
2009-02-28,1.0,8230,5.444240570068359,13.75687026977539,7.604494094848633,12.211488723754885,13.893037796020508,15.17334630350194,,20.30777004466667,13.43874148
2009-03-01,1.0,7830,13.499063491821287,21.200986862182617,18.817794799804688,27.289928436279297,26.6970329284668,29.760116731517503,,20.205970832,18.65167285
2009-03-02,1.0,8710,20.746810913085938,21.47477531433105,27.179588317871094,34.83732223510742,36.28187942504883,33.033073929961084,,20.6248637335,16.84447618
2009-03-06,0.0,9360,24.98390007019043,28.70168685913086,20.635421752929688,20.291183471679688,21.950275421142575,32.44688715953308,,19.668366147333334,10.9352778
2009-03-21,0.0,11500,36.6666259765625,18.00216293334961,15.018997192382812,17.263654708862305,15.9010591506958,20.37898832684827,,16.7481611,11.49006522
2009-04-10,0.0,14000,1.2543034553527832,7.785053253173828,4.281937599182129,3.762331962585449,7.753753662109375,1.3009727626459129,,31.567671495000003,12.81408345
2009-05-02,0.0,12200,4.2848663330078125,3.4709601402282715,11.786023139953612,12.806788444519045,17.863733291625977,8.825875486381314,,17.932777998333336,11.62693865
2009-05-04,1.0,16100,22.028438568115234,40.1812858581543,50.00722503662109,47.3511848449707,48.69704818725586,56.79085603112839,,29.727591121666663,25.505925500000004
2009-05-05,1.0,18400,48.486328125,60.020599365234375,55.09743881225586,54.75632858276367,46.11264801025391,82.68560311284045,,29.917184239833333,25.8352135
2009-05-19,0.0,25900,20.70080947875977,19.30694580078125,14.07419776916504,17.047155380249023,18.96928977966309,13.513813229571976,,5.844355814333333,0.75232633
2009-05-31,0.0,29000,0.0,0.0,0.0288196802139282,2.7660347768687643e-05,0.0659213587641716,0.0,,17.436232131666667,9.81439928
2009-06-05,0.0,29500,0.0026587301399558,0.6027109622955322,0.0213993471115827,0.2057831883430481,0.2324801832437515,0.6620622568093382,,7.779147513333333,5.459014085000001
2009-06-19,0.0,22300,7.5067620277404785,6.473889827728272,5.398125648498535,0.9738262891769408,2.069951057434082,4.584824902723732,,4.13288171575,1.4105131785
2009-06-24,2.0,15000,8.660246849060059,6.820784568786621,8.7951078414917,6.842095375061035,8.671643257141113,6.3850194552529205,,8.547722334333333,5.913960415
2009-06-25,2.0,15400,8.379902839660645,6.820784568786621,8.922808647155762,6.9501800537109375,8.857995986938477,6.355836575875489,,5.081162765166667,3.019116131
2009-06-26,0.0,17700,8.203307151794434,1.4260005950927734,8.34001350402832,4.777414321899414,7.915512561798096,2.8052529182879398,,3.143274341583333,0.29246134025
2009-07-08,0.0,14500,12.466784477233888,2.36462664604187,3.351335287094116,3.471795082092285,7.346906661987305,1.645914396887159,,5.359616086333333,3.049998184
2009-07-10,0.0,13500,0.05325198918581,0.0,0.929719090461731,2.31921935081482,1.8284263610839844,1.1178988326848254,,16.29657291766667,7.009642416
2009-07-29,0.0,10500,8.36949348449707,5.849820137023926,1.3681342601776123,2.963939666748047,0.18843474984169,7.887159533073931,,2.125101690983333,1.07852655795
2009-07-31,0.0,12000,8.758203506469727,0.023148326203227,0.9359421133995056,3.0541369915008545,0.5594279766082764,2.516536964980548,,3.101383326666667,1.5743599700000002
2009-08-10,2.0,7130,28.03695297241211,25.627410888671875,4.739889621734619,27.63688850402832,35.597679138183594,33.838521400778205,,1.6341041255,0.21522404
2009-08-11,2.0,8090,33.26914978027344,28.11405372619629,5.546260356903076,28.43597984313965,38.46624374389648,35.35,,7.392437837166666,0.16676027
2009-08-15,0.0,7180,12.669767379760742,4.706136226654053,1.3975831270217896,7.016787528991699,10.011297225952148,9.68151750972763,,8.367023733283332,2.6684341522
2009-08-17,0.0,7090,0.0602837316691875,0.0,0.0033900507260113,0.0120069934055209,0.0064965072087943,0.0,,2.42362653455,1.340503336
2009-08-28,0.0,6030,0.1391408741474151,0.0657988563179969,2.344852924346924,0.0760929137468338,0.0694747492671012,3.245330739299611,,11.404482728333331,2.3918720035
2009-09-04,0.0,7000,21.045528411865234,33.44424819946289,18.72174835205078,23.396875381469727,13.486159324645996,32.54630350194554,,3.5856080400000003,1.31485872
2009-09-05,1.0,7570,23.25974464416504,40.5887451171875,7.594559669494629,25.02557182312012,25.77136611938477,41.711673151750944,,4.405830005,1.29248244
2009-09-06,0.0,7590,44.34123611450195,42.483985900878906,29.35858154296875,49.657691955566406,37.936641693115234,52.57859922178986,,3.5838664275,1.2599374875
2009-09-15,2.0,7690,0.0962539687752723,0.3309977054595947,0.0281588304787874,0.1240951120853424,0.4624806344509125,1.078793774319066,,30.33729754666667,13.91427597
2009-09-16,2.0,7540,0.8769049644470215,0.3309977054595947,2.683143615722656,0.8470731377601624,2.0759477615356445,0.7836575875486387,,25.896459442666668,7.92509985
2009-09-17,2.0,7600,0.9126073122024536,5.066887855529785,2.6575422286987305,0.8457784652709961,2.0178847312927246,0.7750972762645919,,16.81159581266667,1.92382315
2009-09-18,2.0,7650,3.458024024963379,15.727907180786133,10.101692199707031,7.865077018737793,17.21843719482422,14.109533073929963,,4.783417831616667,1.5921258418500002
2009-09-19,2.0,7560,15.322757720947266,15.72849941253662,7.733714580535889,7.691713809967041,15.657328605651855,14.795330739299612,,4.218616378949999,0.56623136185
2009-09-20,0.0,7200,15.244880676269531,10.992609024047852,7.733705997467041,7.691716194152832,15.657328605651855,15.473929961089498,,4.391057033719999,0.21571647616
2009-09-24,0.0,5480,0.034634917974472,0.0,0.0001578113588038,3.4668250009417534e-05,0.0100836465135216,1.0875486381322954,,18.7509563008,0.8619691495
2009-09-25,0.0,5360,0.034634917974472,0.0,0.0001584431156516,0.0013989462750032,0.0126895904541015,0.0,,11.89903325515,0.94273761255
2009-10-03,0.0,6160,21.19942283630371,5.605246067047119,9.52746868133545,8.285737991333008,10.99984359741211,8.841439688715948,,2.284947449541667,0.45008542765
2009-10-13,2.0,4850,5.435772895812988,23.208415985107425,37.43758392333984,29.63282966613769,26.09882354736328,35.82256809338522,,27.11448814233333,22.730462595
2009-10-14,2.0,4980,26.077587127685547,29.377174377441406,42.36941909790039,32.849544525146484,27.945594787597656,36.99513618677044,,24.15890351833333,21.19115135
2009-10-15,4.0,5590,29.349315643310547,74.29299926757812,46.96962738037109,36.7418212890625,35.018646240234375,70.49513618677042,,19.304907745,18.2763382
2009-10-16,4.0,5990,74.71244812011719,105.88591003417967,80.344482421875,65.93074035644531,78.2430191040039,107.70097276264588,,20.753276751,18.3551319
2009-10-17,4.0,22000,107.93093872070312,106.7872085571289,84.46866607666016,71.28323364257812,88.93199157714844,111.26731517509722,,21.08911986,18.0438328
2009-10-18,4.0,29200,107.67150115966795,56.79790878295898,65.2037582397461,65.35625457763672,80.1166000366211,75.07821011673147,,36.7496914221,28.33039025
2009-10-21,0.0,10100,13.516820907592772,21.774093627929688,11.62820053100586,9.053877830505373,17.606658935546875,12.920622568093394,,42.098396013333335,33.1653308
2009-10-23,1.0,10900,61.84503173828125,42.83814239501953,38.22663497924805,39.99993133544922,27.09938621520996,46.427821011673146,,25.671880045666672,21.8254625
2009-10-25,1.0,15800,72.64198303222656,57.40180206298828,27.338951110839844,55.110965728759766,55.09129333496094,78.88073929961097,,20.94737749316667,17.2984456
2009-10-26,1.0,19800,66.22977447509766,60.14427947998047,27.747825622558597,60.20814895629883,60.05621719360352,79.08988326848255,,19.86513294983333,15.333525079999998
2009-10-28,4.0,19500,44.06949996948242,24.952709197998047,17.24887466430664,21.463115692138672,24.76634788513184,24.381128404669266,,17.79085586151667,10.17169058
2009-10-29,4.0,17000,30.74520301818848,48.81822967529297,35.160343170166016,23.917146682739254,39.270973205566406,48.98852140077821,,19.55333178318333,9.5504782
2009-10-30,4.0,19800,65.31372833251953,55.771026611328125,77.93563842773438,55.025150299072266,75.25802612304688,67.88735408560314,,22.234196748183333,7.412960698
2009-10-31,4.0,45400,76.48502349853516,40.70763397216797,67.74564361572266,41.156005859375,59.5269889831543,48.83579766536966,,41.67514168433334,18.977710698
2009-11-05,2.0,19600,38.62106323242188,58.06078720092773,52.27686309814453,57.01604080200195,55.55585479736328,63.13560311284049,,37.52954574726667,25.39070342
2009-11-06,2.0,26800,67.34447479248047,82.1697998046875,77.7125015258789,90.26066589355467,81.21431732177734,100.14902723735408,,30.139636698916668,19.9091145615
2009-11-09,1.0,22100,53.15995407104492,40.82212829589844,34.32448196411133,36.3506088256836,59.16783905029297,37.27840466926072,,33.76189001916667,18.1490394275
2009-11-15,4.0,15800,52.32405853271485,100.34346771240234,78.94586181640625,75.63349151611328,86.83267211914062,87.80116731517509,,29.036702135,21.78905015
2009-11-16,4.0,30200,107.65226745605467,121.1943817138672,126.77822875976562,120.74464416503906,134.2660369873047,122.32140077821008,,31.42304118383333,19.43015545
2009-11-17,4.0,66000,131.15431213378906,119.46956634521484,109.4059600830078,104.84803771972656,114.93394470214844,94.6857976653696,,26.61004711883333,18.22681665
2009-11-18,1.0,58400,122.02313995361328,102.65916442871094,102.65322875976562,116.1261749267578,125.43983459472656,97.1830739299611,,33.922508505500005,18.52752115
2009-11-19,1.0,42200,99.50955200195312,101.23236846923828,87.49829864501953,103.56784057617188,122.72247314453124,95.36128404669265,,34.94711429566667,22.1373221
2009-11-20,1.0,52700,94.2305908203125,92.87580871582033,93.4268798828125,106.4293441772461,123.07259368896484,102.5618677042802,,38.164030539,26.47649025
2009-11-24,2.0,27900,39.95659637451172,39.54728698730469,26.890195846557617,22.352140426635746,39.79337692260742,35.31848249027237,,23.836982532166665,16.42445455
2009-11-25,2.0,29400,54.37101364135742,38.00550079345703,36.32391357421875,39.50081634521485,54.68794250488281,62.80233463035019,,33.0989691655,17.520758299999997
2009-11-26,2.0,47900,56.89670181274414,35.415584564208984,30.237022399902344,28.92562484741211,37.25472640991211,60.54941634241244,,42.00289453216666,18.40419695
2009-11-27,0.0,55600,45.46501159667969,24.050987243652344,32.91340637207031,33.82965850830078,39.2573356628418,53.72198443579767,,39.74347113,21.40481845
2009-12-12,0.0,11400,0.6615474820137024,6.545305252075195,0.0198526252061128,1.2697511911392212,4.768399238586426,4.221984435797664,,43.334422304,29.32524179
2009-12-16,0.0,9920,52.89199066162109,42.783782958984375,45.34543228149414,60.990196228027344,65.67622375488281,33.2439688715953,,30.026379369000004,17.8786348
2009-12-19,0.0,11100,24.364673614501957,34.07527160644531,54.95442581176758,19.688676834106445,30.979633331298828,43.06108949416344,,16.1666216949,16.75716385
2009-12-20,1.0,13100,41.44637298583984,43.34885025024414,83.21495056152344,53.726318359375,41.02965545654297,79.35272373540859,,16.792530935316666,15.058473
2009-12-21,1.0,22500,52.989593505859375,35.21846389770508,84.22224426269531,52.33436965942383,42.115699768066406,67.4173151750973,,19.61139751698333,12.07862905
2009-12-27,0.0,13200,0.1047400832176208,0.7087568640708923,1.3629553318023682,1.4633139371871948,1.0516011714935305,0.170817120622568,,66.46762716833334,57.9238795
2009-12-30,0.0,10200,11.432659149169922,22.195388793945312,28.10144424438477,17.932270050048828,19.412670135498047,15.73307392996109,,47.70475231100001,32.43225395
2010-01-08,2.0,17400,26.64914321899414,24.12705612182617,38.081153869628906,22.319448471069336,35.92533493041992,26.945525291828776,,45.782729878333335,43.087075250000005
2010-01-09,2.0,17400,29.45165634155273,28.658111572265625,39.90827941894531,22.321083068847656,37.188602447509766,32.51692607003889,,34.01650837333333,29.53047225
2010-01-10,3.0,19400,35.29338836669922,42.39801406860352,80.96604919433594,39.059669494628906,38.24570083618164,40.74299610894943,,16.547267485,12.083404985
2010-01-11,3.0,20500,48.65377807617188,53.29429626464844,108.01608276367188,35.068458557128906,40.4212760925293,55.445525291828815,,16.057773983,7.967969135000001
2010-01-12,3.0,33300,65.13824462890625,54.17286682128906,120.42914581298828,46.4712142944336,54.24296188354492,62.99474708171208,,19.595159996333333,6.526215695
2010-01-14,2.0,28100,56.76008605957031,52.052764892578125,117.65089416503906,63.833343505859375,121.94239807128906,64.62101167315178,,27.05035372,12.80103706
2010-01-15,2.0,33500,62.92566680908203,48.82371520996094,105.37360382080078,52.56428146362305,107.81390380859376,51.797859922179015,,26.356376046616663,13.64306503985
2010-01-17,1.0,30800,39.66292572021485,19.840564727783203,15.453341484069824,19.806421279907227,19.560361862182617,9.3647859922179,,25.71955710878333,11.796533864850002
2010-01-18,1.0,21300,16.109813690185547,12.723223686218262,15.842025756835938,21.48497772216797,21.771453857421875,7.601167315175098,,29.5696797455,21.789823825000003
2010-01-19,1.0,18100,9.83288860321045,7.305282115936279,12.953450202941896,16.50753402709961,15.115819931030272,3.9186770428015567,,43.18029623333334,39.9312064
2010-01-20,1.0,17100,5.570638656616211,2.82449722290039,5.574471950531006,4.521703720092773,8.710174560546875,1.6877431906614793,,57.13006681666667,50.083884
2010-01-26,0.0,12700,14.300174713134766,4.965339660644531,16.75023651123047,18.441913604736328,16.484542846679688,3.3204280155642034,,17.296700829133332,7.0020585095
2010-01-28,0.0,12000,0.2677956521511078,4.278598308563232,1.752764344215393,0.4612853527069092,0.5774823427200317,2.0710116731517507,,13.936061669016668,0.1885897805
2010-01-30,0.0,9500,8.150625228881836,11.350200653076172,13.527658462524414,9.24452781677246,15.836023330688477,8.575875486381321,,8.704171560333332,2.789785031
2010-02-05,0.0,12000,7.923512935638428,7.89203405380249,10.431400299072266,7.310981273651123,9.58332633972168,4.939299610894946,,28.1878120685,13.042697
2010-02-11,1.0,9650,15.648101806640623,27.854007720947266,43.61367034912109,37.00297546386719,46.4575424194336,30.84766536964981,,22.42192933551667,9.007275721
2010-02-12,1.0,9380,28.803977966308597,36.46403884887695,50.30635833740234,45.914852142333984,58.90587615966797,39.547859922179,,21.917084152833333,10.04017095
2010-02-13,1.0,9780,37.867584228515625,33.82503890991211,61.17424392700195,48.74518966674805,64.6369400024414,34.036770428015565,,16.710801047833336,7.440088785
2010-02-14,1.0,11600,35.94438171386719,28.822532653808597,34.63059997558594,26.07650375366211,39.95915985107422,24.20194552529183,,11.654368681666668,4.697077275
2010-02-21,0.0,10600,0.2163531482219696,0.0,0.0001891453430289,0.0,0.0,0.0085603112840466,,17.225695475666665,5.862187725
2010-02-22,0.0,11200,0.1804305464029312,5.275197982788086,0.0004884881200268,0.0025584762915968,0.4541962742805481,2.361673151750974,,15.254210677,5.892774975
2010-02-23,0.0,10100,3.358510255813598,16.684825897216797,16.21501922607422,9.86463737487793,16.6927433013916,15.01556420233462,,12.884737510041669,5.06424248715
2010-02-26,1.0,9880,27.356273651123047,26.17548942565918,29.744121551513672,40.752559661865234,34.444297790527344,19.113424124513628,,16.462697631666668,8.368193495
2010-03-05,0.0,10600,5.9372172355651855,0.0023464078549295,0.0804635286331176,0.9039640426635742,0.175518199801445,0.1011673151750972,,14.635055004666668,8.9045802
2010-03-07,0.0,9970,4.46762228012085,4.31476354598999,7.8912248611450195,4.5072021484375,5.469583988189697,3.917898832684824,,15.26963742666667,4.715836995
2010-03-08,0.0,9770,5.65620756149292,4.401228427886963,9.199769973754885,5.645605087280273,6.775666236877441,3.92704280155642,,18.5226098,8.566973695
2010-03-11,0.0,7390,28.642391204833984,45.32008743286133,40.62717056274414,47.88188552856445,41.51079177856445,41.13696498054474,,19.85313474666667,17.480550299999997
2010-03-16,2.0,7710,16.147024154663086,17.46094512939453,19.59347152709961,11.976326942443848,17.4818058013916,15.24961089494164,,29.393947165,18.839792950000003
2010-03-17,2.0,8510,18.83170509338379,15.925097465515137,18.8726806640625,10.245631217956545,15.81230640411377,14.211478599221795,,32.597090405,28.066374
2010-03-23,0.0,10800,19.473363876342773,4.2253851890563965,15.2346773147583,11.72551441192627,11.774432182312012,2.75486381322957,,39.69232413900001,23.63481035
2010-03-24,0.0,10700,4.57560920715332,14.541428565979004,8.532304763793945,10.1441011428833,5.770922660827637,14.457976653696498,,34.87928054715,26.36706425
2010-03-28,1.0,11500,33.33811950683594,51.01080322265625,53.72990798950195,54.63947296142578,54.33955001831055,47.72392996108948,,18.16729091266667,12.8481837
2010-03-29,1.0,12200,52.1087646484375,56.28572082519531,73.19444274902344,71.0485610961914,72.51729583740234,52.3714007782101,,15.605863043666666,10.76342695
2010-04-07,0.0,11900,35.97080993652344,39.32947540283203,41.06489562988281,33.12305450439453,38.6968879699707,38.14961089494163,,16.44927415845,12.666961400000002
2010-04-09,0.0,13500,35.89653778076172,17.443614959716797,39.72005844116211,29.40049934387207,38.77231979370117,14.011089494163429,,20.88165104855,11.373264545
2010-04-22,0.0,14500,15.032235145568848,12.658788681030272,9.876432418823242,19.71426773071289,12.89918041229248,12.512451361867704,,6.857946746666666,4.60533935
2010-04-26,1.0,11400,17.55886459350586,18.349023818969727,20.21040725708008,21.66739654541016,18.112628936767575,21.91186770428015,,11.2665585852,3.4439112400000003
2010-04-27,1.0,12800,21.88345718383789,23.858177185058597,22.28306770324707,26.001691818237305,28.320220947265625,27.61381322957199,,11.979462362366665,6.77539
2010-05-02,1.0,10900,30.45344352722168,48.57764434814453,32.996280670166016,46.05952835083008,50.949317932128906,49.547665369649806,,14.758027228333336,4.654995645
2010-05-03,1.0,15300,54.14996337890625,49.95254135131836,39.09477615356445,51.287139892578125,56.89979553222656,50.50369649805447,,10.9999389255,3.30125581
2010-05-06,0.0,14400,10.492754936218262,5.845752716064453,2.635833740234375,11.755061149597168,9.661709785461426,2.440077821011674,,7.904088452766667,6.90893986
2010-05-09,0.0,11200,0.7474325895309448,0.122066892683506,0.433125227689743,6.260871887207031,2.9872186183929443,0.2801556420233463,,8.279940432416666,3.555966897
2010-05-12,0.0,11700,0.0324960313737392,0.0,0.1384455561637878,0.0092983786016702,0.2283575236797332,0.0359922178988326,,9.923875515166667,7.403277435
2010-05-19,1.0,23300,24.132095336914062,29.4648494720459,27.60036849975586,33.0317268371582,28.57313537597656,29.9577821011673,,5.309208642683334,0.90478386985
2010-05-20,1.0,22800,31.37348175048828,24.749849319458008,27.64073944091797,33.49485397338867,24.07945251464844,24.565953307392984,,5.325459361416667,0.5782917783499999
2010-05-26,0.0,13300,9.412768363952637,26.904136657714844,12.927217483520508,11.914599418640137,18.913742065429688,27.55408560311284,,4.496094591566667,0.7284213446999999
2010-05-28,0.0,17200,35.56541061401367,28.90189743041992,21.008699417114254,47.54194641113281,29.21787643432617,29.331128404669265,,4.982723012666666,1.4519416115
2010-05-29,0.0,20100,30.77022171020508,12.568382263183594,21.985544204711918,46.579402923583984,28.229337692260746,12.477431906614791,,6.046852266,3.826611315
2010-06-01,1.0,20600,16.36524200439453,34.015113830566406,52.07862854003906,42.19466781616211,48.7075080871582,30.38579766536963,,7.740463438166666,3.994861715
2010-06-02,1.0,21400,35.97462463378906,32.08717727661133,42.91645050048828,36.9011344909668,42.54707717895508,26.947470817120603,,7.758677850666666,3.741049325
2010-06-03,0.0,29800,32.065773010253906,29.953689575195312,50.7602424621582,42.359657287597656,40.38629913330078,26.818093385213984,,7.159085241666666,2.695252
2010-06-07,0.0,21600,19.01664924621582,24.20653533935547,6.4947357177734375,15.53501796722412,18.321531295776367,21.9114785992218,,11.837779207833332,3.9154430935
2010-06-08,0.0,25600,25.2311954498291,20.50687599182129,22.410051345825195,24.87484741210937,14.845947265625,18.78482490272372,,10.743846195666666,3.695443722
2010-06-12,0.0,22100,4.048965930938721,0.4826532006263733,1.1961662769317627,2.338247060775757,6.046680450439453,0.2780155642023346,,6.6800248985333335,4.47499751105
2010-06-16,0.0,17600,14.108731269836426,18.4724063873291,12.53668212890625,20.468950271606445,19.380069732666016,10.98657587548638,,9.428452133916666,6.495691718
2010-06-18,0.0,16100,6.048375606536865,5.605984687805176,2.096982717514038,9.199546813964844,6.247341156005859,2.8420233463035,,1.9992964215325,0.76747895
2010-06-21,0.0,20100,6.724395275115967,6.494643688201904,3.753087759017944,8.018217086791992,2.7921037673950195,4.276070038910507,,3.7307720347833335,2.359947905
2010-06-23,0.0,21100,0.269652783870697,0.0,0.1130090653896331,0.0534876883029937,0.2117392867803573,0.0103112840466926,,4.877307883433334,1.76326067465
2010-07-02,0.0,21000,3.743957042694092,4.287924766540527,4.288188934326172,3.3874218463897705,8.344724655151367,2.219455252918288,,13.2872229305,6.2738453
2010-07-04,1.0,15800,2.696821689605713,1.9953504800796509,1.192175030708313,1.8967416286468504,2.8564658164978027,1.1564202334630351,,9.06074234,6.569128875
2010-07-05,1.0,14500,1.7852165699005127,1.9953504800796509,1.0820095539093018,1.740821361541748,2.719775676727295,1.1564202334630351,,6.0328402133333325,4.784840675
2010-07-10,1.0,27300,0.0,0.0,0.007461205124855,0.0022651811596006,0.0784266665577888,0.0073929961089494,,8.913213646666666,2.62163393
2010-07-11,1.0,28000,0.1521944105625152,3.783973693847656,0.4133661985397339,0.5746124982833862,1.245468020439148,1.3826848249027237,,12.575622133333331,7.370483099999999
2010-07-31,0.0,14900,6.0486674308776855,8.406542778015137,0.7316544055938721,4.777751922607422,1.3701452016830444,6.187159533073929,,5.521079447666667,0.959269695
2010-08-08,0.0,12500,8.749048233032227,13.255739212036133,2.660251379013061,5.093987464904785,5.99193286895752,8.300778210116734,,2.340994446666667,0.06630342
2010-08-09,0.0,13300,10.217277526855469,5.94381046295166,2.833707094192505,6.453324317932129,3.0233757495880127,3.3194552529182904,,2.83345276135,0.0259922390499999
2010-08-12,0.0,12000,0.1464166641235351,0.0,0.4915517568588257,0.2532344460487366,0.0114041538909077,0.3560311284046693,,1.536611448966667,0.1568732755499999
2010-08-18,0.0,11700,0.974934220314026,0.06824192404747,0.0222294647246599,0.157046690583229,0.5334970951080322,0.2437743190661478,,7.387716343316667,0.974617242
2010-08-21,0.0,10100,1.1238019466400146,1.951155424118042,0.5510306358337402,0.7984260320663452,2.7736144065856934,0.946887159533074,,1.7700662054499998,0.16348415635
2010-08-23,0.0,8580,2.3732056617736816,0.7568199634552002,0.5485183000564575,0.9497849345207214,2.810260534286499,0.6108949416342411,,5.067545785116667,0.52604599035
2010-08-24,0.0,9450,1.5811796188354492,0.0,0.0563532747328281,0.1529194861650467,0.0426293164491653,0.0073929961089494,,7.141069495,0.53084622
2010-08-29,0.0,8270,5.514150619506836,6.944611072540283,0.8246679306030273,2.3242897987365723,2.024726152420044,1.4214007782101166,,3.3026728616666663,0.1874512299999999
2010-08-30,0.0,8040,5.328327178955078,30.93243408203125,15.185830116271973,12.064083099365234,4.395527362823486,27.468677042801577,,2.958122793333333,0.1874512299999999
2010-08-31,2.0,7650,33.50228500366211,31.29101181030273,22.65930938720703,20.3643856048584,14.242401123046877,27.29416342412453,,1.9377953860000003,0.041007478
2010-09-01,2.0,9380,32.84345245361328,25.39830780029297,22.165172576904297,18.383272171020508,13.64875602722168,26.474124513618698,,5.692045117000001,3.503560443
2010-09-03,0.0,6410,0.7177024483680725,0.4155630767345428,0.0094992965459823,0.0294030867516994,0.6662799119949341,0.0797665369649805,,7.542632008416668,3.55466606225
2010-09-09,0.0,8880,15.38972282409668,12.170944213867188,12.965474128723145,11.86672592163086,18.32050895690918,10.374708171206224,,13.16737255833,7.57014768
2010-09-11,1.0,9880,7.395125865936279,21.875608444213867,1.9498798847198489,12.528939247131348,10.017324447631836,17.964202334630354,,8.33505836383,5.011977191500001
2010-09-12,1.0,9550,20.776592254638672,19.32941246032715,1.2002147436141968,12.384990692138672,9.733948707580566,16.975680933852143,,1.4044126438333333,0.3366144915
2010-09-13,1.0,11400,19.684267044067383,14.706133842468262,1.1079351902008057,12.243922233581545,9.701722145080566,15.268871595330742,,3.7366643983333336,1.1081730950000002
2010-09-24,4.0,13800,14.281046867370604,24.01523971557617,4.5148444175720215,11.88665008544922,14.118062019348145,17.408949416342413,,32.971278354166664,2.5006675625000003
2010-09-25,4.0,13700,20.05242347717285,24.02817916870117,30.439083099365234,17.135820388793945,29.47682762145996,18.362840466926063,,28.21319727633333,3.433017829
2010-09-26,4.0,12400,20.943347930908203,30.82537269592285,31.2617301940918,11.490970611572266,24.779125213623047,23.66108949416342,,23.693062504726665,3.5665885203500003
2010-09-27,3.0,14900,30.992197036743164,31.142038345336918,31.308164596557617,17.26035499572754,31.923982620239254,21.21653696498054,,11.13599536006,1.73331128635
2010-09-28,3.0,16400,32.97983932495117,20.061782836914062,4.179351806640625,6.39213752746582,9.757439613342283,10.408171206225685,,12.589173991076668,0.8330368513499999
2010-10-02,0.0,10400,0.6550655961036682,0.2885845005512237,0.2456219941377639,0.0236804820597171,0.0207375511527061,0.2933852140077821,,27.146322896666668,10.1158294
2010-10-08,4.0,6540,6.530159950256348,47.93564987182617,21.095821380615234,12.438605308532717,29.90015411376953,53.57704280155642,,10.015009846666668,2.52524106
2010-10-09,4.0,6480,55.2342643737793,66.9273910522461,64.82461547851562,55.392459869384766,80.1949462890625,70.31050583657586,,10.069588321666666,2.227647365
2010-10-10,4.0,17400,74.65242004394531,62.5005111694336,63.716190338134766,55.06858444213867,80.2960205078125,65.33910505836573,,15.73806941,2.8844831600000003
2010-10-12,0.0,17000,21.701396942138672,3.404050350189209,0.1471271812915802,0.2045906037092209,1.2836878299713137,1.321400778210116,,25.790045022,10.630786345
2010-10-20,0.0,10800,0.0388412699103355,2.8329904079437256,3.981651843787404e-06,3.2105419904837618e-06,0.0599967800080776,1.4916342412451369,,14.02796119,10.37847525
2010-10-21,0.0,11200,1.9785833358764648,5.1073994636535645,2.019862651824951,0.9282349348068236,4.386612892150879,3.3680933852140083,,20.10042095,16.8646526
2010-10-23,2.0,9880,16.013816833496094,33.19922637939453,29.154191970825195,38.64781951904297,42.97627258300781,44.44066147859925,,38.82900144633333,18.76625007
2010-10-24,2.0,11600,39.8477668762207,50.89704895019531,74.25445556640625,77.12855529785156,78.23397827148438,73.49610894941638,,34.07296729633333,11.702112819999998
2010-10-27,0.0,16100,38.73608016967773,10.400358200073242,47.759368896484375,29.055837631225582,34.885223388671875,15.288326848249014,,21.406210484,19.8856818
2010-10-31,3.0,13700,29.84622573852539,64.44062805175781,54.15970230102539,64.2944564819336,86.82608795166016,76.58365758754867,,51.8310355835,34.800674
2010-11-01,3.0,15700,71.05859375,55.92703628540039,60.44937896728516,67.04239654541016,89.9086685180664,64.35447470817124,,44.07393983833333,28.5626765
2010-11-02,3.0,29000,58.85515975952149,40.71253204345703,43.36742782592773,54.16527938842773,70.93531799316406,48.36750972762649,,41.36295623216667,26.4345245
2010-11-04,1.0,15600,1.5347007513046265,8.08901309967041,0.3154654204845428,0.2337591648101806,0.0756256729364395,9.199805447470824,,36.76775018644,26.2424722
2010-11-05,1.0,13900,9.343539237976074,27.570350646972656,17.623926162719727,9.346710205078123,5.500057220458984,35.480350194552514,,33.59832492094,26.8495005
2010-11-06,1.0,13600,32.37242126464844,39.519657135009766,44.54169464111328,32.141456604003906,27.61376953125,47.79941634241243,,30.64107087683333,28.35066505
2010-11-07,1.0,19400,43.63639831542969,38.43183898925781,51.34928894042969,41.268314361572266,35.4415397644043,44.69221789883266,,41.318058645055,33.25302245
2010-11-13,3.0,10700,17.57822036743164,18.605430603027344,22.443159103393555,23.23830986022949,27.50130653381348,16.89435797665369,,43.369669175,34.81548985
2010-11-14,3.0,11200,17.23506736755371,47.791839599609375,27.887454986572266,32.133750915527344,38.720489501953125,54.11400778210116,,31.979024958333333,34.6111005
2010-11-15,3.0,13000,50.39812088012695,51.0439682006836,52.403079986572266,58.14079284667969,67.19281768798828,59.52684824902724,,23.182844990000003,21.27888515
2010-11-16,3.0,25500,55.32377243041992,68.3199462890625,76.48661804199219,73.01964569091797,87.97288513183594,82.78852140077822,,21.93048898083333,13.96476149
2010-11-25,0.0,11500,13.12660026550293,29.685029983520508,35.24895095825195,28.283296585083008,38.25640106201172,27.45428015564203,,30.405608355383333,20.63273965
2010-11-29,1.0,11000,20.30231666564941,44.98277282714844,68.2129898071289,42.836082458496094,59.25841522216797,52.67743190661479,,34.08505506341667,23.73862599
2010-11-30,1.0,11400,48.76167297363281,47.22985076904297,75.47418975830078,46.92088317871094,63.94429397583008,54.16498054474709,,31.332555695,16.780596335
2010-12-02,0.0,12800,42.710540771484375,10.162230491638184,11.11713409423828,11.875299453735352,13.705114364624023,6.752723735408563,,24.04545993183333,2.167938823
2010-12-07,2.0,10000,15.853782653808594,46.21271133422852,34.7030029296875,36.44340896606445,38.221981048583984,50.41945525291828,,29.770996972666666,21.65451655
2010-12-08,2.0,12100,48.29167938232422,69.03746032714844,71.5835189819336,78.11895751953125,79.44428253173828,79.113813229572,,32.03271309266666,20.4495452
2010-12-11,3.0,17900,89.49288940429688,123.78656005859376,104.10840606689452,121.728515625,115.26629638671876,145.96634241245133,,29.179070519333337,18.1592283
2010-12-12,3.0,37500,145.1808624267578,132.1420135498047,84.67738342285156,113.96769714355467,99.9140853881836,160.68385214007782,,32.062026811166675,24.1466863
2010-12-13,3.0,83500,151.1869354248047,104.7788543701172,114.26160430908205,129.1487579345703,118.87213134765624,121.4949416342412,,30.11748756616667,26.2768798
2010-12-14,0.0,56700,118.5300750732422,42.6057243347168,53.28059005737305,41.70350646972656,46.896446228027344,44.659338521400805,,26.592402258166665,23.897541425
2010-12-23,3.0,8890,18.02972412109375,33.532371520996094,31.753589630126957,24.57080078125,38.88272857666016,34.72470817120623,,28.03014152511667,19.72503655
2010-12-24,3.0,9210,32.795677185058594,40.82273864746094,45.58220291137695,32.44043731689453,46.92970657348633,37.65252918287938,,32.16387791666667,18.47430625
2010-12-25,3.0,9970,39.92919158935547,40.68102264404297,56.95928955078125,36.39323425292969,48.96631622314453,36.51945525291826,,35.91690797333334,15.9110077
2010-12-26,3.0,10300,40.075660705566406,34.691444396972656,60.77451705932617,38.815032958984375,52.665000915527344,31.354863813229567,,41.39858675133334,19.7412721
2011-01-05,2.0,8700,18.815597534179688,44.11198043823242,71.13023376464844,48.706153869628906,50.56578063964844,49.53346303501947,,53.67577158666667,49.3665462
2011-01-06,2.0,8440,41.74581909179688,57.46966171264648,116.75617980957033,74.97673797607422,78.69271087646484,76.99863813229577,,43.467524741666665,42.6368322
2011-01-07,2.0,13200,57.78147888183594,46.85895538330078,90.06526184082031,64.83255004882812,72.58142852783203,63.635797665369694,,36.642519165,25.3002363
2011-01-12,1.0,10100,45.92411804199219,80.60401916503906,70.17083740234375,68.66719055175781,70.72137451171875,101.02276264591438,,38.240996935666665,34.5059582
2011-01-14,1.0,28700,109.7493896484375,101.67022705078124,94.1199722290039,65.58222198486328,70.08629608154297,93.40389105058362,,54.28914723,57.2717162
2011-01-15,2.0,38600,122.03500366210938,128.08624267578125,119.03831481933594,88.50212860107422,71.3443374633789,144.98424124513616,,58.14523278666667,54.916477
2011-01-16,2.0,41000,145.1541748046875,113.65602111816406,104.37107849121094,106.89181518554688,82.79325866699219,144.49649805447473,,53.50993953333334,48.6045645
2011-01-17,2.0,74700,127.08399963378906,80.69878387451172,90.59898376464844,103.72288513183594,79.27385711669922,133.65447470817122,,35.834895200000005,26.1683537
2011-01-18,0.0,70300,90.6498794555664,20.04701805114746,36.63238906860352,51.26495742797852,46.17972946166992,41.32801556420236,,20.645632916666663,17.035016199999998
2011-01-20,1.0,26000,20.444664001464844,37.27168273925781,37.49101257324219,25.074392318725582,37.91999816894531,42.51867704280157,,8.994737238333334,2.6922206
2011-01-21,1.0,24800,39.87242889404297,38.1849479675293,39.17231369018555,26.275569915771484,41.17857360839844,45.01050583657589,,14.883405360333333,4.05475165
2011-01-22,0.0,26100,41.834693908691406,28.327980041503903,27.08773231506348,21.51629447937012,32.8255729675293,37.698832684824914,,20.20370756533333,6.9316131
2011-01-23,0.0,22200,32.99183654785156,22.98309326171875,29.11314582824707,9.309749603271484,15.116118431091309,23.572178988326858,,22.684046138666663,11.9558176
2011-01-25,0.0,22200,24.838457107543945,16.31687355041504,42.07959365844727,9.69656467437744,17.955707550048828,21.017315175097284,,12.364129493333332,9.10018116
2011-02-03,1.0,12800,21.150310516357425,48.61461639404297,43.60590362548828,25.04059600830078,43.37738037109375,39.28073929961087,,20.64791355915,8.774626985
2011-02-04,1.0,14900,42.9902572631836,50.84234619140625,45.415626525878906,26.386510848999023,45.90413284301758,40.261867704280135,,9.590050715,2.0708506150000003
2011-02-05,1.0,21600,45.11556243896485,47.09504699707031,59.74125671386719,28.46762084960937,51.833770751953125,41.601361867704256,,4.550089088333333,1.509656785
2011-02-06,1.0,18600,45.303985595703125,37.07704925537109,52.85258483886719,40.08076858520508,53.53247833251953,35.80778210116732,,1.6614916983333334,0.140319315
2011-02-07,1.0,19400,36.21711349487305,33.292720794677734,52.818016052246094,39.31232070922852,51.461612701416016,34.82879377431907,,2.356397937,0.091525861
2011-02-11,2.0,13700,8.056859016418457,29.646085739135746,27.92329978942871,6.337465763092041,21.366662979125977,26.97626459143969,,6.09992020095,3.29888337985
2011-02-12,2.0,13300,27.93721008300781,39.92520904541016,57.30272674560547,26.404386520385746,43.13507843017578,44.35778210116732,,6.712079578,4.7071637595
2011-02-13,2.0,15200,37.610595703125,52.79205703735352,75.55485534667969,45.532169342041016,53.55747985839844,64.04124513618677,,13.784102398166668,8.18193814
2011-02-14,1.0,15100,50.51749038696289,41.7217025756836,65.15093994140625,54.2316780090332,54.125675201416016,58.25544747081713,,15.8740642,5.441802600000001
2011-02-15,1.0,16800,39.8712043762207,38.61193084716797,42.29367065429688,41.226829528808594,44.40409469604492,49.303307392996125,,19.247794325,5.74023575
2011-02-19,0.0,12800,7.801905632019043,0.9951833486557008,0.9705571532249452,0.8244407773017883,2.5542261600494385,1.6803501945525272,,13.1799803295,1.0212038585
2011-02-24,0.0,11600,33.84081268310547,18.82450485229492,7.742782592773437,10.589971542358398,3.6423187255859375,23.483073929961066,,10.911494127833333,6.7102983
2011-02-26,0.0,10800,13.285755157470703,41.202110290527344,23.124584197998047,19.748504638671875,26.86054229736328,20.94066147859921,,7.7459518605,4.054385065
2011-02-28,0.0,11000,41.30826187133789,64.9268569946289,66.31645965576172,53.44814300537109,74.16242980957031,67.70739299610896,,15.657168152516666,7.23089172005
2011-03-05,0.0,9080,33.82217788696289,23.277624130249023,25.604402542114254,20.9880428314209,22.89276123046875,21.40505836575876,,25.53633990266667,21.9367961
2011-03-09,1.0,8560,45.95485305786133,69.36386108398438,65.4841079711914,65.18549346923828,84.60297393798828,76.42568093385216,,20.05819155,13.011230725
2011-03-13,2.0,12200,52.23770904541016,63.71875,61.78798675537109,63.097259521484375,64.2723617553711,56.75233463035019,,25.09835426833333,11.755440150000002
2011-03-14,2.0,16000,60.42930603027344,75.82247924804688,65.97183227539062,73.8747787475586,69.8047103881836,71.84474708171209,,24.00586921,10.34001735
2011-03-15,1.0,15600,76.31600952148438,66.35507202148438,70.75643157958984,77.8301773071289,66.88670349121094,71.76653696498056,,22.61775421,17.56012295
2011-03-17,0.0,15100,53.27306365966797,35.14373016357422,24.87335205078125,29.63263702392578,26.5920467376709,35.94708171206223,,25.395367539166667,18.58673495
2011-03-26,0.0,8740,13.745794296264648,15.709554672241213,12.626300811767578,9.733160018920898,16.272216796875,17.743579766536968,,35.483436850000004,29.644481
2011-03-29,3.0,7850,34.04880142211914,82.06438446044922,44.23662567138672,62.67951202392578,64.98117065429688,72.07217898832685,,8.990145949333334,4.077748885
2011-03-30,3.0,12000,98.64038848876952,106.14655303955078,80.249755859375,97.8328857421875,105.56512451171876,125.14747081712063,,12.027270414166663,6.525437974999999
2011-03-31,3.0,29700,130.50375366210938,114.19514465332033,74.31501770019531,96.44497680664062,103.84429931640624,148.07607003891053,,14.647889256666666,11.80188495
2011-04-04,1.0,15600,53.63054656982422,56.793190002441406,44.3988037109375,55.26163101196289,52.241947174072266,56.99319066147866,,17.03630388683333,9.08473325
2011-04-05,1.0,15900,63.3036994934082,56.73686218261719,66.47593688964844,73.30072021484375,73.30369567871094,68.31536964980552,,11.770379276666668,5.8190582
2011-04-10,0.0,9690,23.579011917114254,31.3712158203125,42.62207794189453,33.77407455444336,37.90312194824219,28.526653696498062,,14.148639516166668,4.097729905
2011-04-11,0.0,11000,34.34545135498047,29.583553314208984,45.1175651550293,35.071739196777344,38.77027130126953,30.650778210116744,,15.047613471666669,6.178796085
2011-04-17,0.0,10100,20.111438751220703,18.141162872314453,2.67085075378418,10.45864963531494,5.957167148590088,14.188326848249028,,11.720838221833334,7.74492877
2011-04-21,0.0,8110,9.610076904296877,8.505827903747559,5.99319314956665,6.868121147155762,8.104076385498047,5.197081712062255,,24.78128611733333,21.41111725
2011-04-22,0.0,6710,8.372210502624512,5.219909191131592,5.762577533721924,6.666484355926514,8.024051666259766,4.977237354085601,,17.911628285,16.77466465
2011-04-27,0.0,8750,30.20420455932617,22.02297592163086,34.6473388671875,37.82600402832031,44.71487808227539,27.185603112840468,,8.601793666166667,2.7032263935
2011-05-01,0.0,8100,1.5179657936096191,9.208982467651367,8.799959182739258,12.52683162689209,5.902875900268555,8.09143968871595,,11.896503718333332,6.60836458
2011-05-09,0.0,13500,11.524378776550291,6.657711029052734,4.185924053192139,4.408583641052246,6.372357368469238,2.0324902723735416,,8.868309298516666,4.456381111
2011-05-12,0.0,14300,21.500417709350582,25.224485397338867,26.122907638549805,13.513370513916016,21.06710624694824,22.119260700389123,,10.720281672833334,5.548151020000001
2011-05-20,0.0,15100,0.1024047806859016,7.226386547088623,2.5714375972747803,2.742985963821411,1.7916302680969238,4.565953307392995,,5.450744730833334,4.31474556
2011-05-31,0.0,13400,8.674161911010742,13.319449424743652,22.680418014526367,24.29238510131836,23.319873809814453,14.650972762645916,,10.268709857701666,3.987233195
2011-06-01,0.0,17400,12.351883888244627,13.52045440673828,39.02177429199219,23.61924743652344,56.64014434814453,15.336186770428014,,10.295337794225,4.33328096
2011-06-09,0.0,31100,10.024580001831056,5.570923328399658,7.644257545471191,9.879137992858888,4.925634384155273,8.12859922178988,,6.713562908111667,3.863175038835
2011-06-11,0.0,27000,0.2683353424072265,1.9134891033172607,1.2538299560546875,0.4343902468681335,0.8736832737922668,0.3826848249027236,,5.862690971,2.0688031025
2011-06-13,0.0,25600,10.523385047912598,14.278459548950195,8.809256553649902,7.316137790679932,6.72630500793457,12.44980544747082,,6.8296806025,2.2705112225
2011-06-17,0.0,25800,4.38533878326416,8.66109561920166,9.370859146118164,9.44801425933838,10.64806842803955,8.789105058365752,,9.603122326666668,6.832176110000001
2011-06-20,0.0,25900,7.893730163574219,1.1846929788589478,2.626749038696289,2.039363384246826,4.161152362823486,1.3060311284046688,,9.6957321095,5.519291174999999
2011-06-26,0.0,25400,2.3682031631469727,0.0611539855599403,1.23783540725708,1.894378900527954,0.9984903931617736,1.2704280155642012,,3.0847499245000005,1.1357623785
2011-06-27,1.0,24200,0.2051150649785995,3.348684310913086,2.4183826446533203,0.7363729476928711,0.5041446089744568,0.0624513618677042,,5.256738712500001,1.9364128675
2011-06-28,1.0,28200,1.903518319129944,12.943395614624023,11.439655303955078,5.072464466094971,9.650134086608888,8.218677042801565,,8.065472167500001,2.391896595
2011-06-29,0.0,33700,13.283133506774902,19.56952667236328,16.333160400390625,8.798663139343262,18.920738220214844,13.196692607003897,,7.745406017500001,2.255116405
2011-07-12,0.0,24500,7.664098739624023,12.96291446685791,1.3849542140960691,5.018185615539551,3.777249813079834,12.249221789883263,,7.5950726221,3.09344049735
2011-07-14,0.0,27300,19.86273956298828,13.22038745880127,7.318520545959473,19.065832138061523,22.69918441772461,17.30175097276264,,7.44073686045,0.01308596785
2011-07-15,0.0,27300,13.737030982971191,13.674428939819336,7.285810947418213,23.51850128173828,22.51167106628418,15.791828793774318,,5.602859210866667,0.175107629
2011-07-16,0.0,30100,14.150897026062012,12.4599609375,2.7323756217956543,11.310783386230469,8.669557571411133,10.239494163424126,,2.374850222533333,0.175107629
2011-07-18,0.0,31600,9.03580379486084,7.824666023254394,1.4269285202026367,4.464935302734375,2.797239303588867,3.4605058365758774,,5.125192865,0.158914685
2011-07-22,0.0,35800,11.62236785888672,9.078975677490234,2.651200771331787,5.709508419036865,2.7240443229675293,5.182490272373543,,7.477908643416667,1.86382223025
2011-07-23,0.0,32000,9.98756217956543,0.0,0.2599684596061706,0.3036804795265198,0.3442783057689667,2.135603112840468,,6.19263731175,1.60564778525
2011-08-05,0.0,24800,0.0,0.0,1.53331729961792e-05,0.054929070174694,0.0476217456161975,0.0,,1.3280489158166666,0.01679552695
2011-08-08,0.0,21900,0.1238710284233093,0.0,7.227004061860498e-08,0.0012536441208794,0.0017064930871129,0.0420233463035019,,0.8389575955,0.0051836165
2011-08-14,0.0,18800,0.0993134975433349,0.0,0.2522430717945099,0.0284919403493404,0.643192708492279,0.1256809338521399,,4.616826726666667,0.7298970300000001
2011-08-21,3.0,15400,0.0097916666418313,7.931385993957519,0.2633363008499145,6.270446300506592,3.246203660964966,8.988910505836582,,2.9739392718333333,0.5073414055
2011-08-22,3.0,16000,12.35028839111328,8.419888496398926,7.3415374755859375,13.312339782714844,9.058477401733398,12.582490272373548,,7.395989511666666,2.6811487
2011-08-23,3.0,16900,13.463732719421388,8.419888496398926,7.341464042663574,13.312339782714844,9.170026779174805,13.444941634241252,,7.490032816666667,2.6811487
2011-08-24,0.0,17500,13.45851230621338,0.4885026812553406,7.147390365600586,7.042545795440674,6.160412788391113,4.542996108949416,,6.471944861666668,2.711039035
2011-08-26,0.0,15900,0.0146448416635394,0.0,0.0691716745495796,0.0006587505340576,0.2386545240879058,0.0772373540856031,,2.4633312749250007,0.8578581200000001
2011-08-27,0.0,14400,0.0100734131410717,0.0,9.473909449297936e-05,1.1354732123436406e-05,0.0021243970841169,0.0184824902723735,,2.4065345990916667,0.57277456
2011-09-01,0.0,11100,1.1394366025924685,0.1264912188053131,0.115158163011074,0.6601553559303284,0.6752704381942749,0.0070038910505836,,5.356965245966666,1.8098455379
2011-09-04,0.0,11300,0.0917103216052055,0.0,0.0011941859265789,2.2246371145229205e-07,0.0001575508940732,0.0060311284046692,,8.129969075333335,1.182669726
2011-09-11,0.0,12100,0.0013710317434743,0.0,6.611466960748658e-05,8.561603863199707e-06,0.0197511687874794,0.0,,21.108573148833333,6.252462982999999
2011-09-14,0.0,11300,0.5453234314918518,4.199148654937744,0.6194217205047607,0.9762111306190492,1.4946085214614868,1.0017509727626457,,23.5222704205,22.03658135
2011-09-21,4.0,8230,4.809287071228027,13.352298736572266,2.3291146755218506,1.4108757972717283,9.46218967437744,11.810700389105056,,29.983810853,20.2946355175
2011-09-26,4.0,8950,56.39854431152344,70.47367095947266,61.58980178833008,65.31734466552734,59.454010009765625,67.96147859922175,,14.776229357705,0.272401148115
2011-09-27,4.0,17300,70.6879653930664,56.20210266113281,51.53160858154297,59.42810821533203,51.82489013671875,65.36420233463032,,15.483523260371664,0.190154076615
2011-09-29,0.0,13300,16.312908172607422,0.2871029376983642,1.382706880569458,1.1048989295959473,0.939244270324707,6.821206225680931,,2.9921702587166665,0.04761326165
2011-10-02,2.0,8370,11.443586349487305,23.47318649291992,12.77297306060791,14.061203956604004,6.206181049346924,20.70252918287938,,3.779352850833333,0.8881883844999999
2011-10-03,2.0,8250,21.000263214111328,18.98187828063965,12.941812515258787,15.092382431030272,13.309840202331545,20.13813229571985,,11.946068124833332,7.1563193945
2011-10-10,1.0,8350,25.92923927307129,53.77735137939453,57.58721160888672,50.83837890625,49.2249755859375,49.963229571984456,,7.084246994558333,2.378035267
2011-10-11,1.0,10800,64.82283782958984,58.462059020996094,72.12855529785156,66.71456909179688,54.61118316650391,77.66322957198444,,7.0866659683333335,2.5642739
2011-10-12,1.0,25600,69.70417785644531,43.19129943847656,53.144039154052734,59.68290710449219,46.48643112182617,69.31108949416344,,6.605106800666666,2.209171047
2011-10-22,1.0,13000,56.30000305175781,44.45210647583008,31.495302200317383,48.0801887512207,40.964473724365234,46.4632295719844,,14.645918073333334,8.9162706
2011-10-23,1.0,20300,51.77635955810547,30.886741638183597,28.793428421020508,32.7250862121582,36.71263885498047,44.44533073929957,,21.55991660666667,14.79126555
2011-10-25,0.0,13500,4.55443811416626,5.55977725982666,4.399802684783936,2.67329740524292,4.024247169494629,10.802334630350185,,25.171403973333334,20.6337753
2011-10-28,1.0,11300,20.709753036499023,21.99678421020508,26.38370132446289,16.972354888916016,35.26361083984375,17.687743190661468,,32.6653844895,29.65553665
2011-10-30,1.0,12300,40.73768615722656,24.762067794799805,15.830398559570312,15.395950317382812,23.49578094482422,29.835992217898827,,22.93742887833333,11.13878376
2011-11-02,1.0,12900,14.403716087341309,12.968729972839355,9.091705322265623,13.045913696289062,17.306711196899414,14.97159533073929,,21.024029666666667,15.02884005
2011-11-03,0.0,14300,13.91665267944336,12.966474533081056,9.014519691467283,13.519816398620604,17.080293655395508,12.924513618677038,,25.635787514,15.96056215
2011-11-05,0.0,13100,4.89739990234375,0.0,0.378329336643219,1.1488484144210815,0.2291300296783447,0.2287937743190659,,30.9049397765,26.11929605
2011-11-07,0.0,12100,11.846693992614746,13.19956398010254,8.646417617797852,7.542726039886475,12.152366638183594,15.19357976653698,,33.91173771333333,22.6610124
2011-11-13,0.0,9820,63.48268127441406,38.211402893066406,34.22651672363281,38.68297958374024,40.33309173583984,50.63385214007782,,55.08345068733334,52.4942638
2011-11-17,0.0,11800,51.36095428466797,57.21179962158203,81.91413879394531,52.05865097045898,71.15241241455078,67.86284046692606,,45.76405060733333,36.26292225
2011-11-20,0.0,10300,11.858823776245115,32.07515335083008,21.913942337036133,10.540050506591797,17.252275466918945,11.56322957198443,,24.065175405,16.7933178
2011-11-21,1.0,10800,29.696460723876957,102.3800048828125,71.1690673828125,64.67473602294922,74.840576171875,66.77276264591433,,29.81880849283333,16.22825338
2011-11-22,1.0,12900,106.4076690673828,126.58621978759766,130.3125762939453,120.50453186035156,120.04563903808594,119.18054474708164,,28.082319722833333,16.28217188
2011-11-25,0.0,25900,53.807315826416016,51.38120269775391,55.49430847167969,28.755088806152344,44.91096115112305,38.67548638132296,,34.30158032833334,20.85973545
2011-11-26,3.0,19400,57.27906036376953,72.30612182617188,102.4490203857422,55.26628112792969,81.2864990234375,93.6929961089494,,42.439488350000005,36.36618245
2011-11-27,3.0,28300,85.43418884277344,68.21747589111328,82.21914672851562,41.71060180664063,62.74604034423828,88.11381322957197,,42.11151983186667,38.750526425
2011-11-28,0.0,57200,80.91838073730469,45.819766998291016,56.778907775878906,38.8035888671875,52.264896392822266,78.28424124513616,,43.165902115200005,39.113883925
2011-12-05,0.0,14000,0.0491011962294578,0.6930860877037048,0.0015299359802156,0.0006814184016548,0.0490819215774536,0.0105058365758754,,32.180094035,18.47137375
2011-12-18,0.0,8450,4.93187141418457,8.64298152923584,7.617452144622803,2.7985403537750244,6.23887825012207,4.5410505836575865,,34.98950031126667,18.72377695
2011-12-27,3.0,9710,61.37924575805664,83.45491027832031,75.95052337646484,85.93412017822266,87.88903045654297,86.94902723735407,,32.53263022616667,20.74006505
2011-12-28,3.0,19600,100.30571746826172,100.5881805419922,100.37318420410156,108.82687377929688,112.60717010498048,112.71381322957198,,23.9430994395,15.540554025
2011-12-29,3.0,38400,118.0219497680664,82.23538208007812,124.0672607421875,119.99623107910156,119.96204376220705,134.4737354085603,,11.301073994266666,9.17536876
2012-01-03,3.0,18200,30.955360412597656,,66.47806549072266,50.091590881347656,50.38418197631836,58.340856031128425,,13.981623537166666,11.0815775
2012-01-04,3.0,20200,79.65065002441406,,92.46698760986328,74.70081329345703,68.3398208618164,82.03813229571983,,12.638491269,9.847219365
2012-01-05,3.0,34500,80.80174255371094,,80.36400604248047,51.94712448120117,52.844329833984375,63.22451361867705,,14.870503203999998,10.784620165
2012-01-07,1.0,22000,22.98318099975586,,8.096305847167969,8.921372413635254,16.51097869873047,4.067898832684824,,19.73242648521167,15.75999905
2012-01-08,1.0,19100,6.794700622558594,,20.02544403076172,5.018559455871582,23.124839782714844,5.4622568093385215,,17.649199171045,13.744846
2012-01-09,1.0,17900,11.781177520751951,,18.35658836364746,4.139281749725342,20.28413963317871,6.700972762645916,,12.2832124525,8.42401315
2012-01-14,0.0,15800,33.215145111083984,,19.71599578857422,17.613948822021484,21.780088424682617,37.31108949416343,,49.710555535,32.3048924
2012-01-16,0.0,15100,42.47520065307617,,33.18058395385742,25.8435115814209,26.500587463378903,30.02178988326849,,44.998082364333335,29.7076191
2012-01-20,1.0,14200,58.34884643554688,,52.81098556518555,57.81649017333984,53.71630859375,81.42217898832683,,32.152514144416664,22.2531975
2012-01-21,1.0,19500,70.06522369384766,,66.02314758300781,73.1786880493164,66.80035400390625,78.27684824902724,,29.05075483408333,17.11706735
2012-01-24,2.0,16700,62.65559005737305,,85.7850341796875,63.63254928588867,77.86766815185547,69.6167315175098,,13.264550296483332,2.90594403
2012-01-25,2.0,22800,75.07559204101562,,85.37476348876953,73.58847045898438,87.60149383544922,96.23443579766548,,17.311406508666668,0.358216326
2012-01-28,2.0,19400,27.86458969116211,,62.38970184326172,33.36431884765625,38.26820755004883,40.006225680933845,,22.313965334916663,8.590117953650001
2012-01-29,2.0,19800,53.60476303100586,,83.61937713623047,42.62995529174805,51.63134002685547,55.24085603112838,,32.06052940006666,14.891889699099998
2012-02-03,0.0,21600,10.44521713256836,,0.4300573468208313,0.0132278129458427,0.1945336908102035,1.309922178988327,,47.49246493066667,24.49432385
2012-02-05,0.0,17900,0.1581884771585464,,0.0,0.0,0.0,0.0097276264591439,,35.00217215166667,28.306085
2012-02-08,0.0,15900,5.37578821182251,,19.004661560058597,9.18092155456543,32.35435104370117,7.98035019455253,,13.774973823528336,9.020748179999998
2012-02-09,1.0,14800,9.1026611328125,,36.08879470825195,15.428600311279297,50.78388977050781,9.390661478599222,,17.802360330195,14.01181443
2012-02-10,1.0,14800,10.567583084106444,,33.51606369018555,12.870477676391602,50.609161376953125,7.053307392996108,,21.523754863,17.83953068
2012-02-11,1.0,15500,7.630264282226562,,21.18477249145508,10.037399291992188,26.505050659179688,2.786186770428014,,21.8980740155,15.5818989065
2012-02-20,2.0,14200,39.886226654052734,,42.916297912597656,47.59989547729492,57.79489135742188,72.16848249027235,,11.089568894833334,5.92396979
2012-02-21,2.0,15500,76.06914520263672,,64.19058990478516,79.36085510253906,89.20880126953125,109.03560311284043,,13.53226923,7.31404489
2012-02-22,2.0,34800,94.58515167236328,,70.23374938964844,82.66319274902344,86.50745391845703,109.44007782101164,,20.047932276666664,12.2874011
2012-02-28,0.0,15600,10.752382278442385,,14.8477144241333,8.949167251586914,10.827726364135742,14.972957198443584,,28.958290236333333,18.778931575
2012-03-03,0.0,13100,40.84001159667969,,55.7862548828125,29.10594940185547,40.53402328491211,45.69688715953308,,10.237614461833331,5.80241345
2012-03-07,0.0,15900,28.25132369995117,,4.264030933380127,3.526066541671753,3.2354936599731445,7.733657587548639,,3.845249145493333,0.37774403398
2012-03-09,1.0,13400,26.086883544921875,,29.42915725708008,29.817611694335938,33.66976547241211,39.66848249027238,,4.863629943433334,1.0427902153
2012-03-10,1.0,16900,51.32117462158203,,42.472286224365234,49.61650848388672,55.08545684814453,64.997859922179,,9.0322348701,2.0306733003
2012-03-12,1.0,19200,71.93260955810547,,57.49373626708984,66.57837677001953,71.27978515625,64.34260700389108,,15.889390123333332,8.39117901
2012-03-15,1.0,17400,77.57737731933594,,80.42282104492188,71.12541198730469,86.21505737304688,76.73813229571985,,18.167875126666665,8.3108415
2012-03-24,0.0,11900,2.7933335304260254,,0.2887167632579803,0.2604979872703552,0.6975007653236389,0.8322957198443574,,19.84188131547333,12.109312735
2012-03-28,0.0,11900,25.768688201904297,,51.90806579589844,53.529441833496094,55.86896514892578,57.56206225680933,,10.953277225066667,5.010815194999999
2012-03-30,0.0,16100,73.18133544921875,,73.47027587890625,76.0802993774414,72.98554992675781,78.16731517509727,,19.6027734,11.6748045
2012-04-02,1.0,14700,25.889915466308597,,50.2194938659668,28.33734703063965,31.150081634521484,18.72217898832684,,14.461227990333333,10.7153162
2012-04-03,1.0,13900,17.05046844482422,,36.87975311279297,12.890705108642578,23.961164474487305,8.445330739299608,,14.120942490999996,11.38397405
2012-04-10,0.0,10600,1.3778154850006104,,7.527376651763916,1.9595625400543213,1.3858819007873535,5.668871595330737,,15.221650439,6.833446391
2012-04-12,0.0,12600,10.934471130371094,,8.916787147521973,6.586704254150391,10.968520164489746,10.929182879377429,,17.825276390916667,6.282061091
2012-04-14,0.0,13000,4.453548431396484,,0.8838249444961548,2.298664331436157,6.856002330780029,1.3735408560311264,,11.18623330825,3.6640809025
2012-04-17,0.0,14400,24.485387802124023,,33.14369201660156,24.86002540588379,33.271697998046875,28.22723735408559,,10.77541342625,5.595171039999999
2012-04-19,1.0,12500,43.99717712402344,,36.933841705322266,56.22975158691406,51.90480422973633,65.6842412451362,,13.032251294999998,7.480981005
2012-04-20,1.0,20600,52.46407318115234,,32.3321647644043,47.31096267700195,39.96622848510742,60.97918287937745,,10.510241012833331,5.199306955000001
2012-04-22,0.0,20500,11.107544898986816,,0.0199205502867698,0.0019092592410743,0.4000947177410126,1.2307392996108952,,13.3067652595,4.43749687
2012-04-24,1.0,31000,14.3310546875,,15.702506065368652,20.103076934814453,14.397125244140623,16.74863813229572,,12.0298857865,5.411991029999999
2012-04-25,1.0,36000,31.586658477783203,,23.615798950195312,34.88215255737305,23.7797794342041,37.58112840466927,,12.216915784833333,7.35568431
2012-04-26,1.0,37400,47.21739196777344,,26.92761993408203,35.31404113769531,33.165977478027344,38.50175097276266,,10.141775608333337,6.949304975
2012-05-02,0.0,27400,37.95921325683594,,30.678897857666016,34.30305862426758,27.177074432373047,27.352723735408556,,14.098352633166666,5.386490950000001
2012-05-06,0.0,22400,7.172850131988525,,0.9849637150764464,3.557737350463867,1.825937271118164,3.501167315175097,,11.235007678266664,8.870570695
2012-05-18,0.0,26400,0.2052555382251739,,6.529723759740591e-05,0.0021221947390586,0.0437945947051048,0.0029182879377431,,9.77530571295,5.872532591000001
2012-05-20,1.0,23300,15.541655540466309,,20.50770568847656,27.957624435424805,22.666675567626957,33.05019455252917,,6.913901066823334,2.26587134297
2012-05-21,1.0,28200,43.90645217895508,,38.896095275878906,43.88007736206055,37.16096496582031,41.7453307392996,,9.165480931323334,5.46334225197
2012-05-30,3.0,24600,6.592634201049805,,18.1674861907959,9.689292907714844,8.114887237548828,6.692023346303504,,9.729855931666666,3.40010934
2012-05-31,3.0,25200,11.433813095092772,,20.74831962585449,18.964744567871094,24.413108825683597,15.688715953307394,,9.2700204955,2.252937405
2012-06-01,3.0,31900,25.685489654541016,,33.902374267578125,23.1334285736084,26.913021087646484,24.65544747081713,,9.570338582,2.0801203015
2012-06-02,3.0,45400,26.75663185119629,,18.577930450439453,16.178712844848633,20.558603286743164,24.045136186770435,,8.092103425333333,1.8646651615
2012-06-03,0.0,47300,19.830591201782227,,19.013410568237305,8.012273788452148,8.829964637756348,17.057003891050595,,7.533598552000001,2.7892338115
2012-06-04,0.0,36800,16.1234130859375,,22.157230377197266,15.271233558654783,17.814149856567383,23.05019455252919,,7.4004071985,4.5837331
2012-06-16,2.0,26500,23.5598087310791,,23.05867576599121,10.150288581848145,26.635366439819336,21.859922178988302,,3.932781001166666,2.562221079
2012-06-17,2.0,41600,35.23199462890625,,30.18029022216797,19.381988525390625,35.36760330200195,35.00272373540854,,8.010226746833332,5.1358762890000005
2012-06-21,0.0,35000,0.2260833084583282,,4.298707962036133,1.0022622346878052,4.220677852630615,5.386964980544745,,9.1393673545,5.2130018635
2012-06-28,2.0,34900,9.6504545211792,,5.327702522277832,3.157934188842773,5.75559139251709,2.2011673151750952,,2.457628191026667,0.6639384895799999
2012-06-29,2.0,35100,2.9583661556243896,,13.686878204345703,2.717198133468628,7.261204719543457,8.21887159533074,,7.800145019793333,0.27799539458
2012-06-30,2.0,37100,15.217065811157228,,23.2254638671875,7.002104759216309,13.234245300292969,10.128404669260698,,10.066506702376666,0.96045837283
2012-07-01,0.0,44600,18.46478843688965,,18.198989868164062,5.082297325134277,8.756495475769043,11.237548638132292,,13.294997878100002,2.60740815
2012-07-05,0.0,35000,15.507484436035156,,1.0137832164764404,0.1673174202442169,0.3353079259395599,1.0540856031128412,,9.206997528666667,4.021058261
2012-07-10,0.0,42400,0.1797619313001632,,3.630955696105957,0.0616980157792568,0.0546268932521343,0.1519455252918287,,5.765161858000001,0.9255102
2012-07-17,0.0,37700,5.927579402923584,,0.4135322570800781,1.9617488384246824,1.9563294649124143,3.014785992217896,,0.6441673405666667,0.0050723267
2012-07-21,0.0,33200,13.311138153076172,,4.799973964691162,15.765789985656738,6.358723163604736,9.555836575875489,,1.2567557416666666,0.0012302285
2012-07-23,0.0,27800,6.842994689941406,,8.927945137023926,4.034327983856201,5.067841053009033,7.0404669260700405,,3.7806483127,0.2816504099999999
2012-07-29,0.0,21000,0.8278652429580688,,0.002678744494915,0.0796572864055633,0.1764052957296371,0.0,,2.780270600016667,0.04259818255
2012-08-07,0.0,21400,0.038176592439413,,0.8973643183708191,0.1471175104379654,1.2780983448028564,0.3978599221789882,,1.6025377661666664,0.244078667
2012-08-11,0.0,18000,0.0,,0.0,4.2433843191247433e-05,0.0031657316721975,0.0,,0.5371431203333333,0.135350378
2012-08-19,0.0,14200,0.0691865086555481,,0.1076094135642051,0.0041544022969901,0.3447819650173187,0.6143968871595326,,7.276968728491667,0.670306773625
2012-08-25,0.0,10900,0.8877917528152466,,0.0145868584513664,0.0777434110641479,0.054602175951004,0.3107003891050585,,16.924061731,10.307368385
2012-08-26,1.0,10600,0.0269007943570613,,0.0844960138201713,0.0052646012045443,0.0801665633916854,0.2675097276264592,,18.220229098666668,6.914080820750001
2012-08-27,1.0,10400,0.0526825413107872,,0.982729196548462,0.1191237568855285,0.1939002275466919,0.2838521400778211,,12.346722455999998,0.38157222775
2012-09-02,0.0,7560,0.0,,0.0002222728653578,0.0004210357437841,0.0678113996982574,0.0,,8.614176636041666,5.356710438075
2012-09-06,0.0,9320,0.0007341270102187,,0.0,1.598635753907729e-05,0.0091695068404078,0.0603112840466926,,7.4332590103,3.31352586975
2012-09-15,0.0,8400,0.1171686500310897,,0.001551111228764,0.0,0.0,0.0,,13.756366493766668,6.78711178
2012-10-01,0.0,6810,0.5672913789749146,,0.1676771193742752,0.3162134885787964,1.536598563194275,0.2972762645914399,,15.265001466933334,5.5047190725
2012-10-05,0.0,6750,0.0865515619516372,,0.0,0.0,0.0,0.0,,24.491724791108336,4.28819742
2012-10-12,1.0,6580,15.103800773620604,,24.13016891479492,18.34242820739746,20.805763244628903,20.135797665369648,,10.9654716627,3.553226125
2012-10-13,3.0,6690,43.44051742553711,,87.30271911621094,64.27645874023438,72.53236389160156,88.70603112840469,,17.829855364533334,1.71334627
2012-10-14,3.0,9220,93.06605529785156,,122.16041564941406,77.72677612304688,86.42630767822266,114.93229571984438,,19.4817842257,1.9357782035
2012-10-15,3.0,24700,107.24677276611328,,155.28085327148438,97.29502868652344,107.37248229980467,136.53988326848253,,15.074622301000002,1.0858049485
2012-10-16,2.0,24500,93.5137939453125,,95.89714050292967,53.02214431762695,57.16755294799805,73.50155642023347,,9.160206542569998,1.0413286585
2012-10-17,2.0,21600,45.36069488525391,,54.76822280883789,35.800785064697266,40.60889434814453,55.40369649805447,,14.228182764736664,4.167637175
2012-10-18,3.0,15800,53.79033660888672,,43.43581008911133,45.04962539672852,41.45328521728516,61.948638132295706,,17.43446018957,6.081446025
2012-10-19,3.0,21600,75.0828628540039,,52.62139129638672,61.0781478881836,68.60051727294922,92.8169260700389,,27.28226445483333,17.27489812
2012-10-21,0.0,22100,54.323760986328125,,17.63412094116211,27.69721221923828,40.0051155090332,48.32101167315176,,22.106095924166667,17.89525485
2012-10-22,0.0,17600,26.526901245117188,,8.36960220336914,21.68975067138672,24.015932083129883,25.865175097276264,,11.818364632333331,7.35958968
2012-10-27,1.0,13100,40.16014099121094,,39.983978271484375,33.77374267578125,29.67720603942871,34.713813229571976,,29.55517771461666,11.13530007085
2012-10-28,1.0,20200,53.587379455566406,,80.75419616699219,52.56163024902344,53.12078857421875,57.55175097276263,,35.65062285045,16.20147687085
2012-10-30,2.0,35800,89.30573272705078,,97.7755889892578,95.49642181396484,94.2341766357422,108.66225680933854,,28.80228308416667,25.69037803
2012-10-31,2.0,45100,98.2636489868164,,63.46726608276367,83.99638366699219,88.26700592041016,91.90992217898834,,35.82031452383333,27.02381753
2012-11-01,2.0,40200,81.41156768798828,,50.282073974609375,57.7431526184082,67.47651672363281,60.71536964980547,,40.31577766883333,29.82619908
2012-11-02,3.0,32300,37.5053596496582,,22.923429489135746,27.45579719543457,48.72331619262695,35.62120622568094,,46.52543927216667,30.9101835
2012-11-03,3.0,30700,40.528419494628906,,20.01225852966309,25.82679748535156,42.29962158203125,32.2206225680934,,39.54859513666667,31.93211295
2012-11-04,3.0,38700,49.42531204223633,,35.90331268310547,35.86649703979492,48.42329406738281,45.1321011673152,,38.9619818374,23.7913387522
2012-11-05,3.0,40300,49.8659782409668,,32.35034942626953,25.03373336791992,38.25727081298828,31.278404669260727,,34.12245572406667,21.4171875022
2012-11-06,1.0,34400,36.69818878173828,,34.55017852783203,24.05196762084961,34.686317443847656,25.093190661478623,,28.471044714066664,11.0227221022
2012-11-14,0.0,26000,37.83457565307617,,6.465141773223877,17.168148040771484,26.8776912689209,38.8422178988327,,40.62644212666667,24.67365725
2012-11-17,1.0,17200,23.105648040771484,,27.21152877807617,30.25040435791016,25.829010009765625,30.37762645914397,,44.34463025000001,38.5062175
2012-11-18,2.0,18100,48.54780578613281,,91.28312683105467,95.82324981689452,72.53575134277344,96.75603112840469,,28.87385363666667,23.37855401
2012-11-19,2.0,24000,100.5542449951172,,114.39697265625,95.74874114990234,89.55243682861328,97.03735408560314,,19.225871913783333,12.673030595
2012-11-22,2.0,27300,42.1757698059082,,61.443992614746094,68.56370544433594,65.49545288085938,66.04805447470815,,27.924368190333333,28.414212500000005
2012-11-23,2.0,25700,71.69802856445312,,41.78025436401367,47.157691955566406,43.40013122558594,51.94241245136186,,29.08583045,28.17650835
2012-11-26,0.0,23600,2.999049425125122,,0.0436916649341583,0.0444025956094265,0.2665121257305145,3.212256809338522,,17.417645375833334,16.750351885
2012-11-28,3.0,18900,4.798277854919434,,28.510475158691406,30.30883026123047,31.751924514770508,13.411673151750977,,16.765400042666666,13.52233745
2012-11-29,3.0,18600,16.667003631591797,,46.990943908691406,43.544700622558594,49.68592834472656,34.334046692607025,,16.244566516,9.41602337
2012-11-30,3.0,20100,44.82020950317383,,75.00730895996094,81.08639526367188,79.84064483642578,58.58735408560311,,10.956193724,7.305733447
2012-12-01,3.0,27300,63.88941955566406,,66.19591522216797,76.82353210449219,75.17334747314453,74.8464980544747,,11.491258358283332,4.6405928255
2012-12-04,1.0,27200,76.93527221679688,,66.85768127441406,58.08612823486328,75.02043914794922,82.03307392996112,,32.42726598265,30.18247175
2012-12-08,0.0,22000,58.11241912841797,,27.84895133972168,26.835996627807617,35.8472900390625,46.36147859922178,,18.5552140795,12.75926815
2012-12-10,0.0,17500,16.216014862060547,,16.6685733795166,18.84792709350586,28.06549072265625,19.51517509727627,,14.5857405161,4.379575200000001
2012-12-24,0.0,12800,22.18540382385254,,11.522283554077148,15.705942153930664,12.317906379699709,14.13657587548638,,19.4831703785,12.8408813305
2012-12-25,0.0,13000,16.869977951049805,,16.66446304321289,10.888997077941896,17.624279022216797,15.75622568093385,,17.083493739833333,9.4386154805
2013-01-08,1.0,17500,111.00067138671876,,110.1357650756836,113.2328643798828,135.55479431152344,124.19883268482494,,23.218986804883333,7.61745815
2013-01-09,1.0,27700,115.15261840820312,,88.4815902709961,79.42837524414062,99.0841827392578,89.7727626459144,,35.7198939,21.9557412
2013-01-27,0.0,13900,32.98909378051758,,34.955997467041016,28.963661193847656,33.85694122314453,46.35019455252919,,17.1849852072,1.8614237105
2013-01-28,2.0,13900,45.50304412841797,,43.915618896484375,41.74431610107422,48.30872344970703,61.52684824902724,,15.411027104533332,2.9326199025
2013-01-29,2.0,13200,51.47091674804688,,50.55475616455078,45.65795135498047,55.386138916015625,61.84241245136188,,17.958669330666666,4.602961992
2013-01-30,1.0,14100,45.334075927734375,,52.53436279296875,42.15068817138672,55.34996795654297,56.92062256809338,,15.118714328166668,5.186161392
2013-02-06,0.0,16000,27.84818458557129,,49.21487808227539,40.89997100830078,54.22838592529297,28.397081712062278,,24.98379359296667,17.446503985
2013-02-11,0.0,13900,0.9070595502853394,,2.710300207138061,1.8791089057922363,5.182173252105713,4.682684824902725,,22.494191285733333,11.467634130000002
2013-02-12,0.0,12800,7.466071128845215,,9.632098197937012,8.465156555175781,14.205184936523438,9.131128404669258,,15.554672975,3.94468245
2013-02-19,0.0,12300,3.975059509277344,,2.902726173400879,2.9981727600097656,5.560771465301514,1.0949416342412457,,6.612647601366667,4.472474200000001
2013-02-21,0.0,12000,16.435964584350586,,43.51675415039063,44.55135345458984,45.66590118408203,43.20894941634242,,21.405404476366662,14.10098495
2013-02-25,0.0,12400,48.96284484863281,,65.80690002441406,31.99249267578125,41.34992218017578,32.204863813229586,,31.69311869383333,22.49258345
2013-02-28,2.0,12600,38.39356994628906,,64.44473266601562,56.00611114501953,63.994049072265625,63.31089494163423,,23.726474210000003,16.5262841
2013-03-01,2.0,16400,55.123382568359375,,90.7135772705078,49.7247428894043,66.87324523925781,62.08696498054473,,19.02654168666667,11.36287055
2013-03-02,2.0,22300,63.07496643066406,,80.5645751953125,44.25288772583008,56.51222229003906,41.89455252918283,,17.530834334333335,9.084997950000002
2013-03-08,0.0,10900,8.905753135681152,,7.475680828094482,7.584685802459717,6.126034736633301,4.40875486381323,,35.170175949999994,26.0472163
2013-03-12,2.0,10400,58.67284393310547,,81.74748229980469,56.76804733276367,66.78462219238281,59.8412451361868,,26.99789475,22.65064315
2013-03-13,2.0,22400,72.80426025390625,,104.83497619628906,63.69457244873047,73.97079467773438,72.80544747081716,,19.733176385666667,18.7858617725
2013-03-14,2.0,24700,76.21380615234375,,85.07652282714844,38.30525970458984,43.65461730957031,47.35778210116735,,10.6513665101,6.052379284
2013-03-15,1.0,25200,39.84743118286133,,51.7182846069336,33.413780212402344,37.232513427734375,41.55953307392997,,13.500347273266666,5.091568433999999
2013-03-20,0.0,16300,56.24820709228516,,57.92124176025391,50.26987838745117,58.178367614746094,70.11653696498058,,10.615148538333331,7.078305769999999
2013-04-01,0.0,14900,0.0243492070585489,,0.5847872495651245,0.0213461928069591,0.1597741991281509,0.0,,13.9656688745,5.8463757015
2013-04-02,0.0,15900,0.0275615081191062,,0.6295213103294373,0.0308245979249477,0.177264779806137,0.0,,17.661414754,8.890929865
2013-04-03,0.0,16500,0.0420019850134849,,3.022376537322998,12.349105834960938,6.593805313110352,16.638326848249033,,21.105441590666665,12.726619965
2013-04-04,1.0,22500,19.03055191040039,,40.74262237548828,47.97370910644531,35.14665603637695,47.14280155642025,,24.65567745,16.71660445
2013-04-05,1.0,29600,45.31865310668945,,69.83118438720703,76.32942962646484,63.77831268310547,73.90856031128406,,20.2293785825,15.87038175
2013-04-09,0.0,23400,21.840789794921875,,35.83460998535156,28.573266983032227,26.81835174560547,34.614007782101154,,32.27337931233333,30.51760925
2013-04-10,1.0,22800,31.966779708862305,,35.46822738647461,21.22993469238281,26.053054809570312,41.98677042801555,,28.8276247875,30.81187225
2013-04-16,0.0,18000,7.246419906616211,,0.9442406892776488,3.4579567909240723,2.4638116359710693,5.311478599221791,,20.110431705,16.3110248
2013-04-17,0.0,17200,4.976732730865479,,2.5750675201416016,2.092576742172241,2.593502759933472,3.758171206225683,,18.1472931775,12.83993505
2013-04-18,0.0,16600,12.476958274841309,,31.41342544555664,19.1445255279541,24.02779769897461,15.464591439688718,,13.274616620833331,7.287036649999999
2013-04-20,0.0,17800,33.068233489990234,,44.29610443115234,36.11127471923828,38.35628509521485,37.55603112840467,,13.084197825533334,10.2678061
2013-04-23,0.0,17900,9.914828300476074,,0.0426290072500705,0.070092387497425,0.2243621200323104,2.819455252918286,,11.42066208932,4.5761043205
2013-05-11,2.0,35000,1.6349142789840698,,9.937217712402344,5.6810479164123535,18.170557022094727,10.691050583657594,,13.024554697666666,12.7659448
2013-05-12,2.0,36800,19.05451393127441,,24.253124237060547,13.920854568481444,27.024131774902344,34.06284046692608,,10.1102493485,9.514079525
2013-05-13,2.0,45400,42.803016662597656,,41.20921325683594,21.472963333129883,34.10002136230469,40.997859922179,,6.679155658833334,5.7311726755
2013-05-14,0.0,46800,42.60068130493164,,31.752683639526367,15.844913482666016,17.876157760620117,35.31498054474711,,2.975333712166667,1.0034181455
2013-06-02,0.0,19800,0.6710336208343506,,0.9479330778121948,1.8404674530029297,2.9567997455596924,2.06828793774319,,15.661071177500002,12.3074899
2013-06-11,0.0,22300,4.307178974151611,,4.946744441986084,5.332184314727783,6.775313377380371,2.094747081712061,,1.4677822324999998,0.966390014
2013-06-20,0.0,24800,39.86396789550781,,58.239891052246094,61.34420394897461,35.18553161621094,30.34416342412452,,9.318928614833332,1.693838088
2013-06-25,3.0,27700,18.61640930175781,,28.45526885986328,27.66837501525879,20.752456665039062,18.86225680933852,,11.417187423166666,2.2021062445000004
2013-06-26,3.0,26700,15.73248291015625,,14.16465663909912,13.01815414428711,11.641215324401855,15.606031128404666,,7.661578455833332,1.4675138255
2013-06-27,3.0,26500,10.31350803375244,,3.286435604095459,6.690095901489258,7.178384304046631,9.94727626459144,,8.748028619333333,1.557086316
2013-06-28,3.0,26700,6.427883148193359,,1.2096869945526123,0.6776547431945801,1.4604816436767578,9.968677042801566,,6.241244458499999,0.320906691
2013-06-29,2.0,27800,5.005075454711914,,0.0443453192710876,0.1539282202720642,0.5044822692871094,5.390466926070047,,4.0426383076166665,0.60791762
2013-07-01,1.0,31500,0.7155730724334717,,0.0091450549662113,0.0120746251195669,0.3599540591239929,0.3651750972762646,,3.0972580448333336,0.40784053365
2013-07-02,1.0,31900,0.4987539649009704,,0.0091450549662113,0.0117207281291484,0.3496191799640655,0.0110894941634241,,3.5628091105500004,0.10044820865
2013-07-05,0.0,23500,0.1272678524255752,,0.0159507598727941,0.04438441619277,0.012130425311625,0.0,,8.133925845083333,0.73910253525
2013-07-07,0.0,22300,1.004075288772583,,0.3217231035232544,0.3232839107513428,0.0880030989646911,1.3472762645914405,,6.63190687605,2.556164095
2013-07-10,0.0,22700,0.5001428723335266,,0.1338119506835937,0.0515348389744758,0.2743605077266693,0.0385214007782101,,3.872781909083333,0.15499780375
2013-07-15,0.0,15200,0.043117057532072,,0.0396306253969669,6.328544986899942e-05,0.005944387987256,0.0749027237354085,,1.4192549589666668,0.6401706188999999
2013-07-31,0.0,11300,1.2224938869476318,,2.7679038047790527,2.877345323562622,2.44637393951416,4.412256809338527,,0.6792947135333334,0.0805889754999999
2013-08-04,0.0,10700,7.221953868865967,,3.639963626861572,5.130929470062256,7.184218883514404,1.414980544747082,,1.7567718854499998,0.0
2013-08-06,0.0,11300,0.6096309423446655,,0.6017242670059204,0.9026777148246764,0.1472220867872238,0.2070038910505836,,0.6053850695,0.0
2013-08-14,1.0,11600,1.4319448471069336,,0.3197123110294342,2.415579319000244,1.0879747867584229,6.77645914396887,,0.07960301495,0.00109233475
2013-08-15,1.0,11700,12.362386703491213,,0.3878200054168701,2.7353920936584477,1.1469091176986694,8.382295719844356,,0.0751991147499999,0.0
2013-08-18,1.0,11900,0.5293750166893005,,0.4923067092895508,1.1712654829025269,0.4410694539546966,0.3706225680933857,,1.4515826671999998,0.0033447681
2013-08-19,1.0,10800,1.010343313217163,,0.1985471844673156,0.4903978109359741,0.3051776587963104,0.0182879377431906,,2.1653993455333334,0.0033447681
2013-08-22,0.0,10000,0.0,,0.4187592566013336,0.3167036473751068,4.148606300354004,0.0204280155642023,,6.292563284301666,0.015201674075
2013-08-24,0.0,7910,2.101980209350586,,4.121698379516602,2.1256442070007324,4.960428714752197,0.5875486381322957,,0.9147194907766666,0.361255516
2013-08-26,3.0,8170,9.73003101348877,,7.874446392059326,6.161447525024414,1.6672265529632568,7.720622568093386,,2.880941738316667,0.355105228
2013-08-27,3.0,8680,12.864739418029783,,6.373055458068848,23.80441093444824,6.889799118041992,16.72470817120623,,7.00747333815,0.36780373
2013-08-28,3.0,8610,20.33045959472656,,10.602439880371094,43.19358444213867,34.603736877441406,38.06673151750974,,7.05408878815,0.35036153
2013-08-29,3.0,10100,46.40351867675781,,15.76591682434082,51.28752136230469,48.98455810546875,45.06245136186772,,6.630806481811667,0.312599475435
2013-08-30,3.0,16900,44.21440887451172,,14.434375762939451,32.357994079589844,43.75747299194336,37.05369649805449,,2.4052285351450005,0.2788636164349999
2013-09-01,1.0,10800,2.488901376724243,,1.9292167053208686e-05,0.0050629894249141,0.0719220489263534,1.1394941634241216,,5.213412858000001,0.037529984
2013-09-02,1.0,9740,0.4554724395275116,,0.1345192641019821,2.1218833923339844,4.541692733764648,2.608754863813231,,7.792539455333334,0.034288805
2013-09-03,1.0,9860,5.268433570861816,,0.2131098806858062,2.20003604888916,5.465598106384277,4.159922178988327,,7.7289521479,0.0304088537
2013-09-13,0.0,12700,0.0200376994907856,,0.0,0.0018566336948424,0.0801128894090652,0.0,,5.5746703345,0.8329088450000001
2013-09-22,1.0,9980,38.15663146972656,,45.51128387451172,53.41756057739258,55.33000946044922,48.50856031128406,,8.01777443,5.5624703900000005
2013-09-26,0.0,14800,2.8053300380706787,,13.435065269470217,10.761465072631836,10.986470222473145,4.8822957198443575,,11.0191831807,5.033053574
2013-09-28,2.0,15600,84.75353240966797,,112.2016143798828,104.7248077392578,110.10919189453124,88.39260700389109,,16.608224758333336,11.27849317
2013-09-29,3.0,41100,124.54820251464844,,145.28509521484375,142.77854919433594,160.4031982421875,122.9854085603113,,14.820735011666669,11.16056743
2013-09-30,3.0,43200,146.3687744140625,,125.75139617919922,116.5431671142578,138.8517303466797,92.47626459143969,,17.099935289999998,9.25802818
2013-10-07,1.0,21400,27.379756927490234,,23.062402725219727,38.48451232910156,31.874774932861328,34.25856031128405,,11.737669403916666,1.09319813325
2013-10-15,0.0,12700,0.0951091200113296,,0.0140753155574202,7.566959538962692e-05,0.0462207421660423,0.0019455252918287,,9.081266172333333,1.415377982
2013-10-26,0.0,9890,1.367504000663757,,2.4136271476745605,3.0768654346466064,0.5388454794883728,1.6634241245136183,,31.189544988683338,16.587989215
2013-11-02,1.0,10700,49.58563232421875,,30.34228134155273,46.32114410400391,45.133888244628906,53.23579766536969,,31.622453763700005,19.027093995
2013-11-03,0.0,13200,49.68085861206055,,30.084976196289062,45.9736328125,42.56797790527344,54.0640077821012,,32.33934144618333,20.432214795
2013-11-07,2.0,14000,55.269569396972656,,32.731658935546875,55.314186096191406,62.94640350341797,47.07470817120621,,53.488725095,46.88993475
2013-11-08,2.0,20200,48.30239868164063,,32.440399169921875,54.13302230834961,61.09309387207031,46.80116731517508,,61.60994958333333,48.32427774999999
2013-11-11,1.0,14100,9.530031204223633,,9.381976127624512,9.554275512695312,10.133996963500977,14.938326848249028,,41.42478329383333,29.4824081
2013-11-12,1.0,14000,22.42631149291992,,18.793569564819336,7.7277021408081055,15.736895561218262,18.8079766536965,,34.81300943883333,24.781781100000003
2013-11-15,0.0,15400,47.85966491699219,,33.34439849853516,38.271728515625,40.64643096923828,39.59941634241247,,11.654874461666669,5.150572005
2013-11-17,0.0,17600,61.41298294067383,,55.48321533203125,52.7358512878418,64.13893127441406,68.08307392996107,,10.167035909666668,1.874731525
2013-11-26,0.0,12800,0.0653373077511787,,0.0015426857862621,0.0479314513504505,0.0041407370008528,0.2704280155642023,,14.14189698863333,12.198669975
2013-11-30,1.0,11800,26.75675392150879,,45.21221160888672,50.30580139160156,48.249813079833984,55.00194552529186,,41.71081335,25.2958935
2013-12-01,2.0,14100,68.19268035888672,,58.6329231262207,66.28152465820312,63.34424209594727,69.35505836575878,,32.434843058666665,18.969999
2013-12-02,2.0,23100,68.79606628417969,,48.61460876464844,58.71000671386719,57.09328079223633,64.63424124513621,,30.387655735333333,24.850911
2013-12-03,0.0,17200,46.50600814819336,,13.95019817352295,17.40812873840332,17.846397399902344,16.373735408560304,,30.823966088666666,22.46405975
2013-12-12,0.0,11800,9.444202423095703,,11.467870712280272,12.588668823242188,15.599199295043944,12.956420233463032,,31.4148563827,20.0486706
2013-12-13,0.0,11700,15.251815795898438,,14.610408782958984,14.651788711547852,19.330930709838867,14.65097276264591,,21.367487656033333,16.39659615
2013-12-20,2.0,9910,19.32577514648437,,23.591176986694336,23.37189292907715,34.67426681518555,20.19747081712062,,26.9704196565,10.637401647
2013-12-21,2.0,8630,25.67287826538086,,31.46099853515625,31.44579696655273,51.52806091308594,39.76556420233464,,17.829813731499996,10.457499297
2013-12-26,0.0,12400,3.921402931213379,,14.587051391601562,9.042984008789062,16.24560546875,8.073151750972755,,31.73645910333334,14.742427935
2014-01-02,1.0,11800,46.28456878662109,41.69269561767578,25.574914932250977,36.88411712646485,41.966217041015625,48.00797665369652,,18.138218064166665,9.72156561
2014-01-03,1.0,14300,47.29887771606445,35.686710357666016,25.459192276000977,36.92686080932617,41.68067932128906,45.222762645914415,,16.342651290766668,2.4782074515
2014-01-10,3.0,16600,88.32426452636719,106.24729919433594,114.76116943359376,124.15731048583984,125.3721694946289,126.70058365758752,,39.9020465594,26.84206585
2014-01-11,3.0,28300,118.99405670166016,123.95065307617188,115.95323181152344,131.54046630859375,131.7529754638672,147.08287937743188,,41.12444815,25.7291615
2014-01-12,1.0,38400,141.1598358154297,109.15463256835938,125.3228759765625,127.57232666015624,132.79241943359375,124.0433852140078,,41.18576641283333,19.163924
2014-01-13,1.0,36400,122.8055419921875,65.92249298095703,64.51399230957031,57.57674407958984,65.00069427490234,70.80136186770432,,36.05568571283333,12.1806301
2014-01-14,0.0,37300,73.44718933105469,29.53236961364746,33.94277572631836,29.235939025878903,31.63579368591309,28.17470817120624,,23.769464531666664,8.4718381
2014-01-21,0.0,15100,0.0553353168070316,0.1728428900241851,0.0464561730623245,0.1222369074821472,0.0525534488260746,0.0107003891050583,,41.338982353333336,13.718756895
2014-01-29,0.0,12300,22.396228790283203,31.338253021240234,25.26882553100586,36.395843505859375,39.34931564331055,36.15525291828793,,27.764191437150004,4.457282344999999
2014-01-31,0.0,11700,32.127079010009766,11.622644424438477,12.041943550109863,14.282444953918455,20.63375473022461,15.164591439688715,,36.015629377150006,15.421264215
2014-02-04,0.0,10700,0.5225020051002502,0.0062077157199382,0.2240370064973831,0.5486477613449097,0.6688901782035828,0.0317120622568093,,30.09207239683333,22.9742663
2014-02-05,0.0,11300,0.310311496257782,0.0062077157199382,0.0089035239070653,0.0560930483043193,0.0521392822265625,0.1071984435797665,,19.465661975166665,12.7135698
2014-02-11,1.0,11100,60.02684020996094,69.65643310546875,94.51048278808594,62.227516174316406,84.23297119140625,84.22665369649802,,35.467087205,31.55309275
2014-02-12,1.0,12600,77.65506744384766,59.41053771972656,90.37960815429688,66.20109558105469,89.75106048583984,66.1178988326848,,28.933724653333336,20.862788355
2014-02-14,1.0,13500,55.307228088378906,62.58841323852539,52.39531326293945,49.280364990234375,50.01287841796875,64.46070038910503,,25.064851330333333,11.651245605
2014-02-16,1.0,15700,77.50723266601562,83.25868225097656,78.98831176757812,79.75625610351562,90.84422302246094,93.51186770428016,,20.88507231,13.0622286
2014-02-17,1.0,14500,87.31105041503906,91.97230529785156,99.55138397216795,107.96955871582033,120.5959014892578,105.02412451361866,,21.69066265083333,6.55395898
2014-02-19,0.0,14100,82.01290893554688,65.25062561035156,80.07699584960938,72.30093383789062,72.29924011230469,74.55642023346302,,22.1898055175,9.86644598
2014-03-03,0.0,17200,95.226318359375,96.46598052978516,118.00342559814452,85.06404113769531,66.46752166748047,119.07879377431902,,17.659942076666667,8.97104508
2014-03-04,0.0,22900,113.20770263671876,94.86195373535156,103.13709259033205,93.97525024414062,81.7890625,116.37529182879372,,18.916083196666666,11.650586
2014-03-06,0.0,37600,109.32904052734376,61.631961822509766,62.88958740234375,79.1699447631836,81.8445053100586,82.92821011673156,,34.54699144666667,29.00690355
2014-03-08,1.0,30200,95.66705322265624,60.61641693115234,63.83690643310547,56.23383712768555,60.76446533203125,73.01303501945523,,29.972798580333333,19.71464135
2014-03-09,1.0,40300,72.5198745727539,62.46456527709961,51.25623321533203,53.613800048828125,56.562931060791016,75.10116731517509,,17.470972697,9.4640151
2014-03-15,2.0,28500,67.48548126220703,82.4151840209961,74.76026916503906,75.54033660888672,89.6759033203125,95.38832684824904,,14.505504327716668,10.17889645
2014-03-16,2.0,34800,97.98973083496094,72.19874572753906,73.68082427978516,66.33163452148438,89.001708984375,82.0830739299611,,13.693887928216665,9.7984419
2014-03-17,0.0,39300,84.71402740478516,39.2193489074707,66.46630859375,64.9539566040039,78.88290405273438,41.19163424124512,,11.908261703,6.45240956
2014-03-25,1.0,16100,15.769439697265623,18.693811416625977,36.148345947265625,18.11617088317871,16.082273483276367,23.68073929961091,,13.920227206,12.31816265
2014-03-26,1.0,17000,22.19872283935547,22.915328979492188,37.14680480957031,26.987781524658203,21.602054595947266,29.22626459143971,,15.008290683333334,12.521069
2014-04-01,0.0,18300,11.621073722839355,0.0,1.5768113136291504,2.020350694656372,1.6018009185791016,0.1750972762645914,,10.246232749766666,7.12397654
2014-04-04,0.0,17500,10.919078826904297,19.776168823242188,20.22463607788086,19.755146026611328,26.91707420349121,26.502334630350184,,10.9524674133,4.259127895
2014-04-10,0.0,20800,14.664036750793455,0.6651443839073181,7.744170188903809,4.721771240234375,8.827983856201172,0.146692607003891,,25.93126376833333,23.7370856
2014-04-12,0.0,15700,0.4993988275527954,0.6651443839073181,0.1865220665931701,0.8165011405944824,0.97809237241745,0.2062256809338521,,14.136958851666668,8.31267837
2014-04-25,0.0,24000,35.28297424316406,22.16443634033203,26.90940284729004,34.74109649658203,26.16800880432129,24.968871595330743,,15.083333629999998,6.58401398
2014-05-02,0.0,22800,5.4632439613342285,18.60279083251953,4.020993709564209,7.874429225921631,13.275717735290527,22.007003891050605,,5.385461331549999,2.7531688
2014-05-05,0.0,33900,45.175079345703125,25.18324089050293,42.225189208984375,50.04098129272461,32.01554107666016,30.377821011673152,,6.2197644609800005,1.805549805
2014-05-11,0.0,24400,14.883864402770996,3.722459077835083,5.475775241851807,4.035740852355957,5.294981479644775,0.755836575875486,,11.1596028725,4.593405415
2014-05-12,0.0,24100,1.522333025932312,0.0,0.2168123424053192,0.1656817346811294,0.976810097694397,0.0,,11.0970928684,5.227792405000001
2014-05-14,0.0,25200,0.0216408763080835,0.0,0.0025172324385493,1.736627126547319e-07,0.4991110563278198,0.0,,6.223288712233333,2.867974445
2014-05-30,0.0,25400,9.373162269592283,1.7994564771652222,8.960487365722656,12.04818344116211,14.874113082885742,1.583268482490272,,16.457720935,15.00446015
2014-06-01,0.0,23600,0.014065477065742,0.0,0.0008606140618212,0.2669069766998291,0.8840742707252502,0.0134241245136186,,9.254629554,5.710834810000001
2014-06-09,0.0,23900,0.0318749994039535,2.6298630237579346,0.0576730072498321,0.6887437701225281,1.1827373504638672,0.4906614785992221,,9.933264994986668,3.93662758421
2014-06-20,0.0,24500,4.752330780029297,3.705854892730713,1.739509105682373,1.888790488243103,4.012853622436523,3.3000000000000003,,9.137147947766667,3.713634465
2014-06-22,0.0,23200,1.062057614326477,1.4951934814453125,0.031581625342369,0.0004124336410313,0.1200132593512535,0.6945525291828792,,11.477448478333333,3.730305545
2014-07-05,1.0,27200,0.3103272914886474,0.6124563813209534,0.2609164118766784,1.909982442855835,2.0612423419952397,0.1945525291828793,,4.521475683633334,0.515000788
2014-07-06,1.0,26500,0.3982638120651245,0.2698032557964325,0.2555628418922424,1.9361789226531985,2.0703370571136475,0.1136186770428015,,3.0097876183333327,0.5059391670000001
2014-07-10,0.0,27400,0.0,0.0,0.0,1.260839962924365e-05,0.0002428950101602,0.0005836575875486,,8.609442236475,6.0296133944750006
2014-07-17,0.0,26800,0.1585357040166854,2.1370482444763184,0.0130861597135663,2.813384344335645e-05,0.0204206202179193,1.5297665369649802,,1.1018575727166668,0.37797600385
2014-07-18,3.0,24400,1.675105094909668,14.762046813964844,1.0819975137710571,3.0247273445129395,2.9192934036254883,16.299805447470817,,1.4514454192666668,0.609852421
2014-07-19,3.0,21500,18.4836540222168,16.212190628051758,2.0298142433166504,4.634125709533691,4.702651023864746,17.296692607003887,,2.8960633506,0.2356843799999999
2014-07-20,3.0,26600,19.9912166595459,14.199913024902344,2.045762300491333,4.815547466278076,4.731021881103516,15.802918287937745,,6.209888336666667,0.6321653249999999
2014-07-27,0.0,17900,0.0,0.0,0.0517727211117744,0.000490729464218,0.0064360946416854,0.0,,3.9619326681666656,0.0723286995
2014-08-20,0.0,11100,1.218402862548828,0.0336295217275619,0.3021348416805267,0.111717440187931,0.5764192342758179,0.404863813229572,,5.946466115066666,0.0308355477
2014-08-22,0.0,10100,1.7735835313796997,0.2829484641551971,1.2886576652526855,0.1919098794460296,0.7749435305595398,0.5200389105058365,,10.8068609119,0.0227899507
2014-08-26,0.0,7980,0.2632420361042022,0.0,0.5398287177085876,0.0249339751899242,0.0411814451217651,0.0,,3.333635418333334,0.0
2014-09-01,0.0,8100,7.269587516784668,21.887025833129883,5.714874744415283,5.325262546539307,2.469982147216797,22.508365758754863,,9.6063856435,4.605720823
2014-09-07,0.0,8470,0.0015297618228942,0.0259220749139785,0.0007651354535482,0.0083333430811762,5.546881311602192e-06,0.0219844357976653,,6.695630732433333,1.3455197185
2014-09-15,0.0,8440,0.0614047534763813,0.0,0.0745543017983436,0.0085838409140706,0.4464714527130127,0.0050583657587548,,4.783080930916666,0.7193308599999999
2014-09-18,0.0,6990,13.55512809753418,20.042518615722656,0.890913188457489,5.904421329498291,3.1964449882507324,13.306225680933844,,7.144354128,2.114853058
2014-09-23,4.0,8220,27.30542755126953,43.30197143554688,13.5098876953125,36.9752197265625,35.33793258666992,44.72334630350193,,2.921713463783333,1.93619461935
2014-09-24,4.0,8760,44.519561767578125,52.81318664550781,12.591361045837402,46.20809173583984,37.70531463623047,52.920233463035,,1.0543404247833332,0.55068969935
2014-09-25,4.0,10700,52.263946533203125,41.77959442138672,16.71006202697754,51.9337158203125,38.57856750488281,37.05350194552527,,2.0637686304500003,0.5131486513500001
2014-09-28,0.0,9430,9.64634132385254,8.057584762573242,2.1036033630371094,4.360275268554688,2.492469072341919,7.815175097276262,,9.31150319965,0.40776054895
2014-09-29,0.0,8790,7.799605846405029,17.067371368408203,7.287562847137451,16.996185302734375,14.458703994750977,14.471984435797662,,9.889589457666666,0.6207789324999999
2014-10-03,1.0,11500,0.2546587288379669,0.2248666286468505,0.0311652775853872,0.0216998606920242,3.269188404083252,0.3791828793774318,,12.429773882,5.352804477499999
2014-10-04,1.0,9740,0.3691408634185791,0.2248666286468505,0.0150112360715866,0.048080313950777,3.726572036743164,0.2081712062256808,,12.114296431,5.429482557499999
2014-10-10,0.0,7950,1.9428749084472656,19.100170135498047,11.302388191223145,13.405611991882324,18.514205932617188,14.447470817120625,,24.489939455,15.282132799999998
2014-10-12,3.0,8060,20.641223907470703,39.55208587646485,16.15765380859375,20.310518264770508,24.84959983825684,41.42470817120624,,19.60005605,15.8941183
2014-10-13,3.0,9630,42.39617919921875,31.64856338500977,21.41484642028809,30.57794570922852,38.2691764831543,36.50291828793775,,17.035932878333334,11.881283285000002
2014-10-14,3.0,11600,34.765960693359375,45.884742736816406,18.773311614990234,36.1904182434082,45.0982780456543,60.8025291828794,,10.733027895,5.320287635000001
2014-10-16,3.0,15700,35.02767562866211,35.95934295654297,8.684738159179688,25.876296997070312,27.171432495117188,46.4536964980545,,21.221151220333333,21.873128735
2014-10-17,3.0,13500,46.47895050048828,21.270938873291016,20.11614418029785,27.935863494873047,30.58362579345703,21.92587548638133,,25.103488008166664,21.3200765
2014-10-18,3.0,13500,25.52294158935547,25.93927764892578,16.067180633544922,19.13922500610352,26.83090591430664,24.64571984435798,,30.87524931483333,21.988339065
2014-10-19,3.0,14400,29.02503204345703,25.086498260498047,16.573715209960938,18.631200790405277,24.372966766357425,27.11556420233464,,16.0509970755,3.744161005
2014-10-20,3.0,12600,28.007814407348636,35.09323501586914,12.678203582763672,17.774703979492188,22.972484588623047,40.49610894941635,,17.899479554333332,8.23479459
2014-10-21,2.0,14400,40.09957885742188,72.78257751464844,46.44781494140625,56.58433532714844,79.69593048095703,90.92081712062256,,15.660281927666666,9.74948544
2014-10-22,2.0,20300,85.47348022460938,76.82177734375,61.65851974487305,77.68281555175781,90.90689849853516,89.08424124513616,,20.89579396483333,13.3518055
2014-10-23,0.0,32800,85.57852935791016,70.00968170166016,58.78345489501953,70.15601348876953,84.91282653808594,78.80038910505834,,16.387800168666665,9.25696324
2014-10-25,1.0,21300,59.97848510742188,51.64386367797852,43.6645393371582,46.50324249267578,73.6015853881836,57.44824902723735,,14.618416742166666,6.959906665000001
2014-10-27,2.0,27000,52.2104721069336,38.164161682128906,45.84434509277344,52.95728302001953,58.39152526855469,39.381906614785976,,21.357251455,13.124181625
2014-10-28,2.0,21400,38.84278106689453,38.83979034423828,37.08809661865234,47.43482208251953,43.40007019042969,39.03891050583657,,25.834516926666662,17.9005715
2014-10-29,2.0,27800,41.51705932617188,61.358848571777344,46.01116943359375,57.01284408569336,52.99822616577149,70.79066147859922,,31.0816381348,18.7746103
2014-10-30,1.0,29900,69.24288177490234,53.630821228027344,44.48799514770508,57.33013534545898,46.59253692626953,59.96731517509728,,24.2658967348,15.98769785
2014-10-31,1.0,33300,58.85173034667969,44.065223693847656,24.528831481933597,35.22373580932617,31.373899459838867,47.665369649805456,,21.0044648303,10.616330525
2014-11-02,0.0,26800,18.41595458984375,36.81694793701172,15.052464485168455,14.766854286193848,22.353275299072266,48.94941634241248,,26.5930149761,15.183736730499998
2014-11-03,1.0,23500,48.94410705566406,51.01426696777344,41.59307098388672,64.55638122558594,66.45306396484375,71.17723735408562,,35.22367977893334,15.6293536055
2014-11-04,1.0,39600,69.32069396972656,58.66440582275391,41.4879150390625,63.59435272216797,69.14321899414062,80.52412451361867,,25.456771760166667,10.6775074555
2014-11-05,3.0,45300,77.7411117553711,55.07392501831055,35.116451263427734,69.5841293334961,82.73684692382812,67.55992217898832,,29.42909015833333,11.77348355
2014-11-06,3.0,39100,64.7679443359375,38.65364074707031,12.296560287475586,30.653032302856445,42.73341369628906,45.19708171206226,,29.343138983333333,19.32437925
2014-11-07,3.0,44700,44.26506805419922,33.33087158203125,12.17656707763672,30.583999633789062,39.03786087036133,32.83560311284049,,34.37996748166667,21.04272975
2014-11-09,1.0,31500,18.87258529663086,23.120193481445312,18.868240356445312,18.011882781982422,27.196678161621094,18.419066147859915,,31.889639329233333,11.448511915
2014-11-21,1.0,11600,49.18209457397461,62.3911247253418,55.88291931152344,63.74928665161133,56.21965408325195,68.63151750972766,,56.61157216666666,36.85086174999999
2014-11-22,1.0,16800,68.03864288330078,70.6552734375,73.23300170898438,77.34054565429688,80.48710632324219,82.10564202334636,,51.94391953299999,29.07028155
2014-11-24,3.0,20100,70.81800079345703,103.09129333496094,56.09577560424805,82.4224853515625,96.43943786621094,123.47159533073928,,37.953337883,30.1568973
2014-11-25,3.0,26100,117.39659118652344,112.09967041015624,84.50035095214844,90.51580047607422,97.13516235351562,129.86848249027236,,40.6025235845,32.051938775
2014-11-26,3.0,52100,127.12950897216795,130.5244598388672,110.87589263916016,111.99637603759766,109.0291519165039,151.28015564202326,,31.440075094166662,22.507190925
2014-11-27,3.0,61000,155.90731811523438,108.5430908203125,125.70606994628906,113.2919921875,101.64862060546876,125.40077821011673,,37.958060467500005,23.137526425
2014-11-28,3.0,71500,135.78504943847656,80.87930297851562,79.8554458618164,86.60810089111328,73.38609313964844,94.95525291828794,,54.11767176633333,32.49414615
2014-12-05,1.0,18600,17.33439826965332,23.235145568847656,31.10149955749512,24.183950424194336,26.128358840942383,29.80077821011673,18.991899490356445,23.466893151,10.803875623
2014-12-06,1.0,20800,29.51494598388672,20.05838394165039,27.754777908325195,25.105314254760746,27.84029197692871,22.994552529182883,20.118024826049805,24.78650917333333,17.00150065
2014-12-07,4.0,23200,24.21068572998047,31.44159698486328,21.110130310058597,19.54849624633789,26.580833435058597,34.637159533073934,13.14876937866211,29.69270191333333,24.9760442
2014-12-08,4.0,21800,35.20654296875,57.01132583618164,36.36149215698242,59.205997467041016,60.7479362487793,65.19941634241246,31.570838928222656,34.807786173333334,33.1395195
2014-12-09,4.0,30900,60.94403839111328,87.03863525390625,62.854373931884766,85.12596893310547,103.24595642089844,108.18482490272363,44.40642929077149,33.2935481782,27.2531994225
2014-12-10,4.0,47400,96.79142761230467,83.45515441894531,68.59757995605469,102.66363525390624,113.72216033935548,101.2647859922178,60.42704772949219,25.957304249866667,19.5644130725
2014-12-11,4.0,46500,90.01171875,56.38303756713867,45.52009963989258,55.71603012084961,66.4997329711914,61.93910505836566,33.610740661621094,16.379042454700002,7.824128667
2014-12-12,1.0,42600,57.13215637207031,26.09062767028809,17.546791076660156,30.61990737915039,26.24563789367676,19.800194552529188,19.421016693115234,13.830143048666669,7.0298378445
2014-12-18,1.0,17600,22.505268096923828,31.490314483642575,18.764373779296875,21.69080352783203,26.71459007263184,32.5533073929961,9.325963020324709,25.714539594,19.382003907
2014-12-19,1.0,18100,33.400169372558594,60.97580337524414,41.90550994873047,39.13451385498047,60.22741317749024,70.22315175097273,23.58407020568848,21.220981504,9.665931437
2014-12-20,3.0,18000,68.09024047851562,59.49917602539063,91.25778198242188,76.64982604980469,101.41642761230467,69.28735408560308,50.746070861816406,23.414902075666667,8.278358887
2014-12-21,3.0,26300,65.81175994873047,51.24497985839844,87.33032989501953,63.27817916870117,86.79977416992188,56.91926070038908,47.305419921875,24.34216529666667,8.55968713
2014-12-22,3.0,24700,56.6940803527832,46.399715423583984,80.56108856201172,59.89691925048828,74.89800262451172,50.33424124513621,40.002540588378906,27.493716916333337,8.3299256
2015-01-04,3.0,15900,74.0110092163086,95.07322692871094,116.87527465820312,112.97116088867188,109.95999908447266,131.77003891050578,87.15056610107422,33.8118913485,21.9112303455
2015-01-05,3.0,32100,119.16839599609376,91.75141143798828,130.9577178955078,111.41329193115234,112.31298828125,129.48112840466922,86.41873931884766,35.73137005,24.78014675
2015-01-06,3.0,47100,116.95757293701172,38.78012466430664,108.85301208496094,91.75372314453124,90.29693603515624,58.54066147859921,66.87223052978516,36.605493460000005,30.658472250000003
2015-01-09,0.0,24500,1.1483865976333618,3.5866990089416504,0.0681415498256683,0.3778797090053558,0.0812705010175705,3.349610894941633,0.8348841071128845,26.982666961666663,24.2896134
2015-01-15,1.0,18200,15.891637802124023,21.08111953735352,37.09716033935547,23.870895385742188,35.30892562866211,23.71478599221789,16.228330612182617,31.309663900166672,30.96006868
2015-01-16,1.0,17400,23.81824493408203,47.25104904174805,55.33090591430664,31.57856559753418,39.17703628540039,55.79980544747082,19.719575881958008,23.769427805000003,22.7349537445
2015-01-17,1.0,18300,54.68442153930664,63.87931060791016,105.24568176269533,79.64759826660156,98.58258056640624,69.49688715953309,62.56334686279297,14.538962434166669,9.7594434945
2015-01-18,1.0,24300,73.23971557617188,64.44866943359375,85.3656997680664,72.52145385742188,87.08920288085938,75.8900778210117,55.80434799194336,20.770779224833333,6.598080049499999
2015-01-20,0.0,24300,44.66234970092773,9.875303268432615,16.53306007385254,15.834766387939451,19.666336059570312,14.117120622568104,9.468570709228516,21.948257055,8.274040605
2015-01-23,3.0,17700,54.93740081787109,55.7617416381836,75.30709075927734,35.60528564453125,51.71490478515625,66.77587548638132,35.12427520751953,18.060811224666665,10.30004915
2015-01-24,3.0,33100,68.38692474365234,50.944732666015625,83.58926391601562,34.20448684692383,49.0476188659668,63.42101167315175,32.71544647216797,25.086057318,20.48800815
2015-01-25,3.0,39000,64.23066711425781,12.378169059753418,69.3097152709961,21.456743240356445,22.264280319213867,9.956031128404677,17.507741928100586,29.515286984666663,27.5382348
2015-01-26,3.0,30500,14.02162742614746,1.9819140434265137,19.86841583251953,0.4720289707183838,2.791329860687256,0.9157587548638132,0.2768594026565552,29.965954317916665,21.041801925
2015-01-30,0.0,19800,0.2459781318902969,3.091184616088867,0.125987634062767,9.49451350606978e-05,0.0224058181047439,0.2155642023346303,0.0,20.458064326966667,7.7824536
2015-02-04,4.0,18400,27.93134307861328,63.27288055419922,49.93671417236328,48.78893661499024,47.47532653808594,72.31595330739303,34.91527557373047,20.28520975,20.1915642
2015-02-05,4.0,21700,66.20645141601562,106.12991333007812,96.6772918701172,105.97772979736328,106.21334838867188,132.96887159533082,71.46403503417969,31.180448316666663,17.659860000000002
2015-02-06,4.0,42400,120.5242691040039,122.78338623046876,115.2488784790039,130.50193786621094,132.36715698242188,160.40175097276273,95.05906677246094,43.60564901666666,23.1695418
2015-02-07,4.0,59700,143.4066162109375,82.17831420898438,97.08512878417967,104.1819305419922,111.3102569580078,105.79533073929966,77.45751953125,55.69124268333333,36.4352008
2015-02-12,1.0,28500,6.332822322845459,4.091369152069092,3.270277976989746,0.8592003583908081,8.011500358581543,1.504669260700389,0.8747784495353699,17.093954134999997,10.59198425
2015-02-13,1.0,26000,2.581589460372925,5.337191104888916,6.770943641662598,2.1045713424682617,10.702661514282228,2.9227626459143963,2.321237564086914,15.456630931166668,9.5440268035
2015-02-19,0.0,16800,4.925741195678711,8.051101684570312,4.191267013549805,7.230044364929199,7.142405986785889,8.054085603112838,3.240828037261963,26.67330009781667,16.4978240343
2015-02-23,0.0,15300,0.1047301664948463,0.1577054113149643,7.597569037898211e-06,0.0,0.0009342115954495,0.0159533073929961,0.0017592594958841,26.77075572133333,13.20425886
2015-03-02,0.0,13600,0.3460833430290222,0.0275698248296976,0.4153367578983307,1.01609206199646,0.4249616265296936,0.6505836575875487,1.275800704956055,18.44884114666667,19.7073835
2015-03-07,0.0,11800,0.0281726196408271,0.0,0.0097571574151515,2.018806526393746e-07,0.0212869457900524,0.0062256809338521,0.0001470588176744,17.422348587000002,14.4487850975
2015-03-13,1.0,12100,29.92531967163086,51.42620468139648,40.80263900756836,41.698577880859375,42.49409484863281,53.70894941634239,39.12305068969727,11.0827657205,7.491905200000001
2015-03-14,1.0,13800,58.16859436035156,85.77825927734375,38.84358978271485,62.45030975341797,56.34822845458984,100.85856031128402,51.214752197265625,22.6489688265,11.05151506
2015-03-19,2.0,14600,11.38731575012207,21.266098022460938,19.61545181274414,14.844931602478027,27.020973205566406,26.13054474708171,11.975990295410156,18.43978208083333,14.37403635
2015-03-20,2.0,14600,25.57693862915039,39.03263473510742,37.935691833496094,35.701358795166016,54.13353729248047,49.12743190661476,25.738609313964844,19.522044264166663,16.312344200000002
2015-03-21,2.0,15200,44.89632415771485,35.38460922241211,37.59236526489258,35.055721282958984,51.058372497558594,45.52879377431904,25.689128875732425,31.9383636525,24.2919618
2015-03-23,0.0,16900,32.985477447509766,14.663130760192873,12.569819450378418,16.5484561920166,17.266124725341797,16.43249027237354,8.72140884399414,30.943737545,17.90524996
2015-03-25,1.0,15600,31.15543556213379,18.27288627624512,41.14372634887695,29.362911224365234,37.89673614501953,29.05389105058365,21.256141662597656,22.13177713,15.46499746
2015-03-26,1.0,21300,25.603721618652344,28.066537857055664,36.77135467529297,21.43885803222656,32.193321228027344,36.5612840466926,17.061492919921875,28.457641295833334,19.01415405
2015-03-30,1.0,21100,28.295562744140625,25.7612247467041,27.78966522216797,17.417530059814453,37.11525344848633,22.535019455252908,4.926071643829346,28.225340038333336,26.5375047
2015-03-31,1.0,18300,28.017452239990234,25.132925033569336,28.793529510498047,17.926973342895508,28.07539176940918,29.628404669260703,3.5593254566192627,23.82073189833333,18.387265765
2015-04-01,0.0,17700,28.11926651000977,18.3408145904541,29.00344657897949,18.05763053894043,26.347023010253903,25.06420233463035,2.8033835887908936,19.624283881666663,12.825364015000002
2015-05-04,0.0,10300,4.335281848907471,13.413528442382812,5.965955257415772,15.48475170135498,10.492470741271973,15.842412451361868,7.00666618347168,10.109983076666666,5.711507425
2015-05-10,0.0,10200,0.0039146826602518,1.7164281606674194,0.0825880542397499,0.5701321959495544,0.5658387541770935,1.7922178988326851,0.928614854812622,10.709556474333333,8.3446474
2015-05-28,0.0,10400,0.2352896481752395,0.0009225293761119,1.5710225105285645,4.8194074630737305,4.270307540893555,0.109533073929961,2.1321611404418945,8.255942181166667,3.26712878
2015-06-04,0.0,11500,4.228890419006348,0.6926212310791016,14.609940528869627,3.68674898147583,5.665736675262451,1.5898832684824915,3.6021294593811035,12.218607975,4.31932059
2015-06-26,0.0,8300,0.0,0.0,0.0410972014069557,0.0008283985662274,0.6613993644714355,0.0040856031128404,0.0500392131507396,5.150520336666666,3.552947295
2015-07-03,0.0,9850,3.968254077335587e-06,0.0,0.0,0.0,0.0,0.0,0.115041397511959,9.712038239873332,4.46800953
2015-07-08,0.0,8060,0.2523650825023651,0.4477602541446686,0.0506986714899539,0.0264904089272022,0.1173229962587356,0.1914396887159532,0.2871491312980652,4.288262870333334,0.355415961
2015-07-09,0.0,8030,0.2317956387996673,2.0165486335754395,0.0698636174201965,0.0205339640378952,0.159296303987503,1.7729571984435808,0.6975257396697998,3.556751873,0.359308989
2015-07-16,1.0,7660,0.6325851678848267,0.4892267286777496,0.0276179499924182,0.0697308778762817,0.1116631925106048,2.157782101167316,0.3970164358615875,1.4643970351666666,0.232041865
2015-07-17,1.0,7950,0.6225613951683044,0.0615310929715633,0.0275985281914472,0.0320250540971756,0.1104337722063064,1.6556420233463034,0.1462408751249313,1.2869858105,0.232041865
2015-07-18,1.0,7340,0.1954344809055328,0.0,0.0,2.735286943789106e-05,0.002414625370875,0.0196498054474708,0.8497219681739807,0.8539037175833333,0.14998441675
2015-07-21,0.0,7650,1.843079686164856,0.762189507484436,0.1906966269016266,0.1538501679897308,0.1496208310127258,1.150389105058366,0.5136275291442871,2.6463999900666666,0.0407285852
2015-07-22,0.0,7430,2.045016050338745,0.762189507484436,0.190641701221466,0.1587758958339691,0.1483067125082016,0.8677042801556422,0.8722190260887146,2.3754131638333336,0.1245278414999999
2015-07-24,0.0,7590,6.787858963012695,11.409988403320312,3.920790672302246,6.445726871490479,3.5741660594940186,13.532295719844356,7.124619483947754,8.280293052433333,1.1957861315
2015-07-28,0.0,7190,2.774775505065918,0.0,0.3507798016071319,2.69138765335083,1.234032154083252,0.0478599221789883,1.5152519941329956,3.3928867115,0.504243181
2015-08-01,0.0,7010,0.0,0.0,0.0036110721994191,0.0,0.0,0.0,1.0893247235799208e-05,3.1585634451666667,0.1214083354999999
2015-08-05,0.0,6270,7.12083911895752,5.208432674407959,0.4446244239807129,2.9007723331451416,2.8263370990753174,5.627042801556425,3.252464771270752,1.4426609426083337,0.000425848325
2015-08-07,0.0,6230,5.961528301239014,0.0150811458006501,0.349742591381073,1.4053784608840942,1.6861529350280762,0.1007782101167314,2.493224859237671,1.6686261883333335,0.0
2015-08-08,1.0,6000,0.0808372721076011,0.0150811458006501,0.5504390597343445,0.4391517043113708,1.569933533668518,0.0352140077821011,0.9223122596740724,4.606768733833334,1.5267214365
2015-08-09,1.0,5960,0.0046527776867151,0.0547817833721637,1.0559463500976562,0.4400317072868347,1.5487630367279053,0.0132295719844358,0.6630704998970032,4.849092691500001,1.5306521325
2015-08-18,0.0,6040,0.0003154761798214,0.0,0.0001015810994431,0.0099237533286213,0.0089709227904677,0.0007782101167315,0.0636797621846199,3.0898335466666667,0.017172415
2015-08-25,0.0,5850,0.1747817397117614,0.0060238158330321,0.0957106873393058,2.137660004564168e-08,0.0019238530658185,0.0636186770428015,8.823529060464352e-05,9.020699459,0.469821777
2015-08-28,3.0,5750,5.674186706542969,48.88677978515625,14.543773651123049,19.07082748413086,26.86058807373047,58.56926070038911,11.07612419128418,4.464951128433333,0.1954764203
2015-08-29,3.0,5890,62.30234146118164,64.09972381591797,42.416500091552734,44.78855514526367,48.972442626953125,77.80389105058364,33.180625915527344,4.5582433951,0.1954764203
2015-08-30,3.0,8240,79.93915557861328,82.18321228027344,51.07456207275391,60.78156280517578,57.35497283935547,108.2622568093385,33.01396179199219,5.559221713576666,0.19564202798
2015-08-31,2.0,10600,106.11656188964844,58.06867218017578,57.18915557861328,59.092071533203125,53.55189514160156,75.11050583657585,31.609468460083008,11.38668672081,0.42145235768
2015-09-01,2.0,14000,70.91690063476562,55.2684211730957,36.45343399047852,56.236236572265625,44.608097076416016,68.51984435797665,23.103105545043945,21.67713742174333,3.45959642768
2015-09-02,0.0,13900,66.6668701171875,35.07386016845703,41.2740478515625,44.37847900390625,38.70885848999024,38.96984435797667,26.36962509155273,24.3563799316,6.48407902
2015-09-15,0.0,7820,4.463479042053223,5.864923477172852,1.2730929851531982,1.4955034255981443,1.5604536533355713,4.664202334630351,4.845412254333496,1.6813772445,0.1987983235
2015-09-19,2.0,7780,18.58068084716797,34.29283905029297,18.5592041015625,12.573244094848633,26.08753204345703,34.05,12.389814376831056,22.007994173166665,16.678816425
2015-09-20,2.0,10200,37.44512939453125,31.721826553344727,21.71146583557129,17.91883087158203,35.83480453491211,31.8204280155642,20.097749710083008,9.817254484666666,1.7808665
2015-09-21,2.0,14400,35.37136459350586,20.71773910522461,18.385223388671875,14.318708419799805,32.223487854003906,21.059922178988327,18.165573120117188,10.80082800775,5.035058215
2015-09-23,2.0,10100,0.6722463369369507,2.798229694366455,0.3171350955963135,0.0057320683263242,0.1095851585268974,1.6513618677042805,0.0106644844636321,11.322117990083331,5.0481710215
2015-09-24,2.0,9780,1.6926207542419434,10.485373497009276,2.0029661655426025,1.7288715839385986,1.7371503114700315,9.714396887159538,1.993370056152344,12.836270723833334,0.7779551215
2015-09-25,2.0,9160,9.17199993133545,14.121517181396484,2.0809106826782227,2.4648666381835938,1.8981330394744875,11.787159533073934,2.550000667572021,13.953135033916666,0.01141330675
2015-09-28,0.0,8760,2.739768743515014,0.0763472393155098,8.783111843513325e-05,0.0007199425017461,0.0061711682938039,0.2052529182879377,0.0054237465374171,3.181960862166667,0.3965606745
2015-10-02,0.0,8920,2.7829372882843018,2.9993841648101807,2.3195624351501465,0.7583342790603638,0.2159386426210403,3.652918287937743,0.4020805060863495,15.19831932657,0.5013494115
2015-10-05,0.0,8870,0.5633255839347839,4.957891464233398,0.0757842883467674,7.46529913158156e-05,0.0004300487053114,2.288132295719844,0.0044618709944188,19.59489802745,9.912967515
2015-10-11,4.0,22500,80.89851379394531,61.83245468139648,34.50642013549805,40.387996673583984,63.91205596923828,68.24046692607006,38.705562591552734,14.704330359166669,0.6462534600000001
2015-10-12,1.0,14800,70.33618927001953,12.313721656799316,22.97875213623047,19.6693058013916,28.271196365356445,11.3920233463035,19.282642364501957,17.362708069166665,8.877926675
2015-10-18,0.0,9930,6.541353225708008,9.109046936035156,11.92372703552246,3.759568214416504,11.14128303527832,9.278404669260702,3.5975232124328613,20.585661339166663,7.5315158675
2015-10-19,0.0,9930,9.627513885498049,6.139484882354736,5.538131237030029,3.947935104370117,8.4805908203125,6.741439688715955,3.882455825805664,27.228264684166668,9.61718731
2015-10-22,0.0,9490,0.7354245781898499,0.1923514157533645,0.1375121027231216,0.0786048471927642,2.472871780395508,0.4807392996108949,0.0851416289806366,25.69342053833333,15.871162429999998
2015-10-28,0.0,7440,20.9039306640625,35.26133728027344,21.24759292602539,27.355234146118164,29.6396541595459,38.05369649805448,11.10366916656494,40.07544032783333,14.75028705
2015-10-30,3.0,12700,90.47494506835938,119.61569213867188,89.02766418457031,103.51611328125,102.65338897705078,147.83832684824904,29.357763290405277,32.86761492,29.1672127
2015-10-31,3.0,28200,148.98501586914062,132.60037231445312,115.93458557128906,133.3326873779297,122.41246032714844,157.4523346303502,51.665863037109375,32.48916592,25.632720215
2015-11-06,2.0,15100,14.850192070007324,38.475494384765625,34.09990692138672,38.00847244262695,42.92091369628906,49.98579766536968,24.192777633666992,57.600718152666666,54.4501505
2015-11-07,2.0,16000,49.389102935791016,40.07417297363281,39.53066635131836,52.07518768310547,52.35962677001953,49.6412451361868,35.29209518432617,53.739869002685005,49.5142255
2015-11-12,3.0,17100,63.91092300415039,119.56910705566406,114.9118194580078,123.80247497558594,130.5430145263672,140.37392996108954,89.3833236694336,24.603858594166667,19.65847325
2015-11-13,3.0,33500,142.9397735595703,143.14157104492188,111.05036926269533,127.47087097167967,131.3968505859375,168.25953307393002,100.67106628417967,20.160990499166665,13.11365635
2015-11-14,0.0,65600,167.61192321777344,111.64793395996094,120.4741439819336,141.02413940429688,129.30935668945312,140.66167315175105,115.7838363647461,23.67914743,18.409591
2015-11-16,3.0,44300,81.01055908203125,108.1701431274414,113.451171875,127.911376953125,122.62569427490234,134.81692607003893,97.29757690429688,29.587836385000003,23.23424875
2015-11-17,3.0,44400,130.8189239501953,105.85195922851562,104.73697662353516,107.05683135986328,117.49088287353516,126.9091439688716,78.98341369628906,46.66987665166667,39.93267
2015-11-18,3.0,73100,123.38267517089844,75.1015396118164,104.08537292480467,102.28659057617188,109.91777801513672,97.81536964980543,76.42082977294922,63.16103951666668,41.4509285
2015-11-29,0.0,14400,0.0986309498548507,0.7406663298606873,0.0,0.0,8.252201951108873e-05,1.3731517509727638,0.0003126361698377,33.437638383666666,23.0951325
2015-12-01,1.0,13600,11.450311660766602,23.296762466430664,22.586545944213867,13.505888938903809,19.74517059326172,22.63579766536966,11.5772705078125,40.69315454200001,16.02874621
2015-12-02,3.0,13800,22.975231170654297,58.45873641967773,64.75727844238281,38.07875442504883,46.99682235717773,64.02062256809339,30.94198989868164,30.506447200000004,8.51385701
2015-12-03,3.0,15200,62.3753547668457,58.7645263671875,82.86808776855469,52.36655044555664,73.76343536376953,62.67918287937742,49.42596054077149,19.466496522666667,8.05670885
2015-12-04,0.0,20400,62.24045181274414,82.39041137695312,73.42692565917969,56.815460205078125,77.25643920898438,95.62568093385214,46.834320068359375,22.56831953933333,15.08976995
2015-12-05,2.0,17700,92.07325744628906,74.23178100585938,70.53337860107422,77.99380493164062,99.93087005615234,90.00252918287936,66.63541412353516,37.976707608513664,20.8184564
2015-12-06,2.0,22500,87.12376403808594,84.11974334716797,86.39990234375,94.41366577148438,100.0606918334961,97.99533073929962,65.6629867553711,45.67931587291366,21.2046517
2015-12-07,1.0,26300,99.00894165039062,113.20198822021484,126.91211700439452,143.14756774902344,147.08218383789062,144.64941634241242,98.78382873535156,46.28843297291367,19.396413700000004
2015-12-08,3.0,30400,134.5559844970703,109.72605895996094,154.77915954589844,144.77890014648438,150.70079040527344,133.83035019455252,97.0552749633789,38.36589299206666,20.462273700000004
2015-12-09,3.0,64300,124.85554504394533,103.79442596435548,134.49081420898438,130.56150817871094,134.6630859375,130.6587548638132,89.15678405761719,36.86417870153333,23.282990012500004
2015-12-17,0.0,18500,33.18619155883789,48.459228515625,52.65468597412109,41.53875350952149,38.605712890625,43.17120622568093,49.37848663330078,29.78567958833333,20.062623215
2015-12-24,0.0,15400,40.06739807128906,25.46057510375977,29.649288177490234,30.26125907897949,40.8604621887207,26.96303501945525,21.148090362548828,42.4135690195,25.25537705
2016-01-06,0.0,12200,7.549798965454102,3.2228775024414062,2.867050170898437,5.882400989532471,6.38389778137207,3.869066147859918,2.4888463020324707,27.822923583666665,15.751243565
2016-01-12,1.0,12100,38.01555633544922,45.186302185058594,52.66968536376953,59.12208557128906,39.8199348449707,55.69533073929963,40.52272415161133,55.91607507233334,32.850478005
2016-01-13,1.0,15200,53.890174865722656,34.977840423583984,58.09611129760742,58.885841369628906,37.104942321777344,43.81750972762647,38.618289947509766,51.01259067066668,36.974167
2016-01-16,1.0,13800,29.484819412231445,43.07354736328125,57.54826354980469,43.3343391418457,50.75640106201172,49.22529182879374,23.23650932312012,24.814592673333333,16.2097972
2016-01-17,1.0,15700,47.44857025146485,40.74957656860352,64.93159484863281,53.503936767578125,59.392845153808594,49.08307392996105,32.218605041503906,26.99950360666667,15.80694335
2016-01-21,2.0,16200,74.53323364257812,83.75655364990234,86.24411010742188,92.64991760253906,98.2160186767578,92.98326848249027,59.250244140625,30.8819700005,13.6704214325
2016-01-22,2.0,29900,88.5080795288086,82.53030395507812,80.32489013671875,94.69898223876952,90.5357666015625,87.47684824902726,61.80009460449219,30.7833160715,10.6004037145
2016-01-26,1.0,20700,28.42870330810547,55.73017120361328,52.72040939331055,18.823884963989254,22.918596267700195,68.45739299610895,18.966285705566406,27.806866415,10.510295045
2016-01-27,3.0,25000,65.36738586425781,83.65897369384766,102.75105285644533,67.61959838867188,70.90999603271484,106.37431906614783,58.56393432617188,18.23756957033333,7.513751711
2016-01-28,3.0,39900,101.78067016601562,83.71372985839844,82.84359741210938,67.30865478515625,68.19737243652344,102.8396887159533,55.305545806884766,15.193562377333333,4.899129781
2016-02-02,0.0,20100,8.996238708496094,18.2963924407959,8.184783935546875,7.135927200317383,8.954450607299805,21.91984435797665,3.4847307205200195,32.176774795,18.47446282
2016-02-05,2.0,16200,43.118927001953125,33.26008987426758,52.7624397277832,46.34612274169922,60.21271514892578,38.46867704280156,31.17287254333496,29.51920483,29.803092900000003
2016-02-06,2.0,17600,36.14177322387695,26.24691772460937,35.93425750732422,24.81302070617676,36.78614044189453,29.80155642023346,16.69359588623047,15.9959736285,13.843667225
2016-02-09,0.0,18300,1.996137380599976,7.653538227081299,1.3891794681549072,2.483022451400757,2.6006791591644287,10.91186770428016,1.8170069456100464,20.077780708333336,19.19558345
2016-02-11,2.0,23400,28.86119842529297,53.19406509399414,26.090431213378903,37.33118438720703,47.00136184692383,67.42334630350197,34.10242462158203,29.1033507225,25.81637865
2016-02-12,2.0,28400,63.75405502319336,62.02960586547852,47.58161163330078,50.02593994140625,66.7957992553711,78.13424124513621,50.05632019042969,26.345494971666668,23.3868812
2016-02-13,0.0,39800,74.23633575439453,76.71536254882812,73.1302490234375,67.84760284423828,84.49232482910156,95.85972762645912,56.72641754150391,20.744510013333333,15.4423343
2016-02-14,2.0,35800,91.32339477539062,89.32009887695312,81.39215087890625,85.36205291748047,93.92295837402344,112.84610894941636,64.96376037597656,16.353937996666666,12.48543995
2016-02-15,2.0,44600,107.83309936523438,78.20183563232422,91.11111450195312,91.11517333984376,100.25201416015624,97.92665369649806,60.69425201416016,15.427565575,9.96054325
2016-02-16,2.0,59300,93.61002349853516,58.83294296264648,83.27371978759766,70.91075897216797,83.11581420898438,72.17023346303506,51.840065002441406,20.7974181625,9.9636125375
2016-02-21,0.0,24300,29.897235870361328,10.933187484741213,26.781200408935547,17.639751434326172,26.278621673583984,12.611284046692608,17.515596389770508,11.741646799333331,6.84685264
2016-02-24,0.0,20800,1.8920457363128664,0.0,0.2994450330734253,0.0728099420666694,0.1593866646289825,0.3618677042801557,0.0239498931914567,38.77876591666666,30.9694862
2016-02-25,0.0,20100,0.3460217118263244,8.162412643432617,1.945960283279419,0.0014888661680743,0.0993054658174514,3.417315175097277,0.0113525036722421,28.823847066666666,23.08819475
2016-03-01,1.0,19100,66.14125061035156,62.16730499267578,100.81732177734376,70.30772399902344,86.67932891845703,63.90661478599223,32.53529739379883,18.67438752241,14.84409163
2016-03-02,1.0,22800,62.22198486328125,62.45954132080078,105.4230499267578,67.90055847167969,99.67942810058594,70.16731517509729,48.886756896972656,26.659141872943334,23.41631345
2016-03-03,1.0,24800,68.56304931640625,40.23382186889648,66.04753112792969,36.66314697265625,53.51852798461914,42.142412451361885,30.261119842529297,24.897383240866667,17.540620434999997
2016-03-04,2.0,25100,41.1429443359375,31.509035110473636,38.39271545410156,29.192604064941406,46.346099853515625,33.900000000000006,25.68661117553711,23.3334684127,12.23288622
2016-03-05,2.0,22500,33.3256721496582,28.494171142578125,42.1142807006836,26.70059967041016,33.12745666503906,29.89669260700389,17.68108367919922,19.9374218115,7.65029203
2016-03-06,1.0,22100,29.357738494873047,28.705001831054688,53.52606201171875,35.757057189941406,37.75542068481445,30.64338521400777,25.15008544921875,16.3920623195,8.357191645
2016-03-09,2.0,19300,43.28716278076172,45.99285507202149,52.7479133605957,62.03058624267578,62.55656814575195,48.18891050583656,30.10018539428711,18.61991181333333,20.1261865
2016-03-10,2.0,22700,46.54575347900391,53.06220626831055,54.28993225097656,59.819637298583984,62.93928146362305,54.93715953307393,31.532371520996094,21.29856240333333,21.66355777
2016-03-18,0.0,15100,1.581918716430664,0.0298307351768016,0.0670124441385269,0.3792931735515594,0.3059219717979431,0.4887159533073931,0.0429128557443618,16.592229557966665,4.490794105
2016-03-25,0.0,16900,39.98964691162109,28.216306686401367,29.700912475585938,30.433334350585938,33.79343795776367,29.75642023346304,16.379474639892578,12.241575249416666,8.8333707725
2016-04-02,0.0,16000,0.1209464147686958,6.61290168762207,0.0129523798823356,0.0028317417018115,0.0186624322086572,5.392217898832683,0.0021949890069663,8.249328999616667,3.81999669
2016-04-15,0.0,15900,10.856693267822266,9.181303977966309,3.420875072479248,14.09870147705078,13.651912689208984,9.433073929961088,6.661945343017578,7.876218419716666,4.50157741
2016-04-20,0.0,20300,0.0,0.0,0.1353991776704788,1.2229925394058228,0.024464851245284,0.6538910505836575,0.1415729075670242,8.13416890675,6.23254395
2016-04-21,0.0,23900,0.5919030904769897,5.699934959411621,4.689057350158691,2.420133590698242,4.2283854484558105,5.239105058365761,3.666698694229126,7.264473812416667,3.93956783
2016-04-30,0.0,14800,1.8368293046951292,0.8501045107841492,1.3848870992660522,3.8610126972198486,2.903686761856079,1.4126459143968877,2.317132472991944,10.103892169166668,6.506732629999999
2016-05-01,0.0,14300,1.376176357269287,0.0,0.0366286262869834,0.2040875107049942,0.1257359236478805,0.1912451361867704,0.0471612326800823,4.8561351189,3.5516862192
2016-05-04,0.0,18600,4.22288703918457,5.378167152404785,1.282582402229309,0.8232741355895996,1.9662880897521973,4.673151750972764,3.237199068069458,8.328572121666665,5.39600325
2016-05-09,0.0,18900,2.714429378509521,3.605006456375122,0.378375232219696,1.321700930595398,1.0895953178405762,2.8542801556420243,1.7451274394989014,4.6760419385,1.9437192955
2016-05-16,0.0,17000,2.4465458393096924,0.4464859068393707,0.2162376940250396,0.3128439486026764,0.3233228623867035,1.3062256809338524,2.012690544128418,18.978420650333334,6.0595649475
2016-05-27,0.0,15700,8.401700973510742,17.805503845214844,2.539484024047852,13.050145149230955,11.01215362548828,24.35603112840466,8.55522346496582,6.373348068333334,2.48890469
2016-06-05,0.0,24300,0.0197281725704669,0.0,0.0011189032811671,0.0,0.0001395089348079,0.0375486381322957,0.0095228757709264,10.522928855283332,7.030713941999999
2016-06-09,0.0,21200,4.775089263916016,13.10498046875,1.3078300952911377,5.445882320404053,5.5909624099731445,10.42665369649805,4.466890335083008,15.490734418633332,10.34646055
2016-06-17,0.0,14500,2.9811654090881348,16.15520668029785,4.75068998336792,14.327488899230955,11.86075496673584,17.94241245136188,11.97380542755127,6.379057947999999,3.105688495
2016-06-23,0.0,12800,17.015180587768555,18.754722595214844,16.887706756591797,16.283355712890625,31.604660034179688,18.05583657587549,10.51050853729248,13.644951641583337,5.173444849999999
2016-06-25,0.0,14800,16.171234130859375,3.067652702331543,11.127805709838867,12.49904441833496,21.109771728515625,1.6881322957198437,7.804807186126709,19.906754154916666,15.1635114
2016-06-27,0.0,13700,0.0,0.0,7.5962043410982e-06,0.0010320718865841,0.0765790343284607,0.0,1.6733639240264893,5.968895359283333,6.351180596500001
2016-06-28,0.0,15800,0.0,0.0,7.654554212699337e-10,4.724150858237408e-05,0.0632634088397026,0.0,1.3606773614883425,2.6921440426166665,2.1133406465
2016-07-16,0.0,12900,2.8407344818115234,8.510642051696777,6.266531467437744,5.56215238571167,10.08067798614502,5.355252918287938,9.53640079498291,2.5696306836166665,0.45601678635
2016-07-21,0.0,11800,1.1485676765441897,4.57582950592041,3.017200469970703,3.740219593048096,1.121540665626526,3.9178988326848248,5.172843933105469,2.2800927316833333,0.4636122785
2016-07-29,0.0,13300,0.0233214292675256,0.0,0.0001376036379951,0.0157636534422636,0.0004832987906411,0.778404669260701,1.5860072374343872,0.2066254116666666,0.00755171
2016-08-09,0.0,9070,4.207147121429443,4.100510597229004,4.2531256675720215,6.093093395233154,11.153017044067385,3.7492217898832663,3.6021556854248047,6.341200832333333,0.277994762
2016-08-10,0.0,8140,3.636688709259033,0.0975386127829551,2.350498676300049,3.358886241912842,4.675729751586914,0.3177042801556419,1.1952279806137085,2.4393617406666666,0.235271082
2016-08-12,0.0,7660,0.0600277744233608,0.0,0.0463576130568981,0.0172812808305025,0.0320324823260307,0.0,1.6111891269683838,1.893295708433333,0.0011364968
2016-08-13,0.0,7990,0.0,0.0,0.0019017003942281,0.009535850957036,0.0053716385737061,0.0,1.2032155990600586,3.0993648401,0.0335654918
2016-08-17,0.0,7820,0.0,0.0,0.0,1.9980379875050858e-05,0.0025584942195564,0.0,0.0130479298532009,1.8564397392666665,0.0183081728
2016-08-27,1.0,7210,0.4491408765316009,0.7462752461433411,1.356806755065918,0.079860046505928,1.17760968208313,0.7544747081712064,0.0017015247140079,7.074748984666668,0.264022539
2016-08-28,1.0,7010,0.780916690826416,0.7462752461433411,1.7679697275161743,0.0914590805768966,1.270563721656799,0.7782101167315177,0.0019694985821843,5.158241829666667,0.4780689389999999
2016-09-03,0.0,8010,21.910139083862305,16.552627563476562,14.895310401916504,19.332809448242188,19.54281616210937,16.40311284046693,0.5645900964736938,6.219297584166666,0.0831197268
2016-09-05,0.0,6930,4.114231586456299,5.639575958251953,4.1717023849487305,9.005328178405762,9.242345809936523,4.112840466926071,0.2989147007465362,7.248272482566666,0.636121422
2016-09-16,2.0,9440,1.9576170444488523,42.99908447265625,13.086356163024902,34.01689529418945,32.222618103027344,45.40564202334631,2.676846027374268,20.096732265,5.346100294999999
2016-09-17,2.0,9130,43.22487258911133,53.51413345336914,20.60801124572754,40.345951080322266,47.83743667602539,52.35038910505837,3.1177573204040527,16.89875898216667,5.000106637
2016-09-18,2.0,13300,49.68836212158203,65.8353500366211,23.65823173522949,57.78046798706055,56.64157485961914,71.12470817120624,5.405949115753174,9.840266603833332,5.488734787
2016-09-24,1.0,8470,7.906926155090332,7.32805061340332,6.608863353729248,5.886935710906982,6.193996906280518,7.502140077821017,0.4174973666667938,2.1349824921,0.2613273454499999
2016-09-25,1.0,8460,7.170092582702637,1.632961988449097,2.1665308475494385,1.2549922466278076,2.6993930339813232,0.9698443579766536,0.4173274338245392,0.4906366594333333,0.00384087495
2016-09-28,0.0,7960,0.1029206365346908,0.0,0.0857573449611663,0.0689900442957878,0.7411571741104126,0.0879377431906614,0.1082375273108482,12.182615894833331,10.04275244
2016-10-01,0.0,7520,2.5760304927825928,2.2332417964935303,3.694880962371826,4.1644206047058105,6.2914323806762695,2.519260700389105,,9.664538036583332,1.01289930975
2016-10-06,1.0,7710,21.10134506225586,30.40018081665039,28.72764778137207,25.496505737304688,34.79553985595703,31.7464980544747,1.880864500999451,20.3499322675,6.473483215
2016-10-07,1.0,8230,31.02741241455078,91.09651184082033,76.8401107788086,75.0128173828125,79.2823486328125,109.64416342412446,7.631312847137451,17.9558909846,7.956687125
2016-10-08,2.0,10100,106.06491088867188,81.1847152709961,85.6872329711914,80.12075805664062,96.0042953491211,97.78871595330736,8.646183967590332,15.001552745933337,6.220551655
2016-10-09,2.0,31000,94.79299926757812,69.13970184326172,62.88801193237305,60.93838882446289,67.04084777832031,83.2005836575875,7.371410846710205,7.510613693850001,3.88784273625
2016-10-10,0.0,20100,80.76055908203125,5.944301128387451,9.629014015197754,9.881072998046877,18.258872985839844,4.359338521400777,1.2207797765731812,16.92535726175,3.69835216125
2016-10-11,0.0,14900,4.753771781921387,14.037769317626951,0.0360383614897728,0.3440210223197937,0.0436761789023876,10.009727626459153,0.0151460021734237,22.257991630183334,4.042908531249999
2016-10-12,2.0,13200,10.19442081451416,51.13035583496094,33.34233474731445,41.06123352050781,42.16087341308594,55.63774319066145,0.0001590414030943,25.151839429766667,6.63395577
2016-10-13,3.0,13300,55.33065032958984,103.90827941894533,76.6033935546875,101.75981903076172,78.71186828613281,119.91420233463036,9.76297378540039,27.41131712143333,14.964049235
2016-10-14,3.0,27900,117.5947723388672,118.25682830810548,105.13868713378906,125.9923095703125,104.19477081298828,137.18501945525293,16.113203048706055,34.63336583,29.421799185
2016-10-15,3.0,40700,133.97528076171875,93.07743072509766,110.70329284667967,112.99977111816406,95.3525390625,104.9503891050584,17.856046676635742,35.00017502666667,28.774322715
2016-10-16,1.0,33700,102.45804595947266,55.19392395019531,80.65451049804688,68.4077377319336,81.4336166381836,56.97178988326847,10.592878341674805,33.082076263833336,22.2269872815
2016-10-19,1.0,30500,51.02220916748047,65.17100524902344,71.56019592285156,68.3743896484375,59.75724792480469,74.32490272373539,4.884365558624268,23.97256527633333,12.1604933
2016-10-20,1.0,33000,73.76286315917969,68.07610321044922,56.86845397949219,53.39191818237305,45.55178451538086,76.77840466926068,4.0404558181762695,14.015014844666666,6.11441238
2016-10-24,2.0,22400,10.74790382385254,14.85948657989502,4.415909767150879,10.862545013427734,15.519909858703612,11.918093385214013,0.5823385715484619,30.056360168333327,13.93483945
2016-10-25,2.0,21200,11.492183685302734,56.67081832885742,18.956695556640625,28.07583236694336,26.30652236938477,61.90408560311285,3.6458992958068848,33.50622664316666,13.66819145
2016-10-26,2.0,20800,59.77447509765625,56.62194061279297,20.62649154663086,47.19208526611328,51.58658599853516,61.64241245136187,6.005641937255859,37.5425444315,20.14100225
2016-10-27,2.0,36700,59.80875778198242,52.827186584472656,23.68145751953125,40.00381851196289,46.740867614746094,59.67023346303503,5.916261672973633,37.54884930316667,17.884191370000003
2016-10-28,0.0,32900,57.900150299072266,14.81450080871582,15.527932167053224,25.83834457397461,34.56094741821289,14.4852140077821,3.7399396896362314,31.798221498333334,18.48905472
2016-10-31,0.0,24200,32.76868438720703,39.39000701904297,32.52104187011719,41.993072509765625,34.29820251464844,50.51673151750973,0.9509197473526,26.601634521,21.20906015
2016-11-01,3.0,28400,49.43008804321289,57.3685302734375,52.97111511230469,72.52978515625,58.45298767089844,75.34027237354087,2.864739418029785,33.50564561333333,30.3138967
2016-11-02,3.0,30400,72.69837951660156,43.81974792480469,55.96492385864258,53.6812744140625,48.85799407958984,55.12801556420233,5.121809482574463,33.95804099666666,29.6737549
2016-11-03,3.0,34000,52.92534255981445,29.660564422607425,42.20108795166016,35.662864685058594,45.593040466308594,33.00778210116732,4.17323637008667,24.8945689395,22.59057905
2016-11-04,3.0,29700,31.546113967895508,35.52635955810547,36.59319305419922,28.17464828491211,37.21573638916016,41.483852140077815,2.2570700645446777,22.49329062283333,19.134031550000003
2016-11-05,3.0,29300,40.32776641845703,38.9189682006836,28.432071685791016,38.26567840576172,22.48500061035156,47.16303501945524,0.7850648760795593,33.31930136783333,30.03701665
2016-11-07,4.0,34600,46.952613830566406,11.255112648010254,17.444747924804688,16.593761444091797,4.924252510070801,9.963813229571988,0.7907424569129944,35.53358612833333,22.7056212
2016-11-08,4.0,25700,9.692580223083496,14.654407501220703,20.05373764038086,6.5028252601623535,9.922731399536133,14.592412451361858,0.1491698324680328,24.552188895,10.824905485000002
2016-11-09,4.0,22900,14.114644050598145,11.56755542755127,18.99269676208496,4.376450061798096,7.0599541664123535,11.9828793774319,0.1486589312553405,19.423528726666664,8.495208235
2016-11-10,3.0,23000,11.74696159362793,16.134096145629883,17.154003143310547,4.368594169616699,7.447885036468506,15.90038910505836,0.1464475989341735,17.54787029983333,8.52270563
2016-11-11,3.0,20800,15.386636734008787,31.517282485961918,30.4815673828125,14.357118606567385,21.844785690307617,35.83268482490274,3.9758241176605225,19.277174104833332,14.865412845
2016-11-12,3.0,20700,34.23057174682617,56.75070190429688,40.77497100830078,21.50322723388672,30.965415954589844,66.82354085603114,4.05877161026001,35.8367172715,26.952074345
2016-11-13,1.0,29300,64.13316345214844,69.18306732177734,80.90229797363281,51.5669059753418,66.56285095214844,82.61245136186773,5.1642746925354,52.16560757783333,47.5932755
2016-11-14,1.0,31700,79.1865005493164,77.08917236328125,73.11209869384766,58.71269989013672,57.63505554199219,89.12704280155637,1.7368004322052002,58.3142453895,46.9753733
2016-11-19,1.0,21100,12.227985382080078,22.638334274291992,20.534442901611328,15.770864486694336,22.43099975585937,23.32198443579768,0.9264239072799684,24.18989286833333,12.5412591
2016-11-20,1.0,19700,22.39285087585449,26.21426010131836,30.824237823486328,27.213531494140625,30.32627487182617,29.600000000000005,2.08944034576416,19.578816041666663,11.0662021
2016-11-22,0.0,20900,29.345903396606445,27.43021011352539,30.652076721191406,30.21673583984375,32.423004150390625,28.74844357976653,2.8929686546325684,16.493636245083334,4.681566965
2016-11-26,1.0,24200,68.10887145996094,47.43570709228516,36.93895721435547,57.0654182434082,29.28846549987793,49.238326848249024,0.0096623403951525,22.63549590023333,8.08869603
2016-12-02,0.0,19500,37.80615234375,35.18736267089844,40.95193099975586,36.67619323730469,38.8056640625,43.763035019455245,1.1933770179748535,34.50074661825,17.9977488
2016-12-13,0.0,14400,19.515714645385746,3.266204833984375,10.453829765319824,8.56640338897705,4.052617073059082,2.95875486381323,0.5586744546890259,22.934730772833333,16.8257763
2016-12-14,0.0,13900,3.1204304695129395,0.0,0.0824668407440185,0.1065208166837692,0.1167976185679435,1.9949416342412447,0.0121677312999963,21.5056615395,17.7484027
2016-12-15,0.0,12500,1.9192166328430176,0.0,0.0008448952576145,0.1048461347818374,0.0010768345091491,1.5889105058365756,0.0020261434838175,24.467581452833333,13.17384112
2016-12-19,1.0,11000,35.3464469909668,56.65332794189453,61.38693237304688,57.76925659179688,69.06657409667969,58.25933852140079,4.400035858154297,25.605775849833336,9.728734165
2016-12-20,1.0,11400,56.87408447265625,43.14055633544922,63.070777893066406,56.72964096069336,66.17044067382812,49.705447470817134,4.39923620223999,22.032621633166663,10.754369215
2017-01-10,0.0,11800,27.03346061706543,5.350496768951416,28.69959259033203,20.3183708190918,21.44179916381836,6.978793774319066,1.4436789751052856,36.192259125233335,20.6912363
2017-01-15,0.0,11600,0.5561270117759705,6.858413219451904,0.0055726510472595,5.827188033435959e-06,0.146142765879631,4.401167315175097,0.0024596985895186,47.69184688333333,50.222784
2017-01-16,4.0,11500,4.123376846313477,53.92470169067383,43.9339485168457,15.663880348205566,30.79996490478516,62.98249027237358,0.8930266499519348,43.25186538333333,49.4961215
2017-01-17,4.0,11400,59.91708755493164,84.48631286621094,112.40170288085938,89.0471420288086,89.1866455078125,102.69105058365766,7.933592319488525,47.92132788333333,45.4099705
2017-01-18,4.0,22500,98.1767349243164,95.76805114746094,125.88431549072266,113.7133560180664,105.12892150878906,119.0620622568094,10.189567565917969,63.925174983333335,48.673256
2017-01-19,4.0,29000,114.16603088378906,51.49709701538086,90.4760284423828,105.11829376220705,79.65078735351562,62.63385214007784,9.299290657043455,67.88755703333334,48.5438995
2017-01-21,0.0,19000,22.85006523132324,7.172350883483887,15.029272079467772,13.279499053955078,15.617494583129885,6.978210116731518,1.27907133102417,56.93402686666667,44.722040750000005
2017-01-29,0.0,10000,4.250729084014893,4.647656440734863,6.25786018371582,4.443795680999756,7.492478847503662,5.075097276264591,0.0032047869171947,12.054374213616668,2.49863732625
2017-02-05,0.0,12300,65.45027160644531,54.33065032958984,46.46097183227539,62.2810173034668,54.14645385742188,56.46186770428017,3.4555437564849854,17.608096081916667,3.942819182
2017-02-08,2.0,12500,42.52848052978516,73.97594451904297,51.13522338867188,79.16505432128906,76.92190551757812,84.01186770428019,2.460200786590576,27.055029245166665,6.5316525625
2017-02-09,2.0,18800,79.24342346191406,91.4593505859375,74.58573913574219,95.28510284423828,104.7497100830078,100.95311284046696,3.528978109359741,19.643482116833333,3.3677536775
2017-02-10,2.0,32900,95.1002960205078,61.70637130737305,78.8585433959961,102.27153778076172,114.5248565673828,71.42412451361871,2.795416831970215,21.4552738637,3.8450157975
2017-02-14,4.0,14900,17.942306518554688,66.83953857421875,38.58998107910156,41.9147834777832,44.2191162109375,83.3933852140078,2.4770302772521973,17.049411014750003,7.91702341
2017-02-15,4.0,22400,78.66073608398438,81.39973449707031,80.57199096679688,77.75404357910156,83.06532287597656,100.93287937743192,3.871861457824707,15.764058011416669,8.60338237
2017-02-16,4.0,47500,95.36756896972656,63.606353759765625,91.45523071289062,83.91260528564453,91.23168182373048,83.88463035019456,4.49553108215332,15.96018367566667,8.94856507
2017-02-19,0.0,25000,15.433340072631836,18.838165283203125,12.543604850769045,18.800670623779297,20.63158416748047,21.349416342412464,1.421553134918213,23.433796044161667,20.70588855
2017-03-02,0.0,11400,36.26676177978516,60.69099807739258,55.09765625,62.0030517578125,66.924560546875,65.48249027237355,2.463977813720703,19.915777581666667,16.73413563
2017-03-09,1.0,13200,54.79340362548828,41.74443817138672,38.79631805419922,50.599365234375,42.85876083374024,50.2367704280156,1.36384916305542,12.6950204855,9.0396839
2017-03-10,1.0,16600,49.14934539794922,44.86060333251953,46.17463684082031,47.46102523803711,36.53114318847656,54.36070038910511,0.3587333261966705,16.198426373500002,9.3703043
2017-03-12,2.0,19500,35.08549499511719,42.460975646972656,75.90538787841797,51.670196533203125,60.00421142578125,45.25038910505837,4.321792125701904,22.155855047166668,20.3901021
2017-03-13,2.0,20100,44.46350860595703,62.96552658081055,83.29896545410156,63.313507080078125,75.4337387084961,72.97879377431903,4.320437908172607,23.070847195,23.89123985
2017-03-14,1.0,25900,71.53541564941406,71.99056243896484,84.8115234375,67.29946899414062,79.57835388183594,88.34727626459143,2.3497912883758545,19.775549574666663,18.064735
2017-03-15,1.0,41900,86.96505737304688,52.93437194824219,52.24637985229492,56.88543319702149,57.114559173583984,69.26303501945526,0.9742247462272644,17.981954089666665,16.530753500000003
2017-03-17,1.0,28200,54.96171569824219,57.130489349365234,50.95331573486328,61.085540771484375,68.55965423583984,66.27354085603115,4.168426036834717,24.69965459,19.524045
2017-03-18,1.0,34600,64.51763916015625,56.201446533203125,44.86139678955078,49.082130432128906,58.187442779541016,64.61478599221792,3.30358362197876,23.593239775,17.537962450000002
2017-03-19,0.0,45000,62.87485885620117,30.817014694213867,43.19168472290039,44.88313674926758,54.09342956542969,35.91361867704282,3.30358362197876,27.524452626166667,24.0310311
2017-03-28,1.0,19200,55.425079345703125,58.538368225097656,65.83560943603516,69.54906463623047,61.99695587158203,75.94182879377432,3.557241916656494,18.823133815,12.7822817
2017-03-29,1.0,25000,75.59918975830078,56.54297637939453,62.40204620361328,69.86212921142578,62.8355712890625,69.79357976653696,4.45640754699707,21.094743525833334,16.5253017
2017-04-03,0.0,18000,9.783254623413086,9.862764358520508,2.523634910583496,3.1474533081054688,5.139033317565918,9.644163424124525,0.0612396597862243,16.686744579,13.6510618
2017-04-04,1.0,16800,9.487226486206056,24.22530746459961,19.624168395996094,25.0488395690918,23.460617065429688,26.846498054474715,0.7073343992233276,18.466059534,7.421559
2017-04-05,1.0,16500,26.48758316040039,33.43544387817383,31.003047943115234,29.751449584960938,29.713422775268555,34.661284046692614,0.9418541193008424,16.483108677833336,4.923695595
2017-04-15,0.0,17300,22.42972755432129,11.629379272460938,16.33644676208496,19.282472610473636,23.791263580322266,13.432684824902736,0.7076002359390259,14.882967420383334,4.425096750000001
2017-04-19,0.0,17800,21.599178314208984,17.454532623291016,18.316970825195312,26.338542938232425,35.925575256347656,20.85428015564203,0.5103929042816162,19.821814943333333,13.4418031
2017-04-23,0.0,19000,12.342293739318848,9.56686782836914,18.04403305053711,22.97969055175781,12.60208511352539,12.026070038910513,0.2243027687072754,16.993347482666668,10.084041695
2017-04-30,0.0,16700,12.334501266479492,11.148435592651367,15.591626167297363,16.458742141723633,12.84316635131836,14.218093385214,0.0027788621373474,6.874263738333333,4.435981235
2017-05-02,1.0,15700,7.734000205993652,10.373852729797363,4.4402618408203125,10.706843376159668,13.759485244750977,13.061284046692611,0.9458280801773072,9.108435373333334,6.358045000000001
2017-05-03,2.0,16200,12.51572322845459,23.066450119018555,2.411575555801392,7.850739479064941,13.839836120605469,26.423346303501944,0.9439794421195984,9.199959031833334,6.6733511
2017-05-04,2.0,20500,25.12559127807617,26.062753677368164,20.51382827758789,12.03359603881836,17.297855377197266,33.15642023346303,5.930798053741455,9.402015257283834,6.393949640000001
2017-05-06,0.0,40500,25.478599548339844,8.568624496459961,22.280288696289062,6.6522650718688965,9.239089012145996,11.035992217898828,4.9920735359191895,8.322750618450499,4.41898382
2017-05-12,0.0,26500,16.71565055847168,19.04369354248047,24.197731018066406,16.316680908203125,18.342308044433597,20.47626459143969,1.094530701637268,17.76689238755,13.8405536515
2017-05-17,0.0,19000,24.9457950592041,11.462431907653809,23.84954071044922,20.910381317138672,19.28595733642578,13.719455252918284,2.736670970916748,12.0455410855,11.250786849999995
2017-05-18,0.0,17200,12.90549087524414,0.2003801316022873,3.062704086303711,1.9634543657302856,4.350514888763428,0.5219844357976654,0.0582766979932785,12.524934518333332,13.06416785
2017-06-06,0.0,25100,0.2105535715818405,2.2244582176208496,0.0017617288976907,3.170020136167295e-05,0.0356192290782928,1.3667315175097263,0.0009912848472595,7.348074470538332,3.94175026
2017-06-07,2.0,28400,1.4413316249847412,14.78676986694336,8.295252799987793,6.24747896194458,15.613109588623049,16.557782101167305,0.0009368186583742,4.8005814860383325,2.6771759950000003
2017-06-08,2.0,33100,17.16012954711914,16.97661781311035,10.63724136352539,8.871695518493652,18.83106231689453,18.26653696498053,0.0522811003029346,4.183144506666666,0.6182964120000001
2017-06-11,0.0,25900,3.633124589920044,2.8761913776397705,2.5606436729431152,6.637157440185547,10.357377052307127,2.3420233463035003,0.8498071432113647,15.076767375,7.60603478
2017-06-12,0.0,24600,2.448585271835327,2.804800510406494,0.8338273763656616,0.8058465719223022,3.3413894176483154,2.277237354085604,0.0252679735422134,16.59062984043333,8.92694228
2017-06-15,1.0,20800,29.463685989379883,23.31607818603516,42.5755615234375,32.992698669433594,31.809158325195312,28.28326848249026,0.1546871811151504,5.914430448433333,2.266574985
2017-06-16,1.0,27600,29.590633392333984,23.34018325805664,42.817081451416016,32.88296890258789,31.264619827270508,29.264007782101157,0.1475128829479217,8.542291062433334,3.604203845
2017-06-17,2.0,26900,30.651927947998047,7.036098003387451,26.15824317932129,16.00823402404785,16.135103225708008,5.714591439688716,0.1689617335796356,10.3261113032,3.203136574
2017-06-18,2.0,22600,5.835863590240479,5.432724952697754,1.3799209594726562,0.271620512008667,2.8196685314178467,3.932490272373541,0.02431595697999,10.969192149766666,2.360371239
2017-06-28,0.0,22300,0.0057301581837236,0.0,0.0006663470994681,0.0010193572379648,0.0070607708767056,0.0,0.0059302812442183,8.732321384166667,2.763227375
2017-07-01,0.0,21600,0.0,0.0,0.0018274725880473,7.17585498932749e-05,0.0100832562893629,0.0,0.0017080608522519,4.414330726283334,3.052727885
2017-07-02,0.0,21400,0.0,0.0,0.0890175551176071,0.0096847247332334,0.2245944142341613,0.0,0.0002527232572901,5.78024995545,3.995509760000001
2017-07-05,0.0,18200,0.0,0.0,0.0005849291337653,2.519666963962664e-07,0.0020502831321209,0.0,0.0007342047174461,2.842139303166667,0.5786992375
2017-07-11,0.0,17400,0.0699047595262527,0.0,0.0006986872758716,0.0083497036248445,0.116455078125,0.07568093385214,0.0189303029328584,1.934206892666667,0.101342383
2017-07-15,0.0,15400,0.0,0.0,0.3285859227180481,0.0928575098514556,0.2308642268180847,0.0573929961089494,0.0020697165746241,3.1280288725,0.4751305225
2017-07-19,0.0,11400,0.0263710282742977,1.3691108226776123,0.2747004628181457,1.101526379585266,1.3464728593826294,1.96828793774319,0.4650913178920746,0.2054489383833333,0.056742166
2017-07-21,2.0,10900,1.5101765394210815,1.4338738918304443,0.3608092963695526,1.3878909349441528,2.0533323287963867,2.0610894941634235,0.6011357307434082,12.861310144216668,0.0341454095
2017-07-22,2.0,10500,1.5169801712036133,0.0647630840539932,0.0861088335514068,0.3015945255756378,0.7750680446624756,0.133657587548638,0.1378331035375595,12.76942091105,0.0
2017-07-23,2.0,10800,0.1187361255288124,0.0485746823251247,1.2239303259775625e-07,0.0160724855959415,0.4712567925453186,0.0317120622568093,0.0096633965149521,6.085696568333333,0.214705405
2017-07-26,0.0,10500,0.0,0.0,8.534116346936571e-08,0.0005034318892285,0.0009859045967459,0.0,0.0009956427384167,5.587444465455,0.016946855365
2017-08-13,0.0,9110,5.127308368682861,5.8238067626953125,2.0492820739746094,4.93610143661499,3.5148987770080566,5.068677042801557,0.3909348249435425,1.81779157535,0.0075834802
2017-08-17,0.0,8650,0.0,0.0,0.0106046795845031,0.0189446248114109,0.0750645324587822,0.0029182879377431,0.0002941176062449,10.518668406336667,3.23751897401
2017-08-21,0.0,6810,0.0,0.0,0.0199298206716775,0.0001321637973887,0.0074469116516411,0.0,2.8322439902694896e-05,3.657183513333333,0.029878838
2017-08-22,0.0,7650,0.0,0.0,0.0030989840161055,0.000205313481274,0.0309996306896209,0.0,2.8322439902694896e-05,8.575188542166668,0.3328155465
2017-09-09,1.0,8220,7.285887718200684,7.726521968841553,0.9772546291351318,1.673662543296814,5.309744834899902,7.70642023346303,0.4015814661979675,6.460507230666667,0.7569999275
2017-09-12,0.0,7920,0.0274622999131679,0.0,0.0116518074646592,0.0004281818401068,0.0154255405068397,0.1330739299610894,0.0002766886027529,10.422506576066668,2.6628707725000003
2017-09-17,1.0,7200,7.100992202758789,13.204631805419922,10.11282444000244,14.515807151794434,21.244075775146484,15.801750972762653,0.0,11.091976944353334,1.02677951275
2017-09-24,0.0,6900,0.0895456373691558,0.6485413908958435,4.570969581604004,1.1522396802902222,3.979506492614746,0.3587548638132302,0.4479847550392151,2.531628154,0.46127039
2017-10-04,0.0,6670,0.8213412165641785,0.0092212855815887,1.4148369700706098e-05,0.0,1.557019260189918e-07,0.6659533073929961,0.0,18.065910775,2.49278317
2017-10-06,1.0,6870,13.92022705078125,27.99270439147949,6.309249401092529,11.45879364013672,22.03951644897461,32.17626459143968,0.290250152349472,26.852542995,12.26329592
2017-10-07,1.0,6630,31.97059631347656,29.544492721557617,9.201221466064451,15.064598083496094,28.05378150939941,32.75758754863813,1.5546479225158691,31.44127871000001,11.23732878
2017-10-15,0.0,6700,7.493131637573242,11.382933616638184,0.3008811175823211,0.5804378390312195,4.355944633483887,8.851556420233472,0.1657364219427108,23.604149448166662,14.156294634999998
2017-10-16,3.0,6800,8.497642517089844,27.5401611328125,25.72562026977539,24.62578773498535,29.65615463256836,31.015369649805457,1.8332332372665403,25.3248487615,15.920046575
2017-10-17,3.0,8560,29.954265594482425,99.6324691772461,38.98276519775391,63.04350280761719,69.3302230834961,117.59260700389108,11.395563125610352,21.60271228483333,12.118842545
2017-10-18,4.0,12700,113.7645263671875,117.307861328125,92.07675170898438,121.27497100830078,122.6022491455078,141.86789883268486,18.452402114868164,20.539693981666662,16.24995746
2017-10-19,4.0,36400,138.2767333984375,110.3786163330078,78.26904296875,116.72205352783205,119.35993194580078,128.6867704280156,17.09433937072754,21.361137474000003,14.75122582
2017-10-21,3.0,22500,106.1531219482422,85.50089263916016,95.30584716796876,106.761474609375,86.5634765625,93.91322957198446,6.532645225524902,22.108055861283333,11.23717024
2017-10-22,3.0,37900,92.75021362304688,74.54348754882812,88.36214447021484,88.07598876953125,63.97110748291016,84.04435797665371,6.219576835632324,20.707574113949995,6.943663115
2017-10-25,1.0,16400,7.732516288757324,7.95139741897583,2.190687656402588,2.2168450355529785,5.497795581817627,7.265953307392999,0.4073157012462616,15.887605087999995,5.456441014999999
2017-10-31,0.0,11900,0.9945256114006042,7.293581008911133,3.4972143173217773,4.523221492767334,6.051145553588867,6.703696498054477,0.0055054458789527,44.672473130216666,29.68988715
2017-11-03,0.0,12100,26.640167236328125,22.26986694335937,24.10039329528809,38.021095275878906,26.65399169921875,22.41848249027236,5.196541786193848,24.074112839433333,15.1384874
2017-11-05,0.0,11100,9.047774314880373,5.217494964599609,9.576630592346191,6.839704036712647,4.028544425964356,5.129377431906613,0.1498310565948486,16.779927231666665,8.00595927
2017-11-08,1.0,8690,2.8147976398468018,10.102415084838867,8.249691009521484,8.17642879486084,10.048871040344238,10.839688715953308,0.6767022013664246,35.3264177621,18.50078435
2017-11-09,1.0,8960,10.530742645263672,9.364663124084473,16.777008056640625,15.416448593139648,23.498437881469727,9.6,2.3258132934570312,46.50015295733333,20.38764345
2017-11-12,2.0,9670,27.978126525878903,55.26107406616211,29.86627960205078,42.21044921875,48.03568649291992,62.330544747081696,0.0491480454802513,25.127648628333333,16.043020187
2017-11-13,2.0,11800,60.87165451049805,68.20452880859375,49.95231628417969,67.98210144042969,89.4833984375,77.83463035019453,1.2794638872146606,24.665345956166664,15.246657137
2017-11-14,2.0,14900,75.64741516113281,65.71278381347656,66.8257827758789,76.51443481445312,127.92133331298828,74.2112840466926,4.436203479766846,23.022335454499995,16.13628705
2017-11-15,1.0,15900,71.59175109863281,49.670204162597656,64.32481384277344,60.65697860717773,113.5949478149414,53.62003891050583,5.978790283203125,39.80672423116667,20.9611237
2017-11-19,2.0,13300,38.15565872192383,44.16876220703125,54.80044174194336,48.22160339355469,55.42208862304688,50.57101167315175,1.4449611902236938,41.537210083333335,26.29198565
2017-11-20,2.0,15100,48.856781005859375,104.23429107666016,80.81773376464844,74.47311401367188,81.70942687988281,125.46050583657583,1.3916943073272705,57.49785221666666,32.65894765
2017-11-21,4.0,19500,120.68165588378906,125.23088073730467,113.6413116455078,92.93017578125,93.98593139648438,148.59319066147853,0.0,64.96536776666666,47.852757
2017-11-22,4.0,50600,142.59823608398438,145.41925048828125,116.3491668701172,109.5628662109375,108.81706237792967,171.32159533073923,0.0,67.6857715,51.588874
2017-11-23,4.0,76900,163.90628051757812,92.51092529296876,99.87752532958984,92.52537536621094,88.7678451538086,103.20953307392992,0.6959012150764465,56.47138982026,38.916818500000005
2017-11-25,3.0,55900,59.81725311279297,55.948001861572266,65.324462890625,42.71090698242188,57.86186599731445,59.930739299610885,5.612862586975098,55.12388572359333,30.7109479
2017-11-26,3.0,40600,57.27143096923828,55.46937561035156,65.10334777832031,35.31543731689453,55.37221908569336,59.63579766536965,6.23826789855957,48.45369910666667,32.28502155
2017-11-28,0.0,38900,66.14485168457031,34.4913215637207,50.25895690917969,36.04191207885742,39.81892395019531,37.963813229571976,5.838504791259766,19.45391218,9.801783335
2017-12-07,0.0,16500,0.4961367845535278,0.0,2.860497943402152e-06,3.9013077213212455e-08,0.0,0.5867704280155643,4.248366167303175e-05,21.73419717833333,16.078666050000002
2017-12-11,0.0,15400,0.0186111126095056,0.0058896797709167,0.0146254068240523,0.0006863313610665,0.0125246634706854,0.3387159533073929,0.0004978213692083,43.878766586166655,48.367629
2017-12-15,0.0,12900,8.325169563293457,13.050142288208008,2.698113441467285,2.527663230895996,8.453737258911133,12.690856031128412,0.8816512823104858,37.889473779032,21.77522525
2017-12-17,1.0,12200,58.48408126831055,68.1623764038086,52.69100189208984,60.53089904785156,75.98723602294922,77.14941634241245,2.223094940185547,33.243868485782,16.33511725
2017-12-18,1.0,18400,76.42122650146484,97.06763458251952,73.25223541259766,100.53883361816406,115.91423797607422,116.63735408560316,9.816110610961914,21.5332667595,12.270373009999998
2017-12-19,1.0,19800,114.4332275390625,58.54046630859375,67.03276824951172,92.72484588623048,94.24191284179688,70.63171206225685,9.615907669067385,18.7683400985,12.04596016
2017-12-20,0.0,20700,69.07244873046875,37.30953979492188,30.12808990478516,52.42623519897461,51.80743408203125,46.34280155642029,8.07026481628418,15.441358110166668,8.72955373
2017-12-29,1.0,14700,86.88362121582031,74.88165283203125,56.24890899658203,87.70263671875,89.14389038085938,94.30525291828792,5.603918552398682,17.168899314833332,12.07222815
2017-12-30,1.0,23800,92.80262756347656,50.14913558959961,40.38663864135742,59.52943420410156,50.32098388671875,60.30875486381321,3.3172407150268555,14.575946533166666,9.31834072
2018-01-03,0.0,16400,0.8353353142738342,8.351585388183594,1.3966922760009766,0.6360411047935486,0.373351514339447,5.002140077821013,5.4466232541017234e-05,21.51061832495,18.7504018
2018-01-04,1.0,15900,4.760686874389648,20.39048385620117,12.722088813781738,13.74712371826172,11.49183750152588,24.223929961089517,0.9193975329399108,13.774302819949998,11.879121745
2018-01-05,1.0,15100,24.02607727050781,23.694713592529297,19.85895156860352,22.22287940979004,26.393442153930664,28.53638132295722,1.3662368059158323,10.20746767745,7.724142045000001
2018-01-07,1.0,17600,37.8489875793457,30.586257934570312,35.049842834472656,28.834060668945312,39.86169052124024,32.8365758754864,2.4197371006011963,23.835022641966663,16.1295364
2018-01-08,1.0,18600,32.345123291015625,37.36023712158203,42.11498260498047,28.626806259155277,33.58240509033203,41.37159533073931,4.094846248626709,32.6379561228,13.690484424999998
2018-01-15,1.0,24200,6.069611549377441,13.307624816894531,11.54630184173584,8.796163558959961,8.323975563049316,10.726459143968878,0.6601054072380066,46.531084061166666,34.2127301
2018-01-16,1.0,22700,10.275165557861328,41.64217376708984,37.3303108215332,18.34939193725586,17.088092803955078,41.628404669260725,0.6616621017456055,36.53848312283333,20.252972285
2018-01-17,3.0,24400,39.1650619506836,51.25376892089844,67.90507507324219,38.937625885009766,29.68649673461914,56.85661478599224,2.4241151809692383,23.023836766166667,14.187834385
2018-01-18,3.0,28300,53.61082077026367,55.47962188720703,70.43277740478516,40.91584396362305,34.30152130126953,63.43035019455253,1.934728741645813,36.56768716733333,14.470863585
2018-01-20,1.0,23800,41.50894546508789,42.53855895996094,42.59626388549805,54.33809661865234,74.58976745605469,49.030544747081706,1.2540485858917236,34.752897186333335,13.351849065
2018-01-21,1.0,24700,47.51042938232422,39.93352508544922,46.81500244140625,65.15587615966797,81.5784912109375,45.90350194552528,3.7998342514038086,25.035107809000003,17.637571265
2018-01-28,2.0,22600,48.930442810058594,73.00825500488281,85.50434875488281,81.48490905761719,102.11227416992188,92.11498054474708,11.227912902832031,6.770331736166666,0.4819922335
2018-01-29,2.0,28100,88.44255065917969,63.67825698852539,95.68928527832033,84.74687957763672,102.43693542480467,81.12762645914397,9.336750030517578,9.630019687833332,0.6443782385
2018-01-30,0.0,39900,77.99201965332031,62.3926010131836,75.53300476074219,72.56537628173828,82.51268005371094,80.64455252918286,8.803972244262695,12.372083748333337,0.57701262
2018-02-02,1.0,26500,57.95758438110352,70.44602966308594,42.4230842590332,43.8150749206543,75.75239562988281,79.19260700389103,2.307528495788574,21.083983318833333,15.5448961735
2018-02-03,1.0,34000,75.82765197753906,89.73174285888672,105.96625518798828,73.88986206054688,124.14767456054688,103.57003891050584,1.834549069404602,23.026867811,17.46287315
2018-02-04,1.0,44500,98.93855285644533,74.09651184082031,103.02174377441406,75.13396453857422,101.7973403930664,81.32256809338524,3.7324085235595694,18.452750166666664,15.6698546
2018-02-06,2.0,46700,51.37821960449219,26.668115615844727,45.10785675048828,31.68663787841797,33.51719284057617,23.601750972762645,2.572666645050049,18.78846401006667,15.46608195
2018-02-07,2.0,36500,22.468223571777344,27.483301162719727,55.58005142211914,18.433523178100582,24.40928077697754,27.02470817120623,0.9823783040046692,18.76842761006667,15.58058625
2018-02-08,2.0,33700,25.477657318115234,22.55988121032715,53.878936767578125,16.133872985839844,21.75540542602539,23.405447470817123,1.041515588760376,17.803861280716667,11.714082349999998
2018-02-12,0.0,24700,0.8614720106124878,8.287545204162598,0.0010937212500721,0.0016793380491435,0.0003350705374032,7.865369649805448,0.0001013071887427,23.60637492166667,15.695724249999998
2018-02-13,0.0,22800,7.490093231201172,15.241376876831056,9.058197021484377,14.678998947143556,15.474576950073242,15.586964980544748,1.0943344831466677,23.30791443,10.639268775
2018-02-19,0.0,18400,37.9069938659668,0.2856751978397369,14.6699857711792,13.744997024536133,15.249625205993652,1.2344357976653684,0.361825555562973,39.05983713333333,25.49233605
2018-03-01,0.0,19000,29.76138687133789,30.52592086791992,22.792953491210938,26.94699478149414,29.177215576171875,24.70408560311285,3.500282287597656,18.943322326666664,18.57062675
2018-03-08,0.0,18000,33.75980758666992,38.53459930419922,41.30440902709961,38.19084930419922,34.37137985229492,40.13229571984435,5.337691254680976e-05,8.617027049833332,6.82331115
2018-03-17,0.0,13200,1.125724196434021,2.489530324935913,4.107667922973633,1.817365288734436,1.348020076751709,1.533268482490273,0.4670048952102661,18.99517037833333,15.9463973
2018-03-26,1.0,11300,24.07359504699707,32.69169998168945,50.43597412109375,40.24964904785156,48.66712188720703,43.09241245136185,0.9678699374198914,12.117440490233331,10.121780069
2018-03-27,1.0,12400,43.20116424560547,32.752685546875,49.2779655456543,40.7825813293457,50.8513069152832,43.803696498054464,0.9938034415245056,14.367728390856666,12.671209369
2018-04-04,1.0,13100,19.09548568725586,23.79214096069336,19.245384216308597,25.80366897583008,24.358869552612305,26.288326848249017,1.0285043716430664,31.90028276638333,22.25129675
2018-04-05,1.0,12700,25.8945426940918,31.13336944580078,24.7037353515625,30.99648666381836,32.02963638305664,31.118093385214,1.2501258850097656,27.38447683805,24.52501825
2018-04-06,1.0,14000,30.60775756835937,40.39731597900391,48.94512939453125,51.60850524902344,52.76219940185547,43.30058365758758,1.2447991371154783,25.911898392716665,24.5620381
2018-04-07,2.0,16000,42.43006134033203,39.67183303833008,55.12553024291992,59.731475830078125,57.655059814453125,46.63482490272376,1.779826045036316,23.88821456666667,24.07855545
2018-04-08,2.0,22800,46.21272277832031,32.70347595214844,54.9423828125,60.06134414672852,54.28400421142578,41.60408560311287,1.3393888473510742,15.635661183333331,13.5005961
2018-04-10,1.0,19300,22.38851547241211,14.02097511291504,23.22016716003418,21.376544952392575,24.634212493896484,12.56634241245136,0.0007331151864491,7.876857065166666,5.727702275
2018-04-16,0.0,22800,68.46675109863281,43.54576110839844,40.330657958984375,59.38920211791992,74.23561096191406,53.36575875486383,4.933847427368164,7.576922690116668,4.65340316
2018-04-19,0.0,18900,10.490777969360352,5.9076924324035645,1.5717560052871704,2.2854650020599365,0.9833562970161438,4.5457198443579765,0.0661095157265663,9.788169098,8.06009705
2018-04-22,0.0,15500,10.347881317138672,6.929238796234131,13.895337104797363,10.912531852722168,7.484893321990967,6.775680933852136,0.8084228038787842,9.9860885355,8.109311600000002
2018-05-04,0.0,20500,0.0186825431883335,0.004812971688807,0.0585774108767509,0.0068289539776742,0.426701158285141,0.0089494163424124,0.0041045742109417,13.28064840295,5.5121342
2018-05-12,0.0,22400,5.7836222648620605,0.6406326293945312,0.908025562763214,2.113675832748413,1.5222060680389404,0.7842412451361863,0.0061949728988111,8.015395510416667,6.423937321
2018-05-14,0.0,27400,0.0124345226213335,0.0,6.4094131122701985e-18,0.0007713923696428,0.2416426539421081,0.0,0.0001132897523348,10.998500932450002,5.61788529035
2018-05-16,0.0,35200,0.0493214279413223,0.7357473373413086,0.0080930292606353,0.0504364296793937,0.9338435530662536,1.2340466926070044,0.0028104591183364,13.035324482833335,9.140406625
2018-05-20,0.0,26700,3.418104648590088,2.4811758995056152,1.359266757965088,3.076796770095825,6.130702495574951,2.2678988326848253,0.8865976333618164,5.344397047766667,2.6843701835000005
2018-05-22,0.0,26300,0.4427500665187835,0.0899580270051956,0.004206795245409,0.0726023539900779,0.0909240096807479,0.1262645914396886,0.0701437816023826,10.094801794433334,3.3582351983
2018-05-29,0.0,22400,0.489432543516159,0.1197041794657707,0.1091876029968261,0.0166237521916627,0.1872838884592056,0.5509727626459147,0.0569128692150116,3.22394826017,1.928641783
2018-05-30,0.0,21100,0.5263670682907104,2.8559138774871826,0.153331309556961,1.4774727821350098,0.7376246452331543,2.6245136186770424,0.0566100366413593,3.990345606,0.442174056
2018-06-07,1.0,17500,0.1803571581840515,9.28989315032959,0.4650933742523193,1.154697299003601,1.2124541997909546,8.99941634241244,0.0008474945789203,12.300961565,5.292477935
2018-06-08,1.0,18100,9.302127838134766,15.522937774658203,9.603886604309082,12.44508171081543,15.399309158325195,16.40350194552528,0.0007429194520227,12.322946491666666,6.802133665
2018-06-15,0.0,15700,8.946789741516113,0.8911678791046143,3.505101442337036,3.900275707244873,8.61008358001709,0.7540856031128405,0.4392439723014831,8.329603688333334,2.108440535
2018-06-20,0.0,24500,2.344539165496826,2.5663905143737797,1.4679162502288818,3.68494725227356,3.1513671875,2.275486381322959,1.4306869506835938,11.433190830333332,9.86852155
2018-06-22,0.0,24300,2.4766600131988525,0.2202993035316467,0.2966702282428741,0.4623134136199951,1.33045494556427,0.4431906614785993,1.383527755737305,6.314087395583333,3.351955098
2018-06-29,0.0,14800,1.8892699480056765,9.198156356811523,0.7018128633499146,2.624685764312744,5.401924133300781,7.750389105058362,0.1274576038122177,3.448659412833334,1.8524922125000003
2018-06-30,1.0,13300,9.17402458190918,13.02772331237793,3.416989803314209,4.631408214569092,8.918853759765625,9.251167315175094,0.14390429854393,2.919555728166667,1.5742773725
2018-07-01,1.0,14100,11.244131088256836,15.426443099975586,5.6998701095581055,5.665275096893311,7.700749397277832,12.233657587548633,1.2800213098526,4.416189254666667,2.015569584
2018-07-04,1.0,14600,5.416694164276123,1.565540790557861,1.053354024887085,0.1447887271642685,1.2011985778808594,0.7881322957198444,0.0453878231346607,7.982136094433333,4.6448069683
2018-07-05,1.0,15500,0.8319085836410522,7.476186275482178,0.9222334027290344,0.0938033461570739,0.810020923614502,8.825680933852142,0.1639586389064788,2.959200158766667,0.5212330813
2018-07-06,1.0,17600,9.32740306854248,7.8597092628479,0.7657806873321533,2.265626907348633,4.038599014282227,9.00389105058366,0.3443312644958496,2.3764471694333333,1.4506168847999998
2018-07-07,1.0,17600,9.585429191589355,6.455219745635986,0.632271945476532,2.262546300888061,3.895690441131592,8.562062256809341,0.3246711194515228,4.349581703916666,1.5628061532499995
2018-07-21,0.0,11600,0.0002242063637822,0.0,0.017199894413352,0.0090226558968424,0.1655989587306976,0.0,0.0229847561568021,5.457247087266667,0.85110613
2018-08-07,0.0,11100,0.0961368903517723,0.0,0.1224639415740966,0.0157636050134897,0.021720964461565,0.0,0.0,1.1492020871,0.2920674
2018-08-14,0.0,9900,0.3705279231071472,0.0,1.0119643434336469e-07,8.466444342047907e-06,0.0006564393406733,0.0011673151750972,3.267973806941882e-05,1.573676560016667,0.35880539505
2018-08-19,0.0,7490,0.0,0.0,0.0005685528740286,3.616628964664415e-05,0.0016927912365645,0.0,0.0003921568859368,3.735119351943333,0.23469963133
2018-08-26,1.0,6940,9.185901641845703,7.888991355895996,1.6172791719436646,9.495478630065918,6.749176025390625,8.919649805447474,0.1576361656188964,3.01684577345,0.12465717035
2018-08-27,1.0,7000,8.843591690063477,5.352577686309815,1.5490822792053225,7.604506492614746,6.178745746612549,6.406031128404673,0.0346383638679981,5.549046091,1.3872744
2018-09-09,1.0,8020,23.80527114868164,28.84932327270508,19.164213180541992,19.11880874633789,21.38471221923828,35.74805447470818,2.3092401027679443,2.6115911023333336,0.7895932520000001
2018-09-10,1.0,8380,34.461849212646484,29.1484432220459,9.005992889404297,38.20687103271485,28.8590145111084,35.73793774319066,3.915506362915039,4.536264515,2.02966174
2018-09-12,0.0,8910,20.38642692565918,14.425703048706056,6.646564483642578,34.10759735107422,26.19688034057617,14.18482490272373,3.70986008644104,9.360028206666666,7.9733795
2018-09-17,0.0,8930,17.910036087036133,12.571165084838867,19.189252853393555,20.47212028503418,24.975177764892575,14.198249027237354,3.8406319618225098,5.375086229266667,2.133111689
2018-09-20,2.0,8720,7.089900493621826,22.052669525146484,12.663874626159668,7.298342704772949,12.124939918518066,20.888521400778203,1.0713486671447754,7.043214942666666,2.538055428
2018-09-21,2.0,9770,19.626792907714844,42.00557708740234,26.68163299560547,35.66794967651367,37.3015251159668,46.96945525291828,1.071174383163452,4.068019906166667,0.1472624659999999
2018-09-22,2.0,9710,44.17559051513672,36.33534622192383,29.69489479064941,39.06153869628906,39.13686752319336,40.98813229571983,1.0819696187973022,7.626559695499999,2.091367584
2018-09-29,0.0,8260,4.6497087478637695,19.521772384643555,6.34035587310791,7.63692569732666,5.967954158782959,18.73813229571985,0.003311546286568,7.991902501333334,4.033868108
2018-09-30,1.0,8220,17.939863204956055,40.87090301513672,23.142066955566406,22.374446868896484,20.65227699279785,43.690856031128405,1.4136412143707275,6.0143474105,0.8693577285
2018-10-01,1.0,8500,42.78253936767578,47.37052917480469,33.450687408447266,34.121337890625,33.03981018066406,51.80194552529183,1.4103296995162964,5.320895811833333,1.5920704355000002
2018-10-02,0.0,14200,50.98461532592773,36.89394378662109,29.853988647460938,28.229854583740234,27.21857070922852,39.25369649805447,1.6005324125289917,3.680776188833333,0.7598722765
2018-10-07,2.0,10400,3.151018619537353,12.607494354248049,5.638890743255615,6.617676258087158,6.427836418151856,10.952334630350194,0.2790870666503906,19.20389535933333,17.5520101915
2018-10-08,2.0,10200,10.727201461791992,14.708489418029783,13.230205535888672,19.58326911926269,19.453372955322266,13.18326848249027,0.3341959118843078,16.50106377066667,10.4131087765
2018-10-13,0.0,10100,0.1542618870735168,0.0,0.0481495819985866,1.7892772348204744e-06,0.0183366276323795,0.2431906614785992,0.0019498908659443,13.25086643145,4.439601865
2018-10-14,0.0,9970,0.2219821214675903,0.0,0.0029817533213645,1.7881144458442575e-06,0.016800083220005,0.382101167315175,0.000368191715097,7.269226045333333,2.379872275
2018-10-17,0.0,9700,0.2423293739557266,0.0,0.0010211227927356,2.0779157949846198e-08,0.0,0.1533073929961089,0.0001677559921517,7.797103656333334,1.370078185
2018-10-25,2.0,8060,29.70489883422852,42.356475830078125,55.703590393066406,53.66583633422852,58.57139587402344,51.76070038910507,5.63411283493042,30.89954431286,19.6498876
2018-10-26,2.0,8860,51.5272216796875,69.15876007080078,56.75651168823242,52.54768371582031,61.782447814941406,82.26108949416346,4.964771270751953,25.89204841488333,14.0752455
2018-10-27,1.0,12400,80.8407211303711,75.28471374511719,75.25,89.44685363769531,93.53866577148438,86.21770428015571,12.39199447631836,30.34449823583333,13.032658050000002
2018-10-28,1.0,13400,84.55368041992188,60.43782043457031,47.87750244140625,59.46956253051758,56.025352478027344,67.82042801556425,8.465038299560547,19.43806974416667,6.1247218
2018-10-31,4.0,14200,45.311790466308594,77.70707702636719,46.05867767333984,38.09191131591797,51.94573211669922,96.9750972762646,0.0,15.42255340125,11.93502917
2018-11-01,4.0,21400,93.95687866210938,89.54458618164062,96.58265686035156,72.36503601074219,83.89590454101562,118.11536964980546,10.124656677246094,18.840250019583333,13.3897667
2018-11-02,4.0,44400,114.21198272705078,96.27749633789062,82.26143646240234,63.99147415161133,78.0645751953125,130.561673151751,10.341500282287598,23.37971445758333,13.4361012
2018-11-03,3.0,39000,125.99755859375,80.19664001464844,102.2472686767578,86.40660095214844,94.16655731201172,104.24085603112844,14.553199768066406,24.62791383233333,12.1070947
2018-11-04,3.0,38500,100.63499450683594,80.88262176513672,59.79882049560547,66.6602783203125,80.76934051513672,98.6389105058366,6.740260124206543,27.418342731666662,16.7339354
2018-11-08,0.0,20800,7.808258056640625,9.079938888549805,4.767764091491699,6.556633472442627,7.259617805480957,8.609143968871598,1.7429196304874495e-05,32.12264376666667,26.4635475
2018-11-13,1.0,14000,4.283048629760742,16.028305053710938,13.219264030456545,12.08113956451416,21.61795234680176,18.344747081712068,6.236151695251465,28.88710658213333,13.11800074
2018-11-14,1.0,13900,17.62770652770996,22.616456985473636,16.394107818603516,12.558592796325684,25.32400703430176,25.68677042801557,6.242262840270996,36.929902962133326,21.610270625
2018-11-17,0.0,14000,8.49062442779541,0.177458718419075,4.340712070465088,4.842072486877441,11.448690414428713,0.7116731517509728,0.1924640834331512,35.49933226,20.53610943
2018-11-21,1.0,10700,12.028209686279297,24.59560775756836,16.10661506652832,21.77118492126465,16.851776123046875,30.77996108949417,2.386353015899658,20.673001461666665,13.44590505
2018-11-22,0.0,11100,30.00626373291016,37.18733215332031,44.33146667480469,45.84075164794922,46.12838745117188,45.921206225680926,6.50045108795166,21.723923048333333,12.16644325
2018-11-25,3.0,11900,22.82490539550781,75.83599090576172,39.50993728637695,37.83194732666016,53.78078842163086,94.2712062256808,1.1680450439453125,22.590789610233333,15.85698865
2018-11-26,3.0,14500,90.07447052001952,105.1602783203125,96.84523010253906,95.69947052001952,111.8975067138672,132.03929961089483,0.6493238210678101,27.334734793566664,25.1794355
2018-11-27,3.0,47300,126.36800384521484,104.79678344726562,106.9310073852539,108.9110870361328,124.49620819091795,132.13949416342402,0.6719045042991638,26.258879513566665,19.04744465
2018-12-06,0.0,14000,0.0,0.2560580372810364,1.708173691383763e-08,1.5886188364788726e-08,0.0,0.4583657587548638,0.0001557734212838,29.794130015333337,19.17392135
2018-12-09,1.0,13100,23.68937492370605,32.85839080810547,27.151695251464844,18.178131103515625,28.34785461425781,39.32120622568094,4.066837787628174,34.43333119483333,9.02145427
2018-12-10,0.0,13800,38.61869812011719,72.35601806640625,54.03373718261719,67.94380187988281,69.32149505615234,91.1338521400778,7.1656341552734375,47.0814535915,23.0204276
2018-12-11,1.0,15300,89.13528442382812,75.78021240234375,66.03919982910156,78.00894927978516,86.46112823486328,89.48754863813227,10.155683517456056,53.6641015975,37.92955285
2018-12-12,3.0,21900,87.05284881591797,78.31764221191406,92.95632934570312,115.7408447265625,119.97457885742188,97.75836575875483,10.403846740722656,54.75056174783333,46.336013
2018-12-13,3.0,21100,95.85560607910156,46.525672912597656,92.878662109375,66.38034057617188,84.04754638671875,52.8441634241245,7.551305294036865,44.9753445,39.180146
2018-12-14,3.0,22600,52.01367950439453,35.63053131103516,82.86505889892578,62.8692626953125,73.96851348876953,40.18988326848249,4.252265930175781,30.74455299,20.5119653
2018-12-15,3.0,19700,39.63236999511719,45.14506530761719,68.27552032470703,45.86077880859375,53.80095672607422,48.74027237354086,2.67138671875,22.175595829316663,17.8090398
2018-12-16,2.0,18300,47.43821334838867,60.30419921875,50.31415939331055,58.715065002441406,52.953800201416016,68.04883268482487,2.647698163986206,19.86185231265,14.9521133
2018-12-17,2.0,21800,65.78303527832031,88.60038757324219,99.5078353881836,104.2310028076172,94.24200439453124,100.46361867704276,4.233494758605957,40.22334877965,23.4882342
2018-12-18,1.0,26000,96.67330932617188,76.49500274658203,98.63751983642578,87.04800415039062,75.75425720214844,81.09241245136182,3.467068910598755,41.13046596533333,22.3225667
2018-12-20,2.0,27600,81.99536895751953,42.397117614746094,72.8404312133789,46.23640441894531,73.4503402709961,45.31361867704283,4.177379131317139,36.80382885833333,32.775588
2018-12-21,2.0,30200,43.868160247802734,41.481224060058594,49.27610397338867,31.940296173095703,62.13168716430664,44.796498054474725,3.1924033164978027,34.77189829333334,25.68834363
2018-12-28,2.0,13000,35.46075439453125,54.11903381347656,76.63153076171875,48.09513092041016,66.31938934326172,67.55505836575873,3.829033374786377,35.87957595221667,25.2501724
2018-12-29,2.0,16100,66.97589111328125,57.272830963134766,81.55252075195312,54.13310623168945,77.6795654296875,71.79844357976651,4.1936516761779785,34.02123487221667,24.03176135
2018-12-30,2.0,22000,71.2686996459961,36.65322494506836,76.1197509765625,48.13350677490234,66.01104736328125,46.77801556420231,4.191924095153809,26.128725914733334,19.2672855
2019-01-02,2.0,15500,22.232715606689453,55.92776553041146,64.17349243164062,63.51519012451172,72.81434631347656,83.2149805447471,7.077386856079102,37.56583984,21.9535259
2019-01-03,2.0,17800,75.49995422363281,66.02698872858838,106.49647521972656,97.41861724853516,108.34230041503906,93.75428015564204,8.626970291137695,32.799499440000005,15.2077379
2019-01-04,2.0,35800,85.08954620361328,60.20569256908928,107.33782196044922,97.48719787597656,108.03656768798828,76.9105058365759,8.626983642578125,13.252490943666666,7.0537394110000005
2019-01-08,2.0,20900,28.438926696777344,38.78882241270296,31.67151260375977,37.87451171875,39.8389892578125,41.47529182879379,2.4993629455566406,27.585040365000005,19.4889832
2019-01-09,2.0,19200,37.7578353881836,38.81603436951535,43.78997039794922,50.72150802612305,42.907936096191406,42.50525291828796,3.00110387802124,38.61037554833334,19.5080397
2019-01-10,2.0,23400,38.664363861083984,26.00272966778151,37.37485504150391,44.05635070800781,35.03805160522461,29.412451361867724,3.0010948181152344,54.79567623333334,24.066532
2019-01-11,0.0,22900,26.930849075317383,5.903236029782329,20.055591583251957,22.54939842224121,15.247658729553224,4.825680933852141,1.1852835416793823,55.44738285666667,22.84679215
2019-01-17,1.0,18000,13.35780906677246,29.672343356687296,34.524375915527344,30.85559463500977,33.49870300292969,34.408171206225674,4.609572887420654,59.35656756666667,48.053354
2019-01-18,1.0,17100,31.435527801513672,39.12161544803199,56.38988494873047,47.36725616455078,50.82297134399414,44.915953307392975,7.064833641052246,59.57600945833333,44.8881597
2019-01-19,1.0,16700,40.8236083984375,29.379810876812904,48.06837844848633,41.402828216552734,45.426048278808594,31.882490272373527,7.064801692962647,39.942643226166666,32.3991782
2019-01-22,1.0,16900,45.79594421386719,44.67952542982372,72.38719177246094,52.33868408203125,45.894142150878906,59.41536964980547,2.116408109664917,12.37899218555,5.46774469
2019-01-23,1.0,19000,54.54143524169922,42.73834020922332,73.20600891113281,52.40111541748047,46.62794494628906,58.43501945525294,2.116666555404663,15.80841009355,10.60145497
2019-01-31,1.0,13900,3.6744561195373535,32.61679758148075,19.311912536621094,33.12141799926758,17.9862117767334,40.54766536964983,0.726416826248169,16.217868468333332,12.07567628
2019-02-01,1.0,14000,38.5942611694336,37.52507254660952,28.38040542602539,44.210391998291016,32.5240592956543,42.95077821011675,3.3519153594970703,25.82145034166667,12.097335365
2019-02-02,1.0,17600,40.90666961669922,36.8100786696576,28.70038414001465,45.272064208984375,32.83686447143555,42.33560311284049,3.49114203453064,32.30125326,18.466494415
2019-02-07,0.0,14000,0.7621132731437683,8.472910460654738,5.117932796478272,4.61609411239624,3.894367456436157,6.679961089494162,8.714593423064798e-05,16.61235996,8.677107569999999
2019-02-10,0.0,12500,15.190316200256348,27.699757245723887,14.753150939941406,16.123001098632812,7.480727672576904,29.775875486381327,3.0049524307250977,17.967197806666665,10.754256870000004
2019-02-26,0.0,10000,0.392059713602066,2.0555593375898766,0.0731951221823692,0.5417676568031311,0.56607586145401,1.7108949416342416,0.0003115468716714,31.774394617,31.81351845
2019-03-26,0.0,11600,12.552867889404297,11.942076268781546,4.487542152404785,16.780101776123047,7.577616214752197,11.430350194552522,1.6066327095031738,23.103999711666667,22.735948
2019-03-29,0.0,10800,0.5817362070083618,0.0,3.0668513774871826,2.545011520385742,1.5492616891860962,0.5321011673151751,0.0165773499757051,19.303887062833336,16.03687585
2019-04-01,0.0,10700,0.0173333343118429,3.557299487054136,1.7408241546945646e-05,0.0877164825797081,0.3717648983001709,2.294357976653697,0.0,21.979906046666667,17.213333249999998
2019-04-18,2.0,13500,49.01934814453125,54.31352684431745,57.36110305786133,48.31011581420898,55.92694091796875,63.80544747081709,3.557089567184448,20.5435621525,7.680933795
2019-04-19,2.0,23700,61.44141006469727,50.77415065790835,57.87046432495117,42.95634460449219,50.20686340332031,60.19202334630347,3.557337999343872,16.912011921666668,4.49147229
2019-04-22,1.0,19300,6.922290325164795,8.03563801149483,10.36894416809082,7.1903276443481445,15.310945510864258,8.173540856031131,0.6571080684661865,9.4172622385,8.3133342655
2019-04-23,1.0,17100,8.181510925292969,8.03563801149483,10.630425453186035,7.211768627166748,15.362808227539062,8.175097276264594,0.6534773707389832,5.342600120166667,3.0988964855
2019-05-01,0.0,12200,0.122515857219696,0.0997568387604481,0.0072175408713519,0.5345187187194824,0.2368432283401489,0.3610894941634241,0.0640501454472541,9.297195546083334,6.119214175
2019-05-06,0.0,12300,9.920635056914762e-05,0.0,0.0045313239097595,0.0029124352149665,0.0186667926609516,0.0,0.0510588176548481,5.614414374833333,3.3067622745
2019-05-20,0.0,15900,9.648557662963867,13.855969933952034,16.362014770507812,7.921817779541016,4.669310092926025,10.124124513618684,0.742058277130127,11.581240910266668,4.5657409735
2019-05-25,0.0,17100,17.216733932495117,14.759199625931783,12.69836711883545,12.49176788330078,10.823540687561035,14.692412451361871,1.6062527894973757,5.267484451666666,3.022031365
2019-05-26,0.0,16200,13.972939491271973,9.115818867436692,12.381521224975586,5.819039821624756,7.744754314422607,7.524708171206231,1.6015479564666748,6.176717657000001,4.672072145
2019-05-29,0.0,17000,0.6533967852592468,0.3790312677993044,0.1583300232887268,1.7440725564956665,1.0773046016693115,0.6828793774319066,0.0376732051372528,4.777607198226666,0.412373545
2019-06-02,0.0,17700,0.0,0.0,0.0003803197469096,0.0009493653196841,0.0182931087911129,0.4315175097276266,0.0043224398978054,7.942624618566667,1.235064817
2019-06-05,0.0,14800,5.4534912109375,12.415647197899233,0.9386199116706848,2.019850730895996,2.0258944034576416,10.735992217898833,0.3792156875133514,6.648795174666667,3.3107997985
2019-06-29,0.0,11000,13.04896640777588,5.885804631346273,7.387612342834473,4.9188618659973145,12.005504608154297,2.580155642023346,0.2792589962482452,6.9708228693333325,3.3245978500000004
2019-07-01,0.0,10700,1.135989785194397,4.36135663060319,3.915592432022095,1.969942808151245,8.130865097045898,4.409727626459143,0.8188561201095581,3.2475460145,1.8844191185
2019-07-09,1.0,9570,4.808376312255859,15.468635811712394,15.85030746459961,6.90778112411499,12.573293685913086,11.865175097276264,1.7711760997772217,0.5932283690333333,0.2044524335
2019-07-10,1.0,9930,11.713315963745115,17.012838966892602,15.938447952270508,8.449624061584473,15.545072555541992,12.226848249027237,1.9027338027954104,0.3483431153333333,0.1515319675
2019-07-11,0.0,10300,12.17958927154541,12.060647889375158,15.959830284118652,8.294548988342285,15.51801872253418,7.823346303501944,1.8895747661590576,2.0659499944,0.1419844747
2019-07-15,0.0,8850,1.3551534414291382,2.9365833110417974,0.6595491170883179,2.240100860595703,0.6149812936782837,1.6752918287937744,1.027014970779419,5.395418723883333,0.19014488215
2019-07-17,1.0,8510,26.993209838867188,29.402157350420108,9.623416900634766,16.013303756713867,15.702784538269045,28.970622568093397,3.783731460571289,7.775564529316666,0.221132112
2019-07-18,1.0,11300,28.44097900390625,26.887474411342865,9.469752311706545,15.278779983520508,15.705904006958008,28.81225680933853,3.5992021560668945,9.096661284316667,0.221132112
2019-07-31,0.0,10700,0.0186349246650934,3.9341211876835263,8.252431484834233e-07,0.0012569085229188,0.033911257982254,2.3332684824902725,0.0375599190592765,2.606534129733333,0.1643748022
2019-08-01,3.0,9980,2.314139604568481,9.395945732385664,1.7934919595718384,4.282618522644043,4.017197132110596,9.128210116731516,0.7721133232116699,0.5718887637,0.0579505172
2019-08-02,3.0,9240,9.118074417114258,9.395945732385664,1.8335145711898804,4.288710117340088,4.026819229125977,9.128210116731516,0.7726797461509705,1.2959627879666664,0.21247284
2019-08-05,0.0,7480,0.0001408730167895,0.0,0.0,0.0,0.0001320352312177,0.033852140077821,0.0002069716720143,2.3590285752,0.418190954
2019-08-10,0.0,8220,5.75645637512207,8.854923286763587,14.90293312072754,3.023632526397705,4.750709056854248,9.021400778210117,1.067355036735535,0.3480586857833333,0.0
2019-08-20,1.0,6580,0.2506726384162903,8.710776174726012,2.20088005065918,0.4378638565540313,7.883648872375488,9.80642023346303,0.0,4.934015661666667,0.25887412
2019-08-21,1.0,6610,9.695606231689451,8.854047326854966,4.188571929931641,3.212135076522827,11.069974899291992,10.204085603112835,0.3018297851085663,4.635027005,0.584671865
2019-08-29,0.0,6380,1.4608392715454102,1.9102938568697636,1.0316977500915527,0.3306321799755096,2.511502981185913,1.8206225680933852,0.0329738818109035,9.1989043014,0.6427904042
2019-09-08,0.0,7180,14.984333038330078,21.88736843110934,25.20594787597656,15.590716361999512,24.57305145263672,20.70622568093385,0.566552996635437,7.83956268,3.976213275
2019-09-12,1.0,7070,16.641006469726562,22.239329666562146,12.666377067565918,14.427375793457031,15.920866012573242,25.79435797665368,1.1826798915863037,9.31742034645,3.669152813
2019-09-13,3.0,7450,24.519502639770508,35.91817256967368,7.790939331054687,19.44674301147461,20.280517578125,41.69124513618675,1.1572877168655396,7.742837990066667,3.6872468405
2019-09-14,3.0,8750,39.67780303955078,41.32883006885807,21.062578201293945,47.138309478759766,44.019073486328125,50.19610894941634,1.153202772140503,2.673878251733333,1.0617370055
2019-09-15,3.0,11000,47.9311408996582,38.65047656902935,17.7553653717041,36.77020263671875,34.26242446899414,43.28618677042802,0.6435182094573975,2.118018005,0.319092395
2019-09-17,1.0,10900,40.83168411254883,29.28114201328792,29.220287322998047,26.51077651977539,38.60600280761719,23.6474708171206,1.8865501880645752,3.16581567,0.03727615
2019-09-23,4.0,10300,21.757980346679688,19.898233939828085,21.60634994506836,22.68040657043457,29.983299255371094,22.484046692607,1.592326283454895,9.048883191,5.5819002
2019-09-24,4.0,11400,21.656051635742188,23.182823864462225,8.128016471862793,8.99374008178711,12.464788436889648,22.48463035019456,0.1729977428913116,16.552518828666667,10.65397462
2019-09-25,4.0,10900,21.620609283447266,29.92023457775433,9.041004180908203,27.23743438720703,28.47811317443848,30.26575875486381,0.1155053675174713,17.99562672933333,9.12630517
2019-09-26,4.0,11300,28.801166534423828,39.6584539950106,7.107759475708008,24.93940734863281,23.5438232421875,38.07568093385214,0.0212777815759181,23.406302992666667,9.13160752
2019-09-30,0.0,10100,4.411162853240967,1.438647775092159,0.5301573276519775,0.4310498535633087,0.2132008671760559,1.4192607003891051,0.0158823523670434,11.130121072266666,0.8793859808000001
2019-10-04,0.0,9170,18.53675842285156,16.107394841058824,13.330629348754885,15.93627643585205,15.828165054321287,18.312062256809345,2.0626111030578613,5.24777007805,0.8210198314999999
2019-10-07,2.0,9720,45.2141227722168,51.174987256739065,18.402254104614254,31.968074798583984,37.87168502807617,55.21731517509728,1.7202727794647217,19.640423163433333,3.2879760758
2019-10-08,2.0,18000,53.86112976074219,44.51320432640904,19.23188781738281,32.6796760559082,37.88786315917969,53.1647859922179,1.7198044061660769,15.948726897683333,1.2311834008
2019-10-15,2.0,9690,1.1388299465179443,18.83015416921829,35.03098678588867,7.992190361022949,34.94007110595703,19.59727626459145,0.127122014760971,5.835106325450001,0.76384707535
2019-10-16,2.0,9550,19.60997009277344,44.21343544596189,58.24355316162109,35.42276382446289,62.49937438964844,54.60505836575875,1.772033929824829,4.431113219666667,0.611241958
2019-10-17,2.0,10400,53.83491516113281,54.79304840259281,91.95921325683594,67.78330993652344,93.66058349609376,74.55642023346302,8.130087852478027,5.040987369833333,1.2980239235000002
2019-10-20,0.0,17600,52.55587005615234,74.63016646614653,41.94795227050781,52.40837860107422,73.5975112915039,95.9247081712062,0.5267072916030884,18.8356537738,18.53574275
2019-10-21,2.0,17800,96.86851501464844,67.10568874482368,55.019229888916016,61.895118713378906,64.81097412109375,85.12976653696496,3.954470634460449,26.37781319713333,26.8812652
2019-10-22,2.0,38700,86.16450500488281,52.32057099984843,41.95582962036133,46.37385940551758,46.8612060546875,66.9974708171206,3.7257890701293945,43.31927745,30.80926485
2019-10-25,1.0,16500,10.127041816711426,10.5195032729638,7.088235378265381,3.5760676860809326,10.088733673095703,10.270622568093389,1.7523785829544067,16.14145973433333,2.57721709
2019-10-30,0.0,12400,0.1523849070072174,0.0,0.0005133388913236,0.0,0.0,0.1461089494163424,0.0,43.96348594999999,13.80714235
2019-11-02,0.0,11200,0.322587251663208,0.0,0.1411149799823761,1.5446206816704944e-05,0.0419224314391613,0.3408560311284044,0.0,17.950811788116667,5.273182435
2019-11-04,0.0,9440,0.0331507883965969,0.0,0.1648668348789215,0.0067874607630074,0.2107702940702438,0.0,5.664487980538979e-05,21.196787631666663,8.103759345
2019-11-06,0.0,8390,0.0150357140228152,0.0,0.0039562550373375,0.0072935237549245,0.1049730107188224,0.0149805447470817,5.664487980538979e-05,31.3123854663,18.1775492
2019-11-12,0.0,7820,7.5993332862854,9.01628091660895,6.974588871002197,9.999943733215332,7.357655525207519,7.869066147859927,0.1661383062601089,49.01104860716667,40.149964
2019-11-16,2.0,8680,42.00711441040039,59.441425810929296,84.69320678710938,49.93842315673828,62.4887924194336,80.78968871595333,5.963477611541748,43.42785155666667,42.1663735
2019-11-17,2.0,11700,77.67994689941406,61.51204567871908,59.31735610961914,37.35116195678711,43.9149284362793,79.1367704280156,2.32409930229187,43.73948329166667,37.017449
2019-11-23,1.0,10200,16.074676513671875,22.19473477381404,23.30577850341797,16.62938690185547,22.264068603515625,26.88988326848249,2.3683478832244877,60.11394515566667,54.754769
2019-11-24,1.0,10400,25.742403030395508,31.641790399771992,29.88634490966797,26.021604537963867,33.98809814453125,36.50291828793774,3.548776149749756,55.011525574,48.2085497
2019-11-26,0.0,10500,19.50943756103516,9.871820911393897,7.908309936523437,11.700512886047363,14.119783401489258,10.493579766536964,1.4753029346466064,36.200710488666665,11.926011089999998
2019-12-02,0.0,8570,15.537124633789062,26.808388509941217,8.421598434448242,8.239605903625488,6.68694543838501,35.044357976653686,0.3028310537338257,41.83222086833334,35.9258222
2019-12-11,0.0,10000,14.56179428100586,41.28640624732309,36.69827651977539,43.89807891845703,38.163604736328125,47.30175097276266,1.3719985485076904,26.545759926205,27.59200115
2019-12-18,0.0,11600,17.15143585205078,68.22337344750179,39.92818069458008,18.620380401611328,33.471656799316406,71.64552529182878,0.6843640804290771,29.91254787500001,21.676532450000003
2019-12-19,2.0,11600,69.67948913574219,136.19043121335767,86.3004150390625,98.01990509033205,97.28414916992188,155.77023346303503,20.08869171142578,35.05472458166667,29.5983112
2019-12-20,2.0,21000,151.61912536621094,142.76240977443408,118.20437622070312,130.88499450683594,115.90811157226562,166.68735408560312,23.45274353027344,33.75652131666667,31.195883
2019-12-30,2.0,11400,18.653478622436523,110.26572901366303,42.01169967651367,42.12310791015625,47.59193420410156,140.90680933852144,0.1972057074308395,28.3431689325,16.535535600000003
2020-01-02,2.0,27100,160.63702392578125,,122.37540435791016,74.43999481201172,87.09846496582031,79.71692607003891,2.325337648391724,25.866662915,17.85599925
2020-01-03,2.0,21800,60.082313537597656,,98.14270782470705,61.43204498291016,72.50091552734375,61.24922178988325,1.3049932718276978,15.355403656666669,12.37513265
2020-01-04,2.0,22600,58.69181442260742,,115.0286102294922,75.1976318359375,91.1221694946289,62.40175097276266,1.9415634870529173,16.063184247166667,11.1306983525
2020-01-06,1.0,19900,113.78793334960938,,137.807861328125,133.43028259277344,131.1570281982422,143.803112840467,10.322946548461914,31.167598285,23.1907661725
2020-01-07,1.0,37700,138.48513793945312,,137.10311889648438,127.79913330078124,121.26165771484376,129.5486381322958,8.87518310546875,42.991274861166666,31.13264172
2020-01-08,0.0,44800,124.90393829345705,,86.28661346435547,78.71730041503906,76.29330444335938,48.619066147859904,6.043217182159424,43.651141249,31.86848322
2020-01-09,0.0,30000,46.86300659179688,,47.7851791381836,43.35560607910156,52.27568435668945,35.818871595330734,4.371640205383301,43.7532899,32.636868150000005
2020-01-17,0.0,14000,28.7531795501709,,31.38253402709961,30.84648704528809,40.5511360168457,32.72762645914396,2.080774307250977,45.84674336728334,32.991
2020-01-18,1.0,13500,31.228160858154297,,32.142784118652344,29.334163665771484,37.99238586425781,28.814396887159525,1.7118221521377563,48.49355218678333,42.0175445
2020-01-19,1.0,12100,27.369892120361328,,30.003475189208984,26.10433387756348,31.65225601196289,21.401167315175087,1.6558502912521362,51.64718339511666,45.2608765
2020-01-20,1.0,13700,20.340578079223636,,25.492889404296875,18.614612579345703,24.210832595825195,28.53715953307392,0.3942667841911316,51.59557336333334,52.60862
2020-01-21,1.0,13000,27.21904945373535,,40.04676055908203,47.8264045715332,41.51127624511719,57.514202334630326,2.2707152366638184,41.85188658833333,40.5381305
2020-01-22,2.0,15600,55.31515502929688,,84.63908386230469,110.63324737548828,97.27761840820312,100.77256809338522,2.170939683914185,43.984164325,45.9253595
2020-01-23,2.0,25300,97.17877197265624,,97.30729675292967,128.26083374023438,111.0177993774414,99.729766536965,4.471643447875977,38.5325679495,39.407079
2020-01-24,2.0,44700,96.67784118652344,,85.51869201660156,106.93265533447266,103.67859649658205,71.71926070038916,3.3257157802581787,32.9437115245,32.0322305
2020-01-28,0.0,24600,42.23601531982422,,59.174591064453125,67.32879638671875,48.55458831787109,47.38054474708171,0.0099204713478684,24.24473955,2.78634955
2020-01-29,1.0,26400,45.814544677734375,,50.7896728515625,53.28070068359375,40.677093505859375,49.78482490272376,0.0099204713478684,18.513543328,2.416549184
2020-01-30,3.0,26900,48.44624328613281,,97.4959945678711,82.45762634277344,81.16476440429688,120.37431906614786,0.0099204713478684,12.856718185,2.147142299
2020-01-31,3.0,29000,114.62366485595705,,150.62570190429688,117.4622573852539,119.49012756347656,138.42996108949416,17.640193939208984,15.193696318333334,5.605300849
2020-02-01,3.0,56400,131.0450439453125,,150.428466796875,119.3193817138672,122.26197052001952,117.44182879377428,17.640193939208984,21.93778821533333,15.59979499
2020-02-03,0.0,43600,38.45575714111328,,9.878908157348633,9.757417678833008,19.52554702758789,21.72587548638131,1.1485962867736816,29.429758383333336,26.86174985
2020-02-04,3.0,32100,20.898757934570312,,50.4696044921875,54.342227935791016,73.77429962158203,52.82003891050583,2.1245365142822266,23.931599528333333,16.532500535
2020-02-05,3.0,28700,50.820838928222656,,82.57257080078125,91.01263427734376,117.40159606933594,75.99280155642022,3.676858425140381,18.68679766083333,7.0883589325
2020-02-06,3.0,31000,72.88280487060547,,92.14806365966795,97.80074310302734,126.9171905517578,93.02081712062255,3.324281454086304,18.985483189166665,4.6625132825
2020-02-07,3.0,32600,88.8262939453125,,87.461669921875,79.58281707763672,99.33152770996094,69.74124513618673,2.423642873764038,22.6258189279,10.1929064475
2020-02-08,0.0,33900,66.38858032226562,,51.57674026489258,41.068302154541016,51.08123016357422,44.5486381322957,0.8723286986351013,24.815098306733336,13.46854935
2020-02-12,0.0,21000,3.149887561798096,,5.524216175079346,7.059308052062988,10.49907398223877,12.714007782101165,0.0215642750263214,13.145657259999998,9.03944871
2020-02-13,0.0,22100,12.377402305603027,,16.192764282226562,16.91480255126953,23.684288024902344,23.09182879377433,1.7282098531723022,12.2585566905,4.6543854300000005
2020-02-24,0.0,15300,48.01617431640625,,37.71823120117188,43.94887161254883,42.70314407348633,46.000389105058375,1.511149525642395,39.65020565273333,32.0976403
2020-03-02,1.0,13800,40.14984893798828,,23.585487365722656,19.74258041381836,32.37440490722656,44.53365758754863,0.5569198131561279,39.38958127833333,19.498384625
2020-03-03,1.0,15400,44.29840850830078,,36.81021881103516,32.72479248046875,44.404396057128906,43.70603112840467,0.634061336517334,38.61158351208333,24.21387715
2020-03-11,0.0,13600,13.435931205749512,,10.942367553710938,8.580145835876465,13.048247337341309,13.788910505836558,0.0003333333297632,13.003097258366669,9.276978015
2020-03-15,0.0,11800,2.6666712760925293,,0.5364848971366882,0.6394885778427124,0.2931979298591614,0.5834630350194554,0.0012047917116433,20.661780161000003,14.1435069
2020-03-20,0.0,10200,0.0028333333320915,,0.0082854852080345,0.0001089421930373,0.0055267955176532,0.0036964980544747,0.0025315908715128,23.98674489333333,21.254587800000003
2020-03-23,0.0,10400,10.897626876831056,,16.988765716552734,21.82819557189941,21.279027938842773,13.823929961089494,1.0425002574920654,17.405381188333333,14.5583917
2020-03-26,0.0,10100,6.720108985900879,,9.738088607788086,9.30282974243164,9.566154479980469,9.654669260700397,0.6731271147727966,12.473728864500002,11.53484085
2020-04-14,0.0,10600,0.2136131376028061,,0.0208111107349395,0.1385983824729919,1.0679377317428589,0.2562256809338522,0.0075969486497342,7.883464665999999,4.6056236
2020-04-17,0.0,11000,0.0474563501775264,,0.4512975215911865,1.216282606124878,0.2767602801322937,0.2560311284046693,0.0868975222110748,7.93202171925,4.772098362
2020-04-25,0.0,15000,21.869075775146484,,19.251903533935547,8.949283599853516,22.191770553588867,25.599221789883288,4.631961822509766,23.70726285666667,13.63362945
2020-05-03,0.0,19100,27.156970977783203,,15.331136703491213,20.88964080810547,22.145915985107425,28.554085603112835,2.234684467315674,17.379977605666667,8.66038237
2020-05-04,0.0,17900,27.2763729095459,,9.607975959777832,16.85804557800293,16.754356384277344,17.80330739299611,0.9664708375930786,15.822826218,5.9372166150000005
2020-05-16,1.0,18300,18.6268310546875,,11.141073226928713,14.300548553466797,6.730997085571289,25.06089494163423,1.214040994644165,11.31545810225,5.4643392325
2020-05-17,1.0,19400,23.58612060546875,,15.328237533569336,13.375576972961426,9.839681625366213,24.348249027237348,0.9629844427108764,10.499791253583332,5.0231029725
2020-05-19,0.0,20600,8.992971420288086,,7.86811637878418,2.713658332824707,11.336898803710938,6.216147859922181,0.234368085861206,4.6290201846666665,1.85291137
2020-05-20,0.0,19900,5.92437219619751,,6.0198588371276855,5.557921886444092,13.64091682434082,15.548443579766536,0.3890973031520843,6.141163174666666,1.979450485
2020-05-28,0.0,23100,0.3991606533527374,,1.3947981595993042,4.278904725651955e-06,0.083160400390625,0.4947470817120624,0.0001895424211397,6.290708240166667,4.083309235
2020-05-30,0.0,30800,37.82181167602539,,12.701229095458984,16.12430191040039,15.87632179260254,42.17373540856036,1.2407819032669067,9.587207613333334,8.712231200000002
2020-06-16,0.0,23100,15.750134468078612,,15.533162117004396,11.96045207977295,16.42784309387207,11.542217898832686,1.2404608726501465,14.0737636855,3.8037676415
2020-06-20,0.0,25500,6.540984630584717,,7.831086158752441,5.622395515441895,11.634926795959473,6.895136186770424,0.9163920879364014,19.83551767175,8.27250054325
2020-06-22,2.0,25400,6.637004852294922,,3.283010959625244,2.6722941398620605,6.059827327728272,2.3215953307392985,0.1457646638154983,9.845214292083334,0.91736487925
2020-06-23,2.0,26500,2.3763749599456787,,0.0709096044301986,2.2370269298553467,0.9183738231658936,6.789494163424127,0.738990843296051,7.575914787666667,1.597706336
2020-06-24,2.0,30300,6.77048397064209,,0.1176790297031402,2.265883684158325,0.8950817584991455,6.790466926070041,0.7726073861122131,5.507925387,2.20015605
2020-06-25,0.0,32600,6.774259567260742,,0.1166837513446807,2.2892279624938965,0.85307776927948,5.57470817120623,0.7759581804275513,6.490041249666666,3.3519381900000003
2020-06-26,1.0,31500,5.459374904632568,,0.2289575040340423,0.91040301322937,1.1647446155548096,4.50875486381323,0.0381960831582546,7.486273296333333,4.39530674
2020-06-27,1.0,29500,4.681004524230957,,2.7277050018310547,5.3458404541015625,11.18924331665039,7.698249027237356,0.0034901956096291,5.645987945678332,3.325896289
2020-07-12,0.0,15300,4.650149345397949,,8.73176383972168,1.5341448783874512,3.5397791862487797,3.6980544747081696,0.6515988111495972,2.4059116109,0.9350709777
2020-07-14,0.0,16500,1.9601444005966189,,0.0077315396629273,0.0045091398060321,0.0185179412364959,0.0011673151750972,0.066830076277256,3.35981617372575,0.6314218385
2020-07-15,1.0,16500,0.0021329363808035,,2.0212803065078333e-05,0.0022170569282025,0.0081949038431048,0.0099221789883268,0.0631285533308982,4.049544778892416,0.4128676089999999
2020-07-16,1.0,17700,0.0198769830167293,,0.1169308722019195,0.3159042596817016,0.7807118892669678,0.3601167315175097,0.0855228751897811,2.2104467768333333,0.3986079505
2020-07-20,0.0,17800,0.0,,0.0007768105715513,0.0008531419443897,0.0017650369554758,0.0435797665369649,0.0051612192764878,0.3238908293833333,0.02717242065
2020-07-25,0.0,15200,0.5131984353065491,,0.0087527325376868,0.2605140805244446,0.3263649344444275,0.1359922178988326,0.3037580847740173,6.490522441941667,0.563496911925
2020-08-02,0.0,11900,0.2796548306941986,,0.0005446388968266,0.0935258865356445,1.6338731050491333,0.0003891050583657,0.0698474273085594,3.595639585816667,0.6621259274500001
2020-08-08,0.0,10600,10.301921844482422,,1.1875325441360474,1.1011013984680176,1.5965235233306885,1.8673151750972763,0.578376829624176,1.15247775575,0.05849675225
2020-08-15,0.0,8880,0.0550793670117855,,4.585418082569959e-06,0.0,0.2490306794643402,0.1645914396887159,7.625271973665804e-05,6.075799505200001,1.4123445881
2020-08-19,3.0,9830,0.4598633348941803,,4.1546950340271,0.3994888365268707,7.916362285614014,2.84105058365759,0.0079956417903304,4.951664562166666,1.077219223
2020-08-20,3.0,9600,2.819143772125244,,5.837958335876465,7.871090412139893,19.88823890686035,17.43112840466925,0.3261547982692718,6.3181706596666665,1.0197384505
2020-08-21,3.0,9720,17.637022018432617,,12.123316764831545,19.92293930053711,29.62114715576172,17.65719844357975,2.3790857791900635,7.275758088283333,0.96746416
2020-08-22,3.0,10200,17.856903076171875,,7.968799114227295,19.52350425720215,21.708526611328125,15.26245136186769,2.3851706981658936,6.8174437845,2.115764435
2020-08-28,0.0,8000,0.0,,0.000323990243487,0.0043762768618762,0.065228521823883,0.056420233463035,0.0053311549127101,2.7728904020833327,0.0251505135
2020-08-30,2.0,6940,1.7137508392333984,,0.1490255743265152,1.8561357259750368,3.2498250007629395,1.6577821011673166,0.0,6.913946880583333,0.08551201185
2020-08-31,2.0,6820,1.76394522190094,,0.1779322773218155,1.8547062873840328,3.753002643585205,1.6013618677042816,0.0040958602912724,5.0705754229833335,0.25640865405
2020-09-01,2.0,6810,1.70099675655365,,0.1857233196496963,1.86328125,3.939625024795532,0.0416342412451361,0.017840951681137,5.3671242935666665,0.3686428107
2020-09-02,1.0,6840,0.0527698323130607,,0.0370800346136093,0.011556627228856,0.7461867928504944,0.0077821011673151,0.0178954172879457,6.698440821899999,0.4586910557
2020-09-03,1.0,7000,0.0062519842758774,,0.0078630251809954,0.0086349826306104,0.1943508684635162,0.0077821011673151,0.0137995583936572,7.87100218,1.778764765
2020-09-05,0.0,7110,0.0036765874829143,,1.4660906799690563e-06,0.0002266998344566,0.0,0.0,0.074624203145504,3.876516610833333,1.9701884225
2020-09-06,0.0,6730,0.0,,5.185956979403272e-05,0.000230965524679,2.6080072075274074e-06,0.0,0.0750817209482193,5.111772499166667,1.4298120075000005
2020-09-08,0.0,7270,0.0,,5.039347888668999e-05,4.265687039151089e-06,2.6080072075274074e-06,0.0,0.0004575163475237,8.402232823951499,4.007448755
2020-09-09,0.0,7890,0.0,,0.0,0.0,0.0,0.0,0.0,6.270351450618167,3.166493565
2020-09-10,0.0,7990,0.0,,0.0,0.0,0.0,0.0,3.267973806941882e-05,2.7457214039515003,1.097268465
2020-09-13,0.0,8000,0.0,,0.1492564231157302,0.0145482094958424,0.2836128771305084,1.9470817120622577,0.0078431358560919,5.341142015866667,0.3346653796
2020-09-14,3.0,7900,1.890525460243225,,0.151213139295578,0.019619170576334,19.61701774597168,3.78093385214008,0.0048148138448596,8.959131976083334,0.40049848825
2020-09-15,3.0,7720,3.6375789642333984,,0.1699754446744918,0.0426373407244682,19.61854553222656,3.894163424124516,0.0047647044993937,11.837088657166667,6.0250744215
2020-09-16,3.0,8000,3.740890502929688,,0.0207743570208549,0.0285590644925832,19.344762802124023,1.9966926070038924,0.0041111106984317,11.636466999833337,7.9459741715
2020-09-17,3.0,8630,1.8937995433807373,,4.6951518058776855,0.2561739385128021,6.293791770935059,12.674708171206236,0.0732614174485206,17.196063892666665,9.39119755
2020-09-22,3.0,9750,7.908297061920166,,8.415151596069336,53.59834289550781,58.02371597290039,70.30486381322957,6.394857406616211,7.027512748916667,2.793592627
2020-09-23,3.0,9990,67.1036605834961,,44.68730926513672,89.08501434326172,86.06900787353516,96.91575875486382,15.660892486572266,7.813769107866667,1.930167172
2020-09-24,3.0,19300,91.72705078125,,78.63938903808594,125.23614501953124,132.23590087890625,130.82704280155644,19.576251983642575,4.9275624637,1.1355340429999998
2020-09-25,2.0,22100,123.76280212402344,,76.29320526123047,84.79219818115234,83.10739135742188,86.40972762645917,14.907936096191406,4.261323278700001,0.974339683
2020-09-27,0.0,19100,54.92609405517578,,7.085726261138916,14.400554656982422,11.248770713806152,18.51420233463036,1.726956844329834,2.1573975042566667,0.17492660277
2020-10-09,2.0,11100,23.965320587158203,,49.46604537963867,47.00909805297852,51.619590759277344,60.35486381322956,8.221304893493652,14.923275975,7.909148365
2020-10-10,2.0,13600,60.072174072265625,,76.9515151977539,70.2757797241211,81.87215423583984,99.01108949416344,10.635605812072754,9.825047956,6.232988025
2020-10-11,1.0,19800,97.50228881835938,,94.95832061767578,99.85528564453124,111.05130767822266,89.06692607003889,12.7853422164917,4.469573653166667,0.712967091
2020-10-12,1.0,27300,87.68069458007812,,76.0344009399414,89.54408264160156,98.71432495117188,92.20972762645916,8.467790603637695,4.746542934833333,2.014145096
2020-10-13,3.0,25400,89.49740600585938,,62.19727325439453,74.2502212524414,85.31424713134766,60.87996108949418,6.0199055671691895,8.4144213755,2.697256316
2020-10-14,3.0,33500,59.44937896728516,,43.944915771484375,44.93341827392578,54.32353591918945,51.29163424124516,3.848789930343628,17.799151828333333,5.954548
2020-10-15,3.0,27000,49.75496292114258,,26.448562622070312,29.5427188873291,36.20335388183594,45.97684824902726,0.4032036960124969,24.24409364578333,4.97551093735
2020-10-16,3.0,21400,46.592533111572266,,16.8835506439209,24.57406997680664,22.931367874145508,46.13735408560314,0.6400121450424194,23.77370646245,7.49714058735
2020-10-17,3.0,35700,46.89576721191406,,25.952783584594727,40.61816787719727,40.08610153198242,57.92626459143971,0.7148759365081787,18.39578811245,5.780668337350001
2020-10-18,3.0,27700,59.40903472900391,,17.737300872802734,23.14752197265625,30.895381927490234,30.85778210116731,0.7416123151779175,15.082123386,9.024005
2020-10-19,3.0,29400,32.191707611083984,,14.38260555267334,20.890300750732425,27.302114486694336,29.18696498054474,0.6325516700744629,15.492639547633331,6.12330245
2020-10-20,3.0,24600,30.140764236450195,,9.500044822692873,11.524622917175291,16.474445343017578,21.464396887159538,1.4620401859283447,13.833504845133334,4.4694480425
2020-10-23,1.0,17800,28.469871520996094,,18.143075942993164,25.17997169494629,25.359813690185547,21.69182879377432,2.000561475753784,15.356861492833332,11.6364036
2020-10-24,1.0,18500,21.43734359741211,,18.098743438720703,24.82496833801269,25.256366729736328,22.31206225680934,1.998729228973389,17.811280778333334,11.88250658
2020-10-27,0.0,15800,5.189266681671143,,1.6514023542404177,0.4186663031578064,8.375540733337402,6.5036964980544765,0.0308921486139297,16.66657885893833,4.249238175
2020-10-30,1.0,20200,20.36202049255371,,13.480589866638184,13.260028839111328,21.604745864868164,18.517898832684818,0.1671447604894638,18.027726805,14.0514935
2020-11-03,4.0,15300,37.94865036010742,,34.55522155761719,45.75518798828125,48.79719543457031,88.69591439688716,7.194903373718262,34.96557786666666,31.47040765
2020-11-04,4.0,22400,85.05990600585938,,63.634521484375,74.54981231689453,75.39356994628906,118.07373540856032,20.184818267822266,37.33740298,32.994240500000004
2020-11-05,4.0,46100,112.73793029785156,,42.06990814208984,41.278316497802734,49.90439987182617,80.05564202334634,15.616168022155762,26.78894413,20.35044475
2020-11-16,3.0,20000,62.27999114990234,,76.78404998779297,58.63505172729492,77.89988708496094,76.74280155642019,4.483380317687988,29.873167395000003,15.513242684999998
2020-11-17,3.0,24300,72.42525482177734,,63.59706878662109,49.89405822753906,74.17574310302734,77.06478599221786,6.922633647918701,29.091753761666663,21.371903785
2020-11-18,3.0,29200,73.19095611572266,,64.17848205566406,52.061153411865234,63.94677734375,63.4464980544747,3.953476428985596,26.44826570533333,27.8319799
2020-11-24,0.0,18300,26.22285842895508,,49.87704086303711,26.80842399597168,39.47773742675781,32.2636186770428,0.1976194977760315,41.13643067,20.74177903
2020-11-27,1.0,18000,16.6762638092041,,12.981128692626951,8.743814468383789,18.58425712585449,11.368677042801554,0.0527287609875202,26.010213068666665,9.868675326
2020-11-28,1.0,16700,11.152302742004396,,12.105969429016112,7.951071262359619,15.13522243499756,11.79727626459144,0.0122832208871841,17.112964752,3.655859226
2020-11-30,1.0,17300,25.44786834716797,,19.990158081054688,16.43630599975586,21.99441719055176,24.116342412451363,0.0295370761305093,16.53125107805,5.699711300000001
2020-12-07,3.0,15100,10.516822814941406,,38.699440002441406,28.36845016479492,48.0328254699707,36.57996108949414,2.5939149856567383,62.577015753333335,70.960048
2020-12-08,3.0,15700,36.07766342163086,,59.18717193603516,41.38729095458984,52.53531646728516,42.23949416342411,2.9045891761779785,41.48231109700001,36.77362475
2020-12-11,0.0,17400,9.811023712158203,,7.761564254760742,6.971486568450928,6.695276260375977,3.8379377431906634,0.3402914106845855,35.14078437166667,11.31135895
2020-12-13,0.0,15700,13.598210334777832,,19.618560791015625,15.739514350891112,18.31204414367676,22.381517509727622,0.6887964010238647,29.488915472500004,10.661227132000002
2020-12-18,1.0,18200,51.96648406982422,,66.92158508300781,73.18672943115234,74.5779037475586,58.82276264591439,9.277015686035156,44.00345948211667,36.69237725
2020-12-19,1.0,19000,58.43546676635742,,71.33392333984375,76.78146362304688,79.77940368652344,56.54319066147859,8.462077140808105,29.67794327878333,23.05294694
2020-12-20,1.0,23000,55.90534210205078,,105.7689971923828,116.38514709472656,104.81224060058594,94.42821011673148,7.905666351318359,22.44555418266667,11.59157029
2020-12-21,1.0,25900,91.53752136230467,,92.93285369873048,95.81105041503906,80.49474334716797,68.54455252918285,4.413076400756836,28.627378321,16.59315349
2020-12-30,1.0,16000,74.568603515625,,58.653564453125,66.74049377441406,54.825782775878906,72.89435797665371,5.111048698425293,32.316763138333336,22.93193185
2021-01-02,2.0,29600,117.4375228881836,,,107.43449401855467,109.6068344116211,131.80972762645914,7.105544090270996,30.633567007983338,13.77808372
2021-01-03,1.0,40800,92.69732666015624,,,116.81173706054688,120.1995086669922,85.67821011673158,11.25716495513916,25.236092991316667,17.38656897
2021-01-04,1.0,35000,82.53597259521484,,,74.5763168334961,84.51556396484375,65.97762645914398,10.824416160583496,28.40575809798333,23.17835307
2021-01-05,1.0,35000,63.81930160522461,,,78.58595275878906,88.90348052978516,67.46887159533074,9.346693992614746,40.06402940833333,38.98267
2021-01-06,1.0,35300,65.26406860351562,,,46.63988876342773,51.1114616394043,42.55914396887158,5.168773651123047,37.91378276266666,41.152706
2021-01-11,3.0,20200,39.05955505371094,,,65.97393798828125,115.68751525878906,100.65642023346304,4.977578163146973,43.784153790000005,28.905034
2021-01-12,3.0,28800,97.7844696044922,,,113.29338073730467,143.4740447998047,104.11245136186773,5.06984281539917,38.62057562,27.8999133
2021-01-13,3.0,49000,100.51609802246094,,,100.20436096191406,113.08601379394533,76.8669260700389,3.798660278320313,31.901771988333333,23.7594562
2021-01-16,0.0,25200,19.4881591796875,,,9.937610626220703,25.91841125488281,20.80116731517508,1.3375792503356934,16.331301792083334,8.36005587625
2021-01-25,0.0,16600,3.104163408279419,,,5.6055097579956055,7.909550666809082,3.5488326848249043,0.5145109295845032,20.464813831266667,6.4422069938
2021-01-28,0.0,15600,6.292036056518555,,,6.7986555099487305,6.279326438903809,6.646303501945526,0.1493865698575973,17.475140946595,7.361682339785
2021-02-04,2.0,17300,51.82206726074219,,,42.075469970703125,53.84800720214844,52.554669260700365,2.848498821258545,11.570682816666666,2.6225967
2021-02-05,2.0,20100,47.19058227539063,,,61.63733673095703,71.51826477050781,84.03326848249026,4.82079553604126,10.374305265,2.379247545
2021-02-13,0.0,16500,7.706377029418945,,,12.155839920043944,10.18049144744873,14.165953307393,0.4811828434467315,4.829177312921667,0.2098444876
2021-02-15,0.0,17200,22.08094596862793,,,31.38482666015625,31.979019165039062,29.78035019455253,1.1896214485168457,18.4112430995,14.173053612
2021-02-16,0.0,16600,26.860998153686523,,,30.56046485900879,32.16429901123047,26.15136186770428,1.0451335906982422,17.9059073055,16.49036873
2021-02-21,2.0,13900,66.59423828125,,,86.56427001953125,93.10494995117188,101.10661478599224,7.340681552886963,18.008766299499996,9.2296561985
2021-02-22,2.0,22300,90.82546997070312,,,91.8158721923828,105.31291961669922,102.62665369649808,7.4115519523620605,27.585898188833333,9.9035865665
2021-02-23,0.0,27800,91.94572448730467,,,66.4710922241211,78.01021575927734,62.91167315175099,7.109754085540772,29.41799408725,15.137560198
2021-03-04,2.0,14600,5.52297830581665,,,11.961220741271973,14.204524040222168,10.819455252918283,7.625272701261565e-06,25.7304159315,19.60408178
2021-03-05,2.0,14900,10.52284049987793,,,16.431901931762695,21.629838943481445,12.057976653696494,0.1711971461772918,23.62720201983333,18.90025548
2021-03-10,0.0,13900,0.6149184107780457,,,2.3650622367858887,3.939103364944458,0.7227626459143975,0.0083361640572547,17.26527163333333,16.447276449999997
2021-03-13,0.0,13200,0.2581232488155365,,,4.5045037269592285,4.893081188201904,6.378599221789879,1.0665937662124634,13.498626331666667,8.616468665000001
2021-03-18,0.0,11300,8.128664016723633,,,11.412198066711426,13.745729446411133,15.680933852140084,0.1000587940216064,40.468627511166666,28.1625531
2021-03-20,0.0,12500,22.918289184570312,,,28.321632385253903,26.015277862548828,34.01050583657589,2.0619914531707764,39.495408018333336,26.317102
2021-03-29,0.0,12600,31.614381790161133,,,25.21459197998047,32.341068267822266,32.14922178988326,6.382728576660156,34.956679916666666,29.9064596
2021-04-04,0.0,11300,7.739200592041016,,,4.524740695953369,9.864668846130373,6.858949416342412,5.827887434861623e-05,21.390443761666667,16.26747715
2021-04-08,0.0,11400,23.02218246459961,,,26.11708641052246,28.54971694946289,28.180544747081704,1.093719482421875,17.89017062716667,8.50054355
2021-04-11,0.0,10700,13.958767890930176,,,12.172022819519045,11.34128761291504,5.465758754863813,0.5308564305305481,14.444267754666663,10.648200015
2021-04-22,0.0,17900,0.0212492048740386,,,0.0640000998973846,0.0914325341582298,1.6410505836575866,8.714597242942546e-06,8.166623942583334,2.70969862
2021-04-24,0.0,17200,9.435187339782717,,,18.96632575988769,24.79038619995117,13.479182879377436,1.177803635597229,8.22238549475,2.727741525
2021-04-26,0.0,16400,15.03152847290039,,,12.671497344970703,17.664554595947266,7.139105058365758,1.065773606300354,11.0544072375,5.064404195
2021-04-29,0.0,14400,1.3044466972351074,,,5.302495002746582,6.193784713745117,8.118287937743187,7.516335608670488e-05,12.601023717000002,12.6443395
2021-05-08,0.0,16400,14.119477272033691,,,16.622133255004883,19.78744125366211,9.608171206225691,1.1928379535675049,8.79523273745,1.35142002
2021-05-09,0.0,14200,8.557661056518555,,,5.447478771209717,5.239543437957764,0.2700389105058366,0.0749258771538734,8.937203598733333,1.105863707
2021-05-15,0.0,18600,0.0200444459915161,,,0.0013856756268069,0.0032286350615322,0.0132295719844357,0.0,11.578739399166665,7.063523849999999
2021-05-21,0.0,15300,11.501893043518066,,,3.191959381103516,7.019118785858154,8.793190661478594,0.0032799553591758,4.2116696111,0.5016364565
2021-05-22,0.0,14500,7.655517578125,,,0.0954170599579811,2.841501474380493,2.951167315175097,0.0,5.728634639433333,1.84075217
2021-05-25,0.0,17000,10.752203941345217,,,8.027915954589844,6.196862697601318,10.697276264591446,1.1086314916610718,7.895580295166668,3.81810579
2021-05-26,1.0,17600,9.61874008178711,,,15.318421363830566,19.131778717041016,45.05175097276266,0.7296974062919617,8.966009375833334,6.2336484500000005
2021-05-27,1.0,18900,39.50213623046875,,,28.08655548095703,31.999547958374023,43.99377431906616,0.705328106880188,10.7770536425,7.35073025
2021-06-08,0.0,19800,11.228106498718262,,,10.15018081665039,11.553062438964844,4.928599221789882,0.5054784417152405,8.589975594,6.067033039999999
2021-06-12,2.0,15100,6.886293411254883,,,11.09482479095459,23.758220672607425,19.66634241245136,1.962870478630066,5.594033098333334,2.646332695
2021-06-13,2.0,17200,20.12662506103516,,,21.714767456054688,35.86927032470703,19.157392996108943,2.433023452758789,6.597927237333334,2.330587577
2021-06-14,2.0,22300,19.46418571472168,,,20.496871948242188,35.151451110839844,23.348249027237344,2.417156457901001,4.725311939,2.085549747
2021-06-19,1.0,27300,0.0242567490786314,,,0.0281351245939731,0.0315259024500846,0.0233463035019455,5.228758163866587e-05,1.8765304511583327,0.3691762697499999
2021-06-20,1.0,26800,0.0242567490786314,,,0.0272194817662239,0.0255980193614959,0.0184824902723735,4.793028347194195e-05,2.596841329916667,0.7111344697499999
2021-06-22,0.0,31300,0.0,,,0.0001548519940115,0.0015087127685546,0.0,0.0,2.0362975575,0.9009008025
2021-06-25,1.0,31600,0.0,,,0.0041404510848224,0.0120198000222444,0.0184824902723735,0.0,2.326314308333334,1.212568465
2021-06-26,1.0,34000,0.0209023840725421,,,0.0012282888637855,0.0042076888494193,0.0184824902723735,0.0,2.1179520705000003,0.851270927
2021-07-07,0.0,19400,2.1915063858032227,,,1.5839340686798096,0.1533415615558624,1.8558365758754864,0.4335100054740906,4.794617265533334,1.5873902081
2021-07-09,0.0,18400,2.236050128936768,,,0.1388711333274841,0.1368198990821838,0.059533073929961,8.714597061043605e-05,5.373942130033333,2.2947623451
2021-07-13,0.0,15400,0.0,,,5.638392030959949e-05,0.004362144973129,0.1173151750972762,0.0027679735794663,1.8992219447333332,0.88905172935
2021-08-01,0.0,9470,3.2684454917907715,,,0.2880375981330871,6.194716930389404,3.225680933852141,0.1186873614788055,2.6589167125499995,0.13789676265
2021-08-06,2.0,9170,5.587855339050293,,,7.176436424255371,9.214686393737791,27.92918287937741,0.5052498579025269,3.75284477495,0.1966465495
2021-08-07,2.0,9460,27.88656616210937,,,14.11773681640625,18.203144073486328,28.221984435797648,0.6320613622665405,3.7376652677833335,0.1942547815
2021-08-08,2.0,10900,28.062889099121094,,,12.137046813964844,15.140192985534668,23.67509727626457,0.5525015592575073,3.800315264183333,0.12961358
2021-08-09,1.0,10300,23.29853057861328,,,6.954022407531738,9.007150650024414,1.0426070038910504,0.1268136799335479,1.2085328919333336,0.01500325325
2021-08-10,1.0,11100,1.0350929498672483,,,0.0127171771600842,0.0186418816447258,0.0410505836575875,2.1786493107356364e-06,1.2978346484333334,0.01500325325
2021-08-11,1.0,10800,0.0352841280400753,,,8.33322701510042e-06,0.0065818317234516,0.0410505836575875,5.446623163152253e-06,0.29912159925,0.01500325325
2021-08-15,1.0,11300,0.0396107137203216,,,0.1440121680498123,0.8113846778869629,4.711478599221792,0.0189215671271085,0.8828969870916666,0.214548985275
2021-08-16,1.0,10600,4.589775562286377,,,2.739453792572021,9.25795555114746,7.590077821011672,0.876492440700531,1.485484854625,0.192997300375
2021-08-18,1.0,8320,7.434077262878418,,,3.212432384490967,9.05967903137207,2.87859922178988,0.8576035499572754,2.08539302615,0.00931940695
2021-08-19,1.0,8000,2.8839123249053955,,,2.8149938583374023,1.441154956817627,5.750972762645913,0.0009477123385295,3.2950724136166665,1.22541225985
2021-08-23,0.0,7580,4.279449462890625,,,1.70077383518219,3.1165995597839355,2.8252918287937727,0.0060511967167258,0.2907168527,0.0011734981
2021-08-27,0.0,6930,6.744664192199707,,,3.817192554473877,7.291594982147217,6.735603112840464,0.0721612200140953,6.448247348333333,3.2628207500000004
2021-09-04,1.0,6700,0.7373731136322021,,,0.4273583590984344,0.5021665096282959,0.6712062256809337,0.0012254919856786,2.647144628783333,0.17473980135
2021-09-05,1.0,6510,0.7996273040771484,,,0.5643620491027832,0.9082647562026978,0.6558365758754863,0.0056111123412847,2.52670401095,0.15758795885
2021-09-08,1.0,8260,0.2897569537162781,,,1.32291579246521,15.694865226745604,0.2285992217898833,0.0042461873963475,3.315982679916667,0.78227152975
2021-09-09,1.0,8440,0.2897569537162781,,,1.5167967081069946,18.104656219482425,1.16284046692607,0.0042723310180008,5.8586293531,0.8054353543
2021-09-10,1.0,8460,1.3744910955429075,,,0.3801057338714599,12.50796127319336,3.680544747081712,0.1011894196271896,7.143745943766668,1.8727410993
2021-09-13,0.0,8280,7.825594902038574,,,3.2578234672546387,1.242141842842102,12.800194552529188,0.6033167243003845,23.5067584916,3.76477463
2021-09-15,0.0,8390,9.466619491577148,,,4.018735408782959,3.159273386001587,9.214980544747084,0.2896175980567932,10.011057246666663,2.193454805
2021-09-17,4.0,8130,69.61016845703125,,,67.48332214355469,80.55032348632812,82.71303501945525,8.25319766998291,3.267269318333333,1.63939314
2021-09-18,4.0,19800,88.82979583740234,,,83.0482177734375,86.84098052978516,96.84007782101166,8.674510955810547,11.812038606666665,1.276186905
2021-09-26,3.0,11000,36.870941162109375,,,22.57685089111328,23.12195205688477,51.66128404669259,1.9546458721160889,9.796651646666668,3.4379519650000003
2021-09-27,3.0,14900,55.01660919189453,,,33.90361404418945,31.57887458801269,67.89260700389104,2.509264707565308,8.11483999375,1.34311083125
2021-09-29,3.0,19500,50.85285949707031,,,64.33035278320312,58.677337646484375,59.0877431906615,2.077488660812378,3.148586510966666,0.14970881625
2021-09-30,3.0,20100,63.86104965209961,,,53.49794387817383,51.054908752441406,43.120428015564215,1.550757646560669,4.5157812113833335,0.0021904625
2021-10-02,1.0,20100,31.56465148925781,,,0.6421222686767578,0.9570131897926332,1.7560311284046688,0.0280326940119266,16.865823987846667,0.00239531854
2021-10-03,1.0,15200,1.593799352645874,,,0.1543349623680114,0.1361424177885055,1.7208171206225675,0.0001525054685771,22.746444710346665,7.38420285604
2021-10-05,1.0,13000,13.51730728149414,,,8.860387802124023,12.695701599121094,23.81770428015564,0.0279433671385049,21.719562256742165,15.043232022
2021-10-07,0.0,13400,22.044178009033203,,,4.69144344329834,7.382065773010254,10.91712062256809,0.027935741469264,20.326556002266667,13.368194799999998
2021-10-09,1.0,12400,18.598114013671875,,,17.095523834228516,15.021395683288574,29.11342412451362,6.019438743591309,24.86251806593333,7.904395675
2021-10-10,1.0,13500,26.465274810791016,,,17.830495834350586,15.775273323059082,29.234824902723737,6.034943103790283,22.02864352833333,7.068714705000001
2021-10-15,4.0,13500,35.34851837158203,,,28.86748313903809,21.93142509460449,39.05116731517509,0.5427994728088379,25.663819276166667,17.5903386
2021-10-16,4.0,16200,35.61964416503906,,,23.493732452392575,20.199413299560547,25.526459143968868,0.5410130023956299,27.4984604045,32.9021723
2021-10-17,4.0,17100,23.290115356445312,,,7.630836486816406,9.685663223266602,4.930739299610896,0.1940805464982986,42.65124431533333,44.9097436
2021-10-20,3.0,12100,12.709922790527344,,,7.525563240051269,6.516284465789795,24.08910505836574,1.3831090927124023,18.6523113245,8.297494362
2021-10-21,3.0,13900,21.89571762084961,,,28.282001495361328,31.36112594604492,35.05953307392994,1.9458485841751096,9.795988917333332,2.695924626
2021-10-22,3.0,14300,32.12716293334961,,,31.168376922607425,34.046932220458984,26.475680933852125,0.9255924224853516,14.9932613665,8.038836961
2021-10-24,2.0,15100,29.29228973388672,,,37.65260314941406,21.750734329223636,49.37315175097275,2.8269660472869877,20.464210131166663,14.142903785
2021-10-25,2.0,16600,44.17073822021485,,,59.118896484375,53.89632415771485,79.74046692607001,7.173760414123535,14.390566492833331,10.639710885
2021-10-26,2.0,23700,71.02711486816406,,,74.8582534790039,64.01486206054688,86.12801556420231,9.189340591430664,9.2655990345,6.067289834999999
2021-10-27,3.0,28300,77.04833984375,,,126.01107788085938,117.8992919921875,158.66517509727632,11.853571891784668,15.376898046666668,7.669325749999999
2021-10-28,3.0,30600,140.5709991455078,,,120.0817413330078,113.15695190429688,132.41595330739307,7.143974781036377,33.79265630341666,23.13728665
2021-10-29,3.0,64500,117.41366577148438,,,97.95679473876952,95.5498046875,109.74105058365768,3.503573179244995,51.48435063675,40.79524545
2021-11-01,1.0,25200,6.099609375,,,5.224637031555176,4.820255279541016,22.319649805447472,0.0,26.931444346666662,16.44295825
2021-11-02,3.0,20500,22.941865921020508,,,13.87256145477295,9.64336395263672,31.409727626459144,1.407926321029663,40.128098046666665,30.7489131
2021-11-03,3.0,21000,32.43391036987305,,,41.625144958496094,38.23413848876953,64.52354085603113,7.23320198059082,51.6729035,41.85804765
2021-11-04,3.0,22800,66.6775131225586,,,51.33586883544922,54.24411010742188,53.49221789883268,7.51041316986084,51.4236891,46.965631
2021-11-08,0.0,22400,35.89021682739258,,,46.52361679077149,37.28435516357422,44.04396887159531,3.3510336875915527,54.5276796,36.0425495
2021-11-09,1.0,21200,45.15444946289063,,,42.911014556884766,30.40976905822754,38.24260700389104,4.451414585113525,53.87553578833333,38.7472095
2021-11-11,2.0,25900,75.83663940429688,,,77.45306396484375,94.21414184570312,91.36342412451364,7.67116117477417,36.22910108833334,29.2737473
2021-11-12,2.0,44600,93.45297241210938,,,69.39315032958984,86.04436492919922,127.27996108949418,7.070486068725586,30.822287333333332,20.4933413
2021-11-13,4.0,65200,130.1136474609375,,,110.37474060058594,130.7525634765625,164.5955252918289,11.954778671264648,29.77424905666667,27.84015825
2021-11-14,4.0,62200,167.5371856689453,,,123.6326141357422,111.11570739746094,173.29007782101172,11.678915023803713,37.270639749833336,24.61580645
2021-11-15,4.0,94100,176.9261474609375,,,127.51612091064452,116.53990936279295,134.77743190661482,11.715083122253418,42.5425694915,34.38895345
2021-11-16,0.0,119000,137.76736450195312,,,75.06217956542969,63.497589111328125,57.18540856031127,5.275384426116943,45.21874868883334,29.62966105
2021-11-19,0.0,65500,14.25006866455078,,,13.267060279846191,19.726465225219727,12.942607003891062,0.2013587206602096,47.409955444333335,29.18747635
2021-11-23,0.0,38800,19.260677337646484,,,13.493703842163086,15.162965774536133,23.2760700389105,0.2053301930427551,55.60260424333333,33.5449089
2021-11-24,2.0,32600,24.36255645751953,,,31.71249008178711,30.642736434936523,68.72879377431904,1.2722480297088623,52.44074656,36.0654215
2021-11-25,2.0,28000,70.66766357421875,,,46.64656829833984,42.803184509277344,72.04007782101166,1.2722480297088623,56.29132648116666,60.55781375
2021-11-26,2.0,38700,73.91893005371094,,,64.68397521972656,54.77083587646485,119.93871595330744,1.274255633354187,55.29227698783333,55.81044975
2021-11-27,3.0,40200,122.8019561767578,,,110.1890640258789,83.58430480957031,109.65214007782106,5.27597713470459,72.52784010116666,59.54682950000001
2021-11-28,3.0,55800,112.61099243164062,,,86.77973937988281,64.00703430175781,106.05583657587552,6.057678699493408,75.88669499,53.09160850000001
2021-11-29,3.0,71100,108.6809310913086,,,93.3654327392578,69.43798828125,97.2589494163424,6.055671215057373,84.02381294,60.857322
2021-11-30,4.0,62200,100.00650787353516,,,37.30606842041016,39.02172470092773,76.69455252918289,0.9164925813674928,63.4672109955,54.734921750000005
2021-12-01,4.0,64000,74.65885925292969,,,41.72705078125,41.61138916015625,67.89980544747083,1.7088067531585691,41.5754175555,31.40638419
2021-12-02,4.0,62500,65.57556915283203,,,16.853788375854492,23.984020233154297,28.01945525291828,1.7088067531585691,36.88403154483333,27.015272690000003
2021-12-03,0.0,60000,23.745820999145508,,,19.891284942626957,24.147724151611328,19.896887159533076,4.252651691436768,28.961472166000004,19.02755449
2021-12-10,1.0,20100,45.23149108886719,,,77.15000915527344,67.35331726074219,80.87587548638132,6.520998001098633,29.557949133,19.50614185
2021-12-11,1.0,21300,68.86833190917969,,,83.65362548828125,77.36557006835938,75.64182879377431,6.201225280761719,26.903472333000003,23.8827503
2021-12-18,1.0,16500,52.17546844482422,,,59.27949905395508,48.933135986328125,63.990466926070006,9.546852111816406,20.540317403333333,10.274482985
2021-12-30,0.0,13800,8.8236722946167,,,11.101115226745604,8.086249351501465,9.308560311284046,0.0251078456640243,17.953846806283334,12.83458239
2022-01-02,1.0,12700,27.509313583374023,,,49.42649459838867,45.92990112304688,,4.823074817657471,21.82051698555,10.40395095665
2022-01-03,1.0,13900,39.73054504394531,,,62.334285736083984,58.59452819824219,,5.090033531188965,30.610222933333333,18.3374508
2022-01-05,3.0,12600,41.34539031982422,,,55.14276123046875,52.57024002075195,,2.10634183883667,32.73486118833333,16.7911413
2022-01-06,3.0,12800,95.47746276855467,,,96.36434173583984,84.90245056152344,,6.191164493560791,23.174877196666667,10.60018285
2022-01-07,3.0,23900,108.52420043945312,,,94.3028564453125,84.10320281982422,,6.37228536605835,20.67653262283333,7.46096836
2022-01-10,1.0,16900,25.34687805175781,,,25.565244674682617,30.062143325805664,,0.6593486070632935,26.53301414395,22.10932915
2022-01-11,2.0,19100,73.45610046386719,,,78.43798828125,76.4737548828125,,10.90818214416504,26.64514284395,19.27109075
2022-01-12,2.0,39900,93.17259216308594,,,76.26468658447266,74.2437515258789,,10.277905464172363,27.104235261666663,11.79914225
2022-01-13,2.0,46800,79.11632537841797,,,54.6177978515625,48.96149444580078,,10.252985000610352,21.5810509795,5.0206423885
2022-01-20,1.0,26500,47.8111686706543,,,32.57466506958008,33.75962448120117,,0.2414461225271225,20.43403992375,10.0061154
2022-01-29,2.0,19900,2.1335740089416504,,,8.693004608154297,10.798832893371582,,0.4616174101829529,25.94374096083333,7.14359299
2022-01-30,2.0,19400,21.23736953735352,,,28.839473724365234,29.68243789672852,,0.4616174101829529,30.39609624216667,5.7370453900000005
2022-02-02,0.0,18400,19.11907386779785,,,24.009998321533203,24.399341583251957,,0.6403433680534363,6.920994862000001,0.369999951
2022-02-04,0.0,15500,26.37121963500977,,,34.49167251586914,32.37340545654297,,1.276534080505371,11.219074880733332,9.670507213
2022-02-07,0.0,15600,9.19956398010254,,,1.8341727256774905,1.7268152236938477,,0.1677087992429733,28.738270782241667,24.479066229
2022-02-26,1.0,14100,9.789727210998535,,,31.00794982910156,29.716726303100582,,1.607400894165039,31.317227828166665,21.9971968775
2022-02-27,2.0,13700,40.49772644042969,,,101.46379852294922,107.6692352294922,,1.607400894165039,29.730247844,27.35088835
2022-02-28,2.0,20800,123.72052001953124,,,125.82068634033205,133.76016235351562,,2.3349051475524902,28.436385738999995,24.10223825
2022-03-01,2.0,43700,131.2530059814453,,,102.27127838134766,104.73632049560548,,0.9305532574653624,23.52166873,19.84719075
2022-03-04,0.0,26400,21.447641372680664,,,9.34812355041504,3.317049026489258,,0.0334035903215408,24.96302184055,10.694918675
2022-03-14,1.0,15700,35.94145965576172,,,51.77690124511719,59.32193374633789,,9.234241485595703,32.48215303333333,29.13400915
2022-03-15,1.0,18000,57.66863632202149,,,59.723907470703125,54.89247131347656,,12.954545974731444,39.010315141666666,31.308903
2022-03-16,0.0,18400,53.36527633666992,,,47.515995025634766,40.74919128417969,,10.42568016052246,35.599817545,22.6120246
2022-03-17,0.0,16400,38.30738067626953,,,26.330223083496094,13.398921966552734,,4.01588773727417,24.453889001666667,11.0108674
2022-03-19,0.0,16400,33.113311767578125,,,26.52618789672852,22.087188720703125,,0.5051138401031494,14.745062972666666,9.542807248
2022-03-29,0.0,16700,5.807881832122803,,,3.750981569290161,9.132741928100586,,0.0070424764417111,20.47659135583333,13.5777333
2022-04-02,0.0,14300,9.50005340576172,,,13.897829055786133,9.076597213745115,,0.8476412892341614,17.025825723333334,6.15169797
2022-04-03,1.0,13900,36.75004959106445,,,59.34300231933594,55.76655578613281,,5.448862075805664,9.949119060433333,3.227033373
2022-04-04,1.0,16600,67.03216552734375,,,90.96336364746094,80.3294677734375,,10.654067993164062,9.878886943766666,2.9012815729999994
2022-04-07,1.0,16000,36.41049575805664,,,18.076181411743164,10.036561965942385,,4.029351711273193,17.021421678333333,8.478874099999999
2022-04-08,1.0,16100,22.640708923339844,,,27.709625244140625,14.811165809631348,,4.027722835540772,18.30916556433333,10.75465042
2022-04-10,0.0,15700,31.01260757446289,,,19.62850952148437,14.581923484802246,,0.5002419948577881,18.214953384666668,10.61046717
2022-04-15,0.0,12900,2.543828010559082,,,2.0995125770568848,2.234251976013184,,0.0236100126057863,15.568555546666666,10.9366427
2022-04-16,0.0,12500,5.047107696533203,,,9.996429443359377,2.7119648456573486,,0.6164337992668152,12.331266160333334,6.862362700499999
2022-04-28,0.0,12600,10.41586685180664,,,10.345573425292969,5.150421142578125,,1.1037003993988037,4.851659627166667,3.29258478
2022-05-03,1.0,12500,6.532838344573975,,,4.368468284606934,5.50531005859375,,0.0464303269982337,9.803753762316669,1.2453743769500003
2022-05-04,1.0,12900,11.976577758789062,,,12.363489151000977,12.016290664672852,,0.0464303269982337,7.042778473599999,1.15088097945
2022-05-05,1.0,14300,30.624923706054688,,,23.256515502929688,25.634803771972656,,0.5263330936431885,7.1460145913833335,2.873490841
2022-05-13,0.0,13800,18.77660369873047,,,28.754053115844727,20.364187240600582,,0.3248302340507507,9.816829431366669,10.14361408
2022-05-16,0.0,19600,39.25640869140625,,,22.483591079711918,22.31209945678711,,1.4221398830413818,10.191826346045,7.54880825
2022-05-18,1.0,19500,28.650447845458984,,,27.563634872436523,26.773303985595703,,1.713804841041565,9.6922832175,7.7882312525
2022-05-20,0.0,18100,24.31352424621582,,,10.670538902282717,16.784582138061523,,1.2559962272644043,9.142946874166666,1.3057474725
2022-05-22,0.0,15900,2.9644815921783447,,,4.048620223999023,1.603321552276611,,0.5466224551200867,8.215075238999999,2.353661367
2022-05-25,0.0,16200,6.174191474914551,,,2.728353261947632,4.544247150421143,,0.1529595702886581,7.336342332872666,3.30348529
2022-06-04,1.0,33200,28.261898040771484,,,26.003604888916016,20.96152877807617,,1.418489694595337,6.693567343333334,3.449563915
2022-06-05,1.0,32000,42.074951171875,,,19.85629272460937,22.65220260620117,,0.983509600162506,9.053376925,4.85101023
2022-06-09,2.0,31800,44.71681594848633,,,39.1509017944336,39.75179672241211,,5.913449287414551,11.0002415532,0.6289624646
2022-06-10,2.0,46500,48.32637405395508,,,42.91270446777344,41.21860504150391,,6.015373706817627,4.587102824366666,0.4844992481
2022-06-12,0.0,38200,20.22683334350586,,,14.625527381896973,49.26874923706055,,0.7896238565444946,5.081587177449999,1.3404640735000002
2022-06-15,0.0,26900,14.77066707611084,,,9.615509033203123,25.908653259277344,,0.3195847868919372,1.9162739345166664,0.3847877045
2022-06-21,1.0,23900,2.580479145050049,,,1.2129276990890503,0.2721994519233703,,0.0612853989005088,2.8193086675000005,0.6549122884999999
2022-06-22,1.0,25800,2.4939353466033936,,,0.945565700531006,0.1910044997930526,,0.0596623048186302,5.867431628933334,0.24610617675
2022-06-24,0.0,27700,0.6228014826774597,,,0.021671513095498,0.1188732087612152,,1.0893246553678182e-06,10.652171502433331,5.5295338032500005
2022-06-29,0.0,32500,6.348320007324219,,,9.088232040405272,2.019248962402344,,0.8504820466041565,5.6964100825,0.7339276975
2022-07-03,0.0,37800,17.754247665405273,,,15.862282752990724,37.4995002746582,,1.4444520473480225,5.95856070295,0.91668846145
2022-07-05,0.0,33800,14.749273300170898,,,3.11488676071167,15.691741943359377,,0.4011929333209991,3.95458917715,0.00642275145
2022-07-14,0.0,25700,0.0,,,1.4229324278858255e-06,0.0083699133247137,,0.0,2.3787443829666666,1.1938425489
2022-07-18,0.0,20800,5.363531112670898,,,3.5497164726257324,1.760583519935608,,0.2554324567317962,1.1160402220833334,0.45569101
2022-08-05,0.0,12600,3.3980534076690674,,,3.4126694202423096,3.608284711837769,,0.3971021771430969,3.360332972133333,0.954581503
2022-08-18,0.0,10900,0.1171106994152069,,,0.5904920697212219,1.173498034477234,,0.0937321111559867,4.026586245999999,0.1035055729999999
2022-08-26,0.0,9420,0.2443722188472747,,,1.337760329246521,2.620980739593506,,0.0426742956042289,5.318379844735,0.071437604205
2022-08-27,1.0,8860,0.3429239988327026,,,0.915268898010254,0.4092303216457367,,0.0411710254848003,7.897917422735,0.466326408205
2022-08-28,1.0,7900,0.3042079210281372,,,0.9096579551696776,0.1146732196211814,,0.0412527248263359,6.784627752635,0.448719212905
2022-09-01,0.0,7490,0.0,,,0.0016756179975345,2.625742197036743,,5.991285433992744e-05,2.6160594521666667,0.2589341715
2022-09-04,1.0,6880,4.881615161895752,,,0.4826535284519195,29.45850944519043,,0.0790358781814575,13.371611955,9.91543617
2022-09-12,0.0,8210,1.5426183938980105,,,1.772507905960083,12.675982475280762,,0.0385958664119243,8.782407889666667,3.4901892249999995
2022-09-19,0.0,7910,0.0765408724546432,,,0.0012450165813788,0.0041619124822318,,0.0001372549013467,13.4816043915,6.536812144500001
2022-10-04,0.0,7150,0.0,,,0.0001430277916369,0.0028557290788739,,0.0001612200430827,12.041651298,1.432746944
2022-10-24,1.0,6650,39.261680603027344,,,36.532413482666016,26.871782302856445,,0.6212524771690369,34.269337122,16.67625425
2022-10-27,2.0,7440,59.28358459472656,,,51.36969757080078,45.81397247314453,,4.823080062866211,23.717889827666667,13.65405534
2022-10-28,2.0,9180,51.15213394165039,,,35.81678771972656,29.412750244140625,,4.740696430206299,29.007996865166668,19.952469425
2022-10-29,2.0,9320,43.76166534423828,,,59.88471984863281,38.88048553466797,,5.324655532836914,34.32599610683334,26.0518065
2022-10-30,2.0,8220,67.19532775878906,,,69.74964141845703,53.64404678344727,,2.795119285583496,34.54834949683334,25.9059935
2022-10-31,2.0,15900,78.13069915771484,,,70.8162841796875,54.41802215576172,,3.725435972213745,31.78871317666667,24.51181435
2022-11-01,0.0,16400,76.78021240234375,,,42.16712951660156,46.87645721435547,,0.932706654071808,29.74145654333333,24.39231635
2022-11-03,3.0,11000,31.701160430908203,,,83.2934341430664,79.19097900390625,,14.069719314575195,24.62345374266667,12.419713728
2022-11-04,3.0,15300,122.42941284179688,,,107.06495666503906,99.71379089355467,,21.10808753967285,14.977570739333334,6.400608178000001
2022-11-05,3.0,40000,129.72898864746094,,,116.290283203125,105.1791534423828,,21.10980224609375,11.978782556,8.712972277999999
2022-11-20,0.0,7920,1.002206802368164,,,0.1067021936178207,0.2162899076938629,,0.0012766884174197,30.597298635833333,13.4169519075
2022-11-24,1.0,11000,38.29734802246094,,,16.507976531982422,16.211734771728516,,1.0171340703964231,51.95660197166667,40.0166613
2022-11-25,1.0,11300,13.921754837036133,,,16.086875915527344,13.224801063537598,,1.0179859399795532,79.24724555,64.01881399999999
2022-11-27,0.0,10900,42.7547492980957,,,36.27147674560547,27.5394229888916,,0.0610467568039894,96.23348963,74.8426673
2022-12-05,0.0,8280,3.3425116539001465,,,0.5070704221725464,0.7030272483825684,,0.0004422658821567,43.74780308333333,39.12524125
2022-12-06,0.0,8790,2.174838066101074,,,1.5879614353179932,0.9083082675933838,,0.0089422650635242,58.18215303333333,47.70566825
2022-12-23,4.0,7220,42.12583541870117,,,69.1302490234375,71.64893341064453,,7.453858852386475,41.59181859666667,37.1634944
2022-12-24,4.0,12400,112.17323303222656,,,80.04995727539062,82.29622650146484,,7.556133270263672,33.94545574333334,28.64853884
2022-12-25,4.0,35900,133.37911987304688,,,87.41647338867188,107.57587432861328,,7.598299026489258,32.814229796666666,23.63008884
2022-12-26,3.0,40500,137.45513916015625,,,85.12265014648438,96.37437438964844,,4.199542045593262,36.18921764666667,25.16053694
2022-12-27,2.0,52300,101.79178619384766,,,97.46762084960938,106.01292419433594,,5.4850754737854,33.46287591666667,26.1634354
2024-01-07,0.0,10200,31.30420684814453,,,32.61811828613281,37.09529113769531,,,55.37952192066666,48.392703
2024-01-08,1.0,9420,41.345001220703125,,,75.26976013183594,84.08523559570312,,,51.61846020066667,42.7948088
2024-01-09,1.0,12400,70.70109558105469,,,96.2470703125,104.56228637695312,,,40.99894999,31.27755773
2024-01-11,0.0,12600,53.41770553588867,,,22.233184814453125,22.78907012939453,,,32.462356510000006,21.11171778
2024-01-18,1.0,11200,37.192649841308594,,,38.57577133178711,39.33355712890625,,,14.827488546666668,7.1273698
2024-01-19,1.0,10600,41.72445297241211,,,12.402771949768066,28.23146629333496,,,14.879758425,6.736933425
2024-01-20,1.0,10900,20.11329841613769,,,21.7087516784668,38.75167846679688,,,20.754435604900003,6.0856374647
2024-01-21,1.0,10500,26.768665313720703,,,25.750228881835938,28.33026885986328,,,21.43653630323333,5.6290199997000006
2024-01-22,1.0,12600,32.33284378051758,,,38.39083099365234,40.43609619140625,,,28.83498650823333,9.8454415247
2024-01-26,2.0,15800,39.41963577270508,,,48.72724151611328,48.542293548583984,,,22.386568900333334,2.9486567010000004
2024-01-27,2.0,17000,62.74489212036133,,,70.5953369140625,61.87630844116211,,,18.849148473166665,4.126544201
2024-01-28,3.0,37300,74.14106750488281,,,67.28499603271484,51.77409744262695,,,18.140709623166668,11.315561651
2024-01-29,3.0,48300,61.92949295043945,,,45.37529373168945,29.78365707397461,,,19.459605492833333,16.345942985
2024-01-30,4.0,40200,28.849145889282227,,,22.493446350097656,13.70904541015625,,,22.34443070333333,20.160215135
2024-01-31,4.0,36000,20.93307304382324,,,29.005596160888672,19.349809646606445,,,19.88435504,13.363089385
2024-02-01,4.0,31400,27.88172912597656,,,22.91812515258789,18.507625579833984,,,20.051120616666665,12.804303049999998
2024-02-02,4.0,26900,25.60228538513184,,,8.319915771484375,10.807966232299805,,1.448358416557312,25.37891705,22.31896985
2024-02-06,0.0,15800,4.885234832763672,,,6.377942562103272,12.05625343322754,,0.4307821691036224,51.33586735,42.33497285
2024-02-28,1.0,10500,84.67242431640625,,,91.42266845703124,89.6683349609375,,8.163849830627441,27.182229999833336,11.661618
2024-02-29,1.0,19500,98.44314575195312,,,98.05330657958984,95.1319351196289,,10.033218383789062,20.373154083333333,8.6768637
2024-03-02,0.0,13600,41.41388320922852,,,21.79764747619629,25.30396270751953,,2.1320526599884038,12.5649522915,6.2854972245
2024-03-04,0.0,11400,22.848691940307617,,,17.820470809936523,12.375880241394045,,1.0244466066360474,4.463560599499999,0.9918730085
2024-03-07,0.0,9740,0.6168840527534485,,,0.4469490945339203,1.7843434810638428,,0.0329477190971374,11.136338393833334,0.6745493875
2024-03-08,1.0,9420,4.328575134277344,,,8.228690147399902,11.38061809539795,,0.0313278958201408,17.422678798,6.0049267
2024-03-09,1.0,9370,15.854762077331545,,,33.36956787109375,32.19969177246094,,0.9159992933273317,23.312259598,14.25352545
2024-03-11,0.0,10600,43.96078872680664,,,61.89393615722656,59.35490798950195,,6.654036521911621,26.39747122916667,23.94846485
2024-03-17,0.0,13200,0.0,,,1.8846285456675105e-05,0.0011328873224556,,3.267973852416617e-06,24.762469892,21.8067151
2024-03-20,0.0,14900,1.0174046754837036,,,2.8886260986328125,3.422580480575561,,0.0648769736289978,14.273078271,8.778930265
2024-03-26,0.0,12700,15.129327774047852,,,18.43985939025879,23.94321823120117,,2.242709159851074,29.0221415845,22.97339875
2024-04-02,0.0,12500,8.208349227905273,,,12.38249397277832,12.262251853942873,,0.5203873515129089,18.80979999,15.76817495
2024-04-20,0.0,9820,9.985889434814451,,,11.481644630432127,12.986265182495115,,0.9584980607032776,8.525859614666667,6.50670335
2024-05-02,0.0,10000,1.9752439260482788,,,2.4919447898864746,2.250800371170044,,0.0581992827355861,3.873460786483333,1.179423367
2024-05-09,0.0,10300,1.2720032930374146,,,0.003332243533805,0.0720463916659355,,5.773420343757607e-05,3.0944926768333336,0.920625155
2024-05-13,0.0,16400,0.003758531762287,,,0.0265788547694683,0.3173567354679107,,0.0004030501295346,11.158356425083332,2.59157687
2024-05-17,0.0,16900,11.650222778320312,,,7.72991418838501,12.718308448791504,,0.1713998317718505,9.829421083333331,8.2233419
2024-05-19,0.0,12800,7.23754358291626,,,5.03184175491333,8.966079711914062,,0.0984738245606422,12.0574656505,7.5768276
2024-05-29,0.0,13700,20.212860107421875,,,18.32662773132324,17.532678604125977,,6.440334796905518,16.745459183333335,16.63476275
2024-06-02,1.0,12700,32.89282989501953,,,59.150856018066406,45.03700256347656,,4.826121807098389,10.763317249,2.607781495
2024-06-03,2.0,21400,55.643985748291016,,,71.19754028320312,59.81916046142578,,5.800698280334473,10.15297486795,4.326272005
2024-06-04,2.0,26700,65.9090805053711,,,60.79234313964844,52.15661239624024,,4.917803764343262,11.691634431283331,7.815344720000001
2024-06-13,0.0,16600,1.2875288724899292,,,1.4202158451080322,1.5683469772338867,,0.0172984804958105,7.434396889999999,2.901267515
2024-06-21,0.0,12500,0.1666402965784073,,,0.1378145366907119,0.4427731335163116,,0.0699313580989837,10.6242810325,6.5144506
2024-06-30,0.0,14900,3.470165491104126,,,1.3660777807235718,3.064486265182495,,0.0040359473787248,2.8677075515,1.4034386515
2024-07-19,0.0,10200,0.0404160693287849,,,0.0104873236268758,0.0723034590482711,,0.0247320551425218,5.287849935666666,0.764433525
2024-08-02,0.0,8560,0.0253291651606559,,,6.953338925086428e-06,0.0001588159648235,,9.368192695546897e-05,0.6298921405,0.0031876524999999
2024-08-15,0.0,7280,0.1271093189716339,,,0.9569215774536132,2.8913004398345947,,0.0059716757386922,17.054624190450003,1.4993967741999998
2024-08-18,1.0,7530,15.124944686889648,,,4.99072790145874,11.664512634277344,,0.0602767281234264,2.69694944945,0.14965877835
2024-08-19,1.0,7920,15.200956344604492,,,11.16059684753418,11.01179313659668,,0.3999938070774078,3.9126445593333328,0.229571308
2024-08-20,1.0,7120,7.38400411605835,,,9.034881591796877,2.646806240081787,,0.34914630651474,3.49040463225,0.2371938617499999
2024-08-26,1.0,7960,29.05817031860352,,,8.764846801757812,6.94279146194458,,0.7416995763778687,10.520135498033332,4.5993130550000005
2024-08-27,1.0,7610,15.30061149597168,,,7.42366886138916,5.722418785095215,,0.7237550616264343,11.619987448333331,6.43575889
2024-08-31,0.0,8610,0.1094224154949188,,,0.0061214016750454,0.0475317165255546,,0.0001034858287312,6.758408953666667,1.4678043560000005
2024-09-09,0.0,7070,0.4266480803489685,,,0.0526338815689086,0.0304827596992254,,0.0001917211193358,4.3450529585833335,0.35095251075
2024-09-12,0.0,6810,3.139026165008545,,,4.258426666259766,9.041071891784668,,0.2822830080986023,3.7576938725,0.7437014925
2024-09-16,0.0,6700,3.5485193729400635,,,1.8940719366073608,0.5467625856399536,,0.0083137303590774,4.01938662255,0.76630219665
2024-09-19,0.0,6560,0.0133753959089517,,,0.215578943490982,0.5043656229972839,,0.0023562121205031,9.588398668333332,8.53077805
2024-09-22,2.0,6400,0.7882537841796875,,,1.1695674657821655,3.634498119354248,,0.0454150214791297,22.877544662666665,11.1107193575
2024-09-23,2.0,6440,0.8688777089118958,,,1.1697311401367188,3.712359189987183,,0.0455838665366172,8.730871833499998,4.645746727500001
2024-09-24,2.0,6640,3.205742359161377,,,10.828842163085938,13.765172958374023,,2.0073912143707275,6.950663006416667,0.16063199625
2024-09-25,2.0,6770,30.468786239624023,,,17.599903106689453,15.483659744262695,,2.6957311630249023,4.608788247916666,0.18719902375
2024-09-26,2.0,8010,39.955665588378906,,,21.322019577026367,21.7200870513916,,4.547557830810547,6.0171345079166665,0.04222720375
2024-09-27,2.0,7860,40.80000686645508,,,11.600412368774414,11.571374893188477,,2.585005521774292,4.833868375,0.453721005
2024-10-01,1.0,7200,2.7630348205566406,,,,4.782523155212402,,0.0193148236721754,5.923836448125001,0.2259800793749999
2024-10-02,1.0,8160,2.1222541332244877,,,,4.805043697357178,,0.0195762608200311,5.316229932,0.2258552379999999
2024-10-07,0.0,7030,0.8445369005203247,,,,9.803027153015137,,0.0027864917647093,35.72082079166667,14.026152415
2024-10-12,0.0,8260,0.0518029853701591,,,,0.17756949365139,,6.644880340900272e-05,20.64212062714333,11.46347628345
2024-10-13,2.0,8130,0.0998482257127761,,,,2.6134190559387207,,0.0007069716812111,22.55140923487667,11.400589606649998
2024-10-14,2.0,8120,6.366445541381836,,,,7.477766990661621,,0.5679857730865479,33.996275068210004,23.64799360665
2024-10-18,4.0,9420,58.84397506713867,,,,92.62151336669922,,9.276273727416992,10.884965944166666,5.878514175
2024-10-19,4.0,14500,87.1390380859375,,,,124.83300018310548,,11.304898262023926,10.566605699333335,6.036697659
2024-10-20,4.0,30200,100.68505096435548,,,,128.13136291503906,,14.06993293762207,10.115159935,2.535620309
2024-10-25,2.0,11500,5.138097763061523,,,,18.84175491333008,,0.5747228860855103,20.63243069,5.32289226
2024-10-26,2.0,11000,38.05717468261719,,,,47.5034065246582,,10.450281143188477,34.52445340333334,27.41368211
2024-10-27,1.0,19300,77.6190414428711,,,,68.37726593017578,,15.046262741088867,37.90733075,35.2638128
2024-11-03,0.0,15400,40.401123046875,,,,57.7132568359375,,3.1012535095214844,43.49494780449999,36.17838105
2024-11-04,1.0,15300,45.73434066772461,,,,43.99418258666992,,3.3833911418914795,31.52393564033333,28.12649925
2024-11-05,1.0,19100,39.98280715942383,,,,39.45943832397461,,3.017597198486328,27.040634983666667,27.83837153
2024-11-06,1.0,16400,34.34813690185547,,,,3.9482593536376953,,0.2935670018196106,19.16832604333333,16.103138180000002
2024-11-08,1.0,13900,2.3816304206848145,,,,12.140637397766112,,0.3773835003376007,23.056547655,7.317628365
2024-11-09,1.0,14100,8.536252975463867,,,,12.695693969726562,,0.3782625794410705,25.02717929,5.979482215
2024-11-10,1.0,14500,19.54996490478516,,,,37.27842712402344,,7.728209972381592,34.03944730666667,16.536441515
2024-11-11,1.0,16200,55.08128356933594,,,,43.51821899414063,,8.826923370361328,32.93489389166667,22.2628905
2024-11-12,2.0,22900,69.59810638427734,,,,84.19503784179688,,14.978249549865724,35.55596371666667,29.212743000000003
2024-11-13,2.0,23700,105.95006561279295,,,,89.02619171142578,,12.916566848754885,32.65879453333333,30.963606
2024-11-16,1.0,22000,47.62159729003906,,,,50.54921340942383,,7.0023274421691895,53.81071575166667,47.48694750000001
2024-11-17,1.0,22400,59.9774284362793,,,,64.13276672363281,,7.352541446685791,46.450510735,40.23886225
2024-11-19,2.0,20900,58.76927185058594,,,,35.86872100830078,,3.71769642829895,38.47186425461667,26.77031075
2024-11-20,2.0,18700,32.396785736083984,,,,30.47421264648437,,3.2977733612060547,55.54256545128334,31.961518
2024-11-21,2.0,17300,21.190502166748047,,,,32.3951416015625,,8.246942520141602,49.7837264325,34.106050999999994
2024-11-22,1.0,16400,22.78948211669922,,,,26.492197036743164,,6.617375373840332,45.54824601583333,34.739411
2024-11-23,1.0,17300,19.30069351196289,,,,22.986846923828125,,6.6007399559021,34.01033293416667,29.0770445
2024-11-24,0.0,16200,19.18886947631836,,,,19.47272491455078,,1.1363730430603027,41.51593580666667,37.7891355
2024-12-06,3.0,9980,12.29934787750244,,,,43.66817855834961,,6.857761383056641,33.102166788333335,34.817772500000004
2024-12-07,3.0,14300,66.09172058105469,,,,68.08831787109375,,9.902482986450195,32.68917137706667,26.930584545
2024-12-13,1.0,14300,13.292552947998049,,,,35.10425567626953,,1.5463645458221436,25.10739921,25.39649405
2024-12-14,1.0,13200,31.37704086303711,,,,47.454681396484375,,4.864285469055176,32.560971702,28.38421145
2024-12-17,2.0,13500,62.1485710144043,,,,70.65074920654297,,13.25270938873291,33.56234465,31.30558645
2024-12-18,2.0,28000,79.7763442993164,,,,68.84498596191406,,12.40052890777588,21.897729406666667,21.11936142
2024-12-19,1.0,32800,80.02754211425781,,,,79.07949829101562,,13.396808624267578,24.03835172333333,22.17522072
2024-12-20,1.0,23500,37.50215911865234,,,,34.74060821533203,,4.169553279876709,26.35210761333333,25.87783022
2024-12-21,1.0,21300,28.022729873657227,,,,40.240501403808594,,4.200757026672363,28.894734996666667,31.0861069
2024-12-22,1.0,21500,39.46380615234375,,,,37.63207244873047,,2.607649564743042,39.92809699666667,33.3402947
2024-12-23,1.0,22700,45.024539947509766,,,,41.24401092529297,,4.023123741149902,46.97685477333333,38.9306307
2024-12-24,1.0,22300,42.499473571777344,,,,49.40089797973633,,4.3091721534729,62.10819806666666,50.012171050000006
2024-12-25,2.0,20600,42.60419464111328,,,,87.78068542480469,,3.84369707107544,57.399207545,55.261463
2024-12-26,2.0,21600,59.665077209472656,,,,82.42227172851562,,1.4188307523727417,43.248517121666666,39.275677
2025-01-05,0.0,15600,29.817790985107425,,,,38.23715591430664,,,27.747572398666662,17.998069100000002
2025-01-09,0.0,13000,0.9877034425735474,,,,16.514080047607422,,,30.635694633545832,10.000369399
2025-01-10,1.0,11800,21.624923706054688,,,,18.85507583618164,,,36.901778034529165,22.249975699
2025-01-17,0.0,10300,2.184968948364258,,,,1.402291178703308,,,3.1206150847333336,1.0491089515
2025-01-23,0.0,9170,0.123320035636425,,,,0.3099514544010162,,,43.74549743333333,12.393454299999998
2025-02-03,0.0,9580,21.47446823120117,,,,20.055116653442383,,,29.81396500333333,23.69171225
2025-02-19,1.0,8720,18.373348236083984,,,,32.565555572509766,,,10.3825143396,2.6209825538
2025-02-21,3.0,9240,35.17228698730469,,,,64.28397369384766,,,21.894784417333334,16.97399685
2025-02-22,3.0,11700,72.03338623046875,,,,101.41014099121094,,,21.4226608617,15.7178223981
2025-02-23,3.0,25600,94.48396301269533,,,,119.20914459228516,,,18.112383306700004,12.5427193331
2025-02-24,2.0,26500,90.73551940917967,,,,114.19450378417967,,,15.136212370533334,8.4145969831
2025-02-25,2.0,23500,80.05696868896484,,,,72.39643096923828,,,24.774650346166663,12.290334085
2025-03-04,0.0,13100,16.851871490478516,,,,10.866145133972168,,,34.47632042388333,20.86877735
2025-03-05,0.0,13000,17.911209106445312,,,,9.210715293884276,,,27.34606954621666,23.52380085
2025-03-07,0.0,11600,1.3409693241119385,,,,15.692118644714355,,,32.93253095,24.8236818
2025-03-08,1.0,11300,11.386767387390137,,,,35.96822738647461,,,36.027523955445005,24.0121195
2025-03-09,1.0,11300,32.4305419921875,,,,47.479339599609375,,,43.32198195711167,32.3475153
2025-03-21,0.0,11800,45.38359069824219,,,,59.368446350097656,,,20.728839216666664,16.017446
2025-03-23,3.0,12600,89.1267318725586,,,,96.17769622802734,,,14.5398190325,9.04975999
2025-03-24,3.0,27600,96.81292724609376,,,,93.24701690673828,,,14.108397875833331,6.590144670000001
2025-03-25,3.0,36300,89.93596649169922,,,,53.34394836425781,,,15.444459004166664,3.30903427
2025-03-26,1.0,34100,41.22076797485352,,,,17.631004333496094,,,16.109954055833335,3.0247119175
2025-03-27,1.0,35500,23.486644744873047,,,,20.665191650390625,,,14.9399904275,3.0018205825
2025-03-28,1.0,32600,34.58433151245117,,,,29.593849182128903,,,15.569424671,6.6669296325000005
2025-04-02,0.0,16400,16.483129501342773,,,,,,,12.055805012,4.812734505
2025-04-04,0.0,14500,2.497010469436645,,,,,,,14.220216903,7.481042934
2025-04-08,0.0,21900,57.10401153564453,,,,,,,10.141940972183331,6.500580246849999
2025-04-10,1.0,19200,36.26700210571289,,,,,,,15.2109180404,11.975999246849998
2025-04-19,0.0,13900,0.4831718206405639,,,,,,,9.10057174817,6.40576976
2025-04-20,0.0,13200,11.705536842346191,,,,,,,14.349013186503331,11.815014075
2025-04-22,0.0,12600,14.091309547424316,,,,,,,15.625518556166666,15.30899445
2025-04-25,0.0,12300,0.0833486020565033,,,,,,,9.205624741833333,6.65002395
2025-05-05,0.0,14900,1.2629221677780151,,,,,,,12.536467644999998,8.622139835
2025-05-16,0.0,12800,11.075145721435549,,,,,,,5.9596039370666665,3.44262609
2025-05-17,0.0,12400,15.289934158325195,,,,,,,6.4899260754,4.09125878
2025-05-19,1.0,13400,36.61697769165039,,,,,,,8.841580584956667,2.99952163
2025-05-20,0.0,14800,36.731483459472656,,,,,,,6.742634898123335,1.996385425
2025-05-22,0.0,13500,9.919669151306152,,,,,,,4.124382807,1.97644195
2025-05-30,1.0,20800,2.893691062927246,,,,,,,9.798903541833331,8.274960105
2025-05-31,1.0,19000,7.046541690826416,,,,,,,10.670646907833332,10.58475002
2025-06-05,0.0,16300,0.1435472071170807,,,,,,,4.3692351695,0.5893752375000001
2025-06-06,0.0,17600,0.140407919883728,,,,,,,7.892002791666667,4.511681645
2025-06-09,0.0,21100,0.0,,,,,,,5.101468238333332,2.00391645
2025-06-22,0.0,10600,13.646854400634766,,,,,,,25.28655330866667,4.0281958735
2025-06-24,0.0,10600,0.0285458266735076,,,,,,,14.934388162166668,0.3891947994999999
2025-06-30,0.0,11500,0.0,,,,,,,5.124081260016666,1.677400285
2025-07-08,2.0,11200,0.03689881041646,,,,,,,6.555922182166666,3.300144765
2025-07-09,2.0,10500,5.188046455383301,,,,,,,4.8205539445,2.621743625
2025-07-10,0.0,10400,5.247683525085449,,,,,,,6.480639523666667,2.3243117625
2025-07-13,1.0,9660,0.0326666645705699,,,,,,,14.978511636166669,0.1359371009999999
2025-07-14,1.0,10300,0.1165118888020515,,,,,,,14.3243203775,0.0728430935
2025-07-21,0.0,8080,10.752559661865234,,,,,,,2.6342502215000003,0.156574245
2025-07-31,0.0,8300,0.3765000104904175,,,,,,,3.7906869793333335,0.4094018299999999
2025-08-09,1.0,6760,0.3024483919143677,,,,,,,1.9971397380166669,0.02547638905
2025-08-10,1.0,6670,0.0,,,,,,,8.27972504635,0.06087494405
2025-08-14,3.0,7100,6.223438262939453,,,,,,,1.7620924233333333,0.11097781
2025-08-15,3.0,8760,59.59770202636719,,,,,,,5.804728474,0.075627831
2025-08-16,3.0,15100,63.22400665283203,,,,,,,6.820584598,0.024760268
2025-08-22,0.0,7150,0.0,,,,,,,7.844662073699999,0.3713634685
2025-08-23,0.0,6940,0.0,,,,,,,3.402739115033333,0.1846775725
2025-08-31,0.0,6360,0.0,,,,,,,3.881471151900001,1.7951688492
2025-09-01,0.0,6320,0.0006706349086016,,,,,,,0.8191484887833332,0.1133805748499999
2025-09-02,0.0,6380,0.0006706349086016,,,,,,,1.9026898389166669,0.11086223175
2025-09-16,0.0,8530,8.438334465026855,,,,,,,2.051164608,0.042865569
2025-09-18,0.0,6840,0.0420416668057441,,,,,,,7.6920603786666675,1.604819616
2025-09-20,1.0,6610,5.13901424407959,,,,,,,8.959325613333334,5.2889467450000005
2025-09-21,1.0,6820,19.590389251708984,,,,,,,8.763015282666666,7.443883395
2025-09-26,3.0,6820,1.278557062149048,,,,,,,4.3031559287766665,0.95040023133
2025-09-27,3.0,6690,1.706235647201538,,,,,,,4.74966949311,2.63160313133
2025-09-28,3.0,7060,1.5607892274856567,,,,,,,4.177043521,2.63122645
2025-09-29,3.0,8220,14.210962295532228,,,,,,,3.891292876,2.441466465
2025-09-30,3.0,8430,19.392658233642575,,,,,,,5.605314115333334,0.5154641799999999
2025-10-01,3.0,8530,30.35360336303711,,,,,,,15.178089043066665,11.31362193
2025-10-02,3.0,8540,17.765522003173828,,,,,,,22.810740158066665,12.376852695
2025-10-10,0.0,8030,3.60420298576355,,,,,,,32.9435648174,12.405114407
2025-10-11,0.0,8130,15.200966835021973,,,,,,,30.489751211566663,11.791408132
2025-10-13,0.0,7900,29.789949417114254,,,,,,,8.4917563,0.30079122
2025-10-18,1.0,6890,36.72523498535156,,,,,,,35.10694808633333,23.48380095
2025-10-19,1.0,8530,76.04367065429688,,,,,,,23.85395033483333,10.2056316935
2025-10-23,2.0,8110,3.312110185623169,,,,,,,24.490575508916663,6.492702195000001
2025-10-24,2.0,8300,50.57904052734375,,,,,,,17.911759328666665,1.644206865
2025-10-28,2.0,12300,53.365970611572266,,,,,,,18.94970611666667,16.5377597
2025-10-29,2.0,16000,40.85765838623047,,,,,,,13.131875253333334,10.90518735
2025-10-31,3.0,13400,43.431400299072266,,,,,,,19.062685666666667,14.7208399
2025-11-01,3.0,23900,83.61595153808594,,,,,,,22.628337266666662,17.56164285
2025-11-04,4.0,17500,9.755850791931152,,,,,,,27.968057743333333,19.00863592
2025-11-05,4.0,15400,45.96538543701172,,,,,,,31.43773910033333,23.93743592
2025-11-06,4.0,23700,91.19110107421876,,,,,,,33.278645860333334,15.60697642
2025-11-07,4.0,32800,97.2937469482422,,,,,,,32.001962792,19.74444873
2025-11-09,2.0,19400,13.277721405029297,,,,,,,24.233232978333334,19.49359283
2025-11-10,2.0,18000,19.24618911743164,,,,,,,23.81214564,15.79876149
2025-11-12,2.0,17000,23.423206329345703,,,,,,,17.594635266433333,3.1177327393
2025-11-13,2.0,17200,60.37723159790039,,,,,,,20.260416308966665,4.2188873743
2025-11-14,1.0,39800,111.38314819335938,,,,,,,25.3197319542,9.94568206
2025-11-22,1.0,17800,15.461627006530762,,,,,,,39.609030897,16.8520541
2025-11-23,1.0,17600,30.818679809570312,,,,,,,36.659767091333336,15.54185542
2025-12-04,2.0,13600,19.03336334228516,,,,,,,48.69967931666667,48.67435965
2025-12-05,2.0,14400,56.781097412109375,,,,,,,40.0710087,34.15630865
2025-12-06,2.0,26000,85.23844909667969,,,,,,,39.53829461666667,35.484233499999995
2025-12-08,3.0,34600,131.76495361328125,,,,,,,33.622378645,28.3304796
2025-12-09,4.0,54100,127.51437377929688,,,,,,,34.32369686166666,24.7105386
2025-12-10,4.0,62000,237.4680633544922,,,,,,,31.23989093883333,22.0386771
2025-12-11,4.0,102000,180.9656219482422,,,,,,,30.84499521883333,24.94654355
2025-12-12,4.0,112000,162.53192138671875,,,,,,,32.177999602166665,31.19179005
2025-12-13,4.0,82400,28.407739639282227,,,,,,,34.37010605333333,33.4120075
2025-12-14,4.0,69000,23.25354385375977,,,,,,,32.245197868333335,28.816985335
2025-12-15,4.0,62100,76.40313720703125,,,,,,,27.24169445633333,19.118995785
2025-12-16,1.0,73600,135.40701293945312,,,,,,,16.226597985216667,10.06068769165
2025-12-17,1.0,78700,142.06008911132812,,,,,,,14.564568394706669,8.03808892012
2025-12-18,1.0,68600,111.4165267944336,,,,,,,11.754710348373331,5.71415992012
2025-12-19,1.0,59000,71.24160766601562,,,,,,,14.050981312823334,7.06676731347
2025-12-21,0.0,45800,61.73912048339844,,,,,,,22.138616808116662,12.448609485000002
2025-12-30,0.0,21800,2.759021520614624,,,,,,,28.63398605,20.71994935
